yc_id,name,yc_slug,batch,status,website,yc_profile_url,roster_source,historical_only,link_status,evidence,crunchbase_slug,crunchbase_url,invalid_source_value
31118,/dev/fast,devfast,Winter 2026,Active,https://dev.fast,https://www.ycombinator.com/companies/devfast,yc_oss_current,false,unverified_candidate,yc_slug_inference,devfast,https://www.crunchbase.com/organization/devfast,
29798,&AI,ai-2,Summer 2024,Active,https://www.tryandai.com/,https://www.ycombinator.com/companies/ai-2,yc_oss_current,false,unverified_candidate,yc_slug_inference,ai-2,https://www.crunchbase.com/organization/ai-2,
192,1000Memories,1000memories,Summer 2010,Acquired,http://ancestry.com,https://www.ycombinator.com/companies/1000memories,yc_oss_current,false,unverified_candidate,yc_slug_inference,1000memories,https://www.crunchbase.com/organization/1000memories,
26861,100x,100x,Summer 2022,Active,https://100x.bot?utm_source=inbound&utm_medium=bookface&utm_campaign=yc&utm_id=122,https://www.ycombinator.com/companies/100x,yc_oss_current,false,unverified_candidate,yc_slug_inference,100x,https://www.crunchbase.com/organization/100x,
31098,10x Science,10x-science,Winter 2026,Active,https://10xscience.com,https://www.ycombinator.com/companies/10x-science,yc_oss_current,false,unverified_candidate,yc_slug_inference,10x-science,https://www.crunchbase.com/organization/10x-science,
29733,1849 bio,1849-bio,Summer 2024,Active,https://www.1849.bio,https://www.ycombinator.com/companies/1849-bio,yc_oss_current,false,unverified_candidate,yc_slug_inference,1849-bio,https://www.crunchbase.com/organization/1849-bio,
12286,1910,1910,Winter 2019,Active,http://1910.ai,https://www.ycombinator.com/companies/1910,yc_oss_current,false,unverified_candidate,yc_slug_inference,1910,https://www.crunchbase.com/organization/1910,
27906,1stCollab,1stcollab,Winter 2023,Active,https://1stcollab.com/,https://www.ycombinator.com/companies/1stcollab,yc_oss_current,false,unverified_candidate,yc_slug_inference,1stcollab,https://www.crunchbase.com/organization/1stcollab,
31123,21st,21st,Winter 2026,Active,https://21st.dev,https://www.ycombinator.com/companies/21st,yc_oss_current,false,unverified_candidate,yc_slug_inference,21st,https://www.crunchbase.com/organization/21st,
27925,222,222,Winter 2023,Active,https://222.place,https://www.ycombinator.com/companies/222,yc_oss_current,false,unverified_candidate,yc_slug_inference,222,https://www.crunchbase.com/organization/222,
742,3dot,3dot,Winter 2015,Inactive,http://3dot.com,https://www.ycombinator.com/companies/3dot,yc_oss_current,false,unverified_candidate,yc_slug_inference,3dot,https://www.crunchbase.com/organization/3dot,
1939,64x Bio,64x-bio,Summer 2018,Active,http://www.64xbio.com,https://www.ycombinator.com/companies/64x-bio,yc_oss_current,false,unverified_candidate,yc_slug_inference,64x-bio,https://www.crunchbase.com/organization/64x-bio,
32552,6thSense,6thsense,Summer 2026,Active,https://6thsense.dev,https://www.ycombinator.com/companies/6thsense,yc_oss_current,false,unverified_candidate,yc_slug_inference,6thsense,https://www.crunchbase.com/organization/6thsense,
33056,83 Sciences,83-sciences,Summer 2026,Active,https://83sciences.ai,https://www.ycombinator.com/companies/83-sciences,yc_oss_current,false,unverified_candidate,yc_slug_inference,83-sciences,https://www.crunchbase.com/organization/83-sciences,
31193,9 Mothers,9-mothers-corporation,Spring 2026,Active,https://9mothers.com,https://www.ycombinator.com/companies/9-mothers-corporation,yc_oss_current,false,unverified_candidate,yc_slug_inference,9-mothers-corporation,https://www.crunchbase.com/organization/9-mothers-corporation,
30223,a0.dev,a0-dev,Winter 2025,Active,https://a0.dev,https://www.ycombinator.com/companies/a0-dev,yc_oss_current,false,unverified_candidate,yc_slug_inference,a0-dev,https://www.crunchbase.com/organization/a0-dev,
30221,A1Zap by A1Base,a1zap-by-a1base,Winter 2025,Active,https://www.a1zap.com/,https://www.ycombinator.com/companies/a1zap-by-a1base,yc_oss_current,false,unverified_candidate,yc_slug_inference,a1zap-by-a1base,https://www.crunchbase.com/organization/a1zap-by-a1base,
1796,Aalo,aalo,Winter 2018,Inactive,http://www.aalo.co,https://www.ycombinator.com/companies/aalo,yc_oss_current,false,unverified_candidate,yc_slug_inference,aalo,https://www.crunchbase.com/organization/aalo,
24726,Abatable,abatable,Summer 2021,Active,https://www.abatable.com,https://www.ycombinator.com/companies/abatable,yc_oss_current,false,unverified_candidate,yc_slug_inference,abatable,https://www.crunchbase.com/organization/abatable,
29391,Abel,abel,Winter 2024,Inactive,https://www.tryabel.com,https://www.ycombinator.com/companies/abel,yc_oss_current,false,unverified_candidate,yc_slug_inference,abel,https://www.crunchbase.com/organization/abel,
29558,Abel Police,abel-police,Summer 2024,Active,http://abelpolice.com,https://www.ycombinator.com/companies/abel-police,yc_oss_current,false,unverified_candidate,yc_slug_inference,abel-police,https://www.crunchbase.com/organization/abel-police,
31484,AbInitio Bio,abinitio-bio,Spring 2026,Active,https://www.abinitio-bio.com,https://www.ycombinator.com/companies/abinitio-bio,yc_oss_current,false,unverified_candidate,yc_slug_inference,abinitio-bio,https://www.crunchbase.com/organization/abinitio-bio,
13340,Able,able,Winter 2020,Acquired,https://ablejobs.co/,https://www.ycombinator.com/companies/able,yc_oss_current,false,unverified_candidate,yc_slug_inference,able,https://www.crunchbase.com/organization/able,
30958,Absurd,absurd,Fall 2025,Active,https://absurd.com/,https://www.ycombinator.com/companies/absurd,yc_oss_current,false,unverified_candidate,yc_slug_inference,absurd,https://www.crunchbase.com/organization/absurd,
30078,Abundant,abundant,Fall 2024,Active,https://www.abundant.ai/,https://www.ycombinator.com/companies/abundant,yc_oss_current,false,unverified_candidate,yc_slug_inference,abundant,https://www.crunchbase.com/organization/abundant,
28786,Accend,accend,Summer 2023,Active,https://www.withaccend.com/,https://www.ycombinator.com/companies/accend,yc_oss_current,false,unverified_candidate,yc_slug_inference,accend,https://www.crunchbase.com/organization/accend,
27258,AccessOwl,accessowl,Summer 2022,Active,https://www.accessowl.io/,https://www.ycombinator.com/companies/accessowl,yc_oss_current,false,unverified_candidate,yc_slug_inference,accessowl,https://www.crunchbase.com/organization/accessowl,
13058,Accord,accord,Winter 2020,Active,https://inaccord.com,https://www.ycombinator.com/companies/accord,yc_oss_current,false,unverified_candidate,yc_slug_inference,accord,https://www.crunchbase.com/organization/accord,
30427,Acolite,acolite,Spring 2025,Active,https://acolite.ai,https://www.ycombinator.com/companies/acolite,yc_oss_current,false,unverified_candidate,yc_slug_inference,acolite,https://www.crunchbase.com/organization/acolite,
30606,Acrely,acrely,Summer 2025,Active,https://www.acrely.ai,https://www.ycombinator.com/companies/acrely,yc_oss_current,false,unverified_candidate,yc_slug_inference,acrely,https://www.crunchbase.com/organization/acrely,
12591,Actiondesk,actiondesk,Summer 2019,Acquired,https://www.actiondesk.io/,https://www.ycombinator.com/companies/actiondesk,yc_oss_current,false,unverified_candidate,yc_slug_inference,actiondesk,https://www.crunchbase.com/organization/actiondesk,
25330,Actipulse Neuroscience,actipulse-neuroscience,Winter 2022,Active,http://www.actipulseneuroscience.com,https://www.ycombinator.com/companies/actipulse-neuroscience,yc_oss_current,false,unverified_candidate,yc_slug_inference,actipulse-neuroscience,https://www.crunchbase.com/organization/actipulse-neuroscience,
29406,ACX,acx,Summer 2024,Active,https://www.acxtherapeutics.com/,https://www.ycombinator.com/companies/acx,yc_oss_current,false,unverified_candidate,yc_slug_inference,acx,https://www.crunchbase.com/organization/acx,
30234,Adam,adam,Winter 2025,Active,https://adam.new/,https://www.ycombinator.com/companies/adam,yc_oss_current,false,unverified_candidate,yc_slug_inference,adam,https://www.crunchbase.com/organization/adam,
29443,Adapted,adapted,Winter 2024,Active,https://adapted.app,https://www.ycombinator.com/companies/adapted,yc_oss_current,false,unverified_candidate,yc_slug_inference,adapted,https://www.crunchbase.com/organization/adapted,
30596,Adaptional,adaptional,Summer 2025,Active,https://www.adaptional.com/,https://www.ycombinator.com/companies/adaptional,yc_oss_current,false,unverified_candidate,yc_slug_inference,adaptional,https://www.crunchbase.com/organization/adaptional,
24505,Adaptyv,adaptyv,Summer 2021,Active,https://www.adaptyvbio.com/,https://www.ycombinator.com/companies/adaptyv,yc_oss_current,false,unverified_candidate,yc_slug_inference,adaptyv,https://www.crunchbase.com/organization/adaptyv,
30529,Adentris,adentris,Spring 2025,Active,https://www.adentris.com,https://www.ycombinator.com/companies/adentris,yc_oss_current,false,unverified_candidate,yc_slug_inference,adentris,https://www.crunchbase.com/organization/adentris,
31434,Adialante,adialante,Spring 2026,Active,http://www.adialante.com,https://www.ycombinator.com/companies/adialante,yc_oss_current,false,unverified_candidate,yc_slug_inference,adialante,https://www.crunchbase.com/organization/adialante,
12656,Adla,adla,Summer 2019,Inactive,http://tryadla.com,https://www.ycombinator.com/companies/adla,yc_oss_current,false,unverified_candidate,yc_slug_inference,adla,https://www.crunchbase.com/organization/adla,
24571,Adni,adni,Summer 2021,Active,https://www.adni.co/,https://www.ycombinator.com/companies/adni,yc_oss_current,false,unverified_candidate,yc_slug_inference,adni,https://www.crunchbase.com/organization/adni,
24819,Adravision,adravision,Summer 2021,Active,https://www.adra.ai,https://www.ycombinator.com/companies/adravision,yc_oss_current,false,unverified_candidate,yc_slug_inference,adravision,https://www.crunchbase.com/organization/adravision,
28367,Adri AI,adri-ai,Winter 2023,Active,https://www.getadri.ai/,https://www.ycombinator.com/companies/adri-ai,yc_oss_current,false,unverified_candidate,yc_slug_inference,adri-ai,https://www.crunchbase.com/organization/adri-ai,
31043,Advanced Metal Research,advanced-metal-research,Spring 2026,Active,https://advancedmetalresearch.com/,https://www.ycombinator.com/companies/advanced-metal-research,yc_oss_current,false,unverified_candidate,yc_slug_inference,advanced-metal-research,https://www.crunchbase.com/organization/advanced-metal-research,
28158,Adventris Pharmaceuticals,adventris-pharmaceuticals,Winter 2023,Active,https://adventris.com,https://www.ycombinator.com/companies/adventris-pharmaceuticals,yc_oss_current,false,unverified_candidate,yc_slug_inference,adventris-pharmaceuticals,https://www.crunchbase.com/organization/adventris-pharmaceuticals,
13413,adyn,adyn,Summer 2020,Active,https://adyn.com,https://www.ycombinator.com/companies/adyn,yc_oss_current,false,unverified_candidate,yc_slug_inference,adyn,https://www.crunchbase.com/organization/adyn,
1593,Aecore,x3-builders,Summer 2017,Active,https://www.aecore.com,https://www.ycombinator.com/companies/x3-builders,yc_oss_current,false,unverified_candidate,yc_slug_inference,x3-builders,https://www.crunchbase.com/organization/x3-builders,
29358,Aedilic,aedilic,Winter 2024,Inactive,https://www.nonescape.com,https://www.ycombinator.com/companies/aedilic,yc_oss_current,false,unverified_candidate,yc_slug_inference,aedilic,https://www.crunchbase.com/organization/aedilic,
30557,Aegis,aegis,Spring 2025,Active,https://aegishealth.us/,https://www.ycombinator.com/companies/aegis,yc_oss_current,false,unverified_candidate,yc_slug_inference,aegis,https://www.crunchbase.com/organization/aegis,
1503,Aella,aella,Winter 2017,Active,http://www.aellaapp.com,https://www.ycombinator.com/companies/aella,yc_oss_current,false,unverified_candidate,yc_slug_inference,aella,https://www.crunchbase.com/organization/aella,
31138,Aemon,aemon,Winter 2026,Active,https://aemon.ai/,https://www.ycombinator.com/companies/aemon,yc_oss_current,false,unverified_candidate,yc_slug_inference,aemon,https://www.crunchbase.com/organization/aemon,
24587,Aer,aer,Summer 2021,Acquired,https://www.aercompliance.com/,https://www.ycombinator.com/companies/aer,yc_oss_current,false,unverified_candidate,yc_slug_inference,aer,https://www.crunchbase.com/organization/aer,
32584,Aerogen Systems,aerogen-systems,Summer 2026,Active,https://www.aerogensystems.com/,https://www.ycombinator.com/companies/aerogen-systems,yc_oss_current,false,unverified_candidate,yc_slug_inference,aerogen-systems,https://www.crunchbase.com/organization/aerogen-systems,
29972,Affil.ai,affil-ai,Summer 2024,Active,https://affil.ai/,https://www.ycombinator.com/companies/affil-ai,yc_oss_current,false,unverified_candidate,yc_slug_inference,affil-ai,https://www.crunchbase.com/organization/affil-ai,
29106,Affinity,affinity,Summer 2023,Active,https://itsaffinity.com,https://www.ycombinator.com/companies/affinity,yc_oss_current,false,unverified_candidate,yc_slug_inference,affinity,https://www.crunchbase.com/organization/affinity,
24040,Affogato AI,affogato-ai,Summer 2021,Active,https://affogato.ai,https://www.ycombinator.com/companies/affogato-ai,yc_oss_current,false,unverified_candidate,yc_slug_inference,affogato-ai,https://www.crunchbase.com/organization/affogato-ai,
22152,Afriex,afriex,Summer 2020,Active,https://www.afriexapp.com,https://www.ycombinator.com/companies/afriex,yc_oss_current,false,unverified_candidate,yc_slug_inference,afriex,https://www.crunchbase.com/organization/afriex,
29383,Aftercare,aftercare,Winter 2024,Active,https://getaftercare.com,https://www.ycombinator.com/companies/aftercare,yc_oss_current,false,unverified_candidate,yc_slug_inference,aftercare,https://www.crunchbase.com/organization/aftercare,
30037,Afternoon.co,afternoon-co,Fall 2024,Active,https://afternoon.co,https://www.ycombinator.com/companies/afternoon-co,yc_oss_current,false,unverified_candidate,yc_slug_inference,afternoon-co,https://www.crunchbase.com/organization/afternoon-co,
30303,AfterQuery,afterquery,Winter 2025,Active,https://afterquery.com,https://www.ycombinator.com/companies/afterquery,yc_oss_current,false,unverified_candidate,yc_slug_inference,afterquery,https://www.crunchbase.com/organization/afterquery,
23845,Agapé,agape,Summer 2021,Active,https://www.getdailyagape.com,https://www.ycombinator.com/companies/agape,yc_oss_current,false,unverified_candidate,yc_slug_inference,agape,https://www.crunchbase.com/organization/agape,
25696,Agency,agency,Winter 2022,Active,https://GetAgency.com,https://www.ycombinator.com/companies/agency,yc_oss_current,false,unverified_candidate,yc_slug_inference,agency,https://www.crunchbase.com/organization/agency,
32518,Agency Tool Company,agency-tool-company,Summer 2026,Active,https://agencytool.com,https://www.ycombinator.com/companies/agency-tool-company,yc_oss_current,false,unverified_candidate,yc_slug_inference,agency-tool-company,https://www.crunchbase.com/organization/agency-tool-company,
33250,Agent FM,agent-fm,Summer 2026,Active,https://www.agentfm.ai/,https://www.ycombinator.com/companies/agent-fm,yc_oss_current,false,unverified_candidate,yc_slug_inference,agent-fm,https://www.crunchbase.com/organization/agent-fm,
33018,Agentcard,agentcard,Summer 2026,Active,https://agentcard.sh,https://www.ycombinator.com/companies/agentcard,yc_oss_current,false,unverified_candidate,yc_slug_inference,agentcard,https://www.crunchbase.com/organization/agentcard,
30906,Agentic Fabriq,agentic-fabriq,Winter 2026,Active,https://www.agenticfabriq.com,https://www.ycombinator.com/companies/agentic-fabriq,yc_oss_current,false,unverified_candidate,yc_slug_inference,agentic-fabriq,https://www.crunchbase.com/organization/agentic-fabriq,
29275,Agentic Labs,agentic-labs-2,Winter 2024,Active,https://agenticlabs.com,https://www.ycombinator.com/companies/agentic-labs-2,yc_oss_current,false,unverified_candidate,yc_slug_inference,agentic-labs-2,https://www.crunchbase.com/organization/agentic-labs-2,
25543,Agentnoon,agentnoon,Winter 2022,Active,https://agentnoon.com,https://www.ycombinator.com/companies/agentnoon,yc_oss_current,false,unverified_candidate,yc_slug_inference,agentnoon,https://www.crunchbase.com/organization/agentnoon,
31524,AgentPhone,agentphone,Spring 2026,Active,https://agentphone.ai/,https://www.ycombinator.com/companies/agentphone,yc_oss_current,false,unverified_candidate,yc_slug_inference,agentphone,https://www.crunchbase.com/organization/agentphone,
28933,Aglide,aglide,Summer 2023,Active,https://aglide.com,https://www.ycombinator.com/companies/aglide,yc_oss_current,false,unverified_candidate,yc_slug_inference,aglide,https://www.crunchbase.com/organization/aglide,
33019,Agnost AI,agnost-ai,Summer 2026,Active,https://agnost.ai,https://www.ycombinator.com/companies/agnost-ai,yc_oss_current,false,unverified_candidate,yc_slug_inference,agnost-ai,https://www.crunchbase.com/organization/agnost-ai,
24871,Ahazou,ahazou,Summer 2021,Active,https://ahazou.com,https://www.ycombinator.com/companies/ahazou,yc_oss_current,false,unverified_candidate,yc_slug_inference,ahazou,https://www.crunchbase.com/organization/ahazou,
24256,AI Tech Packs,ai-tech-packs,Summer 2021,Active,https://aitechpacks.com,https://www.ycombinator.com/companies/ai-tech-packs,yc_oss_current,false,unverified_candidate,yc_slug_inference,ai-tech-packs,https://www.crunchbase.com/organization/ai-tech-packs,
22151,AI.Fashion,ai-fashion,Summer 2020,Inactive,https://www.ai.fashion,https://www.ycombinator.com/companies/ai-fashion,yc_oss_current,false,unverified_candidate,yc_slug_inference,ai-fashion,https://www.crunchbase.com/organization/ai-fashion,
31442,AICE,aice,Spring 2026,Active,https://aicepower.com,https://www.ycombinator.com/companies/aice,yc_oss_current,false,unverified_candidate,yc_slug_inference,aice,https://www.crunchbase.com/organization/aice,
29272,Aidy,aidy,Winter 2024,Active,https://www.aidyhq.com/,https://www.ycombinator.com/companies/aidy,yc_oss_current,false,unverified_candidate,yc_slug_inference,aidy,https://www.crunchbase.com/organization/aidy,
27086,AiPrise,aiprise,Summer 2022,Active,https://aiprise.com/,https://www.ycombinator.com/companies/aiprise,yc_oss_current,false,unverified_candidate,yc_slug_inference,aiprise,https://www.crunchbase.com/organization/aiprise,
30837,AirCaps,aircaps,Fall 2025,Active,https://aircaps.com,https://www.ycombinator.com/companies/aircaps,yc_oss_current,false,unverified_candidate,yc_slug_inference,aircaps,https://www.crunchbase.com/organization/aircaps,
28827,Airgoods,airgoods,Summer 2023,Active,https://airgoods.com/,https://www.ycombinator.com/companies/airgoods,yc_oss_current,false,unverified_candidate,yc_slug_inference,airgoods,https://www.crunchbase.com/organization/airgoods,
26880,Airhart Aeronautics,airhart-aeronautics,Summer 2022,Active,https://www.airhartaero.com/,https://www.ycombinator.com/companies/airhart-aeronautics,yc_oss_current,false,unverified_candidate,yc_slug_inference,airhart-aeronautics,https://www.crunchbase.com/organization/airhart-aeronautics,
26120,AirMyne,airmyne,Winter 2022,Active,http://www.airmyne.com,https://www.ycombinator.com/companies/airmyne,yc_oss_current,false,unverified_candidate,yc_slug_inference,airmyne,https://www.crunchbase.com/organization/airmyne,
26666,Airtrain AI,airtrain-ai,Summer 2022,Inactive,https://airtrain.ai,https://www.ycombinator.com/companies/airtrain-ai,yc_oss_current,false,unverified_candidate,yc_slug_inference,airtrain-ai,https://www.crunchbase.com/organization/airtrain-ai,
30549,Airweave,airweave,Spring 2025,Active,https://airweave.ai,https://www.ycombinator.com/companies/airweave,yc_oss_current,false,unverified_candidate,yc_slug_inference,airweave,https://www.crunchbase.com/organization/airweave,
29110,AiSDR,aisdr,Summer 2023,Active,https://aisdr.com/,https://www.ycombinator.com/companies/aisdr,yc_oss_current,false,unverified_candidate,yc_slug_inference,aisdr,https://www.crunchbase.com/organization/aisdr,
26253,AiSupervision,aisupervision,Winter 2022,Inactive,https://www.aisupervision.com,https://www.ycombinator.com/companies/aisupervision,yc_oss_current,false,unverified_candidate,yc_slug_inference,aisupervision,https://www.crunchbase.com/organization/aisupervision,
28792,AIVideo.com,aivideo-com,Summer 2023,Active,https://aivideo.com,https://www.ycombinator.com/companies/aivideo-com,yc_oss_current,false,unverified_candidate,yc_slug_inference,aivideo-com,https://www.crunchbase.com/organization/aivideo-com,
22077,Akiflow,akiflow,Summer 2020,Active,https://akiflow.com,https://www.ycombinator.com/companies/akiflow,yc_oss_current,false,unverified_candidate,yc_slug_inference,akiflow,https://www.crunchbase.com/organization/akiflow,
31576,Akkari,akkari,Spring 2026,Active,https://akkari.io/,https://www.ycombinator.com/companies/akkari,yc_oss_current,false,unverified_candidate,yc_slug_inference,akkari,https://www.crunchbase.com/organization/akkari,
25723,Aklimate,aklimate,Winter 2022,Inactive,https://www.getaklimate.com/,https://www.ycombinator.com/companies/aklimate,yc_oss_current,false,unverified_candidate,yc_slug_inference,aklimate,https://www.crunchbase.com/organization/aklimate,
32619,Akon Labs,akon-labs,Summer 2026,Active,https://akonlabs.com,https://www.ycombinator.com/companies/akon-labs,yc_oss_current,false,unverified_candidate,yc_slug_inference,akon-labs,https://www.crunchbase.com/organization/akon-labs,
32621,Aktoria Robotics,aktoria-robotics,Summer 2026,Active,https://aktoria.com/,https://www.ycombinator.com/companies/aktoria-robotics,yc_oss_current,false,unverified_candidate,yc_slug_inference,aktoria-robotics,https://www.crunchbase.com/organization/aktoria-robotics,
24042,Akudo,akudo,Summer 2021,Inactive,https://www.akudo.in/,https://www.ycombinator.com/companies/akudo,yc_oss_current,false,unverified_candidate,yc_slug_inference,akudo,https://www.crunchbase.com/organization/akudo,
29420,Alai,alai,Winter 2024,Active,https://getalai.com,https://www.ycombinator.com/companies/alai,yc_oss_current,false,unverified_candidate,yc_slug_inference,alai,https://www.crunchbase.com/organization/alai,
30727,Alara,alara,Summer 2025,Active,http://alaradental.com,https://www.ycombinator.com/companies/alara,yc_oss_current,false,unverified_candidate,yc_slug_inference,alara,https://www.crunchbase.com/organization/alara,
30704,Albacore Inc.,albacore-inc,Summer 2025,Active,https://www.albacore.inc,https://www.ycombinator.com/companies/albacore-inc,yc_oss_current,false,unverified_candidate,yc_slug_inference,albacore-inc,https://www.crunchbase.com/organization/albacore-inc,
31444,Alchemize,alchemize,Spring 2026,Active,https://tryalchemize.com,https://www.ycombinator.com/companies/alchemize,yc_oss_current,false,unverified_candidate,yc_slug_inference,alchemize,https://www.crunchbase.com/organization/alchemize,
691,Alchemy,alchemy,Summer 2014,Active,http://www.alchemynano.com,https://www.ycombinator.com/companies/alchemy,yc_oss_current,false,unverified_candidate,yc_slug_inference,alchemy,https://www.crunchbase.com/organization/alchemy,
27249,Aldara,aldara,Summer 2022,Active,https://aldara.com,https://www.ycombinator.com/companies/aldara,yc_oss_current,false,unverified_candidate,yc_slug_inference,aldara,https://www.crunchbase.com/organization/aldara,
30910,Aleph Lab,aleph-lab,Fall 2025,Active,http://alephlab.ai/,https://www.ycombinator.com/companies/aleph-lab,yc_oss_current,false,unverified_candidate,yc_slug_inference,aleph-lab,https://www.crunchbase.com/organization/aleph-lab,
29263,Alex,alex-com,Winter 2024,Active,https://alex.com,https://www.ycombinator.com/companies/alex-com,yc_oss_current,false,unverified_candidate,yc_slug_inference,alex-com,https://www.crunchbase.com/organization/alex-com,
30100,Alex,alex,Fall 2024,Active,https://alexcodes.app,https://www.ycombinator.com/companies/alex,yc_oss_current,false,unverified_candidate,yc_slug_inference,alex,https://www.crunchbase.com/organization/alex,
25271,Alfie,alfie,Winter 2022,Acquired,http://www.joinalfie.com,https://www.ycombinator.com/companies/alfie,yc_oss_current,false,unverified_candidate,yc_slug_inference,alfie,https://www.crunchbase.com/organization/alfie,
13705,Algen Biotechnologies,algen-biotechnologies,Winter 2020,Active,https://www.algenbio.com/,https://www.ycombinator.com/companies/algen-biotechnologies,yc_oss_current,false,unverified_candidate,yc_slug_inference,algen-biotechnologies,https://www.crunchbase.com/organization/algen-biotechnologies,
24600,Algofi,algofi,Summer 2021,Inactive,https://algofi.org,https://www.ycombinator.com/companies/algofi,yc_oss_current,false,unverified_candidate,yc_slug_inference,algofi,https://www.crunchbase.com/organization/algofi,
24094,AlgoUniversity,algouniversity,Summer 2021,Active,http://algouniversity.com/,https://www.ycombinator.com/companies/algouniversity,yc_oss_current,false,unverified_candidate,yc_slug_inference,algouniversity,https://www.crunchbase.com/organization/algouniversity,
30197,Alice.tech,alice-tech,Winter 2025,Active,https://www.alice.tech/,https://www.ycombinator.com/companies/alice-tech,yc_oss_current,false,unverified_candidate,yc_slug_inference,alice-tech,https://www.crunchbase.com/organization/alice-tech,
1421,Alieo Games,,IK12,Inactive,http://www.alieogames.com/,,radema_historical,true,unverified_candidate,company_name_inference,alieo-games,https://www.crunchbase.com/organization/alieo-games,
25449,Alixia,alixia,Winter 2022,Active,http://www.alixia.com,https://www.ycombinator.com/companies/alixia,yc_oss_current,false,unverified_candidate,yc_slug_inference,alixia,https://www.crunchbase.com/organization/alixia,
30498,Alkali,alkali,Spring 2025,Active,https://alkali.engineering,https://www.ycombinator.com/companies/alkali,yc_oss_current,false,unverified_candidate,yc_slug_inference,alkali,https://www.crunchbase.com/organization/alkali,
32262,Alkera AI,alkera-ai,Summer 2026,Active,https://alkera.ai,https://www.ycombinator.com/companies/alkera-ai,yc_oss_current,false,unverified_candidate,yc_slug_inference,alkera-ai,https://www.crunchbase.com/organization/alkera-ai,
33441,Allia Health,allia-health,Summer 2026,Active,https://allia.health/,https://www.ycombinator.com/companies/allia-health,yc_oss_current,false,unverified_candidate,yc_slug_inference,allia-health,https://www.crunchbase.com/organization/allia-health,
32204,Alloovium,alloovium,Summer 2026,Active,https://www.alloovium.com/en,https://www.ycombinator.com/companies/alloovium,yc_oss_current,false,unverified_candidate,yc_slug_inference,alloovium,https://www.crunchbase.com/organization/alloovium,
31447,Allowance,allowance,Spring 2026,Active,https://useallowance.com/,https://www.ycombinator.com/companies/allowance,yc_oss_current,false,unverified_candidate,yc_slug_inference,allowance,https://www.crunchbase.com/organization/allowance,
23630,Alltruists,alltruists,Winter 2021,Inactive,http://www.alltruists.com,https://www.ycombinator.com/companies/alltruists,yc_oss_current,false,unverified_candidate,yc_slug_inference,alltruists,https://www.crunchbase.com/organization/alltruists,
30895,Allus AI,allus-ai,Fall 2025,Active,https://allus.ai,https://www.ycombinator.com/companies/allus-ai,yc_oss_current,false,unverified_candidate,yc_slug_inference,allus-ai,https://www.crunchbase.com/organization/allus-ai,
26681,Alma,alma,Summer 2022,Inactive,https://www.myalmafi.com,https://www.ycombinator.com/companies/alma,yc_oss_current,false,unverified_candidate,yc_slug_inference,alma,https://www.crunchbase.com/organization/alma,
32588,Almanac,almanac,Summer 2026,Active,https://usealmanac.com,https://www.ycombinator.com/companies/almanac,yc_oss_current,false,unverified_candidate,yc_slug_inference,almanac,https://www.crunchbase.com/organization/almanac,
27159,Almond,almond,Summer 2022,Inactive,https://www.almondobgyn.com/,https://www.ycombinator.com/companies/almond,yc_oss_current,false,unverified_candidate,yc_slug_inference,almond,https://www.crunchbase.com/organization/almond,
30430,Almond,almond-2,Spring 2025,Active,https://almond.bot/,https://www.ycombinator.com/companies/almond-2,yc_oss_current,false,unverified_candidate,yc_slug_inference,almond-2,https://www.crunchbase.com/organization/almond-2,
23315,Alpas,alpas,Winter 2021,Active,https://alpas.ai/,https://www.ycombinator.com/companies/alpas,yc_oss_current,false,unverified_candidate,yc_slug_inference,alpas,https://www.crunchbase.com/organization/alpas,
30435,Alpha Research,alpha-research,Spring 2025,Active,https://alpharesearch.nyc/,https://www.ycombinator.com/companies/alpha-research,yc_oss_current,false,unverified_candidate,yc_slug_inference,alpha-research,https://www.crunchbase.com/organization/alpha-research,
26884,Alphawatch AI,alphawatch-ai,Winter 2023,Active,https://alphawatch.ai,https://www.ycombinator.com/companies/alphawatch-ai,yc_oss_current,false,unverified_candidate,yc_slug_inference,alphawatch-ai,https://www.crunchbase.com/organization/alphawatch-ai,
26769,ALT TEX,alt-tex,Summer 2022,Active,https://thealttex.com/,https://www.ycombinator.com/companies/alt-tex,yc_oss_current,false,unverified_candidate,yc_slug_inference,alt-tex,https://www.crunchbase.com/organization/alt-tex,
30860,Alt-X,alt-x,Winter 2026,Active,https://alt-x.co,https://www.ycombinator.com/companies/alt-x,yc_oss_current,false,unverified_candidate,yc_slug_inference,alt-x,https://www.crunchbase.com/organization/alt-x,
13217,Altay Therapeutics,altay-therapeutics,Winter 2020,Active,http://www.altaytherapeutics.com,https://www.ycombinator.com/companies/altay-therapeutics,yc_oss_current,false,unverified_candidate,yc_slug_inference,altay-therapeutics,https://www.crunchbase.com/organization/altay-therapeutics,
30651,Alter,alter,Summer 2025,Active,https://alterauth.com,https://www.ycombinator.com/companies/alter,yc_oss_current,false,unverified_candidate,yc_slug_inference,alter,https://www.crunchbase.com/organization/alter,
26719,Alterya,alterya,Summer 2022,Acquired,https://www.alterya.dev/,https://www.ycombinator.com/companies/alterya,yc_oss_current,false,unverified_candidate,yc_slug_inference,alterya,https://www.crunchbase.com/organization/alterya,
30222,Altrina,altrina,Winter 2025,Inactive,https://altrina.com,https://www.ycombinator.com/companies/altrina,yc_oss_current,false,unverified_candidate,yc_slug_inference,altrina,https://www.crunchbase.com/organization/altrina,
30738,Altur,altur,Summer 2025,Active,https://altur.io,https://www.ycombinator.com/companies/altur,yc_oss_current,false,unverified_candidate,yc_slug_inference,altur,https://www.crunchbase.com/organization/altur,
13083,Alude,alude,Winter 2020,Active,https://www.alude.com.br/,https://www.ycombinator.com/companies/alude,yc_oss_current,false,unverified_candidate,yc_slug_inference,alude,https://www.crunchbase.com/organization/alude,
25931,Amal Invest,amal-invest,Winter 2022,Active,https://amalinvest.com,https://www.ycombinator.com/companies/amal-invest,yc_oss_current,false,unverified_candidate,yc_slug_inference,amal-invest,https://www.crunchbase.com/organization/amal-invest,
31497,Amboras,amboras,Spring 2026,Active,https://amboras.com,https://www.ycombinator.com/companies/amboras,yc_oss_current,false,unverified_candidate,yc_slug_inference,amboras,https://www.crunchbase.com/organization/amboras,
30362,Ambral,ambral,Summer 2025,Active,https://www.ambral.com/,https://www.ycombinator.com/companies/ambral,yc_oss_current,false,unverified_candidate,yc_slug_inference,ambral,https://www.crunchbase.com/organization/ambral,
30238,Amby Health,amby-health,Winter 2025,Active,https://tryamby.com,https://www.ycombinator.com/companies/amby-health,yc_oss_current,false,unverified_candidate,yc_slug_inference,amby-health,https://www.crunchbase.com/organization/amby-health,
24883,Amenli,amenli,Summer 2021,Active,https://www.amenli.com/,https://www.ycombinator.com/companies/amenli,yc_oss_current,false,unverified_candidate,yc_slug_inference,amenli,https://www.crunchbase.com/organization/amenli,
30992,Amera,amera,Fall 2025,Active,https://amerahealthsolutions.com/,https://www.ycombinator.com/companies/amera,yc_oss_current,false,unverified_candidate,yc_slug_inference,amera,https://www.crunchbase.com/organization/amera,
15,Amiato,amiato,Winter 2012,Acquired,http://noudata.com,https://www.ycombinator.com/companies/amiato,yc_oss_current,false,unverified_candidate,yc_slug_inference,amiato,https://www.crunchbase.com/organization/amiato,
31010,Amika,amika,Fall 2025,Active,https://www.amika.dev/,https://www.ycombinator.com/companies/amika,yc_oss_current,false,unverified_candidate,yc_slug_inference,amika,https://www.crunchbase.com/organization/amika,
25973,amiloz,amiloz,Winter 2022,Active,https://www.beloz.com.mx/,https://www.ycombinator.com/companies/amiloz,yc_oss_current,false,unverified_candidate,yc_slug_inference,amiloz,https://www.crunchbase.com/organization/amiloz,
29694,AminoAnalytica,aminoanalytica,Summer 2024,Active,https://www.aminoanalytica.com,https://www.ycombinator.com/companies/aminoanalytica,yc_oss_current,false,unverified_candidate,yc_slug_inference,aminoanalytica,https://www.crunchbase.com/organization/aminoanalytica,
31557,Amorphic Labs,amorphic-labs,Summer 2026,Active,https://www.agentmuxer.com,https://www.ycombinator.com/companies/amorphic-labs,yc_oss_current,false,unverified_candidate,yc_slug_inference,amorphic-labs,https://www.crunchbase.com/organization/amorphic-labs,
33315,Amulet,amulet,Summer 2026,Active,https://amulet.so/,https://www.ycombinator.com/companies/amulet,yc_oss_current,false,unverified_candidate,yc_slug_inference,amulet,https://www.crunchbase.com/organization/amulet,
30485,Anana,anana,Spring 2025,Active,https://getanana.com,https://www.ycombinator.com/companies/anana,yc_oss_current,false,unverified_candidate,yc_slug_inference,anana,https://www.crunchbase.com/organization/anana,
24034,Ananya Health,ananya-health,Summer 2021,Active,https://www.ananya.health/,https://www.ycombinator.com/companies/ananya-health,yc_oss_current,false,unverified_candidate,yc_slug_inference,ananya-health,https://www.crunchbase.com/organization/ananya-health,
29738,Anara,anara,Summer 2024,Active,https://anara.com,https://www.ycombinator.com/companies/anara,yc_oss_current,false,unverified_candidate,yc_slug_inference,anara,https://www.crunchbase.com/organization/anara,
27049,Anchor,anchor,Summer 2022,Active,https://getanchor.co/,https://www.ycombinator.com/companies/anchor,yc_oss_current,false,unverified_candidate,yc_slug_inference,anchor,https://www.crunchbase.com/organization/anchor,
1046,Anchor Health,anchor-health,Winter 2016,Inactive,http://anchorhealth.com,https://www.ycombinator.com/companies/anchor-health,yc_oss_current,false,unverified_candidate,yc_slug_inference,anchor-health,https://www.crunchbase.com/organization/anchor-health,
31231,Anchorhead,anchorhead,Winter 2026,Active,https://buildwithglue.com,https://www.ycombinator.com/companies/anchorhead,yc_oss_current,false,unverified_candidate,yc_slug_inference,anchorhead,https://www.crunchbase.com/organization/anchorhead,
31411,Andco,andco,Spring 2026,Active,http://www.useandco.com,https://www.ycombinator.com/companies/andco,yc_oss_current,false,unverified_candidate,yc_slug_inference,andco,https://www.crunchbase.com/organization/andco,
29253,Andon Labs,andon-labs,Winter 2024,Active,https://andonlabs.com/,https://www.ycombinator.com/companies/andon-labs,yc_oss_current,false,unverified_candidate,yc_slug_inference,andon-labs,https://www.crunchbase.com/organization/andon-labs,
29008,Andromeda Surgical,andromeda-surgical,Summer 2023,Active,http://www.andromedasurgical.com,https://www.ycombinator.com/companies/andromeda-surgical,yc_oss_current,false,unverified_candidate,yc_slug_inference,andromeda-surgical,https://www.crunchbase.com/organization/andromeda-surgical,
25865,Andson Biotech,andson-biotech,Winter 2022,Active,http://www.andsonbiotech.com,https://www.ycombinator.com/companies/andson-biotech,yc_oss_current,false,unverified_candidate,yc_slug_inference,andson-biotech,https://www.crunchbase.com/organization/andson-biotech,
29386,Andy AI,andy-ai,Winter 2024,Active,https://with-andy.com,https://www.ycombinator.com/companies/andy-ai,yc_oss_current,false,unverified_candidate,yc_slug_inference,andy-ai,https://www.crunchbase.com/organization/andy-ai,
13415,Angle Health,angle-health,Winter 2020,Active,https://www.anglehealth.com,https://www.ycombinator.com/companies/angle-health,yc_oss_current,false,unverified_candidate,yc_slug_inference,angle-health,https://www.crunchbase.com/organization/angle-health,
29532,Ångström AI,angstrom-ai,Summer 2024,Active,https://www.angstrom-ai.com,https://www.ycombinator.com/companies/angstrom-ai,yc_oss_current,false,unverified_candidate,yc_slug_inference,angstrom-ai,https://www.crunchbase.com/organization/angstrom-ai,
22866,Anima,anima,Winter 2021,Active,http://www.animahealth.com,https://www.ycombinator.com/companies/anima,yc_oss_current,false,unverified_candidate,yc_slug_inference,anima,https://www.crunchbase.com/organization/anima,
26021,Anja Health,anja-health,Winter 2022,Acquired,https://anjahealth.com,https://www.ycombinator.com/companies/anja-health,yc_oss_current,false,unverified_candidate,yc_slug_inference,anja-health,https://www.crunchbase.com/organization/anja-health,
25512,Ankr Health,ankr-health,Winter 2022,Active,https://ankr.us,https://www.ycombinator.com/companies/ankr-health,yc_oss_current,false,unverified_candidate,yc_slug_inference,ankr-health,https://www.crunchbase.com/organization/ankr-health,
31485,ANORIA,anoria,Spring 2026,Active,https://www.anoria.com,https://www.ycombinator.com/companies/anoria,yc_oss_current,false,unverified_candidate,yc_slug_inference,anoria,https://www.crunchbase.com/organization/anoria,
1428,Answer.ky,,IK12,Inactive,http://answer.ky/,,radema_historical,true,unverified_candidate,company_name_inference,answer-ky,https://www.crunchbase.com/organization/answer-ky,
225,Answerly,answerly,Winter 2010,Inactive,http://answerly.com,https://www.ycombinator.com/companies/answerly,yc_oss_current,false,unverified_candidate,yc_slug_inference,answerly,https://www.crunchbase.com/organization/answerly,
30890,AnswerThis,answerthis,Fall 2025,Active,https://answerthis.io/,https://www.ycombinator.com/companies/answerthis,yc_oss_current,false,unverified_candidate,yc_slug_inference,answerthis,https://www.crunchbase.com/organization/answerthis,
29713,Anthrogen,anthrogen,Summer 2024,Active,https://anthrogen.com,https://www.ycombinator.com/companies/anthrogen,yc_oss_current,false,unverified_candidate,yc_slug_inference,anthrogen,https://www.crunchbase.com/organization/anthrogen,
30999,Antigen,antigen,Fall 2025,Active,https://antigen.sh/,https://www.ycombinator.com/companies/antigen,yc_oss_current,false,unverified_candidate,yc_slug_inference,antigen,https://www.crunchbase.com/organization/antigen,
36348,antimattr,antimattr,Fall 2026,Active,https://antimattr.one/,https://www.ycombinator.com/companies/antimattr,yc_oss_current,false,unverified_candidate,yc_slug_inference,antimattr,https://www.crunchbase.com/organization/antimattr,
30937,Anto Biosciences,anto-biosciences,Fall 2025,Active,https://www.anto.bio/,https://www.ycombinator.com/companies/anto-biosciences,yc_oss_current,false,unverified_candidate,yc_slug_inference,anto-biosciences,https://www.crunchbase.com/organization/anto-biosciences,
35290,Antropi Robotics,antropi-robotics,Fall 2026,Active,https://www.antropi.world/,https://www.ycombinator.com/companies/antropi-robotics,yc_oss_current,false,unverified_candidate,yc_slug_inference,antropi-robotics,https://www.crunchbase.com/organization/antropi-robotics,
25757,AntWalk,antwalk,Winter 2022,Inactive,https://www.antwalk.com/,https://www.ycombinator.com/companies/antwalk,yc_oss_current,false,unverified_candidate,yc_slug_inference,antwalk,https://www.crunchbase.com/organization/antwalk,
26885,AnythingLLM,anythingllm,Summer 2022,Active,https://anythingllm.com,https://www.ycombinator.com/companies/anythingllm,yc_oss_current,false,unverified_candidate,yc_slug_inference,anythingllm,https://www.crunchbase.com/organization/anythingllm,
23884,AOA Dx,aoa-dx-inc,Summer 2021,Active,https://www.aoadx.com/,https://www.ycombinator.com/companies/aoa-dx-inc,yc_oss_current,false,unverified_candidate,yc_slug_inference,aoa-dx-inc,https://www.crunchbase.com/organization/aoa-dx-inc,
13496,Apartio,apartio,Winter 2020,Inactive,http://www.apartio.com.br,https://www.ycombinator.com/companies/apartio,yc_oss_current,false,unverified_candidate,yc_slug_inference,apartio,https://www.crunchbase.com/organization/apartio,
12532,Apero Health,apero-health,Summer 2019,Active,https://www.aperohealth.com,https://www.ycombinator.com/companies/apero-health,yc_oss_current,false,unverified_candidate,yc_slug_inference,apero-health,https://www.crunchbase.com/organization/apero-health,
24343,Apollo,apollo-2,Summer 2021,Inactive,https://www.withapollo.com/,https://www.ycombinator.com/companies/apollo-2,yc_oss_current,false,unverified_candidate,yc_slug_inference,apollo-2,https://www.crunchbase.com/organization/apollo-2,
25106,Apollo,apollo-3,Winter 2022,Active,https://www.apollofirst.xyz/,https://www.ycombinator.com/companies/apollo-3,yc_oss_current,false,unverified_candidate,yc_slug_inference,apollo-3,https://www.crunchbase.com/organization/apollo-3,
31503,"Apollo Atomics, Inc.",apollo-atomics-inc,Spring 2026,Active,https://apolloatomics.com/,https://www.ycombinator.com/companies/apollo-atomics-inc,yc_oss_current,false,unverified_candidate,yc_slug_inference,apollo-atomics-inc,https://www.crunchbase.com/organization/apollo-atomics-inc,
28960,Apoxy,apoxy,Summer 2023,Active,https://apoxy.dev,https://www.ycombinator.com/companies/apoxy,yc_oss_current,false,unverified_candidate,yc_slug_inference,apoxy,https://www.crunchbase.com/organization/apoxy,
1521,Apozy,apozy,Winter 2017,Active,https://www.apozy.com/,https://www.ycombinator.com/companies/apozy,yc_oss_current,false,unverified_candidate,yc_slug_inference,apozy,https://www.crunchbase.com/organization/apozy,
31298,"Applied Electrodynamics, Inc.",applied-electrodynamics-inc,Summer 2026,Active,https://www.ae-dyn.com/,https://www.ycombinator.com/companies/applied-electrodynamics-inc,yc_oss_current,false,unverified_candidate,yc_slug_inference,applied-electrodynamics-inc,https://www.crunchbase.com/organization/applied-electrodynamics-inc,
26824,Apprecio,,S22,Active,https://apprecio.mx/,,radema_historical,true,unverified_candidate,company_name_inference,apprecio,https://www.crunchbase.com/organization/apprecio,
1922,Apprentice Health,apprentice-health,Summer 2018,Active,https://www.apprenticehealth.com,https://www.ycombinator.com/companies/apprentice-health,yc_oss_current,false,unverified_candidate,yc_slug_inference,apprentice-health,https://www.crunchbase.com/organization/apprentice-health,
31192,Approxima,approxima,Winter 2026,Active,https://approxima.ai,https://www.ycombinator.com/companies/approxima,yc_oss_current,false,unverified_candidate,yc_slug_inference,approxima,https://www.crunchbase.com/organization/approxima,
24096,AppX,appx,Summer 2021,Active,https://appx.co.in,https://www.ycombinator.com/companies/appx,yc_oss_current,false,unverified_candidate,yc_slug_inference,appx,https://www.crunchbase.com/organization/appx,
29571,Apten,apten,Summer 2024,Active,https://www.apten.ai/,https://www.ycombinator.com/companies/apten,yc_oss_current,false,unverified_candidate,yc_slug_inference,apten,https://www.crunchbase.com/organization/apten,
24194,Aqua,aqua,Summer 2021,Active,https://www.investwithaqua.com,https://www.ycombinator.com/companies/aqua,yc_oss_current,false,unverified_candidate,yc_slug_inference,aqua,https://www.crunchbase.com/organization/aqua,
29450,Aqua Voice,aqua-voice,Winter 2024,Active,https://aquavoice.com,https://www.ycombinator.com/companies/aqua-voice,yc_oss_current,false,unverified_candidate,yc_slug_inference,aqua-voice,https://www.crunchbase.com/organization/aqua-voice,
22008,Aquarium Learning,aquarium-learning,Summer 2020,Acquired,https://www.aquariumlearning.com/,https://www.ycombinator.com/companies/aquarium-learning,yc_oss_current,false,unverified_candidate,yc_slug_inference,aquarium-learning,https://www.crunchbase.com/organization/aquarium-learning,
31487,AquaShield,aquashield,Spring 2026,Active,https://aquashieldai.com,https://www.ycombinator.com/companies/aquashield,yc_oss_current,false,unverified_candidate,yc_slug_inference,aquashield,https://www.crunchbase.com/organization/aquashield,
31458,Ara,ara,Spring 2026,Active,https://ara.so,https://www.ycombinator.com/companies/ara,yc_oss_current,false,unverified_candidate,yc_slug_inference,ara,https://www.crunchbase.com/organization/ara,
26813,Aragorn AI,aragorn-ai,Summer 2022,Active,https://www.aragorn.ai,https://www.ycombinator.com/companies/aragorn-ai,yc_oss_current,false,unverified_candidate,yc_slug_inference,aragorn-ai,https://www.crunchbase.com/organization/aragorn-ai,
30403,Aravolta,aravolta,Spring 2025,Active,https://www.aravolta.com/,https://www.ycombinator.com/companies/aravolta,yc_oss_current,false,unverified_candidate,yc_slug_inference,aravolta,https://www.crunchbase.com/organization/aravolta,
32749,Arbital,arbital,Summer 2026,Active,https://www.arbital.xyz,https://www.ycombinator.com/companies/arbital,yc_oss_current,false,unverified_candidate,yc_slug_inference,arbital,https://www.crunchbase.com/organization/arbital,
31054,ARC Prize Foundation,arc-prize-foundation,Winter 2026,Active,https://arcprize.org/,https://www.ycombinator.com/companies/arc-prize-foundation,yc_oss_current,false,unverified_candidate,yc_slug_inference,arc-prize-foundation,https://www.crunchbase.com/organization/arc-prize-foundation,
29464,Arcane,arcane,Winter 2024,Acquired,https://www.rohanmehta.com/,https://www.ycombinator.com/companies/arcane,yc_oss_current,false,unverified_candidate,yc_slug_inference,arcane,https://www.crunchbase.com/organization/arcane,
31216,Archal,archal,Summer 2026,Active,https://www.archal.ai/,https://www.ycombinator.com/companies/archal,yc_oss_current,false,unverified_candidate,yc_slug_inference,archal,https://www.crunchbase.com/organization/archal,
23968,Archbee,archbee,Summer 2021,Active,https://www.archbee.com,https://www.ycombinator.com/companies/archbee,yc_oss_current,false,unverified_candidate,yc_slug_inference,archbee,https://www.crunchbase.com/organization/archbee,
31451,Archer,archer,Spring 2026,Active,https://archermoney.com/,https://www.ycombinator.com/companies/archer,yc_oss_current,false,unverified_candidate,yc_slug_inference,archer,https://www.crunchbase.com/organization/archer,
1847,ArchForm,archform,Winter 2018,Active,http://archform.com,https://www.ycombinator.com/companies/archform,yc_oss_current,false,unverified_candidate,yc_slug_inference,archform,https://www.crunchbase.com/organization/archform,
30045,Archil,archil,Fall 2024,Active,https://archil.com,https://www.ycombinator.com/companies/archil,yc_oss_current,false,unverified_candidate,yc_slug_inference,archil,https://www.crunchbase.com/organization/archil,
30105,ArchiLabs,archilabs,Fall 2024,Active,https://archilabs.ai,https://www.ycombinator.com/companies/archilabs,yc_oss_current,false,unverified_candidate,yc_slug_inference,archilabs,https://www.crunchbase.com/organization/archilabs,
28857,Arcimus,arcimus,Summer 2023,Active,https://www.arcimus.com/,https://www.ycombinator.com/companies/arcimus,yc_oss_current,false,unverified_candidate,yc_slug_inference,arcimus,https://www.crunchbase.com/organization/arcimus,
31552,Arctic Health,arctic-health,Spring 2026,Active,https://arctic.health,https://www.ycombinator.com/companies/arctic-health,yc_oss_current,false,unverified_candidate,yc_slug_inference,arctic-health,https://www.crunchbase.com/organization/arctic-health,
31525,Arden,arden,Spring 2026,Active,https://ardentech.ai/,https://www.ycombinator.com/companies/arden,yc_oss_current,false,unverified_candidate,yc_slug_inference,arden,https://www.crunchbase.com/organization/arden,
31475,Ardent,ardent,Spring 2026,Active,https://tryardent.com,https://www.ycombinator.com/companies/ardent,yc_oss_current,false,unverified_candidate,yc_slug_inference,ardent,https://www.crunchbase.com/organization/ardent,
13114,Ardis AI,ardis-ai,Winter 2020,Inactive,http://www.ardis.ai,https://www.ycombinator.com/companies/ardis-ai,yc_oss_current,false,unverified_candidate,yc_slug_inference,ardis-ai,https://www.crunchbase.com/organization/ardis-ai,
29680,Ares Industries,ares-industries,Summer 2024,Active,https://aresindustries.com,https://www.ycombinator.com/companies/ares-industries,yc_oss_current,false,unverified_candidate,yc_slug_inference,ares-industries,https://www.crunchbase.com/organization/ares-industries,
31413,Arga Labs,arga-labs,Spring 2026,Active,https://www.argalabs.com/,https://www.ycombinator.com/companies/arga-labs,yc_oss_current,false,unverified_candidate,yc_slug_inference,arga-labs,https://www.crunchbase.com/organization/arga-labs,
29813,Argil,argil,Summer 2024,Active,https://www.argil.ai/,https://www.ycombinator.com/companies/argil,yc_oss_current,false,unverified_candidate,yc_slug_inference,argil,https://www.crunchbase.com/organization/argil,
25725,Argo,argo,Winter 2022,Active,https://Argo.LA,https://www.ycombinator.com/companies/argo,yc_oss_current,false,unverified_candidate,yc_slug_inference,argo,https://www.crunchbase.com/organization/argo,
29267,"Argon AI, Inc.",argon-ai-inc,Winter 2024,Active,https://www.argon-ai.com/,https://www.ycombinator.com/companies/argon-ai-inc,yc_oss_current,false,unverified_candidate,yc_slug_inference,argon-ai-inc,https://www.crunchbase.com/organization/argon-ai-inc,
27045,Argovox,argovox,Summer 2022,Inactive,https://www.argovox.com/,https://www.ycombinator.com/companies/argovox,yc_oss_current,false,unverified_candidate,yc_slug_inference,argovox,https://www.crunchbase.com/organization/argovox,
30616,args,args,Summer 2025,Active,https://args.io/,https://www.ycombinator.com/companies/args,yc_oss_current,false,unverified_candidate,yc_slug_inference,args,https://www.crunchbase.com/organization/args,
25937,Argument Computer Corporation,argument-computer-corporation,Winter 2022,Active,https://argument.xyz,https://www.ycombinator.com/companies/argument-computer-corporation,yc_oss_current,false,unverified_candidate,yc_slug_inference,argument-computer-corporation,https://www.crunchbase.com/organization/argument-computer-corporation,
27923,Ariglad,ariglad,Winter 2023,Active,https://www.ariglad.com/,https://www.ycombinator.com/companies/ariglad,yc_oss_current,false,unverified_candidate,yc_slug_inference,ariglad,https://www.crunchbase.com/organization/ariglad,
25737,Arintra,arintra,Winter 2022,Active,https://www.arintra.com/,https://www.ycombinator.com/companies/arintra,yc_oss_current,false,unverified_candidate,yc_slug_inference,arintra,https://www.crunchbase.com/organization/arintra,
21897,Arist,arist,Summer 2020,Active,https://www.arist.co,https://www.ycombinator.com/companies/arist,yc_oss_current,false,unverified_candidate,yc_slug_inference,arist,https://www.crunchbase.com/organization/arist,
22084,Arketa,arketa,Summer 2020,Active,https://arketa.com,https://www.ycombinator.com/companies/arketa,yc_oss_current,false,unverified_candidate,yc_slug_inference,arketa,https://www.crunchbase.com/organization/arketa,
31535,Arlo Industries,arlo-industries,Spring 2026,Active,https://arlo1.com/,https://www.ycombinator.com/companies/arlo-industries,yc_oss_current,false,unverified_candidate,yc_slug_inference,arlo-industries,https://www.crunchbase.com/organization/arlo-industries,
31463,Armature,armature,Spring 2026,Active,https://armature.tech,https://www.ycombinator.com/companies/armature,yc_oss_current,false,unverified_candidate,yc_slug_inference,armature,https://www.crunchbase.com/organization/armature,
22674,arnata,arnata,Winter 2021,Active,https://arnata.com,https://www.ycombinator.com/companies/arnata,yc_oss_current,false,unverified_candidate,yc_slug_inference,arnata,https://www.crunchbase.com/organization/arnata,
25981,Arpari,arpari,Winter 2022,Active,https://www.arpari.com,https://www.ycombinator.com/companies/arpari,yc_oss_current,false,unverified_candidate,yc_slug_inference,arpari,https://www.crunchbase.com/organization/arpari,
12663,Arpeggio Bio,arpeggio-bio,Summer 2019,Active,http://www.arpeggiobio.com,https://www.ycombinator.com/companies/arpeggio-bio,yc_oss_current,false,unverified_candidate,yc_slug_inference,arpeggio-bio,https://www.crunchbase.com/organization/arpeggio-bio,
23537,Arpio,arpio,Winter 2021,Active,https://arpio.io,https://www.ycombinator.com/companies/arpio,yc_oss_current,false,unverified_candidate,yc_slug_inference,arpio,https://www.crunchbase.com/organization/arpio,
23988,ARQ,arq,Summer 2021,Active,https://www.arqfinance.com/,https://www.ycombinator.com/companies/arq,yc_oss_current,false,unverified_candidate,yc_slug_inference,arq,https://www.crunchbase.com/organization/arq,
26736,Array Labs,array-labs,Summer 2022,Active,https://www.arraylabs.io/,https://www.ycombinator.com/companies/array-labs,yc_oss_current,false,unverified_candidate,yc_slug_inference,array-labs,https://www.crunchbase.com/organization/array-labs,
24349,Arrow,arrow,Summer 2021,Active,https://www.arrowcheckout.com/,https://www.ycombinator.com/companies/arrow,yc_oss_current,false,unverified_candidate,yc_slug_inference,arrow,https://www.crunchbase.com/organization/arrow,
27971,Arroyo,arroyo,Winter 2023,Acquired,https://www.arroyo.dev,https://www.ycombinator.com/companies/arroyo,yc_oss_current,false,unverified_candidate,yc_slug_inference,arroyo,https://www.crunchbase.com/organization/arroyo,
27042,Artemis Search,artemis-search,Summer 2022,Active,https://search-artemis.com/,https://www.ycombinator.com/companies/artemis-search,yc_oss_current,false,unverified_candidate,yc_slug_inference,artemis-search,https://www.crunchbase.com/organization/artemis-search,
22249,Artifact,artifact,Summer 2020,Inactive,https://www.heyartifact.com/,https://www.ycombinator.com/companies/artifact,yc_oss_current,false,unverified_candidate,yc_slug_inference,artifact,https://www.crunchbase.com/organization/artifact,
30354,Artifact,artifact-2,Winter 2025,Active,https://www.artifact.engineer/,https://www.ycombinator.com/companies/artifact-2,yc_oss_current,false,unverified_candidate,yc_slug_inference,artifact-2,https://www.crunchbase.com/organization/artifact-2,
30298,Artificial Societies,artificial-societies,Winter 2025,Active,https://societies.io,https://www.ycombinator.com/companies/artificial-societies,yc_oss_current,false,unverified_candidate,yc_slug_inference,artificial-societies,https://www.crunchbase.com/organization/artificial-societies,
23943,Artillery,artillery,Summer 2021,Active,https://www.artillery.io,https://www.ycombinator.com/companies/artillery,yc_oss_current,false,unverified_candidate,yc_slug_inference,artillery,https://www.crunchbase.com/organization/artillery,
29411,Artos,artos,Winter 2024,Active,https://www.artosai.com/,https://www.ycombinator.com/companies/artos,yc_oss_current,false,unverified_candidate,yc_slug_inference,artos,https://www.crunchbase.com/organization/artos,
31511,Arzana,arzana,Spring 2026,Active,https://www.arzana.com/,https://www.ycombinator.com/companies/arzana,yc_oss_current,false,unverified_candidate,yc_slug_inference,arzana,https://www.crunchbase.com/organization/arzana,
31528,Asendia AI,asendia-ai,Spring 2026,Active,https://asendia.ai/,https://www.ycombinator.com/companies/asendia-ai,yc_oss_current,false,unverified_candidate,yc_slug_inference,asendia-ai,https://www.crunchbase.com/organization/asendia-ai,
31465,Aseon Labs,aseon-labs,Spring 2026,Active,https://www.aseonlabs.com/,https://www.ycombinator.com/companies/aseon-labs,yc_oss_current,false,unverified_candidate,yc_slug_inference,aseon-labs,https://www.crunchbase.com/organization/aseon-labs,
30131,Asha Health,asha-health,Fall 2024,Active,https://asha.health,https://www.ycombinator.com/companies/asha-health,yc_oss_current,false,unverified_candidate,yc_slug_inference,asha-health,https://www.crunchbase.com/organization/asha-health,
12035,Ashby,ashby,Winter 2019,Active,https://www.ashbyhq.com,https://www.ycombinator.com/companies/ashby,yc_oss_current,false,unverified_candidate,yc_slug_inference,ashby,https://www.crunchbase.com/organization/ashby,
12861,Asher Bio,asher-bio,Summer 2019,Active,https://www.asherbio.com/,https://www.ycombinator.com/companies/asher-bio,yc_oss_current,false,unverified_candidate,yc_slug_inference,asher-bio,https://www.crunchbase.com/organization/asher-bio,
31139,Ashr,ashr,Winter 2026,Active,https://ashr.io,https://www.ycombinator.com/companies/ashr,yc_oss_current,false,unverified_candidate,yc_slug_inference,ashr,https://www.crunchbase.com/organization/ashr,
30943,Aside,aside,Fall 2025,Active,https://aside.com,https://www.ycombinator.com/companies/aside,yc_oss_current,false,unverified_candidate,yc_slug_inference,aside,https://www.crunchbase.com/organization/aside,
24497,aSim,asim,Summer 2021,Active,https://asim.sh/,https://www.ycombinator.com/companies/asim,yc_oss_current,false,unverified_candidate,yc_slug_inference,asim,https://www.crunchbase.com/organization/asim,
31095,Asimov,asimov,Winter 2026,Active,https://tryasimov.ai/,https://www.ycombinator.com/companies/asimov,yc_oss_current,false,unverified_candidate,yc_slug_inference,asimov,https://www.crunchbase.com/organization/asimov,
12857,Aspect,aspect,Summer 2019,Active,https://aspect.app,https://www.ycombinator.com/companies/aspect,yc_oss_current,false,unverified_candidate,yc_slug_inference,aspect,https://www.crunchbase.com/organization/aspect,
30857,Aspect,aspect-inc,Fall 2025,Active,https://aspect.inc,https://www.ycombinator.com/companies/aspect-inc,yc_oss_current,false,unverified_candidate,yc_slug_inference,aspect-inc,https://www.crunchbase.com/organization/aspect-inc,
1834,Aspire,aspire,Winter 2018,Active,https://aspireapp.com,https://www.ycombinator.com/companies/aspire,yc_oss_current,false,unverified_candidate,yc_slug_inference,aspire,https://www.crunchbase.com/organization/aspire,
31184,Assemble,assemble,Summer 2026,Active,https://www.assemble.ai/,https://www.ycombinator.com/companies/assemble,yc_oss_current,false,unverified_candidate,yc_slug_inference,assemble,https://www.crunchbase.com/organization/assemble,
872,Assembly,assembly,Summer 2015,Active,https://asm.co/,https://www.ycombinator.com/companies/assembly,yc_oss_current,false,unverified_candidate,yc_slug_inference,assembly,https://www.crunchbase.com/organization/assembly,
1736,Assembly,assembly-com,Winter 2018,Active,https://www.assembly.com,https://www.ycombinator.com/companies/assembly-com,yc_oss_current,false,unverified_candidate,yc_slug_inference,assembly-com,https://www.crunchbase.com/organization/assembly-com,
1687,AssemblyAI,assemblyai,Summer 2017,Active,https://www.assemblyai.com,https://www.ycombinator.com/companies/assemblyai,yc_oss_current,false,unverified_candidate,yc_slug_inference,assemblyai,https://www.crunchbase.com/organization/assemblyai,
30355,assistant-ui,assistant-ui,Winter 2025,Active,https://assistant-ui.com,https://www.ycombinator.com/companies/assistant-ui,yc_oss_current,false,unverified_candidate,yc_slug_inference,assistant-ui,https://www.crunchbase.com/organization/assistant-ui,
458,Assorted Bits,assorted-bits,Summer 2012,Inactive,http://youthere.com,https://www.ycombinator.com/companies/assorted-bits,yc_oss_current,false,unverified_candidate,yc_slug_inference,assorted-bits,https://www.crunchbase.com/organization/assorted-bits,
24450,Astek Diagnostics,astek-diagnostics-inc,Summer 2021,Active,http://astekdx.com,https://www.ycombinator.com/companies/astek-diagnostics-inc,yc_oss_current,false,unverified_candidate,yc_slug_inference,astek-diagnostics-inc,https://www.crunchbase.com/organization/astek-diagnostics-inc,
31498,Aster,asterlab,Spring 2026,Active,https://www.asterlab.ai/,https://www.ycombinator.com/companies/asterlab,yc_oss_current,false,unverified_candidate,yc_slug_inference,asterlab,https://www.crunchbase.com/organization/asterlab,
30259,Asteroid,asteroid,Winter 2025,Active,https://asteroid.ai,https://www.ycombinator.com/companies/asteroid,yc_oss_current,false,unverified_candidate,yc_slug_inference,asteroid,https://www.crunchbase.com/organization/asteroid,
30614,Astor,astor,Summer 2025,Active,https://astor.app/,https://www.ycombinator.com/companies/astor,yc_oss_current,false,unverified_candidate,yc_slug_inference,astor,https://www.crunchbase.com/organization/astor,
31534,Astraea,astraea,Spring 2026,Active,https://tryastraea.com,https://www.ycombinator.com/companies/astraea,yc_oss_current,false,unverified_candidate,yc_slug_inference,astraea,https://www.crunchbase.com/organization/astraea,
30202,Astro,astro,Winter 2025,Active,https://www.astroenergy.ai/,https://www.ycombinator.com/companies/astro,yc_oss_current,false,unverified_candidate,yc_slug_inference,astro,https://www.crunchbase.com/organization/astro,
29369,Astro Mechanica,astro-mechanica,Winter 2024,Active,https://astromecha.co/,https://www.ycombinator.com/companies/astro-mechanica,yc_oss_current,false,unverified_candidate,yc_slug_inference,astro-mechanica,https://www.crunchbase.com/organization/astro-mechanica,
25262,AstroForge,astroforge,Winter 2022,Active,https://www.astroforge.io/,https://www.ycombinator.com/companies/astroforge,yc_oss_current,false,unverified_candidate,yc_slug_inference,astroforge,https://www.crunchbase.com/organization/astroforge,
30653,Async,withasync,Summer 2026,Active,https://withasync.com,https://www.ycombinator.com/companies/withasync,yc_oss_current,false,unverified_candidate,yc_slug_inference,withasync,https://www.crunchbase.com/organization/withasync,
30268,AthenaHQ,athenahq,Winter 2025,Active,https://www.athenahq.ai,https://www.ycombinator.com/companies/athenahq,yc_oss_current,false,unverified_candidate,yc_slug_inference,athenahq,https://www.crunchbase.com/organization/athenahq,
12300,Atlas,atlas-3,Winter 2019,Active,https://atlascard.com,https://www.ycombinator.com/companies/atlas-3,yc_oss_current,false,unverified_candidate,yc_slug_inference,atlas-3,https://www.crunchbase.com/organization/atlas-3,
24746,Atlas,atlas,Summer 2021,Active,https://atlas.kitchen,https://www.ycombinator.com/companies/atlas,yc_oss_current,false,unverified_candidate,yc_slug_inference,atlas,https://www.crunchbase.com/organization/atlas,
25480,Atlas,atlas-2,Winter 2022,Active,https://atlas.so,https://www.ycombinator.com/companies/atlas-2,yc_oss_current,false,unverified_candidate,yc_slug_inference,atlas-2,https://www.crunchbase.com/organization/atlas-2,
27046,Atlas,atlaswork,Summer 2022,Active,https://atlaswork.ai,https://www.ycombinator.com/companies/atlaswork,yc_oss_current,false,unverified_candidate,yc_slug_inference,atlaswork,https://www.crunchbase.com/organization/atlaswork,
31532,Atlas Discovery,atlas-discovery,Summer 2026,Active,https://atlasdiscovery.bio,https://www.ycombinator.com/companies/atlas-discovery,yc_oss_current,false,unverified_candidate,yc_slug_inference,atlas-discovery,https://www.crunchbase.com/organization/atlas-discovery,
30882,AtlasGrid,atlasgrid,Fall 2025,Active,https://atlasgrid.ai,https://www.ycombinator.com/companies/atlasgrid,yc_oss_current,false,unverified_candidate,yc_slug_inference,atlasgrid,https://www.crunchbase.com/organization/atlasgrid,
31257,Atlia,atlia,Summer 2026,Active,https://www.atlia.com,https://www.ycombinator.com/companies/atlia,yc_oss_current,false,unverified_candidate,yc_slug_inference,atlia,https://www.crunchbase.com/organization/atlia,
30336,Atlog,atlog,Spring 2025,Active,https://atlog.ai,https://www.ycombinator.com/companies/atlog,yc_oss_current,false,unverified_candidate,yc_slug_inference,atlog,https://www.crunchbase.com/organization/atlog,
24055,Atmana,atmana,Summer 2021,Active,https://blockerx.net/,https://www.ycombinator.com/companies/atmana,yc_oss_current,false,unverified_candidate,yc_slug_inference,atmana,https://www.crunchbase.com/organization/atmana,
28214,Atmeto,atmeto,Winter 2023,Active,https://www.atmeto.com,https://www.ycombinator.com/companies/atmeto,yc_oss_current,false,unverified_candidate,yc_slug_inference,atmeto,https://www.crunchbase.com/organization/atmeto,
22307,Atmos,atmos,Summer 2020,Inactive,https://www.buildatmos.com/,https://www.ycombinator.com/companies/atmos,yc_oss_current,false,unverified_candidate,yc_slug_inference,atmos,https://www.crunchbase.com/organization/atmos,
33607,Atomarine,atomarine,Summer 2026,Active,https://atomarine.co,https://www.ycombinator.com/companies/atomarine,yc_oss_current,false,unverified_candidate,yc_slug_inference,atomarine,https://www.crunchbase.com/organization/atomarine,
21915,Atomic,atomic,Summer 2020,Active,https://www.atomicvest.com/,https://www.ycombinator.com/companies/atomic,yc_oss_current,false,unverified_candidate,yc_slug_inference,atomic,https://www.crunchbase.com/organization/atomic,
22627,Atomic Industries,atomic-industries,Winter 2021,Active,http://atomic.industries,https://www.ycombinator.com/companies/atomic-industries,yc_oss_current,false,unverified_candidate,yc_slug_inference,atomic-industries,https://www.crunchbase.com/organization/atomic-industries,
21855,Atomized,atomized,Summer 2020,Inactive,https://atomizedhq.com,https://www.ycombinator.com/companies/atomized,yc_oss_current,false,unverified_candidate,yc_slug_inference,atomized,https://www.crunchbase.com/organization/atomized,
29308,atopile,atopile,Winter 2024,Active,http://atopile.io,https://www.ycombinator.com/companies/atopile,yc_oss_current,false,unverified_candidate,yc_slug_inference,atopile,https://www.crunchbase.com/organization/atopile,
31373,Atrisa,atrisa,Spring 2026,Active,https://atrisa.ai,https://www.ycombinator.com/companies/atrisa,yc_oss_current,false,unverified_candidate,yc_slug_inference,atrisa,https://www.crunchbase.com/organization/atrisa,
25075,Attack Capital,attack-capital,Winter 2022,Active,https://attack.capital/,https://www.ycombinator.com/companies/attack-capital,yc_oss_current,false,unverified_candidate,yc_slug_inference,attack-capital,https://www.crunchbase.com/organization/attack-capital,
25928,Attain,attain,Winter 2022,Active,https://joinattain.com/,https://www.ycombinator.com/companies/attain,yc_oss_current,false,unverified_candidate,yc_slug_inference,attain,https://www.crunchbase.com/organization/attain,
30051,attimet,attimet,Fall 2024,Active,https://attimet.com/,https://www.ycombinator.com/companies/attimet,yc_oss_current,false,unverified_candidate,yc_slug_inference,attimet,https://www.crunchbase.com/organization/attimet,
30449,Attune,attune,Spring 2025,Active,https://attunehq.com,https://www.ycombinator.com/companies/attune,yc_oss_current,false,unverified_candidate,yc_slug_inference,attune,https://www.crunchbase.com/organization/attune,
29315,Attunement,attunement,Winter 2024,Active,http://attunement.ai,https://www.ycombinator.com/companies/attunement,yc_oss_current,false,unverified_candidate,yc_slug_inference,attunement,https://www.crunchbase.com/organization/attunement,
29662,Atum Works,atum-works,Spring 2025,Active,https://atum.works/,https://www.ycombinator.com/companies/atum-works,yc_oss_current,false,unverified_candidate,yc_slug_inference,atum-works,https://www.crunchbase.com/organization/atum-works,
372,Audiobeta,audiobeta,Winter 2006,Inactive,http://audiobeta.com,https://www.ycombinator.com/companies/audiobeta,yc_oss_current,false,unverified_candidate,yc_slug_inference,audiobeta,https://www.crunchbase.com/organization/audiobeta,
12611,AudioFocus,audiofocus,Summer 2019,Inactive,http://audiofocus.io,https://www.ycombinator.com/companies/audiofocus,yc_oss_current,false,unverified_candidate,yc_slug_inference,audiofocus,https://www.crunchbase.com/organization/audiofocus,
32222,Audun,audun,Summer 2026,Active,https://audun.co,https://www.ycombinator.com/companies/audun,yc_oss_current,false,unverified_candidate,yc_slug_inference,audun,https://www.crunchbase.com/organization/audun,
22935,Aurabeat,aurabeat,Winter 2021,Active,https://www.aurabeattech.com/,https://www.ycombinator.com/companies/aurabeat,yc_oss_current,false,unverified_candidate,yc_slug_inference,aurabeat,https://www.crunchbase.com/organization/aurabeat,
26913,Aurelian,aurelian,Summer 2022,Active,https://www.aurelian.com/,https://www.ycombinator.com/companies/aurelian,yc_oss_current,false,unverified_candidate,yc_slug_inference,aurelian,https://www.crunchbase.com/organization/aurelian,
22934,Auricle,auricle,Winter 2021,Active,https://auricle.com,https://www.ycombinator.com/companies/auricle,yc_oss_current,false,unverified_candidate,yc_slug_inference,auricle,https://www.crunchbase.com/organization/auricle,
12047,AuroraQ,auroraq,Winter 2019,Inactive,http://auroraq.com,https://www.ycombinator.com/companies/auroraq,yc_oss_current,false,unverified_candidate,yc_slug_inference,auroraq,https://www.crunchbase.com/organization/auroraq,
31292,Aurorin CAD,aurorin-cad,Winter 2026,Active,https://aurorincad.com,https://www.ycombinator.com/companies/aurorin-cad,yc_oss_current,false,unverified_candidate,yc_slug_inference,aurorin-cad,https://www.crunchbase.com/organization/aurorin-cad,
23531,Authologic,authologic,Winter 2021,Active,https://authologic.com,https://www.ycombinator.com/companies/authologic,yc_oss_current,false,unverified_candidate,yc_slug_inference,authologic,https://www.crunchbase.com/organization/authologic,
30077,AutoComputer,autocomputer,Fall 2024,Active,https://www.autocomputer.ai/,https://www.ycombinator.com/companies/autocomputer,yc_oss_current,false,unverified_candidate,yc_slug_inference,autocomputer,https://www.crunchbase.com/organization/autocomputer,
28414,Automat,automat,Winter 2023,Active,https://www.runautomat.com/,https://www.ycombinator.com/companies/automat,yc_oss_current,false,unverified_candidate,yc_slug_inference,automat,https://www.crunchbase.com/organization/automat,
30956,Automax.ai,automax-ai,Fall 2025,Active,https://automax.ai,https://www.ycombinator.com/companies/automax-ai,yc_oss_current,false,unverified_candidate,yc_slug_inference,automax-ai,https://www.crunchbase.com/organization/automax-ai,
28998,Automorphic,automorphic,Summer 2023,Active,https://automorphic.ai/,https://www.ycombinator.com/companies/automorphic,yc_oss_current,false,unverified_candidate,yc_slug_inference,automorphic,https://www.crunchbase.com/organization/automorphic,
27164,autone,autone,Summer 2022,Active,https://autone.io,https://www.ycombinator.com/companies/autone,yc_oss_current,false,unverified_candidate,yc_slug_inference,autone,https://www.crunchbase.com/organization/autone,
30591,Autonomous Technologies Group,autonomous-technologies-group,Fall 2025,Active,https://becomeautonomous.com/,https://www.ycombinator.com/companies/autonomous-technologies-group,yc_oss_current,false,unverified_candidate,yc_slug_inference,autonomous-technologies-group,https://www.crunchbase.com/organization/autonomous-technologies-group,
29698,AutoPallet Robotics,autopallet-robotics,Summer 2024,Active,https://autopallet.bot,https://www.ycombinator.com/companies/autopallet-robotics,yc_oss_current,false,unverified_candidate,yc_slug_inference,autopallet-robotics,https://www.crunchbase.com/organization/autopallet-robotics,
23016,AutoProctor,,W21,Active,https://autoproctor.co,,radema_historical,true,unverified_candidate,company_name_inference,autoproctor,https://www.crunchbase.com/organization/autoproctor,
31130,AutoSitu,autositu,Winter 2026,Active,https://autositu.com/,https://www.ycombinator.com/companies/autositu,yc_oss_current,false,unverified_candidate,yc_slug_inference,autositu,https://www.crunchbase.com/organization/autositu,
30408,Autostep,autostep,Spring 2026,Active,https://autostep.ai/,https://www.ycombinator.com/companies/autostep,yc_oss_current,false,unverified_candidate,yc_slug_inference,autostep,https://www.crunchbase.com/organization/autostep,
29136,Autotab,autotab,Summer 2023,Acquired,https://autotab.com,https://www.ycombinator.com/companies/autotab,yc_oss_current,false,unverified_candidate,yc_slug_inference,autotab,https://www.crunchbase.com/organization/autotab,
30086,Autumn,autumn,Summer 2025,Active,https://useautumn.com,https://www.ycombinator.com/companies/autumn,yc_oss_current,false,unverified_candidate,yc_slug_inference,autumn,https://www.crunchbase.com/organization/autumn,
30715,Autumn AI,autumn-ai,Winter 2026,Active,https://autumn.ai,https://www.ycombinator.com/companies/autumn-ai,yc_oss_current,false,unverified_candidate,yc_slug_inference,autumn-ai,https://www.crunchbase.com/organization/autumn-ai,
29753,Autumn Labs,autumn-labs,Summer 2024,Active,https://www.autumnlabs.io/,https://www.ycombinator.com/companies/autumn-labs,yc_oss_current,false,unverified_candidate,yc_slug_inference,autumn-labs,https://www.crunchbase.com/organization/autumn-labs,
31510,Auxos,auxos,Spring 2026,Active,https://www.useauxos.com,https://www.ycombinator.com/companies/auxos,yc_oss_current,false,unverified_candidate,yc_slug_inference,auxos,https://www.crunchbase.com/organization/auxos,
30415,Avallon AI,avallon-ai,Spring 2025,Active,https://www.avallon.ai/,https://www.ycombinator.com/companies/avallon-ai,yc_oss_current,false,unverified_candidate,yc_slug_inference,avallon-ai,https://www.crunchbase.com/organization/avallon-ai,
31530,Avea Robotics,avea-robotics,Spring 2026,Active,https://www.avearobotics.com,https://www.ycombinator.com/companies/avea-robotics,yc_oss_current,false,unverified_candidate,yc_slug_inference,avea-robotics,https://www.crunchbase.com/organization/avea-robotics,
30734,Avelis Health,avelis-health,Summer 2025,Active,https://avelishealth.com,https://www.ycombinator.com/companies/avelis-health,yc_oss_current,false,unverified_candidate,yc_slug_inference,avelis-health,https://www.crunchbase.com/organization/avelis-health,
30799,Avent,avent,Summer 2025,Active,https://www.aventindustrial.com,https://www.ycombinator.com/companies/avent,yc_oss_current,false,unverified_candidate,yc_slug_inference,avent,https://www.crunchbase.com/organization/avent,
22771,Avenue,avenue,Winter 2021,Acquired,https://avenue.app/,https://www.ycombinator.com/companies/avenue,yc_oss_current,false,unverified_candidate,yc_slug_inference,avenue,https://www.crunchbase.com/organization/avenue,
29284,AveryIQ,averyiq,Winter 2024,Active,https://averyiq.com,https://www.ycombinator.com/companies/averyiq,yc_oss_current,false,unverified_candidate,yc_slug_inference,averyiq,https://www.crunchbase.com/organization/averyiq,
24841,Aviator,aviator,Summer 2021,Active,https://aviator.co,https://www.ycombinator.com/companies/aviator,yc_oss_current,false,unverified_candidate,yc_slug_inference,aviator,https://www.crunchbase.com/organization/aviator,
27141,Avina,avina,Summer 2022,Active,https://avina.io,https://www.ycombinator.com/companies/avina,yc_oss_current,false,unverified_candidate,yc_slug_inference,avina,https://www.crunchbase.com/organization/avina,
13477,Avion,avion,Winter 2020,Active,http://www.avion.health,https://www.ycombinator.com/companies/avion,yc_oss_current,false,unverified_candidate,yc_slug_inference,avion,https://www.crunchbase.com/organization/avion,
23515,Avion School,avion-school,Winter 2021,Inactive,https://avionschool.com,https://www.ycombinator.com/companies/avion-school,yc_oss_current,false,unverified_candidate,yc_slug_inference,avion-school,https://www.crunchbase.com/organization/avion-school,
30173,Aviro,aviro,Spring 2025,Active,https://www.aviro.ai/,https://www.ycombinator.com/companies/aviro,yc_oss_current,false,unverified_candidate,yc_slug_inference,aviro,https://www.crunchbase.com/organization/aviro,
22828,Aviron Interactive,aviron-interactive,Winter 2021,Active,https://www.avironactive.com/,https://www.ycombinator.com/companies/aviron-interactive,yc_oss_current,false,unverified_candidate,yc_slug_inference,aviron-interactive,https://www.crunchbase.com/organization/aviron-interactive,
1948,Avo,avo-2,Summer 2018,Inactive,https://www.avonow.com/,https://www.ycombinator.com/companies/avo-2,yc_oss_current,false,unverified_candidate,yc_slug_inference,avo-2,https://www.crunchbase.com/organization/avo-2,
27655,Avoca,avoca,Winter 2023,Active,https://www.avoca.ai/,https://www.ycombinator.com/companies/avoca,yc_oss_current,false,unverified_candidate,yc_slug_inference,avoca,https://www.crunchbase.com/organization/avoca,
33314,Avoca Systems,avoca-systems,Summer 2026,Active,https://avocasystems.com,https://www.ycombinator.com/companies/avoca-systems,yc_oss_current,false,unverified_candidate,yc_slug_inference,avoca-systems,https://www.crunchbase.com/organization/avoca-systems,
22717,Avocado,avocado,Winter 2021,Active,https://avocadopos.com,https://www.ycombinator.com/companies/avocado,yc_oss_current,false,unverified_candidate,yc_slug_inference,avocado,https://www.crunchbase.com/organization/avocado,
31121,Avoice,avoice,Winter 2026,Active,https://avoice.co/,https://www.ycombinator.com/companies/avoice,yc_oss_current,false,unverified_candidate,yc_slug_inference,avoice,https://www.crunchbase.com/organization/avoice,
30019,Avora,avora,Fall 2024,Active,https://www.getavora.ai,https://www.ycombinator.com/companies/avora,yc_oss_current,false,unverified_candidate,yc_slug_inference,avora,https://www.crunchbase.com/organization/avora,
30199,awen,awen,Winter 2025,Active,https://www.awen.ai/,https://www.ycombinator.com/companies/awen,yc_oss_current,false,unverified_candidate,yc_slug_inference,awen,https://www.crunchbase.com/organization/awen,
22078,Awtomic,awtomic,Summer 2020,Active,https://www.awtomic.com,https://www.ycombinator.com/companies/awtomic,yc_oss_current,false,unverified_candidate,yc_slug_inference,awtomic,https://www.crunchbase.com/organization/awtomic,
30353,Axal,axal,Winter 2025,Active,https://www.axal.ai/,https://www.ycombinator.com/companies/axal,yc_oss_current,false,unverified_candidate,yc_slug_inference,axal,https://www.crunchbase.com/organization/axal,
23629,AXAR AI,axar-ai,Winter 2021,Inactive,https://www.timetackle.com/,https://www.ycombinator.com/companies/axar-ai,yc_oss_current,false,unverified_candidate,yc_slug_inference,axar-ai,https://www.crunchbase.com/organization/axar-ai,
33045,Axelrod,axelrod,Summer 2026,Active,https://axelrod.live/,https://www.ycombinator.com/companies/axelrod,yc_oss_current,false,unverified_candidate,yc_slug_inference,axelrod,https://www.crunchbase.com/organization/axelrod,
30996,Axial,axial,Fall 2025,Active,https://axialcompute.com,https://www.ycombinator.com/companies/axial,yc_oss_current,false,unverified_candidate,yc_slug_inference,axial,https://www.crunchbase.com/organization/axial,
30192,Axiom,axiom,Winter 2025,Active,https://axiom.trade,https://www.ycombinator.com/companies/axiom,yc_oss_current,false,unverified_candidate,yc_slug_inference,axiom,https://www.crunchbase.com/organization/axiom,
22742,Axiom.ai,axiom-ai,Winter 2021,Active,https://axiom.ai,https://www.ycombinator.com/companies/axiom-ai,yc_oss_current,false,unverified_candidate,yc_slug_inference,axiom-ai,https://www.crunchbase.com/organization/axiom-ai,
31209,AxionOrbital Space,axionorbital-space,Winter 2026,Active,https://axionorbital.space/,https://www.ycombinator.com/companies/axionorbital-space,yc_oss_current,false,unverified_candidate,yc_slug_inference,axionorbital-space,https://www.crunchbase.com/organization/axionorbital-space,
25607,Axis,axis,Winter 2022,Active,http://axis.xyz,https://www.ycombinator.com/companies/axis,yc_oss_current,false,unverified_candidate,yc_slug_inference,axis,https://www.crunchbase.com/organization/axis,
31092,Axis,axis-2,Winter 2026,Active,https://axisanalysis.com,https://www.ycombinator.com/companies/axis-2,yc_oss_current,false,unverified_candidate,yc_slug_inference,axis-2,https://www.crunchbase.com/organization/axis-2,
23412,Axolo,axolo,Winter 2021,Active,https://axolo.co,https://www.ycombinator.com/companies/axolo,yc_oss_current,false,unverified_candidate,yc_slug_inference,axolo,https://www.crunchbase.com/organization/axolo,
25351,Axross Pte Ltd,axross-pte-ltd,Winter 2022,Active,https://www.axross.co/,https://www.ycombinator.com/companies/axross-pte-ltd,yc_oss_current,false,unverified_candidate,yc_slug_inference,axross-pte-ltd,https://www.crunchbase.com/organization/axross-pte-ltd,
26019,AYC Fund,ayc-fund,Winter 2022,Active,http://www.AYCFund.com/,https://www.ycombinator.com/companies/ayc-fund,yc_oss_current,false,unverified_candidate,yc_slug_inference,ayc-fund,https://www.crunchbase.com/organization/ayc-fund,
29657,Azalea Robotics Corporation,azalea-robotics-corporation,Summer 2024,Active,https://azalearobotics.com/,https://www.ycombinator.com/companies/azalea-robotics-corporation,yc_oss_current,false,unverified_candidate,yc_slug_inference,azalea-robotics-corporation,https://www.crunchbase.com/organization/azalea-robotics-corporation,
30689,b12 Labs,b12-labs,Summer 2025,Active,https://b12-labs.com/,https://www.ycombinator.com/companies/b12-labs,yc_oss_current,false,unverified_candidate,yc_slug_inference,b12-labs,https://www.crunchbase.com/organization/b12-labs,
25596,Bakool,bakool,Winter 2022,Active,https://www.bakool.id,https://www.ycombinator.com/companies/bakool,yc_oss_current,false,unverified_candidate,yc_slug_inference,bakool,https://www.crunchbase.com/organization/bakool,
31236,Balance,getbalance,Winter 2026,Active,https://getbalance.ai,https://www.ycombinator.com/companies/getbalance,yc_oss_current,false,unverified_candidate,yc_slug_inference,getbalance,https://www.crunchbase.com/organization/getbalance,
26749,Ballerine,ballerine,Summer 2022,Active,http://www.ballerine.com,https://www.ycombinator.com/companies/ballerine,yc_oss_current,false,unverified_candidate,yc_slug_inference,ballerine,https://www.crunchbase.com/organization/ballerine,
13485,Bamboo,bamboo,Winter 2020,Active,http://investbamboo.com,https://www.ycombinator.com/companies/bamboo,yc_oss_current,false,unverified_candidate,yc_slug_inference,bamboo,https://www.crunchbase.com/organization/bamboo,
26564,Banabo,banabo,Summer 2022,Active,https://www.banabo.io/,https://www.ycombinator.com/companies/banabo,yc_oss_current,false,unverified_candidate,yc_slug_inference,banabo,https://www.crunchbase.com/organization/banabo,
21771,Bandit ML,bandit-ml,Summer 2020,Acquired,https://www.banditml.com/,https://www.ycombinator.com/companies/bandit-ml,yc_oss_current,false,unverified_candidate,yc_slug_inference,bandit-ml,https://www.crunchbase.com/organization/bandit-ml,
12639,Banner,banner,Summer 2019,Active,https://withbanner.com,https://www.ycombinator.com/companies/banner,yc_oss_current,false,unverified_candidate,yc_slug_inference,banner,https://www.crunchbase.com/organization/banner,
654,Bannerman,bannerman,Summer 2014,Inactive,https://www.bannerman.com,https://www.ycombinator.com/companies/bannerman,yc_oss_current,false,unverified_candidate,yc_slug_inference,bannerman,https://www.crunchbase.com/organization/bannerman,
29277,Basalt,basalt,Winter 2024,Active,https://basalt.space/,https://www.ycombinator.com/companies/basalt,yc_oss_current,false,unverified_candidate,yc_slug_inference,basalt,https://www.crunchbase.com/organization/basalt,
31107,BaseFrame,baseframe,Winter 2026,Active,https://baseframe.co,https://www.ycombinator.com/companies/baseframe,yc_oss_current,false,unverified_candidate,yc_slug_inference,baseframe,https://www.crunchbase.com/organization/baseframe,
29794,Baseline AI,baseline-ai,Summer 2024,Inactive,https://www.baselinetrials.com/,https://www.ycombinator.com/companies/baseline-ai,yc_oss_current,false,unverified_candidate,yc_slug_inference,baseline-ai,https://www.crunchbase.com/organization/baseline-ai,
29451,Basepilot,basepilot,Winter 2024,Active,https://www.basepilot.com/,https://www.ycombinator.com/companies/basepilot,yc_oss_current,false,unverified_candidate,yc_slug_inference,basepilot,https://www.crunchbase.com/organization/basepilot,
28999,Baserun,baserun,Summer 2023,Active,https://baserun.ai,https://www.ycombinator.com/companies/baserun,yc_oss_current,false,unverified_candidate,yc_slug_inference,baserun,https://www.crunchbase.com/organization/baserun,
28841,Baud,baud,Summer 2026,Active,https://baudlabs.ai,https://www.ycombinator.com/companies/baud,yc_oss_current,false,unverified_candidate,yc_slug_inference,baud,https://www.crunchbase.com/organization/baud,
12573,Bayes,bayes,Summer 2019,Acquired,http://bayes.com,https://www.ycombinator.com/companies/bayes,yc_oss_current,false,unverified_candidate,yc_slug_inference,bayes,https://www.crunchbase.com/organization/bayes,
29636,Bayesline,bayesline,Summer 2024,Active,https://bayesline.com,https://www.ycombinator.com/companies/bayesline,yc_oss_current,false,unverified_candidate,yc_slug_inference,bayesline,https://www.crunchbase.com/organization/bayesline,
26331,BBy,bby,Winter 2022,Active,http://www.bbymilk.com,https://www.ycombinator.com/companies/bby,yc_oss_current,false,unverified_candidate,yc_slug_inference,bby,https://www.crunchbase.com/organization/bby,
31109,Beacon Health,beacon-health,Winter 2026,Active,https://www.beaconhealth.ai/,https://www.ycombinator.com/companies/beacon-health,yc_oss_current,false,unverified_candidate,yc_slug_inference,beacon-health,https://www.crunchbase.com/organization/beacon-health,
25575,Beam,beam,Winter 2022,Active,https://beam.cloud,https://www.ycombinator.com/companies/beam,yc_oss_current,false,unverified_candidate,yc_slug_inference,beam,https://www.crunchbase.com/organization/beam,
29758,BeeBettor,beebettor,Summer 2024,Active,https://beebettor.com,https://www.ycombinator.com/companies/beebettor,yc_oss_current,false,unverified_candidate,yc_slug_inference,beebettor,https://www.crunchbase.com/organization/beebettor,
23939,Beeper,beeper,Summer 2021,Acquired,https://beeper.com,https://www.ycombinator.com/companies/beeper,yc_oss_current,false,unverified_candidate,yc_slug_inference,beeper,https://www.crunchbase.com/organization/beeper,
31248,BeeSafe AI,beesafe-ai,Winter 2026,Active,https://beesafe.ai/,https://www.ycombinator.com/companies/beesafe-ai,yc_oss_current,false,unverified_candidate,yc_slug_inference,beesafe-ai,https://www.crunchbase.com/organization/beesafe-ai,
30067,Beglaubigt.de,beglaubigtde,Fall 2024,Active,https://beglaubigt.de/en-us,https://www.ycombinator.com/companies/beglaubigtde,yc_oss_current,false,unverified_candidate,yc_slug_inference,beglaubigtde,https://www.crunchbase.com/organization/beglaubigtde,
13498,BeGo,be-go,Winter 2020,Active,http://www.bego.ai,https://www.ycombinator.com/companies/be-go,yc_oss_current,false,unverified_candidate,yc_slug_inference,be-go,https://www.crunchbase.com/organization/be-go,
30438,Beluga,beluga,Spring 2025,Active,https://www.trybeluga.ai/,https://www.ycombinator.com/companies/beluga,yc_oss_current,false,unverified_candidate,yc_slug_inference,beluga,https://www.crunchbase.com/organization/beluga,
32133,Belvedir,belvedir,Summer 2026,Active,https://belvedir.ai/,https://www.ycombinator.com/companies/belvedir,yc_oss_current,false,unverified_candidate,yc_slug_inference,belvedir,https://www.crunchbase.com/organization/belvedir,
29712,Benchify,benchify,Summer 2024,Active,https://www.benchify.com,https://www.ycombinator.com/companies/benchify,yc_oss_current,false,unverified_candidate,yc_slug_inference,benchify,https://www.crunchbase.com/organization/benchify,
28127,Benchmark,benchmark,Winter 2023,Active,https://withbenchmark.com/,https://www.ycombinator.com/companies/benchmark,yc_oss_current,false,unverified_candidate,yc_slug_inference,benchmark,https://www.crunchbase.com/organization/benchmark,
25728,Benson,benson,Winter 2022,Active,https://www.meetbenson.com/,https://www.ycombinator.com/companies/benson,yc_oss_current,false,unverified_candidate,yc_slug_inference,benson,https://www.crunchbase.com/organization/benson,
21805,Bento,bento,Summer 2020,Inactive,http://trybento.co/,https://www.ycombinator.com/companies/bento,yc_oss_current,false,unverified_candidate,yc_slug_inference,bento,https://www.crunchbase.com/organization/bento,
12250,Bentocart,bentocart,Winter 2019,Active,https://www.bentocart.com,https://www.ycombinator.com/companies/bentocart,yc_oss_current,false,unverified_candidate,yc_slug_inference,bentocart,https://www.crunchbase.com/organization/bentocart,
31423,BentoLabs AI,bentolabs-ai,Spring 2026,Active,https://bentolabs.ai/,https://www.ycombinator.com/companies/bentolabs-ai,yc_oss_current,false,unverified_candidate,yc_slug_inference,bentolabs-ai,https://www.crunchbase.com/organization/bentolabs-ai,
27922,Berilium,berilium,Winter 2023,Active,https://berilium.com/,https://www.ycombinator.com/companies/berilium,datahive_historical,true,unverified_candidate,yc_slug_inference,berilium,https://www.crunchbase.com/organization/berilium,
32161,Bernard,bernard,Summer 2026,Active,https://bernardhq.com/,https://www.ycombinator.com/companies/bernard,yc_oss_current,false,unverified_candidate,yc_slug_inference,bernard,https://www.crunchbase.com/organization/bernard,
28111,Berry,berry,Winter 2023,Active,https://berryai.com/,https://www.ycombinator.com/companies/berry,yc_oss_current,false,unverified_candidate,yc_slug_inference,berry,https://www.crunchbase.com/organization/berry,
30500,Besimple AI,besimple-ai,Spring 2025,Active,https://besimple.ai,https://www.ycombinator.com/companies/besimple-ai,yc_oss_current,false,unverified_candidate,yc_slug_inference,besimple-ai,https://www.crunchbase.com/organization/besimple-ai,
30452,Better Auth,better-auth,Spring 2025,Active,https://better-auth.com/,https://www.ycombinator.com/companies/better-auth,yc_oss_current,false,unverified_candidate,yc_slug_inference,better-auth,https://www.crunchbase.com/organization/better-auth,
29409,BetterBasket,betterbasket,Winter 2024,Active,http://www.betterbasket.com,https://www.ycombinator.com/companies/betterbasket,yc_oss_current,false,unverified_candidate,yc_slug_inference,betterbasket,https://www.crunchbase.com/organization/betterbasket,
26163,beU delivery,beu-delivery,Winter 2022,Active,https://beudelivery.com/,https://www.ycombinator.com/companies/beu-delivery,yc_oss_current,false,unverified_candidate,yc_slug_inference,beu-delivery,https://www.crunchbase.com/organization/beu-delivery,
22718,BeWell Digital,bewell-digital,Winter 2021,Inactive,http://www.bewelldigital.com,https://www.ycombinator.com/companies/bewell-digital,yc_oss_current,false,unverified_candidate,yc_slug_inference,bewell-digital,https://www.crunchbase.com/organization/bewell-digital,
31142,Beyond Reach Labs,beyond-reach-labs,Winter 2026,Active,https://www.beyondreachlabs.com,https://www.ycombinator.com/companies/beyond-reach-labs,yc_oss_current,false,unverified_candidate,yc_slug_inference,beyond-reach-labs,https://www.crunchbase.com/organization/beyond-reach-labs,
30240,Bezel,bezel,Winter 2025,Active,https://www.trybezel.com/,https://www.ycombinator.com/companies/bezel,yc_oss_current,false,unverified_candidate,yc_slug_inference,bezel,https://www.crunchbase.com/organization/bezel,
30620,Bidflow,bidflow,Winter 2026,Active,https://usebidflow.com,https://www.ycombinator.com/companies/bidflow,yc_oss_current,false,unverified_candidate,yc_slug_inference,bidflow,https://www.crunchbase.com/organization/bidflow,
25569,Bifrost,bifrost,Winter 2022,Inactive,https://www.hapi.finance/,https://www.ycombinator.com/companies/bifrost,yc_oss_current,false,unverified_candidate,yc_slug_inference,bifrost,https://www.crunchbase.com/organization/bifrost,
26850,BiggerPicture,biggerpicture,Summer 2022,Active,http://biggerpicture.co,https://www.ycombinator.com/companies/biggerpicture,yc_oss_current,false,unverified_candidate,yc_slug_inference,biggerpicture,https://www.crunchbase.com/organization/biggerpicture,
29373,Bilanc,bilanc,Winter 2024,Active,https://www.bilanc.co,https://www.ycombinator.com/companies/bilanc,yc_oss_current,false,unverified_candidate,yc_slug_inference,bilanc,https://www.crunchbase.com/organization/bilanc,
30177,Bild AI,bild-ai,Winter 2025,Active,https://www.bild.ai,https://www.ycombinator.com/companies/bild-ai,yc_oss_current,false,unverified_candidate,yc_slug_inference,bild-ai,https://www.crunchbase.com/organization/bild-ai,
33606,Billow AI Labs,billow-ai-labs,Summer 2026,Active,https://thebillow.ai/,https://www.ycombinator.com/companies/billow-ai-labs,yc_oss_current,false,unverified_candidate,yc_slug_inference,billow-ai-labs,https://www.crunchbase.com/organization/billow-ai-labs,
22792,Bimaplan,bimaplan,Winter 2021,Active,https://www.bimaplan.co,https://www.ycombinator.com/companies/bimaplan,yc_oss_current,false,unverified_candidate,yc_slug_inference,bimaplan,https://www.crunchbase.com/organization/bimaplan,
30263,Bindwell,bindwell,Winter 2025,Active,https://www.bindwell.ai/,https://www.ycombinator.com/companies/bindwell,yc_oss_current,false,unverified_candidate,yc_slug_inference,bindwell,https://www.crunchbase.com/organization/bindwell,
12711,Binks,binks,Summer 2019,Active,https://getbinks.com/,https://www.ycombinator.com/companies/binks,yc_oss_current,false,unverified_candidate,yc_slug_inference,binks,https://www.crunchbase.com/organization/binks,
29749,Biocartesian,biocartesian,Summer 2024,Active,https://www.biocartesian.com,https://www.ycombinator.com/companies/biocartesian,yc_oss_current,false,unverified_candidate,yc_slug_inference,biocartesian,https://www.crunchbase.com/organization/biocartesian,
21932,Biocogniv,biocogniv,Summer 2020,Acquired,http://biocogniv.com,https://www.ycombinator.com/companies/biocogniv,yc_oss_current,false,unverified_candidate,yc_slug_inference,biocogniv,https://www.crunchbase.com/organization/biocogniv,
23190,Biodock,biodock,Winter 2021,Active,https://www.biodock.ai,https://www.ycombinator.com/companies/biodock,yc_oss_current,false,unverified_candidate,yc_slug_inference,biodock,https://www.crunchbase.com/organization/biodock,
1528,BIOS Health,bios-health,Winter 2017,Active,https://www.bios.health,https://www.ycombinator.com/companies/bios-health,yc_oss_current,false,unverified_candidate,yc_slug_inference,bios-health,https://www.crunchbase.com/organization/bios-health,
31477,BioStack Platforms,biostack-platforms,Spring 2026,Active,https://www.getbiostack.com/,https://www.ycombinator.com/companies/biostack-platforms,yc_oss_current,false,unverified_candidate,yc_slug_inference,biostack-platforms,https://www.crunchbase.com/organization/biostack-platforms,
24799,Birdie,birdie,Summer 2021,Active,https://www.getbirdie.io,https://www.ycombinator.com/companies/birdie,yc_oss_current,false,unverified_candidate,yc_slug_inference,birdie,https://www.crunchbase.com/organization/birdie,
30406,BitBoard,bitboard,Spring 2025,Active,https://bitboard.work,https://www.ycombinator.com/companies/bitboard,yc_oss_current,false,unverified_candidate,yc_slug_inference,bitboard,https://www.crunchbase.com/organization/bitboard,
30558,BitPatrol,bitpatrol,Spring 2025,Acquired,https://www.bitpatrol.io/,https://www.ycombinator.com/companies/bitpatrol,yc_oss_current,false,unverified_candidate,yc_slug_inference,bitpatrol,https://www.crunchbase.com/organization/bitpatrol,
30634,bitrig,bitrig,Summer 2025,Active,https://bitrig.com,https://www.ycombinator.com/companies/bitrig,yc_oss_current,false,unverified_candidate,yc_slug_inference,bitrig,https://www.crunchbase.com/organization/bitrig,
29982,Bits to Atoms,bits-to-atoms,Summer 2024,Active,https://bitstoatoms.com/,https://www.ycombinator.com/companies/bits-to-atoms,yc_oss_current,false,unverified_candidate,yc_slug_inference,bits-to-atoms,https://www.crunchbase.com/organization/bits-to-atoms,
323,BitSample,bitsample,Winter 2008,Inactive,,https://www.ycombinator.com/companies/bitsample,yc_oss_current,false,unverified_candidate,yc_slug_inference,bitsample,https://www.crunchbase.com/organization/bitsample,
32200,Bizmark,bizmark,Summer 2026,Active,https://bizmark.ai,https://www.ycombinator.com/companies/bizmark,yc_oss_current,false,unverified_candidate,yc_slug_inference,bizmark,https://www.crunchbase.com/organization/bizmark,
30792,Bizzy AI,geo-ai,Summer 2025,Active,https://www.usebizzy.com/,https://www.ycombinator.com/companies/geo-ai,yc_oss_current,false,unverified_candidate,yc_slug_inference,geo-ai,https://www.crunchbase.com/organization/geo-ai,
24818,BlackOakTV,blackoaktv,Summer 2021,Inactive,https://blackoak.tv,https://www.ycombinator.com/companies/blackoaktv,yc_oss_current,false,unverified_candidate,yc_slug_inference,blackoaktv,https://www.crunchbase.com/organization/blackoaktv,
29509,Blacksmith,blacksmith,Winter 2024,Active,https://blacksmith.sh/,https://www.ycombinator.com/companies/blacksmith,yc_oss_current,false,unverified_candidate,yc_slug_inference,blacksmith,https://www.crunchbase.com/organization/blacksmith,
28804,Bland AI,bland-ai,Summer 2023,Active,https://bland.com,https://www.ycombinator.com/companies/bland-ai,yc_oss_current,false,unverified_candidate,yc_slug_inference,bland-ai,https://www.crunchbase.com/organization/bland-ai,
30613,Blank Bio,blank-bio,Summer 2025,Active,http://blank.bio/,https://www.ycombinator.com/companies/blank-bio,yc_oss_current,false,unverified_candidate,yc_slug_inference,blank-bio,https://www.crunchbase.com/organization/blank-bio,
30366,Blaxel,blaxel,Spring 2025,Active,https://blaxel.ai,https://www.ycombinator.com/companies/blaxel,yc_oss_current,false,unverified_candidate,yc_slug_inference,blaxel,https://www.crunchbase.com/organization/blaxel,
25354,Blaze,blaze,Winter 2022,Active,https://withblaze.app/,https://www.ycombinator.com/companies/blaze,yc_oss_current,false,unverified_candidate,yc_slug_inference,blaze,https://www.crunchbase.com/organization/blaze,
26778,Blee,blee,Summer 2022,Active,https://www.blee.com,https://www.ycombinator.com/companies/blee,yc_oss_current,false,unverified_candidate,yc_slug_inference,blee,https://www.crunchbase.com/organization/blee,
30363,BlindPay,blindpay,Winter 2025,Active,https://blindpay.com/,https://www.ycombinator.com/companies/blindpay,yc_oss_current,false,unverified_candidate,yc_slug_inference,blindpay,https://www.crunchbase.com/organization/blindpay,
21902,Blissway,blissway,Summer 2020,Active,https://www.blissway.com/,https://www.ycombinator.com/companies/blissway,yc_oss_current,false,unverified_candidate,yc_slug_inference,blissway,https://www.crunchbase.com/organization/blissway,
26717,Blitz,blitz,Summer 2022,Active,https://www.blitznocode.com/,https://www.ycombinator.com/companies/blitz,yc_oss_current,false,unverified_candidate,yc_slug_inference,blitz,https://www.crunchbase.com/organization/blitz,
12045,BlitzIQ,blitziq,Winter 2019,Inactive,http://www.blitziq.com,https://www.ycombinator.com/companies/blitziq,yc_oss_current,false,unverified_candidate,yc_slug_inference,blitziq,https://www.crunchbase.com/organization/blitziq,
25730,Blitzllama,blitzllama,Winter 2022,Acquired,https://www.blitzllama.com/,https://www.ycombinator.com/companies/blitzllama,yc_oss_current,false,unverified_candidate,yc_slug_inference,blitzllama,https://www.crunchbase.com/organization/blitzllama,
23820,Blixo,blixo,Summer 2021,Active,https://blixo.com,https://www.ycombinator.com/companies/blixo,yc_oss_current,false,unverified_candidate,yc_slug_inference,blixo,https://www.crunchbase.com/organization/blixo,
27167,Blockscope,blockscope,Summer 2022,Active,https://www.blockscope.co/,https://www.ycombinator.com/companies/blockscope,yc_oss_current,false,unverified_candidate,yc_slug_inference,blockscope,https://www.crunchbase.com/organization/blockscope,
12865,Blockstamp,blockstamp,Summer 2019,Inactive,https://www.blockstampsf.com/,https://www.ycombinator.com/companies/blockstamp,yc_oss_current,false,unverified_candidate,yc_slug_inference,blockstamp,https://www.crunchbase.com/organization/blockstamp,
13200,Blok,blok,Winter 2020,Inactive,https://blok.fit,https://www.ycombinator.com/companies/blok,yc_oss_current,false,unverified_candidate,yc_slug_inference,blok,https://www.crunchbase.com/organization/blok,
23555,Bloom,bloom-3,Winter 2021,Active,https://bloomapp.com,https://www.ycombinator.com/companies/bloom-3,yc_oss_current,false,unverified_candidate,yc_slug_inference,bloom-3,https://www.crunchbase.com/organization/bloom-3,
30412,Bloom,bloom-4,Spring 2025,Active,https://bloom.diy/,https://www.ycombinator.com/companies/bloom-4,yc_oss_current,false,unverified_candidate,yc_slug_inference,bloom-4,https://www.crunchbase.com/organization/bloom-4,
31293,Bloom,trybloom,Spring 2026,Active,https://trybloom.ai,https://www.ycombinator.com/companies/trybloom,yc_oss_current,false,unverified_candidate,yc_slug_inference,trybloom,https://www.crunchbase.com/organization/trybloom,
1458,BloomAPI,bloomapi,Winter 2017,Active,https://www.bloomtext.com,https://www.ycombinator.com/companies/bloomapi,yc_oss_current,false,unverified_candidate,yc_slug_inference,bloomapi,https://www.crunchbase.com/organization/bloomapi,
32551,Bloomy,bloomy,Summer 2026,Active,https://bloomylearning.com/,https://www.ycombinator.com/companies/bloomy,yc_oss_current,false,unverified_candidate,yc_slug_inference,bloomy,https://www.crunchbase.com/organization/bloomy,
21784,Blue Onion,blue-onion,Summer 2020,Active,https://www.blueonion.ai/,https://www.ycombinator.com/companies/blue-onion,yc_oss_current,false,unverified_candidate,yc_slug_inference,blue-onion,https://www.crunchbase.com/organization/blue-onion,
27834,Bluebirds,bluebirds,Winter 2023,Acquired,https://www.bluebirds.ai,https://www.ycombinator.com/companies/bluebirds,yc_oss_current,false,unverified_candidate,yc_slug_inference,bluebirds,https://www.crunchbase.com/organization/bluebirds,
30334,Bluebook,bluebook,Winter 2025,Active,https://getbluebook.com,https://www.ycombinator.com/companies/bluebook,yc_oss_current,false,unverified_candidate,yc_slug_inference,bluebook,https://www.crunchbase.com/organization/bluebook,
27862,Bluedot,bluedot,Winter 2023,Active,https://thebluedot.co/,https://www.ycombinator.com/companies/bluedot,yc_oss_current,false,unverified_candidate,yc_slug_inference,bluedot,https://www.crunchbase.com/organization/bluedot,
22703,Bluelight,bluelight,Winter 2021,Active,https://usebluelight.com/,https://www.ycombinator.com/companies/bluelight,yc_oss_current,false,unverified_candidate,yc_slug_inference,bluelight,https://www.crunchbase.com/organization/bluelight,
30989,Bluma,bluma,Fall 2025,Active,https://www.getbluma.com,https://www.ycombinator.com/companies/bluma,yc_oss_current,false,unverified_candidate,yc_slug_inference,bluma,https://www.crunchbase.com/organization/bluma,
29307,Blume Benefits,blume-benefits,Winter 2024,Inactive,https://www.blumebenefits.com/,https://www.ycombinator.com/companies/blume-benefits,yc_oss_current,false,unverified_candidate,yc_slug_inference,blume-benefits,https://www.crunchbase.com/organization/blume-benefits,
24082,BLUUMBIO,bluumbio,Summer 2021,Active,http://www.bluumbio.com,https://www.ycombinator.com/companies/bluumbio,yc_oss_current,false,unverified_candidate,yc_slug_inference,bluumbio,https://www.crunchbase.com/organization/bluumbio,
27672,Blyss,blyss,Winter 2023,Inactive,https://blyss.dev/,https://www.ycombinator.com/companies/blyss,yc_oss_current,false,unverified_candidate,yc_slug_inference,blyss,https://www.crunchbase.com/organization/blyss,
30853,Bolna AI,bolna-ai,Fall 2025,Active,https://bolna.ai,https://www.ycombinator.com/companies/bolna-ai,yc_oss_current,false,unverified_candidate,yc_slug_inference,bolna-ai,https://www.crunchbase.com/organization/bolna-ai,
30554,Bond,bond,Spring 2025,Active,https://www.bondapp.io/,https://www.ycombinator.com/companies/bond,yc_oss_current,false,unverified_candidate,yc_slug_inference,bond,https://www.crunchbase.com/organization/bond,
31242,Booko,booko,Winter 2026,Active,https://bookoapp.com,https://www.ycombinator.com/companies/booko,yc_oss_current,false,unverified_candidate,yc_slug_inference,booko,https://www.crunchbase.com/organization/booko,
30982,Boom AI,boom-ai,Fall 2025,Active,https://useboom.ai,https://www.ycombinator.com/companies/boom-ai,yc_oss_current,false,unverified_candidate,yc_slug_inference,boom-ai,https://www.crunchbase.com/organization/boom-ai,
30509,Boost Robotics,boost-robotics,Spring 2025,Active,https://www.boostrobotics.ai,https://www.ycombinator.com/companies/boost-robotics,yc_oss_current,false,unverified_candidate,yc_slug_inference,boost-robotics,https://www.crunchbase.com/organization/boost-robotics,
30675,BootLoop,bootloop,Summer 2025,Active,https://bootloop.ai/,https://www.ycombinator.com/companies/bootloop,yc_oss_current,false,unverified_candidate,yc_slug_inference,bootloop,https://www.crunchbase.com/organization/bootloop,
23121,BotBuilt,botbuilt,Winter 2021,Active,https://www.botbuilt.com,https://www.ycombinator.com/companies/botbuilt,yc_oss_current,false,unverified_candidate,yc_slug_inference,botbuilt,https://www.crunchbase.com/organization/botbuilt,
27140,Boton,boton,Summer 2022,Active,https://www.botonapp.com/,https://www.ycombinator.com/companies/boton,yc_oss_current,false,unverified_candidate,yc_slug_inference,boton,https://www.crunchbase.com/organization/boton,
12654,Bouncer,bouncer,Summer 2019,Acquired,https://www.getbouncer.com/,https://www.ycombinator.com/companies/bouncer,yc_oss_current,false,unverified_candidate,yc_slug_inference,bouncer,https://www.crunchbase.com/organization/bouncer,
27938,Boundary,boundary,Winter 2023,Active,https://www.boundaryml.com,https://www.ycombinator.com/companies/boundary,yc_oss_current,false,unverified_candidate,yc_slug_inference,boundary,https://www.crunchbase.com/organization/boundary,
25685,Boya,boya,Winter 2022,Active,https://boyahq.com/,https://www.ycombinator.com/companies/boya,yc_oss_current,false,unverified_candidate,yc_slug_inference,boya,https://www.crunchbase.com/organization/boya,
25905,Bracket,bracket,Winter 2022,Acquired,https://www.usebracket.com/,https://www.ycombinator.com/companies/bracket,yc_oss_current,false,unverified_candidate,yc_slug_inference,bracket,https://www.crunchbase.com/organization/bracket,
29417,Brainbase Labs,brainbase-labs,Winter 2024,Active,https://brainbaselabs.com,https://www.ycombinator.com/companies/brainbase-labs,yc_oss_current,false,unverified_candidate,yc_slug_inference,brainbase-labs,https://www.crunchbase.com/organization/brainbase-labs,
1359,BrainNook,,IK12,Inactive,http://www.brainnook.com,,radema_historical,true,unverified_candidate,company_name_inference,brainnook,https://www.crunchbase.com/organization/brainnook,
30516,Bramante,bramante,Spring 2025,Active,https://www.bramantebio.com,https://www.ycombinator.com/companies/bramante,yc_oss_current,false,unverified_candidate,yc_slug_inference,bramante,https://www.crunchbase.com/organization/bramante,
28759,Branch AI,branch-ai,Summer 2023,Inactive,https://www.branch-ai.com,https://www.ycombinator.com/companies/branch-ai,yc_oss_current,false,unverified_candidate,yc_slug_inference,branch-ai,https://www.crunchbase.com/organization/branch-ai,
12645,Brave Care,brave-care,Summer 2019,Inactive,http://www.bravecare.com,https://www.ycombinator.com/companies/brave-care,yc_oss_current,false,unverified_candidate,yc_slug_inference,brave-care,https://www.crunchbase.com/organization/brave-care,
30917,Bravi,bravi,Fall 2025,Active,https://www.bravi.app/,https://www.ycombinator.com/companies/bravi,yc_oss_current,false,unverified_candidate,yc_slug_inference,bravi,https://www.crunchbase.com/organization/bravi,
13430,Breathe Well-being,breathe-well-being,Winter 2020,Inactive,http://www.breathewellbeing.in,https://www.ycombinator.com/companies/breathe-well-being,yc_oss_current,false,unverified_candidate,yc_slug_inference,breathe-well-being,https://www.crunchbase.com/organization/breathe-well-being,
24244,Bree,bree,Summer 2021,Active,https://www.trybree.com/,https://www.ycombinator.com/companies/bree,yc_oss_current,false,unverified_candidate,yc_slug_inference,bree,https://www.crunchbase.com/organization/bree,
29281,Breez Labs,breez-labs,Winter 2024,Active,https://www.breezlabs.com/,https://www.ycombinator.com/companies/breez-labs,yc_oss_current,false,unverified_candidate,yc_slug_inference,breez-labs,https://www.crunchbase.com/organization/breez-labs,
28929,Bretton AI,bretton-ai,Summer 2023,Active,https://www.bretton.com/,https://www.ycombinator.com/companies/bretton-ai,yc_oss_current,false,unverified_candidate,yc_slug_inference,bretton-ai,https://www.crunchbase.com/organization/bretton-ai,
22353,Brevy,brevy,Summer 2020,Acquired,https://brevy.com/,https://www.ycombinator.com/companies/brevy,yc_oss_current,false,unverified_candidate,yc_slug_inference,brevy,https://www.crunchbase.com/organization/brevy,
27712,Brewit,brewit,Winter 2023,Acquired,https://brewit.ai/,https://www.ycombinator.com/companies/brewit,yc_oss_current,false,unverified_candidate,yc_slug_inference,brewit,https://www.crunchbase.com/organization/brewit,
11930,Brick Health,brick-health,Winter 2019,Inactive,https://brick.health,https://www.ycombinator.com/companies/brick-health,yc_oss_current,false,unverified_candidate,yc_slug_inference,brick-health,https://www.crunchbase.com/organization/brick-health,
30835,Brickanta,brickanta,Fall 2025,Active,https://www.brickanta.com,https://www.ycombinator.com/companies/brickanta,yc_oss_current,false,unverified_candidate,yc_slug_inference,brickanta,https://www.crunchbase.com/organization/brickanta,
26732,BricksAI,bricksai,Summer 2022,Inactive,https://www.trybricks.ai/,https://www.ycombinator.com/companies/bricksai,yc_oss_current,false,unverified_candidate,yc_slug_inference,bricksai,https://www.crunchbase.com/organization/bricksai,
30847,Brickwise,brickwise,Fall 2025,Active,https://www.brickwiseai.com,https://www.ycombinator.com/companies/brickwise,yc_oss_current,false,unverified_candidate,yc_slug_inference,brickwise,https://www.crunchbase.com/organization/brickwise,
28868,Briefer,briefer,Summer 2023,Inactive,https://briefer.cloud,https://www.ycombinator.com/companies/briefer,yc_oss_current,false,unverified_candidate,yc_slug_inference,briefer,https://www.crunchbase.com/organization/briefer,
29775,Brighterway,brighterway,Summer 2024,Active,https://www.brighterway.ai/,https://www.ycombinator.com/companies/brighterway,yc_oss_current,false,unverified_candidate,yc_slug_inference,brighterway,https://www.crunchbase.com/organization/brighterway,
22612,Bristle,bristle,Winter 2021,Active,https://bristlehealth.com/,https://www.ycombinator.com/companies/bristle,yc_oss_current,false,unverified_candidate,yc_slug_inference,bristle,https://www.crunchbase.com/organization/bristle,
24165,Brite,brite,Summer 2021,Active,https://britebenefits.com/,https://www.ycombinator.com/companies/brite,yc_oss_current,false,unverified_candidate,yc_slug_inference,brite,https://www.crunchbase.com/organization/brite,
23434,Broad,broad,Winter 2021,Active,http://www.broad.app,https://www.ycombinator.com/companies/broad,yc_oss_current,false,unverified_candidate,yc_slug_inference,broad,https://www.crunchbase.com/organization/broad,
25819,Broccoli AI,broccoli-ai,Winter 2022,Active,https://www.broccoli.com/,https://www.ycombinator.com/companies/broccoli-ai,yc_oss_current,false,unverified_candidate,yc_slug_inference,broccoli-ai,https://www.crunchbase.com/organization/broccoli-ai,
30871,Bron,bron,Fall 2025,Active,https://askbron.ai/,https://www.ycombinator.com/companies/bron,yc_oss_current,false,unverified_candidate,yc_slug_inference,bron,https://www.crunchbase.com/organization/bron,
25349,Brown Foods,brown-foods,Winter 2022,Active,https://unrealmilk.com/,https://www.ycombinator.com/companies/brown-foods,yc_oss_current,false,unverified_candidate,yc_slug_inference,brown-foods,https://www.crunchbase.com/organization/brown-foods,
29370,Browser Buddy,browser-buddy,Winter 2024,Acquired,https://www.browserbuddy.com/,https://www.ycombinator.com/companies/browser-buddy,yc_oss_current,false,unverified_candidate,yc_slug_inference,browser-buddy,https://www.crunchbase.com/organization/browser-buddy,
29955,BrowserOS,browseros,Summer 2024,Active,https://BrowserOS.com/,https://www.ycombinator.com/companies/browseros,yc_oss_current,false,unverified_candidate,yc_slug_inference,browseros,https://www.crunchbase.com/organization/browseros,
31285,Brumby (Formerly GrazeMate),brumby,Winter 2026,Active,https://brumby,https://www.ycombinator.com/companies/brumby,yc_oss_current,false,unverified_candidate,yc_slug_inference,brumby,https://www.crunchbase.com/organization/brumby,
31215,Bubble Lab,bubble-lab,Winter 2026,Active,https://bubblelab.ai/,https://www.ycombinator.com/companies/bubble-lab,yc_oss_current,false,unverified_candidate,yc_slug_inference,bubble-lab,https://www.crunchbase.com/organization/bubble-lab,
29847,Bucket Robotics,bucket-robotics,Summer 2024,Active,https://bucket.bot,https://www.ycombinator.com/companies/bucket-robotics,yc_oss_current,false,unverified_candidate,yc_slug_inference,bucket-robotics,https://www.crunchbase.com/organization/bucket-robotics,
30193,Bud,bud,Winter 2025,Active,https://bud.app/,https://www.ycombinator.com/companies/bud,yc_oss_current,false,unverified_candidate,yc_slug_inference,bud,https://www.crunchbase.com/organization/bud,
22791,Bueno Finance,bueno-finance,Winter 2021,Acquired,https://buenofinanceinc.com,https://www.ycombinator.com/companies/bueno-finance,yc_oss_current,false,unverified_candidate,yc_slug_inference,bueno-finance,https://www.crunchbase.com/organization/bueno-finance,
32197,Buildbox,buildbox,Summer 2026,Active,https://heybuildbox.com,https://www.ycombinator.com/companies/buildbox,yc_oss_current,false,unverified_candidate,yc_slug_inference,buildbox,https://www.crunchbase.com/organization/buildbox,
27893,BuildJet,buildjet,Winter 2023,Active,https://buildjet.com,https://www.ycombinator.com/companies/buildjet,yc_oss_current,false,unverified_candidate,yc_slug_inference,buildjet,https://www.crunchbase.com/organization/buildjet,
21956,buildspace,buildspace,Summer 2020,Inactive,https://buildspace.so/,https://www.ycombinator.com/companies/buildspace,yc_oss_current,false,unverified_candidate,yc_slug_inference,buildspace,https://www.crunchbase.com/organization/buildspace,
27841,Bujeti,bujeti,Winter 2023,Active,https://www.bujeti.com,https://www.ycombinator.com/companies/bujeti,yc_oss_current,false,unverified_candidate,yc_slug_inference,bujeti,https://www.crunchbase.com/organization/bujeti,
21863,BukuWarung,bukuwarung,Summer 2020,Active,http://bukuwarung.com/app,https://www.ycombinator.com/companies/bukuwarung,yc_oss_current,false,unverified_candidate,yc_slug_inference,bukuwarung,https://www.crunchbase.com/organization/bukuwarung,
243,Bump,bump,Summer 2009,Acquired,http://bumptechnologies.com,https://www.ycombinator.com/companies/bump,yc_oss_current,false,unverified_candidate,yc_slug_inference,bump,https://www.crunchbase.com/organization/bump,
1701,Bumpline,bumpline,Summer 2017,Inactive,https://bumpline.com/,https://www.ycombinator.com/companies/bumpline,yc_oss_current,false,unverified_candidate,yc_slug_inference,bumpline,https://www.crunchbase.com/organization/bumpline,
12502,Bun,bun,Summer 2019,Acquired,https://bun.sh,https://www.ycombinator.com/companies/bun,yc_oss_current,false,unverified_candidate,yc_slug_inference,bun,https://www.crunchbase.com/organization/bun,
26712,Bunting Labs,bunting-labs,Summer 2022,Active,https://buntinglabs.com,https://www.ycombinator.com/companies/bunting-labs,yc_oss_current,false,unverified_candidate,yc_slug_inference,bunting-labs,https://www.crunchbase.com/organization/bunting-labs,
24589,Buoyant Aero,buoyant-aero,Summer 2021,Active,https://www.buoyant.aero,https://www.ycombinator.com/companies/buoyant-aero,yc_oss_current,false,unverified_candidate,yc_slug_inference,buoyant-aero,https://www.crunchbase.com/organization/buoyant-aero,
24280,Buró de Ingresos,buro-de-ingresos,Summer 2021,Active,https://www.burodeingresos.com/,https://www.ycombinator.com/companies/buro-de-ingresos,yc_oss_current,false,unverified_candidate,yc_slug_inference,buro-de-ingresos,https://www.crunchbase.com/organization/buro-de-ingresos,
31112,Burt,burt,Winter 2026,Active,https://www.burthq.com/,https://www.ycombinator.com/companies/burt,yc_oss_current,false,unverified_candidate,yc_slug_inference,burt,https://www.crunchbase.com/organization/burt,
23371,BusinessOnBot,businessonbot,Winter 2021,Active,https://www.businessonbot.com/,https://www.ycombinator.com/companies/businessonbot,yc_oss_current,false,unverified_candidate,yc_slug_inference,businessonbot,https://www.crunchbase.com/organization/businessonbot,
30335,Butter,butter,Winter 2025,Active,https://butter.dev,https://www.ycombinator.com/companies/butter,yc_oss_current,false,unverified_candidate,yc_slug_inference,butter,https://www.crunchbase.com/organization/butter,
30770,Button Computer,button-computer,Winter 2026,Active,https://buttoncomputer.com,https://www.ycombinator.com/companies/button-computer,yc_oss_current,false,unverified_candidate,yc_slug_inference,button-computer,https://www.crunchbase.com/organization/button-computer,
24025,Buzzle,buzzle,Summer 2021,Inactive,https://buzzle.ai,https://www.ycombinator.com/companies/buzzle,yc_oss_current,false,unverified_candidate,yc_slug_inference,buzzle,https://www.crunchbase.com/organization/buzzle,
30279,Bystreet,bystreet,Winter 2025,Active,http://www.bystreet.com,https://www.ycombinator.com/companies/bystreet,yc_oss_current,false,unverified_candidate,yc_slug_inference,bystreet,https://www.crunchbase.com/organization/bystreet,
22246,Byte,byte,Summer 2020,Inactive,https://web.thebyte.app/en/,https://www.ycombinator.com/companies/byte,yc_oss_current,false,unverified_candidate,yc_slug_inference,byte,https://www.crunchbase.com/organization/byte,
24701,Byte Kitchen,byte-kitchen,Summer 2021,Acquired,https://www.bytekitchen.io/,https://www.ycombinator.com/companies/byte-kitchen,yc_oss_current,false,unverified_candidate,yc_slug_inference,byte-kitchen,https://www.crunchbase.com/organization/byte-kitchen,
24817,Bytebot,bytebot,Summer 2021,Acquired,https://www.bytebot.ai/,https://www.ycombinator.com/companies/bytebot,yc_oss_current,false,unverified_candidate,yc_slug_inference,bytebot,https://www.crunchbase.com/organization/bytebot,
31213,Byteport,byteport,Winter 2026,Active,https://byteport.com/,https://www.ycombinator.com/companies/byteport,yc_oss_current,false,unverified_candidate,yc_slug_inference,byteport,https://www.crunchbase.com/organization/byteport,
24129,Cabal,cabal,Summer 2021,Active,http://getcabal.com,https://www.ycombinator.com/companies/cabal,yc_oss_current,false,unverified_candidate,yc_slug_inference,cabal,https://www.crunchbase.com/organization/cabal,
24867,Cache,cache,Summer 2021,Inactive,http://www.grabcache.com,https://www.ycombinator.com/companies/cache,yc_oss_current,false,unverified_candidate,yc_slug_inference,cache,https://www.crunchbase.com/organization/cache,
30510,Cactus Compute,cactus-compute,Summer 2025,Active,https://www.cactuscompute.com/,https://www.ycombinator.com/companies/cactus-compute,yc_oss_current,false,unverified_candidate,yc_slug_inference,cactus-compute,https://www.crunchbase.com/organization/cactus-compute,
30861,Caddy,caddy,Fall 2025,Active,https://caddy.app/,https://www.ycombinator.com/companies/caddy,yc_oss_current,false,unverified_candidate,yc_slug_inference,caddy,https://www.crunchbase.com/organization/caddy,
13148,Cadence,cadence,Winter 2020,Inactive,https://www.cadencework.com,https://www.ycombinator.com/companies/cadence,yc_oss_current,false,unverified_candidate,yc_slug_inference,cadence,https://www.crunchbase.com/organization/cadence,
24857,Café,cafe,Summer 2021,Active,https://at.cafe,https://www.ycombinator.com/companies/cafe,yc_oss_current,false,unverified_candidate,yc_slug_inference,cafe,https://www.crunchbase.com/organization/cafe,
29088,Cair Health,cair-health,Summer 2023,Active,https://www.cairhealth.com/,https://www.ycombinator.com/companies/cair-health,yc_oss_current,false,unverified_candidate,yc_slug_inference,cair-health,https://www.crunchbase.com/organization/cair-health,
24622,Caire Health,caire-health,Summer 2021,Active,http://cairehealth.com,https://www.ycombinator.com/companies/caire-health,yc_oss_current,false,unverified_candidate,yc_slug_inference,caire-health,https://www.crunchbase.com/organization/caire-health,
1638,Cairns Health,cairns-health,Summer 2017,Active,https://www.cairns.ai,https://www.ycombinator.com/companies/cairns-health,yc_oss_current,false,unverified_candidate,yc_slug_inference,cairns-health,https://www.crunchbase.com/organization/cairns-health,
31170,Cajal,cajal-technologies,Winter 2026,Active,https://caj.al/,https://www.ycombinator.com/companies/cajal-technologies,yc_oss_current,false,unverified_candidate,yc_slug_inference,cajal-technologies,https://www.crunchbase.com/organization/cajal-technologies,
27810,Cakework,cakework,Winter 2023,Inactive,https://www.cakework.com,https://www.ycombinator.com/companies/cakework,yc_oss_current,false,unverified_candidate,yc_slug_inference,cakework,https://www.crunchbase.com/organization/cakework,
31416,Callab AI,callab-ai,Spring 2026,Active,https://callab.ai,https://www.ycombinator.com/companies/callab-ai,yc_oss_current,false,unverified_candidate,yc_slug_inference,callab-ai,https://www.crunchbase.com/organization/callab-ai,
29639,Callback,callback,Summer 2024,Active,https://getcallback.ai,https://www.ycombinator.com/companies/callback,yc_oss_current,false,unverified_candidate,yc_slug_inference,callback,https://www.crunchbase.com/organization/callback,
32288,Callbook AI,callbook-ai,Summer 2026,Active,https://callbook.ai,https://www.ycombinator.com/companies/callbook-ai,yc_oss_current,false,unverified_candidate,yc_slug_inference,callbook-ai,https://www.crunchbase.com/organization/callbook-ai,
30287,Calltree,calltree,Winter 2025,Active,https://calltree.ai,https://www.ycombinator.com/companies/calltree,yc_oss_current,false,unverified_candidate,yc_slug_inference,calltree,https://www.crunchbase.com/organization/calltree,
22829,Camber,camber-2,Winter 2021,Active,https://www.camber.health/,https://www.ycombinator.com/companies/camber-2,yc_oss_current,false,unverified_candidate,yc_slug_inference,camber-2,https://www.crunchbase.com/organization/camber-2,
27248,Cambio,cambio-2,Summer 2022,Active,https://www.cambio.ai/,https://www.ycombinator.com/companies/cambio-2,yc_oss_current,false,unverified_candidate,yc_slug_inference,cambio-2,https://www.crunchbase.com/organization/cambio-2,
29439,camelAI,camelai,Winter 2024,Active,https://camelai.com/,https://www.ycombinator.com/companies/camelai,yc_oss_current,false,unverified_candidate,yc_slug_inference,camelai,https://www.crunchbase.com/organization/camelai,
29688,camfer,camfer,Summer 2024,Active,https://www.camfer.dev/,https://www.ycombinator.com/companies/camfer,yc_oss_current,false,unverified_candidate,yc_slug_inference,camfer,https://www.crunchbase.com/organization/camfer,
23631,Camlist,camelan,Winter 2021,Active,https://www.camlist.com,https://www.ycombinator.com/companies/camelan,yc_oss_current,false,unverified_candidate,yc_slug_inference,camelan,https://www.crunchbase.com/organization/camelan,
23186,Camp,camp,Winter 2021,Active,https://nouns.camp,https://www.ycombinator.com/companies/camp,yc_oss_current,false,unverified_candidate,yc_slug_inference,camp,https://www.crunchbase.com/organization/camp,
28845,Campfire,campfire-2,Summer 2023,Active,https://campfire.ai,https://www.ycombinator.com/companies/campfire-2,yc_oss_current,false,unverified_candidate,yc_slug_inference,campfire-2,https://www.crunchbase.com/organization/campfire-2,
31256,Canary,canary,Winter 2026,Active,https://www.runcanary.ai,https://www.ycombinator.com/companies/canary,yc_oss_current,false,unverified_candidate,yc_slug_inference,canary,https://www.crunchbase.com/organization/canary,
1705,Candidately,candidately,Summer 2017,Active,https://www.candidately.com/,https://www.ycombinator.com/companies/candidately,yc_oss_current,false,unverified_candidate,yc_slug_inference,candidately,https://www.crunchbase.com/organization/candidately,
30178,Candor,candor,Winter 2025,Active,https://www.usecandor.ai,https://www.ycombinator.com/companies/candor,yc_oss_current,false,unverified_candidate,yc_slug_inference,candor,https://www.crunchbase.com/organization/candor,
30273,Candor,candor-security,Winter 2025,Active,https://candor.security/,https://www.ycombinator.com/companies/candor-security,yc_oss_current,false,unverified_candidate,yc_slug_inference,candor-security,https://www.crunchbase.com/organization/candor-security,
28911,CandorIQ,candoriq,Summer 2023,Active,https://www.candoriq.com/,https://www.ycombinator.com/companies/candoriq,yc_oss_current,false,unverified_candidate,yc_slug_inference,candoriq,https://www.crunchbase.com/organization/candoriq,
12642,Canix,canix,Summer 2019,Active,https://www.canix.com/,https://www.ycombinator.com/companies/canix,yc_oss_current,false,unverified_candidate,yc_slug_inference,canix,https://www.crunchbase.com/organization/canix,
24762,Canopi,canopi,Summer 2021,Inactive,https://canopi.cash,https://www.ycombinator.com/companies/canopi,yc_oss_current,false,unverified_candidate,yc_slug_inference,canopi,https://www.crunchbase.com/organization/canopi,
30119,Canvas,canvas,Fall 2024,Active,https://www.canvas.inc/,https://www.ycombinator.com/companies/canvas,yc_oss_current,false,unverified_candidate,yc_slug_inference,canvas,https://www.crunchbase.com/organization/canvas,
30428,Capacitive,capacitive,Spring 2025,Active,https://capacitive.ai/,https://www.ycombinator.com/companies/capacitive,yc_oss_current,false,unverified_candidate,yc_slug_inference,capacitive,https://www.crunchbase.com/organization/capacitive,
28842,Capi Money,capi-money,Summer 2023,Active,https://www.capimoney.com,https://www.ycombinator.com/companies/capi-money,yc_oss_current,false,unverified_candidate,yc_slug_inference,capi-money,https://www.crunchbase.com/organization/capi-money,
29963,Capitol AI,capitol-ai,Summer 2024,Active,https://www.capitol.ai/,https://www.ycombinator.com/companies/capitol-ai,yc_oss_current,false,unverified_candidate,yc_slug_inference,capitol-ai,https://www.crunchbase.com/organization/capitol-ai,
26794,Capix,capix,Summer 2022,Active,http://capix.ai/,https://www.ycombinator.com/companies/capix,yc_oss_current,false,unverified_candidate,yc_slug_inference,capix,https://www.crunchbase.com/organization/capix,
27221,CAPSULE,capsule,Summer 2022,Inactive,https://www.shopcapsule.ai/,https://www.ycombinator.com/companies/capsule,yc_oss_current,false,unverified_candidate,yc_slug_inference,capsule,https://www.crunchbase.com/organization/capsule,
30913,Captain,captain,Winter 2026,Active,https://captain.dev,https://www.ycombinator.com/companies/captain,yc_oss_current,false,unverified_candidate,yc_slug_inference,captain,https://www.crunchbase.com/organization/captain,
12175,Capture,capture,Winter 2019,Inactive,https://capture.so,https://www.ycombinator.com/companies/capture,yc_oss_current,false,unverified_candidate,yc_slug_inference,capture,https://www.crunchbase.com/organization/capture,
25306,Capuchin,capuchin,Winter 2022,Active,https://capuchin.ai/,https://www.ycombinator.com/companies/capuchin,yc_oss_current,false,unverified_candidate,yc_slug_inference,capuchin,https://www.crunchbase.com/organization/capuchin,
35058,Capveon,capveon,Fall 2026,Active,https://capveon.ai,https://www.ycombinator.com/companies/capveon,yc_oss_current,false,unverified_candidate,yc_slug_inference,capveon,https://www.crunchbase.com/organization/capveon,
30096,Capy,capy,Fall 2024,Active,https://capy.ai,https://www.ycombinator.com/companies/capy,yc_oss_current,false,unverified_candidate,yc_slug_inference,capy,https://www.crunchbase.com/organization/capy,
1063,Carbic,carbic,Winter 2016,Active,http://carbic.com,https://www.ycombinator.com/companies/carbic,yc_oss_current,false,unverified_candidate,yc_slug_inference,carbic,https://www.crunchbase.com/organization/carbic,
25782,Carbon Crusher,carbon-crusher,Winter 2022,Active,https://www.carboncrusher.io/,https://www.ycombinator.com/companies/carbon-crusher,yc_oss_current,false,unverified_candidate,yc_slug_inference,carbon-crusher,https://www.crunchbase.com/organization/carbon-crusher,
22088,CarbonChain,carbonchain,Summer 2020,Active,https://carbonchain.com,https://www.ycombinator.com/companies/carbonchain,yc_oss_current,false,unverified_candidate,yc_slug_inference,carbonchain,https://www.crunchbase.com/organization/carbonchain,
30239,Cardamon,cardamon,Winter 2025,Active,https://cardamon.ai/,https://www.ycombinator.com/companies/cardamon,yc_oss_current,false,unverified_candidate,yc_slug_inference,cardamon,https://www.crunchbase.com/organization/cardamon,
31178,Cardboard,cardboard,Winter 2026,Active,https://cardboard.ai,https://www.ycombinator.com/companies/cardboard,yc_oss_current,false,unverified_candidate,yc_slug_inference,cardboard,https://www.crunchbase.com/organization/cardboard,
27676,Cardinal,cardinal,Winter 2023,Acquired,http://cardinalapp.io,https://www.ycombinator.com/companies/cardinal,yc_oss_current,false,unverified_candidate,yc_slug_inference,cardinal,https://www.crunchbase.com/organization/cardinal,
31311,Cardinal,trycardinal-ai,Winter 2026,Active,https://trycardinal.com,https://www.ycombinator.com/companies/trycardinal-ai,yc_oss_current,false,unverified_candidate,yc_slug_inference,trycardinal-ai,https://www.crunchbase.com/organization/trycardinal-ai,
28886,Cardinal Gray,cardinal-gray,Summer 2023,Active,https://www.cardinalgray.com/,https://www.ycombinator.com/companies/cardinal-gray,yc_oss_current,false,unverified_candidate,yc_slug_inference,cardinal-gray,https://www.crunchbase.com/organization/cardinal-gray,
33021,Care GP,care-gp,Summer 2026,Active,https://caregp.com.au/,https://www.ycombinator.com/companies/care-gp,yc_oss_current,false,unverified_candidate,yc_slug_inference,care-gp,https://www.crunchbase.com/organization/care-gp,
30232,careCycle,carecycle,Winter 2025,Active,https://www.careCycle.ai,https://www.ycombinator.com/companies/carecycle,yc_oss_current,false,unverified_candidate,yc_slug_inference,carecycle,https://www.crunchbase.com/organization/carecycle,
12072,CareerTu,careertu,Winter 2019,Inactive,https://careertu.com/,https://www.ycombinator.com/companies/careertu,yc_oss_current,false,unverified_candidate,yc_slug_inference,careertu,https://www.crunchbase.com/organization/careertu,
30124,Careforce,careforce,Fall 2024,Active,https://careforce.ai/,https://www.ycombinator.com/companies/careforce,yc_oss_current,false,unverified_candidate,yc_slug_inference,careforce,https://www.crunchbase.com/organization/careforce,
28939,CareOasis,careoasis,Summer 2023,Active,https://www.thecareoasis.com,https://www.ycombinator.com/companies/careoasis,yc_oss_current,false,unverified_candidate,yc_slug_inference,careoasis,https://www.crunchbase.com/organization/careoasis,
31207,Caretta,caretta,Winter 2026,Active,https://www.caretta.so,https://www.ycombinator.com/companies/caretta,yc_oss_current,false,unverified_candidate,yc_slug_inference,caretta,https://www.crunchbase.com/organization/caretta,
29101,Cargo,cargo,Summer 2023,Active,https://getcargo.io,https://www.ycombinator.com/companies/cargo,yc_oss_current,false,unverified_candidate,yc_slug_inference,cargo,https://www.crunchbase.com/organization/cargo,
29276,Carousel Technologies,carousel-technologies,Winter 2024,Active,https://usecarousel.com,https://www.ycombinator.com/companies/carousel-technologies,yc_oss_current,false,unverified_candidate,yc_slug_inference,carousel-technologies,https://www.crunchbase.com/organization/carousel-technologies,
31295,Carrot Labs,carrot-labs,Winter 2026,Active,https://superpenguin.ai/,https://www.ycombinator.com/companies/carrot-labs,yc_oss_current,false,unverified_candidate,yc_slug_inference,carrot-labs,https://www.crunchbase.com/organization/carrot-labs,
33046,CarSignal,carsignal,Summer 2026,Active,https://www.trycarsignal.com,https://www.ycombinator.com/companies/carsignal,yc_oss_current,false,unverified_candidate,yc_slug_inference,carsignal,https://www.crunchbase.com/organization/carsignal,
29791,Cartage,cartage,Summer 2024,Active,https://cartage.ai,https://www.ycombinator.com/companies/cartage,yc_oss_current,false,unverified_candidate,yc_slug_inference,cartage,https://www.crunchbase.com/organization/cartage,
24354,Cartpanda,cartpanda,Summer 2021,Active,https://cartpanda.com/,https://www.ycombinator.com/companies/cartpanda,yc_oss_current,false,unverified_candidate,yc_slug_inference,cartpanda,https://www.crunchbase.com/organization/cartpanda,
30501,Cartpole,cartpole,Spring 2025,Active,https://cartpole.com,https://www.ycombinator.com/companies/cartpole,yc_oss_current,false,unverified_candidate,yc_slug_inference,cartpole,https://www.crunchbase.com/organization/cartpole,
251,CarWoo,carwoo,Summer 2009,Inactive,http://carwoo.com,https://www.ycombinator.com/companies/carwoo,yc_oss_current,false,unverified_candidate,yc_slug_inference,carwoo,https://www.crunchbase.com/organization/carwoo,
28811,Casca,casca,Summer 2023,Active,https://www.cascading.ai/,https://www.ycombinator.com/companies/casca,yc_oss_current,false,unverified_candidate,yc_slug_inference,casca,https://www.crunchbase.com/organization/casca,
31110,Cascade,cascade,Winter 2026,Active,https://runcascade.com/,https://www.ycombinator.com/companies/cascade,yc_oss_current,false,unverified_candidate,yc_slug_inference,cascade,https://www.crunchbase.com/organization/cascade,
30556,Cascade Space,cascade-space,Spring 2025,Active,https://cascadespace.com,https://www.ycombinator.com/companies/cascade-space,yc_oss_current,false,unverified_candidate,yc_slug_inference,cascade-space,https://www.crunchbase.com/organization/cascade-space,
30477,Casco,casco,Spring 2025,Active,https://casco.com,https://www.ycombinator.com/companies/casco,yc_oss_current,false,unverified_candidate,yc_slug_inference,casco,https://www.crunchbase.com/organization/casco,
30227,Caseflood.ai,caseflood-ai,Winter 2025,Active,https://caseflood.ai,https://www.ycombinator.com/companies/caseflood-ai,yc_oss_current,false,unverified_candidate,yc_slug_inference,caseflood-ai,https://www.crunchbase.com/organization/caseflood-ai,
30924,Casey,casey,Fall 2025,Active,https://caseyinsure.com/,https://www.ycombinator.com/companies/casey,yc_oss_current,false,unverified_candidate,yc_slug_inference,casey,https://www.crunchbase.com/organization/casey,
26782,Cashboard,cashboard,Summer 2022,Active,https://www.cashboard.co,https://www.ycombinator.com/companies/cashboard,yc_oss_current,false,unverified_candidate,yc_slug_inference,cashboard,https://www.crunchbase.com/organization/cashboard,
22745,CashBook,cashbook,Winter 2021,Active,https://cashbook.in,https://www.ycombinator.com/companies/cashbook,yc_oss_current,false,unverified_candidate,yc_slug_inference,cashbook,https://www.crunchbase.com/organization/cashbook,
29154,Catamaran,catamaran,Summer 2023,Acquired,https://www.trycatamaran.com,https://www.ycombinator.com/companies/catamaran,yc_oss_current,false,unverified_candidate,yc_slug_inference,catamaran,https://www.crunchbase.com/organization/catamaran,
31040,CatchBack Cards,catchback-cards,Winter 2026,Active,https://catchbackcards.com,https://www.ycombinator.com/companies/catchback-cards,yc_oss_current,false,unverified_candidate,yc_slug_inference,catchback-cards,https://www.crunchbase.com/organization/catchback-cards,
30447,Caucus,caucus,Spring 2025,Inactive,https://www.usecaucus.com/,https://www.ycombinator.com/companies/caucus,yc_oss_current,false,unverified_candidate,yc_slug_inference,caucus,https://www.crunchbase.com/organization/caucus,
33673,Caution,caution,Summer 2026,Active,https://caution.co,https://www.ycombinator.com/companies/caution,yc_oss_current,false,unverified_candidate,yc_slug_inference,caution,https://www.crunchbase.com/organization/caution,
29071,Cedalio,cedalio,Summer 2023,Active,https://cedalio.com/,https://www.ycombinator.com/companies/cedalio,yc_oss_current,false,unverified_candidate,yc_slug_inference,cedalio,https://www.crunchbase.com/organization/cedalio,
28812,Cedana,cedana,Summer 2023,Active,https://cedana.ai,https://www.ycombinator.com/companies/cedana,yc_oss_current,false,unverified_candidate,yc_slug_inference,cedana,https://www.crunchbase.com/organization/cedana,
30343,Cedar,cedar,Winter 2025,Active,https://mail.cedarcopilot.com/,https://www.ycombinator.com/companies/cedar,yc_oss_current,false,unverified_candidate,yc_slug_inference,cedar,https://www.crunchbase.com/organization/cedar,
30046,Cekura,cekura-ai,Fall 2024,Active,https://www.cekura.ai/,https://www.ycombinator.com/companies/cekura-ai,yc_oss_current,false,unverified_candidate,yc_slug_inference,cekura-ai,https://www.crunchbase.com/organization/cekura-ai,
29320,Celest,celest,Winter 2024,Inactive,https://celest.dev,https://www.ycombinator.com/companies/celest,yc_oss_current,false,unverified_candidate,yc_slug_inference,celest,https://www.crunchbase.com/organization/celest,
26094,Cellbyte,cellbyte,Winter 2022,Active,https://www.cellbyte.com/,https://www.ycombinator.com/companies/cellbyte,yc_oss_current,false,unverified_candidate,yc_slug_inference,cellbyte,https://www.crunchbase.com/organization/cellbyte,
31113,CellType,celltype,Winter 2026,Active,https://www.celltype.com,https://www.ycombinator.com/companies/celltype,yc_oss_current,false,unverified_candidate,yc_slug_inference,celltype,https://www.crunchbase.com/organization/celltype,
29152,Cembla,cembla,Summer 2023,Active,https://cembla.com,https://www.ycombinator.com/companies/cembla,yc_oss_current,false,unverified_candidate,yc_slug_inference,cembla,https://www.crunchbase.com/organization/cembla,
30266,Cenote,cenote,Winter 2025,Active,https://www.joincenote.com/,https://www.ycombinator.com/companies/cenote,yc_oss_current,false,unverified_candidate,yc_slug_inference,cenote,https://www.crunchbase.com/organization/cenote,
11948,Centaur,centaur,Winter 2019,Active,https://centaur.ai/,https://www.ycombinator.com/companies/centaur,yc_oss_current,false,unverified_candidate,yc_slug_inference,centaur,https://www.crunchbase.com/organization/centaur,
29399,Centauri AI,centauri-ai,Winter 2024,Active,https://centauri-ai.tech,https://www.ycombinator.com/companies/centauri-ai,yc_oss_current,false,unverified_candidate,yc_slug_inference,centauri-ai,https://www.crunchbase.com/organization/centauri-ai,
29327,Central,central,Summer 2024,Acquired,https://centralhq.com,https://www.ycombinator.com/companies/central,yc_oss_current,false,unverified_candidate,yc_slug_inference,central,https://www.crunchbase.com/organization/central,
31543,CentralComs,centralcoms,Spring 2026,Active,https://centralcoms.com,https://www.ycombinator.com/companies/centralcoms,yc_oss_current,false,unverified_candidate,yc_slug_inference,centralcoms,https://www.crunchbase.com/organization/centralcoms,
29356,Centralize,centralize,Winter 2024,Active,https://www.usecentralize.com/,https://www.ycombinator.com/companies/centralize,yc_oss_current,false,unverified_candidate,yc_slug_inference,centralize,https://www.crunchbase.com/organization/centralize,
25699,Cera,,W22,Active,https://getcera.com,,radema_historical,true,unverified_candidate,company_name_inference,cera,https://www.crunchbase.com/organization/cera,
28404,Cercli,cercli,Summer 2023,Active,https://www.cercli.com,https://www.ycombinator.com/companies/cercli,yc_oss_current,false,unverified_candidate,yc_slug_inference,cercli,https://www.crunchbase.com/organization/cercli,
25537,Cerebrium,cerebrium,Winter 2022,Active,https://www.cerebrium.ai/,https://www.ycombinator.com/companies/cerebrium,yc_oss_current,false,unverified_candidate,yc_slug_inference,cerebrium,https://www.crunchbase.com/organization/cerebrium,
32520,Cerenovus,cerenovus,Summer 2026,Active,https://www.cerenovus.ai/,https://www.ycombinator.com/companies/cerenovus,yc_oss_current,false,unverified_candidate,yc_slug_inference,cerenovus,https://www.crunchbase.com/organization/cerenovus,
24303,Cero,cero,Summer 2021,Active,https://cero.ai,https://www.ycombinator.com/companies/cero,yc_oss_current,false,unverified_candidate,yc_slug_inference,cero,https://www.crunchbase.com/organization/cero,
26718,Cerrion,cerrion,Summer 2022,Active,https://www.cerrion.com/,https://www.ycombinator.com/companies/cerrion,yc_oss_current,false,unverified_candidate,yc_slug_inference,cerrion,https://www.crunchbase.com/organization/cerrion,
30759,Certus AI,certus-ai,Summer 2025,Active,https://www.certus-ai.com/,https://www.ycombinator.com/companies/certus-ai,yc_oss_current,false,unverified_candidate,yc_slug_inference,certus-ai,https://www.crunchbase.com/organization/certus-ai,
29781,Cerulion,cerulion,Summer 2024,Active,https://www.cerulion.com,https://www.ycombinator.com/companies/cerulion,yc_oss_current,false,unverified_candidate,yc_slug_inference,cerulion,https://www.crunchbase.com/organization/cerulion,
31185,Chamber,chamber,Winter 2026,Active,https://www.usechamber.io,https://www.ycombinator.com/companies/chamber,yc_oss_current,false,unverified_candidate,yc_slug_inference,chamber,https://www.crunchbase.com/organization/chamber,
26730,Champ,champ,Summer 2022,Active,https://trychamp.co/,https://www.ycombinator.com/companies/champ,yc_oss_current,false,unverified_candidate,yc_slug_inference,champ,https://www.crunchbase.com/organization/champ,
30695,Channel3,channel3,Summer 2025,Active,https://trychannel3.com,https://www.ycombinator.com/companies/channel3,yc_oss_current,false,unverified_candidate,yc_slug_inference,channel3,https://www.crunchbase.com/organization/channel3,
30711,Char,char,Summer 2025,Active,https://char.com,https://www.ycombinator.com/companies/char,yc_oss_current,false,unverified_candidate,yc_slug_inference,char,https://www.crunchbase.com/organization/char,
31513,CharacterQuilt,characterquilt,Spring 2026,Active,https://characterquilt.com,https://www.ycombinator.com/companies/characterquilt,yc_oss_current,false,unverified_candidate,yc_slug_inference,characterquilt,https://www.crunchbase.com/organization/characterquilt,
24873,Charge Robotics,charge-robotics,Summer 2021,Active,https://chargerobotics.com/,https://www.ycombinator.com/companies/charge-robotics,yc_oss_current,false,unverified_candidate,yc_slug_inference,charge-robotics,https://www.crunchbase.com/organization/charge-robotics,
846,Chariot,chariot,Winter 2015,Acquired,http://chariot.com,https://www.ycombinator.com/companies/chariot,yc_oss_current,false,unverified_candidate,yc_slug_inference,chariot,https://www.crunchbase.com/organization/chariot,
26707,Chariot,chariot-2,Summer 2022,Active,https://givechariot.com/,https://www.ycombinator.com/companies/chariot-2,yc_oss_current,false,unverified_candidate,yc_slug_inference,chariot-2,https://www.crunchbase.com/organization/chariot-2,
30065,Charm,withcharm,Fall 2024,Active,https://withcharm.app,https://www.ycombinator.com/companies/withcharm,yc_oss_current,false,unverified_candidate,yc_slug_inference,withcharm,https://www.crunchbase.com/organization/withcharm,
27842,Chart,chart,Winter 2023,Active,https://trychart.com,https://www.ycombinator.com/companies/chart,yc_oss_current,false,unverified_candidate,yc_slug_inference,chart,https://www.crunchbase.com/organization/chart,
11964,Chaser,chaser,Winter 2019,Inactive,https://,https://www.ycombinator.com/companies/chaser,yc_oss_current,false,unverified_candidate,yc_slug_inference,chaser,https://www.crunchbase.com/organization/chaser,
31233,Chasi,chasi,Winter 2026,Active,https://chasi.ai/,https://www.ycombinator.com/companies/chasi,yc_oss_current,false,unverified_candidate,yc_slug_inference,chasi,https://www.crunchbase.com/organization/chasi,
29004,Chatter,chatter,Summer 2023,Acquired,https://chatter.anish.xyz,https://www.ycombinator.com/companies/chatter,yc_oss_current,false,unverified_candidate,yc_slug_inference,chatter,https://www.crunchbase.com/organization/chatter,
23279,Chatwoot,chatwoot,Winter 2021,Active,https://www.chatwoot.com,https://www.ycombinator.com/companies/chatwoot,yc_oss_current,false,unverified_candidate,yc_slug_inference,chatwoot,https://www.crunchbase.com/organization/chatwoot,
698,Cheddar,cheddar,Summer 2014,Inactive,http://cheddar.io,https://www.ycombinator.com/companies/cheddar,yc_oss_current,false,unverified_candidate,yc_slug_inference,cheddar,https://www.crunchbase.com/organization/cheddar,
29582,Cheers,cheers,Summer 2024,Active,https://www.cheers.tech,https://www.ycombinator.com/companies/cheers,yc_oss_current,false,unverified_candidate,yc_slug_inference,cheers,https://www.crunchbase.com/organization/cheers,
23435,Cheqout,cheqout,Winter 2021,Inactive,https://cheqout.com,https://www.ycombinator.com/companies/cheqout,yc_oss_current,false,unverified_candidate,yc_slug_inference,cheqout,https://www.crunchbase.com/organization/cheqout,
25337,Cherry Recommends,cherry-recommends,Winter 2022,Inactive,https://cherry.ai/,https://www.ycombinator.com/companies/cherry-recommends,yc_oss_current,false,unverified_candidate,yc_slug_inference,cherry-recommends,https://www.crunchbase.com/organization/cherry-recommends,
31364,Chert,chert,Spring 2026,Active,https://www.trychert.com/,https://www.ycombinator.com/companies/chert,yc_oss_current,false,unverified_candidate,yc_slug_inference,chert,https://www.crunchbase.com/organization/chert,
30384,Chestnut,chestnut,Spring 2025,Active,https://chestnutmortgage.com/,https://www.ycombinator.com/companies/chestnut,yc_oss_current,false,unverified_candidate,yc_slug_inference,chestnut,https://www.crunchbase.com/organization/chestnut,
1006,Chillabit,chillabit,Winter 2016,Inactive,https://chillabit.io,https://www.ycombinator.com/companies/chillabit,yc_oss_current,false,unverified_candidate,yc_slug_inference,chillabit,https://www.crunchbase.com/organization/chillabit,
30459,Chiron,chiron,Spring 2025,Active,https://projectchiron.org,https://www.ycombinator.com/companies/chiron,yc_oss_current,false,unverified_candidate,yc_slug_inference,chiron,https://www.crunchbase.com/organization/chiron,
27879,Choppy!,choppy,Winter 2023,Inactive,http://www.eatchoppy.com,https://www.ycombinator.com/companies/choppy,yc_oss_current,false,unverified_candidate,yc_slug_inference,choppy,https://www.crunchbase.com/organization/choppy,
26660,Chordio,chordio,Summer 2022,Active,https://chordio.com,https://www.ycombinator.com/companies/chordio,yc_oss_current,false,unverified_candidate,yc_slug_inference,chordio,https://www.crunchbase.com/organization/chordio,
23633,Chorus Sleep,chorus-sleep,Winter 2021,Active,https://www.chorussleep.com/,https://www.ycombinator.com/companies/chorus-sleep,yc_oss_current,false,unverified_candidate,yc_slug_inference,chorus-sleep,https://www.crunchbase.com/organization/chorus-sleep,
28881,Chow Central Inc,chow-central-inc,Summer 2023,Active,https://chowcentral.com,https://www.ycombinator.com/companies/chow-central-inc,yc_oss_current,false,unverified_candidate,yc_slug_inference,chow-central-inc,https://www.crunchbase.com/organization/chow-central-inc,
26903,Chowdeck,chowdeck,Summer 2022,Active,https://chowdeck.com,https://www.ycombinator.com/companies/chowdeck,yc_oss_current,false,unverified_candidate,yc_slug_inference,chowdeck,https://www.crunchbase.com/organization/chowdeck,
33055,Chromie,chromie,Summer 2026,Active,https://chromie.dev,https://www.ycombinator.com/companies/chromie,yc_oss_current,false,unverified_candidate,yc_slug_inference,chromie,https://www.crunchbase.com/organization/chromie,
31468,Chronicle Labs,chronicle-labs,Spring 2026,Active,https://chronicle-labs.com,https://www.ycombinator.com/companies/chronicle-labs,yc_oss_current,false,unverified_candidate,yc_slug_inference,chronicle-labs,https://www.crunchbase.com/organization/chronicle-labs,
30526,chrt,chrt,Spring 2025,Active,https://chrt.com,https://www.ycombinator.com/companies/chrt,yc_oss_current,false,unverified_candidate,yc_slug_inference,chrt,https://www.crunchbase.com/organization/chrt,
13344,Chutney Inc,chutney-inc,Winter 2020,Inactive,https://www.chutneystore.com,https://www.ycombinator.com/companies/chutney-inc,yc_oss_current,false,unverified_candidate,yc_slug_inference,chutney-inc,https://www.crunchbase.com/organization/chutney-inc,
30243,Cifrato,cifrato,Winter 2025,Active,https://cifrato.ai,https://www.ycombinator.com/companies/cifrato,yc_oss_current,false,unverified_candidate,yc_slug_inference,cifrato,https://www.crunchbase.com/organization/cifrato,
31117,Cignara,cignara,Spring 2026,Active,https://cignara.com/,https://www.ycombinator.com/companies/cignara,yc_oss_current,false,unverified_candidate,yc_slug_inference,cignara,https://www.crunchbase.com/organization/cignara,
25763,Cinder,cinder-2,Winter 2022,Active,https://cinder.ai,https://www.ycombinator.com/companies/cinder-2,yc_oss_current,false,unverified_candidate,yc_slug_inference,cinder-2,https://www.crunchbase.com/organization/cinder-2,
29408,Circleback,circleback,Winter 2024,Active,https://circleback.ai,https://www.ycombinator.com/companies/circleback,yc_oss_current,false,unverified_candidate,yc_slug_inference,circleback,https://www.crunchbase.com/organization/circleback,
26671,Ciro,ciro,Summer 2022,Active,https://www.ciro.io/,https://www.ycombinator.com/companies/ciro,yc_oss_current,false,unverified_candidate,yc_slug_inference,ciro,https://www.crunchbase.com/organization/ciro,
26554,Cisterna Biologics,cisterna-biologics,Summer 2022,Active,http://www.cisternabx.com,https://www.ycombinator.com/companies/cisterna-biologics,yc_oss_current,false,unverified_candidate,yc_slug_inference,cisterna-biologics,https://www.crunchbase.com/organization/cisterna-biologics,
28070,Clad,clad,Winter 2023,Active,https://withclad.com/,https://www.ycombinator.com/companies/clad,yc_oss_current,false,unverified_candidate,yc_slug_inference,clad,https://www.crunchbase.com/organization/clad,
30957,Clad Labs,clad-labs,Fall 2025,Active,https://cladlabs.ai,https://www.ycombinator.com/companies/clad-labs,yc_oss_current,false,unverified_candidate,yc_slug_inference,clad-labs,https://www.crunchbase.com/organization/clad-labs,
30429,Claim Health,claim-health,Spring 2025,Active,https://www.claimhealth.com,https://www.ycombinator.com/companies/claim-health,yc_oss_current,false,unverified_candidate,yc_slug_inference,claim-health,https://www.crunchbase.com/organization/claim-health,
31025,ClaimGlide,claimglide,Winter 2026,Active,https://claimglide.com/,https://www.ycombinator.com/companies/claimglide,yc_oss_current,false,unverified_candidate,yc_slug_inference,claimglide,https://www.crunchbase.com/organization/claimglide,
295,Claimspotting,claimspotting,Summer 2008,Inactive,http://urbantakeover.at,https://www.ycombinator.com/companies/claimspotting,yc_oss_current,false,unverified_candidate,yc_slug_inference,claimspotting,https://www.crunchbase.com/organization/claimspotting,
31063,Clara,clara-2,Spring 2026,Active,http://askclara.com,https://www.ycombinator.com/companies/clara-2,yc_oss_current,false,unverified_candidate,yc_slug_inference,clara-2,https://www.crunchbase.com/organization/clara-2,
29339,Clarion,clarion,Winter 2024,Active,https://clarionhealth.com,https://www.ycombinator.com/companies/clarion,yc_oss_current,false,unverified_candidate,yc_slug_inference,clarion,https://www.crunchbase.com/organization/clarion,
30439,Clarm,clarm,Spring 2025,Active,https://www.clarm.com,https://www.ycombinator.com/companies/clarm,yc_oss_current,false,unverified_candidate,yc_slug_inference,clarm,https://www.crunchbase.com/organization/clarm,
30014,Clarus,clarus,Fall 2024,Active,https://www.clarus.finance,https://www.ycombinator.com/companies/clarus,yc_oss_current,false,unverified_candidate,yc_slug_inference,clarus,https://www.crunchbase.com/organization/clarus,
1400,Classkick,,IK12,Active,http://www.classkick.com/,,radema_historical,true,unverified_candidate,company_name_inference,classkick,https://www.crunchbase.com/organization/classkick,
1399,ClassroomIQ,,IK12,Inactive,http://www.getclassroomiq.com,,radema_historical,true,unverified_candidate,company_name_inference,classroomiq,https://www.crunchbase.com/organization/classroomiq,
22294,Clau,clau,Summer 2020,Active,https://clau.com,https://www.ycombinator.com/companies/clau,yc_oss_current,false,unverified_candidate,yc_slug_inference,clau,https://www.crunchbase.com/organization/clau,
31554,Clawvisor,clawvisor,Spring 2026,Active,https://clawvisor.com,https://www.ycombinator.com/companies/clawvisor,yc_oss_current,false,unverified_candidate,yc_slug_inference,clawvisor,https://www.crunchbase.com/organization/clawvisor,
22711,Clay,clay,Winter 2021,Inactive,https://clay3d.io,https://www.ycombinator.com/companies/clay,yc_oss_current,false,unverified_candidate,yc_slug_inference,clay,https://www.crunchbase.com/organization/clay,
13161,Clayboard,clayboard,Winter 2020,Inactive,http://clayboard.com,https://www.ycombinator.com/companies/clayboard,yc_oss_current,false,unverified_candidate,yc_slug_inference,clayboard,https://www.crunchbase.com/organization/clayboard,
1933,Clear Gene,clear-gene,Summer 2018,Active,https://cleargene.com,https://www.ycombinator.com/companies/clear-gene,yc_oss_current,false,unverified_candidate,yc_slug_inference,clear-gene,https://www.crunchbase.com/organization/clear-gene,
28780,Clearest Health,clearest-health,Summer 2023,Active,https://clearesthealth.com/,https://www.ycombinator.com/companies/clearest-health,yc_oss_current,false,unverified_candidate,yc_slug_inference,clearest-health,https://www.crunchbase.com/organization/clearest-health,
27172,Clearline,clearline,Summer 2022,Active,https://useclearline.com,https://www.ycombinator.com/companies/clearline,yc_oss_current,false,unverified_candidate,yc_slug_inference,clearline,https://www.crunchbase.com/organization/clearline,
29729,Clearly AI,clearly-ai,Summer 2024,Active,https://clearly-ai.com,https://www.ycombinator.com/companies/clearly-ai,yc_oss_current,false,unverified_candidate,yc_slug_inference,clearly-ai,https://www.crunchbase.com/organization/clearly-ai,
21899,ClearMix,clearmix,Summer 2020,Inactive,https://clearmix.com,https://www.ycombinator.com/companies/clearmix,yc_oss_current,false,unverified_candidate,yc_slug_inference,clearmix,https://www.crunchbase.com/organization/clearmix,
28013,Clearspace,clearspace,Winter 2023,Active,https://clearspace.org,https://www.ycombinator.com/companies/clearspace,yc_oss_current,false,unverified_candidate,yc_slug_inference,clearspace,https://www.crunchbase.com/organization/clearspace,
30886,Clerked,clerked,Fall 2025,Active,https://clerked.ai,https://www.ycombinator.com/companies/clerked,yc_oss_current,false,unverified_candidate,yc_slug_inference,clerked,https://www.crunchbase.com/organization/clerked,
29414,Cleva,cleva,Winter 2024,Active,https://www.getcleva.com,https://www.ycombinator.com/companies/cleva,yc_oss_current,false,unverified_candidate,yc_slug_inference,cleva,https://www.crunchbase.com/organization/cleva,
21997,Clew,clew,Summer 2020,Acquired,https://clew.ai/,https://www.ycombinator.com/companies/clew,yc_oss_current,false,unverified_candidate,yc_slug_inference,clew,https://www.crunchbase.com/organization/clew,
32618,Click,click,Summer 2026,Active,https://www.useclick.ai,https://www.ycombinator.com/companies/click,yc_oss_current,false,unverified_candidate,yc_slug_inference,click,https://www.crunchbase.com/organization/click,
27936,ClickPe,clickpe,Winter 2023,Active,https://clickpe.ai/,https://www.ycombinator.com/companies/clickpe,yc_oss_current,false,unverified_candidate,yc_slug_inference,clickpe,https://www.crunchbase.com/organization/clickpe,
31002,Clicks Health,clicks-health,Fall 2025,Active,https://www.goclicks.ai/,https://www.ycombinator.com/companies/clicks-health,yc_oss_current,false,unverified_candidate,yc_slug_inference,clicks-health,https://www.crunchbase.com/organization/clicks-health,
30468,Clidey,clidey,Spring 2025,Active,https://clidey.com,https://www.ycombinator.com/companies/clidey,yc_oss_current,false,unverified_candidate,yc_slug_inference,clidey,https://www.crunchbase.com/organization/clidey,
26525,Clinikally,clinikally,Summer 2022,Active,https://www.clinikally.com/,https://www.ycombinator.com/companies/clinikally,yc_oss_current,false,unverified_candidate,yc_slug_inference,clinikally,https://www.crunchbase.com/organization/clinikally,
1236,Clip Health,clip-health,Summer 2016,Inactive,http://www.cliphealth.com,https://www.ycombinator.com/companies/clip-health,yc_oss_current,false,unverified_candidate,yc_slug_inference,clip-health,https://www.crunchbase.com/organization/clip-health,
22752,ClipDrop,clipdrop,Winter 2021,Acquired,https://clipdrop.co,https://www.ycombinator.com/companies/clipdrop,yc_oss_current,false,unverified_candidate,yc_slug_inference,clipdrop,https://www.crunchbase.com/organization/clipdrop,
30774,CLODO,clodo,Summer 2025,Active,https://clodo.ai,https://www.ycombinator.com/companies/clodo,yc_oss_current,false,unverified_candidate,yc_slug_inference,clodo,https://www.crunchbase.com/organization/clodo,
160,Close,close,Winter 2011,Active,https://close.com,https://www.ycombinator.com/companies/close,yc_oss_current,false,unverified_candidate,yc_slug_inference,close,https://www.crunchbase.com/organization/close,
30603,Closera,closera,Summer 2025,Active,https://closera.com,https://www.ycombinator.com/companies/closera,yc_oss_current,false,unverified_candidate,yc_slug_inference,closera,https://www.crunchbase.com/organization/closera,
30209,Closure,closure,Winter 2025,Active,https://closure-intel.com/,https://www.ycombinator.com/companies/closure,yc_oss_current,false,unverified_candidate,yc_slug_inference,closure,https://www.crunchbase.com/organization/closure,
29317,CloudCruise,cloudcruise,Winter 2024,Active,https://cloudcruise.com,https://www.ycombinator.com/companies/cloudcruise,yc_oss_current,false,unverified_candidate,yc_slug_inference,cloudcruise,https://www.crunchbase.com/organization/cloudcruise,
29665,Cloudglue,cloudglue,Summer 2024,Active,https://cloudglue.dev,https://www.ycombinator.com/companies/cloudglue,yc_oss_current,false,unverified_candidate,yc_slug_inference,cloudglue,https://www.crunchbase.com/organization/cloudglue,
22260,Clover,clover,Summer 2020,Acquired,https://cloverapp.co,https://www.ycombinator.com/companies/clover,yc_oss_current,false,unverified_candidate,yc_slug_inference,clover,https://www.crunchbase.com/organization/clover,
27982,Clueso,clueso,Winter 2023,Active,https://clueso.io,https://www.ycombinator.com/companies/clueso,yc_oss_current,false,unverified_candidate,yc_slug_inference,clueso,https://www.crunchbase.com/organization/clueso,
71,Clutch,clutch,Summer 2011,Acquired,http://clutch.io,https://www.ycombinator.com/companies/clutch,yc_oss_current,false,unverified_candidate,yc_slug_inference,clutch,https://www.crunchbase.com/organization/clutch,
32220,COACH,ai-coach,Summer 2026,Active,https://www.getcoach.com/,https://www.ycombinator.com/companies/ai-coach,yc_oss_current,false,unverified_candidate,yc_slug_inference,ai-coach,https://www.crunchbase.com/organization/ai-coach,
33738,CoArena,coarena,Summer 2026,Active,http://coarena.ai,https://www.ycombinator.com/companies/coarena,yc_oss_current,false,unverified_candidate,yc_slug_inference,coarena,https://www.crunchbase.com/organization/coarena,
31022,Coasts,coasts,Fall 2025,Active,https://coasts.dev,https://www.ycombinator.com/companies/coasts,yc_oss_current,false,unverified_candidate,yc_slug_inference,coasts,https://www.crunchbase.com/organization/coasts,
29153,Coba,coba,Summer 2023,Active,https://www.coba.ai,https://www.ycombinator.com/companies/coba,yc_oss_current,false,unverified_candidate,yc_slug_inference,coba,https://www.crunchbase.com/organization/coba,
27853,Cobblestone,cobblestone,Winter 2023,Acquired,https://getcobblestone.com,https://www.ycombinator.com/companies/cobblestone,yc_oss_current,false,unverified_candidate,yc_slug_inference,cobblestone,https://www.crunchbase.com/organization/cobblestone,
447,Coco Controller,coco-controller,Summer 2012,Inactive,http://milkshakelabs.com,https://www.ycombinator.com/companies/coco-controller,yc_oss_current,false,unverified_candidate,yc_slug_inference,coco-controller,https://www.crunchbase.com/organization/coco-controller,
12856,Coco Wallet,coco-wallet,Summer 2019,Active,https://cocowallet.app,https://www.ycombinator.com/companies/coco-wallet,yc_oss_current,false,unverified_candidate,yc_slug_inference,coco-wallet,https://www.crunchbase.com/organization/coco-wallet,
12078,Cocoon,cocoon,Winter 2019,Acquired,http://cocoon.com,https://www.ycombinator.com/companies/cocoon,yc_oss_current,false,unverified_candidate,yc_slug_inference,cocoon,https://www.crunchbase.com/organization/cocoon,
30670,cocreate,cocreate,Summer 2025,Active,https://cocreate.so,https://www.ycombinator.com/companies/cocreate,yc_oss_current,false,unverified_candidate,yc_slug_inference,cocreate,https://www.crunchbase.com/organization/cocreate,
32230,Codag,codag,Summer 2026,Active,https://codag.ai/,https://www.ycombinator.com/companies/codag,yc_oss_current,false,unverified_candidate,yc_slug_inference,codag,https://www.crunchbase.com/organization/codag,
30541,Code Four,code-four,Spring 2025,Active,https://codefour.us/,https://www.ycombinator.com/companies/code-four,yc_oss_current,false,unverified_candidate,yc_slug_inference,code-four,https://www.crunchbase.com/organization/code-four,
25999,Codec,codec,Winter 2022,Active,https://codec.io,https://www.ycombinator.com/companies/codec,yc_oss_current,false,unverified_candidate,yc_slug_inference,codec,https://www.crunchbase.com/organization/codec,
26781,CodeCrafters,codecrafters,Summer 2022,Active,https://codecrafters.io,https://www.ycombinator.com/companies/codecrafters,yc_oss_current,false,unverified_candidate,yc_slug_inference,codecrafters,https://www.crunchbase.com/organization/codecrafters,
28108,CodeParrot AI,codeparrot-ai,Winter 2023,Inactive,https://codeparrot.ai/,https://www.ycombinator.com/companies/codeparrot-ai,yc_oss_current,false,unverified_candidate,yc_slug_inference,codeparrot-ai,https://www.crunchbase.com/organization/codeparrot-ai,
1719,CoderWall,coderwall,Winter 2012,Acquired,http://assemblymade.com,https://www.ycombinator.com/companies/coderwall,yc_oss_current,false,unverified_candidate,yc_slug_inference,coderwall,https://www.crunchbase.com/organization/coderwall,
29627,Codes Health,codes-health,Summer 2024,Active,https://www.codeshealth.com/,https://www.ycombinator.com/companies/codes-health,yc_oss_current,false,unverified_candidate,yc_slug_inference,codes-health,https://www.crunchbase.com/organization/codes-health,
29156,CodeStory,codestory,Summer 2023,Inactive,https://aide.dev,https://www.ycombinator.com/companies/codestory,yc_oss_current,false,unverified_candidate,yc_slug_inference,codestory,https://www.crunchbase.com/organization/codestory,
29683,CodeViz,codeviz,Summer 2024,Active,https://www.codeviz.ai/,https://www.ycombinator.com/companies/codeviz,yc_oss_current,false,unverified_candidate,yc_slug_inference,codeviz,https://www.crunchbase.com/organization/codeviz,
31140,CodeWisp,codewisp,Winter 2026,Active,https://codewisp.ai/,https://www.ycombinator.com/companies/codewisp,yc_oss_current,false,unverified_candidate,yc_slug_inference,codewisp,https://www.crunchbase.com/organization/codewisp,
26725,CODEXA,codexa,Summer 2022,Active,https://codexa.com.br/desembaraco-aduaneiro,https://www.ycombinator.com/companies/codexa,yc_oss_current,false,unverified_candidate,yc_slug_inference,codexa,https://www.crunchbase.com/organization/codexa,
30919,Codyco,codyco,Fall 2025,Active,https://www.codyco.ai/en,https://www.ycombinator.com/companies/codyco,yc_oss_current,false,unverified_candidate,yc_slug_inference,codyco,https://www.crunchbase.com/organization/codyco,
25343,CoffeeAI,coffeeai,Winter 2022,Inactive,https://www.get-coffee.ai,https://www.ycombinator.com/companies/coffeeai,yc_oss_current,false,unverified_candidate,yc_slug_inference,coffeeai,https://www.crunchbase.com/organization/coffeeai,
31104,Cofia,cofia,Winter 2026,Active,https://cofia.ai,https://www.ycombinator.com/companies/cofia,yc_oss_current,false,unverified_candidate,yc_slug_inference,cofia,https://www.crunchbase.com/organization/cofia,
29134,Cognitio Labs,cognitio-labs,Summer 2023,Active,https://cognitioiq.com,https://www.ycombinator.com/companies/cognitio-labs,yc_oss_current,false,unverified_candidate,yc_slug_inference,cognitio-labs,https://www.crunchbase.com/organization/cognitio-labs,
25672,Cogram,cogram,Winter 2022,Active,https://cogram.com,https://www.ycombinator.com/companies/cogram,yc_oss_current,false,unverified_candidate,yc_slug_inference,cogram,https://www.crunchbase.com/organization/cogram,
22063,Cohere,cohere,Summer 2020,Acquired,https://cohere.io,https://www.ycombinator.com/companies/cohere,yc_oss_current,false,unverified_candidate,yc_slug_inference,cohere,https://www.crunchbase.com/organization/cohere,
31562,Cohesion,cohesion,Spring 2026,Active,https://cohesionplatform.com/,https://www.ycombinator.com/companies/cohesion,yc_oss_current,false,unverified_candidate,yc_slug_inference,cohesion,https://www.crunchbase.com/organization/cohesion,
30565,Cohesive,cohesive,Spring 2025,Active,https://getcohesiveai.com,https://www.ycombinator.com/companies/cohesive,yc_oss_current,false,unverified_candidate,yc_slug_inference,cohesive,https://www.crunchbase.com/organization/cohesive,
27857,coil inc.,coil-inc,Winter 2023,Active,http://www.trycoil.com,https://www.ycombinator.com/companies/coil-inc,yc_oss_current,false,unverified_candidate,yc_slug_inference,coil-inc,https://www.crunchbase.com/organization/coil-inc,
27991,Coldreach,coldreach,Winter 2023,Active,https://coldreach.ai/,https://www.ycombinator.com/companies/coldreach,yc_oss_current,false,unverified_candidate,yc_slug_inference,coldreach,https://www.crunchbase.com/organization/coldreach,
31461,Collar,collar,Fall 2026,Active,https://usecollarai.com,https://www.ycombinator.com/companies/collar,yc_oss_current,false,unverified_candidate,yc_slug_inference,collar,https://www.crunchbase.com/organization/collar,
30091,CollectWise,collectwise,Fall 2024,Active,https://collectwise.com/,https://www.ycombinator.com/companies/collectwise,yc_oss_current,false,unverified_candidate,yc_slug_inference,collectwise,https://www.crunchbase.com/organization/collectwise,
24391,CoLoop,coloop,Summer 2021,Active,https://coloop.ai/,https://www.ycombinator.com/companies/coloop,yc_oss_current,false,unverified_candidate,yc_slug_inference,coloop,https://www.crunchbase.com/organization/coloop,
27966,CombineHealth,combinehealth,Winter 2023,Active,https://www.combinehealth.ai/,https://www.ycombinator.com/companies/combinehealth,yc_oss_current,false,unverified_candidate,yc_slug_inference,combinehealth,https://www.crunchbase.com/organization/combinehealth,
30461,Combinely,combinely,Spring 2025,Active,https://combinely.ai,https://www.ycombinator.com/companies/combinely,yc_oss_current,false,unverified_candidate,yc_slug_inference,combinely,https://www.crunchbase.com/organization/combinely,
30698,Comena,comena,Summer 2025,Active,https://comena.ai,https://www.ycombinator.com/companies/comena,yc_oss_current,false,unverified_candidate,yc_slug_inference,comena,https://www.crunchbase.com/organization/comena,
24370,Comet Health,comet-health,Summer 2021,Inactive,https://trycomet.com,https://www.ycombinator.com/companies/comet-health,yc_oss_current,false,unverified_candidate,yc_slug_inference,comet-health,https://www.crunchbase.com/organization/comet-health,
29596,Comfy Deploy,comfy-deploy,Summer 2024,Active,https://comfydeploy.com,https://www.ycombinator.com/companies/comfy-deploy,yc_oss_current,false,unverified_candidate,yc_slug_inference,comfy-deploy,https://www.crunchbase.com/organization/comfy-deploy,
29455,CommodityAI,commodityai,Winter 2024,Active,https://commodityai.io/,https://www.ycombinator.com/companies/commodityai,yc_oss_current,false,unverified_candidate,yc_slug_inference,commodityai,https://www.crunchbase.com/organization/commodityai,
25657,Complete,complete,Winter 2022,Active,https://complete.so,https://www.ycombinator.com/companies/complete,yc_oss_current,false,unverified_candidate,yc_slug_inference,complete,https://www.crunchbase.com/organization/complete,
27935,compliant-llm,compliant-llm,Winter 2023,Active,https://www.compliantllm.com/,https://www.ycombinator.com/companies/compliant-llm,yc_oss_current,false,unverified_candidate,yc_slug_inference,compliant-llm,https://www.crunchbase.com/organization/compliant-llm,
31443,Complir,complir,Spring 2026,Active,https://complir.io/,https://www.ycombinator.com/companies/complir,yc_oss_current,false,unverified_candidate,yc_slug_inference,complir,https://www.crunchbase.com/organization/complir,
30918,ComplyDo,complydo,Fall 2025,Active,https://www.complydo.io/,https://www.ycombinator.com/companies/complydo,yc_oss_current,false,unverified_candidate,yc_slug_inference,complydo,https://www.crunchbase.com/organization/complydo,
23200,Compose.ai,compose-ai,Winter 2021,Active,https://compose.ai,https://www.ycombinator.com/companies/compose-ai,yc_oss_current,false,unverified_candidate,yc_slug_inference,compose-ai,https://www.crunchbase.com/organization/compose-ai,
12655,Compound,compound,Summer 2019,Acquired,https://withcompound.com/,https://www.ycombinator.com/companies/compound,yc_oss_current,false,unverified_candidate,yc_slug_inference,compound,https://www.crunchbase.com/organization/compound,
25160,Compra Rápida,compra-rapida,Winter 2022,Active,https://www.comprarapida.co/,https://www.ycombinator.com/companies/compra-rapida,yc_oss_current,false,unverified_candidate,yc_slug_inference,compra-rapida,https://www.crunchbase.com/organization/compra-rapida,
31164,Compresr,compresr,Winter 2026,Active,https://compresr.ai,https://www.ycombinator.com/companies/compresr,yc_oss_current,false,unverified_candidate,yc_slug_inference,compresr,https://www.crunchbase.com/organization/compresr,
32814,Computable,computable,Summer 2026,Active,https://getcomputable.com,https://www.ycombinator.com/companies/computable,yc_oss_current,false,unverified_candidate,yc_slug_inference,computable,https://www.crunchbase.com/organization/computable,
30921,Compyle,compyle,Fall 2025,Active,https://compyle.ai,https://www.ycombinator.com/companies/compyle,yc_oss_current,false,unverified_candidate,yc_slug_inference,compyle,https://www.crunchbase.com/organization/compyle,
11954,Comradery,comradery,Winter 2019,Inactive,https://comradery.com,https://www.ycombinator.com/companies/comradery,yc_oss_current,false,unverified_candidate,yc_slug_inference,comradery,https://www.crunchbase.com/organization/comradery,
23971,Concord Materials,concord-materials,Summer 2021,Active,https://concordmaterials.com,https://www.ycombinator.com/companies/concord-materials,yc_oss_current,false,unverified_candidate,yc_slug_inference,concord-materials,https://www.crunchbase.com/organization/concord-materials,
27699,Concourse,concourse,Winter 2023,Active,https://concourse.co/,https://www.ycombinator.com/companies/concourse,yc_oss_current,false,unverified_candidate,yc_slug_inference,concourse,https://www.crunchbase.com/organization/concourse,
31303,Condor Energy,condor-energy,Winter 2026,Active,https://www.condor.energy,https://www.ycombinator.com/companies/condor-energy,yc_oss_current,false,unverified_candidate,yc_slug_inference,condor-energy,https://www.crunchbase.com/organization/condor-energy,
29989,Conductor,conductor,Summer 2024,Active,https://conductor.build,https://www.ycombinator.com/companies/conductor,yc_oss_current,false,unverified_candidate,yc_slug_inference,conductor,https://www.crunchbase.com/organization/conductor,
29754,Conductor Quantum,conductor-quantum,Summer 2024,Active,https://www.conductorquantum.com,https://www.ycombinator.com/companies/conductor-quantum,yc_oss_current,false,unverified_candidate,yc_slug_inference,conductor-quantum,https://www.crunchbase.com/organization/conductor-quantum,
28110,Conduit,conduit,Winter 2023,Active,http://helloconduit.com,https://www.ycombinator.com/companies/conduit,yc_oss_current,false,unverified_candidate,yc_slug_inference,conduit,https://www.crunchbase.com/organization/conduit,
29380,Conduit,conduit-ai,Winter 2024,Active,https://conduit.ai/,https://www.ycombinator.com/companies/conduit-ai,yc_oss_current,false,unverified_candidate,yc_slug_inference,conduit-ai,https://www.crunchbase.com/organization/conduit-ai,
27253,Cone,cone,Summer 2022,Active,https://www.getcone.io,https://www.ycombinator.com/companies/cone,yc_oss_current,false,unverified_candidate,yc_slug_inference,cone,https://www.crunchbase.com/organization/cone,
30283,Confident AI,confident-ai,Winter 2025,Active,https://confident-ai.com,https://www.ycombinator.com/companies/confident-ai,yc_oss_current,false,unverified_candidate,yc_slug_inference,confident-ai,https://www.crunchbase.com/organization/confident-ai,
889,Confident LIMS,confident-lims,Summer 2015,Active,https://confidentlims.com,https://www.ycombinator.com/companies/confident-lims,yc_oss_current,false,unverified_candidate,yc_slug_inference,confident-lims,https://www.crunchbase.com/organization/confident-lims,
24064,Confido,confido,Summer 2021,Active,https://www.confidotech.com,https://www.ycombinator.com/companies/confido,yc_oss_current,false,unverified_candidate,yc_slug_inference,confido,https://www.crunchbase.com/organization/confido,
31162,Confluence Labs,confluence-labs,Winter 2026,Active,https://confluence.sh,https://www.ycombinator.com/companies/confluence-labs,yc_oss_current,false,unverified_candidate,yc_slug_inference,confluence-labs,https://www.crunchbase.com/organization/confluence-labs,
31196,Congruent,congruent,Winter 2026,Active,https://congruent.io,https://www.ycombinator.com/companies/congruent,yc_oss_current,false,unverified_candidate,yc_slug_inference,congruent,https://www.crunchbase.com/organization/congruent,
33936,Conifer,conifer,Summer 2026,Active,https://www.conifer.build,https://www.ycombinator.com/companies/conifer,yc_oss_current,false,unverified_candidate,yc_slug_inference,conifer,https://www.crunchbase.com/organization/conifer,
30210,Conntour,conntour,Winter 2025,Active,https://www.conntour.com/,https://www.ycombinator.com/companies/conntour,yc_oss_current,false,unverified_candidate,yc_slug_inference,conntour,https://www.crunchbase.com/organization/conntour,
28094,Constant,constant,Winter 2023,Active,https://useconstant.com,https://www.ycombinator.com/companies/constant,yc_oss_current,false,unverified_candidate,yc_slug_inference,constant,https://www.crunchbase.com/organization/constant,
31212,Constellation Space,constellation-space,Winter 2026,Active,https://constellation.space/,https://www.ycombinator.com/companies/constellation-space,yc_oss_current,false,unverified_candidate,yc_slug_inference,constellation-space,https://www.crunchbase.com/organization/constellation-space,
29121,Constructable,constructable,Summer 2023,Active,https://www.constructable.ai/,https://www.ycombinator.com/companies/constructable,yc_oss_current,false,unverified_candidate,yc_slug_inference,constructable,https://www.crunchbase.com/organization/constructable,
29338,Consul,consul,Winter 2024,Active,https://onconsul.com,https://www.ycombinator.com/companies/consul,yc_oss_current,false,unverified_candidate,yc_slug_inference,consul,https://www.crunchbase.com/organization/consul,
30095,Consus,consus,Fall 2024,Active,https://www.consus.io,https://www.ycombinator.com/companies/consus,yc_oss_current,false,unverified_candidate,yc_slug_inference,consus,https://www.crunchbase.com/organization/consus,
32227,Context.dev,contextdev,Summer 2026,Active,https://context.dev,https://www.ycombinator.com/companies/contextdev,yc_oss_current,false,unverified_candidate,yc_slug_inference,contextdev,https://www.crunchbase.com/organization/contextdev,
30626,ContextFort,contextfort,Summer 2025,Active,https://contextfort.ai/,https://www.ycombinator.com/companies/contextfort,yc_oss_current,false,unverified_candidate,yc_slug_inference,contextfort,https://www.crunchbase.com/organization/contextfort,
28957,Continue,continue,Summer 2023,Acquired,https://continue.dev,https://www.ycombinator.com/companies/continue,yc_oss_current,false,unverified_candidate,yc_slug_inference,continue,https://www.crunchbase.com/organization/continue,
28816,Contour,contour,Summer 2023,Active,https://trycontour.com,https://www.ycombinator.com/companies/contour,yc_oss_current,false,unverified_candidate,yc_slug_inference,contour,https://www.crunchbase.com/organization/contour,
31261,Control Seat,control-seat,Summer 2026,Active,https://www.controlseat.com,https://www.ycombinator.com/companies/control-seat,yc_oss_current,false,unverified_candidate,yc_slug_inference,control-seat,https://www.crunchbase.com/organization/control-seat,
22841,ControlHub,controlhub,Winter 2021,Inactive,https://controlhub.com/,https://www.ycombinator.com/companies/controlhub,yc_oss_current,false,unverified_candidate,yc_slug_inference,controlhub,https://www.crunchbase.com/organization/controlhub,
28983,Converge,converge,Summer 2023,Active,http://www.runconverge.com,https://www.ycombinator.com/companies/converge,yc_oss_current,false,unverified_candidate,yc_slug_inference,converge,https://www.crunchbase.com/organization/converge,
11972,Convex,convex,Winter 2019,Acquired,https://www.convex.com,https://www.ycombinator.com/companies/convex,yc_oss_current,false,unverified_candidate,yc_slug_inference,convex,https://www.crunchbase.com/organization/convex,
30747,Convexia,convexia,Summer 2025,Active,https://convexia.bio,https://www.ycombinator.com/companies/convexia,yc_oss_current,false,unverified_candidate,yc_slug_inference,convexia,https://www.crunchbase.com/organization/convexia,
30681,Conviction,conviction,Summer 2025,Active,https://convictiontrade.ai,https://www.ycombinator.com/companies/conviction,yc_oss_current,false,unverified_candidate,yc_slug_inference,conviction,https://www.crunchbase.com/organization/conviction,
25720,Convoy,convoy-2,Winter 2022,Active,https://getconvoy.io,https://www.ycombinator.com/companies/convoy-2,yc_oss_current,false,unverified_candidate,yc_slug_inference,convoy-2,https://www.crunchbase.com/organization/convoy-2,
29306,Copper Health,copper-health,Winter 2024,Active,https://www.copperhealth.co/,https://www.ycombinator.com/companies/copper-health,yc_oss_current,false,unverified_candidate,yc_slug_inference,copper-health,https://www.crunchbase.com/organization/copper-health,
31260,Copperlane,copperlane,Winter 2026,Active,https://www.copperlane.ai,https://www.ycombinator.com/companies/copperlane,yc_oss_current,false,unverified_candidate,yc_slug_inference,copperlane,https://www.crunchbase.com/organization/copperlane,
30338,CopyCat,copycat,Winter 2025,Active,https://runcopycat.com,https://www.ycombinator.com/companies/copycat,yc_oss_current,false,unverified_candidate,yc_slug_inference,copycat,https://www.crunchbase.com/organization/copycat,
29207,Cora,cora,Winter 2024,Active,https://www.corahealth.app/download,https://www.ycombinator.com/companies/cora,yc_oss_current,false,unverified_candidate,yc_slug_inference,cora,https://www.crunchbase.com/organization/cora,
1981,Coral Genomics,coral-genomics,Summer 2018,Acquired,https://www.coralgenomics.com,https://www.ycombinator.com/companies/coral-genomics,yc_oss_current,false,unverified_candidate,yc_slug_inference,coral-genomics,https://www.crunchbase.com/organization/coral-genomics,
28836,CORE,heysol,Summer 2023,Active,https://getcore.me,https://www.ycombinator.com/companies/heysol,yc_oss_current,false,unverified_candidate,yc_slug_inference,heysol,https://www.crunchbase.com/organization/heysol,
31241,Corelayer,corelayer,Winter 2026,Active,https://www.corelayer.com,https://www.ycombinator.com/companies/corelayer,yc_oss_current,false,unverified_candidate,yc_slug_inference,corelayer,https://www.crunchbase.com/organization/corelayer,
29646,Corgi Insurance,corgi-insurance,Summer 2024,Active,https://corgi.com,https://www.ycombinator.com/companies/corgi-insurance,yc_oss_current,false,unverified_candidate,yc_slug_inference,corgi-insurance,https://www.crunchbase.com/organization/corgi-insurance,
28077,Corgi Labs,corgi-labs,Winter 2023,Active,https://www.corgilabs.ai,https://www.ycombinator.com/companies/corgi-labs,yc_oss_current,false,unverified_candidate,yc_slug_inference,corgi-labs,https://www.crunchbase.com/organization/corgi-labs,
26882,Coris,coris,Summer 2022,Active,https://coris.ai/,https://www.ycombinator.com/companies/coris,yc_oss_current,false,unverified_candidate,yc_slug_inference,coris,https://www.crunchbase.com/organization/coris,
30319,Corsair,corsair,Winter 2025,Active,https://www.corsair.dev,https://www.ycombinator.com/companies/corsair,yc_oss_current,false,unverified_candidate,yc_slug_inference,corsair,https://www.crunchbase.com/organization/corsair,
30930,Cortex AI,cortex-ai,Fall 2025,Active,https://cortexrobot.ai/,https://www.ycombinator.com/companies/cortex-ai,yc_oss_current,false,unverified_candidate,yc_slug_inference,cortex-ai,https://www.crunchbase.com/organization/cortex-ai,
31051,Corvera,corvera,Winter 2026,Active,https://corvera.ai/,https://www.ycombinator.com/companies/corvera,yc_oss_current,false,unverified_candidate,yc_slug_inference,corvera,https://www.crunchbase.com/organization/corvera,
25450,Corveus Medical,corveus-medical,Winter 2022,Active,https://www.corveusmedical.com/,https://www.ycombinator.com/companies/corveus-medical,yc_oss_current,false,unverified_candidate,yc_slug_inference,corveus-medical,https://www.crunchbase.com/organization/corveus-medical,
1950,Corvus Robotics,corvus-robotics,Summer 2018,Active,https://www.corvus-robotics.com,https://www.ycombinator.com/companies/corvus-robotics,yc_oss_current,false,unverified_candidate,yc_slug_inference,corvus-robotics,https://www.crunchbase.com/organization/corvus-robotics,
33012,Cosmic Robotics,cosmic-robotics,Summer 2026,Active,https://www.cosmicrobotics.com/,https://www.ycombinator.com/companies/cosmic-robotics,yc_oss_current,false,unverified_candidate,yc_slug_inference,cosmic-robotics,https://www.crunchbase.com/organization/cosmic-robotics,
30692,Costream,costream,Summer 2025,Active,https://www.costream.ai,https://www.ycombinator.com/companies/costream,yc_oss_current,false,unverified_candidate,yc_slug_inference,costream,https://www.crunchbase.com/organization/costream,
25680,Cotera,cotera,Winter 2022,Active,https://cotera.co,https://www.ycombinator.com/companies/cotera,yc_oss_current,false,unverified_candidate,yc_slug_inference,cotera,https://www.crunchbase.com/organization/cotera,
30535,Cotool,cotool,Spring 2025,Active,https://cotool.ai,https://www.ycombinator.com/companies/cotool,yc_oss_current,false,unverified_candidate,yc_slug_inference,cotool,https://www.crunchbase.com/organization/cotool,
24045,Coulomb AI,coulomb-ai,Summer 2021,Active,https://coulomb.ai/,https://www.ycombinator.com/companies/coulomb-ai,yc_oss_current,false,unverified_candidate,yc_slug_inference,coulomb-ai,https://www.crunchbase.com/organization/coulomb-ai,
31268,Cova,cova,Summer 2026,Active,https://cova.care/,https://www.ycombinator.com/companies/cova,yc_oss_current,false,unverified_candidate,yc_slug_inference,cova,https://www.crunchbase.com/organization/cova,
29524,Coval,coval,Summer 2024,Active,https://coval.dev,https://www.ycombinator.com/companies/coval,yc_oss_current,false,unverified_candidate,yc_slug_inference,coval,https://www.crunchbase.com/organization/coval,
36084,Covera,covera,Fall 2026,Active,https://www.covera-agents.com/,https://www.ycombinator.com/companies/covera,yc_oss_current,false,unverified_candidate,yc_slug_inference,covera,https://www.crunchbase.com/organization/covera,
21898,Cradle,cradle,Summer 2020,Active,https://www.cradlefinance.com,https://www.ycombinator.com/companies/cradle,yc_oss_current,false,unverified_candidate,yc_slug_inference,cradle,https://www.crunchbase.com/organization/cradle,
665,Craft Coffee,craft-coffee,Summer 2014,Acquired,https://www.craftcoffee.com,https://www.ycombinator.com/companies/craft-coffee,yc_oss_current,false,unverified_candidate,yc_slug_inference,craft-coffee,https://www.crunchbase.com/organization/craft-coffee,
28858,CraftOS,craftos,Summer 2023,Inactive,http://craftos.com,https://www.ycombinator.com/companies/craftos,yc_oss_current,false,unverified_candidate,yc_slug_inference,craftos,https://www.crunchbase.com/organization/craftos,
25332,Craniometrix,craniometrix,Winter 2022,Active,https://craniometrix.com,https://www.ycombinator.com/companies/craniometrix,yc_oss_current,false,unverified_candidate,yc_slug_inference,craniometrix,https://www.crunchbase.com/organization/craniometrix,
30878,Cranston AI,cranston-ai,Fall 2025,Active,https://www.cranston.ai,https://www.ycombinator.com/companies/cranston-ai,yc_oss_current,false,unverified_candidate,yc_slug_inference,cranston-ai,https://www.crunchbase.com/organization/cranston-ai,
26739,Craze,craze,Summer 2022,Active,https://www.craze.ai/?utm_source=yc,https://www.ycombinator.com/companies/craze,yc_oss_current,false,unverified_candidate,yc_slug_inference,craze,https://www.crunchbase.com/organization/craze,
29716,CreativeMode,creativemode,Summer 2024,Active,https://creativemode.net,https://www.ycombinator.com/companies/creativemode,yc_oss_current,false,unverified_candidate,yc_slug_inference,creativemode,https://www.crunchbase.com/organization/creativemode,
27825,CreatorML,creatorml,Winter 2023,Inactive,https://creatorml.com/,https://www.ycombinator.com/companies/creatorml,yc_oss_current,false,unverified_candidate,yc_slug_inference,creatorml,https://www.crunchbase.com/organization/creatorml,
24773,Crew,crew,Summer 2021,Active,https://crew.work/,https://www.ycombinator.com/companies/crew,yc_oss_current,false,archive_observed_candidate,commoncrawl_2019_slug_observation,crew,https://www.crunchbase.com/organization/crew,
30479,Crimson,crimson,Spring 2025,Active,https://crimson.law,https://www.ycombinator.com/companies/crimson,yc_oss_current,false,unverified_candidate,yc_slug_inference,crimson,https://www.crunchbase.com/organization/crimson,
29354,crmCopilot,crmcopilot,Winter 2024,Inactive,https://www.crmcopilot.co?utm_source=yc,https://www.ycombinator.com/companies/crmcopilot,yc_oss_current,false,unverified_candidate,yc_slug_inference,crmcopilot,https://www.crunchbase.com/organization/crmcopilot,
31016,Crosslayer Labs,crosslayer-labs,Winter 2026,Active,https://www.crosslayerlabs.com/,https://www.ycombinator.com/companies/crosslayer-labs,yc_oss_current,false,unverified_candidate,yc_slug_inference,crosslayer-labs,https://www.crunchbase.com/organization/crosslayer-labs,
30024,Crouton,crouton,Fall 2024,Active,https://usecrouton.com,https://www.ycombinator.com/companies/crouton,yc_oss_current,false,unverified_candidate,yc_slug_inference,crouton,https://www.crunchbase.com/organization/crouton,
13507,CrowdForce,crowdforce,Winter 2020,Acquired,https://crowdforce.io/,https://www.ycombinator.com/companies/crowdforce,yc_oss_current,false,unverified_candidate,yc_slug_inference,crowdforce,https://www.crunchbase.com/organization/crowdforce,
29508,CrowdVolt,crowdvolt,Winter 2024,Active,https://crowdvolt.com/,https://www.ycombinator.com/companies/crowdvolt,yc_oss_current,false,unverified_candidate,yc_slug_inference,crowdvolt,https://www.crunchbase.com/organization/crowdvolt,
30949,Crunched,crunched,Fall 2025,Active,https://usecrunched.com/,https://www.ycombinator.com/companies/crunched,yc_oss_current,false,unverified_candidate,yc_slug_inference,crunched,https://www.crunchbase.com/organization/crunched,
30076,Crustdata,crustdata,Fall 2024,Active,https://crustdata.com,https://www.ycombinator.com/companies/crustdata,yc_oss_current,false,unverified_candidate,yc_slug_inference,crustdata,https://www.crunchbase.com/organization/crustdata,
30054,CTGT,ctgt,Fall 2024,Active,https://www.ctgt.ai/,https://www.ycombinator.com/companies/ctgt,yc_oss_current,false,unverified_candidate,yc_slug_inference,ctgt,https://www.crunchbase.com/organization/ctgt,
30420,Cua,cua,Spring 2025,Active,https://cua.ai,https://www.ycombinator.com/companies/cua,yc_oss_current,false,unverified_candidate,yc_slug_inference,cua,https://www.crunchbase.com/organization/cua,
30411,cubic,cubic,Spring 2025,Active,https://cubic.dev/,https://www.ycombinator.com/companies/cubic,yc_oss_current,false,unverified_candidate,yc_slug_inference,cubic,https://www.crunchbase.com/organization/cubic,
31128,Cumulus Labs,cumulus-labs,Winter 2026,Active,https://cumuluslabs.io,https://www.ycombinator.com/companies/cumulus-labs,yc_oss_current,false,unverified_candidate,yc_slug_inference,cumulus-labs,https://www.crunchbase.com/organization/cumulus-labs,
25684,Curacel,curacel,Winter 2022,Active,https://curacel.co,https://www.ycombinator.com/companies/curacel,yc_oss_current,false,unverified_candidate,yc_slug_inference,curacel,https://www.crunchbase.com/organization/curacel,
30083,Curo,curo,Fall 2024,Active,https://www.curocharging.com/,https://www.ycombinator.com/companies/curo,yc_oss_current,false,unverified_candidate,yc_slug_inference,curo,https://www.crunchbase.com/organization/curo,
21839,Current Foods,current-foods,Summer 2020,Acquired,http://currentfoods.com,https://www.ycombinator.com/companies/current-foods,yc_oss_current,false,unverified_candidate,yc_slug_inference,current-foods,https://www.crunchbase.com/organization/current-foods,
12850,Curri,curri,Summer 2019,Active,http://www.curri.com,https://www.ycombinator.com/companies/curri,yc_oss_current,false,unverified_candidate,yc_slug_inference,curri,https://www.crunchbase.com/organization/curri,
25418,CUTR,cutr,Winter 2022,Active,https://www.cutr.ai/,https://www.ycombinator.com/companies/cutr,yc_oss_current,false,unverified_candidate,yc_slug_inference,cutr,https://www.crunchbase.com/organization/cutr,
25911,Cypher,cypher,Winter 2022,Active,https://cypherhq.io/,https://www.ycombinator.com/companies/cypher,yc_oss_current,false,unverified_candidate,yc_slug_inference,cypher,https://www.crunchbase.com/organization/cypher,
29703,d_model,d_model,Summer 2024,Active,https://www.dmodel.ai,https://www.ycombinator.com/companies/d_model,yc_oss_current,false,unverified_candidate,yc_slug_inference,d_model,https://www.crunchbase.com/organization/d_model,
1663,D-ID,d-id,Summer 2017,Active,http://www.d-id.com,https://www.ycombinator.com/companies/d-id,yc_oss_current,false,unverified_candidate,yc_slug_inference,d-id,https://www.crunchbase.com/organization/d-id,
822,Dabble,dabble,Winter 2015,Inactive,https://dabble.so,https://www.ycombinator.com/companies/dabble,yc_oss_current,false,unverified_candidate,yc_slug_inference,dabble,https://www.crunchbase.com/organization/dabble,
13476,Daedalus,daedalus,Winter 2020,Active,https://daedalus.de,https://www.ycombinator.com/companies/daedalus,yc_oss_current,false,unverified_candidate,yc_slug_inference,daedalus,https://www.crunchbase.com/organization/daedalus,
12093,Dagger,dagger,Winter 2019,Active,https://dagger.io,https://www.ycombinator.com/companies/dagger,yc_oss_current,false,unverified_candidate,yc_slug_inference,dagger,https://www.crunchbase.com/organization/dagger,
28081,DAGWorks Inc.,dagworks-inc,Winter 2023,Acquired,https://www.dagworks.io/,https://www.ycombinator.com/companies/dagworks-inc,yc_oss_current,false,unverified_candidate,yc_slug_inference,dagworks-inc,https://www.crunchbase.com/organization/dagworks-inc,
12079,DailyDoctor,dailydoctor,Winter 2019,Inactive,https://www.mydailydoctor.com,https://www.ycombinator.com/companies/dailydoctor,yc_oss_current,false,unverified_candidate,yc_slug_inference,dailydoctor,https://www.crunchbase.com/organization/dailydoctor,
31287,DAIVIN!,daivin,Winter 2026,Active,https://www.daivin.tech/,https://www.ycombinator.com/companies/daivin,yc_oss_current,false,unverified_candidate,yc_slug_inference,daivin,https://www.crunchbase.com/organization/daivin,
30328,Dalus,dalus,Winter 2025,Active,https://dalus.io,https://www.ycombinator.com/companies/dalus,yc_oss_current,false,unverified_candidate,yc_slug_inference,dalus,https://www.crunchbase.com/organization/dalus,
32649,Daqstra,daqstra,Summer 2026,Active,https://www.daqstra.com,https://www.ycombinator.com/companies/daqstra,yc_oss_current,false,unverified_candidate,yc_slug_inference,daqstra,https://www.crunchbase.com/organization/daqstra,
30864,dari.dev,daridev,Fall 2025,Active,https://dari.dev,https://www.ycombinator.com/companies/daridev,yc_oss_current,false,unverified_candidate,yc_slug_inference,daridev,https://www.crunchbase.com/organization/daridev,
30032,Darkgrade,darkgrade,Fall 2024,Active,https://darkgrade.com,https://www.ycombinator.com/companies/darkgrade,yc_oss_current,false,unverified_candidate,yc_slug_inference,darkgrade,https://www.crunchbase.com/organization/darkgrade,
22987,Darrow,darrow,Winter 2021,Active,https://darrow.ai/,https://www.ycombinator.com/companies/darrow,yc_oss_current,false,unverified_candidate,yc_slug_inference,darrow,https://www.crunchbase.com/organization/darrow,
26035,Darsel,darsel,Winter 2022,Active,http://darsel.tech,https://www.ycombinator.com/companies/darsel,yc_oss_current,false,unverified_candidate,yc_slug_inference,darsel,https://www.crunchbase.com/organization/darsel,
25587,Dart,dart,Winter 2022,Active,https://www.dartai.com,https://www.ycombinator.com/companies/dart,yc_oss_current,false,unverified_candidate,yc_slug_inference,dart,https://www.crunchbase.com/organization/dart,
30201,Dartboard,dartboard,Winter 2025,Active,https://dartboard.ai,https://www.ycombinator.com/companies/dartboard,yc_oss_current,false,unverified_candidate,yc_slug_inference,dartboard,https://www.crunchbase.com/organization/dartboard,
12613,Dashblock,dashblock,Summer 2019,Inactive,https://dashblock.com,https://www.ycombinator.com/companies/dashblock,yc_oss_current,false,unverified_candidate,yc_slug_inference,dashblock,https://www.crunchbase.com/organization/dashblock,
27703,Dashdive,dashdive,Winter 2023,Acquired,https://dashdive.com,https://www.ycombinator.com/companies/dashdive,yc_oss_current,false,unverified_candidate,yc_slug_inference,dashdive,https://www.crunchbase.com/organization/dashdive,
12669,Data Mechanics,data-mechanics,Summer 2019,Acquired,https://www.datamechanics.co,https://www.ycombinator.com/companies/data-mechanics,yc_oss_current,false,unverified_candidate,yc_slug_inference,data-mechanics,https://www.crunchbase.com/organization/data-mechanics,
29457,Datacurve,datacurve,Winter 2024,Active,https://datacurve.ai/,https://www.ycombinator.com/companies/datacurve,yc_oss_current,false,unverified_candidate,yc_slug_inference,datacurve,https://www.crunchbase.com/organization/datacurve,
21781,Datafold,datafold,Summer 2020,Active,https://datafold.com,https://www.ycombinator.com/companies/datafold,yc_oss_current,false,unverified_candidate,yc_slug_inference,datafold,https://www.crunchbase.com/organization/datafold,
30628,Datafruit,datafruit,Summer 2025,Active,https://datafruit.ai/,https://www.ycombinator.com/companies/datafruit,yc_oss_current,false,unverified_candidate,yc_slug_inference,datafruit,https://www.crunchbase.com/organization/datafruit,
22076,Dataland,dataland,Summer 2020,Active,https://dataland.io,https://www.ycombinator.com/companies/dataland,yc_oss_current,false,unverified_candidate,yc_slug_inference,dataland,https://www.crunchbase.com/organization/dataland,
29807,Dataleap,dataleap,Summer 2024,Active,https://dataleap.ai/,https://www.ycombinator.com/companies/dataleap,yc_oss_current,false,unverified_candidate,yc_slug_inference,dataleap,https://www.crunchbase.com/organization/dataleap,
28829,DataShare,datashare,Summer 2023,Active,http://datashare.co/,https://www.ycombinator.com/companies/datashare,yc_oss_current,false,unverified_candidate,yc_slug_inference,datashare,https://www.crunchbase.com/organization/datashare,
27867,DataSuite,datasuite,Winter 2023,Active,https://truthsuite.com,https://www.ycombinator.com/companies/datasuite,yc_oss_current,false,unverified_candidate,yc_slug_inference,datasuite,https://www.crunchbase.com/organization/datasuite,
24846,Datlo,datlo,Summer 2021,Active,https://www.datlo.com/,https://www.ycombinator.com/companies/datlo,yc_oss_current,false,unverified_candidate,yc_slug_inference,datlo,https://www.crunchbase.com/organization/datlo,
31223,Datoric,datoric,Summer 2026,Active,https://www.datoric.com,https://www.ycombinator.com/companies/datoric,yc_oss_current,false,unverified_candidate,yc_slug_inference,datoric,https://www.crunchbase.com/organization/datoric,
29759,David AI,david-ai,Summer 2024,Active,https://www.withdavid.ai/,https://www.ycombinator.com/companies/david-ai,yc_oss_current,false,unverified_candidate,yc_slug_inference,david-ai,https://www.crunchbase.com/organization/david-ai,
33344,Dawn Industries,dawn-industries,Summer 2026,Active,https://www.dawnxr.com,https://www.ycombinator.com/companies/dawn-industries,yc_oss_current,false,unverified_candidate,yc_slug_inference,dawn-industries,https://www.crunchbase.com/organization/dawn-industries,
21947,Daybreak Health,daybreak-health,Summer 2020,Active,https://www.daybreakhealth.com/,https://www.ycombinator.com/companies/daybreak-health,yc_oss_current,false,unverified_candidate,yc_slug_inference,daybreak-health,https://www.crunchbase.com/organization/daybreak-health,
29852,Dayflow,dayflow,Summer 2024,Active,https://www.dayflow.so,https://www.ycombinator.com/companies/dayflow,yc_oss_current,false,unverified_candidate,yc_slug_inference,dayflow,https://www.crunchbase.com/organization/dayflow,
31370,Dayjob,dayjob,Spring 2026,Active,https://www.getdayjob.ai,https://www.ycombinator.com/companies/dayjob,yc_oss_current,false,unverified_candidate,yc_slug_inference,dayjob,https://www.crunchbase.com/organization/dayjob,
26073,Dealls – Jobs & Mentoring,dealls-jobs-and-mentoring,Winter 2022,Active,https://dealls.com,https://www.ycombinator.com/companies/dealls-jobs-and-mentoring,yc_oss_current,false,unverified_candidate,yc_slug_inference,dealls-jobs-and-mentoring,https://www.crunchbase.com/organization/dealls-jobs-and-mentoring,
28787,Deasy Labs,deasy-labs,Summer 2023,Acquired,https://www.deasylabs.com/,https://www.ycombinator.com/companies/deasy-labs,yc_oss_current,false,unverified_candidate,yc_slug_inference,deasy-labs,https://www.crunchbase.com/organization/deasy-labs,
33047,Decawork,decawork,Summer 2026,Active,https://decawork.ai/,https://www.ycombinator.com/companies/decawork,yc_oss_current,false,unverified_candidate,yc_slug_inference,decawork,https://www.crunchbase.com/organization/decawork,
25950,Decent,decent,Winter 2022,Acquired,https://www.decent.xyz/,https://www.ycombinator.com/companies/decent,yc_oss_current,false,unverified_candidate,yc_slug_inference,decent,https://www.crunchbase.com/organization/decent,
29334,Decipher AI,decipher-ai,Winter 2024,Active,https://getdecipher.com,https://www.ycombinator.com/companies/decipher-ai,yc_oss_current,false,unverified_candidate,yc_slug_inference,decipher-ai,https://www.crunchbase.com/organization/decipher-ai,
29655,Decisional AI,decisional-ai,Summer 2024,Active,https://www.decisional.com/,https://www.ycombinator.com/companies/decisional-ai,yc_oss_current,false,unverified_candidate,yc_slug_inference,decisional-ai,https://www.crunchbase.com/organization/decisional-ai,
28890,Decoda Health,decoda-health,Summer 2023,Active,https://decodahealth.com/,https://www.ycombinator.com/companies/decoda-health,yc_oss_current,false,unverified_candidate,yc_slug_inference,decoda-health,https://www.crunchbase.com/organization/decoda-health,
28097,Decohere,decohere,Winter 2023,Active,https://decohere.ai,https://www.ycombinator.com/companies/decohere,yc_oss_current,false,unverified_candidate,yc_slug_inference,decohere,https://www.crunchbase.com/organization/decohere,
31395,Deep Interactions,deep-interactions,Spring 2026,Active,https://deepinteractions.ai/,https://www.ycombinator.com/companies/deep-interactions,yc_oss_current,false,unverified_candidate,yc_slug_inference,deep-interactions,https://www.crunchbase.com/organization/deep-interactions,
29422,Deep24,deep24,Winter 2024,Active,https://deep24.com,https://www.ycombinator.com/companies/deep24,yc_oss_current,false,unverified_candidate,yc_slug_inference,deep24,https://www.crunchbase.com/organization/deep24,
30656,DeepGrove,deepgrove,Summer 2025,Active,https://deepgrove.ai,https://www.ycombinator.com/companies/deepgrove,yc_oss_current,false,unverified_candidate,yc_slug_inference,deepgrove,https://www.crunchbase.com/organization/deepgrove,
29447,Deepnight,deepnight,Winter 2024,Active,https://www.deepnight.com,https://www.ycombinator.com/companies/deepnight,yc_oss_current,false,unverified_candidate,yc_slug_inference,deepnight,https://www.crunchbase.com/organization/deepnight,
32206,DeepReach Inc.,deepreach-inc,Summer 2026,Active,http://www.deepreach.ai,https://www.ycombinator.com/companies/deepreach-inc,yc_oss_current,false,unverified_candidate,yc_slug_inference,deepreach-inc,https://www.crunchbase.com/organization/deepreach-inc,
29747,deepsilicon,deepsilicon,Summer 2024,Inactive,https://www.deepsilicon.net/,https://www.ycombinator.com/companies/deepsilicon,yc_oss_current,false,unverified_candidate,yc_slug_inference,deepsilicon,https://www.crunchbase.com/organization/deepsilicon,
29672,"DeepSim, Inc.",deepsim-inc,Summer 2024,Active,https://www.deepsim.io,https://www.ycombinator.com/companies/deepsim-inc,yc_oss_current,false,unverified_candidate,yc_slug_inference,deepsim-inc,https://www.crunchbase.com/organization/deepsim-inc,
30858,Deeptrace,deeptrace,Fall 2025,Active,https://deeptrace.com/,https://www.ycombinator.com/companies/deeptrace,yc_oss_current,false,unverified_candidate,yc_slug_inference,deeptrace,https://www.crunchbase.com/organization/deeptrace,
32286,Definite,definite,Summer 2026,Active,https://www.usedefinite.com,https://www.ycombinator.com/companies/definite,yc_oss_current,false,unverified_candidate,yc_slug_inference,definite,https://www.crunchbase.com/organization/definite,
31452,Degla Inc,degla-inc,Fall 2026,Active,https://degla.ai,https://www.ycombinator.com/companies/degla-inc,yc_oss_current,false,unverified_candidate,yc_slug_inference,degla-inc,https://www.crunchbase.com/organization/degla-inc,
22470,Degrees of Freedom,degrees-of-freedom,Winter 2021,Inactive,https://www.DegreesOfFreedom.org,https://www.ycombinator.com/companies/degrees-of-freedom,yc_oss_current,false,unverified_candidate,yc_slug_inference,degrees-of-freedom,https://www.crunchbase.com/organization/degrees-of-freedom,
1532,Delee,delee,Winter 2017,Active,http://www.delee.co,https://www.ycombinator.com/companies/delee,yc_oss_current,false,unverified_candidate,yc_slug_inference,delee,https://www.crunchbase.com/organization/delee,
26752,Delegasi,delegasi,Summer 2022,Inactive,https://delegasi.co/,https://www.ycombinator.com/companies/delegasi,yc_oss_current,false,unverified_candidate,yc_slug_inference,delegasi,https://www.crunchbase.com/organization/delegasi,
27206,Delfino AI,delfino-ai,Summer 2022,Active,https://www.delfino.ai/,https://www.ycombinator.com/companies/delfino-ai,yc_oss_current,false,unverified_candidate,yc_slug_inference,delfino-ai,https://www.crunchbase.com/organization/delfino-ai,
29988,Delineate,delineate,Winter 2025,Active,https://delineate.pro/,https://www.ycombinator.com/companies/delineate,yc_oss_current,false,unverified_candidate,yc_slug_inference,delineate,https://www.crunchbase.com/organization/delineate,
13475,delt.ai,delt-ai,Winter 2020,Acquired,https://delt.ai,https://www.ycombinator.com/companies/delt-ai,yc_oss_current,false,unverified_candidate,yc_slug_inference,delt-ai,https://www.crunchbase.com/organization/delt-ai,
29389,Delve,delve,Winter 2024,Active,https://delve.co/?utm_source=yc&utm_medium=bio&utm_campaign=delve,https://www.ycombinator.com/companies/delve,datahive_historical,true,unverified_candidate,yc_slug_inference,delve,https://www.crunchbase.com/organization/delve,
12769,Demand Curve,demand-curve,Summer 2019,Active,https://www.demandcurve.com,https://www.ycombinator.com/companies/demand-curve,yc_oss_current,false,unverified_candidate,yc_slug_inference,demand-curve,https://www.crunchbase.com/organization/demand-curve,
27708,Demospace,demospace,Winter 2023,Inactive,https://www.demospace.ai,https://www.ycombinator.com/companies/demospace,yc_oss_current,false,unverified_candidate,yc_slug_inference,demospace,https://www.crunchbase.com/organization/demospace,
30538,Den,den,Spring 2025,Active,https://getden.io,https://www.ycombinator.com/companies/den,yc_oss_current,false,unverified_candidate,yc_slug_inference,den,https://www.crunchbase.com/organization/den,
29695,Dench.com,dench-com,Summer 2024,Active,https://dench.com,https://www.ycombinator.com/companies/dench-com,yc_oss_current,false,unverified_candidate,yc_slug_inference,dench-com,https://www.crunchbase.com/organization/dench-com,
30962,Denki,denki,Fall 2025,Active,https://denki.ai,https://www.ycombinator.com/companies/denki,yc_oss_current,false,unverified_candidate,yc_slug_inference,denki,https://www.crunchbase.com/organization/denki,
26663,Denormalized,denormalized,Summer 2022,Inactive,https://www.denormalized.io/,https://www.ycombinator.com/companies/denormalized,yc_oss_current,false,unverified_candidate,yc_slug_inference,denormalized,https://www.crunchbase.com/organization/denormalized,
32782,Denta,denta,Summer 2026,Active,https://denta.com,https://www.ycombinator.com/companies/denta,yc_oss_current,false,unverified_candidate,yc_slug_inference,denta,https://www.crunchbase.com/organization/denta,
21777,Depict,depict,Summer 2020,Active,https://depict.ai/,https://www.ycombinator.com/companies/depict,yc_oss_current,false,unverified_candidate,yc_slug_inference,depict,https://www.crunchbase.com/organization/depict,
33050,Derya,derya,Summer 2026,Active,http://usederya.com,https://www.ycombinator.com/companies/derya,yc_oss_current,false,unverified_candidate,yc_slug_inference,derya,https://www.crunchbase.com/organization/derya,
30637,Design Arena,design-arena,Summer 2025,Active,https://www.designarena.ai/,https://www.ycombinator.com/companies/design-arena,yc_oss_current,false,unverified_candidate,yc_slug_inference,design-arena,https://www.crunchbase.com/organization/design-arena,
27668,Designbase,designbase,Winter 2023,Active,https://www.designbase.com/,https://www.ycombinator.com/companies/designbase,yc_oss_current,false,unverified_candidate,yc_slug_inference,designbase,https://www.crunchbase.com/organization/designbase,
27264,Dev Tools AI,dev-tools-ai,Summer 2022,Inactive,https://dev-tools.ai,https://www.ycombinator.com/companies/dev-tools-ai,yc_oss_current,false,unverified_candidate,yc_slug_inference,dev-tools-ai,https://www.crunchbase.com/organization/dev-tools-ai,
26711,Devyce,devyce,Summer 2022,Active,https://devyce.com,https://www.ycombinator.com/companies/devyce,yc_oss_current,false,unverified_candidate,yc_slug_inference,devyce,https://www.crunchbase.com/organization/devyce,
12525,Dex,dex,Summer 2019,Active,https://getdex.com,https://www.ycombinator.com/companies/dex,yc_oss_current,false,unverified_candidate,yc_slug_inference,dex,https://www.crunchbase.com/organization/dex,
30351,Dex,joindex,Winter 2025,Active,https://joindex.com,https://www.ycombinator.com/companies/joindex,yc_oss_current,false,unverified_candidate,yc_slug_inference,joindex,https://www.crunchbase.com/organization/joindex,
30080,Dexter,dexter,Fall 2024,Active,https://www.getdexter.co/,https://www.ycombinator.com/companies/dexter,yc_oss_current,false,unverified_candidate,yc_slug_inference,dexter,https://www.crunchbase.com/organization/dexter,
29271,DGI Apparel,dgi-apparel,Winter 2024,Inactive,https://www.dgiapparel.com/,https://www.ycombinator.com/companies/dgi-apparel,yc_oss_current,false,unverified_candidate,yc_slug_inference,dgi-apparel,https://www.crunchbase.com/organization/dgi-apparel,
21862,Dialect,dialect,Summer 2020,Acquired,https://dialect.to,https://www.ycombinator.com/companies/dialect,yc_oss_current,false,unverified_candidate,yc_slug_inference,dialect,https://www.crunchbase.com/organization/dialect,
26673,Dialect,dialect-2,Summer 2022,Inactive,https://www.usedialect.com,https://www.ycombinator.com/companies/dialect-2,yc_oss_current,false,unverified_candidate,yc_slug_inference,dialect-2,https://www.crunchbase.com/organization/dialect-2,
32202,Dialogus,dialogus,Summer 2026,Active,https://www.dialoguslabs.com/,https://www.ycombinator.com/companies/dialogus,yc_oss_current,false,unverified_candidate,yc_slug_inference,dialogus,https://www.crunchbase.com/organization/dialogus,
29404,Diana,diana,Winter 2024,Active,https://getdiana.com/,https://www.ycombinator.com/companies/diana,yc_oss_current,false,unverified_candidate,yc_slug_inference,diana,https://www.crunchbase.com/organization/diana,
31080,Didit,didit,Winter 2026,Active,https://didit.me/,https://www.ycombinator.com/companies/didit,yc_oss_current,false,unverified_candidate,yc_slug_inference,didit,https://www.crunchbase.com/organization/didit,
28037,Diffuse Bio,diffuse-bio,Winter 2023,Active,http://diffuse.bio,https://www.ycombinator.com/companies/diffuse-bio,yc_oss_current,false,unverified_candidate,yc_slug_inference,diffuse-bio,https://www.crunchbase.com/organization/diffuse-bio,
30102,Diffusion Studio,diffusion-studio,Fall 2024,Active,https://diffusion.studio/,https://www.ycombinator.com/companies/diffusion-studio,yc_oss_current,false,unverified_candidate,yc_slug_inference,diffusion-studio,https://www.crunchbase.com/organization/diffusion-studio,
12739,Digi-Prex,digi-prex,Summer 2019,Active,http://www.digi-prex.com/,https://www.ycombinator.com/companies/digi-prex,yc_oss_current,false,unverified_candidate,yc_slug_inference,digi-prex,https://www.crunchbase.com/organization/digi-prex,
24291,DigiBuild,digibuild,Summer 2021,Active,https://digibuild.com,https://www.ycombinator.com/companies/digibuild,yc_oss_current,false,unverified_candidate,yc_slug_inference,digibuild,https://www.crunchbase.com/organization/digibuild,
30816,Digipals,digipals,Fall 2025,Active,https://www.digipals.app/,https://www.ycombinator.com/companies/digipals,yc_oss_current,false,unverified_candidate,yc_slug_inference,digipals,https://www.crunchbase.com/organization/digipals,
24445,Digistain,digistain,Summer 2021,Active,https://digistain.co.uk/,https://www.ycombinator.com/companies/digistain,yc_oss_current,false,unverified_candidate,yc_slug_inference,digistain,https://www.crunchbase.com/organization/digistain,
29635,DigitalCarbon,digitalcarbon,Summer 2024,Active,https://www.digitalcarbon.ai,https://www.ycombinator.com/companies/digitalcarbon,yc_oss_current,false,unverified_candidate,yc_slug_inference,digitalcarbon,https://www.crunchbase.com/organization/digitalcarbon,
30993,DiligenceSquared,diligencesquared-inc,Fall 2025,Active,https://diligencesquared.com/,https://www.ycombinator.com/companies/diligencesquared-inc,yc_oss_current,false,unverified_candidate,yc_slug_inference,diligencesquared-inc,https://www.crunchbase.com/organization/diligencesquared-inc,
28805,Diligent,diligent,Summer 2023,Active,https://godiligent.ai,https://www.ycombinator.com/companies/diligent,yc_oss_current,false,unverified_candidate,yc_slug_inference,diligent,https://www.crunchbase.com/organization/diligent,
28092,Dill,dill,Winter 2023,Active,https://usedill.com/,https://www.ycombinator.com/companies/dill,yc_oss_current,false,unverified_candidate,yc_slug_inference,dill,https://www.crunchbase.com/organization/dill,
24605,Dime,dime,Summer 2021,Inactive,https://www.dime.io/,https://www.ycombinator.com/companies/dime,yc_oss_current,false,unverified_candidate,yc_slug_inference,dime,https://www.crunchbase.com/organization/dime,
29364,Dime,dime-2,Winter 2024,Active,https://www.dimehealth.ai/,https://www.ycombinator.com/companies/dime-2,yc_oss_current,false,unverified_candidate,yc_slug_inference,dime-2,https://www.crunchbase.com/organization/dime-2,
29741,Dimely,dimely,Summer 2024,Active,https://dimely.com/,https://www.ycombinator.com/companies/dimely,yc_oss_current,false,unverified_candidate,yc_slug_inference,dimely,https://www.crunchbase.com/organization/dimely,
1899,Dinesafe,dinesafe,Summer 2018,Active,https://dinesafe.org,https://www.ycombinator.com/companies/dinesafe,yc_oss_current,false,unverified_candidate,yc_slug_inference,dinesafe,https://www.crunchbase.com/organization/dinesafe,
29851,"Diode Computers, Inc.",diode-computers-inc,Summer 2024,Active,https://diode.computer,https://www.ycombinator.com/companies/diode-computers-inc,yc_oss_current,false,unverified_candidate,yc_slug_inference,diode-computers-inc,https://www.crunchbase.com/organization/diode-computers-inc,
25486,Dioptra,dioptra,Winter 2022,Acquired,https://dioptra.ai/,https://www.ycombinator.com/companies/dioptra,yc_oss_current,false,unverified_candidate,yc_slug_inference,dioptra,https://www.crunchbase.com/organization/dioptra,
28789,Dioxus Labs,dioxus-labs,Summer 2023,Acquired,https://dioxuslabs.com,https://www.ycombinator.com/companies/dioxus-labs,yc_oss_current,false,unverified_candidate,yc_slug_inference,dioxus-labs,https://www.crunchbase.com/organization/dioxus-labs,
31277,Dipole Labs,dipole-labs,Summer 2026,Active,https://dipolelabs.com/,https://www.ycombinator.com/companies/dipole-labs,yc_oss_current,false,unverified_candidate,yc_slug_inference,dipole-labs,https://www.crunchbase.com/organization/dipole-labs,
1166,Direct Match,direct-match,Winter 2015,Inactive,http://directmatchx.com,https://www.ycombinator.com/companies/direct-match,yc_oss_current,false,unverified_candidate,yc_slug_inference,direct-match,https://www.crunchbase.com/organization/direct-match,
12662,DirectShifts,directshifts,Summer 2019,Active,https://directshifts.com,https://www.ycombinator.com/companies/directshifts,yc_oss_current,false,unverified_candidate,yc_slug_inference,directshifts,https://www.crunchbase.com/organization/directshifts,
31362,Discovered Materials,discovered-materials,Spring 2026,Active,https://discoveredmaterials.com,https://www.ycombinator.com/companies/discovered-materials,yc_oss_current,false,unverified_candidate,yc_slug_inference,discovered-materials,https://www.crunchbase.com/organization/discovered-materials,
31294,Dispatch,dispatch,Spring 2026,Active,https://dispatch.space/,https://www.ycombinator.com/companies/dispatch,yc_oss_current,false,unverified_candidate,yc_slug_inference,dispatch,https://www.crunchbase.com/organization/dispatch,
29003,DisputeNinja,disputeninja,Summer 2023,Active,https://www.disputeninja.ai,https://www.ycombinator.com/companies/disputeninja,yc_oss_current,false,unverified_candidate,yc_slug_inference,disputeninja,https://www.crunchbase.com/organization/disputeninja,
29761,Distro,distro,Summer 2024,Active,https://distro.app,https://www.ycombinator.com/companies/distro,yc_oss_current,false,unverified_candidate,yc_slug_inference,distro,https://www.crunchbase.com/organization/distro,
13119,Ditto,ditto,Winter 2020,Active,http://dittowords.com,https://www.ycombinator.com/companies/ditto,yc_oss_current,false,unverified_candidate,yc_slug_inference,ditto,https://www.crunchbase.com/organization/ditto,
31225,Ditto Biosciences,ditto-biosciences,Winter 2026,Active,https://www.dittobio.com/,https://www.ycombinator.com/companies/ditto-biosciences,yc_oss_current,false,unverified_candidate,yc_slug_inference,ditto-biosciences,https://www.crunchbase.com/organization/ditto-biosciences,
26709,Dittofeed,dittofeed,Summer 2022,Active,http://dittofeed.com,https://www.ycombinator.com/companies/dittofeed,yc_oss_current,false,unverified_candidate,yc_slug_inference,dittofeed,https://www.crunchbase.com/organization/dittofeed,
2016,dNovo,dnovo,Summer 2018,Inactive,http://dnovobio.com/,https://www.ycombinator.com/companies/dnovo,yc_oss_current,false,unverified_candidate,yc_slug_inference,dnovo,https://www.crunchbase.com/organization/dnovo,
667,Doblet,doblet,Summer 2014,Inactive,http://doblet.com,https://www.ycombinator.com/companies/doblet,yc_oss_current,false,unverified_candidate,yc_slug_inference,doblet,https://www.crunchbase.com/organization/doblet,
33248,Dock,dock,Summer 2026,Active,https://trydock.ai,https://www.ycombinator.com/companies/dock,yc_oss_current,false,unverified_candidate,yc_slug_inference,dock,https://www.crunchbase.com/organization/dock,
30562,Docket,docket,Spring 2025,Active,https://docketqa.com,https://www.ycombinator.com/companies/docket,yc_oss_current,false,unverified_candidate,yc_slug_inference,docket,https://www.crunchbase.com/organization/docket,
28854,Docsum,docsum,Summer 2023,Active,https://www.docsum.ai/,https://www.ycombinator.com/companies/docsum,yc_oss_current,false,unverified_candidate,yc_slug_inference,docsum,https://www.crunchbase.com/organization/docsum,
31090,Docura Health,docura-health,Winter 2026,Active,https://docurahealth.com,https://www.ycombinator.com/companies/docura-health,yc_oss_current,false,unverified_candidate,yc_slug_inference,docura-health,https://www.crunchbase.com/organization/docura-health,
12725,DocVita,docvita,Winter 2020,Active,https://docvita.com,https://www.ycombinator.com/companies/docvita,yc_oss_current,false,unverified_candidate,yc_slug_inference,docvita,https://www.crunchbase.com/organization/docvita,
29679,Dodo,dodo,Summer 2024,Active,https://www.dodo.ai/,https://www.ycombinator.com/companies/dodo,yc_oss_current,false,unverified_candidate,yc_slug_inference,dodo,https://www.crunchbase.com/organization/dodo,
30684,Doe,doe,Summer 2025,Active,https://doe.so/,https://www.ycombinator.com/companies/doe,yc_oss_current,false,unverified_candidate,yc_slug_inference,doe,https://www.crunchbase.com/organization/doe,
25716,Dojah Inc,dojah-inc,Winter 2022,Active,https://www.dojah.io,https://www.ycombinator.com/companies/dojah-inc,yc_oss_current,false,unverified_candidate,yc_slug_inference,dojah-inc,https://www.crunchbase.com/organization/dojah-inc,
30198,Dollyglot,dollyglot,Winter 2025,Active,https://www.dollyglot.com/,https://www.ycombinator.com/companies/dollyglot,yc_oss_current,false,unverified_candidate,yc_slug_inference,dollyglot,https://www.crunchbase.com/organization/dollyglot,
31004,Dome,dome,Fall 2025,Inactive,https://domeapi.io,https://www.ycombinator.com/companies/dome,yc_oss_current,false,unverified_candidate,yc_slug_inference,dome,https://www.crunchbase.com/organization/dome,
29572,Domu Technology Inc.,domu-technology-inc,Summer 2024,Active,https://www.domu.ai/,https://www.ycombinator.com/companies/domu-technology-inc,yc_oss_current,false,unverified_candidate,yc_slug_inference,domu-technology-inc,https://www.crunchbase.com/organization/domu-technology-inc,
32122,Donkey,donkey,Summer 2026,Active,https://donkey.trade,https://www.ycombinator.com/companies/donkey,yc_oss_current,false,unverified_candidate,yc_slug_inference,donkey,https://www.crunchbase.com/organization/donkey,
31229,Doomersion,doomersion,Winter 2026,Active,https://doomersion.com/,https://www.ycombinator.com/companies/doomersion,yc_oss_current,false,unverified_candidate,yc_slug_inference,doomersion,https://www.crunchbase.com/organization/doomersion,
2027,Dorian Therapeutics,dorian-therapeutics,Summer 2018,Acquired,http://www.doriantherapeutics.com,https://www.ycombinator.com/companies/dorian-therapeutics,yc_oss_current,false,unverified_candidate,yc_slug_inference,dorian-therapeutics,https://www.crunchbase.com/organization/dorian-therapeutics,
24557,Dots 💸,dots-2,Summer 2021,Active,https://usedots.com,https://www.ycombinator.com/companies/dots-2,yc_oss_current,false,unverified_candidate,yc_slug_inference,dots-2,https://www.crunchbase.com/organization/dots-2,
24132,Double,doublehq,Summer 2021,Active,https://www.doublehq.com,https://www.ycombinator.com/companies/doublehq,yc_oss_current,false,unverified_candidate,yc_slug_inference,doublehq,https://www.crunchbase.com/organization/doublehq,
27763,Double – Coding Copilot,double-coding-copilot,Winter 2023,Active,https://double.bot,https://www.ycombinator.com/companies/double-coding-copilot,yc_oss_current,false,unverified_candidate,yc_slug_inference,double-coding-copilot,https://www.crunchbase.com/organization/double-coding-copilot,
29575,Doublezero,doublezero,Summer 2024,Active,https://doublezero.tech,https://www.ycombinator.com/companies/doublezero,yc_oss_current,false,unverified_candidate,yc_slug_inference,doublezero,https://www.crunchbase.com/organization/doublezero,
29436,Downlink,downlink,Winter 2024,Active,https://downlink.dev/,https://www.ycombinator.com/companies/downlink,yc_oss_current,false,unverified_candidate,yc_slug_inference,downlink,https://www.crunchbase.com/organization/downlink,
12646,Downtobid,downtobid,Summer 2019,Acquired,https://downtobid.com,https://www.ycombinator.com/companies/downtobid,yc_oss_current,false,unverified_candidate,yc_slug_inference,downtobid,https://www.crunchbase.com/organization/downtobid,
26735,Dr. Treat,dr-treat,Summer 2022,Active,https://www.drtreat.com/,https://www.ycombinator.com/companies/dr-treat,yc_oss_current,false,unverified_candidate,yc_slug_inference,dr-treat,https://www.crunchbase.com/organization/dr-treat,https://www.crunchbase.com/person/rakesh-tondon
29828,Draft The Record,draft-the-record,Summer 2024,Active,https://www.drafttherecord.com/,https://www.ycombinator.com/companies/draft-the-record,yc_oss_current,false,unverified_candidate,yc_slug_inference,draft-the-record,https://www.crunchbase.com/organization/draft-the-record,
29367,Draftaid,draftaid,Winter 2024,Active,https://draftaid.io/,https://www.ycombinator.com/companies/draftaid,yc_oss_current,false,unverified_candidate,yc_slug_inference,draftaid,https://www.crunchbase.com/organization/draftaid,
31157,Drafted,drafted,Spring 2026,Active,https://www.drafted.ai/,https://www.ycombinator.com/companies/drafted,yc_oss_current,false,unverified_candidate,yc_slug_inference,drafted,https://www.crunchbase.com/organization/drafted,
29503,Dragoneye,dragoneye,Winter 2024,Active,https://dragoneye.ai/,https://www.ycombinator.com/companies/dragoneye,yc_oss_current,false,unverified_candidate,yc_slug_inference,dragoneye,https://www.crunchbase.com/organization/dragoneye,
27160,Drahim 💰,drahim,Summer 2022,Active,https://drahim.sa,https://www.ycombinator.com/companies/drahim,yc_oss_current,false,unverified_candidate,yc_slug_inference,drahim,https://www.crunchbase.com/organization/drahim,
22055,Drapr,drapr,Summer 2020,Acquired,https://drapr.com,https://www.ycombinator.com/companies/drapr,yc_oss_current,false,unverified_candidate,yc_slug_inference,drapr,https://www.crunchbase.com/organization/drapr,
27686,DrDroid,drdroid,Winter 2023,Active,https://drdroid.io/,https://www.ycombinator.com/companies/drdroid,yc_oss_current,false,unverified_candidate,yc_slug_inference,drdroid,https://www.crunchbase.com/organization/drdroid,
31414,Dreach,dreach,Spring 2026,Active,https://dreach.ai,https://www.ycombinator.com/companies/dreach,yc_oss_current,false,unverified_candidate,yc_slug_inference,dreach,https://www.crunchbase.com/organization/dreach,
31258,Dream,dream,Summer 2026,Active,https://www.pingdream.com/,https://www.ycombinator.com/companies/dream,yc_oss_current,false,unverified_candidate,yc_slug_inference,dream,https://www.crunchbase.com/organization/dream,
27860,Dream3D,dream3d,Winter 2023,Active,https://dream3d.com,https://www.ycombinator.com/companies/dream3d,yc_oss_current,false,unverified_candidate,yc_slug_inference,dream3d,https://www.crunchbase.com/organization/dream3d,
29990,DreamRP,dreamrp,Summer 2024,Active,https://www.dreamrp.com/,https://www.ycombinator.com/companies/dreamrp,yc_oss_current,false,unverified_candidate,yc_slug_inference,dreamrp,https://www.crunchbase.com/organization/dreamrp,
22656,DreamWorld,dreamworld,Winter 2021,Active,https://www.playdreamworld.com/,https://www.ycombinator.com/companies/dreamworld,yc_oss_current,false,unverified_candidate,yc_slug_inference,dreamworld,https://www.crunchbase.com/organization/dreamworld,
23400,Dressd,dressd,Winter 2021,Inactive,https://dressd.com/,https://www.ycombinator.com/companies/dressd,yc_oss_current,false,unverified_candidate,yc_slug_inference,dressd,https://www.crunchbase.com/organization/dressd,
29746,Drillbit,drillbit,Summer 2024,Active,https://www.drillbit.com,https://www.ycombinator.com/companies/drillbit,yc_oss_current,false,unverified_candidate,yc_slug_inference,drillbit,https://www.crunchbase.com/organization/drillbit,
27150,Drip,drip,Summer 2022,Inactive,https://dripapp.com.br/,https://www.ycombinator.com/companies/drip,yc_oss_current,false,unverified_candidate,yc_slug_inference,drip,https://www.crunchbase.com/organization/drip,
29179,Driver,driver,Winter 2024,Active,https://www.driver.ai/,https://www.ycombinator.com/companies/driver,yc_oss_current,false,unverified_candidate,yc_slug_inference,driver,https://www.crunchbase.com/organization/driver,
1267,Drivezy,drivezy,Summer 2016,Inactive,http://www.drivezy.com,https://www.ycombinator.com/companies/drivezy,yc_oss_current,false,unverified_candidate,yc_slug_inference,drivezy,https://www.crunchbase.com/organization/drivezy,
25576,Drivingforce,drivingforce,Winter 2022,Inactive,https://www.drivingforce.co/,https://www.ycombinator.com/companies/drivingforce,yc_oss_current,false,unverified_candidate,yc_slug_inference,drivingforce,https://www.crunchbase.com/organization/drivingforce,
29518,Dropback,dropback,Winter 2024,Active,https://www.dropback.com,https://www.ycombinator.com/companies/dropback,yc_oss_current,false,unverified_candidate,yc_slug_inference,dropback,https://www.crunchbase.com/organization/dropback,
13273,Dropbase,dropbase,Winter 2020,Inactive,https://dropbase.io,https://www.ycombinator.com/companies/dropbase,yc_oss_current,false,unverified_candidate,yc_slug_inference,dropbase,https://www.crunchbase.com/organization/dropbase,
13219,Dropprint Genomics,dropprint-genomics,Winter 2020,Acquired,http://dropprintgen.com/,https://www.ycombinator.com/companies/dropprint-genomics,yc_oss_current,false,unverified_candidate,yc_slug_inference,dropprint-genomics,https://www.crunchbase.com/organization/dropprint-genomics,
29184,DryMerge,drymerge,Winter 2024,Active,https://www.drymerge.com,https://www.ycombinator.com/companies/drymerge,yc_oss_current,false,unverified_candidate,yc_slug_inference,drymerge,https://www.crunchbase.com/organization/drymerge,
1372,DSK,,IK12,Inactive,http://mytryumph.com,,radema_historical,true,unverified_candidate,company_name_inference,dsk,https://www.crunchbase.com/organization/dsk,
29238,Duckie,duckie,Winter 2024,Active,https://duckie.ai/,https://www.ycombinator.com/companies/duckie,yc_oss_current,false,unverified_candidate,yc_slug_inference,duckie,https://www.crunchbase.com/organization/duckie,
21848,Duckly,gitduck,Summer 2020,Inactive,https://duckly.com,https://www.ycombinator.com/companies/gitduck,yc_oss_current,false,unverified_candidate,yc_slug_inference,gitduck,https://www.crunchbase.com/organization/gitduck,
25814,Duplo,duplo,Winter 2022,Active,https://www.tryduplo.com/,https://www.ycombinator.com/companies/duplo,yc_oss_current,false,unverified_candidate,yc_slug_inference,duplo,https://www.crunchbase.com/organization/duplo,
30781,Duranium,duranium,Summer 2025,Active,https://www.duranium.co/,https://www.ycombinator.com/companies/duranium,yc_oss_current,false,unverified_candidate,yc_slug_inference,duranium,https://www.crunchbase.com/organization/duranium,
30027,Durate,durate,Fall 2024,Active,https://www.durate.com/,https://www.ycombinator.com/companies/durate,yc_oss_current,false,unverified_candidate,yc_slug_inference,durate,https://www.crunchbase.com/organization/durate,
23038,Dyte,dyte,Winter 2021,Acquired,https://dyte.io,https://www.ycombinator.com/companies/dyte,yc_oss_current,false,unverified_candidate,yc_slug_inference,dyte,https://www.crunchbase.com/organization/dyte,
33281,Earendil Robotics,earendil-robotics,Summer 2026,Active,https://earendil.io,https://www.ycombinator.com/companies/earendil-robotics,yc_oss_current,false,unverified_candidate,yc_slug_inference,earendil-robotics,https://www.crunchbase.com/organization/earendil-robotics,
23264,Eat Blueprint,eat-blueprint,Winter 2021,Inactive,https://eatblueprint.com,https://www.ycombinator.com/companies/eat-blueprint,yc_oss_current,false,unverified_candidate,yc_slug_inference,eat-blueprint,https://www.crunchbase.com/organization/eat-blueprint,
25670,Eazipay Inc.,eazipay-inc,Winter 2022,Active,https://myeazipay.com,https://www.ycombinator.com/companies/eazipay-inc,yc_oss_current,false,unverified_candidate,yc_slug_inference,eazipay-inc,https://www.crunchbase.com/organization/eazipay-inc,
27967,Echo,echo,Winter 2023,Inactive,https://www.echothat.ai/,https://www.ycombinator.com/companies/echo,yc_oss_current,false,unverified_candidate,yc_slug_inference,echo,https://www.crunchbase.com/organization/echo,
570,Echo Locker,echo-locker,Summer 2013,Acquired,http://echolocker.com,https://www.ycombinator.com/companies/echo-locker,yc_oss_current,false,unverified_candidate,yc_slug_inference,echo-locker,https://www.crunchbase.com/organization/echo-locker,
24091,Echoes HQ,echoes-hq,Summer 2021,Active,https://echoeshq.com,https://www.ycombinator.com/companies/echoes-hq,yc_oss_current,false,unverified_candidate,yc_slug_inference,echoes-hq,https://www.crunchbase.com/organization/echoes-hq,
12358,Eclipse Foods,eclipse-foods,Winter 2019,Active,http://www.eclipsefoods.com,https://www.ycombinator.com/companies/eclipse-foods,yc_oss_current,false,archive_observed_candidate,commoncrawl_2019_slug_observation,eclipse-foods,https://www.crunchbase.com/organization/eclipse-foods,
29299,Ecliptor,ecliptor,Winter 2024,Active,https://ecliptor.ai,https://www.ycombinator.com/companies/ecliptor,yc_oss_current,false,unverified_candidate,yc_slug_inference,ecliptor,https://www.crunchbase.com/organization/ecliptor,
31454,ED1TH,ed1th,Spring 2026,Active,https://www.ed1th.com,https://www.ycombinator.com/companies/ed1th,yc_oss_current,false,unverified_candidate,yc_slug_inference,ed1th,https://www.crunchbase.com/organization/ed1th,
2003,Eden,eden-2,Summer 2018,Active,https://edenmed.com,https://www.ycombinator.com/companies/eden-2,yc_oss_current,false,unverified_candidate,yc_slug_inference,eden-2,https://www.crunchbase.com/organization/eden-2,
29086,Eden Care,eden-care,Summer 2023,Active,https://www.edencaremedical.com/,https://www.ycombinator.com/companies/eden-care,yc_oss_current,false,unverified_candidate,yc_slug_inference,eden-care,https://www.crunchbase.com/organization/eden-care,
12830,Eden Farm,eden-farm,Summer 2019,Active,https://edenfarm.id/,https://www.ycombinator.com/companies/eden-farm,yc_oss_current,false,unverified_candidate,yc_slug_inference,eden-farm,https://www.crunchbase.com/organization/eden-farm,
31489,Eden Robotics,eden-robotics,Spring 2026,Active,https://www.edenrobotics.ai,https://www.ycombinator.com/companies/eden-robotics,yc_oss_current,false,unverified_candidate,yc_slug_inference,eden-robotics,https://www.crunchbase.com/organization/eden-robotics,
28128,Edge,edge,Winter 2023,Active,https://withedge.com,https://www.ycombinator.com/companies/edge,yc_oss_current,false,unverified_candidate,yc_slug_inference,edge,https://www.crunchbase.com/organization/edge,
27809,EdgeBit,edgebit,Winter 2023,Acquired,https://edgebit.io,https://www.ycombinator.com/companies/edgebit,yc_oss_current,false,unverified_candidate,yc_slug_inference,edgebit,https://www.crunchbase.com/organization/edgebit,
31582,Edgerun,edgerun,Summer 2026,Active,https://edgerun.com,https://www.ycombinator.com/companies/edgerun,yc_oss_current,false,unverified_candidate,yc_slug_inference,edgerun,https://www.crunchbase.com/organization/edgerun,
29396,EdgeTrace,edgetrace,Winter 2024,Active,https://edgetrace.ai,https://www.ycombinator.com/companies/edgetrace,yc_oss_current,false,unverified_candidate,yc_slug_inference,edgetrace,https://www.crunchbase.com/organization/edgetrace,
32484,EdotEnv,edotenv,Summer 2026,Active,https://edotenv.com,https://www.ycombinator.com/companies/edotenv,yc_oss_current,false,unverified_candidate,yc_slug_inference,edotenv,https://www.crunchbase.com/organization/edotenv,
29605,Educato,educato,Summer 2024,Active,https://www.educato.com/,https://www.ycombinator.com/companies/educato,yc_oss_current,false,unverified_candidate,yc_slug_inference,educato,https://www.crunchbase.com/organization/educato,
1674,Eduflow,eduflow,Summer 2017,Acquired,https://www.eduflow.com,https://www.ycombinator.com/companies/eduflow,yc_oss_current,false,unverified_candidate,yc_slug_inference,eduflow,https://www.crunchbase.com/organization/eduflow,
33805,Edviro,edviro,Summer 2026,Active,https://edviroenergy.com,https://www.ycombinator.com/companies/edviro,yc_oss_current,false,unverified_candidate,yc_slug_inference,edviro,https://www.crunchbase.com/organization/edviro,
30821,Efference,efference,Fall 2025,Active,https://efference.ai,https://www.ycombinator.com/companies/efference,yc_oss_current,false,unverified_candidate,yc_slug_inference,efference,https://www.crunchbase.com/organization/efference,
29297,Eggnog,eggnog,Winter 2024,Active,https://www.eggnog.ai,https://www.ycombinator.com/companies/eggnog,yc_oss_current,false,unverified_candidate,yc_slug_inference,eggnog,https://www.crunchbase.com/organization/eggnog,
29205,ego,ego,Winter 2024,Active,https://egoai.com,https://www.ycombinator.com/companies/ego,yc_oss_current,false,unverified_candidate,yc_slug_inference,ego,https://www.crunchbase.com/organization/ego,
32129,Egoist Machines,egoist-machines,Summer 2026,Active,https://ego.ist/,https://www.ycombinator.com/companies/egoist-machines,yc_oss_current,false,unverified_candidate,yc_slug_inference,egoist-machines,https://www.crunchbase.com/organization/egoist-machines,
28922,Egress Health,egress-health,Winter 2025,Acquired,https://tryegress.com,https://www.ycombinator.com/companies/egress-health,yc_oss_current,false,unverified_candidate,yc_slug_inference,egress-health,https://www.crunchbase.com/organization/egress-health,
31149,EigenPal,eigenpal,Winter 2026,Active,https://www.eigenpal.com/,https://www.ycombinator.com/companies/eigenpal,yc_oss_current,false,unverified_candidate,yc_slug_inference,eigenpal,https://www.crunchbase.com/organization/eigenpal,
27054,Ekho,ekho,Summer 2022,Active,https://www.ekho.com,https://www.ycombinator.com/companies/ekho,yc_oss_current,false,unverified_candidate,yc_slug_inference,ekho,https://www.crunchbase.com/organization/ekho,
32753,Ekho Labs,ekho-labs,Summer 2026,Active,https://ekholabs.com/,https://www.ycombinator.com/companies/ekho-labs,yc_oss_current,false,unverified_candidate,yc_slug_inference,ekho-labs,https://www.crunchbase.com/organization/ekho-labs,
31234,Ekpa,ekpa,Summer 2026,Active,https://goekpa.com/,https://www.ycombinator.com/companies/ekpa,yc_oss_current,false,unverified_candidate,yc_slug_inference,ekpa,https://www.crunchbase.com/organization/ekpa,
29841,Elayne,elayne,Summer 2024,Active,https://www.elayne.com/,https://www.ycombinator.com/companies/elayne,yc_oss_current,false,unverified_candidate,yc_slug_inference,elayne,https://www.crunchbase.com/organization/elayne,
28822,Electric Air,electric-air-2,Summer 2023,Active,https://www.electricair.io/,https://www.ycombinator.com/companies/electric-air-2,yc_oss_current,false,unverified_candidate,yc_slug_inference,electric-air-2,https://www.crunchbase.com/organization/electric-air-2,
25542,Elementary,elementary,Winter 2022,Active,http://elementary-data.com/,https://www.ycombinator.com/companies/elementary,yc_oss_current,false,unverified_candidate,yc_slug_inference,elementary,https://www.crunchbase.com/organization/elementary,
26668,Elessar,elessar,Summer 2022,Active,https://www.getelessar.com/,https://www.ycombinator.com/companies/elessar,yc_oss_current,false,unverified_candidate,yc_slug_inference,elessar,https://www.crunchbase.com/organization/elessar,
29676,Elevate,elevate-2,Summer 2024,Active,https://www.useelevate.dev/,https://www.ycombinator.com/companies/elevate-2,yc_oss_current,false,unverified_candidate,yc_slug_inference,elevate-2,https://www.crunchbase.com/organization/elevate-2,
25120,Elevate (formerly Bloom),elevate,Winter 2022,Active,https://www.elevatepay.co,https://www.ycombinator.com/companies/elevate,yc_oss_current,false,unverified_candidate,yc_slug_inference,elevate,https://www.crunchbase.com/organization/elevate,
1355,Eleven Learning,,IK12,Inactive,https://www.elevenlearning.com,,radema_historical,true,unverified_candidate,company_name_inference,eleven-learning,https://www.crunchbase.com/organization/eleven-learning,
30226,Elip AI,elip-ai,Winter 2025,Active,https://www.tryelip.ai/,https://www.ycombinator.com/companies/elip-ai,yc_oss_current,false,unverified_candidate,yc_slug_inference,elip-ai,https://www.crunchbase.com/organization/elip-ai,
29381,Elodin,elodin,Winter 2024,Active,https://elodin.systems/,https://www.ycombinator.com/companies/elodin,yc_oss_current,false,unverified_candidate,yc_slug_inference,elodin,https://www.crunchbase.com/organization/elodin,
31388,Elyra,elyra,Spring 2026,Active,https://www.elyrasystems.com/,https://www.ycombinator.com/companies/elyra,yc_oss_current,false,unverified_candidate,yc_slug_inference,elyra,https://www.crunchbase.com/organization/elyra,
982,Embark Trucks,embark-trucks,Winter 2016,Public,http://embarktrucks.com,https://www.ycombinator.com/companies/embark-trucks,yc_oss_current,false,unverified_candidate,yc_slug_inference,embark-trucks,https://www.crunchbase.com/organization/embark-trucks,
1938,Embeddables,embeddables,Summer 2018,Active,https://embeddables.com,https://www.ycombinator.com/companies/embeddables,yc_oss_current,false,unverified_candidate,yc_slug_inference,embeddables,https://www.crunchbase.com/organization/embeddables,
30118,Ember,ember,Fall 2024,Active,https://www.embercopilot.ai,https://www.ycombinator.com/companies/ember,yc_oss_current,false,unverified_candidate,yc_slug_inference,ember,https://www.crunchbase.com/organization/ember,
29768,Ember Robotics,ember-robotics,Summer 2024,Active,https://www.emberrobotics.com,https://www.ycombinator.com/companies/ember-robotics,yc_oss_current,false,unverified_candidate,yc_slug_inference,ember-robotics,https://www.crunchbase.com/organization/ember-robotics,
31199,Emdash,emdash,Winter 2026,Active,https://emdash.com,https://www.ycombinator.com/companies/emdash,yc_oss_current,false,unverified_candidate,yc_slug_inference,emdash,https://www.crunchbase.com/organization/emdash,
25059,Emerge Career,emerge-career,Summer 2022,Active,https://www.emergecareer.com/,https://www.ycombinator.com/companies/emerge-career,yc_oss_current,false,unverified_candidate,yc_slug_inference,emerge-career,https://www.crunchbase.com/organization/emerge-career,
29765,Emergent,emergent,Summer 2024,Active,https://emergent.sh,https://www.ycombinator.com/companies/emergent,yc_oss_current,false,unverified_candidate,yc_slug_inference,emergent,https://www.crunchbase.com/organization/emergent,
25516,Emigre,emigre,Winter 2022,Inactive,http://www.emigre.us/,https://www.ycombinator.com/companies/emigre,yc_oss_current,false,unverified_candidate,yc_slug_inference,emigre,https://www.crunchbase.com/organization/emigre,
28936,Empirical Health,empirical-health,Summer 2023,Active,https://empirical.health,https://www.ycombinator.com/companies/empirical-health,yc_oss_current,false,unverified_candidate,yc_slug_inference,empirical-health,https://www.crunchbase.com/organization/empirical-health,
23037,Enable Us,enable-us,Winter 2021,Acquired,https://www.enableus.com,https://www.ycombinator.com/companies/enable-us,yc_oss_current,false,unverified_candidate,yc_slug_inference,enable-us,https://www.crunchbase.com/organization/enable-us,
32156,Enact,enact,Summer 2026,Active,https://enact.company,https://www.ycombinator.com/companies/enact,yc_oss_current,false,unverified_candidate,yc_slug_inference,enact,https://www.crunchbase.com/organization/enact,
12579,Encepheal Therapeutics,encepheal-therapeutics,Summer 2019,Inactive,http://www.encepheal.com,https://www.ycombinator.com/companies/encepheal-therapeutics,yc_oss_current,false,unverified_candidate,yc_slug_inference,encepheal-therapeutics,https://www.crunchbase.com/organization/encepheal-therapeutics,
24414,Encuadrado,encuadrado,Summer 2021,Active,https://www.encuadrado.com/,https://www.ycombinator.com/companies/encuadrado,yc_oss_current,false,unverified_candidate,yc_slug_inference,encuadrado,https://www.crunchbase.com/organization/encuadrado,
31186,End Close,end-close,Winter 2026,Active,https://endclose.com,https://www.ycombinator.com/companies/end-close,yc_oss_current,false,unverified_candidate,yc_slug_inference,end-close,https://www.crunchbase.com/organization/end-close,
24499,Endla,endla,Summer 2021,Active,https://endla.com,https://www.ycombinator.com/companies/endla,yc_oss_current,false,unverified_candidate,yc_slug_inference,endla,https://www.crunchbase.com/organization/endla,
30047,Endstack,endstack,Fall 2024,Active,https://www.endstack.com,https://www.ycombinator.com/companies/endstack,yc_oss_current,false,unverified_candidate,yc_slug_inference,endstack,https://www.crunchbase.com/organization/endstack,
28981,Energent AI,energent-ai,Summer 2023,Active,https://energent.ai/,https://www.ycombinator.com/companies/energent-ai,yc_oss_current,false,unverified_candidate,yc_slug_inference,energent-ai,https://www.crunchbase.com/organization/energent-ai,
24258,Enerjazz,enerjazz,Summer 2021,Active,https://www.enerjazz.tech/,https://www.ycombinator.com/companies/enerjazz,yc_oss_current,false,unverified_candidate,yc_slug_inference,enerjazz,https://www.crunchbase.com/organization/enerjazz,
1024,Enflux,enflux,Winter 2016,Inactive,http://getenflux.com,https://www.ycombinator.com/companies/enflux,yc_oss_current,false,unverified_candidate,yc_slug_inference,enflux,https://www.crunchbase.com/organization/enflux,
25331,Engage Bio,engage-bio,Winter 2022,Acquired,http://engagebio.com,https://www.ycombinator.com/companies/engage-bio,yc_oss_current,false,unverified_candidate,yc_slug_inference,engage-bio,https://www.crunchbase.com/organization/engage-bio,
29311,Engines,engines,Winter 2024,Inactive,https://engines.dev,https://www.ycombinator.com/companies/engines,yc_oss_current,false,unverified_candidate,yc_slug_inference,engines,https://www.crunchbase.com/organization/engines,
30172,Enhanced Radar,enhanced-radar,Winter 2025,Active,https://www.enhancedradar.com/,https://www.ycombinator.com/companies/enhanced-radar,yc_oss_current,false,unverified_candidate,yc_slug_inference,enhanced-radar,https://www.crunchbase.com/organization/enhanced-radar,
31549,Enjamb Labs,enjamb-labs,Spring 2026,Active,https://www.enjamb.ai,https://www.ycombinator.com/companies/enjamb-labs,yc_oss_current,false,unverified_candidate,yc_slug_inference,enjamb-labs,https://www.crunchbase.com/organization/enjamb-labs,
25673,Enlightra,enlightra,Winter 2022,Active,https://www.enlightra.com/,https://www.ycombinator.com/companies/enlightra,yc_oss_current,false,unverified_candidate,yc_slug_inference,enlightra,https://www.crunchbase.com/organization/enlightra,
22953,Enode,enode,Winter 2021,Active,http://www.enode.com,https://www.ycombinator.com/companies/enode,yc_oss_current,false,unverified_candidate,yc_slug_inference,enode,https://www.crunchbase.com/organization/enode,
24270,Enso,enso,Summer 2021,Active,https://ensoanalytics.com,https://www.ycombinator.com/companies/enso,yc_oss_current,false,unverified_candidate,yc_slug_inference,enso,https://www.crunchbase.com/organization/enso,
23263,Entelexo Biotherapeutics,entelexo-biotherapeutics,Winter 2021,Active,https://www.entelexo.com/,https://www.ycombinator.com/companies/entelexo-biotherapeutics,yc_oss_current,false,unverified_candidate,yc_slug_inference,entelexo-biotherapeutics,https://www.crunchbase.com/organization/entelexo-biotherapeutics,
29818,Entropy,entropy,Summer 2024,Active,https://www.withentropy.ai/,https://www.ycombinator.com/companies/entropy,yc_oss_current,false,unverified_candidate,yc_slug_inference,entropy,https://www.crunchbase.com/organization/entropy,
1483,Entry,entry,Winter 2017,Inactive,http://getentry.com,https://www.ycombinator.com/companies/entry,yc_oss_current,false,unverified_candidate,yc_slug_inference,entry,https://www.crunchbase.com/organization/entry,
31111,Envariant,envariant,Winter 2026,Active,https://envariant.ai/,https://www.ycombinator.com/companies/envariant,yc_oss_current,false,unverified_candidate,yc_slug_inference,envariant,https://www.crunchbase.com/organization/envariant,
13096,Enveloop,enveloop,Winter 2020,Inactive,http://www.enveloop.com,https://www.ycombinator.com/companies/enveloop,yc_oss_current,false,unverified_candidate,yc_slug_inference,enveloop,https://www.crunchbase.com/organization/enveloop,
29002,Envelope,envelope,Summer 2023,Active,https://envelopebudgeting.com/,https://www.ycombinator.com/companies/envelope,yc_oss_current,false,unverified_candidate,yc_slug_inference,envelope,https://www.crunchbase.com/organization/envelope,
31058,Eos AI,eos-ai,Winter 2026,Active,https://www.helloeos.ai/,https://www.ycombinator.com/companies/eos-ai,yc_oss_current,false,unverified_candidate,yc_slug_inference,eos-ai,https://www.crunchbase.com/organization/eos-ai,
12877,EPIC AEROSPACE,epic-aerospace,Summer 2019,Active,http://epic-aerospace.com,https://www.ycombinator.com/companies/epic-aerospace,yc_oss_current,false,unverified_candidate,yc_slug_inference,epic-aerospace,https://www.crunchbase.com/organization/epic-aerospace,
30694,Epicenter,epicenter,Summer 2025,Active,https://epicenter.so,https://www.ycombinator.com/companies/epicenter,yc_oss_current,false,unverified_candidate,yc_slug_inference,epicenter,https://www.crunchbase.com/organization/epicenter,
24138,Epinoma,epinoma,Summer 2021,Active,https://www.epinoma.com/,https://www.ycombinator.com/companies/epinoma,yc_oss_current,false,unverified_candidate,yc_slug_inference,epinoma,https://www.crunchbase.com/organization/epinoma,
28900,Epsilla,epsilla,Summer 2023,Active,https://www.epsilla.com/,https://www.ycombinator.com/companies/epsilla,yc_oss_current,false,unverified_candidate,yc_slug_inference,epsilla,https://www.crunchbase.com/organization/epsilla,
28071,Epsilon,epsilon,Winter 2023,Active,https://www.epsilon-ai.com,https://www.ycombinator.com/companies/epsilon,yc_oss_current,false,unverified_candidate,yc_slug_inference,epsilon,https://www.crunchbase.com/organization/epsilon,
23640,eqtble,eqtble,Winter 2021,Acquired,https://eqtble.com/,https://www.ycombinator.com/companies/eqtble,yc_oss_current,false,unverified_candidate,yc_slug_inference,eqtble,https://www.crunchbase.com/organization/eqtble,
13601,Equator Therapeutics,equator-therapeutics,Winter 2020,Active,https://equatortherapeutics.com/,https://www.ycombinator.com/companies/equator-therapeutics,yc_oss_current,false,unverified_candidate,yc_slug_inference,equator-therapeutics,https://www.crunchbase.com/organization/equator-therapeutics,
24875,Equipt Health,equipt-health,Summer 2021,Active,http://www.equipthealth.com,https://www.ycombinator.com/companies/equipt-health,yc_oss_current,false,unverified_candidate,yc_slug_inference,equipt-health,https://www.crunchbase.com/organization/equipt-health,
26716,erad,erad,Summer 2022,Active,https://erad.co/,https://www.ycombinator.com/companies/erad,yc_oss_current,false,unverified_candidate,yc_slug_inference,erad,https://www.crunchbase.com/organization/erad,
30339,Ergo,ergo,Winter 2025,Active,https://joinergo.com,https://www.ycombinator.com/companies/ergo,yc_oss_current,false,unverified_candidate,yc_slug_inference,ergo,https://www.crunchbase.com/organization/ergo,
32124,Erinys,erinys,Summer 2026,Active,https://erinys.ai,https://www.ycombinator.com/companies/erinys,yc_oss_current,false,unverified_candidate,yc_slug_inference,erinys,https://www.crunchbase.com/organization/erinys,
29470,Eris Biotech,eris-biotech,Winter 2024,Active,http://www.erisbio.com,https://www.ycombinator.com/companies/eris-biotech,yc_oss_current,false,unverified_candidate,yc_slug_inference,eris-biotech,https://www.crunchbase.com/organization/eris-biotech,
1868,ErudiFi,erudifi,Winter 2018,Active,http://www.erudifi.com,https://www.ycombinator.com/companies/erudifi,yc_oss_current,false,unverified_candidate,yc_slug_inference,erudifi,https://www.crunchbase.com/organization/erudifi,
29856,et al.,et-al,Summer 2024,Active,https://www.et-al.io,https://www.ycombinator.com/companies/et-al,yc_oss_current,false,unverified_candidate,yc_slug_inference,et-al,https://www.crunchbase.com/organization/et-al,
13146,Eternal,zelos,Winter 2020,Acquired,https://eternal.gg/,https://www.ycombinator.com/companies/zelos,yc_oss_current,false,unverified_candidate,yc_slug_inference,zelos,https://www.crunchbase.com/organization/zelos,
33312,Ethos Space Resources,ethos-space-resources,Summer 2026,Active,https://ethos-space.com,https://www.ycombinator.com/companies/ethos-space-resources,yc_oss_current,false,unverified_candidate,yc_slug_inference,ethos-space-resources,https://www.crunchbase.com/organization/ethos-space-resources,
26743,EthosX,ethosx,Summer 2022,Active,https://www.ethosx.finance/,https://www.ycombinator.com/companies/ethosx,yc_oss_current,false,unverified_candidate,yc_slug_inference,ethosx,https://www.crunchbase.com/organization/ethosx,
26427,Eugit Therapeutics,eugit-therapeutics,Summer 2022,Active,http://www.eugittx.com,https://www.ycombinator.com/companies/eugit-therapeutics,yc_oss_current,false,unverified_candidate,yc_slug_inference,eugit-therapeutics,https://www.crunchbase.com/organization/eugit-therapeutics,
29181,Event Horizon Labs,event-horizon-labs,Winter 2024,Active,https://www.ehl.markets/,https://www.ycombinator.com/companies/event-horizon-labs,yc_oss_current,false,unverified_candidate,yc_slug_inference,event-horizon-labs,https://www.crunchbase.com/organization/event-horizon-labs,
26254,Eventual,eventual,Winter 2022,Active,https://www.daft.ai/,https://www.ycombinator.com/companies/eventual,yc_oss_current,false,unverified_candidate,yc_slug_inference,eventual,https://www.crunchbase.com/organization/eventual,
30940,Everest,everest,Fall 2025,Active,https://everestagi.com/,https://www.ycombinator.com/companies/everest,yc_oss_current,false,unverified_candidate,yc_slug_inference,everest,https://www.crunchbase.com/organization/everest,
30735,Evergrove,evergrove,Summer 2026,Active,https://www.evergrovelabs.com/,https://www.ycombinator.com/companies/evergrove,yc_oss_current,false,unverified_candidate,yc_slug_inference,evergrove,https://www.crunchbase.com/organization/evergrove,
28817,Every,every,Summer 2023,Active,https://every.io/,https://www.ycombinator.com/companies/every,yc_oss_current,false,unverified_candidate,yc_slug_inference,every,https://www.crunchbase.com/organization/every,
24484,Evidently AI,evidently-ai,Summer 2021,Active,https://evidentlyai.com,https://www.ycombinator.com/companies/evidently-ai,yc_oss_current,false,unverified_candidate,yc_slug_inference,evidently-ai,https://www.crunchbase.com/organization/evidently-ai,
29475,Evolvere BioSciences,evolvere-biosciences,Summer 2024,Active,https://www.evolverebiosciences.com/,https://www.ycombinator.com/companies/evolvere-biosciences,yc_oss_current,false,unverified_candidate,yc_slug_inference,evolvere-biosciences,https://www.crunchbase.com/organization/evolvere-biosciences,
26801,Evoly,evoly,Summer 2022,Active,https://www.evolyenergy.com,https://www.ycombinator.com/companies/evoly,yc_oss_current,false,unverified_candidate,yc_slug_inference,evoly,https://www.crunchbase.com/organization/evoly,
24893,Exa,exa,Summer 2021,Active,https://exa.ai,https://www.ycombinator.com/companies/exa,yc_oss_current,false,unverified_candidate,yc_slug_inference,exa,https://www.crunchbase.com/organization/exa,
24550,Examedi,examedi,Summer 2021,Active,https://www.examedi.cl,https://www.ycombinator.com/companies/examedi,yc_oss_current,false,unverified_candidate,yc_slug_inference,examedi,https://www.crunchbase.com/organization/examedi,
30185,Excellence Learning,excellence-learning,Winter 2025,Active,https://excellence-ai.com/,https://www.ycombinator.com/companies/excellence-learning,yc_oss_current,false,unverified_candidate,yc_slug_inference,excellence-learning,https://www.crunchbase.com/organization/excellence-learning,
32947,Executor,executor,Summer 2026,Active,https://executor.sh,https://www.ycombinator.com/companies/executor,yc_oss_current,false,unverified_candidate,yc_slug_inference,executor,https://www.crunchbase.com/organization/executor,
29986,Exin Therapeutics,exin-therapeutics,Winter 2025,Active,https://www.exintherapeutics.com/,https://www.ycombinator.com/companies/exin-therapeutics,yc_oss_current,false,unverified_candidate,yc_slug_inference,exin-therapeutics,https://www.crunchbase.com/organization/exin-therapeutics,
30284,Exla,exla,Winter 2025,Active,https://exla.ai/,https://www.ycombinator.com/companies/exla,yc_oss_current,false,unverified_candidate,yc_slug_inference,exla,https://www.crunchbase.com/organization/exla,
30970,Exonic,exonic,Fall 2025,Active,https://exonic.ai,https://www.ycombinator.com/companies/exonic,yc_oss_current,false,unverified_candidate,yc_slug_inference,exonic,https://www.crunchbase.com/organization/exonic,
32233,Exosat,exosat,Summer 2026,Active,https://www.exosat.com,https://www.ycombinator.com/companies/exosat,yc_oss_current,false,unverified_candidate,yc_slug_inference,exosat,https://www.crunchbase.com/organization/exosat,
29728,expand.ai,expand-ai,Summer 2024,Active,https://expand.ai/,https://www.ycombinator.com/companies/expand-ai,yc_oss_current,false,unverified_candidate,yc_slug_inference,expand-ai,https://www.crunchbase.com/organization/expand-ai,
31516,Expanse,expanse,Spring 2026,Active,https://expanse.sh,https://www.ycombinator.com/companies/expanse,yc_oss_current,false,unverified_candidate,yc_slug_inference,expanse,https://www.crunchbase.com/organization/expanse,
30939,Expected Parrot,expected-parrot,Fall 2025,Active,https://www.expectedparrot.com,https://www.ycombinator.com/companies/expected-parrot,yc_oss_current,false,unverified_candidate,yc_slug_inference,expected-parrot,https://www.crunchbase.com/organization/expected-parrot,
22787,Expent Inc,expent-inc,Winter 2021,Active,https://www.expent.ai/,https://www.ycombinator.com/companies/expent-inc,yc_oss_current,false,unverified_candidate,yc_slug_inference,expent-inc,https://www.crunchbase.com/organization/expent-inc,
33806,Experiential Labs,experiential-labs,Summer 2026,Active,https://experientiallabs.ai,https://www.ycombinator.com/companies/experiential-labs,yc_oss_current,false,unverified_candidate,yc_slug_inference,experiential-labs,https://www.crunchbase.com/organization/experiential-labs,
13102,Explo,explo,Winter 2020,Active,https://explo.co/,https://www.ycombinator.com/companies/explo,yc_oss_current,false,unverified_candidate,yc_slug_inference,explo,https://www.crunchbase.com/organization/explo,
21828,Explorex,explorex,Summer 2020,Active,https://explorex.co,https://www.ycombinator.com/companies/explorex,yc_oss_current,false,unverified_candidate,yc_slug_inference,explorex,https://www.crunchbase.com/organization/explorex,
27175,Express Building,express-building,Summer 2022,Active,https://www.expressbuilding.ph,https://www.ycombinator.com/companies/express-building,yc_oss_current,false,unverified_candidate,yc_slug_inference,express-building,https://www.crunchbase.com/organization/express-building,
27871,Extend,extend,Winter 2023,Active,https://www.extend.ai/,https://www.ycombinator.com/companies/extend,yc_oss_current,false,unverified_candidate,yc_slug_inference,extend,https://www.crunchbase.com/organization/extend,
1462,Extern,extern,Winter 2017,Active,http://www.extern.com,https://www.ycombinator.com/companies/extern,yc_oss_current,false,unverified_candidate,yc_slug_inference,extern,https://www.crunchbase.com/organization/extern,
27883,EzDubs,ezdubs,Winter 2023,Acquired,http://www.ezdubs.ai,https://www.ycombinator.com/companies/ezdubs,yc_oss_current,false,unverified_candidate,yc_slug_inference,ezdubs,https://www.crunchbase.com/organization/ezdubs,
30832,F2,f2,Summer 2025,Active,http://f2.ai,https://www.ycombinator.com/companies/f2,yc_oss_current,false,unverified_candidate,yc_slug_inference,f2,https://www.crunchbase.com/organization/f2,
30741,F4 Industries,f4-industries,Summer 2025,Active,https://f4.dev/,https://www.ycombinator.com/companies/f4-industries,yc_oss_current,false,unverified_candidate,yc_slug_inference,f4-industries,https://www.crunchbase.com/organization/f4-industries,
23189,Fable,fable,Winter 2021,Inactive,https://www.tryfable.com/,https://www.ycombinator.com/companies/fable,yc_oss_current,false,unverified_candidate,yc_slug_inference,fable,https://www.crunchbase.com/organization/fable,
32624,Fabraix,fabraix,Summer 2026,Active,https://fabraix.com,https://www.ycombinator.com/companies/fabraix,yc_oss_current,false,unverified_candidate,yc_slug_inference,fabraix,https://www.crunchbase.com/organization/fabraix,
27939,FactIQ,factiq,Winter 2023,Active,https://factiq.com/,https://www.ycombinator.com/companies/factiq,yc_oss_current,false,unverified_candidate,yc_slug_inference,factiq,https://www.crunchbase.com/organization/factiq,
27945,Fairway Health,fairway-health,Winter 2023,Acquired,https://www.fairwayhealth.co/,https://www.ycombinator.com/companies/fairway-health,yc_oss_current,false,unverified_candidate,yc_slug_inference,fairway-health,https://www.crunchbase.com/organization/fairway-health,
1599,Fam,fam,Summer 2017,Inactive,https://www.famapp.com/,https://www.ycombinator.com/companies/fam,yc_oss_current,false,archive_observed_candidate,commoncrawl_2019_slug_observation,fam,https://www.crunchbase.com/organization/fam,
32987,Familiar,familiar,Summer 2026,Active,https://thefamiliarlab.com,https://www.ycombinator.com/companies/familiar,yc_oss_current,false,unverified_candidate,yc_slug_inference,familiar,https://www.crunchbase.com/organization/familiar,
22228,Fancy,fancy,Summer 2020,Acquired,https://www.fancyapp.live/,https://www.ycombinator.com/companies/fancy,yc_oss_current,false,unverified_candidate,yc_slug_inference,fancy,https://www.crunchbase.com/organization/fancy,
520,FanHero,fanhero,Summer 2013,Inactive,https://fanhero.com/,https://www.ycombinator.com/companies/fanhero,yc_oss_current,false,unverified_candidate,yc_slug_inference,fanhero,https://www.crunchbase.com/organization/fanhero,
22054,Farel,farel,Summer 2020,Active,https://farel.io,https://www.ycombinator.com/companies/farel,yc_oss_current,false,unverified_candidate,yc_slug_inference,farel,https://www.crunchbase.com/organization/farel,
13347,farmtheory,farmtheory,Winter 2020,Active,http://farmtheory.in/,https://www.ycombinator.com/companies/farmtheory,yc_oss_current,false,unverified_candidate,yc_slug_inference,farmtheory,https://www.crunchbase.com/organization/farmtheory,
27974,Fastgen,fastgen,Winter 2023,Active,https://fastgen.com,https://www.ycombinator.com/companies/fastgen,yc_oss_current,false,unverified_candidate,yc_slug_inference,fastgen,https://www.crunchbase.com/organization/fastgen,
1510,FastJVM,fastjvm,Winter 2017,Active,https://fastjvm.com,https://www.ycombinator.com/companies/fastjvm,yc_oss_current,false,unverified_candidate,yc_slug_inference,fastjvm,https://www.crunchbase.com/organization/fastjvm,
31001,Fastshot,fastshot,Fall 2025,Active,https://www.fastshot.ai/,https://www.ycombinator.com/companies/fastshot,yc_oss_current,false,unverified_candidate,yc_slug_inference,fastshot,https://www.crunchbase.com/organization/fastshot,
1601,Fat Llama,fat-llama,Summer 2017,Acquired,https://fatllama.com,https://www.ycombinator.com/companies/fat-llama,yc_oss_current,false,unverified_candidate,yc_slug_inference,fat-llama,https://www.crunchbase.com/organization/fat-llama,
22879,Fathom,fathom,Winter 2021,Active,https://www.fathom.ai,https://www.ycombinator.com/companies/fathom,yc_oss_current,false,unverified_candidate,yc_slug_inference,fathom,https://www.crunchbase.com/organization/fathom,
29711,Fazeshift,fazeshift,Summer 2024,Active,https://www.fazeshift.com/,https://www.ycombinator.com/companies/fazeshift,yc_oss_current,false,unverified_candidate,yc_slug_inference,fazeshift,https://www.crunchbase.com/organization/fazeshift,
29158,Feanix Biotechnologies,feanix-biotechnologies,Summer 2023,Active,https://www.feanixbio.com/,https://www.ycombinator.com/companies/feanix-biotechnologies,yc_oss_current,false,unverified_candidate,yc_slug_inference,feanix-biotechnologies,https://www.crunchbase.com/organization/feanix-biotechnologies,
31247,Fed10,fed10,Winter 2026,Active,https://www.fed10.ai,https://www.ycombinator.com/companies/fed10,yc_oss_current,false,unverified_candidate,yc_slug_inference,fed10,https://www.crunchbase.com/organization/fed10,
31187,Fenrock AI,fenrock-ai,Winter 2026,Active,https://fenrock.ai/,https://www.ycombinator.com/companies/fenrock-ai,yc_oss_current,false,unverified_candidate,yc_slug_inference,fenrock-ai,https://www.crunchbase.com/organization/fenrock-ai,
31152,Fern,fern-bot,Winter 2026,Active,https://fern.bot,https://www.ycombinator.com/companies/fern-bot,yc_oss_current,false,unverified_candidate,yc_slug_inference,fern-bot,https://www.crunchbase.com/organization/fern-bot,
30749,Fernstone,fernstone,Fall 2025,Active,https://www.fernstone.com,https://www.ycombinator.com/companies/fernstone,yc_oss_current,false,unverified_candidate,yc_slug_inference,fernstone,https://www.crunchbase.com/organization/fernstone,
28371,Fetchr,fetchr,Winter 2023,Inactive,https://www.fetchr.so,https://www.ycombinator.com/companies/fetchr,yc_oss_current,false,unverified_candidate,yc_slug_inference,fetchr,https://www.crunchbase.com/organization/fetchr,
30431,Feyn,feyn,Spring 2025,Active,https://www.usefeyn.com,https://www.ycombinator.com/companies/feyn,yc_oss_current,false,unverified_candidate,yc_slug_inference,feyn,https://www.crunchbase.com/organization/feyn,
29074,Fiber AI,fiber-ai,Summer 2023,Active,https://www.fiber.ai/apis,https://www.ycombinator.com/companies/fiber-ai,yc_oss_current,false,unverified_candidate,yc_slug_inference,fiber-ai,https://www.crunchbase.com/organization/fiber-ai,
29952,Ficra,ficra,Summer 2024,Active,https://ficra.ai/,https://www.ycombinator.com/companies/ficra,yc_oss_current,false,unverified_candidate,yc_slug_inference,ficra,https://www.crunchbase.com/organization/ficra,
30569,Fifth Door,fifth-door,Fall 2025,Active,https://fifthdoor.com,https://www.ycombinator.com/companies/fifth-door,yc_oss_current,false,unverified_candidate,yc_slug_inference,fifth-door,https://www.crunchbase.com/organization/fifth-door,
12536,Figments,figments,Summer 2019,Active,https://plotdrive.com,https://www.ycombinator.com/companies/figments,yc_oss_current,false,unverified_candidate,yc_slug_inference,figments,https://www.crunchbase.com/organization/figments,
29449,Fileforge,fileforge,Winter 2024,Inactive,https://www.fileforge.com/,https://www.ycombinator.com/companies/fileforge,yc_oss_current,false,unverified_candidate,yc_slug_inference,fileforge,https://www.crunchbase.com/organization/fileforge,
24597,Filta,filta,Summer 2021,Active,http://www.getfilta.com,https://www.ycombinator.com/companies/filta,yc_oss_current,false,unverified_candidate,yc_slug_inference,filta,https://www.crunchbase.com/organization/filta,
30915,FinalDose,finaldose,Spring 2026,Active,https://finaldose.ai/,https://www.ycombinator.com/companies/finaldose,yc_oss_current,false,unverified_candidate,yc_slug_inference,finaldose,https://www.crunchbase.com/organization/finaldose,
32816,Financial Datasets,financial-datasets,Summer 2026,Active,https://financialdatasets.ai/,https://www.ycombinator.com/companies/financial-datasets,yc_oss_current,false,unverified_candidate,yc_slug_inference,financial-datasets,https://www.crunchbase.com/organization/financial-datasets,
30253,finbar,finbar,Winter 2025,Active,https://finbar.com,https://www.ycombinator.com/companies/finbar,yc_oss_current,false,unverified_candidate,yc_slug_inference,finbar,https://www.crunchbase.com/organization/finbar,
22272,Finch,finch,Summer 2020,Active,https://tryfinch.com,https://www.ycombinator.com/companies/finch,yc_oss_current,false,unverified_candidate,yc_slug_inference,finch,https://www.crunchbase.com/organization/finch,
23986,Fingo Africa,fingo-africa,Summer 2021,Acquired,https://fingo.africa,https://www.ycombinator.com/companies/fingo-africa,yc_oss_current,false,unverified_candidate,yc_slug_inference,fingo-africa,https://www.crunchbase.com/organization/fingo-africa,
27952,Finic,finic,Winter 2023,Active,https://www.finic.ai,https://www.ycombinator.com/companies/finic,yc_oss_current,false,unverified_candidate,yc_slug_inference,finic,https://www.crunchbase.com/organization/finic,
12742,Finlens,finlens,Winter 2020,Active,https://finlens.app,https://www.ycombinator.com/companies/finlens,yc_oss_current,false,unverified_candidate,yc_slug_inference,finlens,https://www.crunchbase.com/organization/finlens,
21793,Finmark,finmark,Summer 2020,Acquired,https://finmark.com,https://www.ycombinator.com/companies/finmark,yc_oss_current,false,unverified_candidate,yc_slug_inference,finmark,https://www.crunchbase.com/organization/finmark,
26242,Finnix,finnix,Winter 2022,Active,http://finnix.id,https://www.ycombinator.com/companies/finnix,yc_oss_current,false,unverified_candidate,yc_slug_inference,finnix,https://www.crunchbase.com/organization/finnix,
29796,Finosu,finosu,Summer 2024,Active,https://www.finosu.com,https://www.ycombinator.com/companies/finosu,yc_oss_current,false,unverified_candidate,yc_slug_inference,finosu,https://www.crunchbase.com/organization/finosu,
28410,Finta,finta,Winter 2023,Active,https://www.finta.com/,https://www.ycombinator.com/companies/finta,yc_oss_current,false,unverified_candidate,yc_slug_inference,finta,https://www.crunchbase.com/organization/finta,
27927,Fintool,fintool,Winter 2023,Acquired,https://www.fintool.com/,https://www.ycombinator.com/companies/fintool,yc_oss_current,false,unverified_candidate,yc_slug_inference,fintool,https://www.crunchbase.com/organization/fintool,
27670,Finvest,finvest,Winter 2023,Active,https://www.getfinvest.com/,https://www.ycombinator.com/companies/finvest,yc_oss_current,false,unverified_candidate,yc_slug_inference,finvest,https://www.crunchbase.com/organization/finvest,
30356,Fira,fira,Winter 2025,Active,https://firaresearch.com/,https://www.ycombinator.com/companies/fira,yc_oss_current,false,unverified_candidate,yc_slug_inference,fira,https://www.crunchbase.com/organization/fira,
29352,Firebender,firebender,Winter 2024,Active,https://firebender.com,https://www.ycombinator.com/companies/firebender,yc_oss_current,false,unverified_candidate,yc_slug_inference,firebender,https://www.crunchbase.com/organization/firebender,
27152,Firecrawl,firecrawl,Summer 2022,Active,https://www.firecrawl.dev,https://www.ycombinator.com/companies/firecrawl,yc_oss_current,false,unverified_candidate,yc_slug_inference,firecrawl,https://www.crunchbase.com/organization/firecrawl,
24842,FirstIgnite,firstignite,Summer 2021,Acquired,https://firstignite.com,https://www.ycombinator.com/companies/firstignite,yc_oss_current,false,unverified_candidate,yc_slug_inference,firstignite,https://www.crunchbase.com/organization/firstignite,
22882,FirstSupport.ai,firstsupport-ai,Winter 2021,Active,https://firstsupport.ai,https://www.ycombinator.com/companies/firstsupport-ai,yc_oss_current,false,unverified_candidate,yc_slug_inference,firstsupport-ai,https://www.crunchbase.com/organization/firstsupport-ai,
11947,Fit to Form,fit-to-form,Summer 2019,Inactive,http://thefittoform.com,https://www.ycombinator.com/companies/fit-to-form,yc_oss_current,false,unverified_candidate,yc_slug_inference,fit-to-form,https://www.crunchbase.com/organization/fit-to-form,
23128,FitHub,fithub-2,Winter 2021,Active,https://www.fithub.com.co,https://www.ycombinator.com/companies/fithub-2,yc_oss_current,false,unverified_candidate,yc_slug_inference,fithub-2,https://www.crunchbase.com/organization/fithub-2,
13100,FitnessAI,fitnessai,Winter 2020,Acquired,https://fitnessai.com,https://www.ycombinator.com/companies/fitnessai,yc_oss_current,false,unverified_candidate,yc_slug_inference,fitnessai,https://www.crunchbase.com/organization/fitnessai,
669,Fixed,fixed,Summer 2014,Inactive,http://getfixed.me,https://www.ycombinator.com/companies/fixed,yc_oss_current,false,unverified_candidate,yc_slug_inference,fixed,https://www.crunchbase.com/organization/fixed,
31289,Fixture,fixture,Winter 2026,Active,https://fixture.app,https://www.ycombinator.com/companies/fixture,yc_oss_current,false,unverified_candidate,yc_slug_inference,fixture,https://www.crunchbase.com/organization/fixture,
30690,Flai,flai,Summer 2025,Active,https://www.useflai.com/,https://www.ycombinator.com/companies/flai,yc_oss_current,false,unverified_candidate,yc_slug_inference,flai,https://www.crunchbase.com/organization/flai,
26825,Flair Labs,flair-labs,Summer 2022,Active,https://www.flairlabs.ai/,https://www.ycombinator.com/companies/flair-labs,yc_oss_current,false,unverified_candidate,yc_slug_inference,flair-labs,https://www.crunchbase.com/organization/flair-labs,
27219,FlatX,flatx,Summer 2022,Active,https://www.flatx.co/,https://www.ycombinator.com/companies/flatx,yc_oss_current,false,unverified_candidate,yc_slug_inference,flatx,https://www.crunchbase.com/organization/flatx,
25978,Fleek,fleek,Winter 2022,Active,https://www.joinfleek.com/,https://www.ycombinator.com/companies/fleek,yc_oss_current,false,unverified_candidate,yc_slug_inference,fleek,https://www.crunchbase.com/organization/fleek,
30775,Fleetline,fleetline,Summer 2025,Active,https://fleetline.ai,https://www.ycombinator.com/companies/fleetline,yc_oss_current,false,unverified_candidate,yc_slug_inference,fleetline,https://www.crunchbase.com/organization/fleetline,
28880,FleetWorks,fleetworks,Summer 2023,Active,https://fleetworks.ai,https://www.ycombinator.com/companies/fleetworks,yc_oss_current,false,unverified_candidate,yc_slug_inference,fleetworks,https://www.crunchbase.com/organization/fleetworks,
25361,Fleetzero,fleetzero,Winter 2022,Active,https://www.fleetzero.com,https://www.ycombinator.com/companies/fleetzero,yc_oss_current,false,unverified_candidate,yc_slug_inference,fleetzero,https://www.crunchbase.com/organization/fleetzero,
29162,Flex,flex,Summer 2023,Active,https://www.withflex.com/shop,https://www.ycombinator.com/companies/flex,yc_oss_current,false,unverified_candidate,yc_slug_inference,flex,https://www.crunchbase.com/organization/flex,
22989,Flextock,flextock,Winter 2021,Active,http://www.flextock.com,https://www.ycombinator.com/companies/flextock,yc_oss_current,false,unverified_candidate,yc_slug_inference,flextock,https://www.crunchbase.com/organization/flextock,
27819,FlexWash,flexwash,Winter 2023,Active,https://www.flexwashtech.com/,https://www.ycombinator.com/companies/flexwash,yc_oss_current,false,unverified_candidate,yc_slug_inference,flexwash,https://www.crunchbase.com/organization/flexwash,
30884,Flick,flick,Fall 2025,Active,https://flick.art,https://www.ycombinator.com/companies/flick,yc_oss_current,false,unverified_candidate,yc_slug_inference,flick,https://www.crunchbase.com/organization/flick,
22046,Flint,flint,Summer 2020,Active,https://withflint.com,https://www.ycombinator.com/companies/flint,yc_oss_current,false,unverified_candidate,yc_slug_inference,flint,https://www.crunchbase.com/organization/flint,
28982,Flint,flint-2,Summer 2023,Active,http://flintk12.com/,https://www.ycombinator.com/companies/flint-2,yc_oss_current,false,unverified_candidate,yc_slug_inference,flint-2,https://www.crunchbase.com/organization/flint-2,
24530,Float,float,Summer 2021,Active,https://float.xyz,https://www.ycombinator.com/companies/float,yc_oss_current,false,unverified_candidate,yc_slug_inference,float,https://www.crunchbase.com/organization/float,
25974,Float Health,float-health,Winter 2022,Active,https://floathealth.com/,https://www.ycombinator.com/companies/float-health,yc_oss_current,false,unverified_candidate,yc_slug_inference,float-health,https://www.crunchbase.com/organization/float-health,
29400,floatingpoint,floatingpoint,Winter 2024,Active,https://floatingpoint.ai,https://www.ycombinator.com/companies/floatingpoint,yc_oss_current,false,unverified_candidate,yc_slug_inference,floatingpoint,https://www.crunchbase.com/organization/floatingpoint,
24540,Floatpays Inc,floatpays-inc,Summer 2021,Active,https://www.floatpays.com,https://www.ycombinator.com/companies/floatpays-inc,yc_oss_current,false,unverified_candidate,yc_slug_inference,floatpays-inc,https://www.crunchbase.com/organization/floatpays-inc,
22774,Flok,flok,Winter 2021,Acquired,https://goflok.com/,https://www.ycombinator.com/companies/flok,yc_oss_current,false,unverified_candidate,yc_slug_inference,flok,https://www.crunchbase.com/organization/flok,
30729,Floot,floot,Summer 2025,Active,https://floot.com,https://www.ycombinator.com/companies/floot,yc_oss_current,false,unverified_candidate,yc_slug_inference,floot,https://www.crunchbase.com/organization/floot,
32193,Floracene,floracene,Summer 2026,Active,https://www.floracene.com/,https://www.ycombinator.com/companies/floracene,yc_oss_current,false,unverified_candidate,yc_slug_inference,floracene,https://www.crunchbase.com/organization/floracene,
33282,Florin,florin,Summer 2026,Active,https://florin.inc,https://www.ycombinator.com/companies/florin,yc_oss_current,false,unverified_candidate,yc_slug_inference,florin,https://www.crunchbase.com/organization/florin,
30480,Flott HQ,flott-hq,Spring 2025,Active,https://www.flotthq.com,https://www.ycombinator.com/companies/flott-hq,yc_oss_current,false,unverified_candidate,yc_slug_inference,flott-hq,https://www.crunchbase.com/organization/flott-hq,
12676,Flow,flow,Summer 2019,Inactive,https://enterflow.app,https://www.ycombinator.com/companies/flow,yc_oss_current,false,unverified_candidate,yc_slug_inference,flow,https://www.crunchbase.com/organization/flow,
23972,Flow Club,flow-club,Summer 2021,Active,https://www.flow.club/,https://www.ycombinator.com/companies/flow-club,yc_oss_current,false,unverified_candidate,yc_slug_inference,flow-club,https://www.crunchbase.com/organization/flow-club,
24026,Flowbo,flowbo-inc,Summer 2021,Inactive,https://www.flowbo.co/,https://www.ycombinator.com/companies/flowbo-inc,yc_oss_current,false,unverified_candidate,yc_slug_inference,flowbo-inc,https://www.crunchbase.com/organization/flowbo-inc,
12851,Flowbot,flowbot,Summer 2019,Active,https://www.getflowbot.com,https://www.ycombinator.com/companies/flowbot,yc_oss_current,false,unverified_candidate,yc_slug_inference,flowbot,https://www.crunchbase.com/organization/flowbot,
25334,FlowDeploy,flowdeploy,Winter 2022,Inactive,https://flowdeploy.com,https://www.ycombinator.com/companies/flowdeploy,yc_oss_current,false,unverified_candidate,yc_slug_inference,flowdeploy,https://www.crunchbase.com/organization/flowdeploy,
23316,FlowEQ,floweq,Winter 2021,Active,https://www.floweq.com,https://www.ycombinator.com/companies/floweq,yc_oss_current,false,unverified_candidate,yc_slug_inference,floweq,https://www.crunchbase.com/organization/floweq,
27838,Flower,flower,Winter 2023,Active,https://flower.ai,https://www.ycombinator.com/companies/flower,yc_oss_current,false,unverified_candidate,yc_slug_inference,flower,https://www.crunchbase.com/organization/flower,
29105,FlowiseAI,flowiseai,Summer 2023,Acquired,https://flowiseai.com,https://www.ycombinator.com/companies/flowiseai,yc_oss_current,false,unverified_candidate,yc_slug_inference,flowiseai,https://www.crunchbase.com/organization/flowiseai,
24475,Flowly,flowly,Summer 2021,Active,https://www.flowly.world/,https://www.ycombinator.com/companies/flowly,yc_oss_current,false,unverified_candidate,yc_slug_inference,flowly,https://www.crunchbase.com/organization/flowly,
32525,FlowManual,flowmanual,Summer 2026,Active,https://flowmanual.com/,https://www.ycombinator.com/companies/flowmanual,yc_oss_current,false,unverified_candidate,yc_slug_inference,flowmanual,https://www.crunchbase.com/organization/flowmanual,
27873,Floworks,floworks,Winter 2023,Active,https://floworks.ai/,https://www.ycombinator.com/companies/floworks,yc_oss_current,false,unverified_candidate,yc_slug_inference,floworks,https://www.crunchbase.com/organization/floworks,
31538,flowscope,flowscope,Spring 2026,Active,https://flowscope.com,https://www.ycombinator.com/companies/flowscope,yc_oss_current,false,unverified_candidate,yc_slug_inference,flowscope,https://www.crunchbase.com/organization/flowscope,
30182,Flowtel,flowtel,Winter 2025,Active,https://flowtel.ai,https://www.ycombinator.com/companies/flowtel,yc_oss_current,false,unverified_candidate,yc_slug_inference,flowtel,https://www.crunchbase.com/organization/flowtel,
29452,Fluently,fluently,Winter 2024,Active,https://getfluently.app/,https://www.ycombinator.com/companies/fluently,yc_oss_current,false,unverified_candidate,yc_slug_inference,fluently,https://www.crunchbase.com/organization/fluently,
27946,Fluid Markets,fluid-markets,Winter 2023,Active,https://fluidinvesting.com,https://www.ycombinator.com/companies/fluid-markets,yc_oss_current,false,unverified_candidate,yc_slug_inference,fluid-markets,https://www.crunchbase.com/organization/fluid-markets,
24292,fluke,fluke,Summer 2021,Active,https://flu.ke/,https://www.ycombinator.com/companies/fluke,yc_oss_current,false,unverified_candidate,yc_slug_inference,fluke,https://www.crunchbase.com/organization/fluke,
22708,Flux Auto,flux-auto,Winter 2021,Active,https://fluxauto.ai,https://www.ycombinator.com/companies/flux-auto,yc_oss_current,false,unverified_candidate,yc_slug_inference,flux-auto,https://www.crunchbase.com/organization/flux-auto,
26901,FlyCode,flycode,Summer 2022,Active,https://www.flycode.com,https://www.ycombinator.com/companies/flycode,yc_oss_current,false,unverified_candidate,yc_slug_inference,flycode,https://www.crunchbase.com/organization/flycode,
29637,Flyflow,flyflow,Summer 2024,Inactive,https://flyflow.ai,https://www.ycombinator.com/companies/flyflow,yc_oss_current,false,unverified_candidate,yc_slug_inference,flyflow,https://www.crunchbase.com/organization/flyflow,
30771,Flywheel AI,flywheel-ai,Summer 2025,Active,https://useflywheel.ai/,https://www.ycombinator.com/companies/flywheel-ai,yc_oss_current,false,unverified_candidate,yc_slug_inference,flywheel-ai,https://www.crunchbase.com/organization/flywheel-ai,
31488,Foaster,foaster,Spring 2026,Active,https://foaster.ai,https://www.ycombinator.com/companies/foaster,yc_oss_current,false,unverified_candidate,yc_slug_inference,foaster,https://www.crunchbase.com/organization/foaster,
29416,Focal,focal,Winter 2024,Active,https://focalml.com,https://www.ycombinator.com/companies/focal,yc_oss_current,false,unverified_candidate,yc_slug_inference,focal,https://www.crunchbase.com/organization/focal,
25947,Fogbender,fogbender,Winter 2022,Active,https://fogbender.com,https://www.ycombinator.com/companies/fogbender,yc_oss_current,false,unverified_candidate,yc_slug_inference,fogbender,https://www.crunchbase.com/organization/fogbender,
1703,FollowUpThen,followupthen,Summer 2017,Active,https://www.followupthen.com/,https://www.ycombinator.com/companies/followupthen,yc_oss_current,false,unverified_candidate,yc_slug_inference,followupthen,https://www.crunchbase.com/organization/followupthen,
1744,Fondo,fondo,Winter 2018,Active,https://fondo.com,https://www.ycombinator.com/companies/fondo,yc_oss_current,false,unverified_candidate,yc_slug_inference,fondo,https://www.crunchbase.com/organization/fondo,
27147,FoodCourt,foodcourt,Summer 2022,Active,https://www.getfoodcourt.com,https://www.ycombinator.com/companies/foodcourt,yc_oss_current,false,unverified_candidate,yc_slug_inference,foodcourt,https://www.crunchbase.com/organization/foodcourt,
24408,Forage Mail,forage-mail,Summer 2021,Inactive,https://foragemail.com,https://www.ycombinator.com/companies/forage-mail,yc_oss_current,false,unverified_candidate,yc_slug_inference,forage-mail,https://www.crunchbase.com/organization/forage-mail,
23511,Forcyte Biotechnologies,forcyte-biotechnologies,Winter 2021,Inactive,https://forcytebio.com/,https://www.ycombinator.com/companies/forcyte-biotechnologies,yc_oss_current,false,unverified_candidate,yc_slug_inference,forcyte-biotechnologies,https://www.crunchbase.com/organization/forcyte-biotechnologies,
31243,Foreman,foreman,Winter 2026,Active,https://foreman.co,https://www.ycombinator.com/companies/foreman,yc_oss_current,false,unverified_candidate,yc_slug_inference,foreman,https://www.crunchbase.com/organization/foreman,
30110,Forerunner AI,forerunner-ai,Fall 2024,Active,https://tryforerunner.com,https://www.ycombinator.com/companies/forerunner-ai,yc_oss_current,false,unverified_candidate,yc_slug_inference,forerunner-ai,https://www.crunchbase.com/organization/forerunner-ai,
30737,Foresight,foresight,Spring 2026,Active,https://foresight.tt/,https://www.ycombinator.com/companies/foresight,yc_oss_current,false,unverified_candidate,yc_slug_inference,foresight,https://www.crunchbase.com/organization/foresight,
21895,Foreword,foreword,Summer 2020,Inactive,https://www.foreword.live/,https://www.ycombinator.com/companies/foreword,yc_oss_current,false,unverified_candidate,yc_slug_inference,foreword,https://www.crunchbase.com/organization/foreword,
29499,Forge,forge,Winter 2024,Active,https://www.forgehq.com/,https://www.ycombinator.com/companies/forge,yc_oss_current,false,unverified_candidate,yc_slug_inference,forge,https://www.crunchbase.com/organization/forge,
30305,Forge Automation,forge-automation,Winter 2025,Active,https://www.forgeautomation.ca,https://www.ycombinator.com/companies/forge-automation,yc_oss_current,false,unverified_candidate,yc_slug_inference,forge-automation,https://www.crunchbase.com/organization/forge-automation,
29519,Forge Rewards,forge-rewards,Winter 2024,Active,https://www.joinforge.app/,https://www.ycombinator.com/companies/forge-rewards,yc_oss_current,false,unverified_candidate,yc_slug_inference,forge-rewards,https://www.crunchbase.com/organization/forge-rewards,
30991,Forge Robotics,forge-robotics,Fall 2025,Active,https://forge-robotics.com,https://www.ycombinator.com/companies/forge-robotics,yc_oss_current,false,unverified_candidate,yc_slug_inference,forge-robotics,https://www.crunchbase.com/organization/forge-robotics,
22079,Formal,formal,Summer 2020,Active,https://joinformal.com,https://www.ycombinator.com/companies/formal,yc_oss_current,false,unverified_candidate,yc_slug_inference,formal,https://www.crunchbase.com/organization/formal,
24379,Formance,formance,Summer 2021,Active,https://formance.com,https://www.ycombinator.com/companies/formance,yc_oss_current,false,unverified_candidate,yc_slug_inference,formance,https://www.crunchbase.com/organization/formance,
1412,Formative,,IK12,Active,http://www.goformative.com,,radema_historical,true,unverified_candidate,company_name_inference,formative,https://www.crunchbase.com/organization/formative,
29965,Formula Insight,formula-insight,Summer 2024,Active,https://www.formulainsight.io/,https://www.ycombinator.com/companies/formula-insight,yc_oss_current,false,unverified_candidate,yc_slug_inference,formula-insight,https://www.crunchbase.com/organization/formula-insight,
31239,Fort,fort,Winter 2026,Active,https://fort.cx,https://www.ycombinator.com/companies/fort,yc_oss_current,false,unverified_candidate,yc_slug_inference,fort,https://www.crunchbase.com/organization/fort,
28935,Fortuna Health,fortuna-health,Summer 2023,Active,https://fortunahealth.com/,https://www.ycombinator.com/companies/fortuna-health,yc_oss_current,false,unverified_candidate,yc_slug_inference,fortuna-health,https://www.crunchbase.com/organization/fortuna-health,
31204,Forum,forum,Winter 2026,Active,https://www.forum.market/,https://www.ycombinator.com/companies/forum,yc_oss_current,false,unverified_candidate,yc_slug_inference,forum,https://www.crunchbase.com/organization/forum,
35094,Forward,useforward,Fall 2026,Active,https://www.useforward.co/,https://www.ycombinator.com/companies/useforward,yc_oss_current,false,unverified_candidate,yc_slug_inference,useforward,https://www.crunchbase.com/organization/useforward,
23328,Foster,compound-writing,Winter 2021,Active,https://foster.co,https://www.ycombinator.com/companies/compound-writing,yc_oss_current,false,unverified_candidate,yc_slug_inference,compound-writing,https://www.crunchbase.com/organization/compound-writing,
29112,Foundation,foundation-2,Summer 2023,Active,https://buildwithfoundation.com/,https://www.ycombinator.com/companies/foundation-2,yc_oss_current,false,unverified_candidate,yc_slug_inference,foundation-2,https://www.crunchbase.com/organization/foundation-2,
30560,Foundation Industries,foundation-industries,Spring 2025,Active,https://www.foundation-industries.com/,https://www.ycombinator.com/companies/foundation-industries,yc_oss_current,false,unverified_candidate,yc_slug_inference,foundation-industries,https://www.crunchbase.com/organization/foundation-industries,
925,Fountain,fountain,Summer 2015,Active,http://fountain.com,https://www.ycombinator.com/companies/fountain,yc_oss_current,false,archive_observed_candidate,commoncrawl_2019_slug_observation,fountain,https://www.crunchbase.com/organization/fountain,
29274,Fractal Labs,fractal-labs,Winter 2024,Active,https://fractal-labs.gg/,https://www.ycombinator.com/companies/fractal-labs,yc_oss_current,false,unverified_candidate,yc_slug_inference,fractal-labs,https://www.crunchbase.com/organization/fractal-labs,
22751,Fractional,fractional,Winter 2021,Active,https://fractional.app,https://www.ycombinator.com/companies/fractional,yc_oss_current,false,unverified_candidate,yc_slug_inference,fractional,https://www.crunchbase.com/organization/fractional,
29021,Fragment,fragment,Summer 2023,Acquired,https://checkfragment.com,https://www.ycombinator.com/companies/fragment,yc_oss_current,false,unverified_candidate,yc_slug_inference,fragment,https://www.crunchbase.com/organization/fragment,
31553,Framewise Health,framewise-health,Spring 2026,Active,https://framewisehealth.com,https://www.ycombinator.com/companies/framewise-health,yc_oss_current,false,unverified_candidate,yc_slug_inference,framewise-health,https://www.crunchbase.com/organization/framewise-health,
30063,Freebuff,freebuff,Fall 2024,Active,https://freebuff.com,https://www.ycombinator.com/companies/freebuff,yc_oss_current,false,unverified_candidate,yc_slug_inference,freebuff,https://www.crunchbase.com/organization/freebuff,
30981,Freeport Markets,freeport-markets,Fall 2025,Active,https://www.freeportmarkets.com/,https://www.ycombinator.com/companies/freeport-markets,yc_oss_current,false,unverified_candidate,yc_slug_inference,freeport-markets,https://www.crunchbase.com/organization/freeport-markets,
30462,Freesolo,freesolo,Spring 2025,Active,https://freesolo.co,https://www.ycombinator.com/companies/freesolo,yc_oss_current,false,unverified_candidate,yc_slug_inference,freesolo,https://www.crunchbase.com/organization/freesolo,
29976,Freestyle,freestyle,Summer 2024,Active,https://www.freestyle.sh,https://www.ycombinator.com/companies/freestyle,yc_oss_current,false,unverified_candidate,yc_slug_inference,freestyle,https://www.crunchbase.com/organization/freestyle,
30116,Freestyle,freestyle-ai,Fall 2024,Active,https://www.freestyle.ai,https://www.ycombinator.com/companies/freestyle-ai,yc_oss_current,false,unverified_candidate,yc_slug_inference,freestyle-ai,https://www.crunchbase.com/organization/freestyle-ai,
30089,Fresco,fresco,Fall 2024,Active,https://fresco-ai.com/,https://www.ycombinator.com/companies/fresco,yc_oss_current,false,unverified_candidate,yc_slug_inference,fresco,https://www.crunchbase.com/organization/fresco,
26267,Fresh Factory,fresh-factory,Winter 2022,Active,http://freshfactory.id/,https://www.ycombinator.com/companies/fresh-factory,yc_oss_current,false,unverified_candidate,yc_slug_inference,fresh-factory,https://www.crunchbase.com/organization/fresh-factory,
12845,Freshpaint,freshpaint,Summer 2019,Active,https://freshpaint.io,https://www.ycombinator.com/companies/freshpaint,yc_oss_current,false,unverified_candidate,yc_slug_inference,freshpaint,https://www.crunchbase.com/organization/freshpaint,
1904,FREY,frey,Summer 2018,Inactive,https://frey.com,https://www.ycombinator.com/companies/frey,yc_oss_current,false,unverified_candidate,yc_slug_inference,frey,https://www.crunchbase.com/organization/frey,
30802,Freya,freya,Summer 2025,Active,https://freyavoice.ai/,https://www.ycombinator.com/companies/freya,yc_oss_current,false,unverified_candidate,yc_slug_inference,freya,https://www.crunchbase.com/organization/freya,
27852,Frigade,frigade,Winter 2023,Active,https://frigade.com,https://www.ycombinator.com/companies/frigade,yc_oss_current,false,unverified_candidate,yc_slug_inference,frigade,https://www.crunchbase.com/organization/frigade,
24038,FrontPage,frontpage,Summer 2021,Active,https://front.page,https://www.ycombinator.com/companies/frontpage,yc_oss_current,false,unverified_candidate,yc_slug_inference,frontpage,https://www.crunchbase.com/organization/frontpage,
31102,Fuchsia,fuchsia,Spring 2026,Active,https://getfuchsia.ai/,https://www.ycombinator.com/companies/fuchsia,yc_oss_current,false,unverified_candidate,yc_slug_inference,fuchsia,https://www.crunchbase.com/organization/fuchsia,
30688,Fulcrum,fulcrum,Summer 2025,Active,https://fulcrumresearch.ai,https://www.ycombinator.com/companies/fulcrum,yc_oss_current,false,unverified_candidate,yc_slug_inference,fulcrum,https://www.crunchbase.com/organization/fulcrum,
31048,FullSeam,fullseam,Winter 2026,Active,https://fullseam.com,https://www.ycombinator.com/companies/fullseam,yc_oss_current,false,unverified_candidate,yc_slug_inference,fullseam,https://www.crunchbase.com/organization/fullseam,
22788,FunctionUp (FanPlay),functionup-fanplay,Winter 2021,Acquired,https://www.functionup.org/,https://www.ycombinator.com/companies/functionup-fanplay,yc_oss_current,false,unverified_candidate,yc_slug_inference,functionup-fanplay,https://www.crunchbase.com/organization/functionup-fanplay,
22695,Furmacy,furmacy,Winter 2021,Acquired,http://www.furmacy.com/,https://www.ycombinator.com/companies/furmacy,yc_oss_current,false,unverified_candidate,yc_slug_inference,furmacy,https://www.crunchbase.com/organization/furmacy,
29290,FurtherAI,furtherai,Winter 2024,Active,https://www.furtherai.com/,https://www.ycombinator.com/companies/furtherai,yc_oss_current,false,unverified_candidate,yc_slug_inference,furtherai,https://www.crunchbase.com/organization/furtherai,
29349,Fuse,fuse-2,Summer 2024,Active,http://www.fuseinsight.com,https://www.ycombinator.com/companies/fuse-2,yc_oss_current,false,unverified_candidate,yc_slug_inference,fuse-2,https://www.crunchbase.com/organization/fuse-2,
30301,Fuse AI,fuse-ai,Winter 2025,Active,https://fuseai.com/,https://www.ycombinator.com/companies/fuse-ai,yc_oss_current,false,unverified_candidate,yc_slug_inference,fuse-ai,https://www.crunchbase.com/organization/fuse-ai,
30109,FutureClinic,futureclinic,Fall 2024,Active,https://www.futureclinic.com,https://www.ycombinator.com/companies/futureclinic,yc_oss_current,false,unverified_candidate,yc_slug_inference,futureclinic,https://www.crunchbase.com/organization/futureclinic,
12631,Fynn,fynn,Summer 2019,Active,https://www.fynncredit.com,https://www.ycombinator.com/companies/fynn,yc_oss_current,false,unverified_candidate,yc_slug_inference,fynn,https://www.crunchbase.com/organization/fynn,
30270,G LNK,g-lnk,Winter 2025,Active,https://glnkco.com/,https://www.ycombinator.com/companies/g-lnk,yc_oss_current,false,unverified_candidate,yc_slug_inference,g-lnk,https://www.crunchbase.com/organization/g-lnk,
12705,Gaiascope,gaiascope,Summer 2019,Acquired,http://gaia-scope.com,https://www.ycombinator.com/companies/gaiascope,yc_oss_current,false,unverified_candidate,yc_slug_inference,gaiascope,https://www.crunchbase.com/organization/gaiascope,
22625,gaiia,gaiia,Winter 2021,Active,http://gaiia.com,https://www.ycombinator.com/companies/gaiia,yc_oss_current,false,unverified_candidate,yc_slug_inference,gaiia,https://www.crunchbase.com/organization/gaiia,
30028,Gait,gait,Fall 2024,Inactive,https://getgait.com,https://www.ycombinator.com/companies/gait,yc_oss_current,false,unverified_candidate,yc_slug_inference,gait,https://www.crunchbase.com/organization/gait,
30635,"Galactic Resource Utilization Space, Inc. (GRU Space)",galactic-resource-utilization-space-inc-gru-space,Winter 2026,Active,https://gru.space,https://www.ycombinator.com/companies/galactic-resource-utilization-space-inc-gru-space,yc_oss_current,false,unverified_candidate,yc_slug_inference,galactic-resource-utilization-space-inc-gru-space,https://www.crunchbase.com/organization/galactic-resource-utilization-space-inc-gru-space,
23305,Galaxy,galaxy,Winter 2021,Inactive,https://launchpointhq.com,https://www.ycombinator.com/companies/galaxy,yc_oss_current,false,unverified_candidate,yc_slug_inference,galaxy,https://www.crunchbase.com/organization/galaxy,
30258,Gale,gale,Winter 2025,Active,https://galevisa.com,https://www.ycombinator.com/companies/gale,yc_oss_current,false,unverified_candidate,yc_slug_inference,gale,https://www.crunchbase.com/organization/gale,
30422,Galen AI,galen-ai,Spring 2025,Acquired,https://www.galenai.com/,https://www.ycombinator.com/companies/galen-ai,yc_oss_current,false,unverified_candidate,yc_slug_inference,galen-ai,https://www.crunchbase.com/organization/galen-ai,
30018,Galini,galini,Fall 2024,Active,https://www.galini.ai/,https://www.ycombinator.com/companies/galini,yc_oss_current,false,unverified_candidate,yc_slug_inference,galini,https://www.crunchbase.com/organization/galini,
12546,Gamebytes,gamebytes,Summer 2019,Active,http://www.gamebytes.io,https://www.ycombinator.com/companies/gamebytes,yc_oss_current,false,unverified_candidate,yc_slug_inference,gamebytes,https://www.crunchbase.com/organization/gamebytes,
33016,Gamgee,gamgee,Summer 2026,Active,https://gamgee.io/,https://www.ycombinator.com/companies/gamgee,yc_oss_current,false,unverified_candidate,yc_slug_inference,gamgee,https://www.crunchbase.com/organization/gamgee,
30099,Gander,gander,Fall 2024,Acquired,https://usegander.com,https://www.ycombinator.com/companies/gander,yc_oss_current,false,unverified_candidate,yc_slug_inference,gander,https://www.crunchbase.com/organization/gander,
29269,Garage,garage-2,Winter 2024,Active,https://www.shopgarage.com/,https://www.ycombinator.com/companies/garage-2,yc_oss_current,false,unverified_candidate,yc_slug_inference,garage-2,https://www.crunchbase.com/organization/garage-2,
21789,Gather,gather,Summer 2020,Acquired,https://www.teamgather.co/,https://www.ycombinator.com/companies/gather,yc_oss_current,false,unverified_candidate,yc_slug_inference,gather,https://www.crunchbase.com/organization/gather,
22571,Gather,gather-2,Summer 2019,Active,https://www.gather.town/,https://www.ycombinator.com/companies/gather-2,yc_oss_current,false,unverified_candidate,yc_slug_inference,gather-2,https://www.crunchbase.com/organization/gather-2,
29693,Gauge,gauge,Summer 2024,Active,https://withgauge.com,https://www.ycombinator.com/companies/gauge,yc_oss_current,false,unverified_candidate,yc_slug_inference,gauge,https://www.crunchbase.com/organization/gauge,
25613,Gauss,gauss,Winter 2022,Active,https://gauss.money,https://www.ycombinator.com/companies/gauss,yc_oss_current,false,unverified_candidate,yc_slug_inference,gauss,https://www.crunchbase.com/organization/gauss,
30087,Gecko Security,gecko-security,Fall 2024,Active,https://gecko.security,https://www.ycombinator.com/companies/gecko-security,yc_oss_current,false,unverified_candidate,yc_slug_inference,gecko-security,https://www.crunchbase.com/organization/gecko-security,
29962,General Analysis,general-analysis,Summer 2024,Active,https://generalanalysis.com,https://www.ycombinator.com/companies/general-analysis,datahive_historical,true,unverified_candidate,yc_slug_inference,general-analysis,https://www.crunchbase.com/organization/general-analysis,
30973,General Astronautics,generalastro,Winter 2026,Active,https://generalastro.com/,https://www.ycombinator.com/companies/generalastro,yc_oss_current,false,unverified_candidate,yc_slug_inference,generalastro,https://www.crunchbase.com/organization/generalastro,
31501,General Aviation,general-aviation,Spring 2026,Active,https://generalaviation.com,https://www.ycombinator.com/companies/general-aviation,yc_oss_current,false,unverified_candidate,yc_slug_inference,general-aviation,https://www.crunchbase.com/organization/general-aviation,
31456,General Instinct,general-instinct,Spring 2026,Active,https://general-instinct.com/,https://www.ycombinator.com/companies/general-instinct,yc_oss_current,false,unverified_candidate,yc_slug_inference,general-instinct,https://www.crunchbase.com/organization/general-instinct,
30053,General Learning,general-learning,Fall 2024,Active,https://generallearning.com,https://www.ycombinator.com/companies/general-learning,yc_oss_current,false,unverified_candidate,yc_slug_inference,general-learning,https://www.crunchbase.com/organization/general-learning,
31240,General Legal,general-legal,Winter 2026,Active,https://general.legal,https://www.ycombinator.com/companies/general-legal,yc_oss_current,false,unverified_candidate,yc_slug_inference,general-legal,https://www.crunchbase.com/organization/general-legal,
13216,General Proximity,general-proximity,Winter 2020,Active,https://www.generalproximity.bio/,https://www.ycombinator.com/companies/general-proximity,yc_oss_current,false,unverified_candidate,yc_slug_inference,general-proximity,https://www.crunchbase.com/organization/general-proximity,
30276,General Trajectory,general-trajectory,Winter 2025,Active,https://www.generaltrajectory.com/,https://www.ycombinator.com/companies/general-trajectory,yc_oss_current,false,unverified_candidate,yc_slug_inference,general-trajectory,https://www.crunchbase.com/organization/general-trajectory,
24345,Geostar,geostar,Summer 2021,Active,https://www.geostar.ai,https://www.ycombinator.com/companies/geostar,yc_oss_current,false,unverified_candidate,yc_slug_inference,geostar,https://www.crunchbase.com/organization/geostar,
30598,GETASAP,getasap,Summer 2025,Active,https://www.getasap.us,https://www.ycombinator.com/companies/getasap,yc_oss_current,false,unverified_candidate,yc_slug_inference,getasap,https://www.crunchbase.com/organization/getasap,
30031,Getcho,getcho,Fall 2024,Active,https://getcho.app/,https://www.ycombinator.com/companies/getcho,yc_oss_current,false,unverified_candidate,yc_slug_inference,getcho,https://www.crunchbase.com/organization/getcho,
24390,GetDot,getdot,Summer 2021,Active,https://getdot.ai,https://www.ycombinator.com/companies/getdot,yc_oss_current,false,unverified_candidate,yc_slug_inference,getdot,https://www.crunchbase.com/organization/getdot,
30696,GhostEye,ghosteye,Summer 2025,Active,https://ghosteye.ai,https://www.ycombinator.com/companies/ghosteye,yc_oss_current,false,unverified_candidate,yc_slug_inference,ghosteye,https://www.crunchbase.com/organization/ghosteye,
29108,Giga,giga,Summer 2023,Active,https://giga.ai/,https://www.ycombinator.com/companies/giga,yc_oss_current,false,unverified_candidate,yc_slug_inference,giga,https://www.crunchbase.com/organization/giga,
31536,Gigacatalyst,gigacatalyst,Spring 2026,Active,https://gigacatalyst.com/,https://www.ycombinator.com/companies/gigacatalyst,yc_oss_current,false,unverified_candidate,yc_slug_inference,gigacatalyst,https://www.crunchbase.com/organization/gigacatalyst,
23389,Gigs,gigs,Winter 2021,Active,https://gigs.com,https://www.ycombinator.com/companies/gigs,yc_oss_current,false,unverified_candidate,yc_slug_inference,gigs,https://www.crunchbase.com/organization/gigs,
22334,Gilgamesh Pharmaceuticals,gilgamesh-pharmaceuticals,Summer 2020,Active,https://www.gilgameshpharmaceutical.com,https://www.ycombinator.com/companies/gilgamesh-pharmaceuticals,yc_oss_current,false,unverified_candidate,yc_slug_inference,gilgamesh-pharmaceuticals,https://www.crunchbase.com/organization/gilgamesh-pharmaceuticals,
22888,GimBooks,gimbooks,Winter 2021,Active,https://gimbooks.com/,https://www.ycombinator.com/companies/gimbooks,yc_oss_current,false,unverified_candidate,yc_slug_inference,gimbooks,https://www.crunchbase.com/organization/gimbooks,
31592,GitCafe,gitcafe,Summer 2026,Active,https://git.cafe,https://www.ycombinator.com/companies/gitcafe,yc_oss_current,false,unverified_candidate,yc_slug_inference,gitcafe,https://www.crunchbase.com/organization/gitcafe,
12876,GitStart,gitstart,Summer 2019,Active,https://www.gitstart.com,https://www.ycombinator.com/companies/gitstart,yc_oss_current,false,unverified_candidate,yc_slug_inference,gitstart,https://www.crunchbase.com/organization/gitstart,
28938,Glade,glade,Summer 2023,Active,https://gladestudio.ai/,https://www.ycombinator.com/companies/glade,yc_oss_current,false,unverified_candidate,yc_slug_inference,glade,https://www.crunchbase.com/organization/glade,
27766,Glass Health,glass-health,Winter 2023,Active,https://glass.health,https://www.ycombinator.com/companies/glass-health,yc_oss_current,false,unverified_candidate,yc_slug_inference,glass-health,https://www.crunchbase.com/organization/glass-health,
118,GlassMap,glassmap,Summer 2011,Acquired,http://ansibletechnologies.com,https://www.ycombinator.com/companies/glassmap,yc_oss_current,false,unverified_candidate,yc_slug_inference,glassmap,https://www.crunchbase.com/organization/glassmap,
28974,Gleam,gleam,Summer 2023,Active,https://joingleam.com,https://www.ycombinator.com/companies/gleam,yc_oss_current,false,unverified_candidate,yc_slug_inference,gleam,https://www.crunchbase.com/organization/gleam,
32226,Glen,glen,Summer 2026,Active,https://www.tryglen.com/,https://www.ycombinator.com/companies/glen,yc_oss_current,false,unverified_candidate,yc_slug_inference,glen,https://www.crunchbase.com/organization/glen,
29123,Glide,glide-2,Summer 2023,Acquired,https://buildwithglide.com,https://www.ycombinator.com/companies/glide-2,yc_oss_current,false,unverified_candidate,yc_slug_inference,glide-2,https://www.crunchbase.com/organization/glide-2,
29322,Glimmer,glimmer,Winter 2024,Inactive,https://www.withglimmer.com/,https://www.ycombinator.com/companies/glimmer,yc_oss_current,false,unverified_candidate,yc_slug_inference,glimmer,https://www.crunchbase.com/organization/glimmer,
13156,Glimpse,glimpse,Winter 2020,Acquired,https://www.joinglimpse.com,https://www.ycombinator.com/companies/glimpse,yc_oss_current,false,unverified_candidate,yc_slug_inference,glimpse,https://www.crunchbase.com/organization/glimpse,
13113,Glisten AI,glisten-ai,Winter 2020,Inactive,http://glisten.ai,https://www.ycombinator.com/companies/glisten-ai,yc_oss_current,false,unverified_candidate,yc_slug_inference,glisten-ai,https://www.crunchbase.com/organization/glisten-ai,
12273,Globe,globe,Winter 2019,Active,https://globe.exchange,https://www.ycombinator.com/companies/globe,yc_oss_current,false,unverified_candidate,yc_slug_inference,globe,https://www.crunchbase.com/organization/globe,
29341,GloGlo,gloglo,Winter 2024,Active,https://gloglo.com,https://www.ycombinator.com/companies/gloglo,yc_oss_current,false,unverified_candidate,yc_slug_inference,gloglo,https://www.crunchbase.com/organization/gloglo,
25994,Glow Energy,glow-energy,Winter 2022,Acquired,https://www.glowenergy.com/,https://www.ycombinator.com/companies/glow-energy,yc_oss_current,false,unverified_candidate,yc_slug_inference,glow-energy,https://www.crunchbase.com/organization/glow-energy,
27818,Gluetrail,gluetrail,Winter 2023,Inactive,https://www.gluetrail.com,https://www.ycombinator.com/companies/gluetrail,yc_oss_current,false,unverified_candidate,yc_slug_inference,gluetrail,https://www.crunchbase.com/organization/gluetrail,
23963,Gobillion,gobillion,Summer 2021,Inactive,https://gobillion.co,https://www.ycombinator.com/companies/gobillion,yc_oss_current,false,unverified_candidate,yc_slug_inference,gobillion,https://www.crunchbase.com/organization/gobillion,
22712,GoBuild (fka Brick),gobuild-fka-brick,Winter 2021,Inactive,https://go.build,https://www.ycombinator.com/companies/gobuild-fka-brick,yc_oss_current,false,unverified_candidate,yc_slug_inference,gobuild-fka-brick,https://www.crunchbase.com/organization/gobuild-fka-brick,
30559,Godela,godela,Spring 2025,Active,http://godela.ai,https://www.ycombinator.com/companies/godela,yc_oss_current,false,unverified_candidate,yc_slug_inference,godela,https://www.crunchbase.com/organization/godela,
31378,GodHands,godhands,Fall 2026,Active,https://godhands.dev,https://www.ycombinator.com/companies/godhands,yc_oss_current,false,unverified_candidate,yc_slug_inference,godhands,https://www.crunchbase.com/organization/godhands,
13337,goDutch,godutch,Winter 2020,Inactive,https://godutchpay.in,https://www.ycombinator.com/companies/godutch,yc_oss_current,false,unverified_candidate,yc_slug_inference,godutch,https://www.crunchbase.com/organization/godutch,
31426,Gojiberry AI,gojiberry-ai,Spring 2026,Active,https://www.gojiberry.ai,https://www.ycombinator.com/companies/gojiberry-ai,yc_oss_current,false,unverified_candidate,yc_slug_inference,gojiberry-ai,https://www.crunchbase.com/organization/gojiberry-ai,
29161,Goldbridge,goldbridge,Fall 2025,Active,https://www.goldbridgebanking.com/,https://www.ycombinator.com/companies/goldbridge,yc_oss_current,false,unverified_candidate,yc_slug_inference,goldbridge,https://www.crunchbase.com/organization/goldbridge,
30407,Golf,golf,Spring 2025,Active,https://golf.dev/,https://www.ycombinator.com/companies/golf,yc_oss_current,false,unverified_candidate,yc_slug_inference,golf,https://www.crunchbase.com/organization/golf,
30618,Golpo,golpo,Summer 2025,Active,https://video.golpoai.com/,https://www.ycombinator.com/companies/golpo,yc_oss_current,false,unverified_candidate,yc_slug_inference,golpo,https://www.crunchbase.com/organization/golpo,
1690,Goodcover,goodcover,Summer 2017,Active,http://www.goodcover.com,https://www.ycombinator.com/companies/goodcover,yc_oss_current,false,unverified_candidate,yc_slug_inference,goodcover,https://www.crunchbase.com/organization/goodcover,
25745,goodfin,goodfin,Winter 2022,Active,http://www.goodfin.com,https://www.ycombinator.com/companies/goodfin,yc_oss_current,false,unverified_candidate,yc_slug_inference,goodfin,https://www.crunchbase.com/organization/goodfin,
24005,Goodkind,goodkind,Summer 2021,Acquired,https://www.goodkind.com/,https://www.ycombinator.com/companies/goodkind,yc_oss_current,false,unverified_candidate,yc_slug_inference,goodkind,https://www.crunchbase.com/organization/goodkind,
27843,Gooseworks,gooseworks,Winter 2023,Active,https://gooseworks.ai/,https://www.ycombinator.com/companies/gooseworks,yc_oss_current,false,unverified_candidate,yc_slug_inference,gooseworks,https://www.crunchbase.com/organization/gooseworks,
12829,Gotrade,gotrade,Summer 2019,Active,https://www.heygotrade.com/,https://www.ycombinator.com/companies/gotrade,yc_oss_current,false,unverified_candidate,yc_slug_inference,gotrade,https://www.crunchbase.com/organization/gotrade,
26125,GovDash,govdash,Winter 2022,Active,https://govdash.com/,https://www.ycombinator.com/companies/govdash,yc_oss_current,false,unverified_candidate,yc_slug_inference,govdash,https://www.crunchbase.com/organization/govdash,
27822,GovEagle,goveagle,Winter 2023,Active,https://www.goveagle.com/,https://www.ycombinator.com/companies/goveagle,yc_oss_current,false,unverified_candidate,yc_slug_inference,goveagle,https://www.crunchbase.com/organization/goveagle,
28896,GovernGPT,governgpt,Winter 2024,Active,https://www.governgpt.com/,https://www.ycombinator.com/companies/governgpt,yc_oss_current,false,unverified_candidate,yc_slug_inference,governgpt,https://www.crunchbase.com/organization/governgpt,
31381,GovGuard,govguard,Spring 2026,Active,https://govguard.com,https://www.ycombinator.com/companies/govguard,yc_oss_current,false,unverified_candidate,yc_slug_inference,govguard,https://www.crunchbase.com/organization/govguard,
24252,Govly,govly,Summer 2021,Active,https://www.govly.com/,https://www.ycombinator.com/companies/govly,yc_oss_current,false,unverified_candidate,yc_slug_inference,govly,https://www.crunchbase.com/organization/govly,
31255,Grade,grade,Winter 2026,Active,https://usegrade.com,https://www.ycombinator.com/companies/grade,yc_oss_current,false,unverified_candidate,yc_slug_inference,grade,https://www.crunchbase.com/organization/grade,
22777,Gradia Health,gradia-health,Winter 2021,Active,https://www.gradia.com/,https://www.ycombinator.com/companies/gradia-health,yc_oss_current,false,unverified_candidate,yc_slug_inference,gradia-health,https://www.crunchbase.com/organization/gradia-health,
29485,Granza Bio,granza-bio,Winter 2024,Active,https://www.granzabio.com/,https://www.ycombinator.com/companies/granza-bio,yc_oss_current,false,unverified_candidate,yc_slug_inference,granza-bio,https://www.crunchbase.com/organization/granza-bio,
32583,Graphify Labs,graphify-labs,Summer 2026,Active,https://www.graphify.com/,https://www.ycombinator.com/companies/graphify-labs,yc_oss_current,false,unverified_candidate,yc_slug_inference,graphify-labs,https://www.crunchbase.com/organization/graphify-labs,
31522,Gravy,gravy,Spring 2026,Active,https://gravy.finance,https://www.ycombinator.com/companies/gravy,yc_oss_current,false,unverified_candidate,yc_slug_inference,gravy,https://www.crunchbase.com/organization/gravy,
23306,GreaseBoss,greaseboss,Winter 2021,Active,https://www.greaseboss.com.au,https://www.ycombinator.com/companies/greaseboss,yc_oss_current,false,unverified_candidate,yc_slug_inference,greaseboss,https://www.crunchbase.com/organization/greaseboss,
22947,Great Question,great-question,Winter 2021,Active,https://greatquestion.co,https://www.ycombinator.com/companies/great-question,yc_oss_current,false,unverified_candidate,yc_slug_inference,great-question,https://www.crunchbase.com/organization/great-question,
29298,Greenboard,greenboard,Winter 2024,Active,https://www.greenboard.com,https://www.ycombinator.com/companies/greenboard,yc_oss_current,false,unverified_candidate,yc_slug_inference,greenboard,https://www.crunchbase.com/organization/greenboard,
28838,GreenTally,greentally,Summer 2023,Inactive,https://www.greentally.ai,https://www.ycombinator.com/companies/greentally,yc_oss_current,false,unverified_candidate,yc_slug_inference,greentally,https://www.crunchbase.com/organization/greentally,
29226,Greptile,greptile,Winter 2024,Active,https://www.greptile.com,https://www.ycombinator.com/companies/greptile,yc_oss_current,false,unverified_candidate,yc_slug_inference,greptile,https://www.crunchbase.com/organization/greptile,
25713,Grey,grey,Winter 2022,Active,https://grey.co,https://www.ycombinator.com/companies/grey,yc_oss_current,false,unverified_candidate,yc_slug_inference,grey,https://www.crunchbase.com/organization/grey,
32586,Greypoint Industries,greypoint-industries,Summer 2026,Active,https://greypointindustries.com/,https://www.ycombinator.com/companies/greypoint-industries,yc_oss_current,false,unverified_candidate,yc_slug_inference,greypoint-industries,https://www.crunchbase.com/organization/greypoint-industries,
33144,Grip,grip,Summer 2026,Active,https://www.griprobotics.ai,https://www.ycombinator.com/companies/grip,yc_oss_current,false,unverified_candidate,yc_slug_inference,grip,https://www.crunchbase.com/organization/grip,
32221,Grocalo,grocalo,Summer 2026,Active,https://grocalo.com/,https://www.ycombinator.com/companies/grocalo,yc_oss_current,false,unverified_candidate,yc_slug_inference,grocalo,https://www.crunchbase.com/organization/grocalo,
22677,GroMo,gromo,Winter 2021,Active,https://www.gromo.in,https://www.ycombinator.com/companies/gromo,yc_oss_current,false,unverified_candidate,yc_slug_inference,gromo,https://www.crunchbase.com/organization/gromo,https://www.linkedin.com/company/gromofintech/
30417,GroundControl,groundcontrol,Spring 2025,Active,https://rungroundcontrol.com/,https://www.ycombinator.com/companies/groundcontrol,yc_oss_current,false,unverified_candidate,yc_slug_inference,groundcontrol,https://www.crunchbase.com/organization/groundcontrol,
1282,GTRACK Technologies,gtrack-technologies,Summer 2016,Inactive,http://www.gtracktechnologies.com,https://www.ycombinator.com/companies/gtrack-technologies,yc_oss_current,false,unverified_candidate,yc_slug_inference,gtrack-technologies,https://www.crunchbase.com/organization/gtrack-technologies,
28940,Guac,guac,Summer 2023,Active,https://www.guac.com/,https://www.ycombinator.com/companies/guac,yc_oss_current,false,unverified_candidate,yc_slug_inference,guac,https://www.crunchbase.com/organization/guac,
27263,Guardian Bio,guardian-bio,Summer 2022,Active,http://www.guardian-bio.com,https://www.ycombinator.com/companies/guardian-bio,yc_oss_current,false,unverified_candidate,yc_slug_inference,guardian-bio,https://www.crunchbase.com/organization/guardian-bio,
29783,Guardian RF,guardian-rf,Summer 2024,Active,https://guardianrf.com/,https://www.ycombinator.com/companies/guardian-rf,yc_oss_current,false,unverified_candidate,yc_slug_inference,guardian-rf,https://www.crunchbase.com/organization/guardian-rf,
29328,Guide Labs,guide-labs,Winter 2024,Active,https://www.guidelabs.ai/,https://www.ycombinator.com/companies/guide-labs,yc_oss_current,false,unverified_candidate,yc_slug_inference,guide-labs,https://www.crunchbase.com/organization/guide-labs,
32194,GUILD,guild,Summer 2026,Active,https://www.guildai.co,https://www.ycombinator.com/companies/guild,yc_oss_current,false,archive_observed_candidate,commoncrawl_2019_slug_observation,guild,https://www.crunchbase.com/organization/guild,
26795,Gullak Money,gullak-money,Summer 2022,Active,https://gullak.money,https://www.ycombinator.com/companies/gullak-money,yc_oss_current,false,unverified_candidate,yc_slug_inference,gullak-money,https://www.crunchbase.com/organization/gullak-money,
29180,Gumloop,gumloop,Winter 2024,Active,https://www.gumloop.com/,https://www.ycombinator.com/companies/gumloop,yc_oss_current,false,unverified_candidate,yc_slug_inference,gumloop,https://www.crunchbase.com/organization/gumloop,
32170,Gutgutgoose,gutgutgoose,Summer 2026,Active,https://gutgutgoose.com/,https://www.ycombinator.com/companies/gutgutgoose,yc_oss_current,false,unverified_candidate,yc_slug_inference,gutgutgoose,https://www.crunchbase.com/organization/gutgutgoose,
25363,Gym Class,gym-class,Winter 2022,Active,https://gymclass.com,https://www.ycombinator.com/companies/gym-class,yc_oss_current,false,unverified_candidate,yc_slug_inference,gym-class,https://www.crunchbase.com/organization/gym-class,
23556,H3X Technologies,h3x-technologies,Winter 2021,Active,http://h3x.tech/,https://www.ycombinator.com/companies/h3x-technologies,yc_oss_current,false,unverified_candidate,yc_slug_inference,h3x-technologies,https://www.crunchbase.com/organization/h3x-technologies,
30469,HABIT,habit,Spring 2025,Active,https://habitrobotics.com,https://www.ycombinator.com/companies/habit,yc_oss_current,false,unverified_candidate,yc_slug_inference,habit,https://www.crunchbase.com/organization/habit,
27943,Hadrius,hadrius,Winter 2023,Active,https://www.hadrius.com,https://www.ycombinator.com/companies/hadrius,yc_oss_current,false,unverified_candidate,yc_slug_inference,hadrius,https://www.crunchbase.com/organization/hadrius,
1801,Haiku,haiku,Winter 2018,Inactive,https://www.haikuforteams.com/,https://www.ycombinator.com/companies/haiku,yc_oss_current,false,unverified_candidate,yc_slug_inference,haiku,https://www.crunchbase.com/organization/haiku,
31030,Haladir,haladir,Winter 2026,Active,https://www.haladir.com/,https://www.ycombinator.com/companies/haladir,yc_oss_current,false,unverified_candidate,yc_slug_inference,haladir,https://www.crunchbase.com/organization/haladir,
27710,Hammr,hammr,Winter 2023,Active,https://www.hammr.com,https://www.ycombinator.com/companies/hammr,yc_oss_current,false,unverified_candidate,yc_slug_inference,hammr,https://www.crunchbase.com/organization/hammr,
13504,Handl,handl,Winter 2020,Active,https://handl.ai/,https://www.ycombinator.com/companies/handl,yc_oss_current,false,unverified_candidate,yc_slug_inference,handl,https://www.crunchbase.com/organization/handl,
30442,Hanji,hanji,Spring 2025,Active,https://hanji.dev/,https://www.ycombinator.com/companies/hanji,yc_oss_current,false,unverified_candidate,yc_slug_inference,hanji,https://www.crunchbase.com/organization/hanji,
29484,Haplotype Labs,haplotype-labs,Winter 2024,Active,https://www.haplotypelabs.com/,https://www.ycombinator.com/companies/haplotype-labs,yc_oss_current,false,unverified_candidate,yc_slug_inference,haplotype-labs,https://www.crunchbase.com/organization/haplotype-labs,
29233,Happenstance,happenstance,Winter 2024,Active,https://happenstance.ai,https://www.ycombinator.com/companies/happenstance,yc_oss_current,false,unverified_candidate,yc_slug_inference,happenstance,https://www.crunchbase.com/organization/happenstance,
30265,Harbera,harbera,Winter 2025,Active,https://harbera.com/,https://www.ycombinator.com/companies/harbera,yc_oss_current,false,unverified_candidate,yc_slug_inference,harbera,https://www.crunchbase.com/organization/harbera,
31445,Harbor,runharbor,Spring 2026,Active,https://runharbor.com/,https://www.ycombinator.com/companies/runharbor,yc_oss_current,false,unverified_candidate,yc_slug_inference,runharbor,https://www.crunchbase.com/organization/runharbor,
33573,hardware intelligence,hardware-intelligence,Summer 2026,Active,https://hardwareintelligence.ai,https://www.ycombinator.com/companies/hardware-intelligence,yc_oss_current,false,unverified_candidate,yc_slug_inference,hardware-intelligence,https://www.crunchbase.com/organization/hardware-intelligence,
24467,Harmonic Discovery,harmonic-discovery,Summer 2021,Active,http://harmonicdiscovery.com,https://www.ycombinator.com/companies/harmonic-discovery,yc_oss_current,false,unverified_candidate,yc_slug_inference,harmonic-discovery,https://www.crunchbase.com/organization/harmonic-discovery,
30288,Harper,harper,Winter 2025,Active,https://www.harperinsure.com/,https://www.ycombinator.com/companies/harper,yc_oss_current,false,archive_observed_candidate,commoncrawl_2019_slug_observation,harper,https://www.crunchbase.com/organization/harper,
29433,Hatchet,hatchet-run,Winter 2024,Active,https://hatchet.run,https://www.ycombinator.com/companies/hatchet-run,yc_oss_current,false,unverified_candidate,yc_slug_inference,hatchet-run,https://www.crunchbase.com/organization/hatchet-run,
12659,Hatchways,hatchways,Summer 2019,Active,http://www.hatchways.io,https://www.ycombinator.com/companies/hatchways,yc_oss_current,false,unverified_candidate,yc_slug_inference,hatchways,https://www.crunchbase.com/organization/hatchways,
13149,Haven,haven,Winter 2020,Active,http://www.havenservicing.com,https://www.ycombinator.com/companies/haven,yc_oss_current,false,unverified_candidate,yc_slug_inference,haven,https://www.crunchbase.com/organization/haven,
27855,Haven,haven-2,Winter 2023,Active,https://www.usehaven.ai/,https://www.ycombinator.com/companies/haven-2,yc_oss_current,false,unverified_candidate,yc_slug_inference,haven-2,https://www.crunchbase.com/organization/haven-2,
29797,Haystack,haystackeditor,Summer 2024,Active,https://tryhaystack.dev/,https://www.ycombinator.com/companies/haystackeditor,yc_oss_current,false,unverified_candidate,yc_slug_inference,haystackeditor,https://www.crunchbase.com/organization/haystackeditor,
29483,Healia,healia,Winter 2024,Active,https://www.healiahealth.com/,https://www.ycombinator.com/companies/healia,yc_oss_current,false,archive_observed_candidate,commoncrawl_2019_slug_observation,healia,https://www.crunchbase.com/organization/healia,
30249,HealthKey,healthkey,Winter 2025,Active,https://gethealthkey.com/,https://www.ycombinator.com/companies/healthkey,yc_oss_current,false,unverified_candidate,yc_slug_inference,healthkey,https://www.crunchbase.com/organization/healthkey,
13516,Healthlane,healthlane,Winter 2020,Active,http://healthlane.co,https://www.ycombinator.com/companies/healthlane,yc_oss_current,false,unverified_candidate,yc_slug_inference,healthlane,https://www.crunchbase.com/organization/healthlane,
30034,HealthSpark,healthspark,Fall 2024,Active,https://www.joinhealthspark.com,https://www.ycombinator.com/companies/healthspark,yc_oss_current,false,archive_observed_candidate,commoncrawl_2019_slug_observation,healthspark,https://www.crunchbase.com/organization/healthspark,
29159,Healthtech 1,healthtech-1,Summer 2023,Active,https://www.healthtech1.uk/,https://www.ycombinator.com/companies/healthtech-1,yc_oss_current,false,unverified_candidate,yc_slug_inference,healthtech-1,https://www.crunchbase.com/organization/healthtech-1,
29403,HeartByte,heartbyte,Winter 2024,Active,https://www.storioai.com,https://www.ycombinator.com/companies/heartbyte,yc_oss_current,false,unverified_candidate,yc_slug_inference,heartbyte,https://www.crunchbase.com/organization/heartbyte,
33279,Hebbian Robotics,hebbian-robotics,Summer 2026,Active,https://hebbianrobotics.com/,https://www.ycombinator.com/companies/hebbian-robotics,yc_oss_current,false,unverified_candidate,yc_slug_inference,hebbian-robotics,https://www.crunchbase.com/organization/hebbian-robotics,
31323,Hedge,hedge,Spring 2026,Active,https://www.hedgespecialty.com/,https://www.ycombinator.com/companies/hedge,yc_oss_current,false,unverified_candidate,yc_slug_inference,hedge,https://www.crunchbase.com/organization/hedge,
26883,Hedgehog,hedgehog-2,Summer 2022,Active,http://hedgehogfoods.com,https://www.ycombinator.com/companies/hedgehog-2,yc_oss_current,false,unverified_candidate,yc_slug_inference,hedgehog-2,https://www.crunchbase.com/organization/hedgehog-2,
28865,Hegel AI,hegel-ai,Summer 2023,Active,https://hegel-ai.com,https://www.ycombinator.com/companies/hegel-ai,yc_oss_current,false,unverified_candidate,yc_slug_inference,hegel-ai,https://www.crunchbase.com/organization/hegel-ai,
28072,Helios,helios,Winter 2023,Active,https://www.usehelios.ai/,https://www.ycombinator.com/companies/helios,yc_oss_current,false,unverified_candidate,yc_slug_inference,helios,https://www.crunchbase.com/organization/helios,
29799,Helium,helium,Summer 2024,Active,https://tryhelium.com,https://www.ycombinator.com/companies/helium,yc_oss_current,false,unverified_candidate,yc_slug_inference,helium,https://www.crunchbase.com/organization/helium,
1600,Helium Health,helium-health,Summer 2017,Active,https://heliumhealth.com/,https://www.ycombinator.com/companies/helium-health,yc_oss_current,false,unverified_candidate,yc_slug_inference,helium-health,https://www.crunchbase.com/organization/helium-health,
30432,HelixDB,helixdb,Spring 2025,Active,https://helix-db.com,https://www.ycombinator.com/companies/helixdb,yc_oss_current,false,unverified_candidate,yc_slug_inference,helixdb,https://www.crunchbase.com/organization/helixdb,
21962,Hellometer,hellometer,Summer 2020,Active,https://hellometer.io/,https://www.ycombinator.com/companies/hellometer,yc_oss_current,false,unverified_candidate,yc_slug_inference,hellometer,https://www.crunchbase.com/organization/hellometer,
22269,Hellosaurus,hellosaurus,Summer 2020,Acquired,https://hellosaur.us/join,https://www.ycombinator.com/companies/hellosaurus,yc_oss_current,false,unverified_candidate,yc_slug_inference,hellosaurus,https://www.crunchbase.com/organization/hellosaurus,
30911,Helonic,helonic,Fall 2025,Active,https://helonic.com,https://www.ycombinator.com/companies/helonic,yc_oss_current,false,unverified_candidate,yc_slug_inference,helonic,https://www.crunchbase.com/organization/helonic,
12726,HelpNow,helpnow,Winter 2020,Inactive,http://www.getHelpNow.in,https://www.ycombinator.com/companies/helpnow,yc_oss_current,false,unverified_candidate,yc_slug_inference,helpnow,https://www.crunchbase.com/organization/helpnow,
35522,Hemlock,hemlock,Fall 2026,Active,https://hemlock.info,https://www.ycombinator.com/companies/hemlock,yc_oss_current,false,unverified_candidate,yc_slug_inference,hemlock,https://www.crunchbase.com/organization/hemlock,
30519,Hemut,hemut,Spring 2025,Active,https://www.hemut.com/,https://www.ycombinator.com/companies/hemut,yc_oss_current,false,unverified_candidate,yc_slug_inference,hemut,https://www.crunchbase.com/organization/hemut,
29954,Henry,henry-2,Summer 2024,Active,http://www.henry.ai,https://www.ycombinator.com/companies/henry-2,yc_oss_current,false,unverified_candidate,yc_slug_inference,henry-2,https://www.crunchbase.com/organization/henry-2,
13484,Hent,hent,Winter 2020,Acquired,http://www.hent.com.br,https://www.ycombinator.com/companies/hent,yc_oss_current,false,unverified_candidate,yc_slug_inference,hent,https://www.crunchbase.com/organization/hent,
24868,HEO Robotics,heo-robotics,Summer 2021,Active,https://www.heo-robotics.com/,https://www.ycombinator.com/companies/heo-robotics,yc_oss_current,false,unverified_candidate,yc_slug_inference,heo-robotics,https://www.crunchbase.com/organization/heo-robotics,
24460,Hera,hera,Summer 2021,Inactive,https://hera.so,https://www.ycombinator.com/companies/hera,yc_oss_current,false,unverified_candidate,yc_slug_inference,hera,https://www.crunchbase.com/organization/hera,
30758,Hera,hera-video,Summer 2025,Active,https://hera.video/,https://www.ycombinator.com/companies/hera-video,yc_oss_current,false,unverified_candidate,yc_slug_inference,hera-video,https://www.crunchbase.com/organization/hera-video,
32123,HERA,manufacturingintelligence,Summer 2026,Active,https://www.manufacturingintelligence.org,https://www.ycombinator.com/companies/manufacturingintelligence,yc_oss_current,false,unverified_candidate,yc_slug_inference,manufacturingintelligence,https://www.crunchbase.com/organization/manufacturingintelligence,
11982,Herald,herald,Winter 2019,Inactive,https://www.heraldhq.com,https://www.ycombinator.com/companies/herald,yc_oss_current,false,unverified_candidate,yc_slug_inference,herald,https://www.crunchbase.com/organization/herald,
34464,herdr,herdr,Fall 2026,Active,https://herdr.dev/,https://www.ycombinator.com/companies/herdr,yc_oss_current,false,unverified_candidate,yc_slug_inference,herdr,https://www.crunchbase.com/organization/herdr,
22184,Here,here,Summer 2020,Inactive,https://here.fm,https://www.ycombinator.com/companies/here,yc_oss_current,false,unverified_candidate,yc_slug_inference,here,https://www.crunchbase.com/organization/here,
22876,Hermes Robotics,hermes-robotics,Winter 2021,Active,http://hermes-robotics.com,https://www.ycombinator.com/companies/hermes-robotics,yc_oss_current,false,unverified_candidate,yc_slug_inference,hermes-robotics,https://www.crunchbase.com/organization/hermes-robotics,
31496,Hessian,hessian,Spring 2026,Active,https://hessian.sh,https://www.ycombinator.com/companies/hessian,yc_oss_current,false,unverified_candidate,yc_slug_inference,hessian,https://www.crunchbase.com/organization/hessian,
29737,"Hestus, Inc.",hestus-inc,Summer 2024,Active,https://www.hestus.co,https://www.ycombinator.com/companies/hestus-inc,yc_oss_current,false,unverified_candidate,yc_slug_inference,hestus-inc,https://www.crunchbase.com/organization/hestus-inc,
31391,"HEVN, inc",hevn-inc,Spring 2026,Active,https://gethevn.com,https://www.ycombinator.com/companies/hevn-inc,yc_oss_current,false,unverified_candidate,yc_slug_inference,hevn-inc,https://www.crunchbase.com/organization/hevn-inc,
31350,Hexa,hexa,Spring 2026,Active,https://www.hexaagents.com,https://www.ycombinator.com/companies/hexa,yc_oss_current,false,unverified_candidate,yc_slug_inference,hexa,https://www.crunchbase.com/organization/hexa,
29642,Hexclave,hexclave,Summer 2024,Active,https://hexclave.com,https://www.ycombinator.com/companies/hexclave,yc_oss_current,false,unverified_candidate,yc_slug_inference,hexclave,https://www.crunchbase.com/organization/hexclave,
12539,Hey Healthcare,hey-healthcare,Summer 2019,Inactive,https://andrewcoyle.com/health-tech.html,https://www.ycombinator.com/companies/hey-healthcare,yc_oss_current,false,archive_observed_candidate,commoncrawl_2019_slug_observation,hey-healthcare,https://www.crunchbase.com/organization/hey-healthcare,
30188,Hey Telo,hey-telo,Winter 2025,Active,https://www.heytelo.com,https://www.ycombinator.com/companies/hey-telo,yc_oss_current,false,unverified_candidate,yc_slug_inference,hey-telo,https://www.crunchbase.com/organization/hey-telo,
31574,HeyClicky,heyclicky,Spring 2026,Active,https://heyclicky.com/,https://www.ycombinator.com/companies/heyclicky,yc_oss_current,false,unverified_candidate,yc_slug_inference,heyclicky,https://www.crunchbase.com/organization/heyclicky,
1976,HeyDoctor,heydoctor,Summer 2018,Acquired,https://heydoctor.com,https://www.ycombinator.com/companies/heydoctor,yc_oss_current,false,unverified_candidate,yc_slug_inference,heydoctor,https://www.crunchbase.com/organization/heydoctor,
25445,Heyfood,heyfood,Winter 2022,Active,https://heyfood.africa/,https://www.ycombinator.com/companies/heyfood,yc_oss_current,false,unverified_candidate,yc_slug_inference,heyfood,https://www.crunchbase.com/organization/heyfood,
13061,Hideout,hideout,Winter 2020,Inactive,http://findhideout.com,https://www.ycombinator.com/companies/hideout,yc_oss_current,false,unverified_candidate,yc_slug_inference,hideout,https://www.crunchbase.com/organization/hideout,
28141,highlight.io,highlight-io,Winter 2023,Acquired,https://www.highlight.io/,https://www.ycombinator.com/companies/highlight-io,yc_oss_current,false,unverified_candidate,yc_slug_inference,highlight-io,https://www.crunchbase.com/organization/highlight-io,
12821,Hightouch,hightouch,Summer 2019,Active,https://hightouch.com/,https://www.ycombinator.com/companies/hightouch,yc_oss_current,false,unverified_candidate,yc_slug_inference,hightouch,https://www.crunchbase.com/organization/hightouch,
30883,hillclimb,hillclimb,Fall 2025,Active,https://hillclimb.com,https://www.ycombinator.com/companies/hillclimb,yc_oss_current,false,unverified_candidate,yc_slug_inference,hillclimb,https://www.crunchbase.com/organization/hillclimb,
33348,hiloop,hiloop,Summer 2026,Active,https://hiloop.ai,https://www.ycombinator.com/companies/hiloop,yc_oss_current,false,unverified_candidate,yc_slug_inference,hiloop,https://www.crunchbase.com/organization/hiloop,
24197,Hilos,quid,Summer 2021,Acquired,https://hilos.io,https://www.ycombinator.com/companies/quid,yc_oss_current,false,unverified_candidate,yc_slug_inference,quid,https://www.crunchbase.com/organization/quid,
32585,Hilstart,hilstart,Summer 2026,Active,https://hilstart.io/,https://www.ycombinator.com/companies/hilstart,yc_oss_current,false,unverified_candidate,yc_slug_inference,hilstart,https://www.crunchbase.com/organization/hilstart,
28091,Hindsight,hindsight,Winter 2023,Active,https://www.usehindsight.com/,https://www.ycombinator.com/companies/hindsight,yc_oss_current,false,unverified_candidate,yc_slug_inference,hindsight,https://www.crunchbase.com/organization/hindsight,
27956,Hippo Scribe,hippo-scribe,Winter 2023,Active,https://gethipposcribe.com,https://www.ycombinator.com/companies/hippo-scribe,yc_oss_current,false,unverified_candidate,yc_slug_inference,hippo-scribe,https://www.crunchbase.com/organization/hippo-scribe,
424,Hipset,hipset,Summer 2012,Inactive,http://tracksby.com,https://www.ycombinator.com/companies/hipset,yc_oss_current,false,unverified_candidate,yc_slug_inference,hipset,https://www.crunchbase.com/organization/hipset,
24756,Hirebolt,hirebolt,Summer 2021,Active,https://hirebolt.com/,https://www.ycombinator.com/companies/hirebolt,yc_oss_current,false,unverified_candidate,yc_slug_inference,hirebolt,https://www.crunchbase.com/organization/hirebolt,
28885,Hiro,hiro,Summer 2023,Active,https://hirosecure.com,https://www.ycombinator.com/companies/hiro,yc_oss_current,false,unverified_candidate,yc_slug_inference,hiro,https://www.crunchbase.com/organization/hiro,
693,Hiro Systems,,S14,Active,https://hiro.so,,radema_historical,true,unverified_candidate,company_name_inference,hiro-systems,https://www.crunchbase.com/organization/hiro-systems,
24539,HitPay,hitpay,Summer 2021,Active,https://www.hitpayapp.com,https://www.ycombinator.com/companies/hitpay,yc_oss_current,false,unverified_candidate,yc_slug_inference,hitpay,https://www.crunchbase.com/organization/hitpay,https://www.linkedin.com/company/hit-pay
23953,Hive Health,hive-health,Summer 2021,Active,https://www.ourhivehealth.com,https://www.ycombinator.com/companies/hive-health,yc_oss_current,false,unverified_candidate,yc_slug_inference,hive-health,https://www.crunchbase.com/organization/hive-health,
31062,Hlabs,hlabs,Winter 2026,Active,https://www.hlaboratories.com,https://www.ycombinator.com/companies/hlabs,yc_oss_current,false,unverified_candidate,yc_slug_inference,hlabs,https://www.crunchbase.com/organization/hlabs,
25923,HOAi,hoai,Winter 2022,Acquired,https://www.hoai.com,https://www.ycombinator.com/companies/hoai,yc_oss_current,false,unverified_candidate,yc_slug_inference,hoai,https://www.crunchbase.com/organization/hoai,
28589,HockeyStack,hockeystack,Summer 2023,Active,https://hockeystack.com,https://www.ycombinator.com/companies/hockeystack,yc_oss_current,false,unverified_candidate,yc_slug_inference,hockeystack,https://www.crunchbase.com/organization/hockeystack,
12838,Holy Grail,holy-grail-inc,Summer 2019,Active,https://www.holygrail.ai,https://www.ycombinator.com/companies/holy-grail-inc,yc_oss_current,false,unverified_candidate,yc_slug_inference,holy-grail-inc,https://www.crunchbase.com/organization/holy-grail-inc,
23242,HomeBreeze,homebreeze,Winter 2021,Inactive,https://www.homebreeze.ai/,https://www.ycombinator.com/companies/homebreeze,yc_oss_current,false,unverified_candidate,yc_slug_inference,homebreeze,https://www.crunchbase.com/organization/homebreeze,
27921,Homeflow,homeflow,Winter 2023,Inactive,https://www.homeflow.me/,https://www.ycombinator.com/companies/homeflow,yc_oss_current,false,unverified_candidate,yc_slug_inference,homeflow,https://www.crunchbase.com/organization/homeflow,
13166,Homestead,homestead,Winter 2020,Inactive,https://www.myhomestead.com/,https://www.ycombinator.com/companies/homestead,yc_oss_current,false,unverified_candidate,yc_slug_inference,homestead,https://www.crunchbase.com/organization/homestead,
1886,Honeylove,honeylove,Summer 2018,Active,https://www.honeylove.com,https://www.ycombinator.com/companies/honeylove,yc_oss_current,false,unverified_candidate,yc_slug_inference,honeylove,https://www.crunchbase.com/organization/honeylove,
23460,hoop.dev,hoop-dev,Winter 2021,Active,https://hoop.dev,https://www.ycombinator.com/companies/hoop-dev,yc_oss_current,false,unverified_candidate,yc_slug_inference,hoop-dev,https://www.crunchbase.com/organization/hoop-dev,
33277,Hop Aero,hop-aero,Summer 2026,Active,https://hopaero.com,https://www.ycombinator.com/companies/hop-aero,yc_oss_current,false,unverified_candidate,yc_slug_inference,hop-aero,https://www.crunchbase.com/organization/hop-aero,
32089,Hoplite,hoplite,Summer 2026,Active,https://hoplite.sh,https://www.ycombinator.com/companies/hoplite,yc_oss_current,false,unverified_candidate,yc_slug_inference,hoplite,https://www.crunchbase.com/organization/hoplite,
13095,Hoss,hoss,Winter 2020,Acquired,https://hoss.com,https://www.ycombinator.com/companies/hoss,yc_oss_current,false,unverified_candidate,yc_slug_inference,hoss,https://www.crunchbase.com/organization/hoss,
23944,hotglue,hotglue,Summer 2021,Active,https://hotglue.com,https://www.ycombinator.com/companies/hotglue,yc_oss_current,false,unverified_candidate,yc_slug_inference,hotglue,https://www.crunchbase.com/organization/hotglue,
25983,Housewarming,housewarming,Winter 2022,Active,https://housewarming.me,https://www.ycombinator.com/companies/housewarming,yc_oss_current,false,unverified_candidate,yc_slug_inference,housewarming,https://www.crunchbase.com/organization/housewarming,
22658,Howdy.com,howdy-com,Winter 2021,Active,https://www.howdy.com/,https://www.ycombinator.com/companies/howdy-com,yc_oss_current,false,unverified_candidate,yc_slug_inference,howdy-com,https://www.crunchbase.com/organization/howdy-com,
31375,Hub,hub,Spring 2026,Active,https://hub.xyz,https://www.ycombinator.com/companies/hub,yc_oss_current,false,unverified_candidate,yc_slug_inference,hub,https://www.crunchbase.com/organization/hub,
33062,Hubble,hubble-ai,Summer 2026,Active,https://hubble.ai/,https://www.ycombinator.com/companies/hubble-ai,yc_oss_current,false,unverified_candidate,yc_slug_inference,hubble-ai,https://www.crunchbase.com/organization/hubble-ai,
25313,Hubble Network,hubble-network,Winter 2022,Active,https://hubble.com,https://www.ycombinator.com/companies/hubble-network,yc_oss_current,false,unverified_candidate,yc_slug_inference,hubble-network,https://www.crunchbase.com/organization/hubble-network,
22278,Hubla,chatpay,Summer 2020,Active,https://hub.la,https://www.ycombinator.com/companies/chatpay,yc_oss_current,false,unverified_candidate,yc_slug_inference,chatpay,https://www.crunchbase.com/organization/chatpay,
30254,HUD,hud,Winter 2025,Active,https://www.hud.ai,https://www.ycombinator.com/companies/hud,yc_oss_current,false,unverified_candidate,yc_slug_inference,hud,https://www.crunchbase.com/organization/hud,
24586,Hudson Labs (formerly Bedrock AI),hudson-labs,Summer 2021,Active,https://www.hudson-labs.com/,https://www.ycombinator.com/companies/hudson-labs,yc_oss_current,false,unverified_candidate,yc_slug_inference,hudson-labs,https://www.crunchbase.com/organization/hudson-labs,
31205,Human Archive,human-archive,Winter 2026,Active,https://www.humanarchive.ai/,https://www.ycombinator.com/companies/human-archive,yc_oss_current,false,unverified_candidate,yc_slug_inference,human-archive,https://www.crunchbase.com/organization/human-archive,
30497,Human Behavior,human-behavior,Spring 2025,Active,https://www.humanbehavior.co/,https://www.ycombinator.com/companies/human-behavior,yc_oss_current,false,unverified_candidate,yc_slug_inference,human-behavior,https://www.crunchbase.com/organization/human-behavior,
23636,Humance,humance,Winter 2021,Active,https://www.humance.tech/,https://www.ycombinator.com/companies/humance,yc_oss_current,false,unverified_candidate,yc_slug_inference,humance,https://www.crunchbase.com/organization/humance,
25991,Humand,humand,Winter 2022,Active,https://humand.co,https://www.ycombinator.com/companies/humand,yc_oss_current,false,unverified_candidate,yc_slug_inference,humand,https://www.crunchbase.com/organization/humand,
24601,Humane Genomics,humane-genomics,Summer 2021,Active,https://humanegenomics.com,https://www.ycombinator.com/companies/humane-genomics,yc_oss_current,false,unverified_candidate,yc_slug_inference,humane-genomics,https://www.crunchbase.com/organization/humane-genomics,
30129,HumanLayer,humanlayer,Fall 2024,Active,https://humanlayer.com,https://www.ycombinator.com/companies/humanlayer,yc_oss_current,false,unverified_candidate,yc_slug_inference,humanlayer,https://www.crunchbase.com/organization/humanlayer,
13572,Humanly,humanly,Winter 2020,Active,https://humanly.io,https://www.ycombinator.com/companies/humanly,yc_oss_current,false,unverified_candidate,yc_slug_inference,humanly,https://www.crunchbase.com/organization/humanly,
30732,Humoniq,humoniq,Summer 2025,Active,https://humoniq.ai,https://www.ycombinator.com/companies/humoniq,yc_oss_current,false,unverified_candidate,yc_slug_inference,humoniq,https://www.crunchbase.com/organization/humoniq,
30646,Humwork,humwork,Spring 2026,Active,https://humwork.ai,https://www.ycombinator.com/companies/humwork,yc_oss_current,false,unverified_candidate,yc_slug_inference,humwork,https://www.crunchbase.com/organization/humwork,
131,Hungry Labs,hungry-labs,Summer 2011,Inactive,http://hungrylabs.com,https://www.ycombinator.com/companies/hungry-labs,yc_oss_current,false,unverified_candidate,yc_slug_inference,hungry-labs,https://www.crunchbase.com/organization/hungry-labs,
31564,Huscarl,huscarl,Spring 2026,Active,https://www.huscarl.io/,https://www.ycombinator.com/companies/huscarl,yc_oss_current,false,unverified_candidate,yc_slug_inference,huscarl,https://www.crunchbase.com/organization/huscarl,
11987,Hutsy,hutsy,Summer 2019,Inactive,http://www.hutsy.co,https://www.ycombinator.com/companies/hutsy,yc_oss_current,false,unverified_candidate,yc_slug_inference,hutsy,https://www.crunchbase.com/organization/hutsy,
28593,HyLight,hylight,Summer 2023,Active,https://www.hylight.aero/,https://www.ycombinator.com/companies/hylight,yc_oss_current,false,unverified_candidate,yc_slug_inference,hylight,https://www.crunchbase.com/organization/hylight,
25448,HypaHub,hypahub,Winter 2022,Acquired,https://www.hypahub.com,https://www.ycombinator.com/companies/hypahub,yc_oss_current,false,unverified_candidate,yc_slug_inference,hypahub,https://www.crunchbase.com/organization/hypahub,
26812,Hype,hype,Summer 2022,Active,https://www.hype.meme/,https://www.ycombinator.com/companies/hype,yc_oss_current,false,unverified_candidate,yc_slug_inference,hype,https://www.crunchbase.com/organization/hype,
22763,Hyper,hyper,Summer 2021,Acquired,https://hyper.co,https://www.ycombinator.com/companies/hyper,yc_oss_current,false,unverified_candidate,yc_slug_inference,hyper,https://www.crunchbase.com/organization/hyper,
31548,Hyper,hyper-4,Spring 2026,Active,https://heyhyper.ai,https://www.ycombinator.com/companies/hyper-4,yc_oss_current,false,unverified_candidate,yc_slug_inference,hyper-4,https://www.crunchbase.com/organization/hyper-4,
21993,Hyper Online,hyper-online,Summer 2020,Inactive,https://www.hyper.online/,https://www.ycombinator.com/companies/hyper-online,yc_oss_current,false,unverified_candidate,yc_slug_inference,hyper-online,https://www.crunchbase.com/organization/hyper-online,
24351,Hypercontext,hypercontext,Summer 2021,Inactive,https://hypercontext.com,https://www.ycombinator.com/companies/hypercontext,yc_oss_current,false,unverified_candidate,yc_slug_inference,hypercontext,https://www.crunchbase.com/organization/hypercontext,
30879,Hypercubic,hypercubic,Fall 2025,Active,https://www.hypercubic.ai/,https://www.ycombinator.com/companies/hypercubic,yc_oss_current,false,unverified_candidate,yc_slug_inference,hypercubic,https://www.crunchbase.com/organization/hypercubic,
26657,HyperDX,hyperdx,Summer 2022,Acquired,https://hyperdx.io/,https://www.ycombinator.com/companies/hyperdx,yc_oss_current,false,unverified_candidate,yc_slug_inference,hyperdx,https://www.crunchbase.com/organization/hyperdx,
22778,HyperGlue,hyperglue,Winter 2021,Acquired,https://www.hyperglue.com,https://www.ycombinator.com/companies/hyperglue,yc_oss_current,false,unverified_candidate,yc_slug_inference,hyperglue,https://www.crunchbase.com/organization/hyperglue,
154,Hyperink,hyperink,Winter 2011,Inactive,http://hyperinkpress.com,https://www.ycombinator.com/companies/hyperink,yc_oss_current,false,unverified_candidate,yc_slug_inference,hyperink,https://www.crunchbase.com/organization/hyperink,
21811,Hypermile,hypermile,Summer 2020,Acquired,https://hypermile.ai,https://www.ycombinator.com/companies/hypermile,yc_oss_current,false,unverified_candidate,yc_slug_inference,hypermile,https://www.crunchbase.com/organization/hypermile,
33177,HyperProbe,hyperprobe,Summer 2026,Active,https://hyperprobe.co,https://www.ycombinator.com/companies/hyperprobe,yc_oss_current,false,unverified_candidate,yc_slug_inference,hyperprobe,https://www.crunchbase.com/organization/hyperprobe,
23727,Hyperseed,hyperseed,Summer 2021,Inactive,https://hyperseed.com,https://www.ycombinator.com/companies/hyperseed,yc_oss_current,false,unverified_candidate,yc_slug_inference,hyperseed,https://www.crunchbase.com/organization/hyperseed,
30854,Hyperspell,hyperspell,Fall 2025,Active,https://hyperspell.com,https://www.ycombinator.com/companies/hyperspell,yc_oss_current,false,unverified_candidate,yc_slug_inference,hyperspell,https://www.crunchbase.com/organization/hyperspell,
26818,Hypestream,hypestream,Summer 2022,Active,https://www.hypestream.io/,https://www.ycombinator.com/companies/hypestream,yc_oss_current,false,unverified_candidate,yc_slug_inference,hypestream,https://www.crunchbase.com/organization/hypestream,
12090,Hypnos,hypnos,Winter 2019,Inactive,http://hypnos.ai,https://www.ycombinator.com/companies/hypnos,yc_oss_current,false,unverified_candidate,yc_slug_inference,hypnos,https://www.crunchbase.com/organization/hypnos,
21857,Hypotenuse AI,hypotenuse-ai,Summer 2020,Active,https://hypotenuse.ai/,https://www.ycombinator.com/companies/hypotenuse-ai,yc_oss_current,false,unverified_candidate,yc_slug_inference,hypotenuse-ai,https://www.crunchbase.com/organization/hypotenuse-ai,
29660,Hyrex,hyrex,Summer 2024,Active,https://www.hyrex.io,https://www.ycombinator.com/companies/hyrex,yc_oss_current,false,unverified_candidate,yc_slug_inference,hyrex,https://www.crunchbase.com/organization/hyrex,
30965,Icarus,icarus,Fall 2025,Active,https://www.icarus.one/,https://www.ycombinator.com/companies/icarus,yc_oss_current,false,unverified_candidate,yc_slug_inference,icarus,https://www.crunchbase.com/organization/icarus,
29653,ideate.xyz,ideate-xyz,Summer 2024,Active,https://ideate.xyz,https://www.ycombinator.com/companies/ideate-xyz,yc_oss_current,false,unverified_candidate,yc_slug_inference,ideate-xyz,https://www.crunchbase.com/organization/ideate-xyz,
24679,idemeum,idemeum,Summer 2021,Active,https://www.idemeum.com,https://www.ycombinator.com/companies/idemeum,yc_oss_current,false,unverified_candidate,yc_slug_inference,idemeum,https://www.crunchbase.com/organization/idemeum,
30730,idler,idler,Summer 2025,Active,https://idler.ai/,https://www.ycombinator.com/companies/idler,yc_oss_current,false,unverified_candidate,yc_slug_inference,idler,https://www.crunchbase.com/organization/idler,
27875,Iliad,iliad,Winter 2023,Active,https://iliad.ai,https://www.ycombinator.com/companies/iliad,yc_oss_current,false,unverified_candidate,yc_slug_inference,iliad,https://www.crunchbase.com/organization/iliad,
31340,Illume Labs,illume-labs,Summer 2026,Active,https://www.illumelabs.ai,https://www.ycombinator.com/companies/illume-labs,yc_oss_current,false,unverified_candidate,yc_slug_inference,illume-labs,https://www.crunchbase.com/organization/illume-labs,
26726,ilumadata,ilumadata,Summer 2022,Inactive,https://www.ilumadata.io/,https://www.ycombinator.com/companies/ilumadata,yc_oss_current,false,unverified_candidate,yc_slug_inference,ilumadata,https://www.crunchbase.com/organization/ilumadata,
30938,Imagine AI,imagine-ai,Fall 2025,Active,https://imagineai.me,https://www.ycombinator.com/companies/imagine-ai,yc_oss_current,false,unverified_candidate,yc_slug_inference,imagine-ai,https://www.crunchbase.com/organization/imagine-ai,
32188,IMPACT Drones,impact-drones,Summer 2026,Active,https://www.impact-drones.com,https://www.ycombinator.com/companies/impact-drones,yc_oss_current,false,unverified_candidate,yc_slug_inference,impact-drones,https://www.crunchbase.com/organization/impact-drones,
31076,Imperfect,imperfect,Spring 2026,Active,https://imperfect.co,https://www.ycombinator.com/companies/imperfect,yc_oss_current,false,unverified_candidate,yc_slug_inference,imperfect,https://www.crunchbase.com/organization/imperfect,
26722,Impractical,impractical,Summer 2022,Active,https://impractical.ai,https://www.ycombinator.com/companies/impractical,yc_oss_current,false,unverified_candidate,yc_slug_inference,impractical,https://www.crunchbase.com/organization/impractical,
30650,Imprezia,imprezia,Summer 2025,Active,https://imprezia.ai,https://www.ycombinator.com/companies/imprezia,yc_oss_current,false,unverified_candidate,yc_slug_inference,imprezia,https://www.crunchbase.com/organization/imprezia,
25654,IMT Care,imt-care,Winter 2022,Active,https://www.imt.care,https://www.ycombinator.com/companies/imt-care,yc_oss_current,false,unverified_candidate,yc_slug_inference,imt-care,https://www.crunchbase.com/organization/imt-care,
21999,In Stock,in-stock,Summer 2020,Inactive,https://instock.org,https://www.ycombinator.com/companies/in-stock,yc_oss_current,false,unverified_candidate,yc_slug_inference,in-stock,https://www.crunchbase.com/organization/in-stock,
29006,Inari,inari,Summer 2023,Acquired,https://useinari.com,https://www.ycombinator.com/companies/inari,yc_oss_current,false,unverified_candidate,yc_slug_inference,inari,https://www.crunchbase.com/organization/inari,
23318,inBalance,inbalance,Winter 2021,Acquired,https://inbalanceresearch.com,https://www.ycombinator.com/companies/inbalance,yc_oss_current,false,unverified_candidate,yc_slug_inference,inbalance,https://www.crunchbase.com/organization/inbalance,
31365,Incandor,incandor,Spring 2026,Active,https://www.incandor.com,https://www.ycombinator.com/companies/incandor,yc_oss_current,false,unverified_candidate,yc_slug_inference,incandor,https://www.crunchbase.com/organization/incandor,
31165,IncidentFox,brownie,Winter 2026,Active,https://incidentfox.ai,https://www.ycombinator.com/companies/brownie,yc_oss_current,false,unverified_candidate,yc_slug_inference,brownie,https://www.crunchbase.com/organization/brownie,
29103,Inconvo,inconvo,Summer 2023,Active,https://inconvo.com,https://www.ycombinator.com/companies/inconvo,yc_oss_current,false,unverified_candidate,yc_slug_inference,inconvo,https://www.crunchbase.com/organization/inconvo,
21727,Increase,increase,Summer 2020,Active,https://increase.com/,https://www.ycombinator.com/companies/increase,yc_oss_current,false,unverified_candidate,yc_slug_inference,increase,https://www.crunchbase.com/organization/increase,
29533,Indemni,indemni,Winter 2024,Active,http://www.indemni.com,https://www.ycombinator.com/companies/indemni,yc_oss_current,false,unverified_candidate,yc_slug_inference,indemni,https://www.crunchbase.com/organization/indemni,
1077,Index,index-2,Winter 2016,Inactive,http://www.index.io,https://www.ycombinator.com/companies/index-2,yc_oss_current,false,unverified_candidate,yc_slug_inference,index-2,https://www.crunchbase.com/organization/index-2,
27705,Indexical,indexical,Winter 2023,Inactive,https://indexical.dev/,https://www.ycombinator.com/companies/indexical,yc_oss_current,false,unverified_candidate,yc_slug_inference,indexical,https://www.crunchbase.com/organization/indexical,
30672,Induction Labs,induction-labs,Summer 2026,Active,https://inductionlabs.com,https://www.ycombinator.com/companies/induction-labs,yc_oss_current,false,unverified_candidate,yc_slug_inference,induction-labs,https://www.crunchbase.com/organization/induction-labs,
25400,Industrial Next,industrial-next,Winter 2022,Active,https://www.industrialnext.ai,https://www.ycombinator.com/companies/industrial-next,yc_oss_current,false,unverified_candidate,yc_slug_inference,industrial-next,https://www.crunchbase.com/organization/industrial-next,
25530,Inedit (Brandazine),,W22,Active,https://www.ineditcorp.com,,radema_historical,true,unverified_candidate,company_name_inference,inedit-brandazine,https://www.crunchbase.com/organization/inedit-brandazine,
12842,InEvent,inevent,Summer 2019,Active,https://inevent.com,https://www.ycombinator.com/companies/inevent,yc_oss_current,false,unverified_candidate,yc_slug_inference,inevent,https://www.crunchbase.com/organization/inevent,
24615,Infer,infer,Summer 2021,Active,https://www.infer.so/,https://www.ycombinator.com/companies/infer,yc_oss_current,false,unverified_candidate,yc_slug_inference,infer,https://www.crunchbase.com/organization/infer,
31441,Infera,infera,Spring 2026,Active,https://www.infera.bio,https://www.ycombinator.com/companies/infera,yc_oss_current,false,unverified_candidate,yc_slug_inference,infera,https://www.crunchbase.com/organization/infera,
25394,InferEdge,inferedge,Winter 2022,Active,https://www.inferedge.com,https://www.ycombinator.com/companies/inferedge,yc_oss_current,false,unverified_candidate,yc_slug_inference,inferedge,https://www.crunchbase.com/organization/inferedge,
24572,Infina,infina,Summer 2021,Active,http://infina.vn,https://www.ycombinator.com/companies/infina,yc_oss_current,false,unverified_candidate,yc_slug_inference,infina,https://www.crunchbase.com/organization/infina,
27957,Infinia,infinia,Winter 2023,Active,https://www.infiniaweb.com/,https://www.ycombinator.com/companies/infinia,yc_oss_current,false,unverified_candidate,yc_slug_inference,infinia,https://www.crunchbase.com/organization/infinia,
29343,Infinity,infinity,Winter 2024,Active,https://www.infinityapp.in/,https://www.ycombinator.com/companies/infinity,yc_oss_current,false,unverified_candidate,yc_slug_inference,infinity,https://www.crunchbase.com/organization/infinity,
24373,Infiuss Health,infiuss-health,Summer 2021,Active,https://infiuss.com,https://www.ycombinator.com/companies/infiuss-health,yc_oss_current,false,unverified_candidate,yc_slug_inference,infiuss-health,https://www.crunchbase.com/organization/infiuss-health,
380,Infogami,infogami,Summer 2005,Inactive,http://infogami.com,https://www.ycombinator.com/companies/infogami,yc_oss_current,false,unverified_candidate,yc_slug_inference,infogami,https://www.crunchbase.com/organization/infogami,
27820,infra.new,infranew,Winter 2023,Active,https://infra.new,https://www.ycombinator.com/companies/infranew,yc_oss_current,false,unverified_candidate,yc_slug_inference,infranew,https://www.crunchbase.com/organization/infranew,
33014,Inkbox,inkbox,Summer 2026,Active,https://inkbox.ai,https://www.ycombinator.com/companies/inkbox,yc_oss_current,false,unverified_candidate,yc_slug_inference,inkbox,https://www.crunchbase.com/organization/inkbox,
1921,INKHUNTER,inkhunter,Summer 2018,Inactive,http://inkhunter.tattoo/,https://www.ycombinator.com/companies/inkhunter,yc_oss_current,false,unverified_candidate,yc_slug_inference,inkhunter,https://www.crunchbase.com/organization/inkhunter,
28991,Inlet,inlet-2,Summer 2023,Active,https://inletai.com,https://www.ycombinator.com/companies/inlet-2,yc_oss_current,false,unverified_candidate,yc_slug_inference,inlet-2,https://www.crunchbase.com/organization/inlet-2,
31369,InLoop Robotics,inloop-robotics,Spring 2026,Active,https://inloop-robotics.com/,https://www.ycombinator.com/companies/inloop-robotics,yc_oss_current,false,unverified_candidate,yc_slug_inference,inloop-robotics,https://www.crunchbase.com/organization/inloop-robotics,
30097,Innate,innate,Fall 2024,Active,https://innate.bot,https://www.ycombinator.com/companies/innate,yc_oss_current,false,unverified_candidate,yc_slug_inference,innate,https://www.crunchbase.com/organization/innate,
23062,InpharmD,inpharmd,Winter 2021,Active,https://www.inpharmd.com,https://www.ycombinator.com/companies/inpharmd,yc_oss_current,false,unverified_candidate,yc_slug_inference,inpharmd,https://www.crunchbase.com/organization/inpharmd,
29342,InQuery,inquery-2,Winter 2024,Active,https://www.inquery.ai/,https://www.ycombinator.com/companies/inquery-2,yc_oss_current,false,unverified_candidate,yc_slug_inference,inquery-2,https://www.crunchbase.com/organization/inquery-2,
31547,InsForge,insforge,Spring 2026,Active,https://insforge.dev/,https://www.ycombinator.com/companies/insforge,yc_oss_current,false,unverified_candidate,yc_slug_inference,insforge,https://www.crunchbase.com/organization/insforge,
22207,inSoma Bio,insoma-bio,Summer 2020,Active,https://www.insomabio.com/,https://www.ycombinator.com/companies/insoma-bio,yc_oss_current,false,unverified_candidate,yc_slug_inference,insoma-bio,https://www.crunchbase.com/organization/insoma-bio,
22257,Inspectify,inspectify,Summer 2020,Active,http://www.inspectify.com,https://www.ycombinator.com/companies/inspectify,yc_oss_current,false,unverified_candidate,yc_slug_inference,inspectify,https://www.crunchbase.com/organization/inspectify,
29511,InspectMind AI,inspectmind-ai,Winter 2024,Active,https://www.inspectmind.ai,https://www.ycombinator.com/companies/inspectmind-ai,yc_oss_current,false,unverified_candidate,yc_slug_inference,inspectmind-ai,https://www.crunchbase.com/organization/inspectmind-ai,
31409,InstaAgent,instaagent,Spring 2026,Active,https://instaagent.com,https://www.ycombinator.com/companies/instaagent,yc_oss_current,false,unverified_candidate,yc_slug_inference,instaagent,https://www.crunchbase.com/organization/instaagent,
1363,InstaGrok,,IK12,Inactive,http://www.instagrok.com,,radema_historical,true,unverified_candidate,company_name_inference,instagrok,https://www.crunchbase.com/organization/instagrok,
24143,InstaKin,instakin,Summer 2021,Active,https://instakin.com/,https://www.ycombinator.com/companies/instakin,yc_oss_current,false,unverified_candidate,yc_slug_inference,instakin,https://www.crunchbase.com/organization/instakin,
24078,Instalab,instalab,Winter 2022,Active,https://www.instalab.com/,https://www.ycombinator.com/companies/instalab,yc_oss_current,false,unverified_candidate,yc_slug_inference,instalab,https://www.crunchbase.com/organization/instalab,
26655,Instant,instant,Summer 2022,Active,https://instantdb.com,https://www.ycombinator.com/companies/instant,yc_oss_current,false,unverified_candidate,yc_slug_inference,instant,https://www.crunchbase.com/organization/instant,
25451,Instant Labs,instant-labs,Winter 2022,Active,https://instant.ca,https://www.ycombinator.com/companies/instant-labs,yc_oss_current,false,unverified_candidate,yc_slug_inference,instant-labs,https://www.crunchbase.com/organization/instant-labs,
32190,Instaplay,instaplay,Summer 2026,Active,https://instaplay.ai,https://www.ycombinator.com/companies/instaplay,yc_oss_current,false,unverified_candidate,yc_slug_inference,instaplay,https://www.crunchbase.com/organization/instaplay,
770,Instavest,instavest,Winter 2015,Inactive,http://goinstavest.com,https://www.ycombinator.com/companies/instavest,yc_oss_current,false,unverified_candidate,yc_slug_inference,instavest,https://www.crunchbase.com/organization/instavest,
31168,Instinct,instinct-xyz,Winter 2026,Active,https://instinct.xyz,https://www.ycombinator.com/companies/instinct-xyz,yc_oss_current,false,unverified_candidate,yc_slug_inference,instinct-xyz,https://www.crunchbase.com/organization/instinct-xyz,
30347,Instinct Space,instinct-space,Winter 2025,Active,https://www.instinct-space.com/,https://www.ycombinator.com/companies/instinct-space,yc_oss_current,false,unverified_candidate,yc_slug_inference,instinct-space,https://www.crunchbase.com/organization/instinct-space,
32187,Insurf,insurf,Summer 2026,Active,https://www.insurf.io,https://www.ycombinator.com/companies/insurf,yc_oss_current,false,unverified_candidate,yc_slug_inference,insurf,https://www.crunchbase.com/organization/insurf,
31560,Intelligence Factory,intelligence-factory,Spring 2026,Active,https://intelligence-factory.com,https://www.ycombinator.com/companies/intelligence-factory,yc_oss_current,false,unverified_candidate,yc_slug_inference,intelligence-factory,https://www.crunchbase.com/organization/intelligence-factory,
22032,Intelligent,intelligent,Summer 2020,Inactive,https://www.intelligent.services/,https://www.ycombinator.com/companies/intelligent,yc_oss_current,false,unverified_candidate,yc_slug_inference,intelligent,https://www.crunchbase.com/organization/intelligent,
30686,Interface,theinterface,Summer 2025,Active,https://www.theinterface.com,https://www.ycombinator.com/companies/theinterface,yc_oss_current,false,unverified_candidate,yc_slug_inference,theinterface,https://www.crunchbase.com/organization/theinterface,
31386,Interfaze,interfaze,Spring 2026,Active,https://interfaze.ai,https://www.ycombinator.com/companies/interfaze,yc_oss_current,false,unverified_candidate,yc_slug_inference,interfaze,https://www.crunchbase.com/organization/interfaze,
28113,Interlock,interlock,Winter 2023,Inactive,https://www.tryinterlock.com/,https://www.ycombinator.com/companies/interlock,yc_oss_current,false,unverified_candidate,yc_slug_inference,interlock,https://www.crunchbase.com/organization/interlock,
12584,Intersect Labs,intersect-labs,Summer 2019,Acquired,https://www.intersectlabs.io/,https://www.ycombinator.com/companies/intersect-labs,yc_oss_current,false,unverified_candidate,yc_slug_inference,intersect-labs,https://www.crunchbase.com/organization/intersect-labs,
107,Interstate,interstate,Summer 2011,Inactive,http://interstateapp.com,https://www.ycombinator.com/companies/interstate,yc_oss_current,false,unverified_candidate,yc_slug_inference,interstate,https://www.crunchbase.com/organization/interstate,
31246,Inth,inth,Spring 2026,Active,https://inth.com,https://www.ycombinator.com/companies/inth,yc_oss_current,false,unverified_candidate,yc_slug_inference,inth,https://www.crunchbase.com/organization/inth,
29770,Intryc,intryc,Summer 2024,Active,https://intryc.com,https://www.ycombinator.com/companies/intryc,yc_oss_current,false,unverified_candidate,yc_slug_inference,intryc,https://www.crunchbase.com/organization/intryc,
29641,Invaria,invaria,Summer 2024,Inactive,https://invaria.com,https://www.ycombinator.com/companies/invaria,yc_oss_current,false,unverified_candidate,yc_slug_inference,invaria,https://www.crunchbase.com/organization/invaria,
29040,Inventive AI,inventive-ai,Summer 2023,Active,https://www.inventive.ai/,https://www.ycombinator.com/companies/inventive-ai,yc_oss_current,false,unverified_candidate,yc_slug_inference,inventive-ai,https://www.crunchbase.com/organization/inventive-ai,
31197,InventoryQuant,inventoryquant,Winter 2026,Active,https://www.inventoryquant.com,https://www.ycombinator.com/companies/inventoryquant,yc_oss_current,false,unverified_candidate,yc_slug_inference,inventoryquant,https://www.crunchbase.com/organization/inventoryquant,
30233,Inversion Semiconductor,inversion-semiconductor,Winter 2025,Active,https://www.inversionsemi.com,https://www.ycombinator.com/companies/inversion-semiconductor,yc_oss_current,false,unverified_candidate,yc_slug_inference,inversion-semiconductor,https://www.crunchbase.com/organization/inversion-semiconductor,
25399,Invert,invert,Winter 2022,Active,http://www.invertbio.com/,https://www.ycombinator.com/companies/invert,yc_oss_current,false,unverified_candidate,yc_slug_inference,invert,https://www.crunchbase.com/organization/invert,
31023,Inviscid AI,inviscid-ai,Winter 2026,Active,https://inviscidai.com/,https://www.ycombinator.com/companies/inviscid-ai,yc_oss_current,false,unverified_candidate,yc_slug_inference,inviscid-ai,https://www.crunchbase.com/organization/inviscid-ai,
27224,InVision Medical Technology,invision-medical-technology,Summer 2022,Active,http://invisionmedtech.com/,https://www.ycombinator.com/companies/invision-medical-technology,yc_oss_current,false,unverified_candidate,yc_slug_inference,invision-medical-technology,https://www.crunchbase.com/organization/invision-medical-technology,
28159,Invitris,invitris,Winter 2023,Active,https://invitris.com/,https://www.ycombinator.com/companies/invitris,yc_oss_current,false,unverified_candidate,yc_slug_inference,invitris,https://www.crunchbase.com/organization/invitris,
30020,Invo,invo,Winter 2025,Active,https://www.tryinvo.com/,https://www.ycombinator.com/companies/invo,yc_oss_current,false,unverified_candidate,yc_slug_inference,invo,https://www.crunchbase.com/organization/invo,
27142,Invofox,invofox,Summer 2022,Active,https://invofox.com?utm_source=yc,https://www.ycombinator.com/companies/invofox,yc_oss_current,false,unverified_candidate,yc_slug_inference,invofox,https://www.crunchbase.com/organization/invofox,
29239,ion design,ion-design,Winter 2024,Active,https://www.ion.design/,https://www.ycombinator.com/companies/ion-design,yc_oss_current,false,unverified_candidate,yc_slug_inference,ion-design,https://www.crunchbase.com/organization/ion-design,
29803,Ionworks,ionworks,Summer 2024,Active,https://ionworks.com/,https://www.ycombinator.com/companies/ionworks,yc_oss_current,false,unverified_candidate,yc_slug_inference,ionworks,https://www.crunchbase.com/organization/ionworks,
30487,IRBC,irbc,Spring 2025,Active,https://irbc.com/,https://www.ycombinator.com/companies/irbc,yc_oss_current,false,unverified_candidate,yc_slug_inference,irbc,https://www.crunchbase.com/organization/irbc,
30717,Iron Grid,iron-grid,Summer 2025,Active,https://getirongrid.com/,https://www.ycombinator.com/companies/iron-grid,yc_oss_current,false,unverified_candidate,yc_slug_inference,iron-grid,https://www.crunchbase.com/organization/iron-grid,
25511,Iron Leap,iron-leap,Winter 2022,Active,https://getironleap.io/,https://www.ycombinator.com/companies/iron-leap,yc_oss_current,false,unverified_candidate,yc_slug_inference,iron-leap,https://www.crunchbase.com/organization/iron-leap,
30685,IronLedger.ai,ironledger-ai,Summer 2025,Active,https://ironledger.ai,https://www.ycombinator.com/companies/ironledger-ai,yc_oss_current,false,unverified_candidate,yc_slug_inference,ironledger-ai,https://www.crunchbase.com/organization/ironledger-ai,
13442,Isabl,isabl,Winter 2020,Active,http://isabl.io,https://www.ycombinator.com/companies/isabl,yc_oss_current,false,unverified_candidate,yc_slug_inference,isabl,https://www.crunchbase.com/organization/isabl,
32781,Isengard Industries Inc,isengard-industries-inc,Summer 2026,Active,http://isengardindustries.com/,https://www.ycombinator.com/companies/isengard-industries-inc,yc_oss_current,false,unverified_candidate,yc_slug_inference,isengard-industries-inc,https://www.crunchbase.com/organization/isengard-industries-inc,
30052,ISSEN,issen,Fall 2024,Active,https://issen.com,https://www.ycombinator.com/companies/issen,yc_oss_current,false,unverified_candidate,yc_slug_inference,issen,https://www.crunchbase.com/organization/issen,
31018,item,item,Fall 2025,Active,https://item.app,https://www.ycombinator.com/companies/item,yc_oss_current,false,unverified_candidate,yc_slug_inference,item,https://www.crunchbase.com/organization/item,
24934,JABU,jabu,Summer 2021,Active,http://www.gojabu.com,https://www.ycombinator.com/companies/jabu,yc_oss_current,false,unverified_candidate,yc_slug_inference,jabu,https://www.crunchbase.com/organization/jabu,
27173,Jamble,jamble,Summer 2022,Active,https://www.jambleapp.com/,https://www.ycombinator.com/companies/jamble,yc_oss_current,false,unverified_candidate,yc_slug_inference,jamble,https://www.crunchbase.com/organization/jamble,
358,Jamglue,jamglue,Summer 2006,Inactive,http://jamglue.com,https://www.ycombinator.com/companies/jamglue,yc_oss_current,false,unverified_candidate,yc_slug_inference,jamglue,https://www.crunchbase.com/organization/jamglue,
13117,Jamiphy,jamiphy,Winter 2020,Inactive,https://jamiphy.com,https://www.ycombinator.com/companies/jamiphy,yc_oss_current,false,unverified_candidate,yc_slug_inference,jamiphy,https://www.crunchbase.com/organization/jamiphy,
30648,Janet AI,tryjanet,Summer 2025,Active,https://janet.ai,https://www.ycombinator.com/companies/tryjanet,yc_oss_current,false,unverified_candidate,yc_slug_inference,tryjanet,https://www.crunchbase.com/organization/tryjanet,
30972,Jarmin,jarmin,Fall 2025,Active,https://jarmin.ai/,https://www.ycombinator.com/companies/jarmin,yc_oss_current,false,unverified_candidate,yc_slug_inference,jarmin,https://www.crunchbase.com/organization/jarmin,
27158,Jasmine Energy,jasmine-energy,Summer 2022,Inactive,http://www.jasmine.energy,https://www.ycombinator.com/companies/jasmine-energy,yc_oss_current,false,unverified_candidate,yc_slug_inference,jasmine-energy,https://www.crunchbase.com/organization/jasmine-energy,
32172,Jcode,jcode,Summer 2026,Active,https://jcode.sh/,https://www.ycombinator.com/companies/jcode,yc_oss_current,false,unverified_candidate,yc_slug_inference,jcode,https://www.crunchbase.com/organization/jcode,
21768,Jeeves,jeeves,Summer 2020,Active,http://www.tryjeeves.com,https://www.ycombinator.com/companies/jeeves,yc_oss_current,false,unverified_candidate,yc_slug_inference,jeeves,https://www.crunchbase.com/organization/jeeves,
30458,Jeevy Fabrication,jeevy-fabrication,Spring 2025,Active,https://www.jeevyfabrication.com/,https://www.ycombinator.com/companies/jeevy-fabrication,yc_oss_current,false,unverified_candidate,yc_slug_inference,jeevy-fabrication,https://www.crunchbase.com/organization/jeevy-fabrication,
19925,Jemi,jemi,Summer 2020,Acquired,https://jemi.so,https://www.ycombinator.com/companies/jemi,yc_oss_current,false,unverified_candidate,yc_slug_inference,jemi,https://www.crunchbase.com/organization/jemi,
13673,Jet Admin,jet-admin,Winter 2020,Active,https://jetadmin.io,https://www.ycombinator.com/companies/jet-admin,yc_oss_current,false,unverified_candidate,yc_slug_inference,jet-admin,https://www.crunchbase.com/organization/jet-admin,
23397,Jetdocs,jetdocs,Winter 2021,Active,https://jetdocs.io,https://www.ycombinator.com/companies/jetdocs,yc_oss_current,false,unverified_candidate,yc_slug_inference,jetdocs,https://www.crunchbase.com/organization/jetdocs,
31179,Jinba,jinba,Winter 2026,Active,https://jinba.io,https://www.ycombinator.com/companies/jinba,yc_oss_current,false,unverified_candidate,yc_slug_inference,jinba,https://www.crunchbase.com/organization/jinba,
19932,Jitsu,jitsu,Summer 2020,Acquired,https://jitsu.com,https://www.ycombinator.com/companies/jitsu,yc_oss_current,false,unverified_candidate,yc_slug_inference,jitsu,https://www.crunchbase.com/organization/jitsu,
13319,Jitter,jitter,Winter 2020,Active,https://jitter.video,https://www.ycombinator.com/companies/jitter,yc_oss_current,false,unverified_candidate,yc_slug_inference,jitter,https://www.crunchbase.com/organization/jitter,
29155,jo,jo,Spring 2026,Active,https://askjo.ai,https://www.ycombinator.com/companies/jo,yc_oss_current,false,unverified_candidate,yc_slug_inference,jo,https://www.crunchbase.com/organization/jo,
22705,JoinSub,joinsub,Winter 2021,Inactive,https://joinsub.com,https://www.ycombinator.com/companies/joinsub,yc_oss_current,false,unverified_candidate,yc_slug_inference,joinsub,https://www.crunchbase.com/organization/joinsub,
23638,Journey,journey,Winter 2021,Acquired,http://journey.io,https://www.ycombinator.com/companies/journey,yc_oss_current,false,unverified_candidate,yc_slug_inference,journey,https://www.crunchbase.com/organization/journey,
26800,Juicebox,juicebox,Summer 2022,Active,https://juicebox.ai/,https://www.ycombinator.com/companies/juicebox,yc_oss_current,false,unverified_candidate,yc_slug_inference,juicebox,https://www.crunchbase.com/organization/juicebox,
23052,Juicy Marbles,juicy-marbles,Winter 2021,Active,https://juicymarbles.com,https://www.ycombinator.com/companies/juicy-marbles,yc_oss_current,false,unverified_candidate,yc_slug_inference,juicy-marbles,https://www.crunchbase.com/organization/juicy-marbles,
26670,Julius,julius,Summer 2022,Active,https://julius.ai,https://www.ycombinator.com/companies/julius,yc_oss_current,false,unverified_candidate,yc_slug_inference,julius,https://www.crunchbase.com/organization/julius,
365,Jumpchat,jumpchat,Summer 2006,Inactive,http://jumpchat.com,https://www.ycombinator.com/companies/jumpchat,yc_oss_current,false,unverified_candidate,yc_slug_inference,jumpchat,https://www.crunchbase.com/organization/jumpchat,
25433,JumpWire,jumpwire,Winter 2022,Acquired,https://jumpwire.io,https://www.ycombinator.com/companies/jumpwire,yc_oss_current,false,unverified_candidate,yc_slug_inference,jumpwire,https://www.crunchbase.com/organization/jumpwire,
13321,Junction,junction,Winter 2020,Active,https://www.junction.com/,https://www.ycombinator.com/companies/junction,yc_oss_current,false,unverified_candidate,yc_slug_inference,junction,https://www.crunchbase.com/organization/junction,
29476,Junction Bioscience,junction-bioscience,Winter 2024,Active,https://www.junction.bio/,https://www.ycombinator.com/companies/junction-bioscience,yc_oss_current,false,unverified_candidate,yc_slug_inference,junction-bioscience,https://www.crunchbase.com/organization/junction-bioscience,
22823,June,june,Winter 2021,Inactive,http://june.so,https://www.ycombinator.com/companies/june,yc_oss_current,false,unverified_candidate,yc_slug_inference,june,https://www.crunchbase.com/organization/june,
31383,Juno,juno-chat,Spring 2026,Active,https://junocompanion.com/,https://www.ycombinator.com/companies/juno-chat,yc_oss_current,false,unverified_candidate,yc_slug_inference,juno-chat,https://www.crunchbase.com/organization/juno-chat,
12564,Juno College of Technology,juno-college-of-technology,Summer 2019,Active,http://junocollege.com,https://www.ycombinator.com/companies/juno-college-of-technology,yc_oss_current,false,unverified_candidate,yc_slug_inference,juno-college-of-technology,https://www.crunchbase.com/organization/juno-college-of-technology,
12574,Jupiter,jupiter,Summer 2019,Active,https://www.jupiter.co,https://www.ycombinator.com/companies/jupiter,yc_oss_current,false,unverified_candidate,yc_slug_inference,jupiter,https://www.crunchbase.com/organization/jupiter,
29407,JustAI,justai,Winter 2024,Active,https://getjust.ai,https://www.ycombinator.com/companies/justai,yc_oss_current,false,unverified_candidate,yc_slug_inference,justai,https://www.crunchbase.com/organization/justai,
26264,Jutsoo,jutsoo,Winter 2022,Active,https://www.jutsoo.com/,https://www.ycombinator.com/companies/jutsoo,yc_oss_current,false,unverified_candidate,yc_slug_inference,jutsoo,https://www.crunchbase.com/organization/jutsoo,
30769,Juxta,juxta,Summer 2025,Active,https://juxta.com,https://www.ycombinator.com/companies/juxta,yc_oss_current,false,unverified_candidate,yc_slug_inference,juxta,https://www.crunchbase.com/organization/juxta,
2019,JuziBot,juzibot,Winter 2019,Active,https://www.juzibot.com/,https://www.ycombinator.com/companies/juzibot,yc_oss_current,false,unverified_candidate,yc_slug_inference,juzibot,https://www.crunchbase.com/organization/juzibot,
29523,K-Scale Labs,k-scale-labs,Winter 2024,Inactive,https://kscale.dev/,https://www.ycombinator.com/companies/k-scale-labs,yc_oss_current,false,unverified_candidate,yc_slug_inference,k-scale-labs,https://www.crunchbase.com/organization/k-scale-labs,
29245,Kabilah,kabilah,Winter 2024,Active,https://www.kabilah.com,https://www.ycombinator.com/companies/kabilah,yc_oss_current,false,unverified_candidate,yc_slug_inference,kabilah,https://www.crunchbase.com/organization/kabilah,
30437,Kaelio,kaelio,Spring 2025,Active,https://kaelio.com/,https://www.ycombinator.com/companies/kaelio,yc_oss_current,false,unverified_candidate,yc_slug_inference,kaelio,https://www.crunchbase.com/organization/kaelio,
30869,Kaigo Health,kaigo-health,Fall 2025,Active,https://www.kaigohealth.ai/,https://www.ycombinator.com/companies/kaigo-health,yc_oss_current,false,unverified_candidate,yc_slug_inference,kaigo-health,https://www.crunchbase.com/organization/kaigo-health,
29981,Kairo Health,kairo-health,Summer 2024,Active,https://trykairo.com/,https://www.ycombinator.com/companies/kairo-health,datahive_historical,true,unverified_candidate,yc_slug_inference,kairo-health,https://www.crunchbase.com/organization/kairo-health,
30521,Kairos,kairos,Spring 2025,Active,https://www.withkairos.co/,https://www.ycombinator.com/companies/kairos,yc_oss_current,false,unverified_candidate,yc_slug_inference,kairos,https://www.crunchbase.com/organization/kairos,
13050,Kaiten,kaiten,Winter 2020,Active,http://www.onkaiten.com,https://www.ycombinator.com/companies/kaiten,yc_oss_current,false,unverified_candidate,yc_slug_inference,kaiten,https://www.crunchbase.com/organization/kaiten,
30471,Kaizen,kaizen,Spring 2025,Active,https://kaizenautomation.com,https://www.ycombinator.com/companies/kaizen,yc_oss_current,false,unverified_candidate,yc_slug_inference,kaizen,https://www.crunchbase.com/organization/kaizen,
24039,Kalam Labs,kalam-labs,Summer 2021,Active,http://www.kalamlabs.in,https://www.ycombinator.com/companies/kalam-labs,yc_oss_current,false,unverified_candidate,yc_slug_inference,kalam-labs,https://www.crunchbase.com/organization/kalam-labs,
506,Kalibrr,kalibrr,Winter 2013,Acquired,https://www.kalibrr.com,https://www.ycombinator.com/companies/kalibrr,yc_oss_current,false,unverified_candidate,yc_slug_inference,kalibrr,https://www.crunchbase.com/organization/kalibrr,
30677,Kalinda,kalinda,Summer 2025,Active,https://www.kalinda.ai/,https://www.ycombinator.com/companies/kalinda,yc_oss_current,false,unverified_candidate,yc_slug_inference,kalinda,https://www.crunchbase.com/organization/kalinda,
30959,Kalpa Labs,kalpa-labs,Fall 2025,Active,https://kalpalabs.ai/,https://www.ycombinator.com/companies/kalpa-labs,yc_oss_current,false,unverified_candidate,yc_slug_inference,kalpa-labs,https://www.crunchbase.com/organization/kalpa-labs,
27222,Kamion,kamion,Summer 2022,Active,https://www.kamion.co,https://www.ycombinator.com/companies/kamion,yc_oss_current,false,unverified_candidate,yc_slug_inference,kamion,https://www.crunchbase.com/organization/kamion,
30418,Kanava AI,kanava-ai,Spring 2025,Inactive,https://kanava.ai/,https://www.ycombinator.com/companies/kanava-ai,yc_oss_current,false,unverified_candidate,yc_slug_inference,kanava-ai,https://www.crunchbase.com/organization/kanava-ai,
28663,kapa.ai,kapa-ai,Summer 2023,Active,https://www.kapa.ai,https://www.ycombinator.com/companies/kapa-ai,yc_oss_current,false,unverified_candidate,yc_slug_inference,kapa-ai,https://www.crunchbase.com/organization/kapa-ai,
24649,Kapacity.io,kapacity-io,Summer 2021,Acquired,https://kapacity.io,https://www.ycombinator.com/companies/kapacity-io,yc_oss_current,false,unverified_candidate,yc_slug_inference,kapacity-io,https://www.crunchbase.com/organization/kapacity-io,
32137,Kara,kara,Summer 2026,Active,https://karalabs.ai/,https://www.ycombinator.com/companies/kara,yc_oss_current,false,unverified_candidate,yc_slug_inference,kara,https://www.crunchbase.com/organization/kara,
12950,Karat Financial,karat-financial,Winter 2020,Active,http://trykarat.com,https://www.ycombinator.com/companies/karat-financial,yc_oss_current,false,unverified_candidate,yc_slug_inference,karat-financial,https://www.crunchbase.com/organization/karat-financial,
26205,Karate Labs,karate-labs,Winter 2022,Active,https://karatelabs.io,https://www.ycombinator.com/companies/karate-labs,yc_oss_current,false,unverified_candidate,yc_slug_inference,karate-labs,https://www.crunchbase.com/organization/karate-labs,
30062,Karmen,karmen,Fall 2024,Active,https://www.karmenai.com,https://www.ycombinator.com/companies/karmen,yc_oss_current,false,unverified_candidate,yc_slug_inference,karmen,https://www.crunchbase.com/organization/karmen,
30200,Karoo,karoo,Winter 2025,Active,https://www.karoo.ca,https://www.ycombinator.com/companies/karoo,yc_oss_current,false,unverified_candidate,yc_slug_inference,karoo,https://www.crunchbase.com/organization/karoo,
30285,Karsa,karsa,Winter 2025,Active,https://gokarsa.com/,https://www.ycombinator.com/companies/karsa,yc_oss_current,false,unverified_candidate,yc_slug_inference,karsa,https://www.crunchbase.com/organization/karsa,
30966,Karumi,karumi,Fall 2025,Active,https://www.karumi.ai/,https://www.ycombinator.com/companies/karumi,yc_oss_current,false,unverified_candidate,yc_slug_inference,karumi,https://www.crunchbase.com/organization/karumi,
29507,kater.ai,kater-ai,Winter 2024,Active,https://www.kater.ai,https://www.ycombinator.com/companies/kater-ai,yc_oss_current,false,unverified_candidate,yc_slug_inference,kater-ai,https://www.crunchbase.com/organization/kater-ai,
24192,Kaya,kaya,Summer 2021,Active,https://www.usekaya.com/,https://www.ycombinator.com/companies/kaya,yc_oss_current,false,unverified_candidate,yc_slug_inference,kaya,https://www.crunchbase.com/organization/kaya,
31825,Kebra,kebra,Summer 2026,Active,https://kebra.com,https://www.ycombinator.com/companies/kebra,yc_oss_current,false,unverified_candidate,yc_slug_inference,kebra,https://www.crunchbase.com/organization/kebra,
28074,Keep,keep,Winter 2023,Acquired,https://www.keephq.dev,https://www.ycombinator.com/companies/keep,yc_oss_current,false,unverified_candidate,yc_slug_inference,keep,https://www.crunchbase.com/organization/keep,
29854,Keet,keet,Summer 2024,Active,https://trykeet.com,https://www.ycombinator.com/companies/keet,yc_oss_current,false,unverified_candidate,yc_slug_inference,keet,https://www.crunchbase.com/organization/keet,
31393,KelAI,kelai,Spring 2026,Active,https://kelaitech.com/,https://www.ycombinator.com/companies/kelai,yc_oss_current,false,unverified_candidate,yc_slug_inference,kelai,https://www.crunchbase.com/organization/kelai,
27124,KemNet,kemnet,Summer 2022,Active,https://kemnet.ca/,https://www.ycombinator.com/companies/kemnet,yc_oss_current,false,unverified_candidate,yc_slug_inference,kemnet,https://www.crunchbase.com/organization/kemnet,
29690,Kenley,kenley,Summer 2024,Active,https://kenley.ai/,https://www.ycombinator.com/companies/kenley,yc_oss_current,false,unverified_candidate,yc_slug_inference,kenley,https://www.crunchbase.com/organization/kenley,
26034,Kenobi,kenobi,Winter 2022,Active,https://kenobi.ai,https://www.ycombinator.com/companies/kenobi,yc_oss_current,false,unverified_candidate,yc_slug_inference,kenobi,https://www.crunchbase.com/organization/kenobi,
12664,Kern Systems,kern-systems,Summer 2019,Active,https://www.kernsystems.com,https://www.ycombinator.com/companies/kern-systems,yc_oss_current,false,unverified_candidate,yc_slug_inference,kern-systems,https://www.crunchbase.com/organization/kern-systems,
30762,KERNEL,kernel,Summer 2025,Active,https://www.kernel.sh,https://www.ycombinator.com/companies/kernel,yc_oss_current,false,unverified_candidate,yc_slug_inference,kernel,https://www.crunchbase.com/organization/kernel,
30450,Kestral,kestral,Spring 2025,Active,https://kestral.ai,https://www.ycombinator.com/companies/kestral,yc_oss_current,false,unverified_candidate,yc_slug_inference,kestral,https://www.crunchbase.com/organization/kestral,
30903,Kestrel AI,kestrel-ai,Fall 2025,Active,https://usekestrel.ai/,https://www.ycombinator.com/companies/kestrel-ai,yc_oss_current,false,unverified_candidate,yc_slug_inference,kestrel-ai,https://www.crunchbase.com/organization/kestrel-ai,
30664,Kestroll,kestroll,Summer 2025,Active,https://www.kestroll.com/,https://www.ycombinator.com/companies/kestroll,yc_oss_current,false,unverified_candidate,yc_slug_inference,kestroll,https://www.crunchbase.com/organization/kestroll,
21957,KeyDB,keydb,Summer 2020,Acquired,https://keydb.dev,https://www.ycombinator.com/companies/keydb,yc_oss_current,false,unverified_candidate,yc_slug_inference,keydb,https://www.crunchbase.com/organization/keydb,
31432,Keyframe Labs,keyframe-labs,Spring 2026,Active,https://keyframelabs.com,https://www.ycombinator.com/companies/keyframe-labs,yc_oss_current,false,unverified_candidate,yc_slug_inference,keyframe-labs,https://www.crunchbase.com/organization/keyframe-labs,
25151,Keylika,keylika,Summer 2022,Active,https://www.keylika.com,https://www.ycombinator.com/companies/keylika,yc_oss_current,false,unverified_candidate,yc_slug_inference,keylika,https://www.crunchbase.com/organization/keylika,
31274,Khotan (formerly Pollinate),khotan,Winter 2026,Active,https://www.khotan.com/,https://www.ycombinator.com/companies/khotan,yc_oss_current,false,unverified_candidate,yc_slug_inference,khotan,https://www.crunchbase.com/organization/khotan,
23302,Kidato,kidato,Winter 2021,Active,https://www.kidato.com,https://www.ycombinator.com/companies/kidato,yc_oss_current,false,unverified_candidate,yc_slug_inference,kidato,https://www.crunchbase.com/organization/kidato,
23597,Kilobaser,kilobaser,Winter 2021,Active,https://www.kilobaser.com,https://www.ycombinator.com/companies/kilobaser,yc_oss_current,false,unverified_candidate,yc_slug_inference,kilobaser,https://www.crunchbase.com/organization/kilobaser,
30101,Kilvin,kilvin,Fall 2024,Active,https://www.kilvin.ai,https://www.ycombinator.com/companies/kilvin,yc_oss_current,false,unverified_candidate,yc_slug_inference,kilvin,https://www.crunchbase.com/organization/kilvin,
31420,Kimpton AI,kimpton-ai,Spring 2026,Active,https://kimpton.ai,https://www.ycombinator.com/companies/kimpton-ai,yc_oss_current,false,unverified_candidate,yc_slug_inference,kimpton-ai,https://www.crunchbase.com/organization/kimpton-ai,
24167,Kindamagical,kindamagical,Summer 2021,Inactive,https://www.kindamagical.com,https://www.ycombinator.com/companies/kindamagical,yc_oss_current,false,unverified_candidate,yc_slug_inference,kindamagical,https://www.crunchbase.com/organization/kindamagical,
31520,Kinect,kinect,Spring 2026,Active,https://www.trykinect.ai/,https://www.ycombinator.com/companies/kinect,yc_oss_current,false,unverified_candidate,yc_slug_inference,kinect,https://www.crunchbase.com/organization/kinect,
22043,Kingdom,kingdom,Summer 2020,Active,https://kingdomsuperculture.com,https://www.ycombinator.com/companies/kingdom,yc_oss_current,false,unverified_candidate,yc_slug_inference,kingdom,https://www.crunchbase.com/organization/kingdom,
28707,Kino AI,kino-ai,Summer 2023,Active,https://kino.ai,https://www.ycombinator.com/companies/kino-ai,yc_oss_current,false,unverified_candidate,yc_slug_inference,kino-ai,https://www.crunchbase.com/organization/kino-ai,
31382,Kinro,kinro,Spring 2026,Active,https://www.kinro.com/,https://www.ycombinator.com/companies/kinro,yc_oss_current,false,unverified_candidate,yc_slug_inference,kinro,https://www.crunchbase.com/organization/kinro,
29102,Kips Health,kips-health,Summer 2023,Inactive,https://,https://www.ycombinator.com/companies/kips-health,yc_oss_current,false,unverified_candidate,yc_slug_inference,kips-health,https://www.crunchbase.com/organization/kips-health,
30446,Kirana AI,kirana-ai,Spring 2025,Active,https://www.kirana-ai.com,https://www.ycombinator.com/companies/kirana-ai,yc_oss_current,false,unverified_candidate,yc_slug_inference,kirana-ai,https://www.crunchbase.com/organization/kirana-ai,
317,Kirkland North,kirkland-north,Winter 2008,Inactive,http://kirklandnorth.com,https://www.ycombinator.com/companies/kirkland-north,yc_oss_current,false,unverified_candidate,yc_slug_inference,kirkland-north,https://www.crunchbase.com/organization/kirkland-north,
31083,Kita,kita,Winter 2026,Active,https://www.kita.ai/,https://www.ycombinator.com/companies/kita,yc_oss_current,false,unverified_candidate,yc_slug_inference,kita,https://www.crunchbase.com/organization/kita,
28852,Kite,kite,Summer 2023,Active,https://kite.video,https://www.ycombinator.com/companies/kite,yc_oss_current,false,unverified_candidate,yc_slug_inference,kite,https://www.crunchbase.com/organization/kite,
12621,Kitekraft,kitekraft,Summer 2019,Active,http://www.kitekraft.de,https://www.ycombinator.com/companies/kitekraft,yc_oss_current,false,unverified_candidate,yc_slug_inference,kitekraft,https://www.crunchbase.com/organization/kitekraft,
24628,Kiwi Biosciences,kiwi-biosciences,Summer 2021,Active,https://www.fodzyme.com,https://www.ycombinator.com/companies/kiwi-biosciences,yc_oss_current,false,unverified_candidate,yc_slug_inference,kiwi-biosciences,https://www.crunchbase.com/organization/kiwi-biosciences,
23661,Kiwify,kiwify,Winter 2021,Active,https://kiwify.com.br,https://www.ycombinator.com/companies/kiwify,yc_oss_current,false,unverified_candidate,yc_slug_inference,kiwify,https://www.crunchbase.com/organization/kiwify,
31539,Klaimee,klaimee,Spring 2026,Active,https://www.klaimee.ai,https://www.ycombinator.com/companies/klaimee,yc_oss_current,false,unverified_candidate,yc_slug_inference,klaimee,https://www.crunchbase.com/organization/klaimee,
31326,Klarify,klarify,Spring 2026,Active,https://www.klarify.ca/,https://www.ycombinator.com/companies/klarify,yc_oss_current,false,unverified_candidate,yc_slug_inference,klarify,https://www.crunchbase.com/organization/klarify,
31084,Klaus AI,klaus-ai,Winter 2026,Active,https://klausai.com,https://www.ycombinator.com/companies/klaus-ai,yc_oss_current,false,unverified_candidate,yc_slug_inference,klaus-ai,https://www.crunchbase.com/organization/klaus-ai,
30506,Klavis AI,klavis-ai,Spring 2025,Active,https://www.klavis.ai/,https://www.ycombinator.com/companies/klavis-ai,yc_oss_current,false,unverified_candidate,yc_slug_inference,klavis-ai,https://www.crunchbase.com/organization/klavis-ai,
30721,Knowlify,knowlify,Summer 2025,Active,https://www.knowlify.com/,https://www.ycombinator.com/companies/knowlify,yc_oss_current,false,unverified_candidate,yc_slug_inference,knowlify,https://www.crunchbase.com/organization/knowlify,
21852,Known Medicine,known-medicine,Summer 2020,Acquired,http://knownmed.com,https://www.ycombinator.com/companies/known-medicine,yc_oss_current,false,unverified_candidate,yc_slug_inference,known-medicine,https://www.crunchbase.com/organization/known-medicine,
28971,Kobalt Labs,kobalt-labs,Summer 2023,Active,https://www.kobaltlabs.com/,https://www.ycombinator.com/companies/kobalt-labs,yc_oss_current,false,unverified_candidate,yc_slug_inference,kobalt-labs,https://www.crunchbase.com/organization/kobalt-labs,
24424,Kodda,kodda,Summer 2021,Inactive,https://www.kodda.com/,https://www.ycombinator.com/companies/kodda,yc_oss_current,false,unverified_candidate,yc_slug_inference,kodda,https://www.crunchbase.com/organization/kodda,
24181,Kodex,kodex,Summer 2021,Active,https://www.kodexglobal.com,https://www.ycombinator.com/companies/kodex,yc_oss_current,false,unverified_candidate,yc_slug_inference,kodex,https://www.crunchbase.com/organization/kodex,
22844,Kodo,kodo,Winter 2021,Active,https://www.kodo.com,https://www.ycombinator.com/companies/kodo,yc_oss_current,false,unverified_candidate,yc_slug_inference,kodo,https://www.crunchbase.com/organization/kodo,
26020,Koko,koko-2,Winter 2022,Active,https://kokocares.org,https://www.ycombinator.com/companies/koko-2,yc_oss_current,false,unverified_candidate,yc_slug_inference,koko-2,https://www.crunchbase.com/organization/koko-2,
29714,Kopra Bio,kopra-bio,Summer 2024,Active,https://kopra.bio,https://www.ycombinator.com/companies/kopra-bio,yc_oss_current,false,unverified_candidate,yc_slug_inference,kopra-bio,https://www.crunchbase.com/organization/kopra-bio,
31327,Korso,korso,Spring 2026,Active,https://korsoai.com/,https://www.ycombinator.com/companies/korso,yc_oss_current,false,unverified_candidate,yc_slug_inference,korso,https://www.crunchbase.com/organization/korso,
13335,Kosh,kosh,Winter 2020,Active,https://getkosh.com,https://www.ycombinator.com/companies/kosh,yc_oss_current,false,unverified_candidate,yc_slug_inference,kosh,https://www.crunchbase.com/organization/kosh,
30870,Koyal,koyal,Fall 2025,Active,https://koyal.ai,https://www.ycombinator.com/companies/koyal,yc_oss_current,false,unverified_candidate,yc_slug_inference,koyal,https://www.crunchbase.com/organization/koyal,
22709,Krab,krab,Winter 2021,Inactive,https://www.krab.in,https://www.ycombinator.com/companies/krab,yc_oss_current,false,unverified_candidate,yc_slug_inference,krab,https://www.crunchbase.com/organization/krab,
31540,KugelAudio,kugelaudio,Spring 2026,Active,https://kugelaudio.com/en,https://www.ycombinator.com/companies/kugelaudio,yc_oss_current,false,unverified_candidate,yc_slug_inference,kugelaudio,https://www.crunchbase.com/organization/kugelaudio,
25835,Kular,kular,Winter 2022,Active,https://www.kular.ai,https://www.ycombinator.com/companies/kular,yc_oss_current,false,unverified_candidate,yc_slug_inference,kular,https://www.crunchbase.com/organization/kular,
31473,Kuli,kuli,Spring 2026,Active,https://kuli.one,https://www.ycombinator.com/companies/kuli,yc_oss_current,false,unverified_candidate,yc_slug_inference,kuli,https://www.crunchbase.com/organization/kuli,
599,Kuna Systems,kuna-systems,Winter 2014,Acquired,http://getkuna.com,https://www.ycombinator.com/companies/kuna-systems,yc_oss_current,false,unverified_candidate,yc_slug_inference,kuna-systems,https://www.crunchbase.com/organization/kuna-systems,
29766,Kura AI,kura-ai,Summer 2024,Active,https://trykura.com,https://www.ycombinator.com/companies/kura-ai,yc_oss_current,false,unverified_candidate,yc_slug_inference,kura-ai,https://www.crunchbase.com/organization/kura-ai,
27902,KV Cash,kv-cash,Winter 2023,Active,https://kv.cash,https://www.ycombinator.com/companies/kv-cash,yc_oss_current,false,unverified_candidate,yc_slug_inference,kv-cash,https://www.crunchbase.com/organization/kv-cash,
31120,Kyten Technologies,kyten-technologies,Winter 2026,Inactive,https://kytentech.com,https://www.ycombinator.com/companies/kyten-technologies,yc_oss_current,false,unverified_candidate,yc_slug_inference,kyten-technologies,https://www.crunchbase.com/organization/kyten-technologies,
31424,Lab0,lab0,Spring 2026,Active,https://lab0.ai,https://www.ycombinator.com/companies/lab0,yc_oss_current,false,unverified_candidate,yc_slug_inference,lab0,https://www.crunchbase.com/organization/lab0,
13526,LabGrid,,W20,Inactive,https://www.labgrid.com,,radema_historical,true,unverified_candidate,company_name_inference,labgrid,https://www.crunchbase.com/organization/labgrid,
30466,Labric,labric,Spring 2025,Active,https://labric.co,https://www.ycombinator.com/companies/labric,yc_oss_current,false,unverified_candidate,yc_slug_inference,labric,https://www.crunchbase.com/organization/labric,
13090,Ladder,ladder,Summer 2020,Acquired,http://meetladder.com,https://www.ycombinator.com/companies/ladder,yc_oss_current,false,unverified_candidate,yc_slug_inference,ladder,https://www.crunchbase.com/organization/ladder,
24151,Lago,lago,Summer 2021,Active,https://www.getlago.com/,https://www.ycombinator.com/companies/lago,yc_oss_current,false,unverified_candidate,yc_slug_inference,lago,https://www.crunchbase.com/organization/lago,
13073,Laguna,laguna,Winter 2020,Inactive,https://withlaguna.com,https://www.ycombinator.com/companies/laguna,yc_oss_current,false,unverified_candidate,yc_slug_inference,laguna,https://www.crunchbase.com/organization/laguna,
30888,Lakonia,lakonia,Fall 2025,Active,https://lakonia.us.com,https://www.ycombinator.com/companies/lakonia,yc_oss_current,false,unverified_candidate,yc_slug_inference,lakonia,https://www.crunchbase.com/organization/lakonia,
22846,Lalabox,lalabox,Winter 2021,Inactive,https://lalabox.io,https://www.ycombinator.com/companies/lalabox,yc_oss_current,false,unverified_candidate,yc_slug_inference,lalabox,https://www.crunchbase.com/organization/lalabox,
23220,Lamar Health,lamar-health,Winter 2021,Active,http://www.lamarhealth.com,https://www.ycombinator.com/companies/lamar-health,yc_oss_current,false,unverified_candidate,yc_slug_inference,lamar-health,https://www.crunchbase.com/organization/lamar-health,
33054,Lamb Labs,lamb-labs,Summer 2026,Active,http://lamb-labs.com,https://www.ycombinator.com/companies/lamb-labs,yc_oss_current,false,unverified_candidate,yc_slug_inference,lamb-labs,https://www.crunchbase.com/organization/lamb-labs,
34365,Lambda Robotics,lambda-robotics,Fall 2026,Active,https://lambdarobotics.ai,https://www.ycombinator.com/companies/lambda-robotics,yc_oss_current,false,unverified_candidate,yc_slug_inference,lambda-robotics,https://www.crunchbase.com/organization/lambda-robotics,
27092,Lamin,lamin,Summer 2022,Active,https://lamin.ai,https://www.ycombinator.com/companies/lamin,yc_oss_current,false,unverified_candidate,yc_slug_inference,lamin,https://www.crunchbase.com/organization/lamin,
31421,Lamina Labs,lamina-labs,Spring 2026,Active,https://laminalabs.ai,https://www.ycombinator.com/companies/lamina-labs,yc_oss_current,false,unverified_candidate,yc_slug_inference,lamina-labs,https://www.crunchbase.com/organization/lamina-labs,
29782,Laminar,laminar,Summer 2024,Active,https://laminar.sh,https://www.ycombinator.com/companies/laminar,yc_oss_current,false,unverified_candidate,yc_slug_inference,laminar,https://www.crunchbase.com/organization/laminar,
27669,Laminate,laminate,Winter 2023,Active,https://www.uselaminate.com,https://www.ycombinator.com/companies/laminate,yc_oss_current,false,unverified_candidate,yc_slug_inference,laminate,https://www.crunchbase.com/organization/laminate,
31089,Lance,lance,Winter 2026,Active,https://www.lance.live,https://www.ycombinator.com/companies/lance,yc_oss_current,false,unverified_candidate,yc_slug_inference,lance,https://www.crunchbase.com/organization/lance,
25561,LanceDB,lancedb,Winter 2022,Active,https://lancedb.com,https://www.ycombinator.com/companies/lancedb,yc_oss_current,false,unverified_candidate,yc_slug_inference,lancedb,https://www.crunchbase.com/organization/lancedb,
12057,Landed,landed-2,Winter 2019,Active,https://www.gotlanded.com,https://www.ycombinator.com/companies/landed-2,yc_oss_current,false,unverified_candidate,yc_slug_inference,landed-2,https://www.crunchbase.com/organization/landed-2,
27252,Landeed,landeed,Summer 2022,Active,https://www.landeed.com/,https://www.ycombinator.com/companies/landeed,yc_oss_current,false,unverified_candidate,yc_slug_inference,landeed,https://www.crunchbase.com/organization/landeed,
30615,Lanesurf,lanesurf,Summer 2025,Active,https://www.lanesurf.com/,https://www.ycombinator.com/companies/lanesurf,yc_oss_current,false,unverified_candidate,yc_slug_inference,lanesurf,https://www.crunchbase.com/organization/lanesurf,
29041,Langdock,langdock,Summer 2023,Active,https://langdock.com,https://www.ycombinator.com/companies/langdock,yc_oss_current,false,unverified_candidate,yc_slug_inference,langdock,https://www.crunchbase.com/organization/langdock,
27870,Langfuse,langfuse,Winter 2023,Acquired,https://langfuse.com,https://www.ycombinator.com/companies/langfuse,yc_oss_current,false,unverified_candidate,yc_slug_inference,langfuse,https://www.crunchbase.com/organization/langfuse,
12610,Lantern,lantern,Summer 2019,Inactive,https://www.lantern.so,https://www.ycombinator.com/companies/lantern,yc_oss_current,false,unverified_candidate,yc_slug_inference,lantern,https://www.crunchbase.com/organization/lantern,
29178,Lantern,lantern-2,Winter 2024,Inactive,http://lantern.dev,https://www.ycombinator.com/companies/lantern-2,yc_oss_current,false,unverified_candidate,yc_slug_inference,lantern-2,https://www.crunchbase.com/organization/lantern-2,
35190,Lantern AI,lantern-ai,Fall 2026,Active,https://www.lantern.md,https://www.ycombinator.com/companies/lantern-ai,yc_oss_current,false,unverified_candidate,yc_slug_inference,lantern-ai,https://www.crunchbase.com/organization/lantern-ai,
30524,Lapel,lapel,Spring 2025,Active,https://lapel.com/,https://www.ycombinator.com/companies/lapel,datahive_historical,true,unverified_candidate,yc_slug_inference,lapel,https://www.crunchbase.com/organization/lapel,
30822,Lapis,lapis,Fall 2025,Active,https://www.trylapis.com/,https://www.ycombinator.com/companies/lapis,yc_oss_current,false,unverified_candidate,yc_slug_inference,lapis,https://www.crunchbase.com/organization/lapis,
24156,Lariat Data,lariat-data,Summer 2021,Inactive,https://www.lariatdata.com,https://www.ycombinator.com/companies/lariat-data,yc_oss_current,false,unverified_candidate,yc_slug_inference,lariat-data,https://www.crunchbase.com/organization/lariat-data,
30630,Lark,lark,Summer 2025,Active,https://getlark.ai/,https://www.ycombinator.com/companies/lark,yc_oss_current,false,unverified_candidate,yc_slug_inference,lark,https://www.crunchbase.com/organization/lark,
13320,Laserfocus,laserfocus,Winter 2020,Inactive,https://www.laserfocus.io/,https://www.ycombinator.com/companies/laserfocus,yc_oss_current,false,unverified_candidate,yc_slug_inference,laserfocus,https://www.crunchbase.com/organization/laserfocus,
32914,Last Accounting Company,last-accounting-company,Summer 2026,Active,https://lastaccountingcompany.com/,https://www.ycombinator.com/companies/last-accounting-company,yc_oss_current,false,unverified_candidate,yc_slug_inference,last-accounting-company,https://www.crunchbase.com/organization/last-accounting-company,
27700,Latent,latent,Winter 2023,Active,https://latenthealth.com,https://www.ycombinator.com/companies/latent,yc_oss_current,false,unverified_candidate,yc_slug_inference,latent,https://www.crunchbase.com/organization/latent,
26890,Latent Space,latent-space,Summer 2022,Active,https://latentspace.sh/,https://www.ycombinator.com/companies/latent-space,yc_oss_current,false,unverified_candidate,yc_slug_inference,latent-space,https://www.crunchbase.com/organization/latent-space,
32682,LATO,lato,Summer 2026,Active,https://www.latolabs.io/,https://www.ycombinator.com/companies/lato,yc_oss_current,false,unverified_candidate,yc_slug_inference,lato,https://www.crunchbase.com/organization/lato,
29501,Latted,latted,Winter 2024,Active,https://latted.com,https://www.ycombinator.com/companies/latted,yc_oss_current,false,unverified_candidate,yc_slug_inference,latted,https://www.crunchbase.com/organization/latted,
31533,Lattice Health,lattice-health,Spring 2026,Active,https://www.latticehealthai.com/,https://www.ycombinator.com/companies/lattice-health,yc_oss_current,false,unverified_candidate,yc_slug_inference,lattice-health,https://www.crunchbase.com/organization/lattice-health,
24241,Laudable,laudable,Summer 2021,Acquired,https://www.laudable.com,https://www.ycombinator.com/companies/laudable,yc_oss_current,false,unverified_candidate,yc_slug_inference,laudable,https://www.crunchbase.com/organization/laudable,
22741,Laudspeaker,laudspeaker,Winter 2021,Acquired,https://laudspeaker.com/?ref=bf,https://www.ycombinator.com/companies/laudspeaker,yc_oss_current,false,unverified_candidate,yc_slug_inference,laudspeaker,https://www.crunchbase.com/organization/laudspeaker,
23085,Launcher Labs,launcher-labs,Winter 2021,Inactive,http://launchcaster.xyz,https://www.ycombinator.com/companies/launcher-labs,yc_oss_current,false,unverified_candidate,yc_slug_inference,launcher-labs,https://www.crunchbase.com/organization/launcher-labs,
222,LaunchHear,launchhear,Winter 2010,Inactive,http://alexkrupp.com,https://www.ycombinator.com/companies/launchhear,yc_oss_current,false,unverified_candidate,yc_slug_inference,launchhear,https://www.crunchbase.com/organization/launchhear,
31173,Laurence,laurence,Winter 2026,Active,https://laurence.com,https://www.ycombinator.com/companies/laurence,yc_oss_current,false,unverified_candidate,yc_slug_inference,laurence,https://www.crunchbase.com/organization/laurence,
27201,Lavo Life Sciences,lavo-life-sciences,Winter 2023,Inactive,https://www.lavo.ai/,https://www.ycombinator.com/companies/lavo-life-sciences,yc_oss_current,false,unverified_candidate,yc_slug_inference,lavo-life-sciences,https://www.crunchbase.com/organization/lavo-life-sciences,
30983,Layers,layers,Fall 2025,Active,https://www.layers.bio/,https://www.ycombinator.com/companies/layers,yc_oss_current,false,unverified_candidate,yc_slug_inference,layers,https://www.crunchbase.com/organization/layers,
27687,Layup,layup,Winter 2023,Inactive,http://www.layuplabs.ai,https://www.ycombinator.com/companies/layup,yc_oss_current,false,unverified_candidate,yc_slug_inference,layup,https://www.crunchbase.com/organization/layup,
30932,Leadbay,leadbay,Fall 2025,Active,https://leadbay.ai/,https://www.ycombinator.com/companies/leadbay,yc_oss_current,false,unverified_candidate,yc_slug_inference,leadbay,https://www.crunchbase.com/organization/leadbay,
28743,Leafpress,leafpress,Summer 2023,Inactive,https://www.trycardinal.ai/,https://www.ycombinator.com/companies/leafpress,yc_oss_current,false,unverified_candidate,yc_slug_inference,leafpress,https://www.crunchbase.com/organization/leafpress,
29278,Leaping,leaping,Winter 2024,Active,https://www.leaping.io/,https://www.ycombinator.com/companies/leaping,yc_oss_current,false,unverified_candidate,yc_slug_inference,leaping,https://www.crunchbase.com/organization/leaping,
30181,Leaping AI,leaping-ai,Winter 2025,Active,https://www.leapingai.com,https://www.ycombinator.com/companies/leaping-ai,yc_oss_current,false,unverified_candidate,yc_slug_inference,leaping-ai,https://www.crunchbase.com/organization/leaping-ai,
31101,LegalOS,legalos,Winter 2026,Active,https://www.legalos.ai,https://www.ycombinator.com/companies/legalos,yc_oss_current,false,unverified_candidate,yc_slug_inference,legalos,https://www.crunchbase.com/organization/legalos,
13620,Legionfarm,legionfarm,Winter 2020,Active,https://lfcarry.com/,https://www.ycombinator.com/companies/legionfarm,yc_oss_current,false,unverified_candidate,yc_slug_inference,legionfarm,https://www.crunchbase.com/organization/legionfarm,
29201,Legora,legora,Winter 2024,Active,https://www.legora.com/,https://www.ycombinator.com/companies/legora,yc_oss_current,false,unverified_candidate,yc_slug_inference,legora,https://www.crunchbase.com/organization/legora,
24372,LemFi,lemfi,Summer 2021,Active,https://lemfi.com,https://www.ycombinator.com/companies/lemfi,yc_oss_current,false,unverified_candidate,yc_slug_inference,lemfi,https://www.crunchbase.com/organization/lemfi,
30969,Lemma,uselemma,Fall 2025,Active,https://www.uselemma.ai/,https://www.ycombinator.com/companies/uselemma,yc_oss_current,false,unverified_candidate,yc_slug_inference,uselemma,https://www.crunchbase.com/organization/uselemma,
2025,LemonBox,lemonbox,Summer 2018,Active,http://www.lemonbox.com/,https://www.ycombinator.com/companies/lemonbox,yc_oss_current,false,unverified_candidate,yc_slug_inference,lemonbox,https://www.crunchbase.com/organization/lemonbox,
32171,LemonLime,lemonlime,Summer 2026,Active,https://www.lemonlime.com/,https://www.ycombinator.com/companies/lemonlime,yc_oss_current,false,unverified_candidate,yc_slug_inference,lemonlime,https://www.crunchbase.com/organization/lemonlime,
29333,LemonSlice,lemonslice,Winter 2024,Active,https://www.lemonslice.com,https://www.ycombinator.com/companies/lemonslice,yc_oss_current,false,unverified_candidate,yc_slug_inference,lemonslice,https://www.crunchbase.com/organization/lemonslice,
22174,Lendtable,lendtable,Summer 2020,Active,http://lendtable.com,https://www.ycombinator.com/companies/lendtable,yc_oss_current,false,unverified_candidate,yc_slug_inference,lendtable,https://www.crunchbase.com/organization/lendtable,
25528,Lenk,lenk,Winter 2022,Active,https://getlenk.com/,https://www.ycombinator.com/companies/lenk,yc_oss_current,false,unverified_candidate,yc_slug_inference,lenk,https://www.crunchbase.com/organization/lenk,
22106,Letter,letter,Summer 2020,Inactive,https://letter.co,https://www.ycombinator.com/companies/letter,yc_oss_current,false,unverified_candidate,yc_slug_inference,letter,https://www.crunchbase.com/organization/letter,
28956,Letter AI,letter-ai,Summer 2023,Active,https://www.letter.ai,https://www.ycombinator.com/companies/letter-ai,yc_oss_current,false,unverified_candidate,yc_slug_inference,letter-ai,https://www.crunchbase.com/organization/letter-ai,
23974,Level,level,Summer 2021,Acquired,https://trylevel.app,https://www.ycombinator.com/companies/level,yc_oss_current,false,unverified_candidate,yc_slug_inference,level,https://www.crunchbase.com/organization/level,
27157,Levers,levers,Summer 2022,Active,https://uselevers.com/,https://www.ycombinator.com/companies/levers,yc_oss_current,false,unverified_candidate,yc_slug_inference,levers,https://www.crunchbase.com/organization/levers,
24498,Levo,levo,Summer 2021,Inactive,https://www.levo.mx,https://www.ycombinator.com/companies/levo,yc_oss_current,false,unverified_candidate,yc_slug_inference,levo,https://www.crunchbase.com/organization/levo,
33023,Levocred AI,levocred-ai,Summer 2026,Active,https://levocred.com/,https://www.ycombinator.com/companies/levocred-ai,yc_oss_current,false,unverified_candidate,yc_slug_inference,levocred-ai,https://www.crunchbase.com/organization/levocred-ai,
24037,Levro,levro,Summer 2021,Active,https://www.levro.com,https://www.ycombinator.com/companies/levro,yc_oss_current,false,unverified_candidate,yc_slug_inference,levro,https://www.crunchbase.com/organization/levro,
30920,Lexi,lexi,Fall 2025,Active,https://getlexi.io/,https://www.ycombinator.com/companies/lexi,yc_oss_current,false,unverified_candidate,yc_slug_inference,lexi,https://www.crunchbase.com/organization/lexi,
31094,Lexius,lexius,Winter 2026,Active,https://www.lexius.ai,https://www.ycombinator.com/companies/lexius,yc_oss_current,false,unverified_candidate,yc_slug_inference,lexius,https://www.crunchbase.com/organization/lexius,
12255,Lezzoo,lezzoo,Winter 2019,Active,https://lezzoo.com,https://www.ycombinator.com/companies/lezzoo,yc_oss_current,false,unverified_candidate,yc_slug_inference,lezzoo,https://www.crunchbase.com/organization/lezzoo,
31226,Libra Robotics,libra-robotics,Summer 2026,Active,https://www.librabots.com/,https://www.ycombinator.com/companies/libra-robotics,yc_oss_current,false,unverified_candidate,yc_slug_inference,libra-robotics,https://www.crunchbase.com/organization/libra-robotics,
30515,Libretto,libretto,Spring 2025,Active,https://libretto.sh,https://www.ycombinator.com/companies/libretto,yc_oss_current,false,unverified_candidate,yc_slug_inference,libretto,https://www.crunchbase.com/organization/libretto,
25817,Lifecast,lifecast,Winter 2022,Inactive,http://www.lifecastvr.com,https://www.ycombinator.com/companies/lifecast,yc_oss_current,false,unverified_candidate,yc_slug_inference,lifecast,https://www.crunchbase.com/organization/lifecast,
28813,Lifelike,lifelike,Summer 2023,Inactive,https://lifelike.app/,https://www.ycombinator.com/companies/lifelike,yc_oss_current,false,unverified_candidate,yc_slug_inference,lifelike,https://www.crunchbase.com/organization/lifelike,
28937,LifestyleRx,lifestylerx,Summer 2023,Active,https://lifestylerx.io/,https://www.ycombinator.com/companies/lifestylerx,yc_oss_current,false,unverified_candidate,yc_slug_inference,lifestylerx,https://www.crunchbase.com/organization/lifestylerx,
31376,Light Anchor,light-anchor,Spring 2026,Active,https://lightanchor.ai,https://www.ycombinator.com/companies/light-anchor,yc_oss_current,false,unverified_candidate,yc_slug_inference,light-anchor,https://www.crunchbase.com/organization/light-anchor,
30987,Lightberry,lightberry,Fall 2025,Active,https://lightberry.com,https://www.ycombinator.com/companies/lightberry,yc_oss_current,false,unverified_candidate,yc_slug_inference,lightberry,https://www.crunchbase.com/organization/lightberry,
21782,Lightdash,hubble,Summer 2020,Active,http://lightdash.com/,https://www.ycombinator.com/companies/hubble,yc_oss_current,false,unverified_candidate,yc_slug_inference,hubble,https://www.crunchbase.com/organization/hubble,
33804,Lightfield,lightfield,Fall 2026,Active,https://trylightfield.ai,https://www.ycombinator.com/companies/lightfield,yc_oss_current,false,unverified_candidate,yc_slug_inference,lightfield,https://www.crunchbase.com/organization/lightfield,
29705,Lighthouz AI,lighthouz-ai,Summer 2024,Active,https://lighthouz.ai/,https://www.ycombinator.com/companies/lighthouz-ai,yc_oss_current,false,unverified_candidate,yc_slug_inference,lighthouz-ai,https://www.crunchbase.com/organization/lighthouz-ai,
30038,Lightscreen AI,lightscreen-ai,Fall 2024,Active,https://lightscreen.ai,https://www.ycombinator.com/companies/lightscreen-ai,yc_oss_current,false,unverified_candidate,yc_slug_inference,lightscreen-ai,https://www.crunchbase.com/organization/lightscreen-ai,
28361,Lightski,lightski,Winter 2023,Active,https://www.lightski.com,https://www.ycombinator.com/companies/lightski,yc_oss_current,false,unverified_candidate,yc_slug_inference,lightski,https://www.crunchbase.com/organization/lightski,
31360,Lightsprint,lightsprint,Spring 2026,Active,https://lightsprint.ai,https://www.ycombinator.com/companies/lightsprint,yc_oss_current,false,unverified_candidate,yc_slug_inference,lightsprint,https://www.crunchbase.com/organization/lightsprint,
22969,LightTwist,lighttwist,Winter 2021,Active,https://lighttwist.com,https://www.ycombinator.com/companies/lighttwist,yc_oss_current,false,unverified_candidate,yc_slug_inference,lighttwist,https://www.crunchbase.com/organization/lighttwist,
12650,Lightwell,lightwell,Summer 2019,Inactive,https://lightwell.pro/,https://www.ycombinator.com/companies/lightwell,yc_oss_current,false,unverified_candidate,yc_slug_inference,lightwell,https://www.crunchbase.com/organization/lightwell,
29412,Ligo Biosciences,ligo-biosciences,Summer 2024,Active,https://www.ligo.bio,https://www.ycombinator.com/companies/ligo-biosciences,yc_oss_current,false,unverified_candidate,yc_slug_inference,ligo-biosciences,https://www.crunchbase.com/organization/ligo-biosciences,
30649,Lilac,lilac,Summer 2025,Active,https://getlilac.com,https://www.ycombinator.com/companies/lilac,yc_oss_current,false,unverified_candidate,yc_slug_inference,lilac,https://www.crunchbase.com/organization/lilac,
13086,Lilia,lilia,Winter 2020,Inactive,https://www.hellolilia.com/,https://www.ycombinator.com/companies/lilia,yc_oss_current,false,unverified_candidate,yc_slug_inference,lilia,https://www.crunchbase.com/organization/lilia,
31377,Limrun,limrun,Spring 2026,Active,https://lim.run,https://www.ycombinator.com/companies/limrun,yc_oss_current,false,unverified_candidate,yc_slug_inference,limrun,https://www.crunchbase.com/organization/limrun,
28791,Linc.,linc,Summer 2023,Active,https://www.linc-ai.com/,https://www.ycombinator.com/companies/linc,yc_oss_current,false,unverified_candidate,yc_slug_inference,linc,https://www.crunchbase.com/organization/linc,
29089,Line.Build,line-build,Summer 2023,Inactive,https://www.line.build/,https://www.ycombinator.com/companies/line-build,yc_oss_current,false,unverified_candidate,yc_slug_inference,line-build,https://www.crunchbase.com/organization/line-build,
30060,Lingo.dev,lingodotdev,Fall 2024,Active,https://lingo.dev,https://www.ycombinator.com/companies/lingodotdev,yc_oss_current,false,unverified_candidate,yc_slug_inference,lingodotdev,https://www.crunchbase.com/organization/lingodotdev,
27836,LinkGrep,linkgrep,Winter 2023,Active,https://linkgrep.com,https://www.ycombinator.com/companies/linkgrep,yc_oss_current,false,unverified_candidate,yc_slug_inference,linkgrep,https://www.crunchbase.com/organization/linkgrep,
27675,Linum,linum,Winter 2023,Active,https://www.linum.ai/,https://www.ycombinator.com/companies/linum,yc_oss_current,false,unverified_candidate,yc_slug_inference,linum,https://www.crunchbase.com/organization/linum,
31046,Linzumi,linzumi,Spring 2026,Active,https://linzumi.com,https://www.ycombinator.com/companies/linzumi,yc_oss_current,false,unverified_candidate,yc_slug_inference,linzumi,https://www.crunchbase.com/organization/linzumi,
22693,Lion Pose,lion-pose,Winter 2021,Active,http://www.lionpose.com,https://www.ycombinator.com/companies/lion-pose,yc_oss_current,false,unverified_candidate,yc_slug_inference,lion-pose,https://www.crunchbase.com/organization/lion-pose,
30269,Liquid Compute,liquid-compute,Winter 2025,Active,https://www.liquidcompute.com,https://www.ycombinator.com/companies/liquid-compute,yc_oss_current,false,unverified_candidate,yc_slug_inference,liquid-compute,https://www.crunchbase.com/organization/liquid-compute,
28409,LiteLLM,litellm,Winter 2023,Active,https://www.litellm.ai/,https://www.ycombinator.com/companies/litellm,yc_oss_current,false,unverified_candidate,yc_slug_inference,litellm,https://www.crunchbase.com/organization/litellm,
31304,Litmus,litmus-hiring,Summer 2026,Active,https://litmushiring.com/,https://www.ycombinator.com/companies/litmus-hiring,yc_oss_current,false,unverified_candidate,yc_slug_inference,litmus-hiring,https://www.crunchbase.com/organization/litmus-hiring,
30622,Liva AI,liva-ai,Summer 2025,Active,https://www.theliva.ai,https://www.ycombinator.com/companies/liva-ai,yc_oss_current,false,unverified_candidate,yc_slug_inference,liva-ai,https://www.crunchbase.com/organization/liva-ai,
25692,Livedocs,livedocs,Winter 2022,Inactive,https://livedocs.com,https://www.ycombinator.com/companies/livedocs,yc_oss_current,false,unverified_candidate,yc_slug_inference,livedocs,https://www.crunchbase.com/organization/livedocs,
1554,"Lively, Inc.",lively-inc,Winter 2017,Active,https://livelyme.com,https://www.ycombinator.com/companies/lively-inc,yc_oss_current,false,unverified_candidate,yc_slug_inference,lively-inc,https://www.crunchbase.com/organization/lively-inc,
13532,Living Carbon,living-carbon,Winter 2020,Active,https://www.livingcarbon.com,https://www.ycombinator.com/companies/living-carbon,yc_oss_current,false,unverified_candidate,yc_slug_inference,living-carbon,https://www.crunchbase.com/organization/living-carbon,
22044,Liyfe,liyfe,Summer 2020,Active,https://,https://www.ycombinator.com/companies/liyfe,yc_oss_current,false,unverified_candidate,yc_slug_inference,liyfe,https://www.crunchbase.com/organization/liyfe,
30625,LLM Stats,llm-stats,Summer 2025,Active,https://llm-stats.com,https://www.ycombinator.com/companies/llm-stats,yc_oss_current,false,unverified_candidate,yc_slug_inference,llm-stats,https://www.crunchbase.com/organization/llm-stats,
23831,Lobby,lobby,Summer 2021,Inactive,https://www.uselobby.com/,https://www.ycombinator.com/companies/lobby,yc_oss_current,false,unverified_candidate,yc_slug_inference,lobby,https://www.crunchbase.com/organization/lobby,
30754,Locata,locata,Summer 2025,Active,https://www.locatahealth.com/,https://www.ycombinator.com/companies/locata,yc_oss_current,false,unverified_candidate,yc_slug_inference,locata,https://www.crunchbase.com/organization/locata,
33283,Locke,locke,Summer 2026,Active,https://locke.inc,https://www.ycombinator.com/companies/locke,yc_oss_current,false,unverified_candidate,yc_slug_inference,locke,https://www.crunchbase.com/organization/locke,
1501,LocoAI,,S16,Inactive,http://www.locoai.com,,radema_historical,true,unverified_candidate,company_name_inference,locoai,https://www.crunchbase.com/organization/locoai,
30859,Locus,locus,Fall 2025,Active,https://paywithlocus.com,https://www.ycombinator.com/companies/locus,yc_oss_current,false,unverified_candidate,yc_slug_inference,locus,https://www.crunchbase.com/organization/locus,
12533,Lofty,lofty,Summer 2019,Active,https://www.lofty.ai/,https://www.ycombinator.com/companies/lofty,yc_oss_current,false,unverified_candidate,yc_slug_inference,lofty,https://www.crunchbase.com/organization/lofty,
13205,Logarithm Labs,logarithm-labs,Winter 2020,Active,http://www.logarithmlabs.com,https://www.ycombinator.com/companies/logarithm-labs,yc_oss_current,false,unverified_candidate,yc_slug_inference,logarithm-labs,https://www.crunchbase.com/organization/logarithm-labs,
22869,Logica,logica,Winter 2021,Active,https://logica.cloud,https://www.ycombinator.com/companies/logica,yc_oss_current,false,unverified_candidate,yc_slug_inference,logica,https://www.crunchbase.com/organization/logica,
30907,Logical,logical,Fall 2025,Active,https://logical.io,https://www.ycombinator.com/companies/logical,yc_oss_current,false,unverified_candidate,yc_slug_inference,logical,https://www.crunchbase.com/organization/logical,
22974,LogisticsOS,logisticsos,Winter 2021,Active,https://logisticsos.com,https://www.ycombinator.com/companies/logisticsos,yc_oss_current,false,unverified_candidate,yc_slug_inference,logisticsos,https://www.crunchbase.com/organization/logisticsos,
30900,LogosGuard,logosguard,Fall 2025,Active,https://logosguard.com/,https://www.ycombinator.com/companies/logosguard,yc_oss_current,false,unverified_candidate,yc_slug_inference,logosguard,https://www.crunchbase.com/organization/logosguard,
27271,Lokal,,S19,Active,https://www.getlokalapp.com,,radema_historical,true,unverified_candidate,company_name_inference,lokal,https://www.crunchbase.com/organization/lokal,
30127,Loombotic,loombotic,Fall 2024,Active,https://www.loombotic.com,https://www.ycombinator.com/companies/loombotic,yc_oss_current,false,unverified_candidate,yc_slug_inference,loombotic,https://www.crunchbase.com/organization/loombotic,
12743,Loop Health,loop-health,Winter 2020,Active,http://www.loophealth.com,https://www.ycombinator.com/companies/loop-health,yc_oss_current,false,unverified_candidate,yc_slug_inference,loop-health,https://www.crunchbase.com/organization/loop-health,
25340,Loops,loops,Winter 2022,Active,https://loops.so,https://www.ycombinator.com/companies/loops,yc_oss_current,false,unverified_candidate,yc_slug_inference,loops,https://www.crunchbase.com/organization/loops,
24355,LootRush,lootrush,Summer 2021,Active,https://www.lootrush.com,https://www.ycombinator.com/companies/lootrush,yc_oss_current,false,unverified_candidate,yc_slug_inference,lootrush,https://www.crunchbase.com/organization/lootrush,
30267,Lopus,lopus,Winter 2025,Active,https://lopus.ai,https://www.ycombinator.com/companies/lopus,yc_oss_current,false,unverified_candidate,yc_slug_inference,lopus,https://www.crunchbase.com/organization/lopus,
29685,Lore,joinlore,Summer 2024,Active,https://joinlore.app/,https://www.ycombinator.com/companies/joinlore,yc_oss_current,false,unverified_candidate,yc_slug_inference,joinlore,https://www.crunchbase.com/organization/joinlore,
30638,Lotas,lotas,Summer 2025,Active,https://www.lotas.ai,https://www.ycombinator.com/companies/lotas,yc_oss_current,false,unverified_candidate,yc_slug_inference,lotas,https://www.crunchbase.com/organization/lotas,
27251,Lotus,lotus,Summer 2022,Inactive,http://uselotus.io,https://www.ycombinator.com/companies/lotus,yc_oss_current,false,unverified_candidate,yc_slug_inference,lotus,https://www.crunchbase.com/organization/lotus,
27985,Loula,loula,Winter 2023,Active,https://joinloula.com,https://www.ycombinator.com/companies/loula,yc_oss_current,false,unverified_candidate,yc_slug_inference,loula,https://www.crunchbase.com/organization/loula,
21737,LSK Technologies,lsk-technologies,Summer 2020,Acquired,https://www.lifesci-key.com/,https://www.ycombinator.com/companies/lsk-technologies,yc_oss_current,false,unverified_candidate,yc_slug_inference,lsk-technologies,https://www.crunchbase.com/organization/lsk-technologies,
30948,Lua Global Inc,lua-global-inc,Fall 2025,Active,https://heylua.ai/,https://www.ycombinator.com/companies/lua-global-inc,yc_oss_current,false,unverified_candidate,yc_slug_inference,lua-global-inc,https://www.crunchbase.com/organization/lua-global-inc,
24624,Luable,luable,Summer 2021,Active,https://mejorcdt.com/,https://www.ycombinator.com/companies/luable,yc_oss_current,false,unverified_candidate,yc_slug_inference,luable,https://www.crunchbase.com/organization/luable,
32848,Luca IQ,luca-iq,Summer 2026,Active,https://lucaiq.com/,https://www.ycombinator.com/companies/luca-iq,yc_oss_current,false,unverified_candidate,yc_slug_inference,luca-iq,https://www.crunchbase.com/organization/luca-iq,
31087,Lucent,lucent,Winter 2026,Active,https://lucenthq.com,https://www.ycombinator.com/companies/lucent,yc_oss_current,false,unverified_candidate,yc_slug_inference,lucent,https://www.crunchbase.com/organization/lucent,
29678,Lucible,lucible,Summer 2024,Active,https://luciblefi.com,https://www.ycombinator.com/companies/lucible,yc_oss_current,false,unverified_candidate,yc_slug_inference,lucible,https://www.crunchbase.com/organization/lucible,
30261,Lucid,lucid,Winter 2025,Active,https://lucid.ai,https://www.ycombinator.com/companies/lucid,yc_oss_current,false,unverified_candidate,yc_slug_inference,lucid,https://www.crunchbase.com/organization/lucid,
30272,Lucidic AI,lucidic-ai,Winter 2025,Active,https://lucidic.ai,https://www.ycombinator.com/companies/lucidic-ai,yc_oss_current,false,unverified_candidate,yc_slug_inference,lucidic-ai,https://www.crunchbase.com/organization/lucidic-ai,
30482,Lucis,lucis,Spring 2025,Active,https://www.lucis.life,https://www.ycombinator.com/companies/lucis,yc_oss_current,false,unverified_candidate,yc_slug_inference,lucis,https://www.crunchbase.com/organization/lucis,
29314,Lucite,lucite,Winter 2024,Active,https://www.lucite.ai/,https://www.ycombinator.com/companies/lucite,yc_oss_current,false,unverified_candidate,yc_slug_inference,lucite,https://www.crunchbase.com/organization/lucite,
1721,"Lucy Goods, Inc",lucy-goods-inc,Winter 2018,Active,https://lucy.co/,https://www.ycombinator.com/companies/lucy-goods-inc,yc_oss_current,false,unverified_candidate,yc_slug_inference,lucy-goods-inc,https://www.crunchbase.com/organization/lucy-goods-inc,
31137,Luel,luel,Winter 2026,Active,https://luel.ai,https://www.ycombinator.com/companies/luel,yc_oss_current,false,unverified_candidate,yc_slug_inference,luel,https://www.crunchbase.com/organization/luel,
30540,Lumari,lumari,Spring 2025,Active,https://www.lumari.ai/,https://www.ycombinator.com/companies/lumari,yc_oss_current,false,unverified_candidate,yc_slug_inference,lumari,https://www.crunchbase.com/organization/lumari,
22195,Lume,lume,Summer 2020,Inactive,https://www.uselume.com,https://www.ycombinator.com/companies/lume,yc_oss_current,false,unverified_candidate,yc_slug_inference,lume,https://www.crunchbase.com/organization/lume,
32985,Lumeria,lumeria,Summer 2026,Active,https://lumeria.skin,https://www.ycombinator.com/companies/lumeria,yc_oss_current,false,unverified_candidate,yc_slug_inference,lumeria,https://www.crunchbase.com/organization/lumeria,
29419,Lumetric,lumetric,Winter 2024,Acquired,https://www.lumetric.ai,https://www.ycombinator.com/companies/lumetric,yc_oss_current,false,unverified_candidate,yc_slug_inference,lumetric,https://www.crunchbase.com/organization/lumetric,
21766,Luminai,luminai,Summer 2020,Active,https://www.luminai.com,https://www.ycombinator.com/companies/luminai,yc_oss_current,false,unverified_candidate,yc_slug_inference,luminai,https://www.crunchbase.com/organization/luminai,
30804,Luminal,luminal,Summer 2025,Active,https://luminal.com,https://www.ycombinator.com/companies/luminal,yc_oss_current,false,unverified_candidate,yc_slug_inference,luminal,https://www.crunchbase.com/organization/luminal,
24822,Luminate,luminate-medical,Summer 2021,Active,http://www.luminatemed.com,https://www.ycombinator.com/companies/luminate-medical,yc_oss_current,false,unverified_candidate,yc_slug_inference,luminate-medical,https://www.crunchbase.com/organization/luminate-medical,
12623,Lumineye,lumineye,Summer 2019,Inactive,https://www.lumineye.com,https://www.ycombinator.com/companies/lumineye,yc_oss_current,false,unverified_candidate,yc_slug_inference,lumineye,https://www.crunchbase.com/organization/lumineye,
31435,Lumius,lumius,Spring 2026,Active,https://www.lumius-imaging.com,https://www.ycombinator.com/companies/lumius,yc_oss_current,false,unverified_candidate,yc_slug_inference,lumius,https://www.crunchbase.com/organization/lumius,
29459,Lumona,lumona,Winter 2024,Inactive,https://www.lumona.ai,https://www.ycombinator.com/companies/lumona,yc_oss_current,false,unverified_candidate,yc_slug_inference,lumona,https://www.crunchbase.com/organization/lumona,
30997,LunaBill,lunabill,Fall 2025,Active,https://lunabill.com/,https://www.ycombinator.com/companies/lunabill,yc_oss_current,false,unverified_candidate,yc_slug_inference,lunabill,https://www.crunchbase.com/organization/lunabill,
25682,LunaJoy Health,lunajoy-health,Winter 2022,Active,http://HelloLunaJoy.com,https://www.ycombinator.com/companies/lunajoy-health,yc_oss_current,false,unverified_candidate,yc_slug_inference,lunajoy-health,https://www.crunchbase.com/organization/lunajoy-health,
23269,Lunatic,lunatic,Winter 2021,Inactive,https://lunatic.solutions/,https://www.ycombinator.com/companies/lunatic,yc_oss_current,false,unverified_candidate,yc_slug_inference,lunatic,https://www.crunchbase.com/organization/lunatic,
30865,Lunavo,lunavo,Fall 2025,Active,https://lunavo.ai,https://www.ycombinator.com/companies/lunavo,yc_oss_current,false,unverified_candidate,yc_slug_inference,lunavo,https://www.crunchbase.com/organization/lunavo,
1783,LUS Brands,lus-brands,Winter 2018,Active,http://lusbrands.com,https://www.ycombinator.com/companies/lus-brands,yc_oss_current,false,unverified_candidate,yc_slug_inference,lus-brands,https://www.crunchbase.com/organization/lus-brands,
32191,Lyon,lyon,Summer 2026,Active,https://lyon.so,https://www.ycombinator.com/companies/lyon,yc_oss_current,false,unverified_candidate,yc_slug_inference,lyon,https://www.crunchbase.com/organization/lyon,
26753,Lyra,lyra,Summer 2022,Active,https://paywithlyra.com/,https://www.ycombinator.com/companies/lyra,yc_oss_current,false,unverified_candidate,yc_slug_inference,lyra,https://www.crunchbase.com/organization/lyra,
28894,Lysto,lysto,Summer 2023,Inactive,https://lysto.ai/,https://www.ycombinator.com/companies/lysto,yc_oss_current,false,unverified_candidate,yc_slug_inference,lysto,https://www.crunchbase.com/organization/lysto,
24369,Mable,mable,Summer 2021,Acquired,https://www.trymable.com/,https://www.ycombinator.com/companies/mable,yc_oss_current,false,unverified_candidate,yc_slug_inference,mable,https://www.crunchbase.com/organization/mable,
30260,Macadamia,macadamia,Winter 2025,Active,https://macadamialabs.com,https://www.ycombinator.com/companies/macadamia,yc_oss_current,false,unverified_candidate,yc_slug_inference,macadamia,https://www.crunchbase.com/organization/macadamia,
24551,Mach9,mach9,Summer 2021,Active,https://www.mach9.ai/,https://www.ycombinator.com/companies/mach9,yc_oss_current,false,unverified_candidate,yc_slug_inference,mach9,https://www.crunchbase.com/organization/mach9,
32527,machine0,machine0,Summer 2026,Active,https://machine0.io,https://www.ycombinator.com/companies/machine0,yc_oss_current,false,unverified_candidate,yc_slug_inference,machine0,https://www.crunchbase.com/organization/machine0,
23327,Machine26,machine26,Winter 2021,Active,https://www.machine26.com/,https://www.ycombinator.com/companies/machine26,yc_oss_current,false,unverified_candidate,yc_slug_inference,machine26,https://www.crunchbase.com/organization/machine26,
24136,MadEats,madeats,Summer 2021,Acquired,https://,https://www.ycombinator.com/companies/madeats,yc_oss_current,false,unverified_candidate,yc_slug_inference,madeats,https://www.crunchbase.com/organization/madeats,
30975,MadeThis,madethis,Fall 2025,Active,https://madethis.com,https://www.ycombinator.com/companies/madethis,yc_oss_current,false,unverified_candidate,yc_slug_inference,madethis,https://www.crunchbase.com/organization/madethis,
31399,Madrone,madrone,Spring 2026,Active,https://madrone.cool/,https://www.ycombinator.com/companies/madrone,yc_oss_current,false,unverified_candidate,yc_slug_inference,madrone,https://www.crunchbase.com/organization/madrone,
12362,Mage,mage,Winter 2019,Inactive,https://magemarket.com,https://www.ycombinator.com/companies/mage,yc_oss_current,false,unverified_candidate,yc_slug_inference,mage,https://www.crunchbase.com/organization/mage,
29461,Magic Hour,magic-hour,Winter 2024,Active,https://magichour.ai,https://www.ycombinator.com/companies/magic-hour,yc_oss_current,false,unverified_candidate,yc_slug_inference,magic-hour,https://www.crunchbase.com/organization/magic-hour,
27691,Magic Patterns,magic-patterns,Winter 2023,Active,https://www.magicpatterns.com/,https://www.ycombinator.com/companies/magic-patterns,yc_oss_current,false,unverified_candidate,yc_slug_inference,magic-patterns,https://www.crunchbase.com/organization/magic-patterns,
23613,MagicBell,magicbell,Winter 2021,Active,https://www.magicbell.com,https://www.ycombinator.com/companies/magicbell,yc_oss_current,false,unverified_candidate,yc_slug_inference,magicbell,https://www.crunchbase.com/organization/magicbell,
27909,Magicflow 𐂂,magicflow,Winter 2023,Inactive,https://magicflow.ai,https://www.ycombinator.com/companies/magicflow,yc_oss_current,false,unverified_candidate,yc_slug_inference,magicflow,https://www.crunchbase.com/organization/magicflow,
29736,MagiCode,magicode,Summer 2024,Active,https://www.magicode.ai/,https://www.ycombinator.com/companies/magicode,yc_oss_current,false,unverified_candidate,yc_slug_inference,magicode,https://www.crunchbase.com/organization/magicode,
33639,Magma,magma,Summer 2026,Active,https://magmahq.ai,https://www.ycombinator.com/companies/magma,yc_oss_current,false,unverified_candidate,yc_slug_inference,magma,https://www.crunchbase.com/organization/magma,
25620,Magna,magna,Winter 2022,Acquired,https://magna.so,https://www.ycombinator.com/companies/magna,yc_oss_current,false,unverified_candidate,yc_slug_inference,magna,https://www.crunchbase.com/organization/magna,
27989,MagnaPlay,magnaplay,Winter 2023,Active,https://magnaplay.com,https://www.ycombinator.com/companies/magnaplay,yc_oss_current,false,unverified_candidate,yc_slug_inference,magnaplay,https://www.crunchbase.com/organization/magnaplay,
30776,Magnetic,magnetic,Summer 2025,Active,https://www.magnetictax.com,https://www.ycombinator.com/companies/magnetic,yc_oss_current,false,archive_observed_candidate,commoncrawl_2019_slug_observation,magnetic,https://www.crunchbase.com/organization/magnetic,
30660,Magnitude,magnitude,Summer 2025,Active,https://magnitude.dev,https://www.ycombinator.com/companies/magnitude,yc_oss_current,false,unverified_candidate,yc_slug_inference,magnitude,https://www.crunchbase.com/organization/magnitude,
26003,Mahaana Wealth,mahaana-wealth,Winter 2022,Active,http://mahaana.com,https://www.ycombinator.com/companies/mahaana-wealth,yc_oss_current,false,unverified_candidate,yc_slug_inference,mahaana-wealth,https://www.crunchbase.com/organization/mahaana-wealth,
24044,Mailmodo,mailmodo,Summer 2021,Acquired,https://www.mailmodo.com/,https://www.ycombinator.com/companies/mailmodo,yc_oss_current,false,unverified_candidate,yc_slug_inference,mailmodo,https://www.crunchbase.com/organization/mailmodo,
22021,Mailwarm,mailwarm,Summer 2020,Active,https://www.mailwarm.com,https://www.ycombinator.com/companies/mailwarm,yc_oss_current,false,unverified_candidate,yc_slug_inference,mailwarm,https://www.crunchbase.com/organization/mailwarm,
32157,Maingen,maingen,Summer 2026,Active,https://www.maingen.ai/,https://www.ycombinator.com/companies/maingen,yc_oss_current,false,unverified_candidate,yc_slug_inference,maingen,https://www.crunchbase.com/organization/maingen,
28899,Maintouch,maintouch,Summer 2023,Active,https://maintouch.com/?utm_source=bookface&utm_medium=social&utm_campaign=profile,https://www.ycombinator.com/companies/maintouch,yc_oss_current,false,unverified_candidate,yc_slug_inference,maintouch,https://www.crunchbase.com/organization/maintouch,
30229,Maive,maive,Winter 2025,Active,https://maive.ai,https://www.ycombinator.com/companies/maive,yc_oss_current,false,unverified_candidate,yc_slug_inference,maive,https://www.crunchbase.com/organization/maive,
24466,Makani Science,makani-science,Summer 2021,Active,http://makaniscience.net/,https://www.ycombinator.com/companies/makani-science,yc_oss_current,false,unverified_candidate,yc_slug_inference,makani-science,https://www.crunchbase.com/organization/makani-science,
26708,Makeasite,makeasite,Summer 2022,Active,https://makeasite.io,https://www.ycombinator.com/companies/makeasite,yc_oss_current,false,unverified_candidate,yc_slug_inference,makeasite,https://www.crunchbase.com/organization/makeasite,
24640,Malga,malga,Summer 2021,Active,https://malga.io/,https://www.ycombinator.com/companies/malga,yc_oss_current,false,unverified_candidate,yc_slug_inference,malga,https://www.crunchbase.com/organization/malga,
29261,malibou,malibou,Winter 2024,Active,https://www.malibou.co,https://www.ycombinator.com/companies/malibou,yc_oss_current,false,unverified_candidate,yc_slug_inference,malibou,https://www.crunchbase.com/organization/malibou,
23193,Manara,manara,Winter 2021,Active,http://www.manara.tech,https://www.ycombinator.com/companies/manara,yc_oss_current,false,unverified_candidate,yc_slug_inference,manara,https://www.crunchbase.com/organization/manara,
26899,Manatee,manatee,Summer 2022,Inactive,https://www.trymanatee.com/?utm_source=bookface,https://www.ycombinator.com/companies/manatee,yc_oss_current,false,unverified_candidate,yc_slug_inference,manatee,https://www.crunchbase.com/organization/manatee,
28818,Mandel AI,mandel-ai,Summer 2023,Active,https://www.mandel.ai/,https://www.ycombinator.com/companies/mandel-ai,yc_oss_current,false,unverified_candidate,yc_slug_inference,mandel-ai,https://www.crunchbase.com/organization/mandel-ai,
29268,Mango Health,mango-health,Winter 2024,Inactive,https://themangohealth.com,https://www.ycombinator.com/companies/mango-health,yc_oss_current,false,unverified_candidate,yc_slug_inference,mango-health,https://www.crunchbase.com/organization/mango-health,
31160,Mango Medical,mango-medical-inc,Winter 2026,Active,https://mangomedical.io,https://www.ycombinator.com/companies/mango-medical-inc,yc_oss_current,false,unverified_candidate,yc_slug_inference,mango-medical-inc,https://www.crunchbase.com/organization/mango-medical-inc,
30608,MangoDesk,mangodesk,Summer 2025,Active,https://www.mangodesk.com/,https://www.ycombinator.com/companies/mangodesk,yc_oss_current,false,unverified_candidate,yc_slug_inference,mangodesk,https://www.crunchbase.com/organization/mangodesk,
31531,Manicule,manicule,Spring 2026,Active,https://manicule.com,https://www.ycombinator.com/companies/manicule,yc_oss_current,false,unverified_candidate,yc_slug_inference,manicule,https://www.crunchbase.com/organization/manicule,
32260,Manifold,manifold-2,Summer 2026,Active,https://www.manifoldindustries.ai/,https://www.ycombinator.com/companies/manifold-2,yc_oss_current,false,unverified_candidate,yc_slug_inference,manifold-2,https://www.crunchbase.com/organization/manifold-2,
29397,Manifold Freight,manifold-freight,Winter 2024,Active,https://www.manifoldfreight.com/,https://www.ycombinator.com/companies/manifold-freight,yc_oss_current,false,unverified_candidate,yc_slug_inference,manifold-freight,https://www.crunchbase.com/organization/manifold-freight,
31036,Mantis,mantis,Winter 2026,Active,https://mantisbiotech.com/,https://www.ycombinator.com/companies/mantis,yc_oss_current,false,unverified_candidate,yc_slug_inference,mantis,https://www.crunchbase.com/organization/mantis,
28967,MantleBio,mantlebio,Summer 2023,Inactive,https://www.mantlebio.com,https://www.ycombinator.com/companies/mantlebio,yc_oss_current,false,unverified_candidate,yc_slug_inference,mantlebio,https://www.crunchbase.com/organization/mantlebio,
28006,Mantys,mantys,Winter 2023,Active,https://www.mantys.io/,https://www.ycombinator.com/companies/mantys,yc_oss_current,false,unverified_candidate,yc_slug_inference,mantys,https://www.crunchbase.com/organization/mantys,
30710,Manufact,manufact,Summer 2025,Active,https://manufact.com,https://www.ycombinator.com/companies/manufact,yc_oss_current,false,unverified_candidate,yc_slug_inference,manufact,https://www.crunchbase.com/organization/manufact,
31561,Maquoketa Research,maquoketa-research,Spring 2026,Active,https://www.maquoketa.net,https://www.ycombinator.com/companies/maquoketa-research,yc_oss_current,false,unverified_candidate,yc_slug_inference,maquoketa-research,https://www.crunchbase.com/organization/maquoketa-research,
25996,Marathon Education,marathon-education,Winter 2022,Inactive,https://www.marathon.edu.vn,https://www.ycombinator.com/companies/marathon-education,yc_oss_current,false,unverified_candidate,yc_slug_inference,marathon-education,https://www.crunchbase.com/organization/marathon-education,
32223,Marble,joinmarble,Summer 2026,Active,https://joinmarble.ai/,https://www.ycombinator.com/companies/joinmarble,yc_oss_current,false,unverified_candidate,yc_slug_inference,joinmarble,https://www.crunchbase.com/organization/joinmarble,
29456,Marblism,marblism,Winter 2024,Active,https://marblism.com,https://www.ycombinator.com/companies/marblism,yc_oss_current,false,unverified_candidate,yc_slug_inference,marblism,https://www.crunchbase.com/organization/marblism,
22948,MarcoPolo,marcopolo,Winter 2021,Inactive,https://,https://www.ycombinator.com/companies/marcopolo,yc_oss_current,false,unverified_candidate,yc_slug_inference,marcopolo,https://www.crunchbase.com/organization/marcopolo,
32981,Marengo,marengo,Summer 2026,Active,https://marengox.com,https://www.ycombinator.com/companies/marengo,yc_oss_current,false,unverified_candidate,yc_slug_inference,marengo,https://www.crunchbase.com/organization/marengo,
28883,Margin,margin,Summer 2023,Active,https://usemargin.com/,https://www.ycombinator.com/companies/margin,yc_oss_current,false,unverified_candidate,yc_slug_inference,margin,https://www.crunchbase.com/organization/margin,
30224,Maritime Fusion,maritime-fusion,Winter 2025,Active,https://maritimefusion.com,https://www.ycombinator.com/companies/maritime-fusion,yc_oss_current,false,unverified_candidate,yc_slug_inference,maritime-fusion,https://www.crunchbase.com/organization/maritime-fusion,
31352,Marker,marker,Summer 2026,Active,https://onmarker.com,https://www.ycombinator.com/companies/marker,yc_oss_current,false,unverified_candidate,yc_slug_inference,marker,https://www.crunchbase.com/organization/marker,
23885,marketfeed,marketfeed,Summer 2021,Active,https://marketfeed.com,https://www.ycombinator.com/companies/marketfeed,yc_oss_current,false,unverified_candidate,yc_slug_inference,marketfeed,https://www.crunchbase.com/organization/marketfeed,
921,Markhor,markhor,Summer 2015,Active,http://markhor.com,https://www.ycombinator.com/companies/markhor,yc_oss_current,false,unverified_candidate,yc_slug_inference,markhor,https://www.crunchbase.com/organization/markhor,
31005,MarkIt,markit,Fall 2025,Active,https://markittrade.com,https://www.ycombinator.com/companies/markit,yc_oss_current,false,unverified_candidate,yc_slug_inference,markit,https://www.crunchbase.com/organization/markit,
32988,Markov,markov,Summer 2026,Active,https://www.markovstudios.com/,https://www.ycombinator.com/companies/markov,yc_oss_current,false,unverified_candidate,yc_slug_inference,markov,https://www.crunchbase.com/organization/markov,
420,Markupwand,markupwand,Summer 2012,Inactive,http://markupwand.com,https://www.ycombinator.com/companies/markupwand,yc_oss_current,false,unverified_candidate,yc_slug_inference,markupwand,https://www.crunchbase.com/organization/markupwand,
29522,Marr Labs,marr-labs,Winter 2024,Active,https://www.marrlabs.com/,https://www.ycombinator.com/companies/marr-labs,yc_oss_current,false,unverified_candidate,yc_slug_inference,marr-labs,https://www.crunchbase.com/organization/marr-labs,
31306,Martini,martini,Winter 2026,Active,https://martini.film,https://www.ycombinator.com/companies/martini,yc_oss_current,false,unverified_candidate,yc_slug_inference,martini,https://www.crunchbase.com/organization/martini,
32128,Mass Magnetics,mass-magnetics,Summer 2026,Active,https://massmagnetics.com/,https://www.ycombinator.com/companies/mass-magnetics,yc_oss_current,false,unverified_candidate,yc_slug_inference,mass-magnetics,https://www.crunchbase.com/organization/mass-magnetics,
30304,Mastra,mastra,Winter 2025,Active,https://mastra.ai,https://www.ycombinator.com/companies/mastra,yc_oss_current,false,unverified_candidate,yc_slug_inference,mastra,https://www.crunchbase.com/organization/mastra,
12527,matagora,matagora,Summer 2019,Active,https://www.matagora.com,https://www.ycombinator.com/companies/matagora,yc_oss_current,false,unverified_candidate,yc_slug_inference,matagora,https://www.crunchbase.com/organization/matagora,
27268,Materee,materee,Summer 2022,Active,https://materee.id,https://www.ycombinator.com/companies/materee,yc_oss_current,false,unverified_candidate,yc_slug_inference,materee,https://www.crunchbase.com/organization/materee,
25810,Material Depot,material-depot,Winter 2022,Active,https://materialdepot.in/,https://www.ycombinator.com/companies/material-depot,yc_oss_current,false,unverified_candidate,yc_slug_inference,material-depot,https://www.crunchbase.com/organization/material-depot,
29506,Mathos,mathos,Winter 2024,Active,https://info.mathos.ai/,https://www.ycombinator.com/companies/mathos,yc_oss_current,false,unverified_candidate,yc_slug_inference,mathos,https://www.crunchbase.com/organization/mathos,
24528,Matrubials,matrubials-inc,Summer 2021,Active,https://matrubials.com/,https://www.ycombinator.com/companies/matrubials-inc,yc_oss_current,false,unverified_candidate,yc_slug_inference,matrubials-inc,https://www.crunchbase.com/organization/matrubials-inc,
22327,Matter,matter,Summer 2020,Active,https://getmatter.app,https://www.ycombinator.com/companies/matter,yc_oss_current,false,unverified_candidate,yc_slug_inference,matter,https://www.crunchbase.com/organization/matter,
31253,Maven,maven,Winter 2026,Active,https://trymaven.com,https://www.ycombinator.com/companies/maven,yc_oss_current,false,unverified_candidate,yc_slug_inference,maven,https://www.crunchbase.com/organization/maven,
28923,Maven Bio,maven-bio,Summer 2023,Active,https://mavenbio.com,https://www.ycombinator.com/companies/maven-bio,yc_oss_current,false,unverified_candidate,yc_slug_inference,maven-bio,https://www.crunchbase.com/organization/maven-bio,
26807,MaverickX,maverickx,Summer 2022,Active,https://www.MaverickX.com,https://www.ycombinator.com/companies/maverickx,yc_oss_current,false,unverified_candidate,yc_slug_inference,maverickx,https://www.crunchbase.com/organization/maverickx,
30731,Maximal,maximal,Summer 2025,Active,https://www.trymaximal.com,https://www.ycombinator.com/companies/maximal,yc_oss_current,false,unverified_candidate,yc_slug_inference,maximal,https://www.crunchbase.com/organization/maximal,
26902,Maya Labs,maya-labs,Summer 2022,Active,https://mayalabs.io,https://www.ycombinator.com/companies/maya-labs,yc_oss_current,false,unverified_candidate,yc_slug_inference,maya-labs,https://www.crunchbase.com/organization/maya-labs,
31020,Mayflower,mayflower,Fall 2025,Active,https://mayflowervisa.com,https://www.ycombinator.com/companies/mayflower,yc_oss_current,false,unverified_candidate,yc_slug_inference,mayflower,https://www.crunchbase.com/organization/mayflower,
1726,Mayhem,mayhem,Winter 2018,Acquired,https://www.mayhem.gg,https://www.ycombinator.com/companies/mayhem,yc_oss_current,false,unverified_candidate,yc_slug_inference,mayhem,https://www.crunchbase.com/organization/mayhem,
31188,Maywood,maywood,Winter 2026,Active,https://maywoodai.com/,https://www.ycombinator.com/companies/maywood,yc_oss_current,false,unverified_candidate,yc_slug_inference,maywood,https://www.crunchbase.com/organization/maywood,
30445,Mbodi AI,mbodi-ai,Spring 2025,Active,https://www.mbodi.ai/,https://www.ycombinator.com/companies/mbodi-ai,yc_oss_current,false,unverified_candidate,yc_slug_inference,mbodi-ai,https://www.crunchbase.com/organization/mbodi-ai,
29611,mdhub,mdhub,Summer 2024,Active,https://www.mdhub.ai/,https://www.ycombinator.com/companies/mdhub,yc_oss_current,false,unverified_candidate,yc_slug_inference,mdhub,https://www.crunchbase.com/organization/mdhub,
22885,Measured,measured,Winter 2021,Active,https://trymeasured.com/,https://www.ycombinator.com/companies/measured,yc_oss_current,false,unverified_candidate,yc_slug_inference,measured,https://www.crunchbase.com/organization/measured,
30251,Mecha Health,mecha-health,Winter 2025,Active,https://www.mecha-health.ai/,https://www.ycombinator.com/companies/mecha-health,yc_oss_current,false,unverified_candidate,yc_slug_inference,mecha-health,https://www.crunchbase.com/organization/mecha-health,
25152,Mederva,mederva,Winter 2022,Active,https://medervahealth.com/,https://www.ycombinator.com/companies/mederva,yc_oss_current,false,unverified_candidate,yc_slug_inference,mederva,https://www.crunchbase.com/organization/mederva,
13215,Medicare Vox (fka Fair Square),medicare-vox-fka-fair-square,Winter 2020,Active,https://www.medicarevox.com,https://www.ycombinator.com/companies/medicare-vox-fka-fair-square,yc_oss_current,false,unverified_candidate,yc_slug_inference,medicare-vox-fka-fair-square,https://www.crunchbase.com/organization/medicare-vox-fka-fair-square,
28928,MediSearch,medisearch,Summer 2023,Active,https://medisearch.io,https://www.ycombinator.com/companies/medisearch,yc_oss_current,false,unverified_candidate,yc_slug_inference,medisearch,https://www.crunchbase.com/organization/medisearch,
24820,Medium Biosciences,medium-biosciences,Summer 2021,Active,http://medium.bio,https://www.ycombinator.com/companies/medium-biosciences,yc_oss_current,false,unverified_candidate,yc_slug_inference,medium-biosciences,https://www.crunchbase.com/organization/medium-biosciences,
23518,MeetAnyway,meetanyway,Winter 2021,Inactive,https://meetanyway.com,https://www.ycombinator.com/companies/meetanyway,yc_oss_current,false,unverified_candidate,yc_slug_inference,meetanyway,https://www.crunchbase.com/organization/meetanyway,
339,Meetyu,meetyu,Summer 2007,Inactive,http://meetyu.com,https://www.ycombinator.com/companies/meetyu,yc_oss_current,false,unverified_candidate,yc_slug_inference,meetyu,https://www.crunchbase.com/organization/meetyu,
30113,Melder,melder,Fall 2024,Active,https://melder.io,https://www.ycombinator.com/companies/melder,yc_oss_current,false,unverified_candidate,yc_slug_inference,melder,https://www.crunchbase.com/organization/melder,
377,Memamp,memamp,Summer 2005,Inactive,http://memamp.com,https://www.ycombinator.com/companies/memamp,yc_oss_current,false,unverified_candidate,yc_slug_inference,memamp,https://www.crunchbase.com/organization/memamp,
22022,Memberstack,memberstack,Summer 2020,Active,https://www.memberstack.com,https://www.ycombinator.com/companies/memberstack,yc_oss_current,false,unverified_candidate,yc_slug_inference,memberstack,https://www.crunchbase.com/organization/memberstack,
24692,Membo,membo,Summer 2021,Inactive,https://membo.ee?lang=en,https://www.ycombinator.com/companies/membo,yc_oss_current,false,unverified_candidate,yc_slug_inference,membo,https://www.crunchbase.com/organization/membo,
22033,Memo,memo,Summer 2020,Inactive,https://sendmemo.app,https://www.ycombinator.com/companies/memo,yc_oss_current,false,unverified_candidate,yc_slug_inference,memo,https://www.crunchbase.com/organization/memo,
31335,Memoir,memoir,Spring 2026,Active,https://www.trymemoir.ai/,https://www.ycombinator.com/companies/memoir,yc_oss_current,false,unverified_candidate,yc_slug_inference,memoir,https://www.crunchbase.com/organization/memoir,
31482,Memory Store,memory-store,Spring 2026,Active,https://memory.store,https://www.ycombinator.com/companies/memory-store,yc_oss_current,false,unverified_candidate,yc_slug_inference,memory-store,https://www.crunchbase.com/organization/memory-store,
23240,Mendel,mendel,Winter 2021,Active,https://mendel.com,https://www.ycombinator.com/companies/mendel,yc_oss_current,false,unverified_candidate,yc_slug_inference,mendel,https://www.crunchbase.com/organization/mendel,
31210,Mendral,mendral,Winter 2026,Inactive,https://mendral.com/,https://www.ycombinator.com/companies/mendral,yc_oss_current,false,unverified_candidate,yc_slug_inference,mendral,https://www.crunchbase.com/organization/mendral,
31495,Mentlio,mentlio,Summer 2026,Active,https://mentlio.com,https://www.ycombinator.com/companies/mentlio,yc_oss_current,false,unverified_candidate,yc_slug_inference,mentlio,https://www.crunchbase.com/organization/mentlio,
30365,Mentra,mentra,Winter 2025,Active,https://mentra.glass,https://www.ycombinator.com/companies/mentra,yc_oss_current,false,unverified_candidate,yc_slug_inference,mentra,https://www.crunchbase.com/organization/mentra,
24509,Mentum,mentum,Summer 2021,Acquired,http://getmentum.com,https://www.ycombinator.com/companies/mentum,yc_oss_current,false,unverified_candidate,yc_slug_inference,mentum,https://www.crunchbase.com/organization/mentum,
28879,Menza,menza,Winter 2026,Active,https://menza.ai/,https://www.ycombinator.com/companies/menza,yc_oss_current,false,unverified_candidate,yc_slug_inference,menza,https://www.crunchbase.com/organization/menza,
26669,Mercator,mercator,Summer 2022,Inactive,http://www.mercator.tech,https://www.ycombinator.com/companies/mercator,yc_oss_current,false,unverified_candidate,yc_slug_inference,mercator,https://www.crunchbase.com/organization/mercator,
30346,Mercura,mercura,Winter 2025,Active,https://www.mercura.ai,https://www.ycombinator.com/companies/mercura,yc_oss_current,false,unverified_candidate,yc_slug_inference,mercura,https://www.crunchbase.com/organization/mercura,
24378,Mergent,mergent,Summer 2021,Active,https://mergent.co,https://www.ycombinator.com/companies/mergent,yc_oss_current,false,unverified_candidate,yc_slug_inference,mergent,https://www.crunchbase.com/organization/mergent,
12862,Meridian Industries,meridian-industries,Summer 2019,Active,https://mora.com,https://www.ycombinator.com/companies/meridian-industries,yc_oss_current,false,unverified_candidate,yc_slug_inference,meridian-industries,https://www.crunchbase.com/organization/meridian-industries,
29977,Merlin AI,merlin-ai,Summer 2024,Active,https://www.merlinai.co,https://www.ycombinator.com/companies/merlin-ai,yc_oss_current,false,unverified_candidate,yc_slug_inference,merlin-ai,https://www.crunchbase.com/organization/merlin-ai,
30292,Mesh,mesh-2,Winter 2025,Active,http://www.usemesh.com,https://www.ycombinator.com/companies/mesh-2,yc_oss_current,false,unverified_candidate,yc_slug_inference,mesh-2,https://www.crunchbase.com/organization/mesh-2,
30523,Mesmer,mesmer,Spring 2025,Active,https://mesmer.co,https://www.ycombinator.com/companies/mesmer,yc_oss_current,false,unverified_candidate,yc_slug_inference,mesmer,https://www.crunchbase.com/organization/mesmer,
1799,Meson,meson,Winter 2018,Inactive,https://meson.fi/,https://www.ycombinator.com/companies/meson,yc_oss_current,false,unverified_candidate,yc_slug_inference,meson,https://www.crunchbase.com/organization/meson,
21733,Metamanagement,metamanagement,Summer 2020,Inactive,https://metamanagement.dev,https://www.ycombinator.com/companies/metamanagement,yc_oss_current,false,unverified_candidate,yc_slug_inference,metamanagement,https://www.crunchbase.com/organization/metamanagement,
13211,Metaplane,metaplane,Winter 2020,Acquired,https://metaplane.dev,https://www.ycombinator.com/companies/metaplane,yc_oss_current,false,unverified_candidate,yc_slug_inference,metaplane,https://www.crunchbase.com/organization/metaplane,
30602,Meteor,meteor,Summer 2025,Active,https://browse.dev,https://www.ycombinator.com/companies/meteor,yc_oss_current,false,unverified_candidate,yc_slug_inference,meteor,https://www.crunchbase.com/organization/meteor,
31249,Meteoric,meteoric,Summer 2026,Active,https://meteoric.earth/,https://www.ycombinator.com/companies/meteoric,yc_oss_current,false,unverified_candidate,yc_slug_inference,meteoric,https://www.crunchbase.com/organization/meteoric,
29319,Meticulate,meticulate,Winter 2024,Active,https://meticulate.ai/,https://www.ycombinator.com/companies/meticulate,yc_oss_current,false,unverified_candidate,yc_slug_inference,meticulate,https://www.crunchbase.com/organization/meticulate,
24508,Meticulous,meticulous,Summer 2021,Active,https://www.meticulous.ai,https://www.ycombinator.com/companies/meticulous,yc_oss_current,false,unverified_candidate,yc_slug_inference,meticulous,https://www.crunchbase.com/organization/meticulous,
30740,Metis,metis,Summer 2025,Acquired,https://withmetis.ai,https://www.ycombinator.com/companies/metis,yc_oss_current,false,unverified_candidate,yc_slug_inference,metis,https://www.crunchbase.com/organization/metis,
29366,Metofico,metofico,Winter 2024,Active,https://metofico.com/,https://www.ycombinator.com/companies/metofico,yc_oss_current,false,unverified_candidate,yc_slug_inference,metofico,https://www.crunchbase.com/organization/metofico,
30960,Metorial,metorial,Fall 2025,Active,https://metorial.com,https://www.ycombinator.com/companies/metorial,yc_oss_current,false,unverified_candidate,yc_slug_inference,metorial,https://www.crunchbase.com/organization/metorial,
30103,Metreecs,metreecs,Fall 2024,Active,https://www.metreecs.com,https://www.ycombinator.com/companies/metreecs,yc_oss_current,false,unverified_candidate,yc_slug_inference,metreecs,https://www.crunchbase.com/organization/metreecs,
23437,Mezli,mezli,Winter 2021,Inactive,https://www.mezli.com,https://www.ycombinator.com/companies/mezli,yc_oss_current,false,unverified_candidate,yc_slug_inference,mezli,https://www.crunchbase.com/organization/mezli,
29966,Mica AI,mica-ai,Summer 2024,Active,https://usemica.com/,https://www.ycombinator.com/companies/mica-ai,yc_oss_current,false,unverified_candidate,yc_slug_inference,mica-ai,https://www.crunchbase.com/organization/mica-ai,
24185,Micro Meat,micro-meat,Summer 2021,Inactive,http://www.micromeat.com,https://www.ycombinator.com/companies/micro-meat,yc_oss_current,false,unverified_candidate,yc_slug_inference,micro-meat,https://www.crunchbase.com/organization/micro-meat,
28859,MICSI,micsi,Summer 2023,Active,https://www.micsi.co/,https://www.ycombinator.com/companies/micsi,yc_oss_current,false,unverified_candidate,yc_slug_inference,micsi,https://www.crunchbase.com/organization/micsi,
29453,Miden,miden,Winter 2024,Active,http://www.miden.co,https://www.ycombinator.com/companies/miden,yc_oss_current,false,unverified_candidate,yc_slug_inference,miden,https://www.crunchbase.com/organization/miden,
12824,Midnox,midnox,Winter 2012,Acquired,http://midnox.com,https://www.ycombinator.com/companies/midnox,yc_oss_current,false,unverified_candidate,yc_slug_inference,midnox,https://www.crunchbase.com/organization/midnox,
26756,Midplane,midplane,Summer 2022,Active,https://midplane.ai/,https://www.ycombinator.com/companies/midplane,yc_oss_current,false,unverified_candidate,yc_slug_inference,midplane,https://www.crunchbase.com/organization/midplane,
28930,Midrender,midrender,Summer 2023,Active,https://midrender.com,https://www.ycombinator.com/companies/midrender,yc_oss_current,false,unverified_candidate,yc_slug_inference,midrender,https://www.crunchbase.com/organization/midrender,
29980,Midship,midship,Summer 2024,Acquired,https://midship.ai/,https://www.ycombinator.com/companies/midship,yc_oss_current,false,unverified_candidate,yc_slug_inference,midship,https://www.crunchbase.com/organization/midship,
25473,Miggos,miggos,Winter 2022,Active,https://miggos.com/,https://www.ycombinator.com/companies/miggos,yc_oss_current,false,unverified_candidate,yc_slug_inference,miggos,https://www.crunchbase.com/organization/miggos,
24383,Milky Way AI,milky-way-ai,Summer 2021,Inactive,https://milkyway.ai/,https://www.ycombinator.com/companies/milky-way-ai,yc_oss_current,false,unverified_candidate,yc_slug_inference,milky-way-ai,https://www.crunchbase.com/organization/milky-way-ai,
29516,Million,million,Winter 2024,Active,https://million.dev,https://www.ycombinator.com/companies/million,yc_oss_current,false,unverified_candidate,yc_slug_inference,million,https://www.crunchbase.com/organization/million,
12653,Million Marker,million-marker,Summer 2019,Active,https://www.millionmarker.com/,https://www.ycombinator.com/companies/million-marker,yc_oss_current,false,unverified_candidate,yc_slug_inference,million-marker,https://www.crunchbase.com/organization/million-marker,
31144,Milliray,milliray,Winter 2026,Active,https://milliray.com/,https://www.ycombinator.com/companies/milliray,yc_oss_current,false,unverified_candidate,yc_slug_inference,milliray,https://www.crunchbase.com/organization/milliray,
12638,Milo,milo,Winter 2020,Inactive,http://www.joinmilo.com,https://www.ycombinator.com/companies/milo,yc_oss_current,false,unverified_candidate,yc_slug_inference,milo,https://www.crunchbase.com/organization/milo,
30701,Mimos,mimos,Summer 2025,Active,https://www.trymimos.com/,https://www.ycombinator.com/companies/mimos,yc_oss_current,false,unverified_candidate,yc_slug_inference,mimos,https://www.crunchbase.com/organization/mimos,
22855,Mindee,mindee,Winter 2021,Active,https://mindee.com,https://www.ycombinator.com/companies/mindee,yc_oss_current,false,unverified_candidate,yc_slug_inference,mindee,https://www.crunchbase.com/organization/mindee,
24346,MindFi,mindfi,Summer 2021,Active,https://www.mindfi.co,https://www.ycombinator.com/companies/mindfi,yc_oss_current,false,unverified_candidate,yc_slug_inference,mindfi,https://www.crunchbase.com/organization/mindfi,
24779,Mindmesh,mindmesh,Summer 2021,Inactive,https://mindmesh.com,https://www.ycombinator.com/companies/mindmesh,yc_oss_current,false,unverified_candidate,yc_slug_inference,mindmesh,https://www.crunchbase.com/organization/mindmesh,
23521,MindPortal,mindportal,Winter 2021,Inactive,https://www.mindportal.com,https://www.ycombinator.com/companies/mindportal,yc_oss_current,false,unverified_candidate,yc_slug_inference,mindportal,https://www.crunchbase.com/organization/mindportal,
12619,Mindset Health,mindset-health,Summer 2019,Active,https://www.mindsethealth.com,https://www.ycombinator.com/companies/mindset-health,yc_oss_current,false,unverified_candidate,yc_slug_inference,mindset-health,https://www.crunchbase.com/organization/mindset-health,
24461,Mine,mine,Summer 2021,Inactive,https://usemine.com/,https://www.ycombinator.com/companies/mine,yc_oss_current,false,unverified_candidate,yc_slug_inference,mine,https://www.crunchbase.com/organization/mine,
29774,Mineflow,mineflow,Summer 2024,Active,http://mineflow.ai/,https://www.ycombinator.com/companies/mineflow,yc_oss_current,false,unverified_candidate,yc_slug_inference,mineflow,https://www.crunchbase.com/organization/mineflow,
13241,Mini Exhibitions,mini-exhibitions,Winter 2020,Inactive,https://miniexhibitions.com/,https://www.ycombinator.com/companies/mini-exhibitions,yc_oss_current,false,unverified_candidate,yc_slug_inference,mini-exhibitions,https://www.crunchbase.com/organization/mini-exhibitions,
31453,Minicor,minicor,Spring 2026,Active,https://minicor.com,https://www.ycombinator.com/companies/minicor,yc_oss_current,false,unverified_candidate,yc_slug_inference,minicor,https://www.crunchbase.com/organization/minicor,
30725,Minimal AI,minimal-ai,Summer 2025,Active,https://gominimal.ai/,https://www.ycombinator.com/companies/minimal-ai,yc_oss_current,false,unverified_candidate,yc_slug_inference,minimal-ai,https://www.crunchbase.com/organization/minimal-ai,
30978,Miniswap,miniswap,Fall 2025,Active,https://miniswap.gg/,https://www.ycombinator.com/companies/miniswap,yc_oss_current,false,unverified_candidate,yc_slug_inference,miniswap,https://www.crunchbase.com/organization/miniswap,
30874,Minro,minro,Fall 2025,Active,https://minro.com/,https://www.ycombinator.com/companies/minro,yc_oss_current,false,unverified_candidate,yc_slug_inference,minro,https://www.crunchbase.com/organization/minro,
29687,MinusX,minusx,Summer 2024,Active,https://minusx.ai,https://www.ycombinator.com/companies/minusx,yc_oss_current,false,unverified_candidate,yc_slug_inference,minusx,https://www.crunchbase.com/organization/minusx,
12849,Mipos.dev,mipos-dev,Summer 2019,Inactive,http://www.mipos.dev,https://www.ycombinator.com/companies/mipos-dev,yc_oss_current,false,unverified_candidate,yc_slug_inference,mipos-dev,https://www.crunchbase.com/organization/mipos-dev,
31091,Mirabelle,mirabelle,Winter 2026,Active,https://meetmirabelle.com,https://www.ycombinator.com/companies/mirabelle,yc_oss_current,false,unverified_candidate,yc_slug_inference,mirabelle,https://www.crunchbase.com/organization/mirabelle,
33052,Mireye,mireye,Summer 2026,Active,https://www.mireye.com/,https://www.ycombinator.com/companies/mireye,yc_oss_current,false,unverified_candidate,yc_slug_inference,mireye,https://www.crunchbase.com/organization/mireye,
29569,Miru,miru-ml,Summer 2024,Active,https://www.mirurobotics.com,https://www.ycombinator.com/companies/miru-ml,yc_oss_current,false,unverified_candidate,yc_slug_inference,miru-ml,https://www.crunchbase.com/organization/miru-ml,
30723,Miso Labs,miso-labs,Spring 2026,Active,https://misolabs.ai,https://www.ycombinator.com/companies/miso-labs,yc_oss_current,false,unverified_candidate,yc_slug_inference,miso-labs,https://www.crunchbase.com/organization/miso-labs,
30302,Misprint,misprint,Winter 2025,Active,https://www.misprint.com,https://www.ycombinator.com/companies/misprint,yc_oss_current,false,unverified_candidate,yc_slug_inference,misprint,https://www.crunchbase.com/organization/misprint,
22126,Mito,mito,Summer 2020,Active,http://trymito.io,https://www.ycombinator.com/companies/mito,yc_oss_current,false,unverified_candidate,yc_slug_inference,mito,https://www.crunchbase.com/organization/mito,
24405,Mixr,mixr,Summer 2021,Inactive,https://mixronline.com,https://www.ycombinator.com/companies/mixr,yc_oss_current,false,unverified_candidate,yc_slug_inference,mixr,https://www.crunchbase.com/organization/mixr,
110,MixRank,mixrank,Summer 2011,Active,https://mixrank.com,https://www.ycombinator.com/companies/mixrank,yc_oss_current,false,unverified_candidate,yc_slug_inference,mixrank,https://www.crunchbase.com/organization/mixrank,
315,Mixwit,mixwit,Winter 2008,Inactive,http://cloud.tv,https://www.ycombinator.com/companies/mixwit,yc_oss_current,false,unverified_candidate,yc_slug_inference,mixwit,https://www.crunchbase.com/organization/mixwit,
30812,Mixy,mixy,Fall 2025,Active,https://usemixy.com,https://www.ycombinator.com/companies/mixy,yc_oss_current,false,unverified_candidate,yc_slug_inference,mixy,https://www.crunchbase.com/organization/mixy,
30299,Miyagi Labs,miyagi-labs,Winter 2025,Active,https://miyagilabs.ai,https://www.ycombinator.com/companies/miyagi-labs,yc_oss_current,false,unverified_candidate,yc_slug_inference,miyagi-labs,https://www.crunchbase.com/organization/miyagi-labs,
24100,MobileBoost,mobileboost,Summer 2021,Active,https://www.mobileboost.io/yc,https://www.ycombinator.com/companies/mobileboost,yc_oss_current,false,unverified_candidate,yc_slug_inference,mobileboost,https://www.crunchbase.com/organization/mobileboost,
22217,Mobius Materials,mobius-materials,Summer 2020,Active,https://www.mobiusmaterials.com,https://www.ycombinator.com/companies/mobius-materials,yc_oss_current,false,unverified_candidate,yc_slug_inference,mobius-materials,https://www.crunchbase.com/organization/mobius-materials,
30531,Moby Analytics,moby-analytics,Spring 2025,Active,https://www.mobyanalytics.com/,https://www.ycombinator.com/companies/moby-analytics,yc_oss_current,false,unverified_candidate,yc_slug_inference,moby-analytics,https://www.crunchbase.com/organization/moby-analytics,
29115,Mocha,mocha,Summer 2023,Acquired,https://getmocha.com,https://www.ycombinator.com/companies/mocha,yc_oss_current,false,unverified_candidate,yc_slug_inference,mocha,https://www.crunchbase.com/organization/mocha,
31269,MochaCare,mochacare,Winter 2026,Active,https://www.mochacare.com/,https://www.ycombinator.com/companies/mochacare,yc_oss_current,false,unverified_candidate,yc_slug_inference,mochacare,https://www.crunchbase.com/organization/mochacare,
31529,Mochatrade,mochatrade,Spring 2026,Active,https://www.mochatrade.com,https://www.ycombinator.com/companies/mochatrade,yc_oss_current,false,unverified_candidate,yc_slug_inference,mochatrade,https://www.crunchbase.com/organization/mochatrade,
32205,MOCHI.TV,mochitv,Summer 2026,Active,https://www.mochi.tv/,https://www.ycombinator.com/companies/mochitv,yc_oss_current,false,unverified_candidate,yc_slug_inference,mochitv,https://www.crunchbase.com/organization/mochitv,
31252,Moda,moda,Winter 2026,Active,https://moda.dev,https://www.ycombinator.com/companies/moda,yc_oss_current,false,unverified_candidate,yc_slug_inference,moda,https://www.crunchbase.com/organization/moda,
29410,Model ML,model-ml,Winter 2024,Active,https://www.modelml.com/,https://www.ycombinator.com/companies/model-ml,yc_oss_current,false,unverified_candidate,yc_slug_inference,model-ml,https://www.crunchbase.com/organization/model-ml,
31545,Modern,modern,Spring 2026,Active,https://getmodern.ai,https://www.ycombinator.com/companies/modern,yc_oss_current,false,unverified_candidate,yc_slug_inference,modern,https://www.crunchbase.com/organization/modern,
13309,Modernbanc,modernbanc,Winter 2020,Active,https://modernbanc.com,https://www.ycombinator.com/companies/modernbanc,yc_oss_current,false,unverified_candidate,yc_slug_inference,modernbanc,https://www.crunchbase.com/organization/modernbanc,
28205,Modulari-T,modulari-t,Winter 2023,Active,https://modularit.bio,https://www.ycombinator.com/companies/modulari-t,yc_oss_current,false,unverified_candidate,yc_slug_inference,modulari-t,https://www.crunchbase.com/organization/modulari-t,
29704,Modus,modus,Summer 2024,Active,https://himodus.com,https://www.ycombinator.com/companies/modus,yc_oss_current,false,unverified_candidate,yc_slug_inference,modus,https://www.crunchbase.com/organization/modus,
12526,MoFE,mofe,Summer 2019,Inactive,https://mofe.co/,https://www.ycombinator.com/companies/mofe,yc_oss_current,false,unverified_candidate,yc_slug_inference,mofe,https://www.crunchbase.com/organization/mofe,
27424,Mogara,mogara,Winter 2023,Inactive,https://mogara.com,https://www.ycombinator.com/companies/mogara,yc_oss_current,false,unverified_candidate,yc_slug_inference,mogara,https://www.crunchbase.com/organization/mogara,
22700,Moichor,moichor,Winter 2021,Active,https://moichor.com/,https://www.ycombinator.com/companies/moichor,yc_oss_current,false,unverified_candidate,yc_slug_inference,moichor,https://www.crunchbase.com/organization/moichor,
1835,Mojo,mojo,Winter 2018,Acquired,https://mojo-app.com,https://www.ycombinator.com/companies/mojo,yc_oss_current,false,unverified_candidate,yc_slug_inference,mojo,https://www.crunchbase.com/organization/mojo,
32521,Molagri,molagri,Summer 2026,Active,https://molagri.com,https://www.ycombinator.com/companies/molagri,yc_oss_current,false,unverified_candidate,yc_slug_inference,molagri,https://www.crunchbase.com/organization/molagri,
1971,Molecular Reality,,S18,Active,http://www.molecularreality.com,,radema_historical,true,unverified_candidate,company_name_inference,molecular-reality,https://www.crunchbase.com/organization/molecular-reality,
21787,Momence,momence,Summer 2020,Acquired,https://momence.com,https://www.ycombinator.com/companies/momence,yc_oss_current,false,unverified_candidate,yc_slug_inference,momence,https://www.crunchbase.com/organization/momence,
30640,Monarcha,monarcha,Summer 2025,Active,https://monarcha.ai,https://www.ycombinator.com/companies/monarcha,yc_oss_current,false,unverified_candidate,yc_slug_inference,monarcha,https://www.crunchbase.com/organization/monarcha,
26727,Moneco,moneco,Summer 2022,Active,https://moneco.app/,https://www.ycombinator.com/companies/moneco,yc_oss_current,false,unverified_candidate,yc_slug_inference,moneco,https://www.crunchbase.com/organization/moneco,
21858,Monosi,monosi,Summer 2020,Inactive,https://monosi.dev,https://www.ycombinator.com/companies/monosi,yc_oss_current,false,unverified_candidate,yc_slug_inference,monosi,https://www.crunchbase.com/organization/monosi,
30352,Monte,monte,Summer 2025,Active,https://trymonte.ai,https://www.ycombinator.com/companies/monte,yc_oss_current,false,unverified_candidate,yc_slug_inference,monte,https://www.crunchbase.com/organization/monte,
27174,Monterey AI,monterey-ai,Summer 2022,Acquired,http://www.monterey.ai,https://www.ycombinator.com/companies/monterey-ai,yc_oss_current,false,unverified_candidate,yc_slug_inference,monterey-ai,https://www.crunchbase.com/organization/monterey-ai,
24248,Monto,monto,Summer 2021,Active,https://www.monto.mx/,https://www.ycombinator.com/companies/monto,yc_oss_current,false,unverified_candidate,yc_slug_inference,monto,https://www.crunchbase.com/organization/monto,
28415,moonrepo,moonrepo,Winter 2023,Inactive,https://moonrepo.dev,https://www.ycombinator.com/companies/moonrepo,yc_oss_current,false,unverified_candidate,yc_slug_inference,moonrepo,https://www.crunchbase.com/organization/moonrepo,
30029,Moonset Health,moonset-health,Fall 2024,Active,https://www.moonsethealth.com/,https://www.ycombinator.com/companies/moonset-health,yc_oss_current,false,unverified_candidate,yc_slug_inference,moonset-health,https://www.crunchbase.com/organization/moonset-health,
30079,Moonshine,moonshine,Fall 2024,Active,https://usemoonshine.com,https://www.ycombinator.com/companies/moonshine,yc_oss_current,false,unverified_candidate,yc_slug_inference,moonshine,https://www.crunchbase.com/organization/moonshine,
23304,Moonshot Brands,moonshot-brands,Winter 2021,Inactive,http://moonshotbrands.com,https://www.ycombinator.com/companies/moonshot-brands,yc_oss_current,false,unverified_candidate,yc_slug_inference,moonshot-brands,https://www.crunchbase.com/organization/moonshot-brands,
25279,Moots,moots,Winter 2022,Active,https://www.moots.ai/,https://www.ycombinator.com/companies/moots,yc_oss_current,false,unverified_candidate,yc_slug_inference,moots,https://www.crunchbase.com/organization/moots,
23261,Morada Uno,morada-uno,Winter 2021,Active,http://www.moradauno.com.mx,https://www.ycombinator.com/companies/morada-uno,yc_oss_current,false,unverified_candidate,yc_slug_inference,morada-uno,https://www.crunchbase.com/organization/morada-uno,
29829,Moreta,moreta,Summer 2024,Active,https://moretapay.com,https://www.ycombinator.com/companies/moreta,yc_oss_current,false,unverified_candidate,yc_slug_inference,moreta,https://www.crunchbase.com/organization/moreta,
27269,Morf Health,morf-health,Summer 2022,Active,https://morf.health,https://www.ycombinator.com/companies/morf-health,yc_oss_current,false,unverified_candidate,yc_slug_inference,morf-health,https://www.crunchbase.com/organization/morf-health,
31146,Moritz,moritz,Winter 2026,Active,http://moritzlegal.com/,https://www.ycombinator.com/companies/moritz,yc_oss_current,false,unverified_candidate,yc_slug_inference,moritz,https://www.crunchbase.com/organization/moritz,
29120,Morph,morph,Summer 2023,Active,https://morphllm.com,https://www.ycombinator.com/companies/morph,yc_oss_current,false,unverified_candidate,yc_slug_inference,morph,https://www.crunchbase.com/organization/morph,
30512,MorphoAI,morphoai,Spring 2025,Active,https://morpho.ai/,https://www.ycombinator.com/companies/morphoai,yc_oss_current,false,unverified_candidate,yc_slug_inference,morphoai,https://www.crunchbase.com/organization/morphoai,
30244,Mosaic,mosaic-2,Winter 2025,Active,https://mosaic.so,https://www.ycombinator.com/companies/mosaic-2,yc_oss_current,false,unverified_candidate,yc_slug_inference,mosaic-2,https://www.crunchbase.com/organization/mosaic-2,
32201,Mosaic,mosaic-inc,Summer 2026,Active,https://mosaic.inc,https://www.ycombinator.com/companies/mosaic-inc,yc_oss_current,false,unverified_candidate,yc_slug_inference,mosaic-inc,https://www.crunchbase.com/organization/mosaic-inc,
25558,MosaicVoice,mosaicvoice,Winter 2022,Active,https://mosaicvoice.ai/,https://www.ycombinator.com/companies/mosaicvoice,yc_oss_current,false,unverified_candidate,yc_slug_inference,mosaicvoice,https://www.crunchbase.com/organization/mosaicvoice,
31008,Moss,moss,Fall 2025,Active,https://moss.dev,https://www.ycombinator.com/companies/moss,yc_oss_current,false,unverified_candidate,yc_slug_inference,moss,https://www.crunchbase.com/organization/moss,
31341,Most Robotic,most-robotic,Summer 2026,Active,https://mostrobotic.com/,https://www.ycombinator.com/companies/most-robotic,yc_oss_current,false,unverified_candidate,yc_slug_inference,most-robotic,https://www.crunchbase.com/organization/most-robotic,
12871,Motion,motion,Winter 2020,Active,https://www.usemotion.com/,https://www.ycombinator.com/companies/motion,yc_oss_current,false,unverified_candidate,yc_slug_inference,motion,https://www.crunchbase.com/organization/motion,
30713,Motives,motives,Summer 2025,Active,https://motives.ai/,https://www.ycombinator.com/companies/motives,yc_oss_current,false,unverified_candidate,yc_slug_inference,motives,https://www.crunchbase.com/organization/motives,
31440,Mount,mount,Spring 2026,Active,https://mount.insure,https://www.ycombinator.com/companies/mount,yc_oss_current,false,unverified_candidate,yc_slug_inference,mount,https://www.crunchbase.com/organization/mount,
31132,MouseCat,mousecat,Winter 2026,Active,https://www.mousecat.ai,https://www.ycombinator.com/companies/mousecat,yc_oss_current,false,unverified_candidate,yc_slug_inference,mousecat,https://www.crunchbase.com/organization/mousecat,
30849,MOVEdot,movedot,Fall 2025,Active,https://www.movedot.ai/,https://www.ycombinator.com/companies/movedot,yc_oss_current,false,unverified_candidate,yc_slug_inference,movedot,https://www.crunchbase.com/organization/movedot,
32752,Moving Atoms,moving-atoms,Summer 2026,Active,https://movingatoms.ai/,https://www.ycombinator.com/companies/moving-atoms,yc_oss_current,false,unverified_candidate,yc_slug_inference,moving-atoms,https://www.crunchbase.com/organization/moving-atoms,
24700,Moving Parts,moving-parts,Summer 2021,Inactive,https://movingparts.io,https://www.ycombinator.com/companies/moving-parts,yc_oss_current,false,unverified_candidate,yc_slug_inference,moving-parts,https://www.crunchbase.com/organization/moving-parts,
27177,MovingLake,movinglake,Summer 2022,Active,https://movinglake.com,https://www.ycombinator.com/companies/movinglake,yc_oss_current,false,unverified_candidate,yc_slug_inference,movinglake,https://www.crunchbase.com/organization/movinglake,
22248,Mozart Data,mozart-data,Summer 2020,Active,http://www.mozartdata.com,https://www.ycombinator.com/companies/mozart-data,yc_oss_current,false,unverified_candidate,yc_slug_inference,mozart-data,https://www.crunchbase.com/organization/mozart-data,
12583,Muddy,muddy,Summer 2019,Inactive,https://feelmuddy.com,https://www.ycombinator.com/companies/muddy,yc_oss_current,false,unverified_candidate,yc_slug_inference,muddy,https://www.crunchbase.com/organization/muddy,
28048,Muffin Data,muffin-data,Winter 2023,Acquired,http://www.muffindata.com,https://www.ycombinator.com/companies/muffin-data,yc_oss_current,false,unverified_candidate,yc_slug_inference,muffin-data,https://www.crunchbase.com/organization/muffin-data,
27702,Mulligan,mulligan,Winter 2023,Acquired,https://insurestack.ai/,https://www.ycombinator.com/companies/mulligan,yc_oss_current,false,unverified_candidate,yc_slug_inference,mulligan,https://www.crunchbase.com/organization/mulligan,
30896,Multifactor,multifactor,Fall 2025,Active,https://multifactor.com,https://www.ycombinator.com/companies/multifactor,yc_oss_current,false,unverified_candidate,yc_slug_inference,multifactor,https://www.crunchbase.com/organization/multifactor,
31343,Multiplier,multiplier,Spring 2026,Active,https://multiplier.ai,https://www.ycombinator.com/companies/multiplier,yc_oss_current,false,unverified_candidate,yc_slug_inference,multiplier,https://www.crunchbase.com/organization/multiplier,
12835,Multis,multis,Summer 2019,Inactive,https://multis.com/,https://www.ycombinator.com/companies/multis,yc_oss_current,false,unverified_candidate,yc_slug_inference,multis,https://www.crunchbase.com/organization/multis,
13223,Multiverse,multiverse,Winter 2020,Inactive,http://www.playmultiverse.com,https://www.ycombinator.com/companies/multiverse,yc_oss_current,false,unverified_candidate,yc_slug_inference,multiverse,https://www.crunchbase.com/organization/multiverse,
30271,Mundo AI,mundo-ai,Winter 2025,Active,https://mundoai.world,https://www.ycombinator.com/companies/mundo-ai,yc_oss_current,false,unverified_candidate,yc_slug_inference,mundo-ai,https://www.crunchbase.com/organization/mundo-ai,
30786,Munify,munify,Summer 2025,Active,https://munify.ai,https://www.ycombinator.com/companies/munify,yc_oss_current,false,unverified_candidate,yc_slug_inference,munify,https://www.crunchbase.com/organization/munify,
25831,mutable.ai,mutable-ai,Winter 2022,Acquired,https://mutable.ai,https://www.ycombinator.com/companies/mutable-ai,yc_oss_current,false,unverified_candidate,yc_slug_inference,mutable-ai,https://www.crunchbase.com/organization/mutable-ai,
23568,My NextDerma,my-nextderma,Winter 2021,Active,https://mynextderma.com,https://www.ycombinator.com/companies/my-nextderma,yc_oss_current,false,unverified_candidate,yc_slug_inference,my-nextderma,https://www.crunchbase.com/organization/my-nextderma,
12728,MyPetrolPump,mypetrolpump,Summer 2019,Acquired,https://mypetrolpump.com/,https://www.ycombinator.com/companies/mypetrolpump,yc_oss_current,false,unverified_candidate,yc_slug_inference,mypetrolpump,https://www.crunchbase.com/organization/mypetrolpump,
25518,MySivi,mysivi,Winter 2022,Active,https://www.mysivi.ai/,https://www.ycombinator.com/companies/mysivi,yc_oss_current,false,unverified_candidate,yc_slug_inference,mysivi,https://www.crunchbase.com/organization/mysivi,
1617,Mystery.org,mystery-org,Summer 2017,Acquired,https://mystery.org,https://www.ycombinator.com/companies/mystery-org,yc_oss_current,false,unverified_candidate,yc_slug_inference,mystery-org,https://www.crunchbase.com/organization/mystery-org,
23185,Mythia,mythia,Winter 2021,Inactive,https://,https://www.ycombinator.com/companies/mythia,yc_oss_current,false,unverified_candidate,yc_slug_inference,mythia,https://www.crunchbase.com/organization/mythia,
21992,Nabla Bio,nabla-bio,Summer 2020,Active,https://www.nabla.bio,https://www.ycombinator.com/companies/nabla-bio,yc_oss_current,false,unverified_candidate,yc_slug_inference,nabla-bio,https://www.crunchbase.com/organization/nabla-bio,
12741,Namaste Business,namaste-business,Summer 2019,Inactive,https://mynamaste.in,https://www.ycombinator.com/companies/namaste-business,yc_oss_current,false,unverified_candidate,yc_slug_inference,namaste-business,https://www.crunchbase.com/organization/namaste-business,
26819,Namecard.ai,namecard-ai,Summer 2022,Active,https://namecard.ai/,https://www.ycombinator.com/companies/namecard-ai,yc_oss_current,false,unverified_candidate,yc_slug_inference,namecard-ai,https://www.crunchbase.com/organization/namecard-ai,
27728,Nango,nango,Winter 2023,Active,https://nango.dev,https://www.ycombinator.com/companies/nango,yc_oss_current,false,unverified_candidate,yc_slug_inference,nango,https://www.crunchbase.com/organization/nango,
29051,Nanograb,nanograb,Summer 2023,Active,https://nanograb.com,https://www.ycombinator.com/companies/nanograb,yc_oss_current,false,unverified_candidate,yc_slug_inference,nanograb,https://www.crunchbase.com/organization/nanograb,
31427,Napkin Math,napkin-math,Spring 2026,Active,https://napkinmath.club,https://www.ycombinator.com/companies/napkin-math,yc_oss_current,false,unverified_candidate,yc_slug_inference,napkin-math,https://www.crunchbase.com/organization/napkin-math,
26052,Nara,nara,Winter 2022,Acquired,https://trynara.com,https://www.ycombinator.com/companies/nara,yc_oss_current,false,unverified_candidate,yc_slug_inference,nara,https://www.crunchbase.com/organization/nara,
27814,Narrative,narrative,Winter 2023,Active,https://www.trynarrative.com/,https://www.ycombinator.com/companies/narrative,yc_oss_current,false,unverified_candidate,yc_slug_inference,narrative,https://www.crunchbase.com/organization/narrative,
30950,Narrative,usenarrative,Fall 2025,Active,http://www.narrative-sports.com,https://www.ycombinator.com/companies/usenarrative,yc_oss_current,false,unverified_candidate,yc_slug_inference,usenarrative,https://www.crunchbase.com/organization/usenarrative,
24627,Nasdisc,nasdisc,Summer 2021,Acquired,https://www.nasdisc.com,https://www.ycombinator.com/companies/nasdisc,yc_oss_current,false,unverified_candidate,yc_slug_inference,nasdisc,https://www.crunchbase.com/organization/nasdisc,
24876,Nash,nash,Summer 2021,Active,https://www.usenash.com/,https://www.ycombinator.com/companies/nash,yc_oss_current,false,unverified_candidate,yc_slug_inference,nash,https://www.crunchbase.com/organization/nash,
25758,Nash,nash-2,Winter 2022,Active,https://getnashglobal.com/,https://www.ycombinator.com/companies/nash-2,yc_oss_current,false,unverified_candidate,yc_slug_inference,nash-2,https://www.crunchbase.com/organization/nash-2,
30733,Nautilus,nautilus,Summer 2025,Active,https://nautilus.co,https://www.ycombinator.com/companies/nautilus,yc_oss_current,false,unverified_candidate,yc_slug_inference,nautilus,https://www.crunchbase.com/organization/nautilus,
29183,Navier AI,navier-ai,Winter 2024,Active,http://navier.ai,https://www.ycombinator.com/companies/navier-ai,yc_oss_current,false,unverified_candidate,yc_slug_inference,navier-ai,https://www.crunchbase.com/organization/navier-ai,
29266,nCompass Technologies,ncompass-technologies,Winter 2024,Active,https://www.ncompass.tech,https://www.ycombinator.com/companies/ncompass-technologies,yc_oss_current,false,unverified_candidate,yc_slug_inference,ncompass-technologies,https://www.crunchbase.com/organization/ncompass-technologies,
31019,Ndea,ndea-com,Winter 2026,Active,https://ndea.com,https://www.ycombinator.com/companies/ndea-com,yc_oss_current,false,unverified_candidate,yc_slug_inference,ndea-com,https://www.crunchbase.com/organization/ndea-com,
25650,NearWave,nearwave,Winter 2022,Active,http://nearwave.co,https://www.ycombinator.com/companies/nearwave,yc_oss_current,false,unverified_candidate,yc_slug_inference,nearwave,https://www.crunchbase.com/organization/nearwave,
32138,Nebula Security,nebula-security,Summer 2026,Active,https://nebusec.ai,https://www.ycombinator.com/companies/nebula-security,yc_oss_current,false,unverified_candidate,yc_slug_inference,nebula-security,https://www.crunchbase.com/organization/nebula-security,
11968,Nebullam (DBA Clayton Farms),nebullam-dba-clayton-farms,Winter 2019,Active,http://ClaytonFarms.com,https://www.ycombinator.com/companies/nebullam-dba-clayton-farms,yc_oss_current,false,unverified_candidate,yc_slug_inference,nebullam-dba-clayton-farms,https://www.crunchbase.com/organization/nebullam-dba-clayton-farms,
28745,Nectar,nectar,Summer 2023,Active,https://nectarclimate.com,https://www.ycombinator.com/companies/nectar,yc_oss_current,false,unverified_candidate,yc_slug_inference,nectar,https://www.crunchbase.com/organization/nectar,
24095,Neodocs,neodocs,Summer 2021,Active,https://www.neodocs.in,https://www.ycombinator.com/companies/neodocs,yc_oss_current,false,unverified_candidate,yc_slug_inference,neodocs,https://www.crunchbase.com/organization/neodocs,
30423,neoncoral,neoncoral,Spring 2025,Active,http://neoncoral.inc,https://www.ycombinator.com/companies/neoncoral,yc_oss_current,false,unverified_candidate,yc_slug_inference,neoncoral,https://www.crunchbase.com/organization/neoncoral,
26872,Neosync,neosync,Summer 2022,Acquired,https://neosync.dev,https://www.ycombinator.com/companies/neosync,yc_oss_current,false,unverified_candidate,yc_slug_inference,neosync,https://www.crunchbase.com/organization/neosync,
30880,Nessie,nessie,Fall 2025,Active,https://nessielabs.com/,https://www.ycombinator.com/companies/nessie,yc_oss_current,false,unverified_candidate,yc_slug_inference,nessie,https://www.crunchbase.com/organization/nessie,
25350,Nest Genomics,nest-genomics,Winter 2022,Active,https://nestgenomics.com,https://www.ycombinator.com/companies/nest-genomics,yc_oss_current,false,unverified_candidate,yc_slug_inference,nest-genomics,https://www.crunchbase.com/organization/nest-genomics,
22238,Nestybox,nestybox,Summer 2020,Acquired,https://www.nestybox.com,https://www.ycombinator.com/companies/nestybox,yc_oss_current,false,unverified_candidate,yc_slug_inference,nestybox,https://www.crunchbase.com/organization/nestybox,
1393,NetClick Inc.,,IK12,Inactive,https://www.netclick.me,,radema_historical,true,unverified_candidate,company_name_inference,netclick-inc,https://www.crunchbase.com/organization/netclick-inc,
31221,Netter,netter,Spring 2026,Active,https://netter.ai,https://www.ycombinator.com/companies/netter,yc_oss_current,false,unverified_candidate,yc_slug_inference,netter,https://www.crunchbase.com/organization/netter,
29663,NetworkOcean,networkocean,Summer 2024,Active,https://networkocean.io/,https://www.ycombinator.com/companies/networkocean,yc_oss_current,false,unverified_candidate,yc_slug_inference,networkocean,https://www.crunchbase.com/organization/networkocean,
32716,Neuromorphic,neuromorphic,Summer 2026,Active,https://www.neuromorphic.vision/,https://www.ycombinator.com/companies/neuromorphic,yc_oss_current,false,unverified_candidate,yc_slug_inference,neuromorphic,https://www.crunchbase.com/organization/neuromorphic,
32717,Neuron Industries,neuron-industries,Summer 2026,Active,https://neuronindustries.com,https://www.ycombinator.com/companies/neuron-industries,yc_oss_current,false,unverified_candidate,yc_slug_inference,neuron-industries,https://www.crunchbase.com/organization/neuron-industries,
22600,Neverland,neverland,Winter 2021,Inactive,http://www.enterneverland.com/,https://www.ycombinator.com/companies/neverland,yc_oss_current,false,unverified_candidate,yc_slug_inference,neverland,https://www.crunchbase.com/organization/neverland,
869,New Story,new-story,Summer 2015,Active,http://newstoryhomes.org,https://www.ycombinator.com/companies/new-story,yc_oss_current,false,unverified_candidate,yc_slug_inference,new-story,https://www.crunchbase.com/organization/new-story,
1654,Newfront,newfront-insurance,Winter 2018,Acquired,https://www.newfront.com/,https://www.ycombinator.com/companies/newfront-insurance,yc_oss_current,false,unverified_candidate,yc_slug_inference,newfront-insurance,https://www.crunchbase.com/organization/newfront-insurance,
26860,NewsCatcher,newscatcher,Summer 2022,Active,https://newscatcherapi.com/,https://www.ycombinator.com/companies/newscatcher,yc_oss_current,false,unverified_candidate,yc_slug_inference,newscatcher,https://www.crunchbase.com/organization/newscatcher,
29259,Newton,newton,Winter 2024,Active,https://joinnewton.com,https://www.ycombinator.com/companies/newton,yc_oss_current,false,unverified_candidate,yc_slug_inference,newton,https://www.crunchbase.com/organization/newton,
33342,Nex,nex,Summer 2026,Active,https://nex.ai,https://www.ycombinator.com/companies/nex,yc_oss_current,false,unverified_candidate,yc_slug_inference,nex,https://www.crunchbase.com/organization/nex,
30673,Nexa Labs,nexa-labs,Summer 2025,Acquired,https://nexa.farm/,https://www.ycombinator.com/companies/nexa-labs,yc_oss_current,false,unverified_candidate,yc_slug_inference,nexa-labs,https://www.crunchbase.com/organization/nexa-labs,
1427,Next Tech,,IK12,Active,https://next.tech,,radema_historical,true,unverified_candidate,company_name_inference,next-tech,https://www.crunchbase.com/organization/next-tech,
1704,NextDrop,nextdrop,Summer 2017,Inactive,https://thenextdrop.com/,https://www.ycombinator.com/companies/nextdrop,yc_oss_current,false,unverified_candidate,yc_slug_inference,nextdrop,https://www.crunchbase.com/organization/nextdrop,
21969,Nextera Robotics | DIDGE.ai,nextera-robotics-didgeai,Summer 2020,Active,https://nexterarobotics.com,https://www.ycombinator.com/companies/nextera-robotics-didgeai,yc_oss_current,false,unverified_candidate,yc_slug_inference,nextera-robotics-didgeai,https://www.crunchbase.com/organization/nextera-robotics-didgeai,
23632,NextPay,nextpay,Winter 2021,Active,https://nextpay.world,https://www.ycombinator.com/companies/nextpay,yc_oss_current,false,unverified_candidate,yc_slug_inference,nextpay,https://www.crunchbase.com/organization/nextpay,
22251,Nextstore,nextstore,Summer 2020,Inactive,https://nextstore.com,https://www.ycombinator.com/companies/nextstore,yc_oss_current,false,unverified_candidate,yc_slug_inference,nextstore,https://www.crunchbase.com/organization/nextstore,
24157,Nexus,nexus,Summer 2021,Inactive,https://nexushq.com,https://www.ycombinator.com/companies/nexus,yc_oss_current,false,unverified_candidate,yc_slug_inference,nexus,https://www.crunchbase.com/organization/nexus,
30852,Nexus,gpt,Fall 2025,Active,https://agent.nexus,https://www.ycombinator.com/companies/gpt,yc_oss_current,false,unverified_candidate,yc_slug_inference,gpt,https://www.crunchbase.com/organization/gpt,
30532,Nimbic AI,nimbic-ai,Spring 2025,Active,https://nimbic-ai.com,https://www.ycombinator.com/companies/nimbic-ai,yc_oss_current,false,unverified_candidate,yc_slug_inference,nimbic-ai,https://www.crunchbase.com/organization/nimbic-ai,
13302,Nimbus,nimbus,Winter 2020,Inactive,http://www.nimbus.green,https://www.ycombinator.com/companies/nimbus,yc_oss_current,false,unverified_candidate,yc_slug_inference,nimbus,https://www.crunchbase.com/organization/nimbus,
23000,Nimbus,nimbus-3,Winter 2021,Inactive,https://nimbus.dev,https://www.ycombinator.com/companies/nimbus-3,yc_oss_current,false,unverified_candidate,yc_slug_inference,nimbus-3,https://www.crunchbase.com/organization/nimbus-3,
31366,Nine Fives,nine-fives,Spring 2026,Active,https://ninefives.com/,https://www.ycombinator.com/companies/nine-fives,yc_oss_current,false,unverified_candidate,yc_slug_inference,nine-fives,https://www.crunchbase.com/organization/nine-fives,
24084,Nino Foods,nino-foods,Summer 2021,Inactive,https://eatnino.com/,https://www.ycombinator.com/companies/nino-foods,yc_oss_current,false,unverified_candidate,yc_slug_inference,nino-foods,https://www.crunchbase.com/organization/nino-foods,
24352,Nira Energy,nira-energy,Winter 2022,Active,https://www.niraenergy.com/,https://www.ycombinator.com/companies/nira-energy,yc_oss_current,false,unverified_candidate,yc_slug_inference,nira-energy,https://www.crunchbase.com/organization/nira-energy,
22840,Nirva,nirva,Winter 2021,Active,https://nirvahealth.com,https://www.ycombinator.com/companies/nirva,yc_oss_current,false,unverified_candidate,yc_slug_inference,nirva,https://www.crunchbase.com/organization/nirva,
30286,Nitrode,nitrode,Winter 2025,Active,https://www.nitrode.com,https://www.ycombinator.com/companies/nitrode,yc_oss_current,false,unverified_candidate,yc_slug_inference,nitrode,https://www.crunchbase.com/organization/nitrode,
30494,Nixo,nixo,Summer 2025,Active,https://withnixo.com/,https://www.ycombinator.com/companies/nixo,yc_oss_current,false,unverified_candidate,yc_slug_inference,nixo,https://www.crunchbase.com/organization/nixo,
27859,No Cap,no-cap,Winter 2023,Acquired,https://www.nocap.so,https://www.ycombinator.com/companies/no-cap,yc_oss_current,false,unverified_candidate,yc_slug_inference,no-cap,https://www.crunchbase.com/organization/no-cap,
1553,No Lean Season,no-lean-season,Winter 2017,Inactive,http://,https://www.ycombinator.com/companies/no-lean-season,yc_oss_current,false,unverified_candidate,yc_slug_inference,no-lean-season,https://www.crunchbase.com/organization/no-lean-season,
29853,No Logo,no-logo,Summer 2024,Active,https://nologo.com/,https://www.ycombinator.com/companies/no-logo,yc_oss_current,false,unverified_candidate,yc_slug_inference,no-logo,https://www.crunchbase.com/organization/no-logo,
1586,Nobell Foods,nobell-foods,Summer 2017,Active,http://www.nobellfoods.com,https://www.ycombinator.com/companies/nobell-foods,yc_oss_current,false,unverified_candidate,yc_slug_inference,nobell-foods,https://www.crunchbase.com/organization/nobell-foods,
22975,Noble,noble,Winter 2021,Inactive,https://benoble.io/,https://www.ycombinator.com/companies/noble,yc_oss_current,false,unverified_candidate,yc_slug_inference,noble,https://www.crunchbase.com/organization/noble,
30502,NODI Energy,nodi-energy,Spring 2025,Active,https://www.nodienergy.com,https://www.ycombinator.com/companies/nodi-energy,yc_oss_current,false,unverified_candidate,yc_slug_inference,nodi-energy,https://www.crunchbase.com/organization/nodi-energy,
22773,noHQ,nohq,Winter 2021,Inactive,https://nohq.com,https://www.ycombinator.com/companies/nohq,yc_oss_current,false,unverified_candidate,yc_slug_inference,nohq,https://www.crunchbase.com/organization/nohq,
13506,Nomic Bio,nomic-bio,Winter 2020,Active,http://www.nomic.bio,https://www.ycombinator.com/companies/nomic-bio,yc_oss_current,false,unverified_candidate,yc_slug_inference,nomic-bio,https://www.crunchbase.com/organization/nomic-bio,
24579,Nomod,nomod,Summer 2021,Active,https://nomod.com,https://www.ycombinator.com/companies/nomod,yc_oss_current,false,unverified_candidate,yc_slug_inference,nomod,https://www.crunchbase.com/organization/nomod,
12629,Nonu,nonu,Summer 2019,Inactive,https://nonucare.com/,https://www.ycombinator.com/companies/nonu,yc_oss_current,false,unverified_candidate,yc_slug_inference,nonu,https://www.crunchbase.com/organization/nonu,
30657,Nori,nori,Fall 2025,Active,https://nori.ai,https://www.ycombinator.com/companies/nori,yc_oss_current,false,unverified_candidate,yc_slug_inference,nori,https://www.crunchbase.com/organization/nori,
32553,Nori,noril1,Summer 2026,Active,http://norirobotics.com,https://www.ycombinator.com/companies/noril1,yc_oss_current,false,unverified_candidate,yc_slug_inference,noril1,https://www.crunchbase.com/organization/noril1,
30697,Normal,normal,Summer 2025,Active,https://www.normalfactory.com/,https://www.ycombinator.com/companies/normal,yc_oss_current,false,unverified_candidate,yc_slug_inference,normal,https://www.crunchbase.com/organization/normal,
30868,Norra,norra,Fall 2025,Active,https://www.norra.io,https://www.ycombinator.com/companies/norra,yc_oss_current,false,unverified_candidate,yc_slug_inference,norra,https://www.crunchbase.com/organization/norra,
475,North,north,Winter 2013,Acquired,https://www.bynorth.com,https://www.ycombinator.com/companies/north,yc_oss_current,false,unverified_candidate,yc_slug_inference,north,https://www.crunchbase.com/organization/north,
30795,NOSO LABS,noso-labs,Summer 2025,Active,https://noso.so,https://www.ycombinator.com/companies/noso-labs,yc_oss_current,false,unverified_candidate,yc_slug_inference,noso-labs,https://www.crunchbase.com/organization/noso-labs,
26779,Notebook Labs,notebook-labs,Summer 2022,Inactive,http://www.notebooklabs.xyz,https://www.ycombinator.com/companies/notebook-labs,yc_oss_current,false,unverified_candidate,yc_slug_inference,notebook-labs,https://www.crunchbase.com/organization/notebook-labs,
21813,Nototo,nototo,Summer 2020,Inactive,https://www.nototo.app,https://www.ycombinator.com/companies/nototo,yc_oss_current,false,unverified_candidate,yc_slug_inference,nototo,https://www.crunchbase.com/organization/nototo,
30409,Notus Autonomous Systems,notus-autonomous-systems,Spring 2025,Active,http://www.notussystems.com/,https://www.ycombinator.com/companies/notus-autonomous-systems,datahive_historical,true,unverified_candidate,yc_slug_inference,notus-autonomous-systems,https://www.crunchbase.com/organization/notus-autonomous-systems,
2002,Nova,nova-2,Summer 2018,Acquired,https://novahq.com,https://www.ycombinator.com/companies/nova-2,yc_oss_current,false,unverified_candidate,yc_slug_inference,nova-2,https://www.crunchbase.com/organization/nova-2,
24653,Novatr,novatr,Summer 2021,Active,https://www.novatr.com,https://www.ycombinator.com/companies/novatr,yc_oss_current,false,unverified_candidate,yc_slug_inference,novatr,https://www.crunchbase.com/organization/novatr,
21829,Novel,jumpstart,Summer 2020,Active,https://www.trynovel.com/,https://www.ycombinator.com/companies/jumpstart,yc_oss_current,false,unverified_candidate,yc_slug_inference,jumpstart,https://www.crunchbase.com/organization/jumpstart,
27696,Novelcare,novelcare,Winter 2023,Active,https://www.novel.care,https://www.ycombinator.com/companies/novelcare,yc_oss_current,false,unverified_candidate,yc_slug_inference,novelcare,https://www.crunchbase.com/organization/novelcare,
29119,Nowadays,nowadays,Summer 2023,Active,http://nowadays.ai/,https://www.ycombinator.com/companies/nowadays,yc_oss_current,false,unverified_candidate,yc_slug_inference,nowadays,https://www.crunchbase.com/organization/nowadays,
29515,NowHouse,nowhouse,Winter 2024,Active,https://www.nowhouse.io,https://www.ycombinator.com/companies/nowhouse,datahive_historical,true,unverified_candidate,yc_slug_inference,nowhouse,https://www.crunchbase.com/organization/nowhouse,
30818,Nox Metals,nox-metals,Summer 2025,Active,https://noxmetals.co/,https://www.ycombinator.com/companies/nox-metals,yc_oss_current,false,unverified_candidate,yc_slug_inference,nox-metals,https://www.crunchbase.com/organization/nox-metals,
22780,Noya,noya,Winter 2021,Inactive,https://noya.co,https://www.ycombinator.com/companies/noya,yc_oss_current,false,unverified_candidate,yc_slug_inference,noya,https://www.crunchbase.com/organization/noya,
27958,Noya Software,noya-software,Winter 2023,Active,https://noya.io,https://www.ycombinator.com/companies/noya-software,yc_oss_current,false,unverified_candidate,yc_slug_inference,noya-software,https://www.crunchbase.com/organization/noya-software,
27094,nsave,nsave,Summer 2022,Active,https://www.nsave.com,https://www.ycombinator.com/companies/nsave,yc_oss_current,false,unverified_candidate,yc_slug_inference,nsave,https://www.crunchbase.com/organization/nsave,
30933,Nucleo,nucleo,Fall 2025,Active,https://nucleoresearch.com/,https://www.ycombinator.com/companies/nucleo,yc_oss_current,false,unverified_candidate,yc_slug_inference,nucleo,https://www.crunchbase.com/organization/nucleo,
13076,Nugget,nugget,Winter 2020,Inactive,https://,https://www.ycombinator.com/companies/nugget,yc_oss_current,false,unverified_candidate,yc_slug_inference,nugget,https://www.crunchbase.com/organization/nugget,
30631,Null Labs,null-labs,Fall 2025,Active,https://n0labs.com,https://www.ycombinator.com/companies/null-labs,yc_oss_current,false,unverified_candidate,yc_slug_inference,null-labs,https://www.crunchbase.com/organization/null-labs,
28891,Numen,numen,Summer 2023,Active,https://www.numen.com,https://www.ycombinator.com/companies/numen,yc_oss_current,false,unverified_candidate,yc_slug_inference,numen,https://www.crunchbase.com/organization/numen,
27735,Numeral,numeral,Winter 2023,Active,https://www.numeral.com/,https://www.ycombinator.com/companies/numeral,yc_oss_current,false,unverified_candidate,yc_slug_inference,numeral,https://www.crunchbase.com/organization/numeral,
30643,Nuntius,nuntius,Summer 2025,Inactive,https://www.nuntius.ai,https://www.ycombinator.com/companies/nuntius,yc_oss_current,false,unverified_candidate,yc_slug_inference,nuntius,https://www.crunchbase.com/organization/nuntius,
23522,Nuntius Therapeutics,nuntius-therapeutics,Winter 2021,Active,http://www.nuntiustx.com,https://www.ycombinator.com/companies/nuntius-therapeutics,yc_oss_current,false,unverified_candidate,yc_slug_inference,nuntius-therapeutics,https://www.crunchbase.com/organization/nuntius-therapeutics,
27964,nunu.ai,nunu-ai,Winter 2023,Active,https://nunu.ai,https://www.ycombinator.com/companies/nunu-ai,yc_oss_current,false,unverified_candidate,yc_slug_inference,nunu-ai,https://www.crunchbase.com/organization/nunu-ai,
25358,Nyckel,nyckel,Winter 2022,Active,https://www.nyckel.com,https://www.ycombinator.com/companies/nyckel,yc_oss_current,false,unverified_candidate,yc_slug_inference,nyckel,https://www.crunchbase.com/organization/nyckel,
31230,o11,o11,Winter 2026,Active,https://o11.ai,https://www.ycombinator.com/companies/o11,yc_oss_current,false,unverified_candidate,yc_slug_inference,o11,https://www.crunchbase.com/organization/o11,
28853,Obento Health,obento-health,Summer 2023,Active,https://www.getobento.com,https://www.ycombinator.com/companies/obento-health,yc_oss_current,false,unverified_candidate,yc_slug_inference,obento-health,https://www.crunchbase.com/organization/obento-health,
12600,Obie,obie,Summer 2019,Acquired,http://www.ObieInsurance.com,https://www.ycombinator.com/companies/obie,yc_oss_current,false,unverified_candidate,yc_slug_inference,obie,https://www.crunchbase.com/organization/obie,
22698,Observa,observa,Winter 2021,Inactive,https://www.observa.com,https://www.ycombinator.com/companies/observa,yc_oss_current,false,unverified_candidate,yc_slug_inference,observa,https://www.crunchbase.com/organization/observa,
13672,Ochre Bio,ochre-bio,Winter 2020,Active,https://www.ochre-bio.com/,https://www.ycombinator.com/companies/ochre-bio,yc_oss_current,false,unverified_candidate,yc_slug_inference,ochre-bio,https://www.crunchbase.com/organization/ochre-bio,
31141,OctaPulse,octapulse,Winter 2026,Active,https://www.tryoctapulse.com/,https://www.ycombinator.com/companies/octapulse,yc_oss_current,false,unverified_candidate,yc_slug_inference,octapulse,https://www.crunchbase.com/organization/octapulse,
22797,OctiFi,octifi,Winter 2021,Acquired,https://www.octifi.com,https://www.ycombinator.com/companies/octifi,yc_oss_current,false,unverified_candidate,yc_slug_inference,octifi,https://www.crunchbase.com/organization/octifi,
29294,Octolane AI,octolane-ai,Winter 2024,Active,https://www.octolane.com,https://www.ycombinator.com/companies/octolane-ai,yc_oss_current,false,unverified_candidate,yc_slug_inference,octolane-ai,https://www.crunchbase.com/organization/octolane-ai,
13472,Oda,oda,Winter 2020,Active,https://www.odastudio.ai/?ref=yc,https://www.ycombinator.com/companies/oda,yc_oss_current,false,unverified_candidate,yc_slug_inference,oda,https://www.crunchbase.com/organization/oda,
31429,Oddpool,oddpool,Spring 2026,Active,https://www.oddpool.com,https://www.ycombinator.com/companies/oddpool,yc_oss_current,false,unverified_candidate,yc_slug_inference,oddpool,https://www.crunchbase.com/organization/oddpool,
29473,OddsView,oddsview,Winter 2024,Active,https://oddsview.com,https://www.ycombinator.com/companies/oddsview,yc_oss_current,false,unverified_candidate,yc_slug_inference,oddsview,https://www.crunchbase.com/organization/oddsview,
27965,Odigos Technologies Inc.,odigos-technologies-inc,Winter 2023,Active,https://odigos.io,https://www.ycombinator.com/companies/odigos-technologies-inc,yc_oss_current,false,unverified_candidate,yc_slug_inference,odigos-technologies-inc,https://www.crunchbase.com/organization/odigos-technologies-inc,
12911,Odin,odin,Summer 2019,Inactive,https://savewithodin.com/,https://www.ycombinator.com/companies/odin,yc_oss_current,false,unverified_candidate,yc_slug_inference,odin,https://www.crunchbase.com/organization/odin,
29795,Odo,odo,Summer 2024,Active,https://useodo.com/,https://www.ycombinator.com/companies/odo,yc_oss_current,false,unverified_candidate,yc_slug_inference,odo,https://www.crunchbase.com/organization/odo,
24053,ODWEN,odwen,Summer 2021,Active,https://www.odwen.co.in,https://www.ycombinator.com/companies/odwen,yc_oss_current,false,unverified_candidate,yc_slug_inference,odwen,https://www.crunchbase.com/organization/odwen,
23947,Odys Aviation,odys-aviation,Summer 2021,Active,https://www.odysaviation.com/,https://www.ycombinator.com/companies/odys-aviation,yc_oss_current,false,unverified_candidate,yc_slug_inference,odys-aviation,https://www.crunchbase.com/organization/odys-aviation,
26118,Offbeast,offbeast,Winter 2022,Active,https://www.offbeast.com,https://www.ycombinator.com/companies/offbeast,yc_oss_current,false,unverified_candidate,yc_slug_inference,offbeast,https://www.crunchbase.com/organization/offbeast,
29390,OffDeal,offdeal,Winter 2024,Active,https://offdeal.io,https://www.ycombinator.com/companies/offdeal,yc_oss_current,false,unverified_candidate,yc_slug_inference,offdeal,https://www.crunchbase.com/organization/offdeal,
1682,Officely,officely,Summer 2017,Active,https://getofficely.com/,https://www.ycombinator.com/companies/officely,yc_oss_current,false,unverified_candidate,yc_slug_inference,officely,https://www.crunchbase.com/organization/officely,
29675,Offstream,offstream,Summer 2024,Active,https://www.useoffstream.com/,https://www.ycombinator.com/companies/offstream,yc_oss_current,false,unverified_candidate,yc_slug_inference,offstream,https://www.crunchbase.com/organization/offstream,
27815,OfOne,ofone,Winter 2023,Acquired,https://www.of.one,https://www.ycombinator.com/companies/ofone,yc_oss_current,false,unverified_candidate,yc_slug_inference,ofone,https://www.crunchbase.com/organization/ofone,
27762,Ohm,ohm-2,Winter 2023,Active,https://www.ohm.ai,https://www.ycombinator.com/companies/ohm-2,yc_oss_current,false,unverified_candidate,yc_slug_inference,ohm-2,https://www.crunchbase.com/organization/ohm-2,
28794,Ohmic Biosciences,ohmic-biosciences,Summer 2023,Active,https://ohmicbiosciences.com/,https://www.ycombinator.com/companies/ohmic-biosciences,yc_oss_current,false,unverified_candidate,yc_slug_inference,ohmic-biosciences,https://www.crunchbase.com/organization/ohmic-biosciences,
21984,Oico,oico,Summer 2020,Inactive,https://en.oico.com.br/,https://www.ycombinator.com/companies/oico,yc_oss_current,false,unverified_candidate,yc_slug_inference,oico,https://www.crunchbase.com/organization/oico,
24254,Okani,okani,Summer 2021,Active,https://www.okani.care,https://www.ycombinator.com/companies/okani,yc_oss_current,false,unverified_candidate,yc_slug_inference,okani,https://www.crunchbase.com/organization/okani,
30242,Oki,oki,Winter 2025,Active,https://okihome.ai,https://www.ycombinator.com/companies/oki,yc_oss_current,false,unverified_candidate,yc_slug_inference,oki,https://www.crunchbase.com/organization/oki,
30768,Okibi,okibi,Summer 2025,Active,https://okibi.ai,https://www.ycombinator.com/companies/okibi,yc_oss_current,false,unverified_candidate,yc_slug_inference,okibi,https://www.crunchbase.com/organization/okibi,
731,Oklo,oklo,Summer 2014,Public,http://oklo.com,https://www.ycombinator.com/companies/oklo,yc_oss_current,false,unverified_candidate,yc_slug_inference,oklo,https://www.crunchbase.com/organization/oklo,
32130,Olam Labs,olam-labs,Summer 2026,Active,https://olamlabs.ai,https://www.ycombinator.com/companies/olam-labs,yc_oss_current,false,unverified_candidate,yc_slug_inference,olam-labs,https://www.crunchbase.com/organization/olam-labs,
25592,Ole,ole,Winter 2022,Inactive,https://www.oleshop.com/,https://www.ycombinator.com/companies/ole,yc_oss_current,false,unverified_candidate,yc_slug_inference,ole,https://www.crunchbase.com/organization/ole,
29128,Olio Labs,olio-labs,Summer 2023,Active,https://oliolabs.co/,https://www.ycombinator.com/companies/olio-labs,yc_oss_current,false,unverified_candidate,yc_slug_inference,olio-labs,https://www.crunchbase.com/organization/olio-labs,
30255,Olive,olive,Winter 2025,Active,https://fromolive.com,https://www.ycombinator.com/companies/olive,yc_oss_current,false,unverified_candidate,yc_slug_inference,olive,https://www.crunchbase.com/organization/olive,
29413,Oma Care,oma-care,Winter 2024,Active,https://www.omacare.com,https://www.ycombinator.com/companies/oma-care,yc_oss_current,false,unverified_candidate,yc_slug_inference,oma-care,https://www.crunchbase.com/organization/oma-care,
32623,Omanta,omanta,Summer 2026,Active,https://omanta.com/,https://www.ycombinator.com/companies/omanta,yc_oss_current,false,unverified_candidate,yc_slug_inference,omanta,https://www.crunchbase.com/organization/omanta,
30722,Omnara,omnara,Summer 2025,Active,https://omnara.com,https://www.ycombinator.com/companies/omnara,yc_oss_current,false,unverified_candidate,yc_slug_inference,omnara,https://www.crunchbase.com/organization/omnara,
21900,Omni,omni,Summer 2020,Acquired,https://addomni.com,https://www.ycombinator.com/companies/omni,yc_oss_current,false,unverified_candidate,yc_slug_inference,omni,https://www.crunchbase.com/organization/omni,
29822,omnidock,omnidock,Summer 2024,Active,https://www.omnidock.com,https://www.ycombinator.com/companies/omnidock,yc_oss_current,false,unverified_candidate,yc_slug_inference,omnidock,https://www.crunchbase.com/organization/omnidock,
25571,Omoi (formerly Azuki),azuki,Winter 2022,Active,https://www.omoi.com,https://www.ycombinator.com/companies/azuki,yc_oss_current,false,unverified_candidate,yc_slug_inference,azuki,https://www.crunchbase.com/organization/azuki,
30652,OnDeck AI,ondeck-ai,Summer 2025,Active,https://www.ondeckai.com,https://www.ycombinator.com/companies/ondeck-ai,yc_oss_current,false,unverified_candidate,yc_slug_inference,ondeck-ai,https://www.crunchbase.com/organization/ondeck-ai,
31081,One Robot,one-robot,Winter 2026,Active,https://www.onerobot.io/,https://www.ycombinator.com/companies/one-robot,yc_oss_current,false,unverified_candidate,yc_slug_inference,one-robot,https://www.crunchbase.com/organization/one-robot,
33320,OneCLI,onecli,Summer 2026,Active,https://onecli.sh,https://www.ycombinator.com/companies/onecli,yc_oss_current,false,unverified_candidate,yc_slug_inference,onecli,https://www.crunchbase.com/organization/onecli,
29312,OneGrep,onegrep,Winter 2024,Active,https://www.onegrep.dev,https://www.ycombinator.com/companies/onegrep,yc_oss_current,false,unverified_candidate,yc_slug_inference,onegrep,https://www.crunchbase.com/organization/onegrep,
22052,OneKey,onekey,Summer 2020,Inactive,https://getonekey.io,https://www.ycombinator.com/companies/onekey,yc_oss_current,false,unverified_candidate,yc_slug_inference,onekey,https://www.crunchbase.com/organization/onekey,
27162,Oneleet,oneleet,Summer 2022,Active,https://www.oneleet.com/?utm_source=yc&utm_medium=bookface,https://www.ycombinator.com/companies/oneleet,yc_oss_current,false,unverified_candidate,yc_slug_inference,oneleet,https://www.crunchbase.com/organization/oneleet,
27674,OneText,onetext,Winter 2023,Active,https://onetext.com,https://www.ycombinator.com/companies/onetext,yc_oss_current,false,unverified_candidate,yc_slug_inference,onetext,https://www.crunchbase.com/organization/onetext,
13310,onetool,onetool,Winter 2020,Inactive,https://onetool.co/,https://www.ycombinator.com/companies/onetool,yc_oss_current,false,unverified_candidate,yc_slug_inference,onetool,https://www.crunchbase.com/organization/onetool,
31074,OneTriangle,onetriangle,Summer 2026,Active,https://onetriangle.ai/,https://www.ycombinator.com/companies/onetriangle,yc_oss_current,false,unverified_candidate,yc_slug_inference,onetriangle,https://www.crunchbase.com/organization/onetriangle,
24544,Onfolk,onfolk,Summer 2021,Acquired,http://onfolk.com,https://www.ycombinator.com/companies/onfolk,yc_oss_current,false,unverified_candidate,yc_slug_inference,onfolk,https://www.crunchbase.com/organization/onfolk,
29999,Onlook,onlook,Winter 2025,Active,https://onlook.com/,https://www.ycombinator.com/companies/onlook,yc_oss_current,false,unverified_candidate,yc_slug_inference,onlook,https://www.crunchbase.com/organization/onlook,
27949,Onshore,onshore,Winter 2023,Active,https://onshore.com,https://www.ycombinator.com/companies/onshore,yc_oss_current,false,unverified_candidate,yc_slug_inference,onshore,https://www.crunchbase.com/organization/onshore,
31428,Ontora,ontora,Spring 2026,Active,https://ontora.com,https://www.ycombinator.com/companies/ontora,yc_oss_current,false,unverified_candidate,yc_slug_inference,ontora,https://www.crunchbase.com/organization/ontora,
29724,Ontra Mobility,ontra-mobility,Summer 2024,Active,https://www.ontramobility.com,https://www.ycombinator.com/companies/ontra-mobility,yc_oss_current,false,unverified_candidate,yc_slug_inference,ontra-mobility,https://www.crunchbase.com/organization/ontra-mobility,
29124,Onward,onward,Summer 2023,Inactive,https://,https://www.ycombinator.com/companies/onward,yc_oss_current,false,unverified_candidate,yc_slug_inference,onward,https://www.crunchbase.com/organization/onward,
29177,Onyx,onyx,Winter 2024,Active,https://www.onyx.app/,https://www.ycombinator.com/companies/onyx,yc_oss_current,false,unverified_candidate,yc_slug_inference,onyx,https://www.crunchbase.com/organization/onyx,
32554,Ooak Data,ooak-data,Summer 2026,Active,https://ooakdata.com/,https://www.ycombinator.com/companies/ooak-data,yc_oss_current,false,unverified_candidate,yc_slug_inference,ooak-data,https://www.crunchbase.com/organization/ooak-data,
31163,Opalite Health,opalite-health,Winter 2026,Active,http://opalitehealth.com/,https://www.ycombinator.com/companies/opalite-health,yc_oss_current,false,unverified_candidate,yc_slug_inference,opalite-health,https://www.crunchbase.com/organization/opalite-health,
29360,Open,open,Winter 2024,Active,https://open.cx,https://www.ycombinator.com/companies/open,yc_oss_current,false,unverified_candidate,yc_slug_inference,open,https://www.crunchbase.com/organization/open,
30033,Openbenchmarks,openbenchmarks,Fall 2024,Active,https://openbenchmarks.com,https://www.ycombinator.com/companies/openbenchmarks,yc_oss_current,false,unverified_candidate,yc_slug_inference,openbenchmarks,https://www.crunchbase.com/organization/openbenchmarks,
29394,Opencall,opencall,Winter 2024,Active,https://opencall.ai,https://www.ycombinator.com/companies/opencall,yc_oss_current,false,unverified_candidate,yc_slug_inference,opencall,https://www.crunchbase.com/organization/opencall,
22986,OpenCode,opencode,Winter 2021,Active,https://opencode.ai,https://www.ycombinator.com/companies/opencode,yc_oss_current,false,unverified_candidate,yc_slug_inference,opencode,https://www.crunchbase.com/organization/opencode,
29466,OpenFoundry,openfoundry,Winter 2024,Active,https://www.openfoundry.ai/,https://www.ycombinator.com/companies/openfoundry,yc_oss_current,false,unverified_candidate,yc_slug_inference,openfoundry,https://www.crunchbase.com/organization/openfoundry,
28096,OpenInt,openint,Winter 2023,Acquired,https://openint.dev,https://www.ycombinator.com/companies/openint,yc_oss_current,false,unverified_candidate,yc_slug_inference,openint,https://www.crunchbase.com/organization/openint,
30297,OpenIntake,openintake,Winter 2025,Active,https://www.openintake.ai/,https://www.ycombinator.com/companies/openintake,yc_oss_current,false,unverified_candidate,yc_slug_inference,openintake,https://www.crunchbase.com/organization/openintake,
27877,OpenMeter,openmeter,Winter 2023,Acquired,https://openmeter.io,https://www.ycombinator.com/companies/openmeter,yc_oss_current,false,unverified_candidate,yc_slug_inference,openmeter,https://www.crunchbase.com/organization/openmeter,
29187,OpenPipe,openpipe,Summer 2023,Acquired,https://openpipe.ai/,https://www.ycombinator.com/companies/openpipe,yc_oss_current,false,unverified_candidate,yc_slug_inference,openpipe,https://www.crunchbase.com/organization/openpipe,
31500,OpenProse,openprose,Spring 2026,Active,https://prose.md,https://www.ycombinator.com/companies/openprose,yc_oss_current,false,unverified_candidate,yc_slug_inference,openprose,https://www.crunchbase.com/organization/openprose,
33249,OpenRelay,openrelay,Summer 2026,Active,https://www.openrelay.inc,https://www.ycombinator.com/companies/openrelay,yc_oss_current,false,unverified_candidate,yc_slug_inference,openrelay,https://www.crunchbase.com/organization/openrelay,
31011,Openroll,openroll,Fall 2025,Active,https://www.openroll.com,https://www.ycombinator.com/companies/openroll,yc_oss_current,false,unverified_candidate,yc_slug_inference,openroll,https://www.crunchbase.com/organization/openroll,
27816,OpenSight,opensight,Winter 2023,Inactive,https://www.opensight.ai,https://www.ycombinator.com/companies/opensight,yc_oss_current,false,unverified_candidate,yc_slug_inference,opensight,https://www.crunchbase.com/organization/opensight,
31116,OpenSpec,openspec,Winter 2026,Active,http://openspec.dev,https://www.ycombinator.com/companies/openspec,yc_oss_current,false,unverified_candidate,yc_slug_inference,openspec,https://www.crunchbase.com/organization/openspec,
29137,Opensteer,opensteer,Summer 2023,Active,https://opensteer.com,https://www.ycombinator.com/companies/opensteer,yc_oss_current,false,unverified_candidate,yc_slug_inference,opensteer,https://www.crunchbase.com/organization/opensteer,
33969,OpenTag,opentag,Summer 2026,Active,https://www.tryopentag.com/,https://www.ycombinator.com/companies/opentag,yc_oss_current,false,unverified_candidate,yc_slug_inference,opentag,https://www.crunchbase.com/organization/opentag,
28814,OpenTools,opentools,Summer 2023,Active,https://opentools.com,https://www.ycombinator.com/companies/opentools,yc_oss_current,false,unverified_candidate,yc_slug_inference,opentools,https://www.crunchbase.com/organization/opentools,
32121,OpenTrade,opentrade,Summer 2026,Active,https://opentrade.live/,https://www.ycombinator.com/companies/opentrade,yc_oss_current,false,unverified_candidate,yc_slug_inference,opentrade,https://www.crunchbase.com/organization/opentrade,
31301,OpenVector,openvector,Summer 2026,Active,https://openvector.com,https://www.ycombinator.com/companies/openvector,yc_oss_current,false,unverified_candidate,yc_slug_inference,openvector,https://www.crunchbase.com/organization/openvector,
31505,OpenWork,openwork,Spring 2026,Active,https://openworklabs.com,https://www.ycombinator.com/companies/openwork,yc_oss_current,false,unverified_candidate,yc_slug_inference,openwork,https://www.crunchbase.com/organization/openwork,
1908,OpenWrench,openwrench,Summer 2018,Active,https://www.useopenwrench.com,https://www.ycombinator.com/companies/openwrench,yc_oss_current,false,unverified_candidate,yc_slug_inference,openwrench,https://www.crunchbase.com/organization/openwrench,
30248,Operand,operand,Winter 2025,Active,https://www.operand.com/,https://www.ycombinator.com/companies/operand,yc_oss_current,false,unverified_candidate,yc_slug_inference,operand,https://www.crunchbase.com/organization/operand,
13185,Operator.io,operatorio,Winter 2020,Active,http://operator.io,https://www.ycombinator.com/companies/operatorio,yc_oss_current,false,unverified_candidate,yc_slug_inference,operatorio,https://www.crunchbase.com/organization/operatorio,
13099,Ophelia,ophelia,Winter 2020,Active,https://ophelia.com,https://www.ycombinator.com/companies/ophelia,yc_oss_current,false,unverified_candidate,yc_slug_inference,ophelia,https://www.crunchbase.com/organization/ophelia,
29751,Opslane,opslane,Summer 2024,Active,https://opslane.com,https://www.ycombinator.com/companies/opslane,yc_oss_current,false,unverified_candidate,yc_slug_inference,opslane,https://www.crunchbase.com/organization/opslane,
30315,Optifye.ai,optifye-ai,Winter 2025,Active,https://www.optifye.ai,https://www.ycombinator.com/companies/optifye-ai,yc_oss_current,false,unverified_candidate,yc_slug_inference,optifye-ai,https://www.crunchbase.com/organization/optifye-ai,
221,Optimizely,optimizely,Winter 2010,Acquired,http://optimizely.com,https://www.ycombinator.com/companies/optimizely,yc_oss_current,false,unverified_candidate,yc_slug_inference,optimizely,https://www.crunchbase.com/organization/optimizely,
30467,Opusense AI,opusense-ai,Spring 2025,Active,https://www.opusense.com/,https://www.ycombinator.com/companies/opusense-ai,yc_oss_current,false,unverified_candidate,yc_slug_inference,opusense-ai,https://www.crunchbase.com/organization/opusense-ai,
22080,Orange Health Labs,orange-health-labs,Summer 2020,Active,http://www.orangehealth.in,https://www.ycombinator.com/companies/orange-health-labs,yc_oss_current,false,unverified_candidate,yc_slug_inference,orange-health-labs,https://www.crunchbase.com/organization/orange-health-labs,https://www.youtube.com/c/OrangeHealthLab
30642,Orange Slice,orange-slice,Summer 2025,Active,https://orangeslice.ai,https://www.ycombinator.com/companies/orange-slice,yc_oss_current,false,unverified_candidate,yc_slug_inference,orange-slice,https://www.crunchbase.com/organization/orange-slice,
22843,Orbillion Bio,orbillion-bio,Winter 2021,Acquired,https://www.orbillion.com/,https://www.ycombinator.com/companies/orbillion-bio,yc_oss_current,false,unverified_candidate,yc_slug_inference,orbillion-bio,https://www.crunchbase.com/organization/orbillion-bio,
30293,Orbital Operations,orbital-operations,Winter 2025,Active,https://www.orbitalops.tech/,https://www.ycombinator.com/companies/orbital-operations,yc_oss_current,false,unverified_candidate,yc_slug_inference,orbital-operations,https://www.crunchbase.com/organization/orbital-operations,
13112,Orbiter,orbiter,Winter 2020,Inactive,http://www.getorbiter.com,https://www.ycombinator.com/companies/orbiter,yc_oss_current,false,unverified_candidate,yc_slug_inference,orbiter,https://www.crunchbase.com/organization/orbiter,
25475,Orca,orca,Winter 2022,Active,https://orca.fyi/,https://www.ycombinator.com/companies/orca,yc_oss_current,false,archive_observed_candidate,commoncrawl_2019_slug_observation,orca,https://www.crunchbase.com/organization/orca,
29826,Orca Client,orca-client,Summer 2024,Active,https://orcaclient.com,https://www.ycombinator.com/companies/orca-client,yc_oss_current,false,unverified_candidate,yc_slug_inference,orca-client,https://www.crunchbase.com/organization/orca-client,
13480,Orchata,orchata,Winter 2020,Inactive,http://www.orchata.com/,https://www.ycombinator.com/companies/orchata,yc_oss_current,false,unverified_candidate,yc_slug_inference,orchata,https://www.crunchbase.com/organization/orchata,
27901,Orchid,orchid,Winter 2023,Active,https://orchid.health,https://www.ycombinator.com/companies/orchid,yc_oss_current,false,archive_observed_candidate,commoncrawl_2019_slug_observation,orchid,https://www.crunchbase.com/organization/orchid,
30518,Orchid,orchid-ai,Spring 2025,Active,https://orchid.ai,https://www.ycombinator.com/companies/orchid-ai,yc_oss_current,false,unverified_candidate,yc_slug_inference,orchid-ai,https://www.crunchbase.com/organization/orchid-ai,
29969,OrgOrg,orgorg,Summer 2024,Active,https://orgorg.com,https://www.ycombinator.com/companies/orgorg,yc_oss_current,false,unverified_candidate,yc_slug_inference,orgorg,https://www.crunchbase.com/organization/orgorg,
31284,Origami Robotics,origami-robotics,Winter 2026,Active,https://www.origami-robotics.com,https://www.ycombinator.com/companies/origami-robotics,yc_oss_current,false,archive_observed_candidate,commoncrawl_2019_slug_observation,origami-robotics,https://www.crunchbase.com/organization/origami-robotics,
26122,"Origami Therapeutics, Inc.",origami-therapeutics-inc,Winter 2022,Active,http://origamitherapeutics.com,https://www.ycombinator.com/companies/origami-therapeutics-inc,yc_oss_current,false,unverified_candidate,yc_slug_inference,origami-therapeutics-inc,https://www.crunchbase.com/organization/origami-therapeutics-inc,
31064,Origin,origin-bio,Winter 2026,Active,https://origin.bio/,https://www.ycombinator.com/companies/origin-bio,yc_oss_current,false,unverified_candidate,yc_slug_inference,origin-bio,https://www.crunchbase.com/organization/origin-bio,
31486,Ornadyne,ornadyne,Spring 2026,Active,https://ornadyne.com/,https://www.ycombinator.com/companies/ornadyne,yc_oss_current,false,unverified_candidate,yc_slug_inference,ornadyne,https://www.crunchbase.com/organization/ornadyne,
31154,Orthogonal,orthogonal,Winter 2026,Active,https://orthogonal.com,https://www.ycombinator.com/companies/orthogonal,yc_oss_current,false,unverified_candidate,yc_slug_inference,orthogonal,https://www.crunchbase.com/organization/orthogonal,
30728,OS3,os3,Summer 2026,Active,https://os3robotics.com/,https://www.ycombinator.com/companies/os3,yc_oss_current,false,unverified_candidate,yc_slug_inference,os3,https://www.crunchbase.com/organization/os3,
28980,Osium AI,osium-ai,Summer 2023,Active,https://osium.ai/,https://www.ycombinator.com/companies/osium-ai,yc_oss_current,false,unverified_candidate,yc_slug_inference,osium-ai,https://www.crunchbase.com/organization/osium-ai,
31342,Osmaura,osmaura,Summer 2026,Active,https://osmaura.com,https://www.ycombinator.com/companies/osmaura,yc_oss_current,false,unverified_candidate,yc_slug_inference,osmaura,https://www.crunchbase.com/organization/osmaura,
33540,Osseus,osseus,Summer 2026,Active,https://osseus.ai/,https://www.ycombinator.com/companies/osseus,yc_oss_current,false,unverified_candidate,yc_slug_inference,osseus,https://www.crunchbase.com/organization/osseus,
31283,Ossus,ossus,Winter 2026,Active,https://www.ossus.com,https://www.ycombinator.com/companies/ossus,yc_oss_current,false,unverified_candidate,yc_slug_inference,ossus,https://www.crunchbase.com/organization/ossus,
29992,Outerport,outerport,Summer 2024,Active,https://outerport.com,https://www.ycombinator.com/companies/outerport,yc_oss_current,false,unverified_candidate,yc_slug_inference,outerport,https://www.crunchbase.com/organization/outerport,
23461,Outfit,outfit,Winter 2021,Inactive,https://buildoutfit.com,https://www.ycombinator.com/companies/outfit,yc_oss_current,false,unverified_candidate,yc_slug_inference,outfit,https://www.crunchbase.com/organization/outfit,
30291,Outlit,outlit,Winter 2025,Active,https://outlit.ai/,https://www.ycombinator.com/companies/outlit,yc_oss_current,false,unverified_candidate,yc_slug_inference,outlit,https://www.crunchbase.com/organization/outlit,
24727,Output Biosciences,output,Summer 2021,Active,https://www.outputbio.com/,https://www.ycombinator.com/companies/output,yc_oss_current,false,unverified_candidate,yc_slug_inference,output,https://www.crunchbase.com/organization/output,
27924,OutSail Technologies,outsail-technologies,Winter 2023,Inactive,https://www.outsailtech.com/,https://www.ycombinator.com/companies/outsail-technologies,yc_oss_current,false,unverified_candidate,yc_slug_inference,outsail-technologies,https://www.crunchbase.com/organization/outsail-technologies,
28864,Outset,outset,Summer 2023,Active,https://outset.ai/,https://www.ycombinator.com/companies/outset,yc_oss_current,false,archive_observed_candidate,commoncrawl_2019_slug_observation,outset,https://www.crunchbase.com/organization/outset,
30176,Outship,outship,Winter 2025,Active,https://outship.ai,https://www.ycombinator.com/companies/outship,yc_oss_current,false,unverified_candidate,yc_slug_inference,outship,https://www.crunchbase.com/organization/outship,
12643,Outtalent,outtalent,Summer 2019,Active,http://outtalent.com,https://www.ycombinator.com/companies/outtalent,yc_oss_current,false,unverified_candidate,yc_slug_inference,outtalent,https://www.crunchbase.com/organization/outtalent,
30641,Overdrive Health,overdrive-health,Winter 2026,Active,https://overdrive.health,https://www.ycombinator.com/companies/overdrive-health,yc_oss_current,false,unverified_candidate,yc_slug_inference,overdrive-health,https://www.crunchbase.com/organization/overdrive-health,
29387,Overeasy,overeasy,Summer 2024,Active,https://overeasy.sh/,https://www.ycombinator.com/companies/overeasy,yc_oss_current,false,unverified_candidate,yc_slug_inference,overeasy,https://www.crunchbase.com/organization/overeasy,
27823,Overflux,overflux,Winter 2023,Inactive,https://,https://www.ycombinator.com/companies/overflux,yc_oss_current,false,unverified_candidate,yc_slug_inference,overflux,https://www.crunchbase.com/organization/overflux,
29964,Overlap,overlap,Summer 2024,Active,https://www.overlap.ai,https://www.ycombinator.com/companies/overlap,yc_oss_current,false,unverified_candidate,yc_slug_inference,overlap,https://www.crunchbase.com/organization/overlap,
27898,Overlord,overlord,Winter 2023,Active,https://www.overlord.app/,https://www.ycombinator.com/companies/overlord,yc_oss_current,false,unverified_candidate,yc_slug_inference,overlord,https://www.crunchbase.com/organization/overlord,
31171,Overshoot,overshoot,Winter 2026,Active,https://overshoot.ai,https://www.ycombinator.com/companies/overshoot,yc_oss_current,false,unverified_candidate,yc_slug_inference,overshoot,https://www.crunchbase.com/organization/overshoot,
29727,Overstand Labs,overstand-labs,Winter 2025,Active,https://overstandlabs.com,https://www.ycombinator.com/companies/overstand-labs,yc_oss_current,false,unverified_candidate,yc_slug_inference,overstand-labs,https://www.crunchbase.com/organization/overstand-labs,
26776,Overwatch,overwatch,Summer 2022,Active,http://www.overwatchdata.ai,https://www.ycombinator.com/companies/overwatch,yc_oss_current,false,unverified_candidate,yc_slug_inference,overwatch,https://www.crunchbase.com/organization/overwatch,
30214,Ovlo,ovlo,Winter 2025,Active,https://ovlo.ai,https://www.ycombinator.com/companies/ovlo,yc_oss_current,false,unverified_candidate,yc_slug_inference,ovlo,https://www.crunchbase.com/organization/ovlo,
31208,Oximy,oximy,Winter 2026,Active,https://oximy.com,https://www.ycombinator.com/companies/oximy,yc_oss_current,false,unverified_candidate,yc_slug_inference,oximy,https://www.crunchbase.com/organization/oximy,
30927,Oxus,oxus,Winter 2026,Active,https://oxus-ai.com/,https://www.ycombinator.com/companies/oxus,yc_oss_current,false,archive_observed_candidate,commoncrawl_2019_slug_observation,oxus,https://www.crunchbase.com/organization/oxus,
29789,Paasa,paasa,Summer 2024,Active,https://paasa.com,https://www.ycombinator.com/companies/paasa,yc_oss_current,false,unverified_candidate,yc_slug_inference,paasa,https://www.crunchbase.com/organization/paasa,
32913,Pacific,pacific,Summer 2026,Active,https://gopacific.ai/,https://www.ycombinator.com/companies/pacific,yc_oss_current,false,unverified_candidate,yc_slug_inference,pacific,https://www.crunchbase.com/organization/pacific,
24821,Pactima,pactima,Summer 2021,Acquired,https://pactima.com/,https://www.ycombinator.com/companies/pactima,yc_oss_current,false,unverified_candidate,yc_slug_inference,pactima,https://www.crunchbase.com/organization/pactima,
23277,Pagaloop,pagaloop,Winter 2021,Active,https://www.pagaloop.com,https://www.ycombinator.com/companies/pagaloop,yc_oss_current,false,unverified_candidate,yc_slug_inference,pagaloop,https://www.crunchbase.com/organization/pagaloop,
13408,Pahamify,pahamify,Winter 2020,Active,https://pahamify.com/,https://www.ycombinator.com/companies/pahamify,yc_oss_current,false,unverified_candidate,yc_slug_inference,pahamify,https://www.crunchbase.com/organization/pahamify,
27754,Pair AI,pair-ai,Winter 2023,Active,https://www.pairai.com/,https://www.ycombinator.com/companies/pair-ai,yc_oss_current,false,unverified_candidate,yc_slug_inference,pair-ai,https://www.crunchbase.com/organization/pair-ai,
12582,Pair Team,pair-team,Summer 2019,Active,https://pairteam.com/,https://www.ycombinator.com/companies/pair-team,yc_oss_current,false,unverified_candidate,yc_slug_inference,pair-team,https://www.crunchbase.com/organization/pair-team,
31417,Pairio,pairio,Spring 2026,Active,https://pairio.com,https://www.ycombinator.com/companies/pairio,yc_oss_current,false,unverified_candidate,yc_slug_inference,pairio,https://www.crunchbase.com/organization/pairio,
1934,Paladin,paladin,Summer 2018,Active,http://paladindrones.io,https://www.ycombinator.com/companies/paladin,yc_oss_current,false,unverified_candidate,yc_slug_inference,paladin,https://www.crunchbase.com/organization/paladin,
31349,Palette,palette-2,Summer 2026,Active,https://palettelabs.com/,https://www.ycombinator.com/companies/palette-2,yc_oss_current,false,unverified_candidate,yc_slug_inference,palette-2,https://www.crunchbase.com/organization/palette-2,
12542,Palifer,palifer,Summer 2019,Acquired,https://www.palifer.com,https://www.ycombinator.com/companies/palifer,yc_oss_current,false,unverified_candidate,yc_slug_inference,palifer,https://www.crunchbase.com/organization/palifer,
32136,Palisade,palisade,Summer 2026,Active,https://palisade.run,https://www.ycombinator.com/companies/palisade,yc_oss_current,false,archive_observed_candidate,commoncrawl_2019_slug_observation,palisade,https://www.crunchbase.com/organization/palisade,
33059,Palisade,palisade-2,Summer 2026,Active,https://palisade-ai.com/,https://www.ycombinator.com/companies/palisade-2,yc_oss_current,false,unverified_candidate,yc_slug_inference,palisade-2,https://www.crunchbase.com/organization/palisade-2,
23776,Palla,palla,Summer 2021,Active,https://www.palla.com,https://www.ycombinator.com/companies/palla,yc_oss_current,false,unverified_candidate,yc_slug_inference,palla,https://www.crunchbase.com/organization/palla,
29786,Palmier,palmier,Summer 2024,Active,https://www.palmier.io,https://www.ycombinator.com/companies/palmier,yc_oss_current,false,unverified_candidate,yc_slug_inference,palmier,https://www.crunchbase.com/organization/palmier,
30807,Paloma,paloma,Summer 2025,Active,https://getpaloma.ai/,https://www.ycombinator.com/companies/paloma,yc_oss_current,false,unverified_candidate,yc_slug_inference,paloma,https://www.crunchbase.com/organization/paloma,
27714,Palomma,palomma,Winter 2023,Active,http://www.palomma.com/,https://www.ycombinator.com/companies/palomma,yc_oss_current,false,unverified_candidate,yc_slug_inference,palomma,https://www.crunchbase.com/organization/palomma,
31126,Palus Finance,palus-finance,Winter 2026,Active,https://palus.finance,https://www.ycombinator.com/companies/palus-finance,yc_oss_current,false,unverified_candidate,yc_slug_inference,palus-finance,https://www.crunchbase.com/organization/palus-finance,
31544,Panacea,panacea,Spring 2026,Active,https://withpanacea.com,https://www.ycombinator.com/companies/panacea,yc_oss_current,false,unverified_candidate,yc_slug_inference,panacea,https://www.crunchbase.com/organization/panacea,
22075,PANADATA,panadata,Summer 2020,Active,https://www.panadata.net,https://www.ycombinator.com/companies/panadata,yc_oss_current,false,unverified_candidate,yc_slug_inference,panadata,https://www.crunchbase.com/organization/panadata,
28425,Pando Bioscience,pando-bioscience,Winter 2023,Active,https://pando.bio/,https://www.ycombinator.com/companies/pando-bioscience,yc_oss_current,false,unverified_candidate,yc_slug_inference,pando-bioscience,https://www.crunchbase.com/organization/pando-bioscience,
13103,Paneau,paneau,Winter 2020,Inactive,https://paneau.io,https://www.ycombinator.com/companies/paneau,yc_oss_current,false,unverified_candidate,yc_slug_inference,paneau,https://www.crunchbase.com/organization/paneau,
30645,Panels,panels,Summer 2025,Active,https://www.usepanels.com/,https://www.ycombinator.com/companies/panels,yc_oss_current,false,unverified_candidate,yc_slug_inference,panels,https://www.crunchbase.com/organization/panels,
29303,Panelytic,panelytic,Winter 2024,Active,https://panelytic.com/,https://www.ycombinator.com/companies/panelytic,yc_oss_current,false,unverified_candidate,yc_slug_inference,panelytic,https://www.crunchbase.com/organization/panelytic,
31989,Pango,pango,Summer 2026,Active,https://pango.ai/,https://www.ycombinator.com/companies/pango,yc_oss_current,false,unverified_candidate,yc_slug_inference,pango,https://www.crunchbase.com/organization/pango,
30665,Pangolin,pangolin,Summer 2025,Active,https://pangolin.net,https://www.ycombinator.com/companies/pangolin,yc_oss_current,false,unverified_candidate,yc_slug_inference,pangolin,https://www.crunchbase.com/organization/pangolin,
30671,Panoptive,panoptive,Summer 2025,Active,https://www.panoptive.com,https://www.ycombinator.com/companies/panoptive,yc_oss_current,false,unverified_candidate,yc_slug_inference,panoptive,https://www.crunchbase.com/organization/panoptive,
29721,Panora,panora,Summer 2024,Active,https://getpanora.com,https://www.ycombinator.com/companies/panora,yc_oss_current,false,unverified_candidate,yc_slug_inference,panora,https://www.crunchbase.com/organization/panora,
31077,Panta,panta,Winter 2026,Active,https://pantainsure.com,https://www.ycombinator.com/companies/panta,yc_oss_current,false,unverified_candidate,yc_slug_inference,panta,https://www.crunchbase.com/organization/panta,
13111,Pantheon,pantheon,Winter 2020,Inactive,https://www.joinpantheon.io/,https://www.ycombinator.com/companies/pantheon,yc_oss_current,false,unverified_candidate,yc_slug_inference,pantheon,https://www.crunchbase.com/organization/pantheon,
26183,Pantore Pay,pantore-pay,Winter 2022,Active,https://www.pantorepay.com.br,https://www.ycombinator.com/companies/pantore-pay,yc_oss_current,false,unverified_candidate,yc_slug_inference,pantore-pay,https://www.crunchbase.com/organization/pantore-pay,
29839,pap!,pap,Summer 2024,Active,https://joinpap.com/,https://www.ycombinator.com/companies/pap,yc_oss_current,false,unverified_candidate,yc_slug_inference,pap,https://www.crunchbase.com/organization/pap,
30455,Paper Instruments,paper-instruments,Spring 2025,Active,https://www.paperinstruments.com/,https://www.ycombinator.com/companies/paper-instruments,yc_oss_current,false,unverified_candidate,yc_slug_inference,paper-instruments,https://www.crunchbase.com/organization/paper-instruments,
27725,Parabolic,parabolic,Winter 2023,Inactive,https://www.growparabolic.com/,https://www.ycombinator.com/companies/parabolic,yc_oss_current,false,unverified_candidate,yc_slug_inference,parabolic,https://www.crunchbase.com/organization/parabolic,
22268,Parade,parade,Summer 2020,Inactive,https://www.getparade.com,https://www.ycombinator.com/companies/parade,yc_oss_current,false,unverified_candidate,yc_slug_inference,parade,https://www.crunchbase.com/organization/parade,
29287,Paradigm,paradigm,Winter 2024,Active,https://www.paradigmai.com/,https://www.ycombinator.com/companies/paradigm,yc_oss_current,false,unverified_candidate,yc_slug_inference,paradigm,https://www.crunchbase.com/organization/paradigm,
30231,Paragon,deployparagon,Winter 2025,Active,https://www.runparagon.com,https://www.ycombinator.com/companies/deployparagon,yc_oss_current,false,unverified_candidate,yc_slug_inference,deployparagon,https://www.crunchbase.com/organization/deployparagon,
26741,Paragon AI,paragon-ai,Summer 2022,Active,https://paragon.ai,https://www.ycombinator.com/companies/paragon-ai,yc_oss_current,false,unverified_candidate,yc_slug_inference,paragon-ai,https://www.crunchbase.com/organization/paragon-ai,
29684,Parahelp,parahelp,Summer 2024,Active,https://parahelp.com/,https://www.ycombinator.com/companies/parahelp,yc_oss_current,false,unverified_candidate,yc_slug_inference,parahelp,https://www.crunchbase.com/organization/parahelp,
384,Parakey,parakey,Summer 2005,Acquired,http://parakey.com,https://www.ycombinator.com/companies/parakey,yc_oss_current,false,unverified_candidate,yc_slug_inference,parakey,https://www.crunchbase.com/organization/parakey,
29348,Parallel,parallel,Winter 2024,Active,https://www.beparallel.com/?utm_source=ycombinator&utm_medium=directory,https://www.ycombinator.com/companies/parallel,yc_oss_current,false,unverified_candidate,yc_slug_inference,parallel,https://www.crunchbase.com/organization/parallel,
31174,Parameter,parameter,Winter 2026,Active,https://parameter.ai?utm_source=ycombinator&utm_medium=referral&utm_campaign=parameter-profile,https://www.ycombinator.com/companies/parameter,yc_oss_current,false,unverified_candidate,yc_slug_inference,parameter,https://www.crunchbase.com/organization/parameter,
30604,Parametric,parametric,Fall 2025,Active,https://parametric.company/,https://www.ycombinator.com/companies/parametric,yc_oss_current,false,unverified_candidate,yc_slug_inference,parametric,https://www.crunchbase.com/organization/parametric,
32134,Parasma,parasma,Summer 2026,Active,https://parasma.com,https://www.ycombinator.com/companies/parasma,yc_oss_current,false,unverified_candidate,yc_slug_inference,parasma,https://www.crunchbase.com/organization/parasma,
30337,Paratus Health,paratus-health,Winter 2025,Active,https://paratushealth.org/,https://www.ycombinator.com/companies/paratus-health,yc_oss_current,false,unverified_candidate,yc_slug_inference,paratus-health,https://www.crunchbase.com/organization/paratus-health,
29527,ParcelBio,parcelbio,Winter 2024,Active,https://parcelbio.com/,https://www.ycombinator.com/companies/parcelbio,yc_oss_current,false,unverified_candidate,yc_slug_inference,parcelbio,https://www.crunchbase.com/organization/parcelbio,
22111,Pardes Biosciences,pardes-bio,Summer 2020,Public,http://www.pardesbio.com,https://www.ycombinator.com/companies/pardes-bio,yc_oss_current,false,unverified_candidate,yc_slug_inference,pardes-bio,https://www.crunchbase.com/organization/pardes-bio,
28846,Parea,parea,Summer 2023,Active,https://www.parea.ai,https://www.ycombinator.com/companies/parea,yc_oss_current,false,unverified_candidate,yc_slug_inference,parea,https://www.crunchbase.com/organization/parea,
655,Parenthoods,parenthoods,Summer 2014,Acquired,http://parenthoods.co,https://www.ycombinator.com/companies/parenthoods,yc_oss_current,false,unverified_candidate,yc_slug_inference,parenthoods,https://www.crunchbase.com/organization/parenthoods,
30736,PARES AI,pares-ai,Summer 2025,Active,https://www.pares.ai/,https://www.ycombinator.com/companies/pares-ai,yc_oss_current,false,unverified_candidate,yc_slug_inference,pares-ai,https://www.crunchbase.com/organization/pares-ai,
927,Paribus,paribus,Summer 2015,Acquired,https://ramp.com/,https://www.ycombinator.com/companies/paribus,yc_oss_current,false,unverified_candidate,yc_slug_inference,paribus,https://www.crunchbase.com/organization/paribus,
11926,Parker,parker,Winter 2019,Inactive,https://www.getparker.com,https://www.ycombinator.com/companies/parker,yc_oss_current,false,unverified_candidate,yc_slug_inference,parker,https://www.crunchbase.com/organization/parker,
29772,Parley,parley,Summer 2024,Active,https://parley.so,https://www.ycombinator.com/companies/parley,yc_oss_current,false,unverified_candidate,yc_slug_inference,parley,https://www.crunchbase.com/organization/parley,
30848,Parrot,parrot,Fall 2025,Active,https://parrotapp.com/,https://www.ycombinator.com/companies/parrot,yc_oss_current,false,unverified_candidate,yc_slug_inference,parrot,https://www.crunchbase.com/organization/parrot,
31439,Parrot,useparrot,Spring 2026,Active,https://www.useparrot.com/,https://www.ycombinator.com/companies/useparrot,yc_oss_current,false,unverified_candidate,yc_slug_inference,useparrot,https://www.crunchbase.com/organization/useparrot,
22832,Parsagon,parsagon,Winter 2021,Active,https://parsagon.io,https://www.ycombinator.com/companies/parsagon,yc_oss_current,false,unverified_candidate,yc_slug_inference,parsagon,https://www.crunchbase.com/organization/parsagon,
30846,Parse,parse-bot,Fall 2025,Active,https://parse.bot,https://www.ycombinator.com/companies/parse-bot,yc_oss_current,false,unverified_candidate,yc_slug_inference,parse-bot,https://www.crunchbase.com/organization/parse-bot,
30191,Partcl,partcl,Spring 2025,Active,https://partcl.com/,https://www.ycombinator.com/companies/partcl,yc_oss_current,false,unverified_candidate,yc_slug_inference,partcl,https://www.crunchbase.com/organization/partcl,
29309,PartnerHQ,partnerhq,Winter 2024,Active,https://trypartnerhq.com,https://www.ycombinator.com/companies/partnerhq,yc_oss_current,false,unverified_candidate,yc_slug_inference,partnerhq,https://www.crunchbase.com/organization/partnerhq,
13214,Pashi,pashi,Winter 2020,Inactive,https://pashi.com,https://www.ycombinator.com/companies/pashi,yc_oss_current,false,unverified_candidate,yc_slug_inference,pashi,https://www.crunchbase.com/organization/pashi,
1896,Passenger AI,passenger-ai,Summer 2018,Inactive,http://www.passenger.ai,https://www.ycombinator.com/companies/passenger-ai,yc_oss_current,false,unverified_candidate,yc_slug_inference,passenger-ai,https://www.crunchbase.com/organization/passenger-ai,
29285,Patchwork,patchwork,Winter 2024,Inactive,https://atpatchwork.com/,https://www.ycombinator.com/companies/patchwork,yc_oss_current,false,unverified_candidate,yc_slug_inference,patchwork,https://www.crunchbase.com/organization/patchwork,
30936,Patent Watch,patent-watch,Fall 2025,Active,https://www.patentwatch.ai/,https://www.ycombinator.com/companies/patent-watch,yc_oss_current,false,unverified_candidate,yc_slug_inference,patent-watch,https://www.crunchbase.com/organization/patent-watch,
12453,Path,path,Summer 2019,Inactive,https://path.me,https://www.ycombinator.com/companies/path,yc_oss_current,false,unverified_candidate,yc_slug_inference,path,https://www.crunchbase.com/organization/path,
29983,PathPilot,pathpilot,Summer 2024,Active,https://www.getpathpilot.com/,https://www.ycombinator.com/companies/pathpilot,yc_oss_current,false,unverified_candidate,yc_slug_inference,pathpilot,https://www.crunchbase.com/organization/pathpilot,
31183,Patientdesk.ai,patientdeskai,Winter 2026,Active,https://patientdesk.ai/,https://www.ycombinator.com/companies/patientdeskai,yc_oss_current,false,unverified_candidate,yc_slug_inference,patientdeskai,https://www.crunchbase.com/organization/patientdeskai,
24159,Patterns,patterns,Summer 2021,Inactive,https://patterns.app/,https://www.ycombinator.com/companies/patterns,yc_oss_current,false,unverified_candidate,yc_slug_inference,patterns,https://www.crunchbase.com/organization/patterns,
31398,Pavoot,pavoot,Spring 2026,Active,https://pavoot.com,https://www.ycombinator.com/companies/pavoot,yc_oss_current,false,unverified_candidate,yc_slug_inference,pavoot,https://www.crunchbase.com/organization/pavoot,
29755,Pax,pax,Summer 2024,Active,https://paxai.com/,https://www.ycombinator.com/companies/pax,yc_oss_current,false,unverified_candidate,yc_slug_inference,pax,https://www.crunchbase.com/organization/pax,
31175,Pax Historia,pax-historia,Winter 2026,Active,https://www.paxhistoria.co,https://www.ycombinator.com/companies/pax-historia,yc_oss_current,false,unverified_candidate,yc_slug_inference,pax-historia,https://www.crunchbase.com/organization/pax-historia,
30256,PAX Markets,pax-markets,Winter 2025,Active,https://pax.markets/,https://www.ycombinator.com/companies/pax-markets,yc_oss_current,false,unverified_candidate,yc_slug_inference,pax-markets,https://www.crunchbase.com/organization/pax-markets,
13341,Pay Swifter,pay-swifter,Winter 2020,Acquired,https://payswifter.com,https://www.ycombinator.com/companies/pay-swifter,yc_oss_current,false,unverified_candidate,yc_slug_inference,pay-swifter,https://www.crunchbase.com/organization/pay-swifter,
25694,PayCrunch,paycrunch,Winter 2022,Active,https://paycrunch.in,https://www.ycombinator.com/companies/paycrunch,yc_oss_current,false,unverified_candidate,yc_slug_inference,paycrunch,https://www.crunchbase.com/organization/paycrunch,
22322,Payflow,payflow-2,Summer 2020,Inactive,https://www.payflow.ai,https://www.ycombinator.com/companies/payflow-2,yc_oss_current,false,unverified_candidate,yc_slug_inference,payflow-2,https://www.crunchbase.com/organization/payflow-2,
27048,Payfura,payfura,Summer 2022,Inactive,https://www.payfura.com,https://www.ycombinator.com/companies/payfura,yc_oss_current,false,unverified_candidate,yc_slug_inference,payfura,https://www.crunchbase.com/organization/payfura,
31066,Payna,payna,Winter 2026,Active,https://payna.com/,https://www.ycombinator.com/companies/payna,yc_oss_current,false,unverified_candidate,yc_slug_inference,payna,https://www.crunchbase.com/organization/payna,
25357,PeakPath,peakpath,Winter 2022,Inactive,https://www.peakpath.com,https://www.ycombinator.com/companies/peakpath,yc_oss_current,false,unverified_candidate,yc_slug_inference,peakpath,https://www.crunchbase.com/organization/peakpath,
30073,Pearson Labs,pearson-labs,Fall 2024,Active,http://www.pearsonlabs.ai,https://www.ycombinator.com/companies/pearson-labs,yc_oss_current,false,unverified_candidate,yc_slug_inference,pearson-labs,https://www.crunchbase.com/organization/pearson-labs,
32522,Peer,peer,Summer 2026,Active,https://peer-freight.com,https://www.ycombinator.com/companies/peer,yc_oss_current,false,unverified_candidate,yc_slug_inference,peer,https://www.crunchbase.com/organization/peer,
28659,PeerDB,peerdb,Summer 2023,Acquired,https://peerdb.io/,https://www.ycombinator.com/companies/peerdb,yc_oss_current,false,unverified_candidate,yc_slug_inference,peerdb,https://www.crunchbase.com/organization/peerdb,
13165,Peg (formerly Paymobil),peg,Winter 2020,Inactive,https://www.peg.money,https://www.ycombinator.com/companies/peg,yc_oss_current,false,unverified_candidate,yc_slug_inference,peg,https://www.crunchbase.com/organization/peg,
30533,Pelica,pelica,Spring 2025,Active,https://www.pelica.com/,https://www.ycombinator.com/companies/pelica,yc_oss_current,false,unverified_candidate,yc_slug_inference,pelica,https://www.crunchbase.com/organization/pelica,
25278,Pelm,pelm,Winter 2022,Inactive,https://www.pelm.com,https://www.ycombinator.com/companies/pelm,yc_oss_current,false,unverified_candidate,yc_slug_inference,pelm,https://www.crunchbase.com/organization/pelm,
29463,Penciled,penciled,Winter 2024,Active,https://penciled.com,https://www.ycombinator.com/companies/penciled,yc_oss_current,false,unverified_candidate,yc_slug_inference,penciled,https://www.crunchbase.com/organization/penciled,
11942,Pengram,pengram,Winter 2019,Inactive,http://pengramar.com,https://www.ycombinator.com/companies/pengram,yc_oss_current,false,unverified_candidate,yc_slug_inference,pengram,https://www.crunchbase.com/organization/pengram,
26676,Penguin AI,penguin-ai,Summer 2022,Inactive,http://penguinai.app,https://www.ycombinator.com/companies/penguin-ai,yc_oss_current,false,unverified_candidate,yc_slug_inference,penguin-ai,https://www.crunchbase.com/organization/penguin-ai,
33048,Pennant,pennant,Summer 2026,Active,https://www.getpennant.ai,https://www.ycombinator.com/companies/pennant,yc_oss_current,false,unverified_candidate,yc_slug_inference,pennant,https://www.crunchbase.com/organization/pennant,
22672,Pensil,pensil,Winter 2021,Inactive,https://pensil.in,https://www.ycombinator.com/companies/pensil,yc_oss_current,false,unverified_candidate,yc_slug_inference,pensil,https://www.crunchbase.com/organization/pensil,
31512,Pentagon,pentagon,Spring 2026,Active,https://pentagon.run,https://www.ycombinator.com/companies/pentagon,yc_oss_current,false,unverified_candidate,yc_slug_inference,pentagon,https://www.crunchbase.com/organization/pentagon,
23413,peopleCQ,peoplecq,Winter 2021,Active,https://www.peopleCQ.com,https://www.ycombinator.com/companies/peoplecq,yc_oss_current,false,unverified_candidate,yc_slug_inference,peoplecq,https://www.crunchbase.com/organization/peoplecq,
30296,Peppr AI,peppr-ai,Winter 2025,Active,https://www.usepeppr.ai/,https://www.ycombinator.com/companies/peppr-ai,yc_oss_current,false,unverified_candidate,yc_slug_inference,peppr-ai,https://www.crunchbase.com/organization/peppr-ai,
2021,Perception Biosystems,perception-biosystems,Summer 2018,Inactive,https://www.perception.bio,https://www.ycombinator.com/companies/perception-biosystems,yc_oss_current,false,unverified_candidate,yc_slug_inference,perception-biosystems,https://www.crunchbase.com/organization/perception-biosystems,
13118,Perceptive Technologies,perceptive-technologies,Winter 2020,Active,https://www.perceptive.io,https://www.ycombinator.com/companies/perceptive-technologies,yc_oss_current,false,unverified_candidate,yc_slug_inference,perceptive-technologies,https://www.crunchbase.com/organization/perceptive-technologies,
32127,Perceptron ML,perceptron-ml,Summer 2026,Active,https://perceptronml.com,https://www.ycombinator.com/companies/perceptron-ml,yc_oss_current,false,unverified_candidate,yc_slug_inference,perceptron-ml,https://www.crunchbase.com/organization/perceptron-ml,
30444,Percival,percival,Spring 2025,Inactive,https://percy.tech,https://www.ycombinator.com/companies/percival,yc_oss_current,false,unverified_candidate,yc_slug_inference,percival,https://www.crunchbase.com/organization/percival,
124,Perfect Audience,perfect-audience,Summer 2011,Acquired,http://perfectaudience.com,https://www.ycombinator.com/companies/perfect-audience,yc_oss_current,false,unverified_candidate,yc_slug_inference,perfect-audience,https://www.crunchbase.com/organization/perfect-audience,
31333,"PerfectBit, Inc.",perfectbit-inc,Spring 2026,Active,https://perfectbit.ai,https://www.ycombinator.com/companies/perfectbit-inc,yc_oss_current,false,unverified_candidate,yc_slug_inference,perfectbit-inc,https://www.crunchbase.com/organization/perfectbit-inc,
31153,Perfectly,perfectly,Winter 2026,Active,https://www.perfectly.so/,https://www.ycombinator.com/companies/perfectly,yc_oss_current,false,unverified_candidate,yc_slug_inference,perfectly,https://www.crunchbase.com/organization/perfectly,
1100,Perlara,perlara,Winter 2016,Active,http://perlara.com,https://www.ycombinator.com/companies/perlara,yc_oss_current,false,unverified_candidate,yc_slug_inference,perlara,https://www.crunchbase.com/organization/perlara,
25647,PermitFlow,permitflow,Winter 2022,Active,http://www.permitflow.com,https://www.ycombinator.com/companies/permitflow,yc_oss_current,false,unverified_candidate,yc_slug_inference,permitflow,https://www.crunchbase.com/organization/permitflow,
30317,Permitify,permitify,Winter 2025,Active,https://permitify.com,https://www.ycombinator.com/companies/permitify,yc_oss_current,false,unverified_candidate,yc_slug_inference,permitify,https://www.crunchbase.com/organization/permitify,
30088,PermitPortal,permitportal,Fall 2024,Active,https://permitportalapp.com/,https://www.ycombinator.com/companies/permitportal,yc_oss_current,false,unverified_candidate,yc_slug_inference,permitportal,https://www.crunchbase.com/organization/permitportal,
28301,Persana AI,persana-ai,Winter 2023,Acquired,https://www.persana.ai/,https://www.ycombinator.com/companies/persana-ai,yc_oss_current,false,unverified_candidate,yc_slug_inference,persana-ai,https://www.crunchbase.com/organization/persana-ai,
1773,Persephone Biosciences,persephone-biosciences,Winter 2018,Active,http://persephonebiosciences.com/,https://www.ycombinator.com/companies/persephone-biosciences,yc_oss_current,false,unverified_candidate,yc_slug_inference,persephone-biosciences,https://www.crunchbase.com/organization/persephone-biosciences,
30967,Perseus,perseus,Fall 2025,Active,https://perseus.computer,https://www.ycombinator.com/companies/perseus,yc_oss_current,false,unverified_candidate,yc_slug_inference,perseus,https://www.crunchbase.com/organization/perseus,
30708,Perseus Defense,perseus-defense,Summer 2025,Active,https://perseusdefense.com,https://www.ycombinator.com/companies/perseus-defense,yc_oss_current,false,unverified_candidate,yc_slug_inference,perseus-defense,https://www.crunchbase.com/organization/perseus-defense,
28112,Persist AI,persist-ai,Winter 2023,Active,http://www.persist-ai.com,https://www.ycombinator.com/companies/persist-ai,yc_oss_current,false,unverified_candidate,yc_slug_inference,persist-ai,https://www.crunchbase.com/organization/persist-ai,
30778,Perspectives Health,perspectives-health,Summer 2025,Active,https://perspectiveshealth.ai/,https://www.ycombinator.com/companies/perspectives-health,yc_oss_current,false,unverified_candidate,yc_slug_inference,perspectives-health,https://www.crunchbase.com/organization/perspectives-health,
22722,Pesto,pesto,Winter 2021,Active,https://www.getpesto.com/,https://www.ycombinator.com/companies/pesto,yc_oss_current,false,unverified_candidate,yc_slug_inference,pesto,https://www.crunchbase.com/organization/pesto,
33310,Petrarch,petrarch,Summer 2026,Active,https://petrarch.co/,https://www.ycombinator.com/companies/petrarch,yc_oss_current,false,unverified_candidate,yc_slug_inference,petrarch,https://www.crunchbase.com/organization/petrarch,
30448,PgDog,pgdog,Spring 2025,Active,https://pgdog.dev,https://www.ycombinator.com/companies/pgdog,yc_oss_current,false,unverified_candidate,yc_slug_inference,pgdog,https://www.crunchbase.com/organization/pgdog,
29857,Pharos,pharos,Summer 2024,Active,https://pharos.health/,https://www.ycombinator.com/companies/pharos,yc_oss_current,false,unverified_candidate,yc_slug_inference,pharos,https://www.crunchbase.com/organization/pharos,
30707,Phases,phases,Summer 2025,Active,https://phases.ai,https://www.ycombinator.com/companies/phases,yc_oss_current,false,unverified_candidate,yc_slug_inference,phases,https://www.crunchbase.com/organization/phases,
30947,Philon,philon,Fall 2025,Active,https://philon.ai/,https://www.ycombinator.com/companies/philon,yc_oss_current,false,unverified_candidate,yc_slug_inference,philon,https://www.crunchbase.com/organization/philon,
26808,Phind,phind,Summer 2022,Inactive,https://phind.com,https://www.ycombinator.com/companies/phind,yc_oss_current,false,unverified_candidate,yc_slug_inference,phind,https://www.crunchbase.com/organization/phind,
26243,Phoenix Hydrogen,phoenix-hydrogen,Winter 2022,Inactive,https://phoenixhydrogen.com/,https://www.ycombinator.com/companies/phoenix-hydrogen,yc_oss_current,false,unverified_candidate,yc_slug_inference,phoenix-hydrogen,https://www.crunchbase.com/organization/phoenix-hydrogen,
30465,Photonium,photonium,Spring 2025,Active,https://www.photoniumoptics.com/,https://www.ycombinator.com/companies/photonium,yc_oss_current,false,unverified_candidate,yc_slug_inference,photonium,https://www.crunchbase.com/organization/photonium,
13307,Photoroom,photoroom,Summer 2020,Active,https://photoroom.com/,https://www.ycombinator.com/companies/photoroom,yc_oss_current,false,unverified_candidate,yc_slug_inference,photoroom,https://www.crunchbase.com/organization/photoroom,
24759,Phykos,phykos,Summer 2021,Active,https://phykos.co,https://www.ycombinator.com/companies/phykos,yc_oss_current,false,unverified_candidate,yc_slug_inference,phykos,https://www.crunchbase.com/organization/phykos,
30703,Physical Turing,physical-turing,Summer 2025,Active,https://physicalturing.ai/,https://www.ycombinator.com/companies/physical-turing,yc_oss_current,false,unverified_candidate,yc_slug_inference,physical-turing,https://www.crunchbase.com/organization/physical-turing,
22681,Pibit.ai,pibit-ai,Winter 2021,Active,https://pibit.ai,https://www.ycombinator.com/companies/pibit-ai,yc_oss_current,false,unverified_candidate,yc_slug_inference,pibit-ai,https://www.crunchbase.com/organization/pibit-ai,
30262,Pickle,pickle-2,Winter 2025,Active,https://www.pickle.com,https://www.ycombinator.com/companies/pickle-2,yc_oss_current,false,unverified_candidate,yc_slug_inference,pickle-2,https://www.crunchbase.com/organization/pickle-2,
29487,Pico,,W24,Active,http://withpico.com,,radema_historical,true,unverified_candidate,company_name_inference,pico,https://www.crunchbase.com/organization/pico,
1407,Picolab,,IK12,Inactive,http://getpicolab.com,,radema_historical,true,unverified_candidate,company_name_inference,picolab,https://www.crunchbase.com/organization/picolab,
24251,Pideaky,pideaky,Summer 2021,Active,https://pideaky.com/en/,https://www.ycombinator.com/companies/pideaky,yc_oss_current,false,unverified_candidate,yc_slug_inference,pideaky,https://www.crunchbase.com/organization/pideaky,
28175,Pier,pier,Winter 2023,Active,http://www.pier-finance.com,https://www.ycombinator.com/companies/pier,yc_oss_current,false,unverified_candidate,yc_slug_inference,pier,https://www.crunchbase.com/organization/pier,
28416,Pierre,pierre,Winter 2023,Active,https://pierre.co,https://www.ycombinator.com/companies/pierre,yc_oss_current,false,unverified_candidate,yc_slug_inference,pierre,https://www.crunchbase.com/organization/pierre,
29763,Piggy Robotics,piggy-robotics,Fall 2025,Active,https://piggyrobotics.com,https://www.ycombinator.com/companies/piggy-robotics,yc_oss_current,false,unverified_candidate,yc_slug_inference,piggy-robotics,https://www.crunchbase.com/organization/piggy-robotics,
25891,PINA,pina,Winter 2022,Active,https://pina.id,https://www.ycombinator.com/companies/pina,yc_oss_current,false,unverified_candidate,yc_slug_inference,pina,https://www.crunchbase.com/organization/pina,
26137,Pina Earth,pina-earth,Winter 2022,Acquired,https://pina.earth/en,https://www.ycombinator.com/companies/pina-earth,yc_oss_current,false,unverified_candidate,yc_slug_inference,pina-earth,https://www.crunchbase.com/organization/pina-earth,
30314,Pinch,pinch,Winter 2025,Active,https://startpinch.com,https://www.ycombinator.com/companies/pinch,yc_oss_current,false,unverified_candidate,yc_slug_inference,pinch,https://www.crunchbase.com/organization/pinch,
1965,Pine Park Health,pine-park-health,Summer 2018,Active,http://pineparkhealth.com,https://www.ycombinator.com/companies/pine-park-health,yc_oss_current,false,unverified_candidate,yc_slug_inference,pine-park-health,https://www.crunchbase.com/organization/pine-park-health,
27267,Ping,ping,Summer 2022,Active,https://www.letsping.com/,https://www.ycombinator.com/companies/ping,yc_oss_current,false,unverified_candidate,yc_slug_inference,ping,https://www.crunchbase.com/organization/ping,
30582,Pingo,pingo,Summer 2025,Active,https://pingo.ai,https://www.ycombinator.com/companies/pingo,yc_oss_current,false,unverified_candidate,yc_slug_inference,pingo,https://www.crunchbase.com/organization/pingo,
29769,Pinnacle,pinnacle,Summer 2024,Active,https://pinnacle.sh/,https://www.ycombinator.com/companies/pinnacle,yc_oss_current,false,unverified_candidate,yc_slug_inference,pinnacle,https://www.crunchbase.com/organization/pinnacle,
23610,PipeBio,pipebio,Winter 2021,Acquired,https://pipebio.com,https://www.ycombinator.com/companies/pipebio,yc_oss_current,false,unverified_candidate,yc_slug_inference,pipebio,https://www.crunchbase.com/organization/pipebio,
23950,Pipekit,pipekit,Summer 2021,Active,https://pipekit.io,https://www.ycombinator.com/companies/pipekit,yc_oss_current,false,unverified_candidate,yc_slug_inference,pipekit,https://www.crunchbase.com/organization/pipekit,
29477,Piramidal,piramidal,Winter 2024,Active,https://piramidal.ai,https://www.ycombinator.com/companies/piramidal,yc_oss_current,false,unverified_candidate,yc_slug_inference,piramidal,https://www.crunchbase.com/organization/piramidal,
31114,Piris Labs,pirislabs,Winter 2026,Active,https://pirislabs.io/,https://www.ycombinator.com/companies/pirislabs,yc_oss_current,false,unverified_candidate,yc_slug_inference,pirislabs,https://www.crunchbase.com/organization/pirislabs,
24188,Pirouette Pharma,pirouette-pharma,Summer 2021,Active,https://www.pirouettepharma.com/,https://www.ycombinator.com/companies/pirouette-pharma,yc_oss_current,false,unverified_candidate,yc_slug_inference,pirouette-pharma,https://www.crunchbase.com/organization/pirouette-pharma,
27262,Pivo Technology Inc,pivo-technology-inc,Summer 2022,Inactive,http://www.pivo.africa,https://www.ycombinator.com/companies/pivo-technology-inc,yc_oss_current,false,unverified_candidate,yc_slug_inference,pivo-technology-inc,https://www.crunchbase.com/organization/pivo-technology-inc,
29273,Pivot Robotics,pivot-robotics,Winter 2024,Active,https://pivotrobotics.com,https://www.ycombinator.com/companies/pivot-robotics,yc_oss_current,false,unverified_candidate,yc_slug_inference,pivot-robotics,https://www.crunchbase.com/organization/pivot-robotics,
30931,Pixley AI,pixley-ai,Fall 2025,Active,https://pixleyai.com,https://www.ycombinator.com/companies/pixley-ai,yc_oss_current,false,unverified_candidate,yc_slug_inference,pixley-ai,https://www.crunchbase.com/organization/pixley-ai,
31460,PLAN0 AI,plan0-ai,Spring 2026,Active,https://plan0.ai/,https://www.ycombinator.com/companies/plan0-ai,yc_oss_current,false,unverified_candidate,yc_slug_inference,plan0-ai,https://www.crunchbase.com/organization/plan0-ai,
29739,Planbase,planbase,Summer 2024,Active,https://www.joinplanbase.com/,https://www.ycombinator.com/companies/planbase,yc_oss_current,false,unverified_candidate,yc_slug_inference,planbase,https://www.crunchbase.com/organization/planbase,
24260,Planet A Foods,planet-a-foods,Summer 2021,Active,https://planet-a-foods.com/,https://www.ycombinator.com/companies/planet-a-foods,yc_oss_current,false,unverified_candidate,yc_slug_inference,planet-a-foods,https://www.crunchbase.com/organization/planet-a-foods,
23041,Platypus,platypus,Winter 2021,Inactive,https://www.getplatypus.com,https://www.ycombinator.com/companies/platypus,yc_oss_current,false,unverified_candidate,yc_slug_inference,platypus,https://www.crunchbase.com/organization/platypus,
30925,Play Health,play-health,Fall 2025,Active,http://playhealth.com,https://www.ycombinator.com/companies/play-health,yc_oss_current,false,unverified_candidate,yc_slug_inference,play-health,https://www.crunchbase.com/organization/play-health,
31550,Playabl.ai,playablai,Spring 2026,Active,https://playabl.ai,https://www.ycombinator.com/companies/playablai,yc_oss_current,false,unverified_candidate,yc_slug_inference,playablai,https://www.crunchbase.com/organization/playablai,
12665,PlayAbly,playably,Summer 2019,Inactive,https://www.playably.ai,https://www.ycombinator.com/companies/playably,yc_oss_current,false,unverified_candidate,yc_slug_inference,playably,https://www.crunchbase.com/organization/playably,
28073,PlayAI,playai,Winter 2023,Acquired,https://play.ai/,https://www.ycombinator.com/companies/playai,yc_oss_current,false,unverified_candidate,yc_slug_inference,playai,https://www.crunchbase.com/organization/playai,
30623,Playgent,playgent,Summer 2025,Active,https://useplaygent.com,https://www.ycombinator.com/companies/playgent,yc_oss_current,false,unverified_candidate,yc_slug_inference,playgent,https://www.crunchbase.com/organization/playgent,
12507,Playground,playground,Summer 2019,Inactive,https://playground.com,https://www.ycombinator.com/companies/playground,yc_oss_current,false,archive_observed_candidate,commoncrawl_2019_slug_observation,playground,https://www.crunchbase.com/organization/playground,
22652,Playmaker,playmaker,Winter 2021,Inactive,http://getplaymaker.app,https://www.ycombinator.com/companies/playmaker,yc_oss_current,false,unverified_candidate,yc_slug_inference,playmaker,https://www.crunchbase.com/organization/playmaker,
300,PlayReader,playreader,Summer 2008,Inactive,http://playreader.com,https://www.ycombinator.com/companies/playreader,yc_oss_current,false,unverified_candidate,yc_slug_inference,playreader,https://www.crunchbase.com/organization/playreader,
27785,Pledge Health,pledge-health,Winter 2023,Active,https://www.pledge.health/,https://www.ycombinator.com/companies/pledge-health,yc_oss_current,false,unverified_candidate,yc_slug_inference,pledge-health,https://www.crunchbase.com/organization/pledge-health,
31493,Plena Health,plena-health,Spring 2026,Active,https://www.plena.health/,https://www.ycombinator.com/companies/plena-health,yc_oss_current,false,unverified_candidate,yc_slug_inference,plena-health,https://www.crunchbase.com/organization/plena-health,
30748,Pleom,pleom,Summer 2025,Active,https://pleom.com,https://www.ycombinator.com/companies/pleom,yc_oss_current,false,unverified_candidate,yc_slug_inference,pleom,https://www.crunchbase.com/organization/pleom,
30400,Plexe,plexe,Spring 2025,Active,https://plexe.ai,https://www.ycombinator.com/companies/plexe,yc_oss_current,false,unverified_candidate,yc_slug_inference,plexe,https://www.crunchbase.com/organization/plexe,
31041,Ploy,ploy,Spring 2026,Active,https://ploy.ai,https://www.ycombinator.com/companies/ploy,yc_oss_current,false,unverified_candidate,yc_slug_inference,ploy,https://www.crunchbase.com/organization/ploy,
29701,Plume,plume,Summer 2024,Active,http://www.plumefinder.com,https://www.ycombinator.com/companies/plume,yc_oss_current,false,unverified_candidate,yc_slug_inference,plume,https://www.crunchbase.com/organization/plume,
25658,Plumter,plumter,Winter 2022,Active,https://plumter.com,https://www.ycombinator.com/companies/plumter,yc_oss_current,false,unverified_candidate,yc_slug_inference,plumter,https://www.crunchbase.com/organization/plumter,
13213,Plura (formerly Bloom Community),plura,Winter 2020,Active,https://www.heyplura.com,https://www.ycombinator.com/companies/plura,yc_oss_current,false,unverified_candidate,yc_slug_inference,plura,https://www.crunchbase.com/organization/plura,
27880,Plutis,plutis,Winter 2023,Active,https://plutis.io,https://www.ycombinator.com/companies/plutis,yc_oss_current,false,unverified_candidate,yc_slug_inference,plutis,https://www.crunchbase.com/organization/plutis,
32526,Pluto,talentpluto,Summer 2026,Active,https://talentpluto.com,https://www.ycombinator.com/companies/talentpluto,yc_oss_current,false,unverified_candidate,yc_slug_inference,talentpluto,https://www.crunchbase.com/organization/talentpluto,
25695,Pluto.markets,pluto-markets,Winter 2022,Active,http://pluto.markets/,https://www.ycombinator.com/companies/pluto-markets,yc_oss_current,false,unverified_candidate,yc_slug_inference,pluto-markets,https://www.crunchbase.com/organization/pluto-markets,
27047,Plutto,plutto,Summer 2022,Active,https://getplutto.com/,https://www.ycombinator.com/companies/plutto,yc_oss_current,false,unverified_candidate,yc_slug_inference,plutto,https://www.crunchbase.com/organization/plutto,
31214,Pocket,pocket,Winter 2026,Active,https://heypocket.com/now,https://www.ycombinator.com/companies/pocket,yc_oss_current,false,unverified_candidate,yc_slug_inference,pocket,https://www.crunchbase.com/organization/pocket,
29286,PointOne,pointone,Winter 2024,Active,https://pointone.com/,https://www.ycombinator.com/companies/pointone,yc_oss_current,false,unverified_candidate,yc_slug_inference,pointone,https://www.crunchbase.com/organization/pointone,
29251,Poka Labs,poka-labs,Summer 2024,Active,https://www.pokalabs.com/,https://www.ycombinator.com/companies/poka-labs,yc_oss_current,false,unverified_candidate,yc_slug_inference,poka-labs,https://www.crunchbase.com/organization/poka-labs,
32748,PokerClubHub,pokerclubhub,Summer 2026,Active,https://www.pokerclubhub.com,https://www.ycombinator.com/companies/pokerclubhub,yc_oss_current,false,unverified_candidate,yc_slug_inference,pokerclubhub,https://www.crunchbase.com/organization/pokerclubhub,
26109,Poko,poko,Winter 2022,Active,http://www.pokoapp.xyz,https://www.ycombinator.com/companies/poko,yc_oss_current,false,unverified_candidate,yc_slug_inference,poko,https://www.crunchbase.com/organization/poko,
29465,Polar,polar,Winter 2024,Active,https://www.polarfi.com,https://www.ycombinator.com/companies/polar,yc_oss_current,false,unverified_candidate,yc_slug_inference,polar,https://www.crunchbase.com/organization/polar,
30765,Pollen,pollen,Winter 2026,Active,https://www.pollen.cx/,https://www.ycombinator.com/companies/pollen,yc_oss_current,false,unverified_candidate,yc_slug_inference,pollen,https://www.crunchbase.com/organization/pollen,
362,Pollground,pollground,Summer 2006,Inactive,http://pollground.com,https://www.ycombinator.com/companies/pollground,yc_oss_current,false,unverified_candidate,yc_slug_inference,pollground,https://www.crunchbase.com/organization/pollground,
31217,Polymath,polymath,Winter 2026,Active,https://polymathlabs.ai/,https://www.ycombinator.com/companies/polymath,yc_oss_current,false,unverified_candidate,yc_slug_inference,polymath,https://www.crunchbase.com/organization/polymath,
29821,Polymet,polymet,Summer 2024,Active,https://polymet.ai,https://www.ycombinator.com/companies/polymet,yc_oss_current,false,unverified_candidate,yc_slug_inference,polymet,https://www.crunchbase.com/organization/polymet,
31275,Polymorph,polymorph,Winter 2026,Active,https://usepolymorph.com/,https://www.ycombinator.com/companies/polymorph,yc_oss_current,false,unverified_candidate,yc_slug_inference,polymorph,https://www.crunchbase.com/organization/polymorph,
30621,Pond,pond,Summer 2025,Active,https://trypond.ai,https://www.ycombinator.com/companies/pond,datahive_historical,true,unverified_candidate,yc_slug_inference,pond,https://www.crunchbase.com/organization/pond,
25866,Ponyrun,ponyrun,Winter 2022,Active,http://www.ponyrun.ai,https://www.ycombinator.com/companies/ponyrun,yc_oss_current,false,unverified_candidate,yc_slug_inference,ponyrun,https://www.crunchbase.com/organization/ponyrun,
27821,PoplarML,poplarml,Winter 2023,Active,http://poplarml.com,https://www.ycombinator.com/companies/poplarml,yc_oss_current,false,unverified_candidate,yc_slug_inference,poplarml,https://www.crunchbase.com/organization/poplarml,
31480,Pops,pops,Spring 2026,Active,https://pops.fyi,https://www.ycombinator.com/companies/pops,yc_oss_current,false,unverified_candidate,yc_slug_inference,pops,https://www.crunchbase.com/organization/pops,
27928,Portalform,portalform,Winter 2023,Active,https://portalform.com/,https://www.ycombinator.com/companies/portalform,yc_oss_current,false,unverified_candidate,yc_slug_inference,portalform,https://www.crunchbase.com/organization/portalform,
13091,Porter,porter,Summer 2020,Active,https://porter.run,https://www.ycombinator.com/companies/porter,yc_oss_current,false,unverified_candidate,yc_slug_inference,porter,https://www.crunchbase.com/organization/porter,
23860,Positional,positional,Summer 2021,Acquired,https://www.positional.com,https://www.ycombinator.com/companies/positional,yc_oss_current,false,unverified_candidate,yc_slug_inference,positional,https://www.crunchbase.com/organization/positional,
199,Post.fm,post-fm,Summer 2010,Inactive,http://post.fm,https://www.ycombinator.com/companies/post-fm,yc_oss_current,false,unverified_candidate,yc_slug_inference,post-fm,https://www.crunchbase.com/organization/post-fm,
26012,Postal,postal,Winter 2022,Active,https://usepostal.com,https://www.ycombinator.com/companies/postal,yc_oss_current,false,unverified_candidate,yc_slug_inference,postal,https://www.crunchbase.com/organization/postal,
13332,PostEra,postera,Winter 2020,Active,https://postera.ai/,https://www.ycombinator.com/companies/postera,yc_oss_current,false,unverified_candidate,yc_slug_inference,postera,https://www.crunchbase.com/organization/postera,
31272,Poth Labs,poth-labs,Summer 2026,Active,https://pothlabs.com,https://www.ycombinator.com/companies/poth-labs,yc_oss_current,false,unverified_candidate,yc_slug_inference,poth-labs,https://www.crunchbase.com/organization/poth-labs,
23977,Potion,potion,Summer 2021,Active,https://www.potion.ai,https://www.ycombinator.com/companies/potion,yc_oss_current,false,unverified_candidate,yc_slug_inference,potion,https://www.crunchbase.com/organization/potion,
29467,Powder,powder,Winter 2024,Active,https://www.powderfi.com/,https://www.ycombinator.com/companies/powder,yc_oss_current,false,unverified_candidate,yc_slug_inference,powder,https://www.crunchbase.com/organization/powder,
26148,Powerdocs,powerdocs,Winter 2022,Active,https://powerdocs.so,https://www.ycombinator.com/companies/powerdocs,yc_oss_current,false,unverified_candidate,yc_slug_inference,powerdocs,https://www.crunchbase.com/organization/powerdocs,
22670,PowerRouter,powerrouter,Winter 2021,Active,https://www.powerrouter.io,https://www.ycombinator.com/companies/powerrouter,yc_oss_current,false,unverified_candidate,yc_slug_inference,powerrouter,https://www.crunchbase.com/organization/powerrouter,
21847,PowerUs,powerus,Summer 2020,Active,https://www.powerus.de,https://www.ycombinator.com/companies/powerus,yc_oss_current,false,unverified_candidate,yc_slug_inference,powerus,https://www.crunchbase.com/organization/powerus,
13525,PowerX,powerx,Winter 2020,Acquired,http://www.powerx.co,https://www.ycombinator.com/companies/powerx,yc_oss_current,false,unverified_candidate,yc_slug_inference,powerx,https://www.crunchbase.com/organization/powerx,
22738,Pragmatic Leaders (Ankai Inc),pragmatic-leaders-ankai-inc,Winter 2021,Active,"https://pragmaticleaders.io, https://ostronaut.com",https://www.ycombinator.com/companies/pragmatic-leaders-ankai-inc,yc_oss_current,false,unverified_candidate,yc_slug_inference,pragmatic-leaders-ankai-inc,https://www.crunchbase.com/organization/pragmatic-leaders-ankai-inc,
31177,Prana,prana-health,Winter 2026,Active,https://pranadoc.com,https://www.ycombinator.com/companies/prana-health,yc_oss_current,false,unverified_candidate,yc_slug_inference,prana-health,https://www.crunchbase.com/organization/prana-health,
30187,Praxim,praxim,Winter 2025,Active,https://www.praxim.ai/,https://www.ycombinator.com/companies/praxim,yc_oss_current,false,unverified_candidate,yc_slug_inference,praxim,https://www.crunchbase.com/organization/praxim,
33022,Praxis Robotics,praxis-robotics,Summer 2026,Active,https://www.praxisrobotics.io,https://www.ycombinator.com/companies/praxis-robotics,yc_oss_current,false,unverified_candidate,yc_slug_inference,praxis-robotics,https://www.crunchbase.com/organization/praxis-robotics,
29778,Praxos,praxos,Summer 2024,Active,https://praxos.ai,https://www.ycombinator.com/companies/praxos,yc_oss_current,false,unverified_candidate,yc_slug_inference,praxos,https://www.crunchbase.com/organization/praxos,
929,Prayas Analytics,prayas-analytics,Summer 2015,Inactive,http://prayasanalytics.com,https://www.ycombinator.com/companies/prayas-analytics,yc_oss_current,false,unverified_candidate,yc_slug_inference,prayas-analytics,https://www.crunchbase.com/organization/prayas-analytics,
29608,Pre,pre,Summer 2024,Inactive,https://buildwithpre.com,https://www.ycombinator.com/companies/pre,yc_oss_current,false,unverified_candidate,yc_slug_inference,pre,https://www.crunchbase.com/organization/pre,
12571,Preclusio,preclusio,Summer 2019,Inactive,https://www.preclus.io,https://www.ycombinator.com/companies/preclusio,yc_oss_current,false,unverified_candidate,yc_slug_inference,preclusio,https://www.crunchbase.com/organization/preclusio,
292,Precognate,precognate,Summer 2008,Inactive,http://precognate.com,https://www.ycombinator.com/companies/precognate,yc_oss_current,false,unverified_candidate,yc_slug_inference,precognate,https://www.crunchbase.com/organization/precognate,
23239,Preki,preki,Winter 2021,Acquired,http://www.preki.com,https://www.ycombinator.com/companies/preki,yc_oss_current,false,unverified_candidate,yc_slug_inference,preki,https://www.crunchbase.com/organization/preki,
12454,Prenda,prenda,Summer 2019,Active,https://prenda.com/,https://www.ycombinator.com/companies/prenda,yc_oss_current,false,unverified_candidate,yc_slug_inference,prenda,https://www.crunchbase.com/organization/prenda,
23278,Prendea,prendea,Winter 2021,Inactive,https://prendea.com,https://www.ycombinator.com/companies/prendea,yc_oss_current,false,unverified_candidate,yc_slug_inference,prendea,https://www.crunchbase.com/organization/prendea,
22772,Prequel,prequel,Winter 2021,Active,https://prequel.co,https://www.ycombinator.com/companies/prequel,yc_oss_current,false,unverified_candidate,yc_slug_inference,prequel,https://www.crunchbase.com/organization/prequel,
31086,"Prescience, Inc.",prescience-inc,Summer 2026,Active,https://www.getprescience.com/,https://www.ycombinator.com/companies/prescience-inc,yc_oss_current,false,unverified_candidate,yc_slug_inference,prescience-inc,https://www.crunchbase.com/organization/prescience-inc,
30566,Preseen,preseen,Summer 2025,Active,https://preseen.com,https://www.ycombinator.com/companies/preseen,yc_oss_current,false,unverified_candidate,yc_slug_inference,preseen,https://www.crunchbase.com/organization/preseen,
29780,Presti AI,presti-ai,Summer 2024,Active,https://www.presti.ai/,https://www.ycombinator.com/companies/presti-ai,yc_oss_current,false,unverified_candidate,yc_slug_inference,presti-ai,https://www.crunchbase.com/organization/presti-ai,
29265,Pretzel AI,pretzel-ai,Winter 2024,Active,https://withpretzel.com,https://www.ycombinator.com/companies/pretzel-ai,yc_oss_current,false,unverified_candidate,yc_slug_inference,pretzel-ai,https://www.crunchbase.com/organization/pretzel-ai,
210,Pribbit,pribbit,Summer 2010,Inactive,http://pribbit.com,https://www.ycombinator.com/companies/pribbit,yc_oss_current,false,unverified_candidate,yc_slug_inference,pribbit,https://www.crunchbase.com/organization/pribbit,
31329,primitive,primitive,Spring 2026,Active,https://primitive.dev,https://www.ycombinator.com/companies/primitive,yc_oss_current,false,unverified_candidate,yc_slug_inference,primitive,https://www.crunchbase.com/organization/primitive,
33278,PRINCEPS,princeps,Summer 2026,Active,https://princeps.dev,https://www.ycombinator.com/companies/princeps,yc_oss_current,false,unverified_candidate,yc_slug_inference,princeps,https://www.crunchbase.com/organization/princeps,
30492,Prism,prism,Spring 2025,Active,https://herm.run,https://www.ycombinator.com/companies/prism,yc_oss_current,false,unverified_candidate,yc_slug_inference,prism,https://www.crunchbase.com/organization/prism,
30944,Prism,tryprism,Spring 2026,Active,https://tryprism.com/,https://www.ycombinator.com/companies/tryprism,yc_oss_current,false,unverified_candidate,yc_slug_inference,tryprism,https://www.crunchbase.com/organization/tryprism,
32164,Prized,prized,Summer 2026,Active,https://prized.dev,https://www.ycombinator.com/companies/prized,yc_oss_current,false,unverified_candidate,yc_slug_inference,prized,https://www.crunchbase.com/organization/prized,
12036,Probably Genetic,probably-genetic,Winter 2019,Active,https://www.probablygenetic.com/,https://www.ycombinator.com/companies/probably-genetic,yc_oss_current,false,unverified_candidate,yc_slug_inference,probably-genetic,https://www.crunchbase.com/organization/probably-genetic,
30528,Probo,probo,Spring 2025,Active,https://www.probo.com?utm_source=yc-bookface,https://www.ycombinator.com/companies/probo,yc_oss_current,false,unverified_candidate,yc_slug_inference,probo,https://www.crunchbase.com/organization/probo,
30320,Proception Inc,proception-inc,Winter 2025,Active,https://proception.ai/,https://www.ycombinator.com/companies/proception-inc,yc_oss_current,false,unverified_candidate,yc_slug_inference,proception-inc,https://www.crunchbase.com/organization/proception-inc,
30719,ProcIndex,procindex,Summer 2025,Active,https://procindex.com/,https://www.ycombinator.com/companies/procindex,yc_oss_current,false,unverified_candidate,yc_slug_inference,procindex,https://www.crunchbase.com/organization/procindex,
32254,Prodigy Research,prodigy-research,Summer 2026,Active,https://prodigy.markets,https://www.ycombinator.com/companies/prodigy-research,yc_oss_current,false,unverified_candidate,yc_slug_inference,prodigy-research,https://www.crunchbase.com/organization/prodigy-research,
29007,ProdTrace,,S23,Active,https://www.prodtrace.com/,,radema_historical,true,unverified_candidate,company_name_inference,prodtrace,https://www.crunchbase.com/organization/prodtrace,
27992,Proglix,proglix,Winter 2023,Active,https://proglix.com/,https://www.ycombinator.com/companies/proglix,yc_oss_current,false,unverified_candidate,yc_slug_inference,proglix,https://www.crunchbase.com/organization/proglix,
1420,ProjectPro,,IK12,Active,https://www.projectpro.io,,radema_historical,true,unverified_candidate,company_name_inference,projectpro,https://www.crunchbase.com/organization/projectpro,
31507,ProjectX,projectx,Spring 2026,Active,https://www.projectx.cloud/,https://www.ycombinator.com/companies/projectx,yc_oss_current,false,unverified_candidate,yc_slug_inference,projectx,https://www.crunchbase.com/organization/projectx,
30659,Proliferate,proliferate,Summer 2025,Active,https://proliferate.com?utm_source=yc&utm_medium=referral&utm_campaign=profile,https://www.ycombinator.com/companies/proliferate,yc_oss_current,false,unverified_candidate,yc_slug_inference,proliferate,https://www.crunchbase.com/organization/proliferate,
12612,Prolific,prolific,Summer 2019,Active,https://www.prolific.com,https://www.ycombinator.com/companies/prolific,yc_oss_current,false,unverified_candidate,yc_slug_inference,prolific,https://www.crunchbase.com/organization/prolific,
23783,Promakhos Therapeutics,promakhos-therapeutics,Summer 2021,Active,https://www.promakhos.com/,https://www.ycombinator.com/companies/promakhos-therapeutics,yc_oss_current,false,unverified_candidate,yc_slug_inference,promakhos-therapeutics,https://www.crunchbase.com/organization/promakhos-therapeutics,
29725,Promi,promi,Summer 2024,Active,https://www.trypromi.com/,https://www.ycombinator.com/companies/promi,yc_oss_current,false,unverified_candidate,yc_slug_inference,promi,https://www.crunchbase.com/organization/promi,
12570,Prompt,prompt,Summer 2019,Inactive,https://www.getprompt.app/,https://www.ycombinator.com/companies/prompt,yc_oss_current,false,unverified_candidate,yc_slug_inference,prompt,https://www.crunchbase.com/organization/prompt,
29324,PromptArmor,promptarmor,Winter 2024,Active,https://promptarmor.com/,https://www.ycombinator.com/companies/promptarmor,yc_oss_current,false,unverified_candidate,yc_slug_inference,promptarmor,https://www.crunchbase.com/organization/promptarmor,
30207,Promptless,promptless,Winter 2025,Active,https://promptless.ai/,https://www.ycombinator.com/companies/promptless,yc_oss_current,false,unverified_candidate,yc_slug_inference,promptless,https://www.crunchbase.com/organization/promptless,
25329,PromptLoop,promptloop,Winter 2022,Active,https://www.promptloop.com/,https://www.ycombinator.com/companies/promptloop,yc_oss_current,false,unverified_candidate,yc_slug_inference,promptloop,https://www.crunchbase.com/organization/promptloop,
29005,Proof of Human,proof-of-human,Summer 2023,Active,https://poh.org,https://www.ycombinator.com/companies/proof-of-human,yc_oss_current,false,unverified_candidate,yc_slug_inference,proof-of-human,https://www.crunchbase.com/organization/proof-of-human,
12727,Proof Trading,proof-trading,Summer 2019,Active,https://prooftrading.com,https://www.ycombinator.com/companies/proof-trading,yc_oss_current,false,unverified_candidate,yc_slug_inference,proof-trading,https://www.crunchbase.com/organization/proof-trading,
29815,Propaya,propaya,Summer 2024,Active,https://www.propaya.com,https://www.ycombinator.com/companies/propaya,yc_oss_current,false,unverified_candidate,yc_slug_inference,propaya,https://www.crunchbase.com/organization/propaya,
25946,PropelAuth,propelauth,Winter 2022,Active,https://www.propelauth.com,https://www.ycombinator.com/companies/propelauth,yc_oss_current,false,unverified_candidate,yc_slug_inference,propelauth,https://www.crunchbase.com/organization/propelauth,
27876,Propexo,propexo,Winter 2023,Active,https://propexo.com,https://www.ycombinator.com/companies/propexo,yc_oss_current,false,unverified_candidate,yc_slug_inference,propexo,https://www.crunchbase.com/organization/propexo,
30536,Propolis,propolis,Spring 2025,Acquired,https://propolis.tech/,https://www.ycombinator.com/companies/propolis,yc_oss_current,false,unverified_candidate,yc_slug_inference,propolis,https://www.crunchbase.com/organization/propolis,
31569,Proprio Robotics,proprio-robotics,Summer 2026,Active,https://www.propriorobotics.com/,https://www.ycombinator.com/companies/proprio-robotics,yc_oss_current,false,unverified_candidate,yc_slug_inference,proprio-robotics,https://www.crunchbase.com/organization/proprio-robotics,
28808,PropRise,proprise,Summer 2023,Active,https://www.proprise.ai/,https://www.ycombinator.com/companies/proprise,yc_oss_current,false,unverified_candidate,yc_slug_inference,proprise,https://www.crunchbase.com/organization/proprise,
23398,Prospa,prospa,Winter 2021,Active,https://getprospa.com,https://www.ycombinator.com/companies/prospa,yc_oss_current,false,unverified_candidate,yc_slug_inference,prospa,https://www.crunchbase.com/organization/prospa,
24823,Protego,protego,Summer 2021,Inactive,https://www.protegosolutions.io/,https://www.ycombinator.com/companies/protego,yc_oss_current,false,unverified_candidate,yc_slug_inference,protego,https://www.crunchbase.com/organization/protego,
31106,Protent,protent,Winter 2026,Active,https://protent.ai,https://www.ycombinator.com/companies/protent,yc_oss_current,false,unverified_candidate,yc_slug_inference,protent,https://www.crunchbase.com/organization/protent,
24444,Protex AI,protex-ai,Summer 2021,Active,https://www.protex.ai,https://www.ycombinator.com/companies/protex-ai,yc_oss_current,false,unverified_candidate,yc_slug_inference,protex-ai,https://www.crunchbase.com/organization/protex-ai,
13158,Protobase,protobase,Winter 2020,Inactive,https://www.protobase.io,https://www.ycombinator.com/companies/protobase,yc_oss_current,false,unverified_candidate,yc_slug_inference,protobase,https://www.crunchbase.com/organization/protobase,
31436,Prototyping.io,prototypingio,Spring 2026,Active,https://www.prototyping.io,https://www.ycombinator.com/companies/prototypingio,yc_oss_current,false,unverified_candidate,yc_slug_inference,prototypingio,https://www.crunchbase.com/organization/prototypingio,
33017,ProvenMetal,provenmetal,Summer 2026,Active,https://provenmetal.com,https://www.ycombinator.com/companies/provenmetal,yc_oss_current,false,unverified_candidate,yc_slug_inference,provenmetal,https://www.crunchbase.com/organization/provenmetal,
30592,Prox,prox,Fall 2025,Active,https://useprox.com,https://www.ycombinator.com/companies/prox,yc_oss_current,false,unverified_candidate,yc_slug_inference,prox,https://www.crunchbase.com/organization/prox,
31169,Proximitty,proximitty,Winter 2026,Active,https://proximitty.ai,https://www.ycombinator.com/companies/proximitty,yc_oss_current,false,unverified_candidate,yc_slug_inference,proximitty,https://www.crunchbase.com/organization/proximitty,
29668,Proxis,proxis,Summer 2024,Active,https://www.proxis.ai/,https://www.ycombinator.com/companies/proxis,yc_oss_current,false,unverified_candidate,yc_slug_inference,proxis,https://www.crunchbase.com/organization/proxis,
22830,Pry Financials,pry-financials,Winter 2021,Acquired,https://www.pry.co,https://www.ycombinator.com/companies/pry-financials,yc_oss_current,false,unverified_candidate,yc_slug_inference,pry-financials,https://www.crunchbase.com/organization/pry-financials,
13097,Pulley,pulley,Winter 2020,Active,https://pulley.com,https://www.ycombinator.com/companies/pulley,yc_oss_current,false,unverified_candidate,yc_slug_inference,pulley,https://www.crunchbase.com/organization/pulley,
1715,PullRequest,pullrequest,Summer 2017,Acquired,http://www.pullrequest.com,https://www.ycombinator.com/companies/pullrequest,yc_oss_current,false,unverified_candidate,yc_slug_inference,pullrequest,https://www.crunchbase.com/organization/pullrequest,
28849,Punchcard,punchcard,Summer 2023,Active,https://www.punchcard.com,https://www.ycombinator.com/companies/punchcard,yc_oss_current,false,unverified_candidate,yc_slug_inference,punchcard,https://www.crunchbase.com/organization/punchcard,
29053,Pure,pure,Summer 2023,Active,https://www.collectpure.com/,https://www.ycombinator.com/companies/pure,yc_oss_current,false,unverified_candidate,yc_slug_inference,pure,https://www.crunchbase.com/organization/pure,
1958,Purple Plate,purple-plate,Summer 2018,Inactive,http://www.purpleplate.co,https://www.ycombinator.com/companies/purple-plate,yc_oss_current,false,unverified_candidate,yc_slug_inference,purple-plate,https://www.crunchbase.com/organization/purple-plate,
22883,Purpose Finance,purpose-finance,Winter 2021,Inactive,https://www.purposefinance.com/,https://www.ycombinator.com/companies/purpose-finance,yc_oss_current,false,unverified_candidate,yc_slug_inference,purpose-finance,https://www.crunchbase.com/organization/purpose-finance,
25360,Pursuit,pursuit-2,Winter 2022,Inactive,https://www.pursuit-properties.com/,https://www.ycombinator.com/companies/pursuit-2,yc_oss_current,false,unverified_candidate,yc_slug_inference,pursuit-2,https://www.crunchbase.com/organization/pursuit-2,
25525,Pyrls,pyrls,Winter 2022,Active,https://pyrls.com,https://www.ycombinator.com/companies/pyrls,yc_oss_current,false,unverified_candidate,yc_slug_inference,pyrls,https://www.crunchbase.com/organization/pyrls,
23229,Pyroscope,pyroscope,Winter 2021,Acquired,https://pyroscope.io/,https://www.ycombinator.com/companies/pyroscope,yc_oss_current,false,unverified_candidate,yc_slug_inference,pyroscope,https://www.crunchbase.com/organization/pyroscope,
31155,Q2Q,q2q,Winter 2026,Inactive,https://www.tryq2q.com/,https://www.ycombinator.com/companies/q2q,yc_oss_current,false,unverified_candidate,yc_slug_inference,q2q,https://www.crunchbase.com/organization/q2q,
32625,Qlo,qlo,Summer 2026,Active,https://www.getqlo.com/,https://www.ycombinator.com/companies/qlo,yc_oss_current,false,unverified_candidate,yc_slug_inference,qlo,https://www.crunchbase.com/organization/qlo,
34794,Qokedas,qokedas,Fall 2026,Active,https://qokedas.com/,https://www.ycombinator.com/companies/qokedas,yc_oss_current,false,unverified_candidate,yc_slug_inference,qokedas,https://www.crunchbase.com/organization/qokedas,
31396,qomplement,qomplement,Spring 2026,Active,https://qomplement.com,https://www.ycombinator.com/companies/qomplement,yc_oss_current,false,unverified_candidate,yc_slug_inference,qomplement,https://www.crunchbase.com/organization/qomplement,
22850,Quadrant Health,quadrant-health,Winter 2021,Active,https://quadrant.health,https://www.ycombinator.com/companies/quadrant-health,yc_oss_current,false,unverified_candidate,yc_slug_inference,quadrant-health,https://www.crunchbase.com/organization/quadrant-health,
30496,QualGent,qualgent,Spring 2025,Active,https://www.qualgent.ai,https://www.ycombinator.com/companies/qualgent,yc_oss_current,false,unverified_candidate,yc_slug_inference,qualgent,https://www.crunchbase.com/organization/qualgent,
30160,Quantstruct,quantstruct,Winter 2025,Active,https://quantstruct.com,https://www.ycombinator.com/companies/quantstruct,yc_oss_current,false,unverified_candidate,yc_slug_inference,quantstruct,https://www.crunchbase.com/organization/quantstruct,
26066,Query Vary,query-vary,Winter 2022,Active,https://queryvary.com,https://www.ycombinator.com/companies/query-vary,yc_oss_current,false,unverified_candidate,yc_slug_inference,query-vary,https://www.crunchbase.com/organization/query-vary,
24858,Quest,quest,Summer 2021,Inactive,http://quest.app,https://www.ycombinator.com/companies/quest,yc_oss_current,false,unverified_candidate,yc_slug_inference,quest,https://www.crunchbase.com/organization/quest,
29833,Quetzal,quetzal,Summer 2024,Active,https://getquetzal.com/,https://www.ycombinator.com/companies/quetzal,yc_oss_current,false,unverified_candidate,yc_slug_inference,quetzal,https://www.crunchbase.com/organization/quetzal,
13107,Quickcard,quickcard,Winter 2020,Inactive,https://quickcard.com,https://www.ycombinator.com/companies/quickcard,yc_oss_current,false,unverified_candidate,yc_slug_inference,quickcard,https://www.crunchbase.com/organization/quickcard,
1957,Quickchat AI,quickchat-ai,Summer 2018,Active,https://quickchat.ai/,https://www.ycombinator.com/companies/quickchat-ai,yc_oss_current,false,unverified_candidate,yc_slug_inference,quickchat-ai,https://www.crunchbase.com/organization/quickchat-ai,
25959,QUIK,quik,Winter 2022,Active,https://quikpago.com,https://www.ycombinator.com/companies/quik,yc_oss_current,false,unverified_candidate,yc_slug_inference,quik,https://www.crunchbase.com/organization/quik,
13242,Quill,quill,Winter 2020,Active,https://quill.co,https://www.ycombinator.com/companies/quill,yc_oss_current,false,unverified_candidate,yc_slug_inference,quill,https://www.crunchbase.com/organization/quill,
29085,Quill Bills,quill-bills,Summer 2023,Active,https://quillbills.com,https://www.ycombinator.com/companies/quill-bills,yc_oss_current,false,unverified_candidate,yc_slug_inference,quill-bills,https://www.crunchbase.com/organization/quill-bills,
27052,Quindar,quindar,Summer 2022,Active,https://www.quindar.space,https://www.ycombinator.com/companies/quindar,yc_oss_current,false,unverified_candidate,yc_slug_inference,quindar,https://www.crunchbase.com/organization/quindar,
26912,Quinn,quinn,Summer 2022,Active,https://www.quinnbio.com,https://www.ycombinator.com/companies/quinn,yc_oss_current,false,unverified_candidate,yc_slug_inference,quinn,https://www.crunchbase.com/organization/quinn,
36940,Quippy,quippy,Fall 2026,Active,https://quippyapp.com,https://www.ycombinator.com/companies/quippy,yc_oss_current,false,unverified_candidate,yc_slug_inference,quippy,https://www.crunchbase.com/organization/quippy,
29504,Quivr,quivr,Winter 2024,Active,https://www.quivr.app/,https://www.ycombinator.com/companies/quivr,yc_oss_current,false,unverified_candidate,yc_slug_inference,quivr,https://www.crunchbase.com/organization/quivr,
22990,QuotaBook,quotabook,Winter 2021,Active,https://www.quotabook.com/en,https://www.ycombinator.com/companies/quotabook,yc_oss_current,false,unverified_candidate,yc_slug_inference,quotabook,https://www.crunchbase.com/organization/quotabook,
1101,Qvin,qvin,Winter 2016,Active,https://qvin.com/,https://www.ycombinator.com/companies/qvin,yc_oss_current,false,unverified_candidate,yc_slug_inference,qvin,https://www.crunchbase.com/organization/qvin,
22887,R2,r2,Winter 2021,Acquired,https://r2.co/,https://www.ycombinator.com/companies/r2,yc_oss_current,false,unverified_candidate,yc_slug_inference,r2,https://www.crunchbase.com/organization/r2,
13173,Racer,racer,Summer 2020,Inactive,http://racer.app,https://www.ycombinator.com/companies/racer,yc_oss_current,false,unverified_candidate,yc_slug_inference,racer,https://www.crunchbase.com/organization/racer,
493,RADAR,radar,Winter 2013,Active,https://goradar.com,https://www.ycombinator.com/companies/radar,yc_oss_current,false,unverified_candidate,yc_slug_inference,radar,https://www.crunchbase.com/organization/radar,
27960,Radical,radical,Winter 2023,Active,https://www.radicalaero.com/,https://www.ycombinator.com/companies/radical,yc_oss_current,false,unverified_candidate,yc_slug_inference,radical,https://www.crunchbase.com/organization/radical,
30929,Radius,radiusbrowser,Fall 2025,Active,https://www.radiusbrowser.com,https://www.ycombinator.com/companies/radiusbrowser,yc_oss_current,false,unverified_candidate,yc_slug_inference,radiusbrowser,https://www.crunchbase.com/organization/radiusbrowser,
33020,Radley,radley,Summer 2026,Active,https://radley.health/,https://www.ycombinator.com/companies/radley,yc_oss_current,false,unverified_candidate,yc_slug_inference,radley,https://www.crunchbase.com/organization/radley,
29189,RadMate AI,radmate-ai,Winter 2024,Inactive,https://www.radmate.ai,https://www.ycombinator.com/companies/radmate-ai,yc_oss_current,false,unverified_candidate,yc_slug_inference,radmate-ai,https://www.crunchbase.com/organization/radmate-ai,
25305,Railbird,railbird,Winter 2022,Acquired,https://www.railbirdexchange.com/,https://www.ycombinator.com/companies/railbird,yc_oss_current,false,unverified_candidate,yc_slug_inference,railbird,https://www.crunchbase.com/organization/railbird,
12647,Rainbow,rainbow,Summer 2019,Active,https://rainbow.me,https://www.ycombinator.com/companies/rainbow,yc_oss_current,false,unverified_candidate,yc_slug_inference,rainbow,https://www.crunchbase.com/organization/rainbow,
29401,Raindrop,raindrop,Winter 2024,Active,https://www.raindrop.ai,https://www.ycombinator.com/companies/raindrop,yc_oss_current,false,unverified_candidate,yc_slug_inference,raindrop,https://www.crunchbase.com/organization/raindrop,
27915,Rainmaker,rainmaker,Winter 2023,Active,http://www.rainmaker.nyc,https://www.ycombinator.com/companies/rainmaker,yc_oss_current,false,unverified_candidate,yc_slug_inference,rainmaker,https://www.crunchbase.com/organization/rainmaker,
22247,Rally,rally,Summer 2020,Active,https://rally.video,https://www.ycombinator.com/companies/rally,yc_oss_current,false,unverified_candidate,yc_slug_inference,rally,https://www.crunchbase.com/organization/rally,
30235,Rally,rally-3,Winter 2025,Active,https://www.getrally.com/,https://www.ycombinator.com/companies/rally-3,yc_oss_current,false,unverified_candidate,yc_slug_inference,rally-3,https://www.crunchbase.com/organization/rally-3,
27986,Rally Tax,rally-tax,Winter 2023,Active,https://www.rally.tax/,https://www.ycombinator.com/companies/rally-tax,yc_oss_current,false,unverified_candidate,yc_slug_inference,rally-tax,https://www.crunchbase.com/organization/rally-tax,
30426,Ralo,ralo,Spring 2025,Active,https://www.ralo.com/,https://www.ycombinator.com/companies/ralo,yc_oss_current,false,unverified_candidate,yc_slug_inference,ralo,https://www.crunchbase.com/organization/ralo,
31145,RamAIn,ramain,Winter 2026,Active,https://ramain.ai,https://www.ycombinator.com/companies/ramain,yc_oss_current,false,unverified_candidate,yc_slug_inference,ramain,https://www.crunchbase.com/organization/ramain,
13505,Ramani,ramani,Winter 2020,Active,http://www.ramani.io,https://www.ycombinator.com/companies/ramani,yc_oss_current,false,unverified_candidate,yc_slug_inference,ramani,https://www.crunchbase.com/organization/ramani,
29634,Random Labs,random-labs,Summer 2024,Active,https://randomlabs.ai,https://www.ycombinator.com/companies/random-labs,yc_oss_current,false,unverified_candidate,yc_slug_inference,random-labs,https://www.crunchbase.com/organization/random-labs,
28992,Rankai,rankai,Summer 2023,Active,https://rankai.ai/,https://www.ycombinator.com/companies/rankai,yc_oss_current,false,unverified_candidate,yc_slug_inference,rankai,https://www.crunchbase.com/organization/rankai,
31161,Rapidfolio,rapidfolio,Summer 2026,Active,https://rapidfolio.com/,https://www.ycombinator.com/companies/rapidfolio,yc_oss_current,false,unverified_candidate,yc_slug_inference,rapidfolio,https://www.crunchbase.com/organization/rapidfolio,
22306,Rarebird,rarebird,Summer 2020,Active,http://www.rarebird.coffee,https://www.ycombinator.com/companies/rarebird,yc_oss_current,false,unverified_candidate,yc_slug_inference,rarebird,https://www.crunchbase.com/organization/rarebird,
31494,RASPIRE,raspire,Spring 2026,Active,https://raspire.com/,https://www.ycombinator.com/companies/raspire,yc_oss_current,false,unverified_candidate,yc_slug_inference,raspire,https://www.crunchbase.com/organization/raspire,
29834,Rastro,rastro,Summer 2024,Active,https://rastro.ai,https://www.ycombinator.com/companies/rastro,yc_oss_current,false,unverified_candidate,yc_slug_inference,rastro,https://www.crunchbase.com/organization/rastro,
32261,Rasyn,rasyn,Summer 2026,Active,https://www.rasyn.ai/,https://www.ycombinator.com/companies/rasyn,yc_oss_current,false,unverified_candidate,yc_slug_inference,rasyn,https://www.crunchbase.com/organization/rasyn,
32622,Rational,rational,Summer 2026,Active,https://rational.to,https://www.ycombinator.com/companies/rational,yc_oss_current,false,unverified_candidate,yc_slug_inference,rational,https://www.crunchbase.com/organization/rational,
26783,Raven,raven,Summer 2022,Active,https://startraven.com,https://www.ycombinator.com/companies/raven,yc_oss_current,false,unverified_candidate,yc_slug_inference,raven,https://www.crunchbase.com/organization/raven,
25312,Ravion,ravion,Winter 2022,Active,https://www.ravion.com?ref=bookface,https://www.ycombinator.com/companies/ravion,yc_oss_current,false,unverified_candidate,yc_slug_inference,ravion,https://www.crunchbase.com/organization/ravion,
12299,rct AI,rct-studio,Winter 2019,Active,http://rct.ai,https://www.ycombinator.com/companies/rct-studio,yc_oss_current,false,unverified_candidate,yc_slug_inference,rct-studio,https://www.crunchbase.com/organization/rct-studio,
25572,RDash,rdash,Winter 2022,Active,https://www.rdash.io,https://www.ycombinator.com/companies/rdash,yc_oss_current,false,unverified_candidate,yc_slug_inference,rdash,https://www.crunchbase.com/organization/rdash,
898,Reach,reach,Summer 2015,Active,https://reachpower.com,https://www.ycombinator.com/companies/reach,yc_oss_current,false,unverified_candidate,yc_slug_inference,reach,https://www.crunchbase.com/organization/reach,
30761,Reacher,reacher,Summer 2025,Active,https://reacherapp.com/,https://www.ycombinator.com/companies/reacher,yc_oss_current,false,unverified_candidate,yc_slug_inference,reacher,https://www.crunchbase.com/organization/reacher,
29732,ReactWise,reactwise,Summer 2024,Active,https://www.reactwise.com/,https://www.ycombinator.com/companies/reactwise,yc_oss_current,false,unverified_candidate,yc_slug_inference,reactwise,https://www.crunchbase.com/organization/reactwise,
28997,Read Bean,read-bean,Summer 2023,Active,https://readbean.app/,https://www.ycombinator.com/companies/read-bean,yc_oss_current,false,unverified_candidate,yc_slug_inference,read-bean,https://www.crunchbase.com/organization/read-bean,
28809,Readily,readily,Summer 2023,Active,https://readily.co,https://www.ycombinator.com/companies/readily,yc_oss_current,false,unverified_candidate,yc_slug_inference,readily,https://www.crunchbase.com/organization/readily,
32195,RealPact,realpact,Summer 2026,Active,https://realpact.ai,https://www.ycombinator.com/companies/realpact,yc_oss_current,false,unverified_candidate,yc_slug_inference,realpact,https://www.crunchbase.com/organization/realpact,
31546,ReasonBlocks,reasonblocks,Spring 2026,Active,https://reasonblocks.com/,https://www.ycombinator.com/companies/reasonblocks,yc_oss_current,false,unverified_candidate,yc_slug_inference,reasonblocks,https://www.crunchbase.com/organization/reasonblocks,
1929,Rebellyous Foods,rebellyous-foods,Summer 2018,Active,https://rebellyous.com/,https://www.ycombinator.com/companies/rebellyous-foods,yc_oss_current,false,unverified_candidate,yc_slug_inference,rebellyous-foods,https://www.crunchbase.com/organization/rebellyous-foods,
30324,Rebolt,rebolt,Winter 2025,Active,https://rebolt.ai,https://www.ycombinator.com/companies/rebolt,yc_oss_current,false,unverified_candidate,yc_slug_inference,rebolt,https://www.crunchbase.com/organization/rebolt,
30763,Rebulk,rebulk,Summer 2025,Active,https://www.rebulk.com,https://www.ycombinator.com/companies/rebulk,yc_oss_current,false,unverified_candidate,yc_slug_inference,rebulk,https://www.crunchbase.com/organization/rebulk,
13519,Recall.ai,recall-ai,Winter 2020,Active,https://www.recall.ai,https://www.ycombinator.com/companies/recall-ai,yc_oss_current,false,unverified_candidate,yc_slug_inference,recall-ai,https://www.crunchbase.com/organization/recall-ai,
12837,Recidiviz,recidiviz,Summer 2019,Active,https://www.recidiviz.org/,https://www.ycombinator.com/companies/recidiviz,yc_oss_current,false,unverified_candidate,yc_slug_inference,recidiviz,https://www.crunchbase.com/organization/recidiviz,
29078,RecipeUI,recipeui,Summer 2023,Active,https://recipeui.com,https://www.ycombinator.com/companies/recipeui,yc_oss_current,false,unverified_candidate,yc_slug_inference,recipeui,https://www.crunchbase.com/organization/recipeui,
25619,RecordBook,recordbook,Winter 2022,Active,https://play.google.com/store/apps/details?id=com.foodmonk.rekordapp,https://www.ycombinator.com/companies/recordbook,yc_oss_current,false,unverified_candidate,yc_slug_inference,recordbook,https://www.crunchbase.com/organization/recordbook,
23432,Recover,recover,Winter 2021,Active,https://www.letsrecover.com,https://www.ycombinator.com/companies/recover,yc_oss_current,false,unverified_candidate,yc_slug_inference,recover,https://www.crunchbase.com/organization/recover,
13330,Recurrency,recurrency,Summer 2020,Active,http://www.recurrency.com,https://www.ycombinator.com/companies/recurrency,yc_oss_current,false,unverified_candidate,yc_slug_inference,recurrency,https://www.crunchbase.com/organization/recurrency,
181,Recurse Center,recurse-center,Summer 2010,Active,https://www.recurse.com,https://www.ycombinator.com/companies/recurse-center,yc_oss_current,false,unverified_candidate,yc_slug_inference,recurse-center,https://www.crunchbase.com/organization/recurse-center,
30368,Red Barn Robotics,red-barn-robotics,Winter 2025,Active,https://www.redbarnrobotics.com,https://www.ycombinator.com/companies/red-barn-robotics,yc_oss_current,false,unverified_candidate,yc_slug_inference,red-barn-robotics,https://www.crunchbase.com/organization/red-barn-robotics,
30912,Redapto,redapto,Fall 2025,Active,https://www.redapto.com/,https://www.ycombinator.com/companies/redapto,yc_oss_current,false,unverified_candidate,yc_slug_inference,redapto,https://www.crunchbase.com/organization/redapto,
24203,Redbean,redbean,Summer 2021,Active,https://redbean.ai,https://www.ycombinator.com/companies/redbean,yc_oss_current,false,unverified_candidate,yc_slug_inference,redbean,https://www.crunchbase.com/organization/redbean,
23146,Redcliffe Lifetech,redcliffe-lifetech,Winter 2021,Active,http://redcliffelabs.com,https://www.ycombinator.com/companies/redcliffe-lifetech,yc_oss_current,false,unverified_candidate,yc_slug_inference,redcliffe-lifetech,https://www.crunchbase.com/organization/redcliffe-lifetech,
29740,Redouble AI,redouble-ai,Summer 2024,Active,https://redouble.ai/,https://www.ycombinator.com/companies/redouble-ai,yc_oss_current,false,unverified_candidate,yc_slug_inference,redouble-ai,https://www.crunchbase.com/organization/redouble-ai,
37600,Redoubt Insurance,redoubt-insurance,Fall 2026,Active,https://www.redoubt.agency,https://www.ycombinator.com/companies/redoubt-insurance,yc_oss_current,false,unverified_candidate,yc_slug_inference,redoubt-insurance,https://www.crunchbase.com/organization/redoubt-insurance,
29254,Reducto,reducto,Winter 2024,Active,https://reducto.ai,https://www.ycombinator.com/companies/reducto,yc_oss_current,false,unverified_candidate,yc_slug_inference,reducto,https://www.crunchbase.com/organization/reducto,
29788,Refactor,refactor,Summer 2024,Active,https://refactor.co,https://www.ycombinator.com/companies/refactor,yc_oss_current,false,unverified_candidate,yc_slug_inference,refactor,https://www.crunchbase.com/organization/refactor,
25645,RefineTrain AI,refinetrain-ai,Winter 2022,Active,https://www.refinetrain.ai/,https://www.ycombinator.com/companies/refinetrain-ai,yc_oss_current,false,unverified_candidate,yc_slug_inference,refinetrain-ai,https://www.crunchbase.com/organization/refinetrain-ai,
22252,Reflect,reflect,Summer 2020,Acquired,https://reflect.run,https://www.ycombinator.com/companies/reflect,yc_oss_current,false,unverified_candidate,yc_slug_inference,reflect,https://www.crunchbase.com/organization/reflect,
27673,Reflex,reflex,Winter 2023,Active,https://reflex.dev,https://www.ycombinator.com/companies/reflex,yc_oss_current,false,unverified_candidate,yc_slug_inference,reflex,https://www.crunchbase.com/organization/reflex,
31195,Reframe,usereframe,Winter 2026,Active,http://usereframe.ai,https://www.ycombinator.com/companies/usereframe,yc_oss_current,false,unverified_candidate,yc_slug_inference,usereframe,https://www.crunchbase.com/organization/usereframe,
30454,Refresh,refresh,Spring 2025,Active,https://www.refresh.dev,https://www.ycombinator.com/companies/refresh,yc_oss_current,false,unverified_candidate,yc_slug_inference,refresh,https://www.crunchbase.com/organization/refresh,
31279,Regbase,regbase,Spring 2026,Active,https://regbase.com,https://www.ycombinator.com/companies/regbase,yc_oss_current,false,unverified_candidate,yc_slug_inference,regbase,https://www.crunchbase.com/organization/regbase,
23369,REGENT,regent,Winter 2021,Active,http://regentcraft.com,https://www.ycombinator.com/companies/regent,yc_oss_current,false,unverified_candidate,yc_slug_inference,regent,https://www.crunchbase.com/organization/regent,
25540,Rehook.ai,rehook-ai,Winter 2022,Active,https://rehook.ai/,https://www.ycombinator.com/companies/rehook-ai,yc_oss_current,false,unverified_candidate,yc_slug_inference,rehook-ai,https://www.crunchbase.com/organization/rehook-ai,
30277,ReJot,rejot,Winter 2025,Active,https://rejot.dev,https://www.ycombinator.com/companies/rejot,yc_oss_current,false,unverified_candidate,yc_slug_inference,rejot,https://www.crunchbase.com/organization/rejot,
2028,Rejuvenation Technologies Inc.,rejuvenation-technologies-inc,Summer 2018,Active,https://www.rejuvenationtech.com/,https://www.ycombinator.com/companies/rejuvenation-technologies-inc,yc_oss_current,false,unverified_candidate,yc_slug_inference,rejuvenation-technologies-inc,https://www.crunchbase.com/organization/rejuvenation-technologies-inc,
31555,rekursiv.ai,rekursivai,Summer 2026,Active,https://rekursiv.ai,https://www.ycombinator.com/companies/rekursivai,yc_oss_current,false,unverified_candidate,yc_slug_inference,rekursivai,https://www.crunchbase.com/organization/rekursivai,
27874,Relace,relace,Winter 2023,Active,https://relace.ai,https://www.ycombinator.com/companies/relace,yc_oss_current,false,unverified_candidate,yc_slug_inference,relace,https://www.crunchbase.com/organization/relace,
29185,Relari,relari,Winter 2024,Active,https://www.relari.ai/,https://www.ycombinator.com/companies/relari,yc_oss_current,false,unverified_candidate,yc_slug_inference,relari,https://www.crunchbase.com/organization/relari,
30953,Relaw,relaw,Fall 2025,Active,https://www.relaw.ai,https://www.ycombinator.com/companies/relaw,yc_oss_current,false,unverified_candidate,yc_slug_inference,relaw,https://www.crunchbase.com/organization/relaw,
27095,Relay Health,relay-health,Summer 2022,Active,https://www.joinrelay.app,https://www.ycombinator.com/companies/relay-health,yc_oss_current,false,unverified_candidate,yc_slug_inference,relay-health,https://www.crunchbase.com/organization/relay-health,
13234,Release,release,Winter 2020,Active,https://release.com,https://www.ycombinator.com/companies/release,yc_oss_current,false,unverified_candidate,yc_slug_inference,release,https://www.crunchbase.com/organization/release,
27168,Relevium Medical,relevium-medical,Summer 2022,Active,https://relevium-medical.com/,https://www.ycombinator.com/companies/relevium-medical,yc_oss_current,false,unverified_candidate,yc_slug_inference,relevium-medical,https://www.crunchbase.com/organization/relevium-medical,
30712,Relling,relling,Summer 2025,Active,https://relling.co,https://www.ycombinator.com/companies/relling,yc_oss_current,false,unverified_candidate,yc_slug_inference,relling,https://www.crunchbase.com/organization/relling,
30117,Relvy AI,relvy-ai,Fall 2024,Active,https://www.relvy.ai,https://www.ycombinator.com/companies/relvy-ai,yc_oss_current,false,unverified_candidate,yc_slug_inference,relvy-ai,https://www.crunchbase.com/organization/relvy-ai,
30829,Remedy,remedy,Fall 2025,Acquired,http://www.useremedy.co,https://www.ycombinator.com/companies/remedy,yc_oss_current,false,unverified_candidate,yc_slug_inference,remedy,https://www.crunchbase.com/organization/remedy,
26268,Remi,remi,Winter 2022,Active,https://www.remihq.com,https://www.ycombinator.com/companies/remi,yc_oss_current,false,unverified_candidate,yc_slug_inference,remi,https://www.crunchbase.com/organization/remi,
1356,Remind,,IK12,Active,http://www.remind.com,,radema_historical,true,unverified_candidate,company_name_inference,remind,https://www.crunchbase.com/organization/remind,
31302,Remix,remix-3,Winter 2026,Active,https://remix.re,https://www.ycombinator.com/companies/remix-3,yc_oss_current,false,unverified_candidate,yc_slug_inference,remix-3,https://www.crunchbase.com/organization/remix-3,
31232,Remy AI,remy-ai,Winter 2026,Active,https://www.tryremy.ai/,https://www.ycombinator.com/companies/remy-ai,yc_oss_current,false,unverified_candidate,yc_slug_inference,remy-ai,https://www.crunchbase.com/organization/remy-ai,
29502,renderlet,renderlet,Winter 2024,Active,http://renderlet.com,https://www.ycombinator.com/companies/renderlet,yc_oss_current,false,unverified_candidate,yc_slug_inference,renderlet,https://www.crunchbase.com/organization/renderlet,
31410,RentAHuman,rentahuman,Spring 2026,Active,https://rentahuman.ai,https://www.ycombinator.com/companies/rentahuman,yc_oss_current,false,unverified_candidate,yc_slug_inference,rentahuman,https://www.crunchbase.com/organization/rentahuman,
29837,RentFlow,rentflow,Summer 2024,Active,https://www.therentflow.com,https://www.ycombinator.com/companies/rentflow,yc_oss_current,false,unverified_candidate,yc_slug_inference,rentflow,https://www.crunchbase.com/organization/rentflow,
31345,Replicas,replicas,Spring 2026,Active,https://replicas.dev,https://www.ycombinator.com/companies/replicas,yc_oss_current,false,unverified_candidate,yc_slug_inference,replicas,https://www.crunchbase.com/organization/replicas,
23979,Replo,replo,Summer 2021,Active,https://replo.app/,https://www.ycombinator.com/companies/replo,yc_oss_current,false,unverified_candidate,yc_slug_inference,replo,https://www.crunchbase.com/organization/replo,
13732,Reploy,reploy,Summer 2020,Inactive,https://getreploy.com/,https://www.ycombinator.com/companies/reploy,yc_oss_current,false,unverified_candidate,yc_slug_inference,reploy,https://www.crunchbase.com/organization/reploy,
29512,Reprompt,reprompt,Winter 2024,Active,https://repromptai.com,https://www.ycombinator.com/companies/reprompt,yc_oss_current,false,unverified_candidate,yc_slug_inference,reprompt,https://www.crunchbase.com/organization/reprompt,
24139,REPROSENT,reprosent,Summer 2021,Active,http://www.reprosent.com,https://www.ycombinator.com/companies/reprosent,yc_oss_current,false,unverified_candidate,yc_slug_inference,reprosent,https://www.crunchbase.com/organization/reprosent,
1507,Request Network,request-network,Winter 2017,Active,https://request.network,https://www.ycombinator.com/companies/request-network,yc_oss_current,false,unverified_candidate,yc_slug_inference,request-network,https://www.crunchbase.com/organization/request-network,
29801,Rescript,rescript,Summer 2024,Active,https://rescript.ai/,https://www.ycombinator.com/companies/rescript,yc_oss_current,false,unverified_candidate,yc_slug_inference,rescript,https://www.crunchbase.com/organization/rescript,
23611,Reshape Biotech,reshape-biotech,Winter 2021,Active,http://reshapebiotech.com/,https://www.ycombinator.com/companies/reshape-biotech,yc_oss_current,false,unverified_candidate,yc_slug_inference,reshape-biotech,https://www.crunchbase.com/organization/reshape-biotech,
29353,Resonance,resonance,Winter 2024,Acquired,https://www.useresonance.com/,https://www.ycombinator.com/companies/resonance,yc_oss_current,false,unverified_candidate,yc_slug_inference,resonance,https://www.crunchbase.com/organization/resonance,
22996,Resquared,resquared,Winter 2021,Active,http://re2.ai,https://www.ycombinator.com/companies/resquared,yc_oss_current,false,unverified_candidate,yc_slug_inference,resquared,https://www.crunchbase.com/organization/resquared,
31200,Ressl AI,ressl-ai,Winter 2026,Active,https://ressl.ai,https://www.ycombinator.com/companies/ressl-ai,yc_oss_current,false,unverified_candidate,yc_slug_inference,ressl-ai,https://www.crunchbase.com/organization/ressl-ai,
31438,Result,result,Spring 2026,Active,https://result.dev/,https://www.ycombinator.com/companies/result,yc_oss_current,false,unverified_candidate,yc_slug_inference,result,https://www.crunchbase.com/organization/result,
29517,RetailReady,retailready,Winter 2024,Active,https://www.retailreadyai.com/,https://www.ycombinator.com/companies/retailready,yc_oss_current,false,unverified_candidate,yc_slug_inference,retailready,https://www.crunchbase.com/organization/retailready,
27983,Retape,retape,Winter 2023,Active,https://www.retape.ai/,https://www.ycombinator.com/companies/retape,yc_oss_current,false,unverified_candidate,yc_slug_inference,retape,https://www.crunchbase.com/organization/retape,
23399,Rethoric,rethoric,Winter 2021,Active,http://rethoric.com/ycombinator,https://www.ycombinator.com/companies/rethoric,yc_oss_current,false,unverified_candidate,yc_slug_inference,rethoric,https://www.crunchbase.com/organization/rethoric,
30049,Reticular,reticular,Fall 2024,Active,https://reticular.com,https://www.ycombinator.com/companies/reticular,yc_oss_current,false,unverified_candidate,yc_slug_inference,reticular,https://www.crunchbase.com/organization/reticular,
1564,Retool,retool,Winter 2017,Active,https://retool.com,https://www.ycombinator.com/companies/retool,yc_oss_current,false,unverified_candidate,yc_slug_inference,retool,https://www.crunchbase.com/organization/retool,
30312,Retrofit,retrofit,Winter 2025,Active,https://www.retrofit.shop/,https://www.ycombinator.com/companies/retrofit,yc_oss_current,false,unverified_candidate,yc_slug_inference,retrofit,https://www.crunchbase.com/organization/retrofit,
29658,RetroFix,retrofix,Summer 2024,Active,https://www.retrofix.ai/,https://www.ycombinator.com/companies/retrofix,yc_oss_current,false,unverified_candidate,yc_slug_inference,retrofix,https://www.crunchbase.com/organization/retrofix,
31097,REV1,rev1,Winter 2026,Active,https://rev1.so,https://www.ycombinator.com/companies/rev1,yc_oss_current,false,unverified_candidate,yc_slug_inference,rev1,https://www.crunchbase.com/organization/rev1,
28830,Revamp,revamp,Summer 2023,Active,https://www.getrevamp.ai,https://www.ycombinator.com/companies/revamp,yc_oss_current,false,unverified_candidate,yc_slug_inference,revamp,https://www.crunchbase.com/organization/revamp,
12624,Revel,revel,Summer 2019,Inactive,https://www.hellorevel.com/,https://www.ycombinator.com/companies/revel,yc_oss_current,false,unverified_candidate,yc_slug_inference,revel,https://www.crunchbase.com/organization/revel,
13305,Revenir,revenir,Winter 2020,Active,https://www.revenir.ai/,https://www.ycombinator.com/companies/revenir,yc_oss_current,false,unverified_candidate,yc_slug_inference,revenir,https://www.crunchbase.com/organization/revenir,
27194,REVER,rever,Summer 2022,Active,https://itsrever.com/,https://www.ycombinator.com/companies/rever,yc_oss_current,false,unverified_candidate,yc_slug_inference,rever,https://www.crunchbase.com/organization/rever,
30104,Revi,revi,Fall 2024,Active,https://www.revi.ai/,https://www.ycombinator.com/companies/revi,yc_oss_current,false,unverified_candidate,yc_slug_inference,revi,https://www.crunchbase.com/organization/revi,
31189,Revion,revion,Winter 2026,Active,https://revion.inc,https://www.ycombinator.com/companies/revion,yc_oss_current,false,unverified_candidate,yc_slug_inference,revion,https://www.crunchbase.com/organization/revion,
30174,Revise Robotics,revise-robotics,Winter 2025,Active,https://www.reviserobotics.com/,https://www.ycombinator.com/companies/revise-robotics,yc_oss_current,false,unverified_candidate,yc_slug_inference,revise-robotics,https://www.crunchbase.com/organization/revise-robotics,
31527,Revnu,revnu,Spring 2026,Active,https://revnu.com,https://www.ycombinator.com/companies/revnu,yc_oss_current,false,unverified_candidate,yc_slug_inference,revnu,https://www.crunchbase.com/organization/revnu,
24926,Revolve Surgical,revolve-surgical,Summer 2021,Active,https://revolvesurgical.com/,https://www.ycombinator.com/companies/revolve-surgical,yc_oss_current,false,unverified_candidate,yc_slug_inference,revolve-surgical,https://www.crunchbase.com/organization/revolve-surgical,
26139,Revoy,revoy,Winter 2022,Active,https://www.revoy.com,https://www.ycombinator.com/companies/revoy,yc_oss_current,false,unverified_candidate,yc_slug_inference,revoy,https://www.crunchbase.com/organization/revoy,
30041,Revyl,revyl,Fall 2024,Active,https://www.revyl.com,https://www.ycombinator.com/companies/revyl,yc_oss_current,false,unverified_candidate,yc_slug_inference,revyl,https://www.crunchbase.com/organization/revyl,
29667,Rewbi,rewbi,Summer 2024,Active,https://www.rewbi.com/,https://www.ycombinator.com/companies/rewbi,yc_oss_current,false,unverified_candidate,yc_slug_inference,rewbi,https://www.crunchbase.com/organization/rewbi,
28744,Reworkd,reworkd,Summer 2023,Active,https://reworkd.ai,https://www.ycombinator.com/companies/reworkd,yc_oss_current,false,unverified_candidate,yc_slug_inference,reworkd,https://www.crunchbase.com/organization/reworkd,
32155,Rex,rex-inc,Summer 2026,Active,https://www.rex.inc,https://www.ycombinator.com/companies/rex-inc,yc_oss_current,false,unverified_candidate,yc_slug_inference,rex-inc,https://www.crunchbase.com/organization/rex-inc,
31176,Rhizome AI,rhizome-ai,Winter 2026,Active,https://rhizomeai.com/,https://www.ycombinator.com/companies/rhizome-ai,yc_oss_current,false,unverified_candidate,yc_slug_inference,rhizome-ai,https://www.crunchbase.com/organization/rhizome-ai,
27679,rift,rift,Winter 2023,Inactive,https://rift.com,https://www.ycombinator.com/companies/rift,yc_oss_current,false,unverified_candidate,yc_slug_inference,rift,https://www.crunchbase.com/organization/rift,
32198,Riften,riften,Summer 2026,Active,https://riften.ai,https://www.ycombinator.com/companies/riften,yc_oss_current,false,unverified_candidate,yc_slug_inference,riften,https://www.crunchbase.com/organization/riften,
31591,RightNow,rightnow,Fall 2026,Active,https://runinfra.ai/,https://www.ycombinator.com/companies/rightnow,yc_oss_current,false,unverified_candidate,yc_slug_inference,rightnow,https://www.crunchbase.com/organization/rightnow,
26907,Rima AI (formerly Garage),rima-ai,Summer 2022,Active,https://www.getrima.ai,https://www.ycombinator.com/companies/rima-ai,yc_oss_current,false,unverified_candidate,yc_slug_inference,rima-ai,https://www.crunchbase.com/organization/rima-ai,
31570,Rindler,rindler,Summer 2026,Active,https://maxxwell.dev,https://www.ycombinator.com/companies/rindler,yc_oss_current,false,unverified_candidate,yc_slug_inference,rindler,https://www.crunchbase.com/organization/rindler,
21792,RingMD,ringmd,Summer 2020,Active,https://www.ring.md,https://www.ycombinator.com/companies/ringmd,yc_oss_current,false,unverified_candidate,yc_slug_inference,ringmd,https://www.crunchbase.com/organization/ringmd,
22884,Rinsed,rinsed,Winter 2021,Active,https://www.rinsed.com,https://www.ycombinator.com/companies/rinsed,yc_oss_current,false,unverified_candidate,yc_slug_inference,rinsed,https://www.crunchbase.com/organization/rinsed,
26797,Rio,rio,Summer 2022,Active,https://www.rio.trade,https://www.ycombinator.com/companies/rio,yc_oss_current,false,unverified_candidate,yc_slug_inference,rio,https://www.crunchbase.com/organization/rio,
22250,Riogrande,riogrande,Summer 2020,Acquired,https://www.riogrande.co/,https://www.ycombinator.com/companies/riogrande,yc_oss_current,false,unverified_candidate,yc_slug_inference,riogrande,https://www.crunchbase.com/organization/riogrande,
13311,Riot,riot,Winter 2020,Active,https://tryriot.com/,https://www.ycombinator.com/companies/riot,yc_oss_current,false,unverified_candidate,yc_slug_inference,riot,https://www.crunchbase.com/organization/riot,
32192,Rise Reforming,rise-reforming,Summer 2026,Active,https://rise-reforming.com/home,https://www.ycombinator.com/companies/rise-reforming,yc_oss_current,false,unverified_candidate,yc_slug_inference,rise-reforming,https://www.crunchbase.com/organization/rise-reforming,
30724,Risely AI,risely-ai,Summer 2025,Active,https://www.risely.ai/,https://www.ycombinator.com/companies/risely-ai,yc_oss_current,false,unverified_candidate,yc_slug_inference,risely-ai,https://www.crunchbase.com/organization/risely-ai,
29793,RiskAngle,riskangle,Summer 2024,Inactive,https://www.riskangle.com/,https://www.ycombinator.com/companies/riskangle,yc_oss_current,false,unverified_candidate,yc_slug_inference,riskangle,https://www.crunchbase.com/organization/riskangle,
30055,RiskCube,riskcube,Fall 2024,Active,https://riskcube.com,https://www.ycombinator.com/companies/riskcube,yc_oss_current,false,unverified_candidate,yc_slug_inference,riskcube,https://www.crunchbase.com/organization/riskcube,
32650,Risklytics,risklytics,Summer 2026,Active,https://www.risklytics.ai/,https://www.ycombinator.com/companies/risklytics,yc_oss_current,false,unverified_candidate,yc_slug_inference,risklytics,https://www.crunchbase.com/organization/risklytics,
29405,Risotto,risotto,Winter 2024,Active,https://tryrisotto.com,https://www.ycombinator.com/companies/risotto,yc_oss_current,false,unverified_candidate,yc_slug_inference,risotto,https://www.crunchbase.com/organization/risotto,
31276,Ritivel,ritivel,Winter 2026,Active,https://www.ritivel.com,https://www.ycombinator.com/companies/ritivel,yc_oss_current,false,unverified_candidate,yc_slug_inference,ritivel,https://www.crunchbase.com/organization/ritivel,
31450,River Markets,river-markets,Spring 2026,Active,https://www.rivermarkets.com,https://www.ycombinator.com/companies/river-markets,yc_oss_current,false,unverified_candidate,yc_slug_inference,river-markets,https://www.crunchbase.com/organization/river-markets,
30680,Riverbank,riverbank,Summer 2025,Active,https://www.riverbank.sh/,https://www.ycombinator.com/companies/riverbank,yc_oss_current,false,unverified_candidate,yc_slug_inference,riverbank,https://www.crunchbase.com/organization/riverbank,
31013,Rivet,rivet-design,Fall 2025,Active,https://rivet.design/,https://www.ycombinator.com/companies/rivet-design,yc_oss_current,false,unverified_candidate,yc_slug_inference,rivet-design,https://www.crunchbase.com/organization/rivet-design,
30017,Riveter,riveter,Fall 2024,Active,https://www.riveterhq.com/,https://www.ycombinator.com/companies/riveter,yc_oss_current,false,unverified_candidate,yc_slug_inference,riveter,https://www.crunchbase.com/organization/riveter,
24083,Rivia.AI,rivia-ai,Summer 2021,Active,https://rivia.ai,https://www.ycombinator.com/companies/rivia-ai,yc_oss_current,false,unverified_candidate,yc_slug_inference,rivia-ai,https://www.crunchbase.com/organization/rivia-ai,
30282,Riviera,riviera,Winter 2025,Active,https://www.withriviera.com,https://www.ycombinator.com/companies/riviera,yc_oss_current,false,unverified_candidate,yc_slug_inference,riviera,https://www.crunchbase.com/organization/riviera,
24555,RMFG,rmfg,Summer 2021,Active,https://www.rmfg.com,https://www.ycombinator.com/companies/rmfg,yc_oss_current,false,unverified_candidate,yc_slug_inference,rmfg,https://www.crunchbase.com/organization/rmfg,
30325,Roark,roark,Winter 2025,Active,https://roark.ai,https://www.ycombinator.com/companies/roark,yc_oss_current,false,unverified_candidate,yc_slug_inference,roark,https://www.crunchbase.com/organization/roark,
31201,Robby,robby,Winter 2026,Active,https://tryrobby.com,https://www.ycombinator.com/companies/robby,yc_oss_current,false,unverified_candidate,yc_slug_inference,robby,https://www.crunchbase.com/organization/robby,
33349,Robocurve,robocurve,Summer 2026,Active,https://robocurve.org,https://www.ycombinator.com/companies/robocurve,yc_oss_current,false,unverified_candidate,yc_slug_inference,robocurve,https://www.crunchbase.com/organization/robocurve,
31135,RoboDock,robodock,Winter 2026,Active,https://www.robodock.tech/,https://www.ycombinator.com/companies/robodock,yc_oss_current,false,unverified_candidate,yc_slug_inference,robodock,https://www.crunchbase.com/organization/robodock,
21769,Roboflow,roboflow,Summer 2020,Active,https://roboflow.com,https://www.ycombinator.com/companies/roboflow,yc_oss_current,false,unverified_candidate,yc_slug_inference,roboflow,https://www.crunchbase.com/organization/roboflow,
13087,RoboTire,robotire,Winter 2020,Inactive,http://www.robotire.com,https://www.ycombinator.com/companies/robotire,yc_oss_current,false,unverified_candidate,yc_slug_inference,robotire,https://www.crunchbase.com/organization/robotire,
30217,Rocketable,rocketable,Winter 2025,Active,https://www.rocketable.com,https://www.ycombinator.com/companies/rocketable,yc_oss_current,false,unverified_candidate,yc_slug_inference,rocketable,https://www.crunchbase.com/organization/rocketable,
22660,RocketSDR,rocketsdr,Winter 2021,Active,https://rocketsdr.ai,https://www.ycombinator.com/companies/rocketsdr,yc_oss_current,false,unverified_candidate,yc_slug_inference,rocketsdr,https://www.crunchbase.com/organization/rocketsdr,
29291,ROE,roe,Winter 2024,Active,https://getroe.ai,https://www.ycombinator.com/companies/roe,yc_oss_current,false,unverified_candidate,yc_slug_inference,roe,https://www.crunchbase.com/organization/roe,
29568,Roger,roger-2,Summer 2024,Active,https://hireroger.com,https://www.ycombinator.com/companies/roger-2,yc_oss_current,false,unverified_candidate,yc_slug_inference,roger-2,https://www.crunchbase.com/organization/roger-2,
23156,ROGER,roger,Winter 2021,Active,https://www.thanksroger.com/,https://www.ycombinator.com/companies/roger,yc_oss_current,false,unverified_candidate,yc_slug_inference,roger,https://www.crunchbase.com/organization/roger,
22875,Roin Technologies,roin-technologies,Winter 2021,Acquired,https://rointech.com,https://www.ycombinator.com/companies/roin-technologies,yc_oss_current,false,unverified_candidate,yc_slug_inference,roin-technologies,https://www.crunchbase.com/organization/roin-technologies,
25822,Rome,rome,Winter 2022,Active,https://rome.ai,https://www.ycombinator.com/companies/rome,yc_oss_current,false,unverified_candidate,yc_slug_inference,rome,https://www.crunchbase.com/organization/rome,
32979,RonanRx Inc.,ronanrx-inc,Summer 2026,Active,https://ronanrx.com/,https://www.ycombinator.com/companies/ronanrx-inc,yc_oss_current,false,unverified_candidate,yc_slug_inference,ronanrx-inc,https://www.crunchbase.com/organization/ronanrx-inc,
12660,Rosebud AI,rosebud-ai,Summer 2019,Active,http://rosebud.ai,https://www.ycombinator.com/companies/rosebud-ai,yc_oss_current,false,unverified_candidate,yc_slug_inference,rosebud-ai,https://www.crunchbase.com/organization/rosebud-ai,
25321,Rosebud Biosciences,rosebud-biosciences,Winter 2022,Active,https://rosebudbiosciences.com/,https://www.ycombinator.com/companies/rosebud-biosciences,yc_oss_current,false,unverified_candidate,yc_slug_inference,rosebud-biosciences,https://www.crunchbase.com/organization/rosebud-biosciences,
32165,Rote,rote,Winter 2027,Active,https://tryrote.com/,https://www.ycombinator.com/companies/rote,yc_oss_current,false,unverified_candidate,yc_slug_inference,rote,https://www.crunchbase.com/organization/rote,
30126,Roundabout Technologies,roundabout-technologies,Fall 2024,Active,https://roundabout.tech,https://www.ycombinator.com/companies/roundabout-technologies,yc_oss_current,false,unverified_candidate,yc_slug_inference,roundabout-technologies,https://www.crunchbase.com/organization/roundabout-technologies,
489,RoverRide,roverride,Winter 2013,Inactive,http://ride.roversf.com,https://www.ycombinator.com/companies/roverride,yc_oss_current,false,unverified_candidate,yc_slug_inference,roverride,https://www.crunchbase.com/organization/roverride,
30977,Rovi Health,rovi-health,Fall 2025,Active,https://www.rovi.health,https://www.ycombinator.com/companies/rovi-health,yc_oss_current,false,unverified_candidate,yc_slug_inference,rovi-health,https://www.crunchbase.com/organization/rovi-health,
30916,Rovr,rovr,Fall 2025,Inactive,https://www.withrovr.com/,https://www.ycombinator.com/companies/rovr,yc_oss_current,false,unverified_candidate,yc_slug_inference,rovr,https://www.crunchbase.com/organization/rovr,
29951,Rowboat Labs,rowboat-labs,Summer 2024,Active,https://www.rowboatlabs.com,https://www.ycombinator.com/companies/rowboat-labs,yc_oss_current,false,unverified_candidate,yc_slug_inference,rowboat-labs,https://www.crunchbase.com/organization/rowboat-labs,
26733,Roxels,roxels,Summer 2022,Active,https://www.roxels.ai/,https://www.ycombinator.com/companies/roxels,yc_oss_current,false,unverified_candidate,yc_slug_inference,roxels,https://www.crunchbase.com/organization/roxels,
21810,RTCanary,rtcanary,Summer 2020,Inactive,https://www.RTCanary.com,https://www.ycombinator.com/companies/rtcanary,yc_oss_current,false,unverified_candidate,yc_slug_inference,rtcanary,https://www.crunchbase.com/organization/rtcanary,
27583,Rubbrband,rubbrband,Winter 2023,Active,https://rubbrband.com,https://www.ycombinator.com/companies/rubbrband,yc_oss_current,false,unverified_candidate,yc_slug_inference,rubbrband,https://www.crunchbase.com/organization/rubbrband,
31280,Rubric AI,rubric-ai,Winter 2026,Active,,https://www.ycombinator.com/companies/rubric-ai,yc_oss_current,false,unverified_candidate,yc_slug_inference,rubric-ai,https://www.crunchbase.com/organization/rubric-ai,
27806,Ruby Card,ruby-card,Winter 2023,Active,https://www.spendruby.com,https://www.ycombinator.com/companies/ruby-card,yc_oss_current,false,unverified_candidate,yc_slug_inference,ruby-card,https://www.crunchbase.com/organization/ruby-card,
31346,Rudus,rudus,Spring 2026,Active,http://rudus.ai/,https://www.ycombinator.com/companies/rudus,yc_oss_current,false,unverified_candidate,yc_slug_inference,rudus,https://www.crunchbase.com/organization/rudus,
30036,Rulebase,rulebase,Fall 2024,Active,https://rulebase.co,https://www.ycombinator.com/companies/rulebase,yc_oss_current,false,unverified_candidate,yc_slug_inference,rulebase,https://www.crunchbase.com/organization/rulebase,
23127,Rulebricks,rulebricks,Winter 2021,Active,https://rulebricks.com/,https://www.ycombinator.com/companies/rulebricks,yc_oss_current,false,unverified_candidate,yc_slug_inference,rulebricks,https://www.crunchbase.com/organization/rulebricks,
26715,Ruleset,ruleset,Summer 2022,Inactive,https://ruleset.ai,https://www.ycombinator.com/companies/ruleset,yc_oss_current,false,unverified_candidate,yc_slug_inference,ruleset,https://www.crunchbase.com/organization/ruleset,
31085,Ruma Care,ruma-care,Winter 2026,Active,https://rumacare.com,https://www.ycombinator.com/companies/ruma-care,yc_oss_current,false,unverified_candidate,yc_slug_inference,ruma-care,https://www.crunchbase.com/organization/ruma-care,
21802,Rume,rume,Summer 2020,Inactive,https://rume.video,https://www.ycombinator.com/companies/rume,yc_oss_current,false,unverified_candidate,yc_slug_inference,rume,https://www.crunchbase.com/organization/rume,
31088,RunAnywhere,runanywhere,Winter 2026,Active,https://www.runanywhere.ai/,https://www.ycombinator.com/companies/runanywhere,yc_oss_current,false,unverified_candidate,yc_slug_inference,runanywhere,https://www.crunchbase.com/organization/runanywhere,
1436,RunKit,runkit,Summer 2016,Acquired,https://tonicdev.com,https://www.ycombinator.com/companies/runkit,yc_oss_current,false,unverified_candidate,yc_slug_inference,runkit,https://www.crunchbase.com/organization/runkit,
29682,RunLocal AI,runlocal-ai,Summer 2024,Active,https://runlocal.ai,https://www.ycombinator.com/companies/runlocal-ai,yc_oss_current,false,unverified_candidate,yc_slug_inference,runlocal-ai,https://www.crunchbase.com/organization/runlocal-ai,
30474,RunRL,runrl,Spring 2025,Active,https://runrl.com,https://www.ycombinator.com/companies/runrl,yc_oss_current,false,unverified_candidate,yc_slug_inference,runrl,https://www.crunchbase.com/organization/runrl,
31518,Runtime,runtime,Spring 2026,Active,https://www.runtm.com/,https://www.ycombinator.com/companies/runtime,yc_oss_current,false,unverified_candidate,yc_slug_inference,runtime,https://www.crunchbase.com/organization/runtime,
24339,Ruta Health,ruta-health,Summer 2021,Inactive,https://www.rutahealth.com/,https://www.ycombinator.com/companies/ruta-health,yc_oss_current,false,unverified_candidate,yc_slug_inference,ruta-health,https://www.crunchbase.com/organization/ruta-health,
12661,Rutter,rutter,Summer 2019,Active,https://rutter.com,https://www.ycombinator.com/companies/rutter,yc_oss_current,false,unverified_candidate,yc_slug_inference,rutter,https://www.crunchbase.com/organization/rutter,
30798,Ruvo,ruvo,Summer 2025,Active,https://ruvo.com/,https://www.ycombinator.com/companies/ruvo,yc_oss_current,false,unverified_candidate,yc_slug_inference,ruvo,https://www.crunchbase.com/organization/ruvo,
29460,Ryse,ryse,Winter 2024,Active,https://www.rysemarket.com/,https://www.ycombinator.com/companies/ryse,yc_oss_current,false,unverified_candidate,yc_slug_inference,ryse,https://www.crunchbase.com/organization/ryse,
30114,Ryvn,ryvn,Fall 2024,Active,https://ryvn.ai,https://www.ycombinator.com/companies/ryvn,yc_oss_current,false,unverified_candidate,yc_slug_inference,ryvn,https://www.crunchbase.com/organization/ryvn,
30935,s2.dev,s2-dev,Fall 2025,Active,https://s2.dev,https://www.ycombinator.com/companies/s2-dev,yc_oss_current,false,unverified_candidate,yc_slug_inference,s2-dev,https://www.crunchbase.com/organization/s2-dev,
29107,Saatvy,saatvy,Summer 2023,Inactive,https://saatvy.com,https://www.ycombinator.com/companies/saatvy,yc_oss_current,false,unverified_candidate,yc_slug_inference,saatvy,https://www.crunchbase.com/organization/saatvy,
12599,Sable,sable,Summer 2019,Acquired,http://www.sablecard.com,https://www.ycombinator.com/companies/sable,yc_oss_current,false,unverified_candidate,yc_slug_inference,sable,https://www.crunchbase.com/organization/sable,
22141,SafeBase,safebase,Summer 2020,Acquired,https://www.safebase.io,https://www.ycombinator.com/companies/safebase,yc_oss_current,false,unverified_candidate,yc_slug_inference,safebase,https://www.crunchbase.com/organization/safebase,
24166,SafeBeat,safebeat,Summer 2021,Active,https://safebeat.com,https://www.ycombinator.com/companies/safebeat,yc_oss_current,false,unverified_candidate,yc_slug_inference,safebeat,https://www.crunchbase.com/organization/safebeat,
12461,Safely Finance,safely-finance,Summer 2019,Inactive,https://www.safelyfinance.co/,https://www.ycombinator.com/companies/safely-finance,yc_oss_current,false,unverified_candidate,yc_slug_inference,safely-finance,https://www.crunchbase.com/organization/safely-finance,
21812,Safepay,safepay,Summer 2020,Active,https://getsafepay.pk/,https://www.ycombinator.com/companies/safepay,yc_oss_current,false,unverified_candidate,yc_slug_inference,safepay,https://www.crunchbase.com/organization/safepay,
24892,Safer Management,safer-management,Summer 2021,Active,https://www.safermgmt.com/,https://www.ycombinator.com/companies/safer-management,yc_oss_current,false,unverified_candidate,yc_slug_inference,safer-management,https://www.crunchbase.com/organization/safer-management,
29000,SafetyKit,safetykit,Summer 2023,Active,https://www.safetykit.com/,https://www.ycombinator.com/companies/safetykit,yc_oss_current,false,unverified_candidate,yc_slug_inference,safetykit,https://www.crunchbase.com/organization/safetykit,
31363,Saffron,saffron,Spring 2026,Active,https://www.trysaffron.ai/,https://www.ycombinator.com/companies/saffron,yc_oss_current,false,unverified_candidate,yc_slug_inference,saffron,https://www.crunchbase.com/organization/saffron,
29258,Saga AI,saga-ai,Winter 2024,Active,https://usesaga.ai,https://www.ycombinator.com/companies/saga-ai,yc_oss_current,false,unverified_candidate,yc_slug_inference,saga-ai,https://www.crunchbase.com/organization/saga-ai,
29372,Sagaland,sagaland,Winter 2024,Active,https://sagaland.ai/,https://www.ycombinator.com/companies/sagaland,yc_oss_current,false,unverified_candidate,yc_slug_inference,sagaland,https://www.crunchbase.com/organization/sagaland,
27941,Sage AI,sage-ai,Winter 2023,Active,https://sage-ai.dev,https://www.ycombinator.com/companies/sage-ai,yc_oss_current,false,unverified_candidate,yc_slug_inference,sage-ai,https://www.crunchbase.com/organization/sage-ai,
1248,Sage Care,sage-care,Summer 2016,Inactive,https://www.getsagecare.com,https://www.ycombinator.com/companies/sage-care,yc_oss_current,false,unverified_candidate,yc_slug_inference,sage-care,https://www.crunchbase.com/organization/sage-care,
29643,Sage Care,sagecare,Summer 2024,Active,https://sagecare.ai,https://www.ycombinator.com/companies/sagecare,yc_oss_current,false,unverified_candidate,yc_slug_inference,sagecare,https://www.crunchbase.com/organization/sagecare,
13511,Sakneen,sakneen,Winter 2020,Active,http://www.sakneen.com/,https://www.ycombinator.com/companies/sakneen,yc_oss_current,false,unverified_candidate,yc_slug_inference,sakneen,https://www.crunchbase.com/organization/sakneen,
24059,SalaryBook,salarybook,Summer 2021,Active,https://salarybook.co.in/,https://www.ycombinator.com/companies/salarybook,yc_oss_current,false,unverified_candidate,yc_slug_inference,salarybook,https://www.crunchbase.com/organization/salarybook,
24198,SalaryBox,salarybox,Summer 2021,Active,https://salarybox.in/,https://www.ycombinator.com/companies/salarybox,yc_oss_current,false,unverified_candidate,yc_slug_inference,salarybox,https://www.crunchbase.com/organization/salarybox,
33408,Salem Robotics Inc,salem-robotics-inc,Summer 2026,Active,https://salemroboticsinc.com,https://www.ycombinator.com/companies/salem-robotics-inc,yc_oss_current,false,unverified_candidate,yc_slug_inference,salem-robotics-inc,https://www.crunchbase.com/organization/salem-robotics-inc,
13230,Salesform,salesform,Summer 2020,Active,https://salesform.com,https://www.ycombinator.com/companies/salesform,yc_oss_current,false,unverified_candidate,yc_slug_inference,salesform,https://www.crunchbase.com/organization/salesform,https://pitchbook.com/profiles/company/483493-87#overview
31408,Salesgraph,salesgraph,Spring 2026,Active,https://www.salesgraph.com/,https://www.ycombinator.com/companies/salesgraph,yc_oss_current,false,unverified_candidate,yc_slug_inference,salesgraph,https://www.crunchbase.com/organization/salesgraph,
30230,SalesPatriot,salespatriot,Winter 2025,Active,https://www.salespatriot.com/,https://www.ycombinator.com/companies/salespatriot,yc_oss_current,false,unverified_candidate,yc_slug_inference,salespatriot,https://www.crunchbase.com/organization/salespatriot,
27808,Salient,salient,Winter 2023,Active,https://www.trysalient.com,https://www.ycombinator.com/companies/salient,yc_oss_current,false,unverified_candidate,yc_slug_inference,salient,https://www.crunchbase.com/organization/salient,
25652,SALT,salt,Winter 2022,Active,https://salt.pe,https://www.ycombinator.com/companies/salt,yc_oss_current,false,unverified_candidate,yc_slug_inference,salt,https://www.crunchbase.com/organization/salt,
31147,Salus,salus,Winter 2026,Active,https://www.usesalus.ai/,https://www.ycombinator.com/companies/salus,yc_oss_current,false,unverified_candidate,yc_slug_inference,salus,https://www.crunchbase.com/organization/salus,
27491,Sameday,sameday,Winter 2023,Active,https://www.gosameday.com/,https://www.ycombinator.com/companies/sameday,yc_oss_current,false,unverified_candidate,yc_slug_inference,sameday,https://www.crunchbase.com/organization/sameday,
22042,Sameplan,sameplan,Summer 2020,Acquired,https://www.sameplan.com/,https://www.ycombinator.com/companies/sameplan,yc_oss_current,false,unverified_candidate,yc_slug_inference,sameplan,https://www.crunchbase.com/organization/sameplan,
30348,SAMMY Labs,sammy-labs,Winter 2025,Active,https://www.sammylabs.com,https://www.ycombinator.com/companies/sammy-labs,yc_oss_current,false,unverified_candidate,yc_slug_inference,sammy-labs,https://www.crunchbase.com/organization/sammy-labs,
31206,Samora AI,samora-ai,Winter 2026,Active,https://samora.ai/,https://www.ycombinator.com/companies/samora-ai,yc_oss_current,false,unverified_candidate,yc_slug_inference,samora-ai,https://www.crunchbase.com/organization/samora-ai,
25319,Samos Insurance,samos-insurance,Winter 2022,Active,https://www.samos.insure,https://www.ycombinator.com/companies/samos-insurance,yc_oss_current,false,unverified_candidate,yc_slug_inference,samos-insurance,https://www.crunchbase.com/organization/samos-insurance,
29418,Sample,sample,Winter 2024,Acquired,https://samplehc.com,https://www.ycombinator.com/companies/sample,yc_oss_current,false,unverified_candidate,yc_slug_inference,sample,https://www.crunchbase.com/organization/sample,
30044,Sandra AI,sandra-ai,Fall 2024,Active,https://www.sandra-ai.com,https://www.ycombinator.com/companies/sandra-ai,yc_oss_current,false,unverified_candidate,yc_slug_inference,sandra-ai,https://www.crunchbase.com/organization/sandra-ai,
27108,Sanifu,sanifu,Summer 2022,Active,https://sanifu.ai,https://www.ycombinator.com/companies/sanifu,yc_oss_current,false,unverified_candidate,yc_slug_inference,sanifu,https://www.crunchbase.com/organization/sanifu,
29042,Santé,sante,Summer 2023,Active,https://santehq.com/,https://www.ycombinator.com/companies/sante,yc_oss_current,false,unverified_candidate,yc_slug_inference,sante,https://www.crunchbase.com/organization/sante,
28018,Sanvivo,sanvivo,Winter 2023,Active,http://www.sanvivo.eu,https://www.ycombinator.com/companies/sanvivo,yc_oss_current,false,unverified_candidate,yc_slug_inference,sanvivo,https://www.crunchbase.com/organization/sanvivo,
29588,Saphira AI,saphira-ai,Summer 2024,Active,https://saphira.ai,https://www.ycombinator.com/companies/saphira-ai,yc_oss_current,false,unverified_candidate,yc_slug_inference,saphira-ai,https://www.crunchbase.com/organization/saphira-ai,
1900,Satchel,satchel,Summer 2018,Inactive,https://satchel.com/,https://www.ycombinator.com/companies/satchel,yc_oss_current,false,unverified_candidate,yc_slug_inference,satchel,https://www.crunchbase.com/organization/satchel,
29730,Saturn,saturn,Summer 2024,Active,https://www.SaturnOS.com,https://www.ycombinator.com/companies/saturn,yc_oss_current,false,unverified_candidate,yc_slug_inference,saturn,https://www.crunchbase.com/organization/saturn,
31481,Saudara AI,saudara-ai,Spring 2026,Active,https://saudara.ai,https://www.ycombinator.com/companies/saudara-ai,yc_oss_current,false,unverified_candidate,yc_slug_inference,saudara-ai,https://www.crunchbase.com/organization/saudara-ai,
30964,Sava,savahq,Fall 2025,Active,https://www.savahq.com,https://www.ycombinator.com/companies/savahq,yc_oss_current,false,unverified_candidate,yc_slug_inference,savahq,https://www.crunchbase.com/organization/savahq,
31433,Savant,savant,Spring 2026,Active,https://heysavant.com/,https://www.ycombinator.com/companies/savant,yc_oss_current,false,unverified_candidate,yc_slug_inference,savant,https://www.crunchbase.com/organization/savant,
13236,Savvy,savvy-2,Winter 2020,Acquired,https://www.gosavvy.com,https://www.ycombinator.com/companies/savvy-2,yc_oss_current,false,unverified_candidate,yc_slug_inference,savvy-2,https://www.crunchbase.com/organization/savvy-2,
13501,Sayana,sayana,Winter 2020,Acquired,https://sayana.app/,https://www.ycombinator.com/companies/sayana,yc_oss_current,false,unverified_candidate,yc_slug_inference,sayana,https://www.crunchbase.com/organization/sayana,
31211,Sazabi,sazabi,Spring 2026,Active,https://www.sazabi.com/,https://www.ycombinator.com/companies/sazabi,yc_oss_current,false,unverified_candidate,yc_slug_inference,sazabi,https://www.crunchbase.com/organization/sazabi,
22664,SBX Robotics,sbx-robotics,Winter 2021,Inactive,https://www.sbxrobotics.com/,https://www.ycombinator.com/companies/sbx-robotics,yc_oss_current,false,unverified_candidate,yc_slug_inference,sbx-robotics,https://www.crunchbase.com/organization/sbx-robotics,
30514,Scalar Field,scalar-field,Spring 2025,Active,https://www.scalarfield.io/,https://www.ycombinator.com/companies/scalar-field,yc_oss_current,false,unverified_candidate,yc_slug_inference,scalar-field,https://www.crunchbase.com/organization/scalar-field,
27828,Scanbase,scanbase,Winter 2023,Active,https://www.scanbase.com,https://www.ycombinator.com/companies/scanbase,yc_oss_current,false,unverified_candidate,yc_slug_inference,scanbase,https://www.crunchbase.com/organization/scanbase,
29671,Scape,scape,Summer 2024,Active,https://scape.app,https://www.ycombinator.com/companies/scape,yc_oss_current,false,unverified_candidate,yc_slug_inference,scape,https://www.crunchbase.com/organization/scape,
31136,Scheduling Wizard,scheduling-wizard,Winter 2026,Active,https://www.schedulingwiz.com,https://www.ycombinator.com/companies/scheduling-wizard,yc_oss_current,false,unverified_candidate,yc_slug_inference,scheduling-wizard,https://www.crunchbase.com/organization/scheduling-wizard,
12374,Schoolable,schoolable,Winter 2019,Active,http://schoolable.co,https://www.ycombinator.com/companies/schoolable,yc_oss_current,false,unverified_candidate,yc_slug_inference,schoolable,https://www.crunchbase.com/organization/schoolable,
1402,SchoolMint,,IK12,Acquired,http://www.schoolmint.com,,radema_historical,true,unverified_candidate,company_name_inference,schoolmint,https://www.crunchbase.com/organization/schoolmint,
30899,Sciloop,sciloop,Fall 2025,Active,https://sciloop.dev,https://www.ycombinator.com/companies/sciloop,yc_oss_current,false,unverified_candidate,yc_slug_inference,sciloop,https://www.crunchbase.com/organization/sciloop,
30856,Scoop,scoop,Fall 2025,Active,https://scooplabs.ai,https://www.ycombinator.com/companies/scoop,yc_oss_current,false,unverified_candidate,yc_slug_inference,scoop,https://www.crunchbase.com/organization/scoop,
31351,Scope,scope,Spring 2026,Active,https://tryscope.app,https://www.ycombinator.com/companies/scope,yc_oss_current,false,unverified_candidate,yc_slug_inference,scope,https://www.crunchbase.com/organization/scope,
30942,Scott AI,scott-ai,Fall 2025,Active,https://tryscott.ai,https://www.ycombinator.com/companies/scott-ai,yc_oss_current,false,unverified_candidate,yc_slug_inference,scott-ai,https://www.crunchbase.com/organization/scott-ai,
13209,Scout,scout,Winter 2020,Inactive,https://www.scout.ml/,https://www.ycombinator.com/companies/scout,yc_oss_current,false,unverified_candidate,yc_slug_inference,scout,https://www.crunchbase.com/organization/scout,
25285,Scout,scout-2,Winter 2022,Active,http://scouthealth.com,https://www.ycombinator.com/companies/scout-2,yc_oss_current,false,unverified_candidate,yc_slug_inference,scout-2,https://www.crunchbase.com/organization/scout-2,
28303,Scout,thedailyscout,Winter 2023,Active,https://thedailyscout.com,https://www.ycombinator.com/companies/thedailyscout,yc_oss_current,false,unverified_candidate,yc_slug_inference,thedailyscout,https://www.crunchbase.com/organization/thedailyscout,
29336,Scout,cpgscout,Winter 2024,Active,https://cpgscout.ai/,https://www.ycombinator.com/companies/cpgscout,yc_oss_current,false,unverified_candidate,yc_slug_inference,cpgscout,https://www.crunchbase.com/organization/cpgscout,
30205,Scout,scout-4,Winter 2025,Active,https://scoutforschools.com/,https://www.ycombinator.com/companies/scout-4,yc_oss_current,false,unverified_candidate,yc_slug_inference,scout-4,https://www.crunchbase.com/organization/scout-4,
24304,Scratch Data,scratch-data,Summer 2021,Inactive,https://www.scratchdata.com,https://www.ycombinator.com/companies/scratch-data,yc_oss_current,false,unverified_candidate,yc_slug_inference,scratch-data,https://www.crunchbase.com/organization/scratch-data,
32259,screenpipe,screenpipe,Summer 2026,Active,https://screenpipe.com,https://www.ycombinator.com/companies/screenpipe,yc_oss_current,false,unverified_candidate,yc_slug_inference,screenpipe,https://www.crunchbase.com/organization/screenpipe,
29196,Scritch,scritch,Winter 2024,Active,https://www.scritchai.com,https://www.ycombinator.com/companies/scritch,yc_oss_current,false,unverified_candidate,yc_slug_inference,scritch,https://www.crunchbase.com/organization/scritch,
25397,Seabound,seabound,Winter 2022,Active,http://seabound.co,https://www.ycombinator.com/companies/seabound,yc_oss_current,false,unverified_candidate,yc_slug_inference,seabound,https://www.crunchbase.com/organization/seabound,
26784,Seaflight Technologies,seaflight-technologies,Summer 2022,Active,https://www.seaflight.tech,https://www.ycombinator.com/companies/seaflight-technologies,yc_oss_current,false,unverified_candidate,yc_slug_inference,seaflight-technologies,https://www.crunchbase.com/organization/seaflight-technologies,
21909,Seal,seal-2,Summer 2020,Active,https://seal.run,https://www.ycombinator.com/companies/seal-2,yc_oss_current,false,unverified_candidate,yc_slug_inference,seal-2,https://www.crunchbase.com/organization/seal-2,
29748,Seals AI,seals-ai,Summer 2024,Active,https://www.titanio.ai/,https://www.ycombinator.com/companies/seals-ai,yc_oss_current,false,unverified_candidate,yc_slug_inference,seals-ai,https://www.crunchbase.com/organization/seals-ai,
21800,Seam,seam,Summer 2020,Active,https://seam.co,https://www.ycombinator.com/companies/seam,yc_oss_current,false,unverified_candidate,yc_slug_inference,seam,https://www.crunchbase.com/organization/seam,
31180,Seeing Systems,seeing-systems,Winter 2026,Active,https://www.seeing-systems.com,https://www.ycombinator.com/companies/seeing-systems,yc_oss_current,false,unverified_candidate,yc_slug_inference,seeing-systems,https://www.crunchbase.com/organization/seeing-systems,
23139,Seer,seer,Winter 2021,Active,https://www.helloseer.com/,https://www.ycombinator.com/companies/seer,yc_oss_current,false,unverified_candidate,yc_slug_inference,seer,https://www.crunchbase.com/organization/seer,
13101,Segmed,segmed,Winter 2020,Active,https://segmed.ai,https://www.ycombinator.com/companies/segmed,yc_oss_current,false,unverified_candidate,yc_slug_inference,segmed,https://www.crunchbase.com/organization/segmed,
25348,Sei AI,sei-ai,Winter 2022,Active,https://seiright.com/,https://www.ycombinator.com/companies/sei-ai,yc_oss_current,false,unverified_candidate,yc_slug_inference,sei-ai,https://www.crunchbase.com/organization/sei-ai,
26265,Seis,seis,Winter 2022,Inactive,https://www.seis.com,https://www.ycombinator.com/companies/seis,yc_oss_current,false,archive_observed_candidate,commoncrawl_2019_slug_observation,seis,https://www.crunchbase.com/organization/seis,
29313,Selera Medical,selera-medical,Winter 2024,Inactive,http://www.seleramedical.com,https://www.ycombinator.com/companies/selera-medical,yc_oss_current,false,unverified_candidate,yc_slug_inference,selera-medical,https://www.crunchbase.com/organization/selera-medical,
30922,Selfin,selfin,Fall 2025,Active,https://selfin.app,https://www.ycombinator.com/companies/selfin,yc_oss_current,false,unverified_candidate,yc_slug_inference,selfin,https://www.crunchbase.com/organization/selfin,
25308,Selia,selia,Winter 2022,Active,https://www.selia.co,https://www.ycombinator.com/companies/selia,yc_oss_current,false,unverified_candidate,yc_slug_inference,selia,https://www.crunchbase.com/organization/selia,
30887,SellRaze,sellraze,Fall 2025,Active,https://sellraze.com,https://www.ycombinator.com/companies/sellraze,yc_oss_current,false,unverified_candidate,yc_slug_inference,sellraze,https://www.crunchbase.com/organization/sellraze,
30885,Semble,semble,Fall 2025,Active,https://www.sembleai.com,https://www.ycombinator.com/companies/semble,yc_oss_current,false,unverified_candidate,yc_slug_inference,semble,https://www.crunchbase.com/organization/semble,
30828,Semiotic,semiotic,Fall 2025,Active,http://semiotic.com,https://www.ycombinator.com/companies/semiotic,yc_oss_current,false,unverified_candidate,yc_slug_inference,semiotic,https://www.crunchbase.com/organization/semiotic,
29019,Sendblue,sendblue,Summer 2023,Active,https://www.sendblue.com,https://www.ycombinator.com/companies/sendblue,yc_oss_current,false,unverified_candidate,yc_slug_inference,sendblue,https://www.crunchbase.com/organization/sendblue,
22957,Sendbox,sendbox,Winter 2021,Active,https://sendbox.co,https://www.ycombinator.com/companies/sendbox,yc_oss_current,false,unverified_candidate,yc_slug_inference,sendbox,https://www.crunchbase.com/organization/sendbox,
25727,"Sendme, Inc",sendme-inc,Winter 2022,Inactive,http://www.sendme.ng,https://www.ycombinator.com/companies/sendme-inc,yc_oss_current,false,unverified_candidate,yc_slug_inference,sendme-inc,https://www.crunchbase.com/organization/sendme-inc,
25966,Sendo,sendo,Winter 2022,Inactive,https://sendo.dev,https://www.ycombinator.com/companies/sendo,yc_oss_current,false,unverified_candidate,yc_slug_inference,sendo,https://www.crunchbase.com/organization/sendo,
1429,Sense Education,,IK12,Active,http://www.sense.education,,radema_historical,true,unverified_candidate,company_name_inference,sense-education,https://www.crunchbase.com/organization/sense-education,
29784,Sensei,sensei,Summer 2024,Active,https://senseirobotics.com,https://www.ycombinator.com/companies/sensei,yc_oss_current,false,unverified_candidate,yc_slug_inference,sensei,https://www.crunchbase.com/organization/sensei,
34597,Sentient OS,sentient-os,Fall 2026,Active,https://sentient-os.ai,https://www.ycombinator.com/companies/sentient-os,yc_oss_current,false,unverified_candidate,yc_slug_inference,sentient-os,https://www.crunchbase.com/organization/sentient-os,
24204,Sentiyen,sentiyen,Summer 2021,Active,https://www.sentiyen.com,https://www.ycombinator.com/companies/sentiyen,yc_oss_current,false,unverified_candidate,yc_slug_inference,sentiyen,https://www.crunchbase.com/organization/sentiyen,
31100,Sentrial,sentrial,Winter 2026,Active,https://sentrial.com/,https://www.ycombinator.com/companies/sentrial,yc_oss_current,false,unverified_candidate,yc_slug_inference,sentrial,https://www.crunchbase.com/organization/sentrial,
29825,Sepal AI,sepal-ai,Summer 2024,Acquired,https://www.sepalai.com,https://www.ycombinator.com/companies/sepal-ai,yc_oss_current,false,unverified_candidate,yc_slug_inference,sepal-ai,https://www.crunchbase.com/organization/sepal-ai,
1759,Sepsis Scout,sepsis-scout,Winter 2018,Acquired,https://sepsisscout.com,https://www.ycombinator.com/companies/sepsis-scout,yc_oss_current,false,unverified_candidate,yc_slug_inference,sepsis-scout,https://www.crunchbase.com/organization/sepsis-scout,
31227,Sequence Markets,sequence-markets,Winter 2026,Active,https://sequencemkts.com/,https://www.ycombinator.com/companies/sequence-markets,yc_oss_current,false,unverified_candidate,yc_slug_inference,sequence-markets,https://www.crunchbase.com/organization/sequence-markets,
30413,Serafis,serafis,Summer 2025,Active,https://serafis.ai,https://www.ycombinator.com/companies/serafis,yc_oss_current,false,unverified_candidate,yc_slug_inference,serafis,https://www.crunchbase.com/organization/serafis,
28221,Serial,serial,Winter 2023,Inactive,https://www.serial.io/,https://www.ycombinator.com/companies/serial,yc_oss_current,false,unverified_candidate,yc_slug_inference,serial,https://www.crunchbase.com/organization/serial,
23954,Serif Health,serif-health,Winter 2022,Active,https://www.serifhealth.com,https://www.ycombinator.com/companies/serif-health,yc_oss_current,false,unverified_candidate,yc_slug_inference,serif-health,https://www.crunchbase.com/organization/serif-health,
26734,Serinus Biosciences,serinus-biosciences,Summer 2022,Active,http://www.serinus.bio,https://www.ycombinator.com/companies/serinus-biosciences,yc_oss_current,false,unverified_candidate,yc_slug_inference,serinus-biosciences,https://www.crunchbase.com/organization/serinus-biosciences,
22617,Serna Bio,serna-bio,Winter 2021,Active,http://serna.bio,https://www.ycombinator.com/companies/serna-bio,yc_oss_current,false,unverified_candidate,yc_slug_inference,serna-bio,https://www.crunchbase.com/organization/serna-bio,
28863,Serra,serra,Summer 2023,Active,https://www.serra.io/,https://www.ycombinator.com/companies/serra,yc_oss_current,false,unverified_candidate,yc_slug_inference,serra,https://www.crunchbase.com/organization/serra,
31224,Servo7,servo7,Winter 2026,Active,https://servo7.com,https://www.ycombinator.com/companies/servo7,yc_oss_current,false,unverified_candidate,yc_slug_inference,servo7,https://www.crunchbase.com/organization/servo7,
30891,SF Tensor,sf-tensor,Fall 2025,Active,https://sf-tensor.com,https://www.ycombinator.com/companies/sf-tensor,yc_oss_current,false,unverified_candidate,yc_slug_inference,sf-tensor,https://www.crunchbase.com/organization/sf-tensor,
24795,SFA Therapeutics,sfa-therapeutics-inc,Summer 2021,Active,https://sfatherapeutics.com/,https://www.ycombinator.com/companies/sfa-therapeutics-inc,yc_oss_current,false,unverified_candidate,yc_slug_inference,sfa-therapeutics-inc,https://www.crunchbase.com/organization/sfa-therapeutics-inc,
29104,Shadeform,shadeform,Summer 2023,Active,https://www.shadeform.ai/,https://www.ycombinator.com/companies/shadeform,yc_oss_current,false,unverified_candidate,yc_slug_inference,shadeform,https://www.crunchbase.com/organization/shadeform,
24668,Shape,shape,Summer 2021,Active,https://shape.xyz,https://www.ycombinator.com/companies/shape,yc_oss_current,false,unverified_candidate,yc_slug_inference,shape,https://www.crunchbase.com/organization/shape,
25969,Shaped,shaped,Winter 2022,Active,https://shaped.ai,https://www.ycombinator.com/companies/shaped,yc_oss_current,false,unverified_candidate,yc_slug_inference,shaped,https://www.crunchbase.com/organization/shaped,
29745,Sharpe,sharpe,Summer 2024,Active,https://sharpe.sh,https://www.ycombinator.com/companies/sharpe,yc_oss_current,false,unverified_candidate,yc_slug_inference,sharpe,https://www.crunchbase.com/organization/sharpe,
28867,Shasta Health,shasta-health,Summer 2023,Active,https://www.shasta.health,https://www.ycombinator.com/companies/shasta-health,yc_oss_current,false,unverified_candidate,yc_slug_inference,shasta-health,https://www.crunchbase.com/organization/shasta-health,
29432,Shepherd,shepherd-2,Winter 2024,Active,https://www.shepherd.study,https://www.ycombinator.com/companies/shepherd-2,yc_oss_current,false,unverified_candidate,yc_slug_inference,shepherd-2,https://www.crunchbase.com/organization/shepherd-2,
27950,Sherloq,sherloq,Winter 2023,Active,http://sherloqdata.io/,https://www.ycombinator.com/companies/sherloq,yc_oss_current,false,unverified_candidate,yc_slug_inference,sherloq,https://www.crunchbase.com/organization/sherloq,
31407,Sherpa,sherpa,Spring 2026,Active,https://www.withsherpa.ai/,https://www.ycombinator.com/companies/sherpa,yc_oss_current,false,unverified_candidate,yc_slug_inference,sherpa,https://www.crunchbase.com/organization/sherpa,
29384,Shiboleth,shiboleth,Winter 2024,Active,https://www.shiboleth.ai/,https://www.ycombinator.com/companies/shiboleth,yc_oss_current,false,unverified_candidate,yc_slug_inference,shiboleth,https://www.crunchbase.com/organization/shiboleth,
32131,Shielded,shielded,Summer 2026,Active,https://www.shieldedglobal.com/,https://www.ycombinator.com/companies/shielded,yc_oss_current,false,unverified_candidate,yc_slug_inference,shielded,https://www.crunchbase.com/organization/shielded,
12560,Shift Health,shift-health,Summer 2019,Active,https://www.shifthealth.io,https://www.ycombinator.com/companies/shift-health,yc_oss_current,false,unverified_candidate,yc_slug_inference,shift-health,https://www.crunchbase.com/organization/shift-health,
25333,Shinkei Systems,shinkei-systems,Winter 2022,Active,http://www.shinkei.systems,https://www.ycombinator.com/companies/shinkei-systems,yc_oss_current,false,unverified_candidate,yc_slug_inference,shinkei-systems,https://www.crunchbase.com/organization/shinkei-systems,
33053,Shiraz AI,shiraz-ai,Summer 2026,Active,https://shiraz.ai,https://www.ycombinator.com/companies/shiraz-ai,yc_oss_current,false,unverified_candidate,yc_slug_inference,shiraz-ai,https://www.crunchbase.com/organization/shiraz-ai,
12531,Shiru,shiru,Summer 2019,Active,https://www.shiru.com/,https://www.ycombinator.com/companies/shiru,yc_oss_current,false,unverified_candidate,yc_slug_inference,shiru,https://www.crunchbase.com/organization/shiru,
31300,Shofo,shofo,Winter 2026,Active,https://shofo.ai/,https://www.ycombinator.com/companies/shofo,yc_oss_current,false,unverified_candidate,yc_slug_inference,shofo,https://www.crunchbase.com/organization/shofo,
27947,Shortbread,shortbread,Winter 2023,Active,https://www.shortbread.ai/,https://www.ycombinator.com/companies/shortbread,yc_oss_current,false,unverified_candidate,yc_slug_inference,shortbread,https://www.crunchbase.com/organization/shortbread,
31096,shortkit,shortkit,Winter 2026,Active,https://www.shortkit.dev,https://www.ycombinator.com/companies/shortkit,yc_oss_current,false,unverified_candidate,yc_slug_inference,shortkit,https://www.crunchbase.com/organization/shortkit,
27892,ShortLoop,shortloop,Winter 2023,Active,https://shortloop.dev/,https://www.ycombinator.com/companies/shortloop,yc_oss_current,false,unverified_candidate,yc_slug_inference,shortloop,https://www.crunchbase.com/organization/shortloop,
31400,shotwell.ai,shotwellai,Spring 2026,Active,http://shotwell.ai/,https://www.ycombinator.com/companies/shotwellai,yc_oss_current,false,unverified_candidate,yc_slug_inference,shotwellai,https://www.crunchbase.com/organization/shotwellai,
361,Shoutfit,shoutfit,Summer 2006,Inactive,http://shoutfit.com,https://www.ycombinator.com/companies/shoutfit,yc_oss_current,false,unverified_candidate,yc_slug_inference,shoutfit,https://www.crunchbase.com/organization/shoutfit,
21794,Shuttle,shuttle,Summer 2020,Inactive,https://www.shuttle.dev,https://www.ycombinator.com/companies/shuttle,yc_oss_current,false,unverified_candidate,yc_slug_inference,shuttle,https://www.crunchbase.com/organization/shuttle,
28843,SID,sid,Summer 2023,Active,https://www.sid.ai,https://www.ycombinator.com/companies/sid,yc_oss_current,false,unverified_candidate,yc_slug_inference,sid,https://www.crunchbase.com/organization/sid,
31437,Sidekick,textsidekick,Summer 2026,Active,https://textsidekick.com/,https://www.ycombinator.com/companies/textsidekick,yc_oss_current,false,unverified_candidate,yc_slug_inference,textsidekick,https://www.crunchbase.com/organization/textsidekick,
28902,Sidenote,sidenote,Summer 2023,Inactive,https://www.sidenote.ai,https://www.ycombinator.com/companies/sidenote,yc_oss_current,false,unverified_candidate,yc_slug_inference,sidenote,https://www.crunchbase.com/organization/sidenote,
30552,sieve,sieveai,Spring 2025,Active,https://usesieve.com/,https://www.ycombinator.com/companies/sieveai,yc_oss_current,false,unverified_candidate,yc_slug_inference,sieveai,https://www.crunchbase.com/organization/sieveai,
25307,Sieve,sieve,Winter 2022,Active,https://sievedata.com/,https://www.ycombinator.com/companies/sieve,yc_oss_current,false,unverified_candidate,yc_slug_inference,sieve,https://www.crunchbase.com/organization/sieve,
25656,Siftly,siftly,Winter 2022,Active,https://siftly.ai/,https://www.ycombinator.com/companies/siftly,yc_oss_current,false,unverified_candidate,yc_slug_inference,siftly,https://www.crunchbase.com/organization/siftly,
24596,Siglo,siglo,Summer 2021,Active,https://siglo.com/,https://www.ycombinator.com/companies/siglo,yc_oss_current,false,unverified_candidate,yc_slug_inference,siglo,https://www.crunchbase.com/organization/siglo,
26693,SigmaMind AI,sigmamind-ai,Summer 2022,Active,https://sigmamind.ai?utm_source=yc&utm_medium=web,https://www.ycombinator.com/companies/sigmamind-ai,yc_oss_current,false,unverified_candidate,yc_slug_inference,sigmamind-ai,https://www.crunchbase.com/organization/sigmamind-ai,
30744,SigmanticAI,sigmanticai,Summer 2025,Active,https://www.sigmanticai.com,https://www.ycombinator.com/companies/sigmanticai,yc_oss_current,false,unverified_candidate,yc_slug_inference,sigmanticai,https://www.crunchbase.com/organization/sigmanticai,
30639,Signals,signals,Winter 2026,Active,https://www.returnsignals.com,https://www.ycombinator.com/companies/signals,yc_oss_current,false,unverified_candidate,yc_slug_inference,signals,https://www.crunchbase.com/organization/signals,
26751,Signatur Biosciences,signatur-biosciences,Summer 2022,Active,https://www.signatur.bio/,https://www.ycombinator.com/companies/signatur-biosciences,yc_oss_current,false,unverified_candidate,yc_slug_inference,signatur-biosciences,https://www.crunchbase.com/organization/signatur-biosciences,
22671,SigNoz,signoz,Winter 2021,Active,https://signoz.io,https://www.ycombinator.com/companies/signoz,yc_oss_current,false,unverified_candidate,yc_slug_inference,signoz,https://www.crunchbase.com/organization/signoz,
31254,Sila,sila,Winter 2026,Active,https://silahq.com,https://www.ycombinator.com/companies/sila,yc_oss_current,false,unverified_candidate,yc_slug_inference,sila,https://www.crunchbase.com/organization/sila,
29010,Silimate,silimate,Summer 2023,Active,https://www.silimate.com,https://www.ycombinator.com/companies/silimate,yc_oss_current,false,unverified_candidate,yc_slug_inference,silimate,https://www.crunchbase.com/organization/silimate,
31478,Silmaril,silmaril,Spring 2026,Active,https://silmaril.dev,https://www.ycombinator.com/companies/silmaril,yc_oss_current,false,unverified_candidate,yc_slug_inference,silmaril,https://www.crunchbase.com/organization/silmaril,
29472,Silogy,silogy,Winter 2024,Active,https://silogy.io,https://www.ycombinator.com/companies/silogy,yc_oss_current,false,unverified_candidate,yc_slug_inference,silogy,https://www.crunchbase.com/organization/silogy,
29661,Silurian,silurian,Summer 2024,Active,https://silurian.ai/,https://www.ycombinator.com/companies/silurian,yc_oss_current,false,unverified_candidate,yc_slug_inference,silurian,https://www.crunchbase.com/organization/silurian,
30440,Sim,sim,Spring 2025,Active,https://sim.ai,https://www.ycombinator.com/companies/sim,yc_oss_current,false,unverified_candidate,yc_slug_inference,sim,https://www.crunchbase.com/organization/sim,
33838,Simantic,simantic,Fall 2026,Active,https://simantic.dev,https://www.ycombinator.com/companies/simantic,yc_oss_current,false,unverified_candidate,yc_slug_inference,simantic,https://www.crunchbase.com/organization/simantic,
29113,Simbie AI,simbie-ai,Summer 2023,Active,http://www.simbie.ai,https://www.ycombinator.com/companies/simbie-ai,yc_oss_current,false,unverified_candidate,yc_slug_inference,simbie-ai,https://www.crunchbase.com/organization/simbie-ai,
29978,SimCare,simcare,Summer 2024,Active,https://simcare.ai,https://www.ycombinator.com/companies/simcare,yc_oss_current,false,unverified_candidate,yc_slug_inference,simcare,https://www.crunchbase.com/organization/simcare,
12004,Simmer,simmer,Winter 2019,Inactive,https://www.usesimmer.com,https://www.ycombinator.com/companies/simmer,yc_oss_current,false,unverified_candidate,yc_slug_inference,simmer,https://www.crunchbase.com/organization/simmer,
376,Simmery,simmery,Summer 2005,Inactive,http://simmery.com,https://www.ycombinator.com/companies/simmery,yc_oss_current,false,unverified_candidate,yc_slug_inference,simmery,https://www.crunchbase.com/organization/simmery,
13220,Simple Strips,simple-strips,Winter 2020,Inactive,https://simplestrips.com,https://www.ycombinator.com/companies/simple-strips,yc_oss_current,false,unverified_candidate,yc_slug_inference,simple-strips,https://www.crunchbase.com/organization/simple-strips,
26425,SimpleHash,simplehash,Winter 2022,Acquired,https://www.simplehash.com,https://www.ycombinator.com/companies/simplehash,yc_oss_current,false,unverified_candidate,yc_slug_inference,simplehash,https://www.crunchbase.com/organization/simplehash,
29296,Simplex,simplex,Summer 2024,Active,https://simplex.sh,https://www.ycombinator.com/companies/simplex,yc_oss_current,false,unverified_candidate,yc_slug_inference,simplex,https://www.crunchbase.com/organization/simplex,
25752,Simplifyd Systems,simplifyd-systems,Winter 2022,Active,https://simplifyd.com,https://www.ycombinator.com/companies/simplifyd-systems,yc_oss_current,false,unverified_candidate,yc_slug_inference,simplifyd-systems,https://www.crunchbase.com/organization/simplifyd-systems,
34629,Simulithic,simulithic,Fall 2026,Active,https://simulithic.com,https://www.ycombinator.com/companies/simulithic,yc_oss_current,false,unverified_candidate,yc_slug_inference,simulithic,https://www.crunchbase.com/organization/simulithic,
13151,SINAI,sinai,Winter 2020,Active,http://www.sinai.com,https://www.ycombinator.com/companies/sinai,yc_oss_current,false,unverified_candidate,yc_slug_inference,sinai,https://www.crunchbase.com/organization/sinai,
29146,Singularity,singularity,Summer 2023,Active,https://www.singularityus.com/,https://www.ycombinator.com/companies/singularity,yc_oss_current,false,unverified_candidate,yc_slug_inference,singularity,https://www.crunchbase.com/organization/singularity,
30742,Sira,sira,Summer 2025,Active,https://sira.team,https://www.ycombinator.com/companies/sira,yc_oss_current,false,unverified_candidate,yc_slug_inference,sira,https://www.crunchbase.com/organization/sira,
31203,Sitefire,sitefire,Winter 2026,Active,https://sitefire.ai,https://www.ycombinator.com/companies/sitefire,yc_oss_current,false,unverified_candidate,yc_slug_inference,sitefire,https://www.crunchbase.com/organization/sitefire,
24828,Sitenna,sitenna,Summer 2021,Active,http://www.sitenna.com,https://www.ycombinator.com/companies/sitenna,yc_oss_current,false,unverified_candidate,yc_slug_inference,sitenna,https://www.crunchbase.com/organization/sitenna,
30464,Sixtyfour,sixtyfour,Spring 2025,Active,https://www.sixtyfour.ai/,https://www.ycombinator.com/companies/sixtyfour,yc_oss_current,false,unverified_candidate,yc_slug_inference,sixtyfour,https://www.crunchbase.com/organization/sixtyfour,
28959,sizeless,sizeless,Summer 2023,Active,https://www.sizeless.co,https://www.ycombinator.com/companies/sizeless,yc_oss_current,false,unverified_candidate,yc_slug_inference,sizeless,https://www.crunchbase.com/organization/sizeless,
31133,Skillsync,skillsync,Winter 2026,Active,https://skillsync.com,https://www.ycombinator.com/companies/skillsync,yc_oss_current,false,unverified_candidate,yc_slug_inference,skillsync,https://www.crunchbase.com/organization/skillsync,
25379,Skillza,skillza,Winter 2022,Inactive,https://www.skillza.co,https://www.ycombinator.com/companies/skillza,yc_oss_current,false,unverified_candidate,yc_slug_inference,skillza,https://www.crunchbase.com/organization/skillza,
2004,SkydropX,skydropx,Summer 2018,Active,http://skydropx.com,https://www.ycombinator.com/companies/skydropx,yc_oss_current,false,unverified_candidate,yc_slug_inference,skydropx,https://www.crunchbase.com/organization/skydropx,
29392,Skygaze,,W24,Active,https://www.skygaze.io,,radema_historical,true,unverified_candidate,company_name_inference,skygaze,https://www.crunchbase.com/organization/skygaze,
25635,SkyLink,skylink,Winter 2022,Acquired,http://www.tryskylink.com,https://www.ycombinator.com/companies/skylink,yc_oss_current,false,unverified_candidate,yc_slug_inference,skylink,https://www.crunchbase.com/organization/skylink,
33111,Skymerse,skymerse,Summer 2026,Active,https://skymerse.com,https://www.ycombinator.com/companies/skymerse,yc_oss_current,false,unverified_candidate,yc_slug_inference,skymerse,https://www.crunchbase.com/organization/skymerse,
28887,Skyvern,skyvern,Summer 2023,Active,https://www.skyvern.com/,https://www.ycombinator.com/companies/skyvern,yc_oss_current,false,unverified_candidate,yc_slug_inference,skyvern,https://www.crunchbase.com/organization/skyvern,
23120,Slash,slash,Summer 2021,Active,https://www.slash.com/,https://www.ycombinator.com/companies/slash,yc_oss_current,false,unverified_candidate,yc_slug_inference,slash,https://www.crunchbase.com/organization/slash,
22696,SlashAuth,slashauth,Winter 2021,Inactive,https://www.slashauth.com,https://www.ycombinator.com/companies/slashauth,yc_oss_current,false,unverified_candidate,yc_slug_inference,slashauth,https://www.crunchbase.com/organization/slashauth,
30669,Slashy,slashy,Summer 2025,Active,https://www.slashy.com/,https://www.ycombinator.com/companies/slashy,yc_oss_current,false,unverified_candidate,yc_slug_inference,slashy,https://www.crunchbase.com/organization/slashy,
26847,Slauth.io,slauth-io,Summer 2022,Inactive,https://slauth.io/,https://www.ycombinator.com/companies/slauth-io,yc_oss_current,false,unverified_candidate,yc_slug_inference,slauth-io,https://www.crunchbase.com/organization/slauth-io,
1455,Sleep Reset,sleep-reset,Winter 2017,Active,https://www.thesleepreset.com/?utm_source=yc,https://www.ycombinator.com/companies/sleep-reset,yc_oss_current,false,unverified_candidate,yc_slug_inference,sleep-reset,https://www.crunchbase.com/organization/sleep-reset,
28979,Slicker,slicker,Summer 2023,Active,https://www.slickerhq.com,https://www.ycombinator.com/companies/slicker,yc_oss_current,false,unverified_candidate,yc_slug_inference,slicker,https://www.crunchbase.com/organization/slicker,
26852,Slidely AI,slidely-ai,Summer 2022,Active,https://slidely.ai/,https://www.ycombinator.com/companies/slidely-ai,yc_oss_current,false,unverified_candidate,yc_slug_inference,slidely-ai,https://www.crunchbase.com/organization/slidely-ai,
20,SlidePay,slidepay,Winter 2012,Acquired,https://angel.co/slidepay,https://www.ycombinator.com/companies/slidepay,yc_oss_current,false,unverified_candidate,yc_slug_inference,slidepay,https://www.crunchbase.com/organization/slidepay,
27176,Slingshot,slingshot,Summer 2022,Acquired,https://slingshotml.com,https://www.ycombinator.com/companies/slingshot,yc_oss_current,false,unverified_candidate,yc_slug_inference,slingshot,https://www.crunchbase.com/organization/slingshot,
23796,Slope,slope,Summer 2021,Active,http://www.slopepay.com,https://www.ycombinator.com/companies/slope,yc_oss_current,false,unverified_candidate,yc_slug_inference,slope,https://www.crunchbase.com/organization/slope,
30779,Smartbase,smartbase,Spring 2026,Active,https://www.smartbase.so/,https://www.ycombinator.com/companies/smartbase,yc_oss_current,false,unverified_candidate,yc_slug_inference,smartbase,https://www.crunchbase.com/organization/smartbase,
22720,Smartcuts,smartcuts,Winter 2021,Active,https://trysmartcuts.com/,https://www.ycombinator.com/companies/smartcuts,yc_oss_current,false,unverified_candidate,yc_slug_inference,smartcuts,https://www.crunchbase.com/organization/smartcuts,
29080,Smobi,smobi,Summer 2023,Active,https://smobi.com/,https://www.ycombinator.com/companies/smobi,yc_oss_current,false,unverified_candidate,yc_slug_inference,smobi,https://www.crunchbase.com/organization/smobi,
31448,smol machines,smol-machines,Spring 2026,Active,https://smolmachines.com/,https://www.ycombinator.com/companies/smol-machines,yc_oss_current,false,unverified_candidate,yc_slug_inference,smol-machines,https://www.crunchbase.com/organization/smol-machines,
30050,Smooth,smooth,Fall 2024,Active,https://smooth.sh,https://www.ycombinator.com/companies/smooth,yc_oss_current,false,unverified_candidate,yc_slug_inference,smooth,https://www.crunchbase.com/organization/smooth,
25930,SNAB,snab,Winter 2022,Active,https://www.snabfinance.com/,https://www.ycombinator.com/companies/snab,yc_oss_current,false,unverified_candidate,yc_slug_inference,snab,https://www.crunchbase.com/organization/snab,
33345,Snap Poker,snap-poker,Summer 2026,Active,https://playsnappoker.com,https://www.ycombinator.com/companies/snap-poker,yc_oss_current,false,unverified_candidate,yc_slug_inference,snap-poker,https://www.crunchbase.com/organization/snap-poker,
13323,Snapboard,snapboard,Winter 2020,Inactive,https://snapboard.io,https://www.ycombinator.com/companies/snapboard,yc_oss_current,false,unverified_candidate,yc_slug_inference,snapboard,https://www.crunchbase.com/organization/snapboard,
25584,SnapTrade,snaptrade,Winter 2022,Active,https://snaptrade.com/,https://www.ycombinator.com/companies/snaptrade,yc_oss_current,false,unverified_candidate,yc_slug_inference,snaptrade,https://www.crunchbase.com/organization/snaptrade,
29686,Snowpilot,snowpilot,Summer 2024,Active,https://www.snowpilot.com,https://www.ycombinator.com/companies/snowpilot,datahive_historical,true,unverified_candidate,yc_slug_inference,snowpilot,https://www.crunchbase.com/organization/snowpilot,
314,Socialbrowse,socialbrowse,Winter 2008,Inactive,http://socialbrowse.com,https://www.ycombinator.com/companies/socialbrowse,yc_oss_current,false,unverified_candidate,yc_slug_inference,socialbrowse,https://www.crunchbase.com/organization/socialbrowse,
24137,Soco,soco,Summer 2021,Active,https://socosearch.com/,https://www.ycombinator.com/companies/soco,yc_oss_current,false,unverified_candidate,yc_slug_inference,soco,https://www.crunchbase.com/organization/soco,
1370,Socrative,,IK12,Inactive,https://htp://www.socrative.com,,radema_historical,true,unverified_candidate,company_name_inference,socrative,https://www.crunchbase.com/organization/socrative,
30726,Socratix AI,socratix-ai,Summer 2025,Active,https://getsocratix.ai,https://www.ycombinator.com/companies/socratix-ai,yc_oss_current,false,unverified_candidate,yc_slug_inference,socratix-ai,https://www.crunchbase.com/organization/socratix-ai,
29773,Soff,soff,Summer 2024,Active,https://soff.ai,https://www.ycombinator.com/companies/soff,yc_oss_current,false,unverified_candidate,yc_slug_inference,soff,https://www.crunchbase.com/organization/soff,
28996,Sola,sola,Summer 2023,Active,https://www.sola-solutions.com/,https://www.ycombinator.com/companies/sola,yc_oss_current,false,unverified_candidate,yc_slug_inference,sola,https://www.crunchbase.com/organization/sola,
29363,Solari AI,solari-ai,Winter 2024,Active,https://www.usesolari.ai/,https://www.ycombinator.com/companies/solari-ai,yc_oss_current,false,unverified_candidate,yc_slug_inference,solari-ai,https://www.crunchbase.com/organization/solari-ai,
24024,SolarMente,solarmente,Summer 2021,Inactive,https://solarmente.es,https://www.ycombinator.com/companies/solarmente,yc_oss_current,false,unverified_candidate,yc_slug_inference,solarmente,https://www.crunchbase.com/organization/solarmente,
30275,Solidroad,solidroad,Winter 2025,Active,https://solidroad.com,https://www.ycombinator.com/companies/solidroad,yc_oss_current,false,unverified_candidate,yc_slug_inference,solidroad,https://www.crunchbase.com/organization/solidroad,
30706,Solva,solva,Summer 2025,Active,https://solvatechnology.com,https://www.ycombinator.com/companies/solva,yc_oss_current,false,unverified_candidate,yc_slug_inference,solva,https://www.crunchbase.com/organization/solva,
23421,Somos,somos,Winter 2021,Active,http://somosinternet.co/,https://www.ycombinator.com/companies/somos,yc_oss_current,false,unverified_candidate,yc_slug_inference,somos,https://www.crunchbase.com/organization/somos,
22256,Sonar,sonar,Summer 2020,Inactive,https://sonar.app,https://www.ycombinator.com/companies/sonar,yc_oss_current,false,unverified_candidate,yc_slug_inference,sonar,https://www.crunchbase.com/organization/sonar,
29792,Sonatoria,sonatoria,Summer 2024,Active,https://sonatoria.com,https://www.ycombinator.com/companies/sonatoria,yc_oss_current,false,unverified_candidate,yc_slug_inference,sonatoria,https://www.crunchbase.com/organization/sonatoria,
29431,Sonauto,sonauto,Winter 2024,Active,https://sonauto.ai/,https://www.ycombinator.com/companies/sonauto,yc_oss_current,false,unverified_candidate,yc_slug_inference,sonauto,https://www.crunchbase.com/organization/sonauto,
29244,Sonia,sonia,Winter 2024,Active,https://soniahealth.com,https://www.ycombinator.com/companies/sonia,yc_oss_current,false,unverified_candidate,yc_slug_inference,sonia,https://www.crunchbase.com/organization/sonia,
27155,Sonnet,sonnet,Summer 2022,Inactive,https://,https://www.ycombinator.com/companies/sonnet,yc_oss_current,false,unverified_candidate,yc_slug_inference,sonnet,https://www.crunchbase.com/organization/sonnet,
25582,Sophys,sophys,Winter 2022,Active,https://www.sophyshealth.com/,https://www.ycombinator.com/companies/sophys,yc_oss_current,false,unverified_candidate,yc_slug_inference,sophys,https://www.crunchbase.com/organization/sophys,
23226,Soraban,soraban,Winter 2021,Active,https://www.soraban.com,https://www.ycombinator.com/companies/soraban,yc_oss_current,false,unverified_candidate,yc_slug_inference,soraban,https://www.crunchbase.com/organization/soraban,
30862,Sorce,sorce,Fall 2025,Active,https://sorce.jobs,https://www.ycombinator.com/companies/sorce,yc_oss_current,false,unverified_candidate,yc_slug_inference,sorce,https://www.crunchbase.com/organization/sorce,
30867,Soren,soren,Fall 2025,Active,https://usesoren.com,https://www.ycombinator.com/companies/soren,yc_oss_current,false,unverified_candidate,yc_slug_inference,soren,https://www.crunchbase.com/organization/soren,
31464,Soria,soria,Spring 2026,Active,https://www.soriaanalytics.com/,https://www.ycombinator.com/companies/soria,yc_oss_current,false,unverified_candidate,yc_slug_inference,soria,https://www.crunchbase.com/organization/soria,
28082,Sorted,sorted,Winter 2023,Inactive,https://sorted-lp.webflow.io/,https://www.ycombinator.com/companies/sorted,yc_oss_current,false,unverified_candidate,yc_slug_inference,sorted,https://www.crunchbase.com/organization/sorted,
11961,Sorting Robotics,sorting-robotics,Winter 2019,Active,https://www.sortingrobotics.com/,https://www.ycombinator.com/companies/sorting-robotics,yc_oss_current,false,unverified_candidate,yc_slug_inference,sorting-robotics,https://www.crunchbase.com/organization/sorting-robotics,
25339,Sota2,sota2,Winter 2022,Active,https://www.sota2.com,https://www.ycombinator.com/companies/sota2,yc_oss_current,false,unverified_candidate,yc_slug_inference,sota2,https://www.crunchbase.com/organization/sota2,
25951,SOTERI SKIN,soteri-skin,Winter 2022,Active,https://soteriskin.com/,https://www.ycombinator.com/companies/soteri-skin,yc_oss_current,false,unverified_candidate,yc_slug_inference,soteri-skin,https://www.crunchbase.com/organization/soteri-skin,
12609,Soteris,soteris,Summer 2019,Active,http://www.soteris.co,https://www.ycombinator.com/companies/soteris,yc_oss_current,false,unverified_candidate,yc_slug_inference,soteris,https://www.crunchbase.com/organization/soteris,
12544,Souffle Club,souffle-club,Summer 2019,Inactive,https://souffle.club,https://www.ycombinator.com/companies/souffle-club,yc_oss_current,false,unverified_candidate,yc_slug_inference,souffle-club,https://www.crunchbase.com/organization/souffle-club,
29382,Soundry AI,soundry-ai,Winter 2024,Acquired,https://soundry.ai/,https://www.ycombinator.com/companies/soundry-ai,yc_oss_current,false,unverified_candidate,yc_slug_inference,soundry-ai,https://www.crunchbase.com/organization/soundry-ai,
30946,Sourcebot,sourcebot,Fall 2025,Active,https://www.sourcebot.dev/,https://www.ycombinator.com/companies/sourcebot,yc_oss_current,false,unverified_candidate,yc_slug_inference,sourcebot,https://www.crunchbase.com/organization/sourcebot,
1671,Sourceress,sourceress,Summer 2017,Active,http://sourceress.com/,https://www.ycombinator.com/companies/sourceress,yc_oss_current,false,unverified_candidate,yc_slug_inference,sourceress,https://www.crunchbase.com/organization/sourceress,
1795,Sourcify,sourcify,Winter 2018,Active,https://www.sourcify.com/,https://www.ycombinator.com/companies/sourcify,yc_oss_current,false,unverified_candidate,yc_slug_inference,sourcify,https://www.crunchbase.com/organization/sourcify,
33311,"SpaceFlow Technologies, Inc.",spaceflow-technologies-inc,Summer 2026,Active,https://spaceflow.tech,https://www.ycombinator.com/companies/spaceflow-technologies-inc,yc_oss_current,false,unverified_candidate,yc_slug_inference,spaceflow-technologies-inc,https://www.crunchbase.com/organization/spaceflow-technologies-inc,
29597,Spaceium Inc,spaceium-inc,Summer 2024,Active,https://spaceium.com,https://www.ycombinator.com/companies/spaceium-inc,yc_oss_current,false,unverified_candidate,yc_slug_inference,spaceium-inc,https://www.crunchbase.com/organization/spaceium-inc,
25681,SpadeWorks,spadeworks,Winter 2022,Active,https://www.spadeworks.co,https://www.ycombinator.com/companies/spadeworks,yc_oss_current,false,unverified_candidate,yc_slug_inference,spadeworks,https://www.crunchbase.com/organization/spadeworks,
29438,Spark,spark,Winter 2024,Active,https://www.sparkhq.ai,https://www.ycombinator.com/companies/spark,yc_oss_current,false,unverified_candidate,yc_slug_inference,spark,https://www.crunchbase.com/organization/spark,
24506,Spark Studio,spark-studio,Summer 2021,Active,https://sparkstudio.co,https://www.ycombinator.com/companies/spark-studio,yc_oss_current,false,unverified_candidate,yc_slug_inference,spark-studio,https://www.crunchbase.com/organization/spark-studio,
31151,Sparkles,sparkles,Winter 2026,Active,https://sparkles.dev,https://www.ycombinator.com/companies/sparkles,yc_oss_current,false,unverified_candidate,yc_slug_inference,sparkles,https://www.crunchbase.com/organization/sparkles,
28413,SpecCheck,speccheck,Winter 2023,Active,https://www.speccheckrx.com/,https://www.ycombinator.com/companies/speccheck,yc_oss_current,false,unverified_candidate,yc_slug_inference,speccheck,https://www.crunchbase.com/organization/speccheck,
30954,Specific,specific,Fall 2025,Active,https://specific.dev,https://www.ycombinator.com/companies/specific,yc_oss_current,false,unverified_candidate,yc_slug_inference,specific,https://www.crunchbase.com/organization/specific,
31009,Specific Labs,specific-labs,Fall 2025,Active,https://withspecific.com,https://www.ycombinator.com/companies/specific-labs,yc_oss_current,false,unverified_candidate,yc_slug_inference,specific-labs,https://www.crunchbase.com/organization/specific-labs,
29330,Speck,speck,Winter 2024,Acquired,https://speck.sh,https://www.ycombinator.com/companies/speck,yc_oss_current,false,unverified_candidate,yc_slug_inference,speck,https://www.crunchbase.com/organization/speck,
32257,Spectre Intelligence,spectre-intelligence,Summer 2026,Active,https://www.spectreintelligence.ai,https://www.ycombinator.com/companies/spectre-intelligence,yc_oss_current,false,unverified_candidate,yc_slug_inference,spectre-intelligence,https://www.crunchbase.com/organization/spectre-intelligence,
28412,Speedy Labs,speedy-labs,Winter 2023,Active,https://speedylabs.ai/,https://www.ycombinator.com/companies/speedy-labs,yc_oss_current,false,unverified_candidate,yc_slug_inference,speedy-labs,https://www.crunchbase.com/organization/speedy-labs,
32169,Speko,speko,Summer 2026,Active,https://speko.ai/?utm_source=ycombinator&utm_medium=profile,https://www.ycombinator.com/companies/speko,yc_oss_current,false,unverified_candidate,yc_slug_inference,speko,https://www.crunchbase.com/organization/speko,
1729,Spellbrush,spellbrush,Winter 2018,Active,https://spellbrush.com,https://www.ycombinator.com/companies/spellbrush,yc_oss_current,false,unverified_candidate,yc_slug_inference,spellbrush,https://www.crunchbase.com/organization/spellbrush,
22148,Spenmo,spenmo,Summer 2020,Active,https://summitglobal.com/,https://www.ycombinator.com/companies/spenmo,yc_oss_current,false,unverified_candidate,yc_slug_inference,spenmo,https://www.crunchbase.com/organization/spenmo,
13391,Spenny,spenny,Winter 2020,Active,http://spennyapp.com,https://www.ycombinator.com/companies/spenny,yc_oss_current,false,unverified_candidate,yc_slug_inference,spenny,https://www.crunchbase.com/organization/spenny,
25618,Sphere,sphere,Winter 2022,Active,https://www.getsphere.com/,https://www.ycombinator.com/companies/sphere,yc_oss_current,false,unverified_candidate,yc_slug_inference,sphere,https://www.crunchbase.com/organization/sphere,
29570,Spherecast,spherecast,Summer 2024,Active,https://www.spherecast.ai/,https://www.ycombinator.com/companies/spherecast,yc_oss_current,false,unverified_candidate,yc_slug_inference,spherecast,https://www.crunchbase.com/organization/spherecast,
30059,Sphinx,sphinx,Fall 2024,Active,https://sphinxhq.com/,https://www.ycombinator.com/companies/sphinx,yc_oss_current,false,unverified_candidate,yc_slug_inference,sphinx,https://www.crunchbase.com/organization/sphinx,
12797,Spice Data,spice-data,Summer 2019,Active,https://spicedata.com/,https://www.ycombinator.com/companies/spice-data,yc_oss_current,false,unverified_candidate,yc_slug_inference,spice-data,https://www.crunchbase.com/organization/spice-data,
11956,Spire Law,spire-law,Winter 2019,Active,https://spirelawfirm.com/,https://www.ycombinator.com/companies/spire-law,yc_oss_current,false,unverified_candidate,yc_slug_inference,spire-law,https://www.crunchbase.com/organization/spire-law,
30194,Splash Inc.,splash-inc,Winter 2025,Active,https://splash9.com/,https://www.ycombinator.com/companies/splash-inc,yc_oss_current,false,unverified_candidate,yc_slug_inference,splash-inc,https://www.crunchbase.com/organization/splash-inc,
26015,Splendor,splendor,Winter 2022,Active,https://splendorhealth.com,https://www.ycombinator.com/companies/splendor,datahive_historical,true,unverified_candidate,yc_slug_inference,splendor,https://www.crunchbase.com/organization/splendor,
23368,Spline,spline,Winter 2021,Active,http://spline.design/,https://www.ycombinator.com/companies/spline,yc_oss_current,false,unverified_candidate,yc_slug_inference,spline,https://www.crunchbase.com/organization/spline,
24816,Spoken,spoken,Summer 2021,Inactive,http://www.spoken.io,https://www.ycombinator.com/companies/spoken,yc_oss_current,false,unverified_candidate,yc_slug_inference,spoken,https://www.crunchbase.com/organization/spoken,
31159,Sponge,sponge,Winter 2026,Active,https://paysponge.com/,https://www.ycombinator.com/companies/sponge,yc_oss_current,false,unverified_candidate,yc_slug_inference,sponge,https://www.crunchbase.com/organization/sponge,
30791,Spotlight Realty,spotlight-realty,Summer 2025,Active,https://www.spotlight.realty,https://www.ycombinator.com/companies/spotlight-realty,yc_oss_current,false,unverified_candidate,yc_slug_inference,spotlight-realty,https://www.crunchbase.com/organization/spotlight-realty,
31273,SpotPay,spotpay,Winter 2026,Active,https://www.spotpay.ai/,https://www.ycombinator.com/companies/spotpay,yc_oss_current,false,unverified_candidate,yc_slug_inference,spotpay,https://www.crunchbase.com/organization/spotpay,
30322,Spott,spott,Winter 2025,Active,https://spott.io,https://www.ycombinator.com/companies/spott,yc_oss_current,false,unverified_candidate,yc_slug_inference,spott,https://www.crunchbase.com/organization/spott,
12249,Spring in Africa,spring-in-africa,Winter 2019,Active,https://springinafrica.com,https://www.ycombinator.com/companies/spring-in-africa,yc_oss_current,false,unverified_candidate,yc_slug_inference,spring-in-africa,https://www.crunchbase.com/organization/spring-in-africa,
656,SpringWit,springwit,Summer 2014,Inactive,http://springwit.com,https://www.ycombinator.com/companies/springwit,yc_oss_current,false,unverified_candidate,yc_slug_inference,springwit,https://www.crunchbase.com/organization/springwit,
13349,SprintAI,sprintai,Winter 2020,Inactive,https://www.getsprint.ai/,https://www.ycombinator.com/companies/sprintai,yc_oss_current,false,unverified_candidate,yc_slug_inference,sprintai,https://www.crunchbase.com/organization/sprintai,
25732,Sprites,sprites,Winter 2022,Active,https://sprites.ai/,https://www.ycombinator.com/companies/sprites,yc_oss_current,false,unverified_candidate,yc_slug_inference,sprites,https://www.crunchbase.com/organization/sprites,
24237,Sproutfi,sproutfi,Summer 2021,Acquired,https://www.sproutfi.com,https://www.ycombinator.com/companies/sproutfi,yc_oss_current,false,unverified_candidate,yc_slug_inference,sproutfi,https://www.crunchbase.com/organization/sproutfi,
29474,Spur,spur,Summer 2024,Active,https://www.spurtest.com/,https://www.ycombinator.com/companies/spur,yc_oss_current,false,unverified_candidate,yc_slug_inference,spur,https://www.crunchbase.com/organization/spur,
31245,Squid,squid,Winter 2026,Active,https://squid.energy,https://www.ycombinator.com/companies/squid,yc_oss_current,false,unverified_candidate,yc_slug_inference,squid,https://www.crunchbase.com/organization/squid,
24787,Squire.ai,squire-ai,Summer 2021,Inactive,https://squire.ai,https://www.ycombinator.com/companies/squire-ai,yc_oss_current,false,unverified_candidate,yc_slug_inference,squire-ai,https://www.crunchbase.com/organization/squire-ai,
13512,Stable,stable,Winter 2020,Active,https://useStable.com,https://www.ycombinator.com/companies/stable,yc_oss_current,false,unverified_candidate,yc_slug_inference,stable,https://www.crunchbase.com/organization/stable,
31419,StableBrowse,stablebrowse,Spring 2026,Active,https://stablebrowse.ai/,https://www.ycombinator.com/companies/stablebrowse,yc_oss_current,false,unverified_candidate,yc_slug_inference,stablebrowse,https://www.crunchbase.com/organization/stablebrowse,
25342,Stably AI (Orca),stably-ai-orca,Winter 2022,Active,http://onorca.dev/,https://www.ycombinator.com/companies/stably-ai-orca,yc_oss_current,false,unverified_candidate,yc_slug_inference,stably-ai-orca,https://www.crunchbase.com/organization/stably-ai-orca,
27667,StackAI,stackai,Winter 2023,Acquired,https://www.stackai.com,https://www.ycombinator.com/companies/stackai,yc_oss_current,false,unverified_candidate,yc_slug_inference,stackai,https://www.crunchbase.com/organization/stackai,
262,Stackq,stackq,Summer 2009,Inactive,http://stackq.com,https://www.ycombinator.com/companies/stackq,yc_oss_current,false,unverified_candidate,yc_slug_inference,stackq,https://www.crunchbase.com/organization/stackq,
22669,Stacksi,stacksi,Winter 2021,Acquired,https://www.stacksi.com,https://www.ycombinator.com/companies/stacksi,yc_oss_current,false,unverified_candidate,yc_slug_inference,stacksi,https://www.crunchbase.com/organization/stacksi,
26705,Stackup,stackup,Summer 2022,Active,https://www.stackup.fi,https://www.ycombinator.com/companies/stackup,yc_oss_current,false,unverified_candidate,yc_slug_inference,stackup,https://www.crunchbase.com/organization/stackup,
25144,StafBook,stafbook,Winter 2022,Active,https://stafbook.com,https://www.ycombinator.com/companies/stafbook,yc_oss_current,false,unverified_candidate,yc_slug_inference,stafbook,https://www.crunchbase.com/organization/stafbook,
31332,Stage,stage,Spring 2026,Active,https://www.tryluke.dev/,https://www.ycombinator.com/companies/stage,yc_oss_current,false,unverified_candidate,yc_slug_inference,stage,https://www.crunchbase.com/organization/stage,
30772,stagewise,stagewise,Summer 2025,Active,https://stagewise.io,https://www.ycombinator.com/companies/stagewise,yc_oss_current,false,unverified_candidate,yc_slug_inference,stagewise,https://www.crunchbase.com/organization/stagewise,
30196,Stamp,stamp,Winter 2025,Active,https://www.stampmail.ai/,https://www.ycombinator.com/companies/stamp,yc_oss_current,false,unverified_candidate,yc_slug_inference,stamp,https://www.crunchbase.com/organization/stamp,
32517,Standard Machines,standard-machines,Summer 2026,Active,https://standardmachines.com,https://www.ycombinator.com/companies/standard-machines,yc_oss_current,false,unverified_candidate,yc_slug_inference,standard-machines,https://www.crunchbase.com/organization/standard-machines,
31330,Standard Signal,standard-signal,Spring 2026,Active,https://standardsignal.com,https://www.ycombinator.com/companies/standard-signal,yc_oss_current,false,unverified_candidate,yc_slug_inference,standard-signal,https://www.crunchbase.com/organization/standard-signal,
31402,Standout,standout,Spring 2026,Active,https://standout.work,https://www.ycombinator.com/companies/standout,yc_oss_current,false,unverified_candidate,yc_slug_inference,standout,https://www.crunchbase.com/organization/standout,
26667,Star,star,Summer 2022,Active,https://buildwithstar.com,https://www.ycombinator.com/companies/star,yc_oss_current,false,unverified_candidate,yc_slug_inference,star,https://www.crunchbase.com/organization/star,
1431,Starcity,starcity,Summer 2016,Acquired,https://starcity.com,https://www.ycombinator.com/companies/starcity,yc_oss_current,false,unverified_candidate,yc_slug_inference,starcity,https://www.crunchbase.com/organization/starcity,
24407,Stardex,stardex,Summer 2021,Active,https://www.stardex.com,https://www.ycombinator.com/companies/stardex,yc_oss_current,false,unverified_candidate,yc_slug_inference,stardex,https://www.crunchbase.com/organization/stardex,
29654,Stardrift,stardrift,Summer 2024,Active,https://stardrift.ai,https://www.ycombinator.com/companies/stardrift,yc_oss_current,false,unverified_candidate,yc_slug_inference,stardrift,https://www.crunchbase.com/organization/stardrift,
29318,StarJar,starjar,Winter 2024,Acquired,https://www.starjar.io/,https://www.ycombinator.com/companies/starjar,yc_oss_current,false,unverified_candidate,yc_slug_inference,starjar,https://www.crunchbase.com/organization/starjar,
13500,STARK BANK,stark-bank,Winter 2020,Active,https://starkbank.com,https://www.ycombinator.com/companies/stark-bank,yc_oss_current,false,unverified_candidate,yc_slug_inference,stark-bank,https://www.crunchbase.com/organization/stark-bank,
1273,Starsky Robotics,starsky-robotics,Summer 2016,Inactive,https://www.starsky.io/,https://www.ycombinator.com/companies/starsky-robotics,yc_oss_current,false,unverified_candidate,yc_slug_inference,starsky-robotics,https://www.crunchbase.com/organization/starsky-robotics,
30545,StarSling,starsling,Spring 2025,Active,https://starsling.dev/,https://www.ycombinator.com/companies/starsling,yc_oss_current,false,unverified_candidate,yc_slug_inference,starsling,https://www.crunchbase.com/organization/starsling,
21979,Statiq.,statiq,Summer 2020,Active,https://statiq.in/,https://www.ycombinator.com/companies/statiq,yc_oss_current,false,unverified_candidate,yc_slug_inference,statiq,https://www.crunchbase.com/organization/statiq,
25954,Status,status,Winter 2022,Active,https://www.statusai.com/,https://www.ycombinator.com/companies/status,yc_oss_current,false,unverified_candidate,yc_slug_inference,status,https://www.crunchbase.com/organization/status,
13343,StayQrious,stayqrious,Winter 2020,Active,https://StayQrious.com,https://www.ycombinator.com/companies/stayqrious,yc_oss_current,false,unverified_candidate,yc_slug_inference,stayqrious,https://www.crunchbase.com/organization/stayqrious,
30190,Steinmetz,steinmetz,Winter 2025,Active,https://steinmetzmotors.com/,https://www.ycombinator.com/companies/steinmetz,yc_oss_current,false,unverified_candidate,yc_slug_inference,steinmetz,https://www.crunchbase.com/organization/steinmetz,
26780,Stellar,stellar,Summer 2022,Inactive,http://www.stellarapp.io,https://www.ycombinator.com/companies/stellar,yc_oss_current,false,unverified_candidate,yc_slug_inference,stellar,https://www.crunchbase.com/organization/stellar,
28793,Stellar Sleep,stellar-sleep,Summer 2023,Active,https://stellarsleep.com/,https://www.ycombinator.com/companies/stellar-sleep,yc_oss_current,false,unverified_candidate,yc_slug_inference,stellar-sleep,https://www.crunchbase.com/organization/stellar-sleep,
30676,Stellon Labs,stellon-labs,Summer 2025,Active,https://stellonlabs.com/,https://www.ycombinator.com/companies/stellon-labs,yc_oss_current,false,unverified_candidate,yc_slug_inference,stellon-labs,https://www.crunchbase.com/organization/stellon-labs,
29756,Stempad,stempad,Summer 2024,Active,https://www.stempad.com,https://www.ycombinator.com/companies/stempad,yc_oss_current,false,unverified_candidate,yc_slug_inference,stempad,https://www.crunchbase.com/organization/stempad,
30068,Stewdio,stewdio,Fall 2024,Active,https://www.stewdio.ai,https://www.ycombinator.com/companies/stewdio,yc_oss_current,false,unverified_candidate,yc_slug_inference,stewdio,https://www.crunchbase.com/organization/stewdio,
30264,Stillwind,stillwind,Winter 2025,Active,https://stillwind.ai,https://www.ycombinator.com/companies/stillwind,yc_oss_current,false,unverified_candidate,yc_slug_inference,stillwind,https://www.crunchbase.com/organization/stillwind,
31167,Stilta,stilta,Winter 2026,Active,https://stilta.com,https://www.ycombinator.com/companies/stilta,yc_oss_current,false,unverified_candidate,yc_slug_inference,stilta,https://www.crunchbase.com/organization/stilta,
29206,Stitch Technologies,stitch-technologies,Winter 2024,Inactive,https://www.stitch.tech,https://www.ycombinator.com/companies/stitch-technologies,yc_oss_current,false,unverified_candidate,yc_slug_inference,stitch-technologies,https://www.crunchbase.com/organization/stitch-technologies,
32225,Stoa,stoa,Summer 2026,Active,https://www.stoaexchange.com,https://www.ycombinator.com/companies/stoa,yc_oss_current,false,unverified_candidate,yc_slug_inference,stoa,https://www.crunchbase.com/organization/stoa,
12833,stoic.,stoic,Summer 2019,Active,https://getstoic.com/,https://www.ycombinator.com/companies/stoic,yc_oss_current,false,unverified_candidate,yc_slug_inference,stoic,https://www.crunchbase.com/organization/stoic,
23048,Stoke Space,stoke-space,Winter 2021,Active,https://www.stokespace.com/,https://www.ycombinator.com/companies/stoke-space,yc_oss_current,false,unverified_candidate,yc_slug_inference,stoke-space,https://www.crunchbase.com/organization/stoke-space,
29673,Storia AI,storia-ai,Summer 2024,Active,https://storia.ai,https://www.ycombinator.com/companies/storia-ai,yc_oss_current,false,unverified_candidate,yc_slug_inference,storia-ai,https://www.crunchbase.com/organization/storia-ai,
29697,Stormy,stormy,Summer 2025,Active,https://stormy.ai,https://www.ycombinator.com/companies/stormy,yc_oss_current,false,unverified_candidate,yc_slug_inference,stormy,https://www.crunchbase.com/organization/stormy,
27907,Storyboarder,storyboarder,Winter 2023,Active,https://storyboarder.com,https://www.ycombinator.com/companies/storyboarder,yc_oss_current,false,unverified_candidate,yc_slug_inference,storyboarder,https://www.crunchbase.com/organization/storyboarder,
1813,Storyline,storyline,Winter 2018,Inactive,https://www.producthunt.com/posts/storyline-7,https://www.ycombinator.com/companies/storyline,yc_oss_current,false,unverified_candidate,yc_slug_inference,storyline,https://www.crunchbase.com/organization/storyline,
25275,Strac,strac,Winter 2022,Active,https://www.strac.io/,https://www.ycombinator.com/companies/strac,yc_oss_current,false,unverified_candidate,yc_slug_inference,strac,https://www.crunchbase.com/organization/strac,
28075,Stralis Aircraft,stralis-aircraft,Winter 2023,Active,https://stralis.aero/,https://www.ycombinator.com/companies/stralis-aircraft,yc_oss_current,false,unverified_candidate,yc_slug_inference,stralis-aircraft,https://www.crunchbase.com/organization/stralis-aircraft,
31108,Strand AI,strand-ai,Winter 2026,Active,https://strandai.com,https://www.ycombinator.com/companies/strand-ai,yc_oss_current,false,unverified_candidate,yc_slug_inference,strand-ai,https://www.crunchbase.com/organization/strand-ai,
30441,stratify,stratify,Spring 2025,Active,https://www.trystratify.com,https://www.ycombinator.com/companies/stratify,yc_oss_current,false,unverified_candidate,yc_slug_inference,stratify,https://www.crunchbase.com/organization/stratify,
32523,Stratum Industries,stratum-industries,Summer 2026,Active,https://stratumindustries.co/,https://www.ycombinator.com/companies/stratum-industries,yc_oss_current,false,unverified_candidate,yc_slug_inference,stratum-industries,https://www.crunchbase.com/organization/stratum-industries,
13084,StratumAI,stratumai,Winter 2020,Active,https://www.stratum.ai,https://www.ycombinator.com/companies/stratumai,yc_oss_current,false,unverified_candidate,yc_slug_inference,stratumai,https://www.crunchbase.com/organization/stratumai,
26661,Stream,stream,Summer 2022,Active,http://www.stream.claims,https://www.ycombinator.com/companies/stream,yc_oss_current,false,unverified_candidate,yc_slug_inference,stream,https://www.crunchbase.com/organization/stream,
30023,Streamable,streamable,Fall 2024,Active,https://streamable.run,https://www.ycombinator.com/companies/streamable,yc_oss_current,false,unverified_candidate,yc_slug_inference,streamable,https://www.crunchbase.com/organization/streamable,
24719,StrideQ,strideq,Summer 2021,Active,https://strideq.com,https://www.ycombinator.com/companies/strideq,yc_oss_current,false,unverified_candidate,yc_slug_inference,strideq,https://www.crunchbase.com/organization/strideq,
240,Stripe,stripe,Summer 2009,Active,http://stripe.com,https://www.ycombinator.com/companies/stripe,yc_oss_current,false,unverified_candidate,yc_slug_inference,stripe,https://www.crunchbase.com/organization/stripe,
24131,Strive Math,strive-math,Summer 2021,Active,https://www.strivemath.com/,https://www.ycombinator.com/companies/strive-math,yc_oss_current,false,unverified_candidate,yc_slug_inference,strive-math,https://www.crunchbase.com/organization/strive-math,
21827,Strive School,strive-school,Summer 2020,Acquired,https://strive.school,https://www.ycombinator.com/companies/strive-school,yc_oss_current,false,unverified_candidate,yc_slug_inference,strive-school,https://www.crunchbase.com/organization/strive-school,
27684,Struct,struct,Winter 2023,Inactive,https://struct.app,https://www.ycombinator.com/companies/struct,yc_oss_current,false,unverified_candidate,yc_slug_inference,struct,https://www.crunchbase.com/organization/struct,
30108,Struct,struct-ai,Fall 2024,Active,https://struct.ai,https://www.ycombinator.com/companies/struct-ai,yc_oss_current,false,unverified_candidate,yc_slug_inference,struct-ai,https://www.crunchbase.com/organization/struct-ai,
30845,Structured AI,structured-ai,Fall 2025,Active,https://www.getstructured.ai/,https://www.ycombinator.com/companies/structured-ai,yc_oss_current,false,unverified_candidate,yc_slug_inference,structured-ai,https://www.crunchbase.com/organization/structured-ai,
28969,Studdy,studdy,Summer 2023,Active,https://www.studdy.ai/,https://www.ycombinator.com/companies/studdy,yc_oss_current,false,unverified_candidate,yc_slug_inference,studdy,https://www.crunchbase.com/organization/studdy,
32162,Studio,studio,Summer 2026,Active,https://trystudio.ai,https://www.ycombinator.com/companies/studio,yc_oss_current,false,unverified_candidate,yc_slug_inference,studio,https://www.crunchbase.com/organization/studio,
462,Study Edge,study-edge,Summer 2012,Acquired,http://studyedge.com,https://www.ycombinator.com/companies/study-edge,yc_oss_current,false,unverified_candidate,yc_slug_inference,study-edge,https://www.crunchbase.com/organization/study-edge,
24148,StudyStream,studystream,Summer 2021,Active,https://studystream.live,https://www.ycombinator.com/companies/studystream,yc_oss_current,false,unverified_candidate,yc_slug_inference,studystream,https://www.crunchbase.com/organization/studystream,
30189,SubImage,subimage,Winter 2025,Active,https://subimage.io,https://www.ycombinator.com/companies/subimage,yc_oss_current,false,archive_observed_candidate,commoncrawl_2019_slug_observation,subimage,https://www.crunchbase.com/organization/subimage,
12265,Sublime Black,sublime-black,Winter 2019,Inactive,http://sublimeblack.com,https://www.ycombinator.com/companies/sublime-black,yc_oss_current,false,unverified_candidate,yc_slug_inference,sublime-black,https://www.crunchbase.com/organization/sublime-black,
30216,Sublingual,sublingual,Winter 2025,Inactive,https://sublingual.ai/,https://www.ycombinator.com/companies/sublingual,yc_oss_current,false,unverified_candidate,yc_slug_inference,sublingual,https://www.crunchbase.com/organization/sublingual,
28837,Subsets,subsets,Summer 2023,Active,https://www.subsets.com,https://www.ycombinator.com/companies/subsets,yc_oss_current,false,unverified_candidate,yc_slug_inference,subsets,https://www.crunchbase.com/organization/subsets,
29709,Substrate,substrate,Summer 2024,Active,https://www.substrate.cc/,https://www.ycombinator.com/companies/substrate,yc_oss_current,false,unverified_candidate,yc_slug_inference,substrate,https://www.crunchbase.com/organization/substrate,
30204,Subtrace,subtrace,Winter 2025,Active,https://subtrace.dev,https://www.ycombinator.com/companies/subtrace,yc_oss_current,false,unverified_candidate,yc_slug_inference,subtrace,https://www.crunchbase.com/organization/subtrace,
33313,SubVysion,subvysion,Summer 2026,Active,https://subvysion.com,https://www.ycombinator.com/companies/subvysion,yc_oss_current,false,unverified_candidate,yc_slug_inference,subvysion,https://www.crunchbase.com/organization/subvysion,
24914,Sully.ai,sully-ai,Summer 2021,Active,https://www.sully.ai,https://www.ycombinator.com/companies/sully-ai,yc_oss_current,false,unverified_candidate,yc_slug_inference,sully-ai,https://www.crunchbase.com/organization/sully-ai,
30914,Sunflower,sunflower,Summer 2026,Active,https://sunflowerclinic.com/,https://www.ycombinator.com/companies/sunflower,yc_oss_current,false,unverified_candidate,yc_slug_inference,sunflower,https://www.crunchbase.com/organization/sunflower,
26755,Sunlight,sunlight,Summer 2022,Active,https://www.sunlightapi.com/,https://www.ycombinator.com/companies/sunlight,yc_oss_current,false,unverified_candidate,yc_slug_inference,sunlight,https://www.crunchbase.com/organization/sunlight,
27146,Sunpia,sunpia,Summer 2022,Active,http://sunpia.io,https://www.ycombinator.com/companies/sunpia,yc_oss_current,false,unverified_candidate,yc_slug_inference,sunpia,https://www.crunchbase.com/organization/sunpia,
30106,Sunset,sunset,Fall 2024,Active,https://www.hellosunset.com/,https://www.ycombinator.com/companies/sunset,yc_oss_current,false,unverified_candidate,yc_slug_inference,sunset,https://www.crunchbase.com/organization/sunset,
1669,Sunu,sunu,Summer 2017,Inactive,http://www.sunu.com,https://www.ycombinator.com/companies/sunu,yc_oss_current,false,unverified_candidate,yc_slug_inference,sunu,https://www.crunchbase.com/organization/sunu,
22091,Supabase,supabase,Summer 2020,Active,https://supabase.com,https://www.ycombinator.com/companies/supabase,yc_oss_current,false,unverified_candidate,yc_slug_inference,supabase,https://www.crunchbase.com/organization/supabase,
22785,Supadock,supadock,Winter 2021,Active,https://getsupadock.com,https://www.ycombinator.com/companies/supadock,yc_oss_current,false,unverified_candidate,yc_slug_inference,supadock,https://www.crunchbase.com/organization/supadock,
29374,Superagent,superagent,Winter 2024,Active,https://superagent.sh/,https://www.ycombinator.com/companies/superagent,yc_oss_current,false,unverified_candidate,yc_slug_inference,superagent,https://www.crunchbase.com/organization/superagent,
28107,SuperAPI,superapi,Winter 2023,Active,https://trysuperapi.com,https://www.ycombinator.com/companies/superapi,yc_oss_current,false,unverified_candidate,yc_slug_inference,superapi,https://www.crunchbase.com/organization/superapi,
30040,supercontrast,supercontrast,Fall 2024,Inactive,https://supercontrast.com/,https://www.ycombinator.com/companies/supercontrast,yc_oss_current,false,unverified_candidate,yc_slug_inference,supercontrast,https://www.crunchbase.com/organization/supercontrast,
30212,superglue,superglue,Winter 2025,Active,https://superglue.ai/,https://www.ycombinator.com/companies/superglue,yc_oss_current,false,unverified_candidate,yc_slug_inference,superglue,https://www.crunchbase.com/organization/superglue,
31380,Superlog,superlog,Spring 2026,Active,https://superlog.sh/,https://www.ycombinator.com/companies/superlog,yc_oss_current,false,unverified_candidate,yc_slug_inference,superlog,https://www.crunchbase.com/organization/superlog,
12040,Superorder,superorder,Summer 2019,Active,https://superorder.com/,https://www.ycombinator.com/companies/superorder,yc_oss_current,false,unverified_candidate,yc_slug_inference,superorder,https://www.crunchbase.com/organization/superorder,
26706,Superpowered AI,superpowered-ai,Summer 2022,Inactive,https://superpowered.ai,https://www.ycombinator.com/companies/superpowered-ai,yc_oss_current,false,unverified_candidate,yc_slug_inference,superpowered-ai,https://www.crunchbase.com/organization/superpowered-ai,
31222,Superset,superset,Spring 2026,Active,https://www.superset.sh/,https://www.ycombinator.com/companies/superset,yc_oss_current,false,unverified_candidate,yc_slug_inference,superset,https://www.crunchbase.com/organization/superset,
21770,SuperTokens,supertokens,Summer 2020,Active,https://supertokens.com,https://www.ycombinator.com/companies/supertokens,yc_oss_current,false,unverified_candidate,yc_slug_inference,supertokens,https://www.crunchbase.com/organization/supertokens,
25355,Supertone,supertone,Winter 2022,Inactive,https://www.supertone.com,https://www.ycombinator.com/companies/supertone,yc_oss_current,false,unverified_candidate,yc_slug_inference,supertone,https://www.crunchbase.com/organization/supertone,
29574,Superunit,superunit,Summer 2024,Active,http://superunit.com,https://www.ycombinator.com/companies/superunit,yc_oss_current,false,unverified_candidate,yc_slug_inference,superunit,https://www.crunchbase.com/organization/superunit,
23948,Superwall,staffbar,Summer 2021,Active,https://superwall.com,https://www.ycombinator.com/companies/staffbar,yc_oss_current,false,unverified_candidate,yc_slug_inference,staffbar,https://www.crunchbase.com/organization/staffbar,
24686,Suplias,suplias,Summer 2021,Active,https://suplias.com,https://www.ycombinator.com/companies/suplias,yc_oss_current,false,unverified_candidate,yc_slug_inference,suplias,https://www.crunchbase.com/organization/suplias,
29850,SureBright,surebright,Summer 2024,Active,https://surebright.com/,https://www.ycombinator.com/companies/surebright,yc_oss_current,false,unverified_candidate,yc_slug_inference,surebright,https://www.crunchbase.com/organization/surebright,
30561,Sureform,sureform,Spring 2025,Active,https://www.sureformhq.com/,https://www.ycombinator.com/companies/sureform,yc_oss_current,false,unverified_candidate,yc_slug_inference,sureform,https://www.crunchbase.com/organization/sureform,
30107,Surge,surge,Fall 2024,Active,https://surge.app,https://www.ycombinator.com/companies/surge,yc_oss_current,false,unverified_candidate,yc_slug_inference,surge,https://www.crunchbase.com/organization/surge,
31325,Surtr Defense Systems,surtr-defense-systems,Spring 2026,Active,https://surtrdefense.com,https://www.ycombinator.com/companies/surtr-defense-systems,yc_oss_current,false,unverified_candidate,yc_slug_inference,surtr-defense-systems,https://www.crunchbase.com/organization/surtr-defense-systems,
12008,Swadesh,swadesh,Summer 2019,Active,http://www.swadesh.co,https://www.ycombinator.com/companies/swadesh,yc_oss_current,false,unverified_candidate,yc_slug_inference,swadesh,https://www.crunchbase.com/organization/swadesh,
29013,Sweep,sweep,Summer 2023,Active,https://sweep.dev/,https://www.ycombinator.com/companies/sweep,yc_oss_current,false,unverified_candidate,yc_slug_inference,sweep,https://www.crunchbase.com/organization/sweep,
30246,Swerve,swerve,Winter 2025,Active,https://www.getswerve.com/,https://www.ycombinator.com/companies/swerve,yc_oss_current,false,unverified_candidate,yc_slug_inference,swerve,https://www.crunchbase.com/organization/swerve,
21885,Swif.ai,swif-ai,Summer 2020,Active,https://www.swif.ai,https://www.ycombinator.com/companies/swif-ai,yc_oss_current,false,unverified_candidate,yc_slug_inference,swif-ai,https://www.crunchbase.com/organization/swif-ai,
23598,SwiftSku,swiftsku,Winter 2021,Active,https://swiftsku.com,https://www.ycombinator.com/companies/swiftsku,yc_oss_current,false,unverified_candidate,yc_slug_inference,swiftsku,https://www.crunchbase.com/organization/swiftsku,
24093,Swipe,swipe-2,Summer 2021,Active,https://getswipe.in,https://www.ycombinator.com/companies/swipe-2,yc_oss_current,false,unverified_candidate,yc_slug_inference,swipe-2,https://www.crunchbase.com/organization/swipe-2,
13482,Swipe Technologies,swipe-technologies,Winter 2020,Active,https://getswipe.com,https://www.ycombinator.com/companies/swipe-technologies,yc_oss_current,false,unverified_candidate,yc_slug_inference,swipe-technologies,https://www.crunchbase.com/organization/swipe-technologies,
30508,Sygaldry Technologies,sygaldry-technologies,Spring 2025,Active,https://www.sygaldry.com,https://www.ycombinator.com/companies/sygaldry-technologies,yc_oss_current,false,unverified_candidate,yc_slug_inference,sygaldry-technologies,https://www.crunchbase.com/organization/sygaldry-technologies,
30851,Sylvian,sylvian,Fall 2025,Inactive,https://sylvian.ai,https://www.ycombinator.com/companies/sylvian,yc_oss_current,false,unverified_candidate,yc_slug_inference,sylvian,https://www.crunchbase.com/organization/sylvian,
30022,Symphony,symphony,Fall 2024,Active,https://getsymphony.co,https://www.ycombinator.com/companies/symphony,yc_oss_current,false,unverified_candidate,yc_slug_inference,symphony,https://www.crunchbase.com/organization/symphony,
12549,Symplex,symplex,Summer 2019,Acquired,https://,https://www.ycombinator.com/companies/symplex,yc_oss_current,false,unverified_candidate,yc_slug_inference,symplex,https://www.crunchbase.com/organization/symplex,
32168,Synapse Semiconductor,synapse-semiconductor,Summer 2026,Active,https://synapsesemi.org,https://www.ycombinator.com/companies/synapse-semiconductor,yc_oss_current,false,unverified_candidate,yc_slug_inference,synapse-semiconductor,https://www.crunchbase.com/organization/synapse-semiconductor,
21860,Synapticure,synapticure,Summer 2020,Active,http://www.synapticure.com,https://www.ycombinator.com/companies/synapticure,yc_oss_current,false,unverified_candidate,yc_slug_inference,synapticure,https://www.crunchbase.com/organization/synapticure,
29346,sync.,sync-2,Winter 2024,Active,https://sync.so/,https://www.ycombinator.com/companies/sync-2,yc_oss_current,false,unverified_candidate,yc_slug_inference,sync-2,https://www.crunchbase.com/organization/sync-2,
28835,Synch,synch,Summer 2023,Inactive,https://www.withsynch.com/,https://www.ycombinator.com/companies/synch,yc_oss_current,false,unverified_candidate,yc_slug_inference,synch,https://www.crunchbase.com/organization/synch,
27685,Syncly,syncly,Winter 2023,Active,https://syncly.app/,https://www.ycombinator.com/companies/syncly,yc_oss_current,false,unverified_candidate,yc_slug_inference,syncly,https://www.crunchbase.com/organization/syncly,
13536,Syncro,syncro,Winter 2020,Inactive,https://runsyncro.com/,https://www.ycombinator.com/companies/syncro,yc_oss_current,false,unverified_candidate,yc_slug_inference,syncro,https://www.crunchbase.com/organization/syncro,
2015,Synkrino Biotherapeutics,synkrino-biotherapeutics,Summer 2018,Active,http://www.synkrino.bio,https://www.ycombinator.com/companies/synkrino-biotherapeutics,yc_oss_current,false,unverified_candidate,yc_slug_inference,synkrino-biotherapeutics,https://www.crunchbase.com/organization/synkrino-biotherapeutics,
29591,Synnax,synnax,Summer 2024,Active,https://www.synnaxlabs.com/,https://www.ycombinator.com/companies/synnax,yc_oss_current,false,unverified_candidate,yc_slug_inference,synnax,https://www.crunchbase.com/organization/synnax,
31415,Synphony,synphony,Spring 2026,Active,https://www.synphony.co/,https://www.ycombinator.com/companies/synphony,yc_oss_current,false,unverified_candidate,yc_slug_inference,synphony,https://www.crunchbase.com/organization/synphony,
29305,SynsoryBio,synsorybio,Winter 2024,Active,https://www.synsorybio.com/,https://www.ycombinator.com/companies/synsorybio,yc_oss_current,false,unverified_candidate,yc_slug_inference,synsorybio,https://www.crunchbase.com/organization/synsorybio,
30125,Synth,synth-3,Fall 2024,Active,https://www.usesynth.ai,https://www.ycombinator.com/companies/synth-3,yc_oss_current,false,unverified_candidate,yc_slug_inference,synth-3,https://www.crunchbase.com/organization/synth-3,
31181,Synthetic Sciences,synthetic-sciences,Winter 2026,Active,https://syntheticsciences.ai/,https://www.ycombinator.com/companies/synthetic-sciences,yc_oss_current,false,unverified_candidate,yc_slug_inference,synthetic-sciences,https://www.crunchbase.com/organization/synthetic-sciences,
30520,Synthetic Society,synthetic-society,Summer 2025,Active,https://syntheticsociety.ai/,https://www.ycombinator.com/companies/synthetic-society,yc_oss_current,false,unverified_candidate,yc_slug_inference,synthetic-society,https://www.crunchbase.com/organization/synthetic-society,
29026,SyntheticFi,syntheticfi,Summer 2023,Active,https://www.syntheticfi.com/,https://www.ycombinator.com/companies/syntheticfi,yc_oss_current,false,unverified_candidate,yc_slug_inference,syntheticfi,https://www.crunchbase.com/organization/syntheticfi,
30421,Synthio Labs,synthio-labs,Spring 2025,Active,https://synthiolabs.com/,https://www.ycombinator.com/companies/synthio-labs,yc_oss_current,false,unverified_candidate,yc_slug_inference,synthio-labs,https://www.crunchbase.com/organization/synthio-labs,
29987,Syntra,syntra,Summer 2024,Active,https://www.syntra.com,https://www.ycombinator.com/companies/syntra,yc_oss_current,false,unverified_candidate,yc_slug_inference,syntra,https://www.crunchbase.com/organization/syntra,
31082,Syntropy,syntropy,Winter 2026,Active,https://syntropy.io,https://www.ycombinator.com/companies/syntropy,yc_oss_current,false,unverified_candidate,yc_slug_inference,syntropy,https://www.crunchbase.com/organization/syntropy,
1251,Synvivia,synvivia,Summer 2016,Active,https://www.synvivia.com,https://www.ycombinator.com/companies/synvivia,yc_oss_current,false,unverified_candidate,yc_slug_inference,synvivia,https://www.crunchbase.com/organization/synvivia,
26869,Sytex,sytex,Summer 2022,Active,https://www.sytex.io,https://www.ycombinator.com/companies/sytex,yc_oss_current,false,unverified_candidate,yc_slug_inference,sytex,https://www.crunchbase.com/organization/sytex,
25614,T3 Chat,t3-chat,Winter 2022,Active,https://t3.chat,https://www.ycombinator.com/companies/t3-chat,yc_oss_current,false,unverified_candidate,yc_slug_inference,t3-chat,https://www.crunchbase.com/organization/t3-chat,
29640,Tabula,tabula,Summer 2024,Active,https://www.tabula.de,https://www.ycombinator.com/companies/tabula,yc_oss_current,false,unverified_candidate,yc_slug_inference,tabula,https://www.crunchbase.com/organization/tabula,
28080,Tagsafe,tagsafe,Winter 2023,Active,http://www.tagsafe.io,https://www.ycombinator.com/companies/tagsafe,yc_oss_current,false,unverified_candidate,yc_slug_inference,tagsafe,https://www.crunchbase.com/organization/tagsafe,
26065,TAI,tai,Winter 2022,Acquired,https://www.withtai.com,https://www.ycombinator.com/companies/tai,yc_oss_current,false,unverified_candidate,yc_slug_inference,tai,https://www.crunchbase.com/organization/tai,
31418,Taiga,taiga,Spring 2026,Active,https://taigabilling.com,https://www.ycombinator.com/companies/taiga,yc_oss_current,false,unverified_candidate,yc_slug_inference,taiga,https://www.crunchbase.com/organization/taiga,
30963,TakeCareOS,takecareos,Spring 2026,Active,https://takecareos.com,https://www.ycombinator.com/companies/takecareos,yc_oss_current,false,unverified_candidate,yc_slug_inference,takecareos,https://www.crunchbase.com/organization/takecareos,
22124,Taktile,taktile,Summer 2020,Active,http://www.taktile.com,https://www.ycombinator.com/companies/taktile,yc_oss_current,false,unverified_candidate,yc_slug_inference,taktile,https://www.crunchbase.com/organization/taktile,
28826,Talc,talc,Summer 2023,Active,https://talc.ai,https://www.ycombinator.com/companies/talc,yc_oss_current,false,unverified_candidate,yc_slug_inference,talc,https://www.crunchbase.com/organization/talc,
31262,Talking Computers,talking-computers,Winter 2026,Active,https://talkingcomputers.ai,https://www.ycombinator.com/companies/talking-computers,yc_oss_current,false,unverified_candidate,yc_slug_inference,talking-computers,https://www.crunchbase.com/organization/talking-computers,
360,Talkito,talkito,Summer 2006,Inactive,http://talkito.com,https://www.ycombinator.com/companies/talkito,yc_oss_current,false,unverified_candidate,yc_slug_inference,talkito,https://www.crunchbase.com/organization/talkito,
30349,Tally,tallyhq,Winter 2025,Active,https://tallyhq.com,https://www.ycombinator.com/companies/tallyhq,datahive_historical,true,unverified_candidate,yc_slug_inference,tallyhq,https://www.crunchbase.com/organization/tallyhq,
35128,Talos,talos-us,Fall 2026,Active,https://www.talos-us.com/,https://www.ycombinator.com/companies/talos-us,yc_oss_current,false,unverified_candidate,yc_slug_inference,talos-us,https://www.crunchbase.com/organization/talos-us,
23945,Talus Bio,talus-bio,Summer 2021,Active,https://www.talus.bio,https://www.ycombinator.com/companies/talus-bio,yc_oss_current,false,unverified_candidate,yc_slug_inference,talus-bio,https://www.crunchbase.com/organization/talus-bio,
29340,Tamarind Bio,tamarind-bio,Winter 2024,Active,https://www.tamarind.bio,https://www.ycombinator.com/companies/tamarind-bio,yc_oss_current,false,unverified_candidate,yc_slug_inference,tamarind-bio,https://www.crunchbase.com/organization/tamarind-bio,
13548,Tambua Health,tambua-health,Winter 2020,Active,https://tambua.health/,https://www.ycombinator.com/companies/tambua-health,yc_oss_current,false,unverified_candidate,yc_slug_inference,tambua-health,https://www.crunchbase.com/organization/tambua-health,
30340,TamLabs,tamlabs,Winter 2025,Active,https://tamlabs.ai,https://www.ycombinator.com/companies/tamlabs,yc_oss_current,false,unverified_candidate,yc_slug_inference,tamlabs,https://www.crunchbase.com/organization/tamlabs,
12630,Tandem,tandem,Summer 2019,Inactive,https://tandem.chat,https://www.ycombinator.com/companies/tandem,yc_oss_current,false,unverified_candidate,yc_slug_inference,tandem,https://www.crunchbase.com/organization/tandem,
29691,Tandem,tandem-2,Summer 2024,Active,https://tandemspace.com/,https://www.ycombinator.com/companies/tandem-2,yc_oss_current,false,unverified_candidate,yc_slug_inference,tandem-2,https://www.crunchbase.com/organization/tandem-2,
21896,TANGObuilder,tangobuilder,Summer 2020,Inactive,https://www.tangobuilder.com,https://www.ycombinator.com/companies/tangobuilder,yc_oss_current,false,unverified_candidate,yc_slug_inference,tangobuilder,https://www.crunchbase.com/organization/tangobuilder,
23075,TaoFi,taofi,Winter 2021,Acquired,https://taofi.com,https://www.ycombinator.com/companies/taofi,yc_oss_current,false,unverified_candidate,yc_slug_inference,taofi,https://www.crunchbase.com/organization/taofi,
21958,Tappity,tappity,Summer 2020,Active,https://www.tappityapp.com,https://www.ycombinator.com/companies/tappity,yc_oss_current,false,unverified_candidate,yc_slug_inference,tappity,https://www.crunchbase.com/organization/tappity,
32587,TareBio,tarebio,Summer 2026,Active,https://tarebio.com/,https://www.ycombinator.com/companies/tarebio,yc_oss_current,false,unverified_candidate,yc_slug_inference,tarebio,https://www.crunchbase.com/organization/tarebio,
32319,Tarifflo Inc.,tarifflo-inc,Summer 2026,Active,https://www.tarifflo.com,https://www.ycombinator.com/companies/tarifflo-inc,yc_oss_current,false,unverified_candidate,yc_slug_inference,tarifflo-inc,https://www.crunchbase.com/organization/tarifflo-inc,
1861,Tarjimly (acquired),tarjimly-acquired,Winter 2018,Active,https://tarjimly.org,https://www.ycombinator.com/companies/tarjimly-acquired,yc_oss_current,false,unverified_candidate,yc_slug_inference,tarjimly-acquired,https://www.crunchbase.com/organization/tarjimly-acquired,
27184,Taro,taro,Summer 2022,Acquired,https://joinTaro.com/,https://www.ycombinator.com/companies/taro,yc_oss_current,false,unverified_candidate,yc_slug_inference,taro,https://www.crunchbase.com/organization/taro,
24195,Tarsal,tarsal,Summer 2021,Acquired,https://www.tarsal.co/,https://www.ycombinator.com/companies/tarsal,yc_oss_current,false,unverified_candidate,yc_slug_inference,tarsal,https://www.crunchbase.com/organization/tarsal,
31923,tash,tash,Summer 2026,Active,https://www.tash.cards/,https://www.ycombinator.com/companies/tash,yc_oss_current,false,unverified_candidate,yc_slug_inference,tash,https://www.crunchbase.com/organization/tash,
31470,Tasklet,tasklet-2,Spring 2026,Active,https://tasklet.ai,https://www.ycombinator.com/companies/tasklet-2,yc_oss_current,false,unverified_candidate,yc_slug_inference,tasklet-2,https://www.crunchbase.com/organization/tasklet-2,
23084,Taste,taste,Winter 2021,Inactive,https://gettaste.com/,https://www.ycombinator.com/companies/taste,yc_oss_current,false,unverified_candidate,yc_slug_inference,taste,https://www.crunchbase.com/organization/taste,
12627,TaxProper,taxproper,Summer 2019,Acquired,https://taxproper.com/,https://www.ycombinator.com/companies/taxproper,yc_oss_current,false,unverified_candidate,yc_slug_inference,taxproper,https://www.crunchbase.com/organization/taxproper,
31455,tday.com,tdaycom,Spring 2026,Active,https://tday.com,https://www.ycombinator.com/companies/tdaycom,yc_oss_current,false,unverified_candidate,yc_slug_inference,tdaycom,https://www.crunchbase.com/organization/tdaycom,
864,teaBOT,teabot,Summer 2015,Active,http://teaBOT.com,https://www.ycombinator.com/companies/teabot,yc_oss_current,false,unverified_candidate,yc_slug_inference,teabot,https://www.crunchbase.com/organization/teabot,
1405,TeachMe,,IK12,Active,http://www.mathgames.com,,radema_historical,true,unverified_candidate,company_name_inference,teachme,https://www.crunchbase.com/organization/teachme,
25381,TeamOut,teamout,Winter 2022,Active,https://www.teamout.com/,https://www.ycombinator.com/companies/teamout,yc_oss_current,false,unverified_candidate,yc_slug_inference,teamout,https://www.crunchbase.com/organization/teamout,
23008,TechBiz,techbiz,Winter 2021,Acquired,https://www.techbiz.app,https://www.ycombinator.com/companies/techbiz,yc_oss_current,false,unverified_candidate,yc_slug_inference,techbiz,https://www.crunchbase.com/organization/techbiz,
30463,Tegore,tegore,Spring 2025,Active,https://tegore.ai/,https://www.ycombinator.com/companies/tegore,yc_oss_current,false,unverified_candidate,yc_slug_inference,tegore,https://www.crunchbase.com/organization/tegore,
24604,Telivy,telivy,Summer 2021,Acquired,https://www.telivy.com,https://www.ycombinator.com/companies/telivy,yc_oss_current,false,unverified_candidate,yc_slug_inference,telivy,https://www.crunchbase.com/organization/telivy,
30873,Tell if AI,tell-if-ai,Fall 2025,Active,https://tellif.ai,https://www.ycombinator.com/companies/tell-if-ai,yc_oss_current,false,unverified_candidate,yc_slug_inference,tell-if-ai,https://www.crunchbase.com/organization/tell-if-ai,
22037,Tella,tella,Summer 2020,Active,https://tella.com,https://www.ycombinator.com/companies/tella,yc_oss_current,false,unverified_candidate,yc_slug_inference,tella,https://www.crunchbase.com/organization/tella,
30021,telli,telli,Fall 2024,Active,https://telli.com,https://www.ycombinator.com/companies/telli,yc_oss_current,false,unverified_candidate,yc_slug_inference,telli,https://www.crunchbase.com/organization/telli,
24573,Telmai,telmai,Summer 2021,Active,https://www.telm.ai/,https://www.ycombinator.com/companies/telmai,yc_oss_current,false,unverified_candidate,yc_slug_inference,telmai,https://www.crunchbase.com/organization/telmai,
29150,Tempo,tempo-2,Summer 2023,Active,https://www.tempo.new,https://www.ycombinator.com/companies/tempo-2,yc_oss_current,false,unverified_candidate,yc_slug_inference,tempo-2,https://www.crunchbase.com/organization/tempo-2,
26810,Ten Lives,ten-lives,Summer 2022,Active,https://tenlives.com,https://www.ycombinator.com/companies/ten-lives,yc_oss_current,false,unverified_candidate,yc_slug_inference,ten-lives,https://www.crunchbase.com/organization/ten-lives,
31374,Tenet Industries,tenet-industries,Spring 2026,Active,https://www.tenetindustries.com,https://www.ycombinator.com/companies/tenet-industries,yc_oss_current,false,unverified_candidate,yc_slug_inference,tenet-industries,https://www.crunchbase.com/organization/tenet-industries,
27811,Tennr,tennr,Winter 2023,Active,https://www.tennr.com,https://www.ycombinator.com/companies/tennr,yc_oss_current,false,unverified_candidate,yc_slug_inference,tennr,https://www.crunchbase.com/organization/tennr,
32627,Tenor,tenor,Summer 2026,Active,https://heytenor.com/,https://www.ycombinator.com/companies/tenor,yc_oss_current,false,unverified_candidate,yc_slug_inference,tenor,https://www.crunchbase.com/organization/tenor,
12737,Tensil,tensil,Summer 2019,Inactive,https://www.tensil.ai,https://www.ycombinator.com/companies/tensil,yc_oss_current,false,unverified_candidate,yc_slug_inference,tensil,https://www.crunchbase.com/organization/tensil,
30333,TensorPool,tensorpool,Winter 2025,Acquired,https://tensorpool.dev,https://www.ycombinator.com/companies/tensorpool,yc_oss_current,false,unverified_candidate,yc_slug_inference,tensorpool,https://www.crunchbase.com/organization/tensorpool,
30904,Tensr,tensr,Summer 2026,Active,https://tensr.com/,https://www.ycombinator.com/companies/tensr,yc_oss_current,false,unverified_candidate,yc_slug_inference,tensr,https://www.crunchbase.com/organization/tensr,
31127,Tepali,tepali,Winter 2026,Active,https://tepali.com,https://www.ycombinator.com/companies/tepali,yc_oss_current,false,unverified_candidate,yc_slug_inference,tepali,https://www.crunchbase.com/organization/tepali,
30236,Tergle,tergle,Winter 2025,Active,https://tergle.com,https://www.ycombinator.com/companies/tergle,yc_oss_current,false,unverified_candidate,yc_slug_inference,tergle,https://www.crunchbase.com/organization/tergle,
31172,Terminal Use,terminal-use,Winter 2026,Active,https://www.terminaluse.com/,https://www.ycombinator.com/companies/terminal-use,yc_oss_current,false,unverified_candidate,yc_slug_inference,terminal-use,https://www.crunchbase.com/organization/terminal-use,
27273,Terrace,,S22,Active,https://www.terrace.fi,,radema_historical,true,unverified_candidate,company_name_inference,terrace,https://www.crunchbase.com/organization/terrace,
29073,Terracotta AI,terracotta-ai,Summer 2023,Active,https://tryterracotta.com,https://www.ycombinator.com/companies/terracotta-ai,yc_oss_current,false,unverified_candidate,yc_slug_inference,terracotta-ai,https://www.crunchbase.com/organization/terracotta-ai,
30889,Terrain,terrain,Fall 2025,Active,https://getnivara.com/,https://www.ycombinator.com/companies/terrain,yc_oss_current,false,unverified_candidate,yc_slug_inference,terrain,https://www.crunchbase.com/organization/terrain,
29435,Terrakotta,terrakotta,Winter 2024,Active,https://www.terrakotta.ai/,https://www.ycombinator.com/companies/terrakotta,yc_oss_current,false,unverified_candidate,yc_slug_inference,terrakotta,https://www.crunchbase.com/organization/terrakotta,
31158,Terranox AI,terranox-ai,Winter 2026,Active,https://terranox.ai,https://www.ycombinator.com/companies/terranox-ai,yc_oss_current,false,unverified_candidate,yc_slug_inference,terranox-ai,https://www.crunchbase.com/organization/terranox-ai,
13143,Terrasoft,terrasoft,Winter 2020,Active,https://,https://www.ycombinator.com/companies/terrasoft,yc_oss_current,false,unverified_candidate,yc_slug_inference,terrasoft,https://www.crunchbase.com/organization/terrasoft,
13160,Terusama,terusama,Winter 2020,Acquired,https://velostics.com,https://www.ycombinator.com/companies/terusama,yc_oss_current,false,unverified_candidate,yc_slug_inference,terusama,https://www.crunchbase.com/organization/terusama,
29186,Tesseral,tesseral,Winter 2024,Inactive,https://tesseral.com,https://www.ycombinator.com/companies/tesseral,yc_oss_current,false,unverified_candidate,yc_slug_inference,tesseral,https://www.crunchbase.com/organization/tesseral,
31491,TesterArmy,testerarmy,Spring 2026,Active,https://tester.army,https://www.ycombinator.com/companies/testerarmy,yc_oss_current,false,unverified_candidate,yc_slug_inference,testerarmy,https://www.crunchbase.com/organization/testerarmy,
952,TetraScience,tetrascience,Summer 2015,Active,https://www.tetrascience.com,https://www.ycombinator.com/companies/tetrascience,yc_oss_current,false,unverified_candidate,yc_slug_inference,tetrascience,https://www.crunchbase.com/organization/tetrascience,
28180,Texel.ai,texel-ai,Winter 2023,Active,https://texel.ai,https://www.ycombinator.com/companies/texel-ai,yc_oss_current,false,unverified_candidate,yc_slug_inference,texel-ai,https://www.crunchbase.com/organization/texel-ai,
22958,Text Blaze,text-blaze,Winter 2021,Active,https://blaze.today,https://www.ycombinator.com/companies/text-blaze,yc_oss_current,false,unverified_candidate,yc_slug_inference,text-blaze,https://www.crunchbase.com/organization/text-blaze,
30547,Text.ai,text-ai,Spring 2025,Active,https://www.text.ai/,https://www.ycombinator.com/companies/text-ai,yc_oss_current,false,unverified_candidate,yc_slug_inference,text-ai,https://www.crunchbase.com/organization/text-ai,
26041,The Ankler,the-ankler,Winter 2022,Active,https://theankler.com,https://www.ycombinator.com/companies/the-ankler,yc_oss_current,false,unverified_candidate,yc_slug_inference,the-ankler,https://www.crunchbase.com/organization/the-ankler,
31371,The Company Company,the-company-company,Spring 2026,Active,https://www.thecompany.company,https://www.ycombinator.com/companies/the-company-company,yc_oss_current,false,unverified_candidate,yc_slug_inference,the-company-company,https://www.crunchbase.com/organization/the-company-company,
30863,The Context Company,the-context-company,Fall 2025,Active,https://www.thecontextcompany.com,https://www.ycombinator.com/companies/the-context-company,yc_oss_current,false,unverified_candidate,yc_slug_inference,the-context-company,https://www.crunchbase.com/organization/the-context-company,
1475,The Essential,the-essential,Winter 2017,Active,http://www.theessential.com,https://www.ycombinator.com/companies/the-essential,yc_oss_current,false,unverified_candidate,yc_slug_inference,the-essential,https://www.crunchbase.com/organization/the-essential,
30986,The Hog,the-hog,Fall 2025,Active,https://thehog.ai/,https://www.ycombinator.com/companies/the-hog,yc_oss_current,false,unverified_candidate,yc_slug_inference,the-hog,https://www.crunchbase.com/organization/the-hog,
13171,The Mercer Club,the-mercer-club,Winter 2020,Inactive,https://www.themercerclubnyc.com,https://www.ycombinator.com/companies/the-mercer-club,yc_oss_current,false,unverified_candidate,yc_slug_inference,the-mercer-club,https://www.crunchbase.com/organization/the-mercer-club,
29500,The New Money Company,the-new-money-company,Winter 2024,Active,https://newmoneycompany.com,https://www.ycombinator.com/companies/the-new-money-company,yc_oss_current,false,unverified_candidate,yc_slug_inference,the-new-money-company,https://www.crunchbase.com/organization/the-new-money-company,
30607,The Prompting Company,the-prompting-company,Summer 2025,Active,https://www.promptingcompany.com,https://www.ycombinator.com/companies/the-prompting-company,yc_oss_current,false,unverified_candidate,yc_slug_inference,the-prompting-company,https://www.crunchbase.com/organization/the-prompting-company,
30433,The Robot Learning Company,the-robot-learning-company,Spring 2025,Active,https://www.robot-learning.co/,https://www.ycombinator.com/companies/the-robot-learning-company,yc_oss_current,false,unverified_candidate,yc_slug_inference,the-robot-learning-company,https://www.crunchbase.com/organization/the-robot-learning-company,
1430,The Rumie Initiative,,IK12,Active,http://www.rumie.org,,radema_historical,true,unverified_candidate,company_name_inference,the-rumie-initiative,https://www.crunchbase.com/organization/the-rumie-initiative,
1984,The Supplant Company,stem-sugar,Summer 2018,Inactive,https://supplant.com,https://www.ycombinator.com/companies/stem-sugar,yc_oss_current,false,unverified_candidate,yc_slug_inference,stem-sugar,https://www.crunchbase.com/organization/stem-sugar,
29708,The Synthesis Company,the-synthesis-company,Summer 2024,Active,https://thesynthesis.company,https://www.ycombinator.com/companies/the-synthesis-company,yc_oss_current,false,unverified_candidate,yc_slug_inference,the-synthesis-company,https://www.crunchbase.com/organization/the-synthesis-company,
22624,The Third Place,the-third-place,Winter 2021,Active,https://www.thethirdplace.is/,https://www.ycombinator.com/companies/the-third-place,yc_oss_current,false,unverified_candidate,yc_slug_inference,the-third-place,https://www.crunchbase.com/organization/the-third-place,
31250,The Token Company,the-token-company,Winter 2026,Active,https://thetokencompany.com,https://www.ycombinator.com/companies/the-token-company,yc_oss_current,false,unverified_candidate,yc_slug_inference,the-token-company,https://www.crunchbase.com/organization/the-token-company,
30683,Theora,theora,Summer 2025,Active,https://www.theorahq.com,https://www.ycombinator.com/companies/theora,yc_oss_current,false,unverified_candidate,yc_slug_inference,theora,https://www.crunchbase.com/organization/theora,
30548,Theorem,theorem-2,Spring 2025,Active,https://theorem.dev,https://www.ycombinator.com/companies/theorem-2,yc_oss_current,false,unverified_candidate,yc_slug_inference,theorem-2,https://www.crunchbase.com/organization/theorem-2,
26870,Thera,thera,Summer 2022,Active,https://www.getthera.com,https://www.ycombinator.com/companies/thera,yc_oss_current,false,unverified_candidate,yc_slug_inference,thera,https://www.crunchbase.com/organization/thera,
1614,ThereCraft,therecraft,Summer 2017,Active,https://therecraft.com,https://www.ycombinator.com/companies/therecraft,yc_oss_current,false,unverified_candidate,yc_slug_inference,therecraft,https://www.crunchbase.com/organization/therecraft,
29589,Theseus,theseus,Summer 2024,Active,https://theseus.us,https://www.ycombinator.com/companies/theseus,yc_oss_current,false,unverified_candidate,yc_slug_inference,theseus,https://www.crunchbase.com/organization/theseus,
30928,Thesis,thesis,Fall 2025,Active,https://thesislabs.ai,https://www.ycombinator.com/companies/thesis,yc_oss_current,false,unverified_candidate,yc_slug_inference,thesis,https://www.crunchbase.com/organization/thesis,
30488,Theta,theta,Spring 2025,Active,https://thetasoftware.com,https://www.ycombinator.com/companies/theta,yc_oss_current,false,unverified_candidate,yc_slug_inference,theta,https://www.crunchbase.com/organization/theta,
28382,Theya,theya,Winter 2023,Active,https://www.theya.us/,https://www.ycombinator.com/companies/theya,yc_oss_current,false,unverified_candidate,yc_slug_inference,theya,https://www.crunchbase.com/organization/theya,
359,Thinkature,thinkature,Summer 2006,Inactive,http://thinkature.com,https://www.ycombinator.com/companies/thinkature,yc_oss_current,false,unverified_candidate,yc_slug_inference,thinkature,https://www.crunchbase.com/organization/thinkature,
30504,Third Chair,third-chair,Spring 2025,Active,https://usethirdchair.com,https://www.ycombinator.com/companies/third-chair,yc_oss_current,false,unverified_candidate,yc_slug_inference,third-chair,https://www.crunchbase.com/organization/third-chair,
31563,Thomas,thomas,Spring 2026,Active,https://madebythomas.ai,https://www.ycombinator.com/companies/thomas,yc_oss_current,false,unverified_candidate,yc_slug_inference,thomas,https://www.crunchbase.com/organization/thomas,
29421,Thorntale,thorntale,Winter 2024,Inactive,https://thorntale.com,https://www.ycombinator.com/companies/thorntale,yc_oss_current,false,unverified_candidate,yc_slug_inference,thorntale,https://www.crunchbase.com/organization/thorntale,
30484,throxy,throxy,Spring 2025,Active,https://throxy.com/,https://www.ycombinator.com/companies/throxy,yc_oss_current,false,unverified_candidate,yc_slug_inference,throxy,https://www.crunchbase.com/organization/throxy,
29804,Thyme,thyme,Summer 2024,Acquired,https://www.meetthyme.com/,https://www.ycombinator.com/companies/thyme,yc_oss_current,false,unverified_candidate,yc_slug_inference,thyme,https://www.crunchbase.com/organization/thyme,
30472,Ticket Wallet,ticket-wallet,Spring 2025,Active,https://www.ticketwallet.com,https://www.ycombinator.com/companies/ticket-wallet,yc_oss_current,false,unverified_candidate,yc_slug_inference,ticket-wallet,https://www.crunchbase.com/organization/ticket-wallet,
42,Tilt,tilt,Winter 2012,Acquired,http://tilt.com,https://www.ycombinator.com/companies/tilt,yc_oss_current,false,unverified_candidate,yc_slug_inference,tilt,https://www.crunchbase.com/organization/tilt,
1381,Tioki,,IK12,Inactive,http://www.tioki.com,,radema_historical,true,unverified_candidate,company_name_inference,tioki,https://www.crunchbase.com/organization/tioki,
24870,Titipku,titipku,Summer 2021,Active,https://titipku.com,https://www.ycombinator.com/companies/titipku,yc_oss_current,false,unverified_candidate,yc_slug_inference,titipku,https://www.crunchbase.com/organization/titipku,
29689,Tivara,tivara,Summer 2024,Active,https://tivara.com,https://www.ycombinator.com/companies/tivara,yc_oss_current,false,unverified_candidate,yc_slug_inference,tivara,https://www.crunchbase.com/organization/tivara,
13303,ToDesktop,todesktop,Winter 2020,Active,https://www.todesktop.com,https://www.ycombinator.com/companies/todesktop,yc_oss_current,false,unverified_candidate,yc_slug_inference,todesktop,https://www.crunchbase.com/organization/todesktop,
12425,Together Software,together-software,Summer 2019,Acquired,https://togetherplatform.com,https://www.ycombinator.com/companies/together-software,yc_oss_current,false,unverified_candidate,yc_slug_inference,together-software,https://www.crunchbase.com/organization/together-software,
22101,Together Video Chat,together-video-chat,Summer 2020,Acquired,https://www.togethervideoapp.com/,https://www.ycombinator.com/companies/together-video-chat,yc_oss_current,false,unverified_candidate,yc_slug_inference,together-video-chat,https://www.crunchbase.com/organization/together-video-chat,
25674,Toko,toko,Winter 2022,Active,https://tokotutor.com/,https://www.ycombinator.com/companies/toko,yc_oss_current,false,unverified_candidate,yc_slug_inference,toko,https://www.crunchbase.com/organization/toko,
24907,Toku,toku,Summer 2021,Active,https://trytoku.com/,https://www.ycombinator.com/companies/toku,yc_oss_current,false,unverified_candidate,yc_slug_inference,toku,https://www.crunchbase.com/organization/toku,
25693,Tola,tola,Winter 2022,Acquired,https://tolahq.com,https://www.ycombinator.com/companies/tola,yc_oss_current,false,unverified_candidate,yc_slug_inference,tola,https://www.crunchbase.com/organization/tola,
1502,Tolemi,tolemi,Winter 2017,Active,http://www.tolemi.com,https://www.ycombinator.com/companies/tolemi,yc_oss_current,false,unverified_candidate,yc_slug_inference,tolemi,https://www.crunchbase.com/organization/tolemi,
31506,Tolmo,tolmo,Spring 2026,Active,https://www.tolmo.com,https://www.ycombinator.com/companies/tolmo,yc_oss_current,false,unverified_candidate,yc_slug_inference,tolmo,https://www.crunchbase.com/organization/tolmo,
29377,Toma,toma,Winter 2024,Active,http://www.toma.com/,https://www.ycombinator.com/companies/toma,yc_oss_current,false,unverified_candidate,yc_slug_inference,toma,https://www.crunchbase.com/organization/toma,
29335,Toolify,toolify,Winter 2024,Inactive,https://toolify.sh,https://www.ycombinator.com/companies/toolify,yc_oss_current,false,unverified_candidate,yc_slug_inference,toolify,https://www.crunchbase.com/organization/toolify,
30218,Toothy AI,toothy-ai,Winter 2025,Active,https://www.toothy.ai/,https://www.ycombinator.com/companies/toothy-ai,yc_oss_current,false,unverified_candidate,yc_slug_inference,toothy-ai,https://www.crunchbase.com/organization/toothy-ai,
25870,Top Road,top-road,Winter 2022,Active,https://toproad.ai,https://www.ycombinator.com/companies/top-road,yc_oss_current,false,unverified_candidate,yc_slug_inference,top-road,https://www.crunchbase.com/organization/top-road,
30629,Topological,topological,Summer 2025,Active,https://www.topological.com,https://www.ycombinator.com/companies/topological,yc_oss_current,false,unverified_candidate,yc_slug_inference,topological,https://www.crunchbase.com/organization/topological,
30934,Tornyol,tornyol,Fall 2025,Active,https://tornyol.com/,https://www.ycombinator.com/companies/tornyol,yc_oss_current,false,unverified_candidate,yc_slug_inference,tornyol,https://www.crunchbase.com/organization/tornyol,
25864,Torpedo Therapeutics,torpedo-therapeutics,Winter 2022,Active,https://www.torpedotherapeutics.com,https://www.ycombinator.com/companies/torpedo-therapeutics,yc_oss_current,false,unverified_candidate,yc_slug_inference,torpedo-therapeutics,https://www.crunchbase.com/organization/torpedo-therapeutics,
31858,Torus,torus,Summer 2026,Active,https://www.usetorus.com,https://www.ycombinator.com/companies/torus,yc_oss_current,false,unverified_candidate,yc_slug_inference,torus,https://www.crunchbase.com/organization/torus,
31344,Totalis,totalis,Spring 2026,Active,https://www.totalis.trade,https://www.ycombinator.com/companies/totalis,yc_oss_current,false,unverified_candidate,yc_slug_inference,totalis,https://www.crunchbase.com/organization/totalis,
25444,Touch and Pay Technologies Limited,touch-and-pay-technologies-limited,Winter 2022,Active,https://touchandpay.me/,https://www.ycombinator.com/companies/touch-and-pay-technologies-limited,yc_oss_current,false,unverified_candidate,yc_slug_inference,touch-and-pay-technologies-limited,https://www.crunchbase.com/organization/touch-and-pay-technologies-limited,Touch and pay technologies Limited
32253,Touchmark,touchmark,Summer 2026,Active,https://touchmark.ai,https://www.ycombinator.com/companies/touchmark,yc_oss_current,false,unverified_candidate,yc_slug_inference,touchmark,https://www.crunchbase.com/organization/touchmark,
33051,Touchy,touchy,Summer 2026,Active,https://touchyapp.com,https://www.ycombinator.com/companies/touchy,yc_oss_current,false,unverified_candidate,yc_slug_inference,touchy,https://www.crunchbase.com/organization/touchy,
13116,Tough Commerce,tough-commerce,Winter 2020,Active,http://www.toughcommerce.com,https://www.ycombinator.com/companies/tough-commerce,yc_oss_current,false,unverified_candidate,yc_slug_inference,tough-commerce,https://www.crunchbase.com/organization/tough-commerce,
33178,TovenAI,tovenai,Summer 2026,Active,https://toven.ai,https://www.ycombinator.com/companies/tovenai,yc_oss_current,false,unverified_candidate,yc_slug_inference,tovenai,https://www.crunchbase.com/organization/tovenai,
29505,Tower,tower,Winter 2024,Active,https://withtower.com,https://www.ycombinator.com/companies/tower,yc_oss_current,false,unverified_candidate,yc_slug_inference,tower,https://www.crunchbase.com/organization/tower,
30687,Trace,trace-so,Summer 2025,Active,https://www.trace.so/,https://www.ycombinator.com/companies/trace-so,yc_oss_current,false,unverified_candidate,yc_slug_inference,trace-so,https://www.crunchbase.com/organization/trace-so,
32418,Traceforce,traceforce,Summer 2026,Active,https://www.traceforce.ai,https://www.ycombinator.com/companies/traceforce,yc_oss_current,false,unverified_candidate,yc_slug_inference,traceforce,https://www.crunchbase.com/organization/traceforce,
27678,Traceloop,traceloop,Winter 2023,Acquired,https://www.traceloop.com,https://www.ycombinator.com/companies/traceloop,yc_oss_current,false,unverified_candidate,yc_slug_inference,traceloop,https://www.crunchbase.com/organization/traceloop,
33316,Tracer,tracer,Summer 2026,Active,https://tracerml.ai,https://www.ycombinator.com/companies/tracer,yc_oss_current,false,unverified_candidate,yc_slug_inference,tracer,https://www.crunchbase.com/organization/tracer,
12846,Traces,traces,Summer 2019,Active,https://www.traces.ai,https://www.ycombinator.com/companies/traces,yc_oss_current,false,unverified_candidate,yc_slug_inference,traces,https://www.crunchbase.com/organization/traces,
25743,Trackingplan,trackingplan,Winter 2022,Active,https://trackingplan.com,https://www.ycombinator.com/companies/trackingplan,yc_oss_current,false,unverified_candidate,yc_slug_inference,trackingplan,https://www.crunchbase.com/organization/trackingplan,
27707,Trackstar,trackstar,Winter 2023,Active,https://www.trackstarhq.com/,https://www.ycombinator.com/companies/trackstar,yc_oss_current,false,unverified_candidate,yc_slug_inference,trackstar,https://www.crunchbase.com/organization/trackstar,
29836,TradeFlow,tradeflow,Summer 2024,Active,https://www.tradeflowai.com/,https://www.ycombinator.com/companies/tradeflow,yc_oss_current,false,unverified_candidate,yc_slug_inference,tradeflow,https://www.crunchbase.com/organization/tradeflow,
30350,TrainLoop,trainloop,Winter 2025,Active,http://trainloop.ai,https://www.ycombinator.com/companies/trainloop,yc_oss_current,false,unverified_candidate,yc_slug_inference,trainloop,https://www.crunchbase.com/organization/trainloop,
28968,Trainy,trainy,Summer 2023,Active,https://trainy.ai/,https://www.ycombinator.com/companies/trainy,yc_oss_current,false,unverified_candidate,yc_slug_inference,trainy,https://www.crunchbase.com/organization/trainy,
24531,TransAstra Corporation,transastra-corporation,Summer 2021,Active,https://www.transastra.com,https://www.ycombinator.com/companies/transastra-corporation,yc_oss_current,false,unverified_candidate,yc_slug_inference,transastra-corporation,https://www.crunchbase.com/organization/transastra-corporation,
25346,Transfez,transfez,Winter 2022,Active,https://www.itsjack.com,https://www.ycombinator.com/companies/transfez,yc_oss_current,false,unverified_candidate,yc_slug_inference,transfez,https://www.crunchbase.com/organization/transfez,
31403,transload,transload,Spring 2026,Active,https://www.transload.ai,https://www.ycombinator.com/companies/transload,yc_oss_current,false,unverified_candidate,yc_slug_inference,transload,https://www.crunchbase.com/organization/transload,
30457,Trapeze,trapeze,Spring 2025,Active,https://www.trapezehealth.com,https://www.ycombinator.com/companies/trapeze,yc_oss_current,false,unverified_candidate,yc_slug_inference,trapeze,https://www.crunchbase.com/organization/trapeze,
30274,Trata,trata,Winter 2025,Active,https://www.trytrata.com/,https://www.ycombinator.com/companies/trata,yc_oss_current,false,unverified_candidate,yc_slug_inference,trata,https://www.crunchbase.com/organization/trata,
30225,Trava,trava,Winter 2025,Active,https://www.usetrava.com/,https://www.ycombinator.com/companies/trava,yc_oss_current,false,unverified_candidate,yc_slug_inference,trava,https://www.crunchbase.com/organization/trava,
31191,Traverse,traverse,Winter 2026,Active,https://www.traverse.so,https://www.ycombinator.com/companies/traverse,yc_oss_current,false,unverified_candidate,yc_slug_inference,traverse,https://www.crunchbase.com/organization/traverse,
30905,Travo,travo,Winter 2026,Active,https://www.travoai.com/,https://www.ycombinator.com/companies/travo,yc_oss_current,false,unverified_candidate,yc_slug_inference,travo,https://www.crunchbase.com/organization/travo,
29090,Trayd,trayd,Summer 2023,Active,https://www.buildtrayd.com/,https://www.ycombinator.com/companies/trayd,yc_oss_current,false,unverified_candidate,yc_slug_inference,trayd,https://www.crunchbase.com/organization/trayd,
25316,Trébol,trebol,Winter 2022,Active,https://gotrebol.com/,https://www.ycombinator.com/companies/trebol,yc_oss_current,false,unverified_candidate,yc_slug_inference,trebol,https://www.crunchbase.com/organization/trebol,
301,Treehouse,treehouse,Summer 2008,Inactive,http://gotreehouse.com,https://www.ycombinator.com/companies/treehouse,yc_oss_current,false,unverified_candidate,yc_slug_inference,treehouse,https://www.crunchbase.com/organization/treehouse,
30877,Trelium,trelium,Fall 2025,Active,https://www.trelium.com,https://www.ycombinator.com/companies/trelium,yc_oss_current,false,unverified_candidate,yc_slug_inference,trelium,https://www.crunchbase.com/organization/trelium,
31372,Trellis,trellistech,Spring 2026,Active,https://trellistech.com,https://www.ycombinator.com/companies/trellistech,yc_oss_current,false,unverified_candidate,yc_slug_inference,trellistech,https://www.crunchbase.com/organization/trellistech,
29300,Trellis AI,trellis-ai,Winter 2024,Active,https://runtrellis.com/,https://www.ycombinator.com/companies/trellis-ai,yc_oss_current,false,unverified_candidate,yc_slug_inference,trellis-ai,https://www.crunchbase.com/organization/trellis-ai,
25314,Trellus,trellus,Winter 2022,Active,https://www.trellus.ai,https://www.ycombinator.com/companies/trellus,yc_oss_current,false,unverified_candidate,yc_slug_inference,trellus,https://www.crunchbase.com/organization/trellus,
28660,Tremor,tremor,Summer 2023,Acquired,https://www.tremor.so,https://www.ycombinator.com/companies/tremor,yc_oss_current,false,unverified_candidate,yc_slug_inference,tremor,https://www.crunchbase.com/organization/tremor,
27091,Trendex - Connect with stars,trendex-connect-with-stars,Summer 2022,Active,https://trendex.gg,https://www.ycombinator.com/companies/trendex-connect-with-stars,yc_oss_current,false,unverified_candidate,yc_slug_inference,trendex-connect-with-stars,https://www.crunchbase.com/organization/trendex-connect-with-stars,
22618,Trestle Biotherapeutics,trestle-biotherapeutics,Winter 2021,Active,http://www.trestlebio.com,https://www.ycombinator.com/companies/trestle-biotherapeutics,yc_oss_current,false,unverified_candidate,yc_slug_inference,trestle-biotherapeutics,https://www.crunchbase.com/organization/trestle-biotherapeutics,
31537,Trident,trident,Summer 2026,Active,https://tridentsecurity.io/,https://www.ycombinator.com/companies/trident,yc_oss_current,false,unverified_candidate,yc_slug_inference,trident,https://www.crunchbase.com/organization/trident,
13306,Trident Bioscience,trident-bioscience,Summer 2020,Inactive,https://trident.bio,https://www.ycombinator.com/companies/trident-bioscience,yc_oss_current,false,unverified_candidate,yc_slug_inference,trident-bioscience,https://www.crunchbase.com/organization/trident-bioscience,
29379,Trieve,trieve,Winter 2024,Acquired,https://trieve.ai,https://www.ycombinator.com/companies/trieve,yc_oss_current,false,unverified_candidate,yc_slug_inference,trieve,https://www.crunchbase.com/organization/trieve,
27680,Trigger.dev,trigger-dev,Winter 2023,Active,https://trigger.dev,https://www.ycombinator.com/companies/trigger-dev,yc_oss_current,false,unverified_candidate,yc_slug_inference,trigger-dev,https://www.crunchbase.com/organization/trigger-dev,
27832,Trigo,trigo,Winter 2023,Acquired,https://trigodata.com/,https://www.ycombinator.com/companies/trigo,yc_oss_current,false,unverified_candidate,yc_slug_inference,trigo,https://www.crunchbase.com/organization/trigo,
30237,Trim,trim,Winter 2025,Active,https://trimresearch.com,https://www.ycombinator.com/companies/trim,yc_oss_current,false,unverified_candidate,yc_slug_inference,trim,https://www.crunchbase.com/organization/trim,
23539,Triomics,triomics,Winter 2021,Active,https://triomics.com/,https://www.ycombinator.com/companies/triomics,yc_oss_current,false,unverified_candidate,yc_slug_inference,triomics,https://www.crunchbase.com/organization/triomics,
22704,Triplit,triplit,Winter 2021,Inactive,https://www.triplit.dev,https://www.ycombinator.com/companies/triplit,yc_oss_current,false,unverified_candidate,yc_slug_inference,triplit,https://www.crunchbase.com/organization/triplit,
29423,Triply,triply,Winter 2024,Active,https://business.triply.co/,https://www.ycombinator.com/companies/triply,yc_oss_current,false,unverified_candidate,yc_slug_inference,triply,https://www.crunchbase.com/organization/triply,
32135,Trope,trope,Summer 2026,Active,https://trope.ai,https://www.ycombinator.com/companies/trope,yc_oss_current,false,unverified_candidate,yc_slug_inference,trope,https://www.crunchbase.com/organization/trope,
22880,True3D,true3d,Winter 2021,Active,https://www.true3d.com/,https://www.ycombinator.com/companies/true3d,yc_oss_current,false,unverified_candidate,yc_slug_inference,true3d,https://www.crunchbase.com/organization/true3d,
26720,TrueBiz,truebiz,Summer 2022,Active,https://truebiz.io/,https://www.ycombinator.com/companies/truebiz,yc_oss_current,false,unverified_candidate,yc_slug_inference,truebiz,https://www.crunchbase.com/organization/truebiz,
29482,TrueClaim,trueclaim,Winter 2024,Active,https://www.trytrueclaim.com,https://www.ycombinator.com/companies/trueclaim,yc_oss_current,false,unverified_candidate,yc_slug_inference,trueclaim,https://www.crunchbase.com/organization/trueclaim,
29125,truemetrics,truemetrics,Summer 2023,Active,https://www.truemetrics.io/,https://www.ycombinator.com/companies/truemetrics,yc_oss_current,false,unverified_candidate,yc_slug_inference,truemetrics,https://www.crunchbase.com/organization/truemetrics,
13176,TrueNorth,truenorth,Winter 2020,Active,http://www.truenorthfleet.com,https://www.ycombinator.com/companies/truenorth,yc_oss_current,false,unverified_candidate,yc_slug_inference,truenorth,https://www.crunchbase.com/organization/truenorth,
25913,Trueplace,trueplace,Winter 2022,Active,https://www.trueplace.ca/,https://www.ycombinator.com/companies/trueplace,yc_oss_current,false,unverified_candidate,yc_slug_inference,trueplace,https://www.crunchbase.com/organization/trueplace,
27896,Truewind,truewind,Winter 2023,Active,https://truewind.ai,https://www.ycombinator.com/companies/truewind,yc_oss_current,false,unverified_candidate,yc_slug_inference,truewind,https://www.crunchbase.com/organization/truewind,
30213,Truffle AI,truffle-ai,Winter 2025,Active,https://www.trytruffle.ai/,https://www.ycombinator.com/companies/truffle-ai,yc_oss_current,false,unverified_candidate,yc_slug_inference,truffle-ai,https://www.crunchbase.com/organization/truffle-ai,
166,TrustEgg,trustegg,Winter 2011,Inactive,http://fidoosh.com,https://www.ycombinator.com/companies/trustegg,yc_oss_current,false,unverified_candidate,yc_slug_inference,trustegg,https://www.crunchbase.com/organization/trustegg,
30612,truthsystems,truthsystems,Summer 2025,Active,https://www.truthsystems.ai,https://www.ycombinator.com/companies/truthsystems,yc_oss_current,false,unverified_candidate,yc_slug_inference,truthsystems,https://www.crunchbase.com/organization/truthsystems,
26690,Truva,truva,Summer 2022,Acquired,https://www.truva.ai/,https://www.ycombinator.com/companies/truva,yc_oss_current,false,unverified_candidate,yc_slug_inference,truva,https://www.crunchbase.com/organization/truva,
32815,TryNearby,trynearby,Summer 2026,Active,https://trynearby.com,https://www.ycombinator.com/companies/trynearby,yc_oss_current,false,unverified_candidate,yc_slug_inference,trynearby,https://www.crunchbase.com/organization/trynearby,
31259,Tsenta,tsenta,Summer 2026,Active,https://tsenta.com,https://www.ycombinator.com/companies/tsenta,yc_oss_current,false,unverified_candidate,yc_slug_inference,tsenta,https://www.crunchbase.com/organization/tsenta,
29257,Tuesday Labs,tuesday-labs,Winter 2024,Active,https://www.tuesdaylabs.com,https://www.ycombinator.com/companies/tuesday-labs,yc_oss_current,false,unverified_candidate,yc_slug_inference,tuesday-labs,https://www.crunchbase.com/organization/tuesday-labs,
24638,Tuli Health,tuli-health,Summer 2021,Active,https://tuli.health,https://www.ycombinator.com/companies/tuli-health,yc_oss_current,false,unverified_candidate,yc_slug_inference,tuli-health,https://www.crunchbase.com/organization/tuli-health,
22715,Tupelo,tupelo,Winter 2021,Active,https://tupelosmb.com/,https://www.ycombinator.com/companies/tupelo,yc_oss_current,false,unverified_candidate,yc_slug_inference,tupelo,https://www.crunchbase.com/organization/tupelo,
13218,Turing Labs Inc.,turing-labs-inc,Winter 2020,Active,http://www.turingsaas.com,https://www.ycombinator.com/companies/turing-labs-inc,yc_oss_current,false,unverified_candidate,yc_slug_inference,turing-labs-inc,https://www.crunchbase.com/organization/turing-labs-inc,
24865,Turion Space,turion-space,Summer 2021,Active,https://turionspace.com/,https://www.ycombinator.com/companies/turion-space,yc_oss_current,false,unverified_candidate,yc_slug_inference,turion-space,https://www.crunchbase.com/organization/turion-space,
31244,Turnstone,turnstone,Winter 2026,Active,https://myturnstone.ai,https://www.ycombinator.com/companies/turnstone,yc_oss_current,false,unverified_candidate,yc_slug_inference,turnstone,https://www.crunchbase.com/organization/turnstone,
28078,Turntable,turntable,Winter 2023,Inactive,https://www.turntable.so,https://www.ycombinator.com/companies/turntable,yc_oss_current,false,unverified_candidate,yc_slug_inference,turntable,https://www.crunchbase.com/organization/turntable,
1357,TutorCloud,,IK12,Inactive,http://www.tutorcloud.com,,radema_historical,true,unverified_candidate,company_name_inference,tutorcloud,https://www.crunchbase.com/organization/tutorcloud,
25659,Tuva Health,tuva-health,Winter 2022,Active,https://tuvahealth.com/,https://www.ycombinator.com/companies/tuva-health,yc_oss_current,false,unverified_candidate,yc_slug_inference,tuva-health,https://www.crunchbase.com/organization/tuva-health,
252,Tuxebo,tuxebo,Summer 2009,Inactive,https://www.tuxebo.com,https://www.ycombinator.com/companies/tuxebo,yc_oss_current,false,unverified_candidate,yc_slug_inference,tuxebo,https://www.crunchbase.com/organization/tuxebo,
30183,Tweeks.io,tweeksio,Winter 2025,Active,https://tweeks.io,https://www.ycombinator.com/companies/tweeksio,yc_oss_current,false,unverified_candidate,yc_slug_inference,tweeksio,https://www.crunchbase.com/organization/tweeksio,
28777,Twenty,twenty,Summer 2023,Active,https://twenty.com,https://www.ycombinator.com/companies/twenty,yc_oss_current,false,unverified_candidate,yc_slug_inference,twenty,https://www.crunchbase.com/organization/twenty,
30702,TwentyTwo,twentytwo,Summer 2025,Active,https://twentytwo.bio/,https://www.ycombinator.com/companies/twentytwo,yc_oss_current,false,unverified_candidate,yc_slug_inference,twentytwo,https://www.crunchbase.com/organization/twentytwo,
26704,Two Dots,two-dots,Summer 2022,Active,https://www.twodots.com,https://www.ycombinator.com/companies/two-dots,yc_oss_current,false,unverified_candidate,yc_slug_inference,two-dots,https://www.crunchbase.com/organization/two-dots,
31359,Twolabs,twolabs,Spring 2026,Active,https://www.twolabs.ai,https://www.ycombinator.com/companies/twolabs,yc_oss_current,false,unverified_candidate,yc_slug_inference,twolabs,https://www.crunchbase.com/organization/twolabs,
13338,twoplus fertility,hannah-life-technologies,Summer 2020,Active,http://twoplusfertility.com,https://www.ycombinator.com/companies/hannah-life-technologies,yc_oss_current,false,unverified_candidate,yc_slug_inference,hannah-life-technologies,https://www.crunchbase.com/organization/hannah-life-technologies,
22001,Tydo,polyops,Summer 2020,Inactive,https://www.tydo.com,https://www.ycombinator.com/companies/polyops,yc_oss_current,false,unverified_candidate,yc_slug_inference,polyops,https://www.crunchbase.com/organization/polyops,
22047,TyltGO,tyltgo,Summer 2020,Active,https://www.tyltgo.com/,https://www.ycombinator.com/companies/tyltgo,yc_oss_current,false,unverified_candidate,yc_slug_inference,tyltgo,https://www.crunchbase.com/organization/tyltgo,
29830,Typa,typa,Summer 2024,Active,https://typa.ai,https://www.ycombinator.com/companies/typa,yc_oss_current,false,unverified_candidate,yc_slug_inference,typa,https://www.crunchbase.com/organization/typa,
28329,Type,type,Winter 2023,Active,https://type.ai,https://www.ycombinator.com/companies/type,yc_oss_current,false,unverified_candidate,yc_slug_inference,type,https://www.crunchbase.com/organization/type,
27143,TypeLess,typeless,Summer 2022,Active,https://apps.apple.com/us/app/typeless-ai-messenger/id6478489620,https://www.ycombinator.com/companies/typeless,yc_oss_current,false,unverified_candidate,yc_slug_inference,typeless,https://www.crunchbase.com/organization/typeless,
25117,Uberduck,uberduck,Winter 2022,Inactive,https://www.uberduck.ai,https://www.ycombinator.com/companies/uberduck,yc_oss_current,false,unverified_candidate,yc_slug_inference,uberduck,https://www.crunchbase.com/organization/uberduck,
29231,Ubicloud,ubicloud,Winter 2024,Active,https://www.ubicloud.com,https://www.ycombinator.com/companies/ubicloud,yc_oss_current,false,unverified_candidate,yc_slug_inference,ubicloud,https://www.crunchbase.com/organization/ubicloud,
22853,Udhaar App,udhaar-app,Winter 2021,Active,https://udhaar.pk/,https://www.ycombinator.com/companies/udhaar-app,yc_oss_current,false,unverified_candidate,yc_slug_inference,udhaar-app,https://www.crunchbase.com/organization/udhaar-app,
19890,Ukama,ukama,Summer 2020,Active,http://www.ukama.com,https://www.ycombinator.com/companies/ukama,yc_oss_current,false,unverified_candidate,yc_slug_inference,ukama,https://www.crunchbase.com/organization/ukama,
29557,Ultra,ultra,Summer 2024,Active,https://ultra.tech,https://www.ycombinator.com/companies/ultra,yc_oss_current,false,unverified_candidate,yc_slug_inference,ultra,https://www.crunchbase.com/organization/ultra,
32750,Ultrasonium,ultrasonium,Summer 2026,Active,https://ultrasonium.com/,https://www.ycombinator.com/companies/ultrasonium,yc_oss_current,false,unverified_candidate,yc_slug_inference,ultrasonium,https://www.crunchbase.com/organization/ultrasonium,
29659,Unbound,unbound,Summer 2024,Active,https://getunbound.ai/,https://www.ycombinator.com/companies/unbound,yc_oss_current,false,unverified_candidate,yc_slug_inference,unbound,https://www.crunchbase.com/organization/unbound,
29959,Uncommon Therapeutics,uncommon-therapeutics,Winter 2025,Active,https://uncommontherapeutics.com,https://www.ycombinator.com/companies/uncommon-therapeutics,yc_oss_current,false,unverified_candidate,yc_slug_inference,uncommon-therapeutics,https://www.crunchbase.com/organization/uncommon-therapeutics,
29573,Undermind,undermind,Summer 2024,Active,https://www.undermind.ai,https://www.ycombinator.com/companies/undermind,yc_oss_current,false,unverified_candidate,yc_slug_inference,undermind,https://www.crunchbase.com/organization/undermind,
29579,Understood Care,understood-care,Summer 2024,Active,https://understoodcare.com,https://www.ycombinator.com/companies/understood-care,yc_oss_current,false,unverified_candidate,yc_slug_inference,understood-care,https://www.crunchbase.com/organization/understood-care,
32167,Understudy Labs,understudy-labs,Summer 2026,Active,https://understudylabs.com/,https://www.ycombinator.com/companies/understudy-labs,yc_oss_current,false,unverified_candidate,yc_slug_inference,understudy-labs,https://www.crunchbase.com/organization/understudy-labs,
13089,Unfaze AI,unfaze-ai,Summer 2020,Inactive,https://unfaze.ai/,https://www.ycombinator.com/companies/unfaze-ai,yc_oss_current,false,unverified_candidate,yc_slug_inference,unfaze-ai,https://www.crunchbase.com/organization/unfaze-ai,
12890,Unflow,unflow,Summer 2019,Inactive,https://www.unflow.com,https://www.ycombinator.com/companies/unflow,yc_oss_current,false,unverified_candidate,yc_slug_inference,unflow,https://www.crunchbase.com/organization/unflow,
22675,Unfurl,unfurl,Winter 2021,Inactive,http://unfurlcuisine.com,https://www.ycombinator.com/companies/unfurl,yc_oss_current,false,unverified_candidate,yc_slug_inference,unfurl,https://www.crunchbase.com/organization/unfurl,
28920,Unhaze,unhaze,Summer 2023,Inactive,https://unhaze.ai,https://www.ycombinator.com/companies/unhaze,yc_oss_current,false,unverified_candidate,yc_slug_inference,unhaze,https://www.crunchbase.com/organization/unhaze,
31296,Unifold,unifold,Winter 2026,Active,https://unifold.io,https://www.ycombinator.com/companies/unifold,yc_oss_current,false,unverified_candidate,yc_slug_inference,unifold,https://www.crunchbase.com/organization/unifold,
24149,Union54,union54,Summer 2021,Active,https://union54.com,https://www.ycombinator.com/companies/union54,yc_oss_current,false,unverified_candidate,yc_slug_inference,union54,https://www.crunchbase.com/organization/union54,
25915,UNISON,unison,Winter 2022,Active,https://www.in-unison.com/,https://www.ycombinator.com/companies/unison,yc_oss_current,false,unverified_candidate,yc_slug_inference,unison,https://www.crunchbase.com/organization/unison,
31166,Unisson,unisson,Winter 2026,Active,https://www.unisson.ai,https://www.ycombinator.com/companies/unisson,yc_oss_current,false,unverified_candidate,yc_slug_inference,unisson,https://www.crunchbase.com/organization/unisson,
30443,Units,units,Spring 2025,Active,https://units.school,https://www.ycombinator.com/companies/units,yc_oss_current,false,unverified_candidate,yc_slug_inference,units,https://www.crunchbase.com/organization/units,
25522,Unlayer,unlayer,Winter 2022,Active,https://unlayer.com,https://www.ycombinator.com/companies/unlayer,yc_oss_current,false,unverified_candidate,yc_slug_inference,unlayer,https://www.crunchbase.com/organization/unlayer,
31526,Uno Wallet,uno-wallet,Spring 2026,Active,https://myunowallet.com/,https://www.ycombinator.com/companies/uno-wallet,yc_oss_current,false,unverified_candidate,yc_slug_inference,uno-wallet,https://www.crunchbase.com/organization/uno-wallet,
25986,Unravel Carbon,unravel-carbon,Winter 2022,Active,http://unravelcarbon.com,https://www.ycombinator.com/companies/unravel-carbon,yc_oss_current,false,unverified_candidate,yc_slug_inference,unravel-carbon,https://www.crunchbase.com/organization/unravel-carbon,
30894,Unsiloed AI,unsiloed-ai,Fall 2025,Active,https://www.unsiloed.ai/,https://www.ycombinator.com/companies/unsiloed-ai,yc_oss_current,false,unverified_candidate,yc_slug_inference,unsiloed-ai,https://www.crunchbase.com/organization/unsiloed-ai,
28099,Unstatiq,unstatiq,Winter 2023,Active,https://www.unstatiq.com/,https://www.ycombinator.com/companies/unstatiq,yc_oss_current,false,unverified_candidate,yc_slug_inference,unstatiq,https://www.crunchbase.com/organization/unstatiq,
28131,Untether Labs,untether-labs,Winter 2023,Active,https://untetherlabs.com,https://www.ycombinator.com/companies/untether-labs,yc_oss_current,false,unverified_candidate,yc_slug_inference,untether-labs,https://www.crunchbase.com/organization/untether-labs,
30066,Unusual,unusual,Fall 2024,Active,https://unusual.ai,https://www.ycombinator.com/companies/unusual,yc_oss_current,false,unverified_candidate,yc_slug_inference,unusual,https://www.crunchbase.com/organization/unusual,
23429,UPchieve,upchieve,Winter 2021,Active,https://www.upchieve.org,https://www.ycombinator.com/companies/upchieve,yc_oss_current,false,unverified_candidate,yc_slug_inference,upchieve,https://www.crunchbase.com/organization/upchieve,
28372,Upfront,upfront,Winter 2023,Inactive,https://tryupfront.com,https://www.ycombinator.com/companies/upfront,yc_oss_current,false,unverified_candidate,yc_slug_inference,upfront,https://www.crunchbase.com/organization/upfront,
30844,Uplane,uplane,Fall 2025,Active,https://uplane.com,https://www.ycombinator.com/companies/uplane,yc_oss_current,false,unverified_candidate,yc_slug_inference,uplane,https://www.crunchbase.com/organization/uplane,
30806,Uplift AI,uplift-ai,Summer 2025,Active,https://upliftai.org/,https://www.ycombinator.com/companies/uplift-ai,yc_oss_current,false,unverified_candidate,yc_slug_inference,uplift-ai,https://www.crunchbase.com/organization/uplift-ai,
27153,UpLink,uplink,Summer 2022,Acquired,https://www.uplinkapp.io,https://www.ycombinator.com/companies/uplink,yc_oss_current,false,unverified_candidate,yc_slug_inference,uplink,https://www.crunchbase.com/organization/uplink,
28926,Upstream,upstream,Summer 2023,Active,https://www.upstream.do/,https://www.ycombinator.com/companies/upstream,yc_oss_current,false,unverified_candidate,yc_slug_inference,upstream,https://www.crunchbase.com/organization/upstream,
428,Upwave,upwave,Summer 2012,Active,http://www.upwave.com,https://www.ycombinator.com/companies/upwave,yc_oss_current,false,unverified_candidate,yc_slug_inference,upwave,https://www.crunchbase.com/organization/upwave,
31404,Userlens,userlens,Spring 2026,Active,https://userlens.io,https://www.ycombinator.com/companies/userlens,yc_oss_current,false,unverified_candidate,yc_slug_inference,userlens,https://www.crunchbase.com/organization/userlens,
24108,V-Flow Medical,v-flow-medical-inc,Summer 2021,Inactive,https://www.vflowmedicalinc.com/,https://www.ycombinator.com/companies/v-flow-medical-inc,yc_oss_current,false,unverified_candidate,yc_slug_inference,v-flow-medical-inc,https://www.crunchbase.com/organization/v-flow-medical-inc,
28418,Vaero,vaero,Winter 2023,Active,https://vaero.ai,https://www.ycombinator.com/companies/vaero,yc_oss_current,false,unverified_candidate,yc_slug_inference,vaero,https://www.crunchbase.com/organization/vaero,
25513,Valari,valari,Winter 2022,Inactive,http://valari.co,https://www.ycombinator.com/companies/valari,yc_oss_current,false,unverified_candidate,yc_slug_inference,valari,https://www.crunchbase.com/organization/valari,
31457,ValCtrl,valctrl,Spring 2026,Active,https://valctrl.com,https://www.ycombinator.com/companies/valctrl,yc_oss_current,false,unverified_candidate,yc_slug_inference,valctrl,https://www.crunchbase.com/organization/valctrl,
31194,Valence,valence,Winter 2026,Active,https://valence.trade,https://www.ycombinator.com/companies/valence,yc_oss_current,false,unverified_candidate,yc_slug_inference,valence,https://www.crunchbase.com/organization/valence,
31057,Valgo,valgo,Winter 2026,Active,https://valgo.ai,https://www.ycombinator.com/companies/valgo,yc_oss_current,false,unverified_candidate,yc_slug_inference,valgo,https://www.crunchbase.com/organization/valgo,
22764,Valink Therapeutics,valink-therapeutics,Winter 2021,Active,https://www.valinktx.com/,https://www.ycombinator.com/companies/valink-therapeutics,yc_oss_current,false,unverified_candidate,yc_slug_inference,valink-therapeutics,https://www.crunchbase.com/organization/valink-therapeutics,
12853,Valiu,valiu,Summer 2019,Inactive,https://www.valiu.com,https://www.ycombinator.com/companies/valiu,yc_oss_current,false,unverified_candidate,yc_slug_inference,valiu,https://www.crunchbase.com/organization/valiu,
30517,ValueMate,valuemate,Spring 2025,Active,https://valuemate.ai,https://www.ycombinator.com/companies/valuemate,yc_oss_current,false,unverified_candidate,yc_slug_inference,valuemate,https://www.crunchbase.com/organization/valuemate,
28994,Vango AI,vango-ai,Summer 2023,Inactive,https://vango.ai/,https://www.ycombinator.com/companies/vango-ai,yc_oss_current,false,unverified_candidate,yc_slug_inference,vango-ai,https://www.crunchbase.com/organization/vango-ai,
30357,Vantel,vantel,Winter 2025,Active,https://vantel.com/,https://www.ycombinator.com/companies/vantel,yc_oss_current,false,unverified_candidate,yc_slug_inference,vantel,https://www.crunchbase.com/organization/vantel,
22835,Vapi,vapi,Winter 2021,Active,https://vapi.ai,https://www.ycombinator.com/companies/vapi,yc_oss_current,false,unverified_candidate,yc_slug_inference,vapi,https://www.crunchbase.com/organization/vapi,
114,Vapor,vapor,Summer 2011,Inactive,http://askolo.com,https://www.ycombinator.com/companies/vapor,yc_oss_current,false,unverified_candidate,yc_slug_inference,vapor,https://www.crunchbase.com/organization/vapor,
27926,Variance,variance,Winter 2023,Active,https://www.variance.com/,https://www.ycombinator.com/companies/variance,yc_oss_current,false,unverified_candidate,yc_slug_inference,variance,https://www.crunchbase.com/organization/variance,
29577,Variant,variant,Fall 2024,Active,https://variant.com,https://www.ycombinator.com/companies/variant,yc_oss_current,false,unverified_candidate,yc_slug_inference,variant,https://www.crunchbase.com/organization/variant,
23967,Varos,varos,Summer 2021,Active,http://varos.com,https://www.ycombinator.com/companies/varos,yc_oss_current,false,unverified_candidate,yc_slug_inference,varos,https://www.crunchbase.com/organization/varos,
30511,Vassar Robotics,vassar-robotics,Spring 2025,Active,https://www.vassarrobotics.com,https://www.ycombinator.com/companies/vassar-robotics,yc_oss_current,false,unverified_candidate,yc_slug_inference,vassar-robotics,https://www.crunchbase.com/organization/vassar-robotics,
28977,VaultPay,vaultpay,Summer 2023,Active,https://vaultpay.io,https://www.ycombinator.com/companies/vaultpay,yc_oss_current,false,unverified_candidate,yc_slug_inference,vaultpay,https://www.crunchbase.com/organization/vaultpay,
30112,Vaya,vaya,Fall 2024,Active,https://flyvaya.com,https://www.ycombinator.com/companies/vaya,yc_oss_current,false,unverified_candidate,yc_slug_inference,vaya,https://www.crunchbase.com/organization/vaya,
26206,Vecindario,vecindario,Winter 2022,Inactive,https://www.vecindario.com/,https://www.ycombinator.com/companies/vecindario,yc_oss_current,false,unverified_candidate,yc_slug_inference,vecindario,https://www.crunchbase.com/organization/vecindario,
28178,Vector,vector,Winter 2023,Active,https://vector.co,https://www.ycombinator.com/companies/vector,yc_oss_current,false,unverified_candidate,yc_slug_inference,vector,https://www.crunchbase.com/organization/vector,
31000,Vector Legal,vector-legal,Winter 2026,Active,https://vectorlegal.com,https://www.ycombinator.com/companies/vector-legal,yc_oss_current,false,unverified_candidate,yc_slug_inference,vector-legal,https://www.crunchbase.com/organization/vector-legal,
29001,VectorShift,vectorshift,Summer 2023,Active,https://www.vectorshift.ai,https://www.ycombinator.com/companies/vectorshift,yc_oss_current,false,unverified_candidate,yc_slug_inference,vectorshift,https://www.crunchbase.com/organization/vectorshift,
24840,VedaBio,vedabio,Summer 2021,Active,https://www.vedabio.com,https://www.ycombinator.com/companies/vedabio,yc_oss_current,false,unverified_candidate,yc_slug_inference,vedabio,https://www.crunchbase.com/organization/vedabio,
22970,Veera Health,veera-health,Winter 2021,Active,https://www.veerahealth.com,https://www.ycombinator.com/companies/veera-health,yc_oss_current,false,unverified_candidate,yc_slug_inference,veera-health,https://www.crunchbase.com/organization/veera-health,
34761,Veeza AI,veeza-ai,Fall 2026,Active,https://veeza.ai,https://www.ycombinator.com/companies/veeza-ai,yc_oss_current,false,unverified_candidate,yc_slug_inference,veeza-ai,https://www.crunchbase.com/organization/veeza-ai,
31264,Vela,vela,Winter 2026,Active,https://tryvela.ai,https://www.ycombinator.com/companies/vela,yc_oss_current,false,unverified_candidate,yc_slug_inference,vela,https://www.crunchbase.com/organization/vela,
29454,Veles,veles,Winter 2024,Active,http://www.getveles.com,https://www.ycombinator.com/companies/veles,yc_oss_current,false,unverified_candidate,yc_slug_inference,veles,https://www.crunchbase.com/organization/veles,
28115,Vellum,vellum,Winter 2023,Active,https://www.vellum.ai/,https://www.ycombinator.com/companies/vellum,yc_oss_current,false,unverified_candidate,yc_slug_inference,vellum,https://www.crunchbase.com/organization/vellum,
27198,Velontra,velontra,Summer 2022,Active,https://www.velontra.com/,https://www.ycombinator.com/companies/velontra,yc_oss_current,false,unverified_candidate,yc_slug_inference,velontra,https://www.crunchbase.com/organization/velontra,
29429,Velorum Therapeutics,velorum-therapeutics,Winter 2024,Active,https://www.velorumtx.com/,https://www.ycombinator.com/companies/velorum-therapeutics,yc_oss_current,false,unverified_candidate,yc_slug_inference,velorum-therapeutics,https://www.crunchbase.com/organization/velorum-therapeutics,
27882,Velos,velos,Winter 2023,Active,https://www.tryvelos.com,https://www.ycombinator.com/companies/velos,yc_oss_current,false,unverified_candidate,yc_slug_inference,velos,https://www.crunchbase.com/organization/velos,
25663,Velt,velt,Winter 2022,Active,https://velt.dev,https://www.ycombinator.com/companies/velt,yc_oss_current,false,unverified_candidate,yc_slug_inference,velt,https://www.crunchbase.com/organization/velt,
32352,Veltha,veltha,Summer 2026,Active,https://veltha.ai/,https://www.ycombinator.com/companies/veltha,yc_oss_current,false,unverified_candidate,yc_slug_inference,veltha,https://www.crunchbase.com/organization/veltha,
30876,Velum Labs,velum-labs,Winter 2026,Active,https://www.velum-labs.com/,https://www.ycombinator.com/companies/velum-labs,yc_oss_current,false,unverified_candidate,yc_slug_inference,velum-labs,https://www.crunchbase.com/organization/velum-labs,
30995,Velvet,velvet,Fall 2025,Active,https://velvetlab.ai,https://www.ycombinator.com/companies/velvet,yc_oss_current,false,unverified_candidate,yc_slug_inference,velvet,https://www.crunchbase.com/organization/velvet,
22206,Vena Vitals,vena-vitals,Summer 2020,Active,http://venavitals.com,https://www.ycombinator.com/companies/vena-vitals,yc_oss_current,false,unverified_candidate,yc_slug_inference,vena-vitals,https://www.crunchbase.com/organization/vena-vitals,
23443,Vendease,vendease,Winter 2021,Active,https://vendease.com/,https://www.ycombinator.com/companies/vendease,yc_oss_current,false,unverified_candidate,yc_slug_inference,vendease,https://www.crunchbase.com/organization/vendease,
32620,Vendo,vendo,Summer 2026,Active,https://vendo.run/,https://www.ycombinator.com/companies/vendo,yc_oss_current,false,unverified_candidate,yc_slug_inference,vendo,https://www.crunchbase.com/organization/vendo,
25446,Vendoo,vendoo,Winter 2022,Active,https://vendoo.co,https://www.ycombinator.com/companies/vendoo,yc_oss_current,false,unverified_candidate,yc_slug_inference,vendoo,https://www.crunchbase.com/organization/vendoo,
28366,Vendora,vendora,Winter 2023,Active,https://www.vendora.io/,https://www.ycombinator.com/companies/vendora,yc_oss_current,false,unverified_candidate,yc_slug_inference,vendora,https://www.crunchbase.com/organization/vendora,
28847,Venta AI,venta-ai,Summer 2023,Active,https://www.getventa.ai,https://www.ycombinator.com/companies/venta-ai,yc_oss_current,false,unverified_candidate,yc_slug_inference,venta-ai,https://www.crunchbase.com/organization/venta-ai,
31156,Ventura,ventura,Winter 2026,Active,https://www.ventura.ai,https://www.ycombinator.com/companies/ventura,yc_oss_current,false,unverified_candidate,yc_slug_inference,ventura,https://www.crunchbase.com/organization/ventura,
25918,Venue.ink,venue-ink,Winter 2022,Active,https://venue.ink,https://www.ycombinator.com/companies/venue-ink,yc_oss_current,false,unverified_candidate,yc_slug_inference,venue-ink,https://www.crunchbase.com/organization/venue-ink,
29858,Vera Health,vera-health,Summer 2024,Active,https://www.vera-health.ai,https://www.ycombinator.com/companies/vera-health,yc_oss_current,false,unverified_candidate,yc_slug_inference,vera-health,https://www.crunchbase.com/organization/vera-health,
24845,Verano Health,verano-health,Summer 2021,Acquired,https://www.veranohealth.org/,https://www.ycombinator.com/companies/verano-health,yc_oss_current,false,unverified_candidate,yc_slug_inference,verano-health,https://www.crunchbase.com/organization/verano-health,
30220,Verbiflow,verbiflow,Winter 2025,Active,https://verbiflow.com,https://www.ycombinator.com/companies/verbiflow,yc_oss_current,false,unverified_candidate,yc_slug_inference,verbiflow,https://www.crunchbase.com/organization/verbiflow,
32189,Verdant,verdant,Summer 2026,Active,https://www.verdantapp.com/,https://www.ycombinator.com/companies/verdant,yc_oss_current,false,unverified_candidate,yc_slug_inference,verdant,https://www.crunchbase.com/organization/verdant,
24681,Verde,verde,Summer 2021,Inactive,https://www.verde.agr.br,https://www.ycombinator.com/companies/verde,yc_oss_current,false,unverified_candidate,yc_slug_inference,verde,https://www.crunchbase.com/organization/verde,
31129,Verdex,verdex,Winter 2026,Active,https://www.verdexai.com/,https://www.ycombinator.com/companies/verdex,yc_oss_current,false,unverified_candidate,yc_slug_inference,verdex,https://www.crunchbase.com/organization/verdex,
33179,Verdict Machine,verdict-machine,Summer 2026,Active,https://verdictmachine.com,https://www.ycombinator.com/companies/verdict-machine,yc_oss_current,false,unverified_candidate,yc_slug_inference,verdict-machine,https://www.crunchbase.com/organization/verdict-machine,
30875,Veria Labs,veria-labs,Fall 2025,Active,https://verialabs.com,https://www.ycombinator.com/companies/veria-labs,yc_oss_current,false,unverified_candidate,yc_slug_inference,veria-labs,https://www.crunchbase.com/organization/veria-labs,
31263,Veriad,veriad,Winter 2026,Active,https://veriad.com,https://www.ycombinator.com/companies/veriad,yc_oss_current,false,unverified_candidate,yc_slug_inference,veriad,https://www.crunchbase.com/organization/veriad,
22321,Verifiable,verifiable,Summer 2020,Active,https://verifiable.com/,https://www.ycombinator.com/companies/verifiable,yc_oss_current,false,unverified_candidate,yc_slug_inference,verifiable,https://www.crunchbase.com/organization/verifiable,
30797,Veritus,veritus,Summer 2025,Active,https://www.veritus.com,https://www.ycombinator.com/companies/veritus,yc_oss_current,false,unverified_candidate,yc_slug_inference,veritus,https://www.crunchbase.com/organization/veritus,
30624,Verne Robotics,verne-robotics,Summer 2025,Active,https://vernerobotics.com/,https://www.ycombinator.com/companies/verne-robotics,yc_oss_current,false,unverified_candidate,yc_slug_inference,verne-robotics,https://www.crunchbase.com/organization/verne-robotics,
33319,"Vernius Systems, Inc.",vernius-systems-inc,Summer 2026,Active,https://www.vernius.systems,https://www.ycombinator.com/companies/vernius-systems-inc,yc_oss_current,false,unverified_candidate,yc_slug_inference,vernius-systems-inc,https://www.crunchbase.com/organization/vernius-systems-inc,
25541,Versable,versable,Winter 2022,Active,https://www.versableai.com/,https://www.ycombinator.com/companies/versable,yc_oss_current,false,unverified_candidate,yc_slug_inference,versable,https://www.crunchbase.com/organization/versable,https://www.linkedin.com/company/versableai
1901,Verse Medical,jetlenses,Summer 2018,Active,http://versemedical.com/,https://www.ycombinator.com/companies/jetlenses,yc_oss_current,false,unverified_candidate,yc_slug_inference,jetlenses,https://www.crunchbase.com/organization/jetlenses,
29302,Verse Therapy,verse-therapy,Winter 2024,Acquired,https://versetherapy.com,https://www.ycombinator.com/companies/verse-therapy,yc_oss_current,false,unverified_candidate,yc_slug_inference,verse-therapy,https://www.crunchbase.com/organization/verse-therapy,
22790,Version Story Compare,version-story-compare,Winter 2021,Active,https://versionstory.com/,https://www.ycombinator.com/companies/version-story-compare,yc_oss_current,false,unverified_candidate,yc_slug_inference,version-story-compare,https://www.crunchbase.com/organization/version-story-compare,
27774,Versive,versive,Winter 2023,Active,https://www.getversive.com/,https://www.ycombinator.com/companies/versive,yc_oss_current,false,unverified_candidate,yc_slug_inference,versive,https://www.crunchbase.com/organization/versive,
27683,Versori,versori,Winter 2023,Acquired,https://www.versori.com/,https://www.ycombinator.com/companies/versori,yc_oss_current,false,unverified_candidate,yc_slug_inference,versori,https://www.crunchbase.com/organization/versori,
30503,Vesence,vesence,Spring 2025,Active,https://vesence.com,https://www.ycombinator.com/companies/vesence,yc_oss_current,false,unverified_candidate,yc_slug_inference,vesence,https://www.crunchbase.com/organization/vesence,
32751,Vestris,vestris,Summer 2026,Active,https://vestris.ai/,https://www.ycombinator.com/companies/vestris,yc_oss_current,false,unverified_candidate,yc_slug_inference,vestris,https://www.crunchbase.com/organization/vestris,
30179,Vetnio,vetnio,Winter 2025,Active,https://vetnio.com/,https://www.ycombinator.com/companies/vetnio,yc_oss_current,false,unverified_candidate,yc_slug_inference,vetnio,https://www.crunchbase.com/organization/vetnio,
28893,VetRec,vetrec,Summer 2023,Active,https://vetrec.io,https://www.ycombinator.com/companies/vetrec,yc_oss_current,false,unverified_candidate,yc_slug_inference,vetrec,https://www.crunchbase.com/organization/vetrec,
29734,Vibe,vibe,Summer 2024,Active,https://vibe.codes,https://www.ycombinator.com/companies/vibe,yc_oss_current,false,unverified_candidate,yc_slug_inference,vibe,https://www.crunchbase.com/organization/vibe,
24616,Vibe Kanban,vibe-kanban,Summer 2021,Active,https://vibekanban.com,https://www.ycombinator.com/companies/vibe-kanban,yc_oss_current,false,unverified_candidate,yc_slug_inference,vibe-kanban,https://www.crunchbase.com/organization/vibe-kanban,
30699,VibeFlow,vibeflow,Summer 2025,Active,https://vibeflow.ai/,https://www.ycombinator.com/companies/vibeflow,yc_oss_current,false,unverified_candidate,yc_slug_inference,vibeflow,https://www.crunchbase.com/organization/vibeflow,
29347,Vibrant Labs,vibrant-labs,Winter 2024,Active,https://vibrantlabs.com/,https://www.ycombinator.com/companies/vibrant-labs,yc_oss_current,false,unverified_candidate,yc_slug_inference,vibrant-labs,https://www.crunchbase.com/organization/vibrant-labs,
27698,Viddy,viddy,Winter 2023,Acquired,https://www.viddyapp.io/,https://www.ycombinator.com/companies/viddy,yc_oss_current,false,unverified_candidate,yc_slug_inference,viddy,https://www.crunchbase.com/organization/viddy,
29967,Village Labs,village-labs,Summer 2024,Active,https://villagelabs.app/,https://www.ycombinator.com/companies/village-labs,yc_oss_current,false,unverified_candidate,yc_slug_inference,village-labs,https://www.crunchbase.com/organization/village-labs,
1936,Vimcal,vimcal,Summer 2018,Active,http://www.vimcal.com,https://www.ycombinator.com/companies/vimcal,yc_oss_current,false,unverified_candidate,yc_slug_inference,vimcal,https://www.crunchbase.com/organization/vimcal,
25818,Vimmerse,vimmerse,Winter 2022,Active,https://vimmerse.net,https://www.ycombinator.com/companies/vimmerse,yc_oss_current,false,unverified_candidate,yc_slug_inference,vimmerse,https://www.crunchbase.com/organization/vimmerse,
27055,Vinci Games,vinci-games,Summer 2022,Active,https://ruffnauts.com/,https://www.ycombinator.com/companies/vinci-games,yc_oss_current,false,unverified_candidate,yc_slug_inference,vinci-games,https://www.crunchbase.com/organization/vinci-games,
24429,Vinco,vinco,Summer 2021,Active,https://www.vincoed.com,https://www.ycombinator.com/companies/vinco,yc_oss_current,false,unverified_candidate,yc_slug_inference,vinco,https://www.crunchbase.com/organization/vinco,
22049,Virtually,virtually,Summer 2020,Inactive,https://tryvirtually.com/,https://www.ycombinator.com/companies/virtually,yc_oss_current,false,unverified_candidate,yc_slug_inference,virtually,https://www.crunchbase.com/organization/virtually,
31182,Visibl Semiconductors,visibl-semiconductors,Winter 2026,Active,https://visiblsemi.com,https://www.ycombinator.com/companies/visibl-semiconductors,yc_oss_current,false,unverified_candidate,yc_slug_inference,visibl-semiconductors,https://www.crunchbase.com/organization/visibl-semiconductors,
30542,Vision Lab,vision-lab,Spring 2025,Active,https://thevisionlab.ai/,https://www.ycombinator.com/companies/vision-lab,yc_oss_current,false,unverified_candidate,yc_slug_inference,vision-lab,https://www.crunchbase.com/organization/vision-lab,
29444,Vista Power,vista-power,Winter 2024,Active,https://vistapower.com,https://www.ycombinator.com/companies/vista-power,yc_oss_current,false,unverified_candidate,yc_slug_inference,vista-power,https://www.crunchbase.com/organization/vista-power,
13177,Visual One,visual-one,Winter 2020,Inactive,https://www.visualone.tech,https://www.ycombinator.com/companies/visual-one,yc_oss_current,false,unverified_candidate,yc_slug_inference,visual-one,https://www.crunchbase.com/organization/visual-one,
21986,Vitable Health,vitable-health,Summer 2020,Active,https://vitablehealth.com,https://www.ycombinator.com/companies/vitable-health,yc_oss_current,false,unverified_candidate,yc_slug_inference,vitable-health,https://www.crunchbase.com/organization/vitable-health,
965,Vive,vive,Summer 2015,Inactive,http://,https://www.ycombinator.com/companies/vive,yc_oss_current,false,unverified_candidate,yc_slug_inference,vive,https://www.crunchbase.com/organization/vive,
13473,Viya,viya,Winter 2020,Inactive,http://www.viyaliving.com,https://www.ycombinator.com/companies/viya,yc_oss_current,false,unverified_candidate,yc_slug_inference,viya,https://www.crunchbase.com/organization/viya,
12452,Vizy,vizy,Summer 2019,Inactive,http://vizy.io,https://www.ycombinator.com/companies/vizy,yc_oss_current,false,unverified_candidate,yc_slug_inference,vizy,https://www.crunchbase.com/organization/vizy,
27195,Vizzly,vizzly,Summer 2022,Acquired,https://vizzly.co/,https://www.ycombinator.com/companies/vizzly,yc_oss_current,false,unverified_candidate,yc_slug_inference,vizzly,https://www.crunchbase.com/organization/vizzly,
30074,vly.ai,vly-ai-2,Fall 2024,Active,https://vly.ai,https://www.ycombinator.com/companies/vly-ai-2,yc_oss_current,false,unverified_candidate,yc_slug_inference,vly-ai-2,https://www.crunchbase.com/organization/vly-ai-2,
25965,Vobi,vobi,Winter 2022,Active,https://www.vobi.com.br,https://www.ycombinator.com/companies/vobi,yc_oss_current,false,unverified_candidate,yc_slug_inference,vobi,https://www.crunchbase.com/organization/vobi,
30203,Vocality Health,vocality-health,Winter 2025,Active,https://www.vocalityhealth.com,https://www.ycombinator.com/companies/vocality-health,yc_oss_current,false,unverified_candidate,yc_slug_inference,vocality-health,https://www.crunchbase.com/organization/vocality-health,
28118,Vocode,vocode,Winter 2023,Acquired,https://vocode.dev,https://www.ycombinator.com/companies/vocode,yc_oss_current,false,unverified_candidate,yc_slug_inference,vocode,https://www.crunchbase.com/organization/vocode,
22694,Vogent,vogent,Summer 2021,Acquired,https://vogent.ai,https://www.ycombinator.com/companies/vogent,yc_oss_current,false,unverified_candidate,yc_slug_inference,vogent,https://www.crunchbase.com/organization/vogent,
30460,VoiceOS,voiceos,Spring 2025,Active,https://voiceos.com,https://www.ycombinator.com/companies/voiceos,yc_oss_current,false,unverified_candidate,yc_slug_inference,voiceos,https://www.crunchbase.com/organization/voiceos,
29393,Voicepanel,voicepanel,Winter 2024,Active,https://voicepanel.com,https://www.ycombinator.com/companies/voicepanel,yc_oss_current,false,unverified_candidate,yc_slug_inference,voicepanel,https://www.crunchbase.com/organization/voicepanel,
29960,Void,void,Summer 2024,Active,https://useglass.ai,https://www.ycombinator.com/companies/void,yc_oss_current,false,unverified_candidate,yc_slug_inference,void,https://www.crunchbase.com/organization/void,
25691,voize,voize,Winter 2022,Active,https://voize.de/,https://www.ycombinator.com/companies/voize,yc_oss_current,false,unverified_candidate,yc_slug_inference,voize,https://www.crunchbase.com/organization/voize,
29835,Voker,voker,Summer 2024,Active,https://voker.ai,https://www.ycombinator.com/companies/voker,yc_oss_current,false,unverified_candidate,yc_slug_inference,voker,https://www.crunchbase.com/organization/voker,
21817,Volopay,volopay,Summer 2020,Active,https://www.volopay.com/,https://www.ycombinator.com/companies/volopay,yc_oss_current,false,unverified_candidate,yc_slug_inference,volopay,https://www.crunchbase.com/organization/volopay,
31003,Voltair,voltair,Winter 2026,Active,https://voltairlabs.com/,https://www.ycombinator.com/companies/voltair,yc_oss_current,false,unverified_candidate,yc_slug_inference,voltair,https://www.crunchbase.com/organization/voltair,
26763,Voltic,voltic,Summer 2022,Active,https://volticshipping.com/,https://www.ycombinator.com/companies/voltic,yc_oss_current,false,unverified_candidate,yc_slug_inference,voltic,https://www.crunchbase.com/organization/voltic,
13079,Volumetric,volumetric,Winter 2020,Acquired,https://volumetricbio.com/,https://www.ycombinator.com/companies/volumetric,yc_oss_current,false,unverified_candidate,yc_slug_inference,volumetric,https://www.crunchbase.com/organization/volumetric,
27827,Vooma,vooma,Winter 2023,Active,https://www.vooma.ai,https://www.ycombinator.com/companies/vooma,yc_oss_current,false,unverified_candidate,yc_slug_inference,vooma,https://www.crunchbase.com/organization/vooma,
23416,Voosh,voosh,Winter 2021,Active,https://voosh.ai/,https://www.ycombinator.com/companies/voosh,yc_oss_current,false,unverified_candidate,yc_slug_inference,voosh,https://www.crunchbase.com/organization/voosh,
31430,Voquill,voquill,Spring 2026,Active,https://voquill.com/,https://www.ycombinator.com/companies/voquill,yc_oss_current,false,unverified_candidate,yc_slug_inference,voquill,https://www.crunchbase.com/organization/voquill,
35784,Vorelios,vorelios,Fall 2026,Active,https://vorelios.com,https://www.ycombinator.com/companies/vorelios,yc_oss_current,false,unverified_candidate,yc_slug_inference,vorelios,https://www.crunchbase.com/organization/vorelios,
13240,Vori,vori,Winter 2020,Active,https://www.vori.com,https://www.ycombinator.com/companies/vori,yc_oss_current,false,unverified_candidate,yc_slug_inference,vori,https://www.crunchbase.com/organization/vori,
30042,Vortexify,vortexify,Fall 2024,Active,https://www.vortexify.ai,https://www.ycombinator.com/companies/vortexify,yc_oss_current,false,unverified_candidate,yc_slug_inference,vortexify,https://www.crunchbase.com/organization/vortexify,
12867,Vorticity,vorticity,Summer 2019,Active,http://vorticity.xyz/,https://www.ycombinator.com/companies/vorticity,yc_oss_current,false,unverified_candidate,yc_slug_inference,vorticity,https://www.crunchbase.com/organization/vorticity,
12504,Vouch,vouch,Summer 2019,Active,http://vouch.us,https://www.ycombinator.com/companies/vouch,yc_oss_current,false,unverified_candidate,yc_slug_inference,vouch,https://www.crunchbase.com/organization/vouch,
31219,Voxel Energy,voxel-energy,Winter 2026,Active,https://voxelenergy.com/,https://www.ycombinator.com/companies/voxel-energy,yc_oss_current,false,unverified_candidate,yc_slug_inference,voxel-energy,https://www.crunchbase.com/organization/voxel-energy,
29496,VoxOps AI,voxops-ai,Winter 2024,Active,https://www.voxopsai.com/,https://www.ycombinator.com/companies/voxops-ai,yc_oss_current,false,unverified_candidate,yc_slug_inference,voxops-ai,https://www.crunchbase.com/organization/voxops-ai,https://www.google.com/search?q=konstructly+crunchbase&rlz=1C5CHFA_enRS948RS948&oq=konstructly+crunchbase&gs_lcrp=EgZjaHJvbWUyBggAEEUYOTIGCAEQABgeMgYIAhBFGEAyBggDEEUYPdIBCDMzNzJqMGo3qAIAsAIA&sourceid=chrome&ie=UTF-8
12580,Voyage Biomedical,voyage-biomedical,Summer 2019,Acquired,https://voyage.bio,https://www.ycombinator.com/companies/voyage-biomedical,yc_oss_current,false,unverified_candidate,yc_slug_inference,voyage-biomedical,https://www.crunchbase.com/organization/voyage-biomedical,
31271,VOYGR,voygr,Winter 2026,Active,https://voygr.tech,https://www.ycombinator.com/companies/voygr,yc_oss_current,false,unverified_candidate,yc_slug_inference,voygr,https://www.crunchbase.com/organization/voygr,
30794,Vulcan Technologies,vulcan-technologies,Summer 2025,Active,https://vulcan.ai/,https://www.ycombinator.com/companies/vulcan-technologies,yc_oss_current,false,unverified_candidate,yc_slug_inference,vulcan-technologies,https://www.crunchbase.com/organization/vulcan-technologies,
30404,Vybe,vybe,Spring 2025,Active,https://www.vybe.build,https://www.ycombinator.com/companies/vybe,yc_oss_current,false,unverified_candidate,yc_slug_inference,vybe,https://www.crunchbase.com/organization/vybe,
23861,Wabi,wabi,Summer 2021,Inactive,http://www.wabi.build,https://www.ycombinator.com/companies/wabi,yc_oss_current,false,unverified_candidate,yc_slug_inference,wabi,https://www.crunchbase.com/organization/wabi,
31047,Waddle Labs,waddle-labs,Summer 2026,Active,https://www.waddlelabs.ai/,https://www.ycombinator.com/companies/waddle-labs,yc_oss_current,false,unverified_candidate,yc_slug_inference,waddle-labs,https://www.crunchbase.com/organization/waddle-labs,
30329,Waffle,waffle,Spring 2025,Active,https://www.waffle.ai,https://www.ycombinator.com/companies/waffle,yc_oss_current,false,unverified_candidate,yc_slug_inference,waffle,https://www.crunchbase.com/organization/waffle,
25341,Wagetap,wagetap,Winter 2022,Active,https://www.wagetap.com/,https://www.ycombinator.com/companies/wagetap,yc_oss_current,false,unverified_candidate,yc_slug_inference,wagetap,https://www.crunchbase.com/organization/wagetap,
31466,Walter,walter,Spring 2026,Active,https://www.walter.one,https://www.ycombinator.com/companies/walter,yc_oss_current,false,unverified_candidate,yc_slug_inference,walter,https://www.crunchbase.com/organization/walter,
27078,Wand Solar,wand-solar,Summer 2022,Active,https://www.wandsolar.com,https://www.ycombinator.com/companies/wand-solar,yc_oss_current,false,unverified_candidate,yc_slug_inference,wand-solar,https://www.crunchbase.com/organization/wand-solar,
12082,Wanderlog,wanderlog,Winter 2019,Active,https://wanderlog.com,https://www.ycombinator.com/companies/wanderlog,yc_oss_current,false,unverified_candidate,yc_slug_inference,wanderlog,https://www.crunchbase.com/organization/wanderlog,
30881,Wardstone,wardstone,Fall 2025,Active,https://www.wardstone.us,https://www.ycombinator.com/companies/wardstone,yc_oss_current,false,unverified_candidate,yc_slug_inference,wardstone,https://www.crunchbase.com/organization/wardstone,
21998,WareIQ,wareiq,Summer 2020,Active,https://www.wareiq.com/,https://www.ycombinator.com/companies/wareiq,yc_oss_current,false,unverified_candidate,yc_slug_inference,wareiq,https://www.crunchbase.com/organization/wareiq,
24259,Warpfy,warpfy,Summer 2021,Active,https://warpfy.com/,https://www.ycombinator.com/companies/warpfy,yc_oss_current,false,unverified_candidate,yc_slug_inference,warpfy,https://www.crunchbase.com/organization/warpfy,
24507,Warrant,warrant,Summer 2021,Acquired,https://warrant.dev/,https://www.ycombinator.com/companies/warrant,yc_oss_current,false,unverified_candidate,yc_slug_inference,warrant,https://www.crunchbase.com/organization/warrant,
23452,Wasp,wasp,Winter 2021,Active,https://wasp-lang.dev/,https://www.ycombinator.com/companies/wasp,yc_oss_current,false,unverified_candidate,yc_slug_inference,wasp,https://www.crunchbase.com/organization/wasp,
31472,Wato,wato,Spring 2026,Active,https://www.watolabs.com/,https://www.ycombinator.com/companies/wato,yc_oss_current,false,unverified_candidate,yc_slug_inference,wato,https://www.crunchbase.com/organization/wato,
28790,Watto AI,watto-ai,Summer 2023,Acquired,https://www.watto.ai,https://www.ycombinator.com/companies/watto-ai,yc_oss_current,false,unverified_candidate,yc_slug_inference,watto-ai,https://www.crunchbase.com/organization/watto-ai,
29122,Wattson Health,wattson-health,Summer 2023,Active,https://www.wattsonhealth.com,https://www.ycombinator.com/companies/wattson-health,yc_oss_current,false,unverified_candidate,yc_slug_inference,wattson-health,https://www.crunchbase.com/organization/wattson-health,
29283,Wavelength,wavelength,Winter 2024,Active,https://wavelength.cx/,https://www.ycombinator.com/companies/wavelength,yc_oss_current,false,unverified_candidate,yc_slug_inference,wavelength,https://www.crunchbase.com/organization/wavelength,
32948,Waybill,waybill,Summer 2026,Active,https://www.waybill.to/,https://www.ycombinator.com/companies/waybill,yc_oss_current,false,unverified_candidate,yc_slug_inference,waybill,https://www.crunchbase.com/organization/waybill,
31299,Wayco,wayco,Winter 2026,Active,https://wayco.ai,https://www.ycombinator.com/companies/wayco,yc_oss_current,false,unverified_candidate,yc_slug_inference,wayco,https://www.crunchbase.com/organization/wayco,
30364,Wayline,wayline,Summer 2025,Active,https://wayline.com,https://www.ycombinator.com/companies/wayline,yc_oss_current,false,unverified_candidate,yc_slug_inference,wayline,https://www.crunchbase.com/organization/wayline,
22665,Waypoint,waypoint,Winter 2021,Active,https://www.usewaypoint.com,https://www.ycombinator.com/companies/waypoint,yc_oss_current,false,unverified_candidate,yc_slug_inference,waypoint,https://www.crunchbase.com/organization/waypoint,
30281,Waypoint Transit,waypoint-transit,Winter 2025,Active,https://waypointtransit.com,https://www.ycombinator.com/companies/waypoint-transit,yc_oss_current,false,unverified_candidate,yc_slug_inference,waypoint-transit,https://www.crunchbase.com/organization/waypoint-transit,
28088,Waza,waza,Winter 2023,Active,https://waza.co/,https://www.ycombinator.com/companies/waza,yc_oss_current,false,unverified_candidate,yc_slug_inference,waza,https://www.crunchbase.com/organization/waza,
31390,Wealor,wealor,Spring 2026,Active,https://wealor.ai/,https://www.ycombinator.com/companies/wealor,yc_oss_current,false,unverified_candidate,yc_slug_inference,wealor,https://www.crunchbase.com/organization/wealor,
13157,Weav,weav,Winter 2020,Acquired,https://weav.co,https://www.ycombinator.com/companies/weav,yc_oss_current,false,unverified_candidate,yc_slug_inference,weav,https://www.crunchbase.com/organization/weav,
30228,Weave,weave-3,Winter 2025,Active,https://weaveos.com,https://www.ycombinator.com/companies/weave-3,yc_oss_current,false,unverified_candidate,yc_slug_inference,weave-3,https://www.crunchbase.com/organization/weave-3,
29692,Weave Robotics,weave-robotics,Summer 2024,Active,https://www.weaverobotics.com,https://www.ycombinator.com/companies/weave-robotics,yc_oss_current,false,unverified_candidate,yc_slug_inference,weave-robotics,https://www.crunchbase.com/organization/weave-robotics,
21906,webapp.io,webapp-io,Summer 2020,Acquired,https://webapp.io,https://www.ycombinator.com/companies/webapp-io,yc_oss_current,false,unverified_candidate,yc_slug_inference,webapp-io,https://www.crunchbase.com/organization/webapp-io,
568,WebCake,webcake,Summer 2013,Inactive,http://designly.com,https://www.ycombinator.com/companies/webcake,yc_oss_current,false,unverified_candidate,yc_slug_inference,webcake,https://www.crunchbase.com/organization/webcake,
29091,Webhound,webhound,Summer 2023,Active,https://webhound.ai,https://www.ycombinator.com/companies/webhound,yc_oss_current,false,unverified_candidate,yc_slug_inference,webhound,https://www.crunchbase.com/organization/webhound,
30668,Wedge,wedge,Summer 2025,Active,https://www.wedge.health,https://www.ycombinator.com/companies/wedge,yc_oss_current,false,unverified_candidate,yc_slug_inference,wedge,https://www.crunchbase.com/organization/wedge,
22719,Weekday,weekday,Winter 2021,Active,https://weekday.works,https://www.ycombinator.com/companies/weekday,yc_oss_current,false,unverified_candidate,yc_slug_inference,weekday,https://www.crunchbase.com/organization/weekday,
13227,Welcome,welcome,Winter 2020,Inactive,http://www.experiencewelcome.com,https://www.ycombinator.com/companies/welcome,yc_oss_current,false,unverified_candidate,yc_slug_inference,welcome,https://www.crunchbase.com/organization/welcome,
26659,Weltio,weltio,Summer 2022,Inactive,https://www.weltio.com,https://www.ycombinator.com/companies/weltio,yc_oss_current,false,unverified_candidate,yc_slug_inference,weltio,https://www.crunchbase.com/organization/weltio,
25318,WeReno,wereno,Winter 2022,Active,https://WeReno.com,https://www.ycombinator.com/companies/wereno,yc_oss_current,false,unverified_candidate,yc_slug_inference,wereno,https://www.crunchbase.com/organization/wereno,
13208,Whatnot,whatnot,Winter 2020,Active,https://www.whatnot.com,https://www.ycombinator.com/companies/whatnot,yc_oss_current,false,unverified_candidate,yc_slug_inference,whatnot,https://www.crunchbase.com/organization/whatnot,
1712,WheelStreet,wheelstreet,Summer 2017,Inactive,https://www.wheelstreet.com/,https://www.ycombinator.com/companies/wheelstreet,yc_oss_current,false,unverified_candidate,yc_slug_inference,wheelstreet,https://www.crunchbase.com/organization/wheelstreet,
29378,Whip,whip,Winter 2024,Active,https://whip.run/,https://www.ycombinator.com/companies/whip,yc_oss_current,false,unverified_candidate,yc_slug_inference,whip,https://www.crunchbase.com/organization/whip,
26311,WhiteLab Genomics,whitelab-genomics,Winter 2022,Active,https://whitelabgx.com,https://www.ycombinator.com/companies/whitelab-genomics,yc_oss_current,false,unverified_candidate,yc_slug_inference,whitelab-genomics,https://www.crunchbase.com/organization/whitelab-genomics,
32617,Whitespace,whitespace,Summer 2026,Active,https://whitespacehq.ai/,https://www.ycombinator.com/companies/whitespace,yc_oss_current,false,unverified_candidate,yc_slug_inference,whitespace,https://www.crunchbase.com/organization/whitespace,
25515,Whiz,whiz,Winter 2022,Inactive,https://whiz.id,https://www.ycombinator.com/companies/whiz,yc_oss_current,false,unverified_candidate,yc_slug_inference,whiz,https://www.crunchbase.com/organization/whiz,
25665,Wibond,wibond,Winter 2022,Active,https://www.wibond.co/,https://www.ycombinator.com/companies/wibond,yc_oss_current,false,unverified_candidate,yc_slug_inference,wibond,https://www.crunchbase.com/organization/wibond,
31307,Wideframe,wideframe,Winter 2026,Active,https://wideframe.com,https://www.ycombinator.com/companies/wideframe,yc_oss_current,false,unverified_candidate,yc_slug_inference,wideframe,https://www.crunchbase.com/organization/wideframe,
27890,Wild Moose,wild-moose,Winter 2023,Active,https://wildmoose.ai,https://www.ycombinator.com/companies/wild-moose,yc_oss_current,false,unverified_candidate,yc_slug_inference,wild-moose,https://www.crunchbase.com/organization/wild-moose,
30318,Wildcard,wildcard,Winter 2025,Active,https://wild-card.ai,https://www.ycombinator.com/companies/wildcard,yc_oss_current,false,unverified_candidate,yc_slug_inference,wildcard,https://www.crunchbase.com/organization/wildcard,
29666,Willow,willow,Spring 2025,Active,https://willowvoice.com/,https://www.ycombinator.com/companies/willow,yc_oss_current,false,unverified_candidate,yc_slug_inference,willow,https://www.crunchbase.com/organization/willow,
26793,Windmill,windmill,Summer 2022,Active,https://windmill.dev,https://www.ycombinator.com/companies/windmill,yc_oss_current,false,unverified_candidate,yc_slug_inference,windmill,https://www.crunchbase.com/organization/windmill,
29750,winfunc,winfunc,Summer 2024,Active,https://winfunc.com,https://www.ycombinator.com/companies/winfunc,yc_oss_current,false,unverified_candidate,yc_slug_inference,winfunc,https://www.crunchbase.com/organization/winfunc,
12710,Wingman,wingman,Summer 2019,Acquired,https://www.trywingman.com,https://www.ycombinator.com/companies/wingman,yc_oss_current,false,unverified_candidate,yc_slug_inference,wingman,https://www.crunchbase.com/organization/wingman,
25972,Winter,winter,Winter 2022,Acquired,https://,https://www.ycombinator.com/companies/winter,yc_oss_current,false,unverified_candidate,yc_slug_inference,winter,https://www.crunchbase.com/organization/winter,
1891,Within,within,Summer 2018,Active,http://within.ai,https://www.ycombinator.com/companies/within,yc_oss_current,false,unverified_candidate,yc_slug_inference,within,https://www.crunchbase.com/organization/within,
26654,Wolfia,wolfia,Summer 2022,Active,https://wolfia.com,https://www.ycombinator.com/companies/wolfia,yc_oss_current,false,unverified_candidate,yc_slug_inference,wolfia,https://www.crunchbase.com/organization/wolfia,
27166,Wondercraft,wondercraft,Summer 2022,Active,https://wondercraft.ai/,https://www.ycombinator.com/companies/wondercraft,yc_oss_current,false,unverified_candidate,yc_slug_inference,wondercraft,https://www.crunchbase.com/organization/wondercraft,
33317,Wondering,wondering,Summer 2026,Active,https://wondering.app,https://www.ycombinator.com/companies/wondering,yc_oss_current,false,unverified_candidate,yc_slug_inference,wondering,https://www.crunchbase.com/organization/wondering,
31425,WonderTx,wondertx,Summer 2026,Active,https://wondertx.ai/,https://www.ycombinator.com/companies/wondertx,yc_oss_current,false,unverified_candidate,yc_slug_inference,wondertx,https://www.crunchbase.com/organization/wondertx,
21901,Workbase,workbase,Summer 2020,Acquired,https://,https://www.ycombinator.com/companies/workbase,yc_oss_current,false,unverified_candidate,yc_slug_inference,workbase,https://www.crunchbase.com/organization/workbase,
23167,Worksphere,worksphere,Winter 2021,Acquired,https://www.worksphere.com,https://www.ycombinator.com/companies/worksphere,yc_oss_current,false,unverified_candidate,yc_slug_inference,worksphere,https://www.crunchbase.com/organization/worksphere,https://www.crunchbase.com/organizations/worksphere
30321,Woz,woz,Winter 2025,Active,https://www.wozcode.com/,https://www.ycombinator.com/companies/woz,yc_oss_current,false,unverified_candidate,yc_slug_inference,woz,https://www.crunchbase.com/organization/woz,
12076,Wren,wren,Summer 2019,Active,https://www.wren.co,https://www.ycombinator.com/companies/wren,yc_oss_current,false,unverified_candidate,yc_slug_inference,wren,https://www.crunchbase.com/organization/wren,
24526,Writesonic,writesonic,Summer 2021,Active,https://writesonic.com/,https://www.ycombinator.com/companies/writesonic,yc_oss_current,false,unverified_candidate,yc_slug_inference,writesonic,https://www.crunchbase.com/organization/writesonic,
29361,Wuri,wuri,Winter 2024,Inactive,https://www.wuri.in/,https://www.ycombinator.com/companies/wuri,yc_oss_current,false,unverified_candidate,yc_slug_inference,wuri,https://www.crunchbase.com/organization/wuri,
22707,Wyndly,wyndly,Winter 2021,Active,https://www.wyndly.com,https://www.ycombinator.com/companies/wyndly,yc_oss_current,false,unverified_candidate,yc_slug_inference,wyndly,https://www.crunchbase.com/organization/wyndly,
30111,x1,x1,Fall 2024,Active,https://x1.new/,https://www.ycombinator.com/companies/x1,yc_oss_current,false,unverified_candidate,yc_slug_inference,x1,https://www.crunchbase.com/organization/x1,
1905,Xkit,xkit,Summer 2018,Inactive,https://xkit.co,https://www.ycombinator.com/companies/xkit,yc_oss_current,false,unverified_candidate,yc_slug_inference,xkit,https://www.crunchbase.com/organization/xkit,
29448,xPay,xpay,Winter 2024,Active,https://www.xpaycheckout.com/,https://www.ycombinator.com/companies/xpay,yc_oss_current,false,unverified_candidate,yc_slug_inference,xpay,https://www.crunchbase.com/organization/xpay,
29956,XTraffic,xtraffic,Summer 2024,Active,https://XTraffic.com/,https://www.ycombinator.com/companies/xtraffic,yc_oss_current,false,unverified_candidate,yc_slug_inference,xtraffic,https://www.crunchbase.com/organization/xtraffic,
28486,Y/n,yn,Summer 2023,Active,https://yn.app,https://www.ycombinator.com/companies/yn,yc_oss_current,false,unverified_candidate,yc_slug_inference,yn,https://www.crunchbase.com/organization/yn,
29510,Yarn,yarn-2,Winter 2024,Active,https://www.yarn.so,https://www.ycombinator.com/companies/yarn-2,yc_oss_current,false,unverified_candidate,yc_slug_inference,yarn-2,https://www.crunchbase.com/organization/yarn-2,
13642,Yassir,yassir,Winter 2020,Active,https://yassir.com,https://www.ycombinator.com/companies/yassir,yc_oss_current,false,unverified_candidate,yc_slug_inference,yassir,https://www.crunchbase.com/organization/yassir,
13354,yBANQ,ybanq,Winter 2020,Acquired,https://ybanq.com,https://www.ycombinator.com/companies/ybanq,yc_oss_current,false,unverified_candidate,yc_slug_inference,ybanq,https://www.crunchbase.com/organization/ybanq,
24368,Yemaachi Biotechnology,yemaachi-biotechnology,Summer 2021,Active,https://yemaachi.com/,https://www.ycombinator.com/companies/yemaachi-biotechnology,yc_oss_current,false,unverified_candidate,yc_slug_inference,yemaachi-biotechnology,https://www.crunchbase.com/organization/yemaachi-biotechnology,
28965,Yenmo,yenmo,Winter 2024,Active,https://yenmo.in/,https://www.ycombinator.com/companies/yenmo,yc_oss_current,false,unverified_candidate,yc_slug_inference,yenmo,https://www.crunchbase.com/organization/yenmo,
25359,Yezza,yezza,Winter 2022,Active,https://yezza.com,https://www.ycombinator.com/companies/yezza,yc_oss_current,false,unverified_candidate,yc_slug_inference,yezza,https://www.crunchbase.com/organization/yezza,
29402,Yondu,yondu,Winter 2024,Active,https://yondu.ai/,https://www.ycombinator.com/companies/yondu,yc_oss_current,false,unverified_candidate,yc_slug_inference,yondu,https://www.crunchbase.com/organization/yondu,
29304,Yoneda Labs,yoneda-labs,Winter 2024,Active,https://www.yonedalabs.com,https://www.ycombinator.com/companies/yoneda-labs,yc_oss_current,false,unverified_candidate,yc_slug_inference,yoneda-labs,https://www.crunchbase.com/organization/yoneda-labs,
31517,YouArt,youart,Spring 2026,Active,https://youart.ai,https://www.ycombinator.com/companies/youart,yc_oss_current,false,unverified_candidate,yc_slug_inference,youart,https://www.crunchbase.com/organization/youart,
12355,YourChoice Therapeutics,yourchoice-therapeutics,Winter 2019,Active,http://ychoicetx.com,https://www.ycombinator.com/companies/yourchoice-therapeutics,yc_oss_current,false,unverified_candidate,yc_slug_inference,yourchoice-therapeutics,https://www.crunchbase.com/organization/yourchoice-therapeutics,
29790,YouShift,youshift,Winter 2025,Active,https://www.you-shift.com/,https://www.ycombinator.com/companies/youshift,yc_oss_current,false,unverified_candidate,yc_slug_inference,youshift,https://www.crunchbase.com/organization/youshift,
28417,Yuma AI,yuma-ai,Winter 2023,Active,https://yuma.ai,https://www.ycombinator.com/companies/yuma-ai,yc_oss_current,false,unverified_candidate,yc_slug_inference,yuma-ai,https://www.crunchbase.com/organization/yuma-ai,
13195,Zaam,zaam,Winter 2020,Inactive,http://zaam.io,https://www.ycombinator.com/companies/zaam,yc_oss_current,false,unverified_candidate,yc_slug_inference,zaam,https://www.crunchbase.com/organization/zaam,
30945,Zalos,zalos,Fall 2025,Active,https://www.zalos.ai/,https://www.ycombinator.com/companies/zalos,yc_oss_current,false,unverified_candidate,yc_slug_inference,zalos,https://www.crunchbase.com/organization/zalos,
363,Zanbazaar,zanbazaar,Summer 2006,Inactive,http://zanbazaar.com,https://www.ycombinator.com/companies/zanbazaar,yc_oss_current,false,unverified_candidate,yc_slug_inference,zanbazaar,https://www.crunchbase.com/organization/zanbazaar,
32256,Zaplar,zaplar,Summer 2026,Active,https://zaplar.com,https://www.ycombinator.com/companies/zaplar,yc_oss_current,false,unverified_candidate,yc_slug_inference,zaplar,https://www.crunchbase.com/organization/zaplar,
13052,Zaraz,zaraz,Winter 2020,Acquired,https://zaraz.com/,https://www.ycombinator.com/companies/zaraz,yc_oss_current,false,unverified_candidate,yc_slug_inference,zaraz,https://www.crunchbase.com/organization/zaraz,
31007,Zarna,zarna,Fall 2025,Active,https://www.zarnaai.com/,https://www.ycombinator.com/companies/zarna,yc_oss_current,false,unverified_candidate,yc_slug_inference,zarna,https://www.crunchbase.com/organization/zarna,
31131,Zatanna,zatanna,Winter 2026,Active,https://www.zatanna.ai/,https://www.ycombinator.com/companies/zatanna,yc_oss_current,false,unverified_candidate,yc_slug_inference,zatanna,https://www.crunchbase.com/organization/zatanna,
30850,Zavo,zavo,Fall 2025,Active,https://zavopay.com,https://www.ycombinator.com/companies/zavo,yc_oss_current,false,unverified_candidate,yc_slug_inference,zavo,https://www.crunchbase.com/organization/zavo,
23268,Zealth,zealth,Winter 2021,Active,https://zealth-ai.com/,https://www.ycombinator.com/companies/zealth,yc_oss_current,false,unverified_candidate,yc_slug_inference,zealth,https://www.crunchbase.com/organization/zealth,
24058,Zeit Medical,zeit-medical,Summer 2021,Active,https://www.zeitmedical.com/,https://www.ycombinator.com/companies/zeit-medical,yc_oss_current,false,unverified_candidate,yc_slug_inference,zeit-medical,https://www.crunchbase.com/organization/zeit-medical,
28810,Zelos Cloud,zelos-cloud,Summer 2023,Active,https://zeloscloud.io,https://www.ycombinator.com/companies/zelos-cloud,yc_oss_current,false,unverified_candidate,yc_slug_inference,zelos-cloud,https://www.crunchbase.com/organization/zelos-cloud,
24160,Zen,posturehealth-inc,Summer 2021,Active,https://lnkd.in/dgH2xxBJ,https://www.ycombinator.com/companies/posturehealth-inc,yc_oss_current,false,unverified_candidate,yc_slug_inference,posturehealth-inc,https://www.crunchbase.com/organization/posturehealth-inc,
31368,Zenbu,zenbu-2,Spring 2026,Active,https://www.zenbu.dev/,https://www.ycombinator.com/companies/zenbu-2,yc_oss_current,false,unverified_candidate,yc_slug_inference,zenbu-2,https://www.crunchbase.com/organization/zenbu-2,
24476,Zensors,zensors-inc,Summer 2021,Active,https://www.zensors.com,https://www.ycombinator.com/companies/zensors-inc,yc_oss_current,false,unverified_candidate,yc_slug_inference,zensors-inc,https://www.crunchbase.com/organization/zensors-inc,
13352,Zeo Route Planner,zeo-route-planner,Winter 2020,Active,https://zeorouteplanner.com,https://www.ycombinator.com/companies/zeo-route-planner,yc_oss_current,false,unverified_candidate,yc_slug_inference,zeo-route-planner,https://www.crunchbase.com/organization/zeo-route-planner,
30434,Zeon Systems,zeon-systems,Spring 2025,Active,https://www.zeonsystems.ai/,https://www.ycombinator.com/companies/zeon-systems,yc_oss_current,false,unverified_candidate,yc_slug_inference,zeon-systems,https://www.crunchbase.com/organization/zeon-systems,
31021,Zephyr Fusion,zephyr-fusion,Fall 2025,Active,https://www.zephyrfusion.com,https://www.ycombinator.com/companies/zephyr-fusion,yc_oss_current,false,unverified_candidate,yc_slug_inference,zephyr-fusion,https://www.crunchbase.com/organization/zephyr-fusion,
22721,Zepto,zepto,Winter 2021,Active,https://www.zeptonow.com/,https://www.ycombinator.com/companies/zepto,yc_oss_current,false,unverified_candidate,yc_slug_inference,zepto,https://www.crunchbase.com/organization/zepto,
27807,ZeroDev,zerodev,Winter 2023,Active,https://zerodev.app/,https://www.ycombinator.com/companies/zerodev,yc_oss_current,false,unverified_candidate,yc_slug_inference,zerodev,https://www.crunchbase.com/organization/zerodev,
30241,ZeroEntropy,zeroentropy,Winter 2025,Acquired,https://www.zeroentropy.dev,https://www.ycombinator.com/companies/zeroentropy,yc_oss_current,false,unverified_candidate,yc_slug_inference,zeroentropy,https://www.crunchbase.com/organization/zeroentropy,
30016,Zeroframe,zeroframe,Fall 2024,Inactive,https://zeroframe.ai,https://www.ycombinator.com/companies/zeroframe,yc_oss_current,false,unverified_candidate,yc_slug_inference,zeroframe,https://www.crunchbase.com/organization/zeroframe,
29812,ZeroPath,zeropath,Summer 2024,Active,https://zeropath.com,https://www.ycombinator.com/companies/zeropath,yc_oss_current,false,unverified_candidate,yc_slug_inference,zeropath,https://www.crunchbase.com/organization/zeropath,
31119,ZeroSettle,zerosettle,Winter 2026,Active,https://zerosettle.io,https://www.ycombinator.com/companies/zerosettle,yc_oss_current,false,unverified_candidate,yc_slug_inference,zerosettle,https://www.crunchbase.com/organization/zerosettle,
29777,Zettascale,zettascale,Summer 2024,Active,https://zscc.ai,https://www.ycombinator.com/companies/zettascale,yc_oss_current,false,unverified_candidate,yc_slug_inference,zettascale,https://www.crunchbase.com/organization/zettascale,
128,Zeus,zeus,Summer 2011,Acquired,https://zeusliving.com/,https://www.ycombinator.com/companies/zeus,yc_oss_current,false,unverified_candidate,yc_slug_inference,zeus,https://www.crunchbase.com/organization/zeus,
31459,Zibra Labs,zibra-labs,Spring 2026,Active,https://zibralabs.ai/,https://www.ycombinator.com/companies/zibra-labs,yc_oss_current,false,unverified_candidate,yc_slug_inference,zibra-labs,https://www.crunchbase.com/organization/zibra-labs,
77,Zigfu,zigfu,Summer 2011,Inactive,http://breaks.nu,https://www.ycombinator.com/companies/zigfu,yc_oss_current,false,unverified_candidate,yc_slug_inference,zigfu,https://www.crunchbase.com/organization/zigfu,
634,Zinc,zinc,Winter 2014,Active,http://zinc.com,https://www.ycombinator.com/companies/zinc,yc_oss_current,false,unverified_candidate,yc_slug_inference,zinc,https://www.crunchbase.com/organization/zinc,
21720,Zip,zip,Summer 2020,Active,https://ziphq.com/,https://www.ycombinator.com/companies/zip,yc_oss_current,false,unverified_candidate,yc_slug_inference,zip,https://www.crunchbase.com/organization/zip,
652,Zip Phone,zip-phone,Summer 2014,Acquired,http://zipphone.com,https://www.ycombinator.com/companies/zip-phone,yc_oss_current,false,unverified_candidate,yc_slug_inference,zip-phone,https://www.crunchbase.com/organization/zip-phone,
12240,Zippi,zippi,Summer 2019,Active,https://www.zippi.com.br,https://www.ycombinator.com/companies/zippi,yc_oss_current,false,unverified_candidate,yc_slug_inference,zippi,https://www.crunchbase.com/organization/zippi,
21788,"Zitara Technologies, Inc.",zitara-technologies-inc,Summer 2020,Active,https://zitara.com,https://www.ycombinator.com/companies/zitara-technologies-inc,yc_oss_current,false,unverified_candidate,yc_slug_inference,zitara-technologies-inc,https://www.crunchbase.com/organization/zitara-technologies-inc,
29731,Zoa Research,zoa-research,Summer 2024,Active,https://zoaresearch.com,https://www.ycombinator.com/companies/zoa-research,yc_oss_current,false,unverified_candidate,yc_slug_inference,zoa-research,https://www.crunchbase.com/organization/zoa-research,
23074,ZOKO,zoko,Winter 2021,Active,https://www.zoko.io/,https://www.ycombinator.com/companies/zoko,yc_oss_current,false,unverified_candidate,yc_slug_inference,zoko,https://www.crunchbase.com/organization/zoko,
31385,Zolvo,zolvo,Spring 2026,Active,https://zolvo.com/,https://www.ycombinator.com/companies/zolvo,yc_oss_current,false,unverified_candidate,yc_slug_inference,zolvo,https://www.crunchbase.com/organization/zolvo,
32154,Zomma,zomma,Summer 2026,Active,https://zommalabs.com,https://www.ycombinator.com/companies/zomma,yc_oss_current,false,unverified_candidate,yc_slug_inference,zomma,https://www.crunchbase.com/organization/zomma,
22266,Zuddl,zuddl,Summer 2020,Active,http://www.zuddl.com,https://www.ycombinator.com/companies/zuddl,yc_oss_current,false,unverified_candidate,yc_slug_inference,zuddl,https://www.crunchbase.com/organization/zuddl,
27492,zudo.work,zudowork,Winter 2023,Active,https://zudo.work/,https://www.ycombinator.com/companies/zudowork,yc_oss_current,false,unverified_candidate,yc_slug_inference,zudowork,https://www.crunchbase.com/organization/zudowork,
13405,Zumo Labs,zumo-labs,Winter 2020,Inactive,https://zumolabs.ai/,https://www.ycombinator.com/companies/zumo-labs,yc_oss_current,false,unverified_candidate,yc_slug_inference,zumo-labs,https://www.crunchbase.com/organization/zumo-labs,
333,ZumoDrive,zumodrive,Summer 2007,Acquired,http://zumodrive.com,https://www.ycombinator.com/companies/zumodrive,yc_oss_current,false,unverified_candidate,yc_slug_inference,zumodrive,https://www.crunchbase.com/organization/zumodrive,
29670,Zuni,zuni,Summer 2024,Active,https://zuni.app,https://www.ycombinator.com/companies/zuni,yc_oss_current,false,unverified_candidate,yc_slug_inference,zuni,https://www.crunchbase.com/organization/zuni,
31278,Zymbly,zymbly,Winter 2026,Active,https://www.zymbly.com,https://www.ycombinator.com/companies/zymbly,yc_oss_current,false,unverified_candidate,yc_slug_inference,zymbly,https://www.crunchbase.com/organization/zymbly,
13502,Zynq,zynq,Winter 2020,Acquired,https://zynq.io,https://www.ycombinator.com/companies/zynq,yc_oss_current,false,unverified_candidate,yc_slug_inference,zynq,https://www.crunchbase.com/organization/zynq,
