Industry	Category	Image	2025-01-01	2025-01-02	2025-01-03	2025-01-04	2025-01-05	2025-01-06	2025-01-07	2025-01-08	2025-01-09	2025-01-10	2025-01-11	2025-01-12	2025-01-13	2025-01-14	2025-01-15	2025-01-16	2025-01-17	2025-01-18	2025-01-19	2025-01-20	2025-01-21	2025-01-22	2025-01-23	2025-01-24	2025-01-25	2025-01-26	2025-01-27	2025-01-28	2025-01-29	2025-01-30	2025-01-31	2025-02-01	2025-02-02	2025-02-03	2025-02-04	2025-02-05	2025-02-06	2025-02-07	2025-02-08	2025-02-09	2025-02-10	2025-02-11	2025-02-12	2025-02-13	2025-02-14	2025-02-15	2025-02-16	2025-02-17	2025-02-18	2025-02-19	2025-02-20	2025-02-21	2025-02-22	2025-02-23	2025-02-24	2025-02-25	2025-02-26	2025-02-27	2025-02-28	2025-03-01	2025-03-02	2025-03-03	2025-03-04	2025-03-05	2025-03-06	2025-03-07	2025-03-08	2025-03-09	2025-03-10	2025-03-11	2025-03-12	2025-03-13	2025-03-14	2025-03-15	2025-03-16	2025-03-17	2025-03-18	2025-03-19	2025-03-20	2025-03-21	2025-03-22	2025-03-23	2025-03-24	2025-03-25	2025-03-26	2025-03-27	2025-03-28	2025-03-29	2025-03-30	2025-03-31	2025-04-01	2025-04-02	2025-04-03	2025-04-04	2025-04-05	2025-04-06	2025-04-07	2025-04-08	2025-04-09	2025-04-10	2025-04-11	2025-04-12	2025-04-13	2025-04-14	2025-04-15	2025-04-16	2025-04-17	2025-04-18	2025-04-19	2025-04-20	2025-04-21	2025-04-22	2025-04-23	2025-04-24	2025-04-25	2025-04-26	2025-04-27	2025-04-28	2025-04-29	2025-04-30	2025-05-01	2025-05-02	2025-05-03	2025-05-04	2025-05-05	2025-05-06	2025-05-07	2025-05-08	2025-05-09	2025-05-10	2025-05-11	2025-05-12	2025-05-13	2025-05-14	2025-05-15	2025-05-16	2025-05-17	2025-05-18	2025-05-19	2025-05-20	2025-05-21	2025-05-22	2025-05-23	2025-05-24	2025-05-25	2025-05-26	2025-05-27	2025-05-28	2025-05-29	2025-05-30	2025-05-31	2025-06-01	2025-06-02	2025-06-03	2025-06-04	2025-06-05	2025-06-06	2025-06-07	2025-06-08	2025-06-09	2025-06-10	2025-06-11	2025-06-12	2025-06-13	2025-06-14	2025-06-15	2025-06-16	2025-06-17	2025-06-18	2025-06-19	2025-06-20	2025-06-21	2025-06-22	2025-06-23	2025-06-24	2025-06-25	2025-06-26	2025-06-27	2025-06-28	2025-06-29	2025-06-30	2025-07-01	2025-07-02	2025-07-03	2025-07-04	2025-07-05	2025-07-06	2025-07-07	2025-07-08	2025-07-09	2025-07-10	2025-07-11	2025-07-12	2025-07-13	2025-07-14	2025-07-15	2025-07-16	2025-07-17	2025-07-18	2025-07-19	2025-07-20	2025-07-21	2025-07-22	2025-07-23	2025-07-24	2025-07-25	2025-07-26	2025-07-27	2025-07-28	2025-07-29	2025-07-30	2025-07-31	2025-08-01	2025-08-02	2025-08-03	2025-08-04	2025-08-05	2025-08-06	2025-08-07	2025-08-08	2025-08-09	2025-08-10	2025-08-11	2025-08-12	2025-08-13	2025-08-14	2025-08-15	2025-08-16	2025-08-17	2025-08-18	2025-08-19	2025-08-20	2025-08-21	2025-08-22	2025-08-23	2025-08-24	2025-08-25	2025-08-26	2025-08-27	2025-08-28	2025-08-29	2025-08-30	2025-08-31	2025-09-01	2025-09-02	2025-09-03	2025-09-04	2025-09-05	2025-09-06	2025-09-07	2025-09-08	2025-09-09	2025-09-10	2025-09-11	2025-09-12	2025-09-13	2025-09-14	2025-09-15	2025-09-16	2025-09-17	2025-09-18	2025-09-19	2025-09-20	2025-09-21	2025-09-22	2025-09-23	2025-09-24	2025-09-25	2025-09-26	2025-09-27	2025-09-28	2025-09-29	2025-09-30	2025-10-01	2025-10-02	2025-10-03	2025-10-04	2025-10-05	2025-10-06	2025-10-07	2025-10-08	2025-10-09	2025-10-10	2025-10-11	2025-10-12	2025-10-13	2025-10-14	2025-10-15	2025-10-16	2025-10-17	2025-10-18	2025-10-19	2025-10-20	2025-10-21	2025-10-22	2025-10-23	2025-10-24	2025-10-25	2025-10-26	2025-10-27	2025-10-28	2025-10-29	2025-10-30	2025-10-31	2025-11-01	2025-11-02	2025-11-03	2025-11-04	2025-11-05	2025-11-06	2025-11-07	2025-11-08	2025-11-09	2025-11-10	2025-11-11	2025-11-12	2025-11-13	2025-11-14	2025-11-15	2025-11-16	2025-11-17	2025-11-18	2025-11-19	2025-11-20	2025-11-21	2025-11-22	2025-11-23	2025-11-24	2025-11-25	2025-11-26	2025-11-27	2025-11-28	2025-11-29	2025-11-30	2025-12-01	2025-12-02	2025-12-03	2025-12-04	2025-12-05	2025-12-06	2025-12-07	2025-12-08	2025-12-09	2025-12-10	2025-12-11	2025-12-12	2025-12-13	2025-12-14	2025-12-15	2025-12-16	2025-12-17	2025-12-18	2025-12-19	2025-12-20	2025-12-21	2025-12-22	2025-12-23	2025-12-24	2025-12-25	2025-12-26	2025-12-27	2025-12-28	2025-12-29	2025-12-30	2025-12-31
Artificial Intelligence (AI)			0.001675	0.002093	0.002093	0.002177	0.002177	0.002735	0.002735	0.002735	0.002735	0.002735	0.002735	0.002735	0.073073	0.076423	0.076423	0.086471	0.086471	0.086471	0.086471	0.086471	0.08982	0.091734	0.093409	0.093409	0.093409	0.093409	0.106806	0.140301	0.140301	0.140301	0.140301	0.140301	0.140301	0.140301	0.140301	0.140301	0.145436	0.145995	0.145995	0.145995	0.145995	0.145995	0.191435	0.191435	0.191435	0.191435	0.191435	0.191435	0.191435	0.195789	0.195789	0.195789	0.195789	0.195789	0.195789	0.195789	0.195789	0.195789	0.195789	0.195789	0.195789	0.198268	0.198268	0.25137	0.25137	0.25137	0.25137	0.25137	0.25137	0.25137	0.25338	0.25338	0.25338	0.25338	0.25338	0.255222	0.27383	0.27383	0.27383	0.27383	0.29281	0.29281	0.29281	0.29281	0.298211	0.300611	0.300611	0.300611	0.300611	0.300611	0.302777	0.302777	0.303418	0.303418	0.303418	0.303418	0.359003	0.365702	0.389706	0.39473	0.39473	0.39473	0.39473	0.39473	0.39473	0.398079	0.398079	0.398079	0.398079	0.399252	0.399252	0.399252	0.422697	0.422697	0.422697	0.422697	0.422697	0.422697	0.422697	0.439445	0.441287	0.441287	0.441287	0.441287	0.441287	0.441845	0.444524	0.444524	0.444524	0.444524	0.444524	0.444524	0.444524	0.454238	0.454286	0.488392	0.488392	0.488392	0.500952	0.500952	0.500952	0.512675	0.512675	0.512675	0.512675	0.512675	0.512675	0.512675	0.512675	0.512675	0.512675	0.512675	0.533539	0.533539	0.533539	0.533539	0.539951	0.539951	0.539951	0.545142	7.387521	7.556527	7.618204	7.618204	7.618622	7.618622	7.634419	7.634419	7.649491	7.649491	7.649491	7.649491	7.649491	7.649491	7.649491	7.649491	7.649491	7.649491	7.649491	7.649491	7.651948	7.656218	7.656218	7.656218	7.656218	7.656218	7.656218	7.656218	7.656218	7.656553	7.656553	7.656553	7.656553	7.656553	7.656553	7.671786	7.671786	7.671786	7.671786	7.672344	7.672344	7.672344	7.672344	7.744117	7.744117	7.744117	7.744117	7.744117	7.744117	7.747467	7.852136	7.852136	7.852136	7.852136	7.852136	7.852136	7.878931	7.878931	7.878931	7.878931	7.878931	7.878931	7.878931	7.878931	7.878931	7.889114	7.889114	7.889114	7.889114	7.889114	7.889532	7.914876	7.914876	7.91679	7.91679	7.91679	7.91679	7.91679	7.921256	7.921256	7.921256	7.921256	7.921256	7.944842	7.944842	7.974316	7.974316	7.978671	7.978671	7.978671	7.978671	7.986765	7.986765	7.986765	7.986765	7.986765	7.986765	8.023944	8.023944	8.043529	8.063272	8.063272	8.063272	8.063272	8.063272	8.063272	8.063272	8.067514	8.067514	8.067514	8.067514	8.067514	8.067514	8.071667	8.071667	8.071667	8.071667	8.071667	8.071667	8.071667	8.085065	8.085065	8.085065	8.085065	8.085065	8.096202	8.096202	8.127017	8.127017	8.127017	8.127017	8.127017	8.127519	8.127519	8.127519	8.127519	8.127519	8.127519	8.127519	8.127519	8.147532	8.147532	8.147532	8.147532	8.147532	8.147532	8.150993	8.153002	8.158864	8.158864	8.158864	8.158864	8.158864	8.158864	8.158864	8.185659	8.185659	8.185659	8.185659	8.185659	8.185659	8.185659	8.194591	8.194591	8.194591	8.194591	8.194591	8.204639	8.20743	8.20743	8.20743	8.20743	8.20743	8.20743	8.20743	8.20743	8.20743	8.20743	8.220907	8.220907	8.220907	8.220907	8.254401	8.254401	8.254401	8.254401	8.254401	8.254401	8.260788	8.260788	8.270836	8.280326	8.280326	8.280326	8.280326	8.280326	8.283408	8.283408	8.283408	8.283408	8.283408	8.283408	8.283408	8.283408	8.283408
Machine Learning			0	0	0	0	0	0	0	0	0	0	0	0	0.070338	0.070338	0.070338	0.070338	0.070338	0.070338	0.070338	0.070338	0.070338	0.070338	0.070338	0.070338	0.070338	0.070338	0.070338	0.070338	0.070338	0.070338	0.070338	0.070338	0.070338	0.070338	0.070338	0.070338	0.070338	0.070338	0.070338	0.070338	0.070338	0.070338	0.070338	0.070338	0.070338	0.070338	0.070338	0.070338	0.070338	0.070338	0.070338	0.070338	0.070338	0.070338	0.070338	0.070338	0.070338	0.070338	0.070338	0.070338	0.070338	0.072816	0.072816	0.072816	0.072816	0.072816	0.072816	0.072816	0.072816	0.072816	0.073095	0.073095	0.073095	0.073095	0.073095	0.073095	0.073095	0.073095	0.073095	0.073095	0.073095	0.073095	0.073095	0.073095	0.073095	0.073095	0.073095	0.073095	0.073095	0.073095	0.073095	0.073095	0.073095	0.073095	0.073095	0.073095	0.128122	0.128122	0.128122	0.128122	0.128122	0.128122	0.128122	0.128122	0.128122	0.128122	0.128122	0.128122	0.128122	0.128122	0.128122	0.128122	0.128122	0.128122	0.128122	0.128122	0.128122	0.128122	0.128122	0.128122	0.128122	0.128122	0.128122	0.128122	0.128122	0.128122	0.128122	0.128122	0.128122	0.128122	0.128122	0.128122	0.128122	0.137835	0.137883	0.171989	0.171989	0.171989	0.171989	0.171989	0.171989	0.171989	0.171989	0.171989	0.171989	0.171989	0.171989	0.171989	0.171989	0.171989	0.171989	0.171989	0.171989	0.171989	0.171989	0.171989	0.171989	0.171989	0.171989	0.171989	7.014367	7.015344	7.015344	7.015344	7.015344	7.015344	7.015344	7.015344	7.015344	7.015344	7.015344	7.015344	7.015344	7.015344	7.015344	7.015344	7.015344	7.015344	7.015344	7.015344	7.015344	7.015344	7.015344	7.015344	7.015344	7.015344	7.015344	7.015344	7.015344	7.015344	7.015344	7.015344	7.015344	7.015344	7.015344	7.015344	7.015344	7.016014	7.016014	7.016014	7.016014	7.016014	7.016014	7.016014	7.016014	7.016014	7.016014	7.016014	7.016014	7.016014	7.016014	7.016014	7.016014	7.016014	7.016014	7.016014	7.016014	7.016014	7.016014	7.016014	7.016014	7.016014	7.016014	7.016014	7.016014	7.016014	7.016014	7.016014	7.016014	7.016014	7.016014	7.016014	7.016014	7.017928	7.017928	7.017928	7.017928	7.017928	7.017928	7.017928	7.017928	7.017928	7.017928	7.017928	7.017928	7.017928	7.017928	7.017928	7.017928	7.017928	7.017928	7.021277	7.021277	7.021277	7.021277	7.021277	7.021277	7.021277	7.021277	7.021277	7.021277	7.021277	7.021277	7.021277	7.021277	7.021277	7.021277	7.021277	7.021277	7.021277	7.021277	7.021277	7.021277	7.021277	7.021277	7.021277	7.021277	7.021277	7.021277	7.021277	7.021277	7.021277	7.021277	7.021277	7.021277	7.021277	7.021277	7.021277	7.021277	7.021277	7.021277	7.021277	7.021277	7.021277	7.021277	7.021277	7.021277	7.021277	7.021277	7.021277	7.04129	7.04129	7.04129	7.04129	7.04129	7.04129	7.04129	7.04129	7.04129	7.04129	7.04129	7.04129	7.04129	7.04129	7.04129	7.04129	7.04129	7.04129	7.04129	7.04129	7.04129	7.04129	7.04129	7.04129	7.04129	7.04129	7.04129	7.051338	7.051338	7.051338	7.051338	7.051338	7.051338	7.051338	7.051338	7.051338	7.051338	7.051338	7.051338	7.051338	7.051338	7.051338	7.051338	7.051338	7.051338	7.051338	7.051338	7.051338	7.057725	7.057725	7.057725	7.067215	7.067215	7.067215	7.067215	7.067215	7.070296	7.070296	7.070296	7.070296	7.070296	7.070296	7.070296	7.070296	7.070296
Agentic AI			0	0	0	0	0	0	0	0	0	0	0	0	0	0	0	0	0	0	0	0	0	0.001914	0.001914	0.001914	0.001914	0.001914	0.001914	0.001914	0.001914	0.001914	0.001914	0.001914	0.001914	0.001914	0.001914	0.001914	0.001914	0.001914	0.001914	0.001914	0.001914	0.001914	0.009929	0.009929	0.009929	0.009929	0.009929	0.009929	0.009929	0.009929	0.009929	0.009929	0.009929	0.009929	0.009929	0.009929	0.009929	0.009929	0.009929	0.009929	0.009929	0.009929	0.009929	0.009929	0.009929	0.009929	0.009929	0.009929	0.009929	0.009929	0.009929	0.009929	0.009929	0.009929	0.009929	0.009929	0.009929	0.009929	0.009929	0.009929	0.009929	0.009929	0.009929	0.009929	0.009929	0.009929	0.009929	0.009929	0.009929	0.009929	0.009929	0.009929	0.009929	0.009929	0.009929	0.009929	0.009929	0.009929	0.023885	0.023885	0.023885	0.023885	0.023885	0.023885	0.023885	0.027234	0.027234	0.027234	0.027234	0.028406	0.028406	0.028406	0.028406	0.028406	0.028406	0.028406	0.028406	0.028406	0.028406	0.028406	0.028406	0.028406	0.028406	0.028406	0.028406	0.028406	0.028406	0.028406	0.028406	0.028406	0.028406	0.028406	0.028406	0.028406	0.028406	0.028406	0.028406	0.028406	0.028406	0.028406	0.028406	0.028406	0.028406	0.028406	0.028406	0.028406	0.028406	0.028406	0.028406	0.028406	0.028406	0.028406	0.028406	0.028406	0.028406	0.028406	0.028406	0.028406	0.028406	0.028406	6.870784	6.870784	6.915552	6.915552	6.915552	6.915552	6.915552	6.915552	6.915552	6.915552	6.915552	6.915552	6.915552	6.915552	6.915552	6.915552	6.915552	6.915552	6.915552	6.915552	6.915552	6.915552	6.915552	6.915552	6.915552	6.915552	6.915552	6.915552	6.915552	6.915552	6.915552	6.915552	6.915552	6.915552	6.915552	6.915552	6.915552	6.915552	6.915552	6.915552	6.915552	6.915552	6.915552	6.915552	6.915552	6.915552	6.915552	6.915552	6.915552	6.915552	7.020221	7.020221	7.020221	7.020221	7.020221	7.020221	7.020221	7.020221	7.020221	7.020221	7.020221	7.020221	7.020221	7.020221	7.020221	7.020221	7.020221	7.020221	7.020221	7.020221	7.020221	7.020221	7.020221	7.020221	7.020221	7.020221	7.020221	7.020221	7.020221	7.020221	7.020221	7.020221	7.020221	7.020221	7.020221	7.020221	7.020221	7.020221	7.020221	7.020221	7.020221	7.020221	7.020221	7.020221	7.020221	7.020221	7.020221	7.020221	7.020221	7.020221	7.020221	7.020221	7.020221	7.020221	7.020221	7.020221	7.020221	7.020221	7.020221	7.020221	7.020221	7.020221	7.020221	7.020221	7.020221	7.020221	7.020221	7.020221	7.020221	7.020221	7.020221	7.020221	7.020221	7.020221	7.020221	7.020221	7.020221	7.020221	7.020221	7.020221	7.020221	7.020221	7.020221	7.020221	7.020221	7.020221	7.020221	7.020221	7.020221	7.020221	7.020221	7.020221	7.020221	7.020221	7.020221	7.020221	7.020221	7.020221	7.020221	7.020221	7.020221	7.020221	7.020221	7.020221	7.020221	7.020221	7.020221	7.020221	7.020221	7.020221	7.020221	7.020221	7.020221	7.020221	7.020221	7.020221	7.020221	7.020221	7.020221	7.020221	7.020221	7.020221	7.020221	7.020221	7.020221	7.020221	7.020221	7.020221	7.020221	7.020221	7.020221	7.020221	7.020221	7.020221	7.020221	7.020221	7.020221	7.020221	7.020221	7.020221	7.020221	7.020221	7.020221	7.020221	7.020221	7.020221	7.020221	7.020221	7.020221	7.020221	7.020221	7.020221	7.020221	7.020221	7.020221
Generative AI			0	0	0	0	0	0	0	0	0	0	0	0	0	0	0	0	0	0	0	0	0	0	0.001675	0.001675	0.001675	0.001675	0.001675	0.001675	0.001675	0.001675	0.001675	0.001675	0.001675	0.001675	0.001675	0.001675	0.001675	0.001675	0.001675	0.001675	0.001675	0.001675	0.001675	0.001675	0.001675	0.001675	0.001675	0.001675	0.001675	0.001675	0.001675	0.00201	0.00201	0.00201	0.00201	0.00201	0.00201	0.00201	0.00201	0.00201	0.00201	0.00201	0.00201	0.00201	0.007927	0.007927	0.007927	0.007927	0.007927	0.007927	0.007927	0.007927	0.007927	0.007927	0.007927	0.007927	0.007927	0.007927	0.007927	0.007927	0.007927	0.007927	0.007927	0.007927	0.007927	0.007927	0.007927	0.007927	0.007927	0.007927	0.007927	0.007927	0.007927	0.007927	0.007927	0.007927	0.007927	0.007927	0.007927	0.007927	0.007927	0.007927	0.007927	0.007927	0.007927	0.007927	0.007927	0.007927	0.007927	0.007927	0.007927	0.007927	0.053981	0.053981	0.053981	0.053981	0.053981	0.053981	0.053981	0.053981	0.0544	0.0544	0.0544	0.0544	0.0544	0.0544	0.055405	0.055405	0.055405	0.055405	0.055405	0.055405	0.055405	0.055405	0.055453	0.055453	0.055453	0.055453	0.055453	0.055453	0.055453	0.055453	0.055453	0.055453	0.055453	0.055453	0.055453	0.055453	0.055453	0.055453	0.055453	0.055453	0.055453	0.055453	0.055453	0.055453	0.055453	0.055453	0.055453	0.055453	6.897831	6.898668	6.898668	6.898668	6.898668	6.898668	6.898668	6.898668	6.898668	6.898668	6.898668	6.898668	6.898668	6.898668	6.898668	6.898668	6.898668	6.898668	6.898668	6.898668	6.898668	6.898668	6.898668	6.898668	6.898668	6.898668	6.898668	6.898668	6.898668	6.898668	6.898668	6.898668	6.898668	6.898668	6.898668	6.898668	6.898668	6.899338	6.899338	6.899338	6.899338	6.899338	6.899338	6.899338	6.899338	6.899338	6.899338	6.899338	6.899338	6.899338	6.899338	6.899338	6.899338	6.899338	6.899338	6.899338	6.899338	6.899338	6.899338	6.899338	6.899338	6.899338	6.899338	6.899338	6.899338	6.909386	6.909386	6.909386	6.909386	6.909386	6.909386	6.909386	6.909386	6.909386	6.909386	6.909386	6.909386	6.909386	6.909386	6.909386	6.909386	6.909386	6.909386	6.909386	6.909386	6.938861	6.938861	6.943216	6.943216	6.943216	6.950249	6.950919	6.950919	6.950919	6.950919	6.950919	6.950919	6.955943	6.955943	6.955943	6.955943	6.955943	6.955943	6.955943	6.955943	6.955943	6.955943	6.962642	6.962642	6.962642	6.962642	6.962642	6.962642	6.966795	6.966795	6.966795	6.966795	6.966795	6.966795	6.966795	6.967633	6.967633	6.967633	6.967633	6.967633	6.967633	6.967633	6.967633	6.967633	6.967633	6.967633	6.967633	6.968135	6.968135	6.968135	6.968135	6.968135	6.968135	6.968135	6.968135	6.968135	6.968135	6.968135	6.968135	6.968135	6.968135	6.968135	6.968135	6.968135	6.968135	6.968135	6.968135	6.968135	6.968135	6.968135	6.994931	6.994931	6.994931	6.994931	6.994931	6.994931	6.994931	6.994931	6.994931	6.994931	6.994931	6.994931	6.994931	6.994931	6.994931	6.994931	6.994931	6.994931	6.994931	6.994931	6.994931	6.994931	6.994931	6.994931	6.994931	6.994931	6.994931	6.994931	6.994931	6.994931	6.994931	6.994931	6.994931	6.994931	6.994931	6.994931	6.994931	6.994931	6.994931	6.994931	6.994931	6.994931	6.994931	6.994931	6.994931	6.994931	6.994931	6.994931	6.994931	6.994931
Autonomous Vehicles			0	0	0	0	0	0	0	0	0	0	0	0	0	0	0	0	0	0	0	0	0	0	0	0	0	0	0	0	0	0	0	0	0	0	0	0	0	0	0	0	0	0	0	0	0	0	0	0	0	0	0	0	0	0	0	0	0	0	0	0	0	0	0	0	0	0	0	0	0	0	0	0	0	0	0	0	0	0	0	0	0	0	0	0	0	0	0	0	0	0	0	0	0	0	0	0	0	0	0	0	0	0	0	0	0	0	0	0	0	0	0	0	0	0	0	0	0	0	0	0	0	0	0	0	0	0	0	0	0	0	0	0	0	0	0	0	0	0	0	0	0	0	0	0	0	0	0	0	0.00466	0.00466	0.00466	0.00466	0.00466	0.00466	0.00466	0.00466	0.00466	0.00466	0.00466	0.00466	6.847038	6.847038	6.847038	6.847038	6.847038	6.847038	6.847038	6.847038	6.847038	6.847038	6.847038	6.847038	6.847038	6.847038	6.847038	6.847038	6.847038	6.847038	6.847038	6.847038	6.847038	6.847038	6.847038	6.847038	6.847038	6.847038	6.847038	6.847038	6.847038	6.847038	6.847038	6.847038	6.847038	6.847038	6.847038	6.847038	6.847038	6.847038	6.847038	6.847038	6.847038	6.847038	6.847038	6.847038	6.847038	6.847038	6.847038	6.847038	6.847038	6.847038	6.847038	6.847038	6.847038	6.847038	6.847038	6.847038	6.847038	6.847038	6.847038	6.847038	6.847038	6.847038	6.847038	6.847038	6.847038	6.847038	6.847038	6.847038	6.847038	6.847038	6.847038	6.847038	6.847038	6.847038	6.847038	6.847038	6.847038	6.847038	6.847038	6.847038	6.847038	6.847038	6.847038	6.847038	6.847038	6.847038	6.847038	6.847038	6.847038	6.847038	6.847038	6.847038	6.847038	6.847038	6.847038	6.847038	6.847038	6.847038	6.847038	6.847038	6.847038	6.847038	6.847038	6.847038	6.847038	6.847038	6.847038	6.847038	6.847038	6.847038	6.847038	6.847038	6.847038	6.847038	6.847038	6.847038	6.847038	6.847038	6.847038	6.847038	6.847038	6.847038	6.847038	6.847038	6.847038	6.847038	6.847038	6.847038	6.847038	6.847038	6.847038	6.847038	6.847038	6.847038	6.847038	6.847038	6.847038	6.847038	6.847038	6.847038	6.847038	6.847038	6.847038	6.847038	6.847038	6.847038	6.847038	6.847038	6.847038	6.847038	6.847038	6.847038	6.847038	6.847038	6.847038	6.847038	6.847038	6.847038	6.847038	6.847038	6.847038	6.847038	6.847038	6.847038	6.847038	6.847038	6.847038	6.847038	6.847038	6.847038	6.847038	6.847038	6.847038	6.847038	6.847038	6.847038	6.847038	6.847038	6.847038	6.847038	6.847038	6.847038	6.847038	6.847038	6.847038	6.847038	6.847038	6.847038	6.847038	6.847038	6.847038	6.847038	6.847038	6.847038	6.847038	6.847038	6.847038	6.847038	6.847038	6.847038	6.847038	6.847038	6.847038	6.847038	6.847038
Data Collection and Labeling			0	0	0	0	0	0	0	0	0	0	0	0	0	0	0	0	0	0	0	0	0	0	0	0	0	0	0	0	0	0	0	0	0	0	0	0	0	0	0	0	0	0	0	0	0	0	0	0	0	0	0	0	0	0	0	0	0	0	0	0	0	0	0	0	0	0	0	0	0	0	0	0	0	0	0	0	0	0	0	0	0	0	0	0	0	0	0	0	0	0	0	0	0	0	0	0	0	0	0	0	0	0	0	0	0	0	0	0	0	0	0	0	0	0	0	0	0	0	0	0	0	0	0	0	0	0	0	0	0	0	0	0	0	0	0	0	0	0	0	0	0	0	0	0	0	0	0	0	0	0	0	0	0	0	0	0	0	0	0	0	6.842378	6.842378	6.842378	6.842378	6.842378	6.842378	6.842378	6.842378	6.842378	6.842378	6.842378	6.842378	6.842378	6.842378	6.842378	6.842378	6.842378	6.842378	6.842378	6.842378	6.842378	6.842378	6.842378	6.842378	6.842378	6.842378	6.842378	6.842378	6.842378	6.842378	6.842378	6.842378	6.842378	6.842378	6.842378	6.842378	6.842378	6.842378	6.842378	6.842378	6.842378	6.842378	6.842378	6.842378	6.842378	6.842378	6.842378	6.842378	6.842378	6.842378	6.842378	6.842378	6.842378	6.842378	6.842378	6.842378	6.842378	6.842378	6.842378	6.842378	6.842378	6.842378	6.842378	6.842378	6.842378	6.842378	6.842378	6.842378	6.842378	6.842378	6.842378	6.842378	6.842378	6.842378	6.842378	6.842378	6.842378	6.842378	6.842378	6.842378	6.842378	6.842378	6.842378	6.842378	6.842378	6.842378	6.842378	6.842378	6.842378	6.842378	6.842378	6.842378	6.842378	6.842378	6.842378	6.842378	6.842378	6.842378	6.842378	6.842378	6.842378	6.842378	6.842378	6.842378	6.842378	6.842378	6.842378	6.842378	6.842378	6.842378	6.842378	6.842378	6.842378	6.842378	6.842378	6.842378	6.842378	6.842378	6.842378	6.842378	6.842378	6.842378	6.842378	6.842378	6.842378	6.842378	6.842378	6.842378	6.842378	6.842378	6.842378	6.842378	6.842378	6.842378	6.842378	6.842378	6.842378	6.842378	6.842378	6.842378	6.842378	6.842378	6.842378	6.842378	6.842378	6.842378	6.842378	6.842378	6.842378	6.842378	6.842378	6.842378	6.842378	6.842378	6.842378	6.842378	6.842378	6.842378	6.842378	6.842378	6.842378	6.842378	6.842378	6.842378	6.842378	6.842378	6.842378	6.842378	6.842378	6.842378	6.842378	6.842378	6.842378	6.842378	6.842378	6.842378	6.842378	6.842378	6.842378	6.842378	6.842378	6.842378	6.842378	6.842378	6.842378	6.842378	6.842378	6.842378	6.842378	6.842378	6.842378	6.842378	6.842378	6.842378	6.842378	6.842378	6.842378	6.842378	6.842378	6.842378	6.842378	6.842378	6.842378	6.842378	6.842378
Image Recognition			0	0	0	0	0	0	0	0	0	0	0	0	0	0	0	0	0	0	0	0	0	0	0	0	0	0	0	0	0	0	0	0	0	0	0	0	0	0	0	0	0	0	0	0	0	0	0	0	0	0	0	0	0	0	0	0	0	0	0	0	0	0	0	0	0	0	0	0	0	0	0	0	0	0	0	0	0	0	0	0	0	0	0	0	0	0	0	0	0	0	0	0	0	0	0	0	0	0	0	0	0	0	0	0	0	0	0	0	0	0	0	0	0	0	0	0	0	0	0	0	0	0	0	0	0	0	0	0	0	0	0	0	0	0	0	0	0	0	0	0	0	0	0	0	0	0	0	0	0	0	0	0	0	0	0	0	0	0	0	0	6.842378	6.842378	6.842378	6.842378	6.842378	6.842378	6.842378	6.842378	6.842378	6.842378	6.842378	6.842378	6.842378	6.842378	6.842378	6.842378	6.842378	6.842378	6.842378	6.842378	6.842378	6.842378	6.842378	6.842378	6.842378	6.842378	6.842378	6.842378	6.842378	6.842378	6.842378	6.842378	6.842378	6.842378	6.842378	6.842378	6.842378	6.842378	6.842378	6.842378	6.842378	6.842378	6.842378	6.842378	6.842378	6.842378	6.842378	6.842378	6.842378	6.842378	6.842378	6.842378	6.842378	6.842378	6.842378	6.842378	6.842378	6.842378	6.842378	6.842378	6.842378	6.842378	6.842378	6.842378	6.842378	6.842378	6.842378	6.842378	6.842378	6.842378	6.842378	6.842378	6.842378	6.842378	6.842378	6.842378	6.842378	6.842378	6.842378	6.842378	6.842378	6.842378	6.842378	6.842378	6.842378	6.842378	6.842378	6.842378	6.842378	6.842378	6.842378	6.842378	6.842378	6.842378	6.842378	6.842378	6.842378	6.842378	6.842378	6.842378	6.842378	6.842378	6.842378	6.842378	6.842378	6.842378	6.842378	6.842378	6.842378	6.842378	6.842378	6.842378	6.842378	6.842378	6.842378	6.842378	6.842378	6.842378	6.842378	6.842378	6.842378	6.842378	6.842378	6.842378	6.842378	6.842378	6.842378	6.842378	6.842378	6.842378	6.842378	6.842378	6.842378	6.842378	6.842378	6.842378	6.842378	6.842378	6.842378	6.842378	6.842378	6.842378	6.842378	6.842378	6.842378	6.842378	6.842378	6.842378	6.842378	6.842378	6.842378	6.842378	6.842378	6.842378	6.842378	6.842378	6.842378	6.842378	6.842378	6.842378	6.842378	6.842378	6.842378	6.842378	6.842378	6.842378	6.842378	6.842378	6.842378	6.842378	6.842378	6.842378	6.842378	6.842378	6.842378	6.842378	6.842378	6.842378	6.842378	6.842378	6.842378	6.842378	6.842378	6.842378	6.842378	6.842378	6.842378	6.842378	6.842378	6.842378	6.842378	6.842378	6.842378	6.842378	6.842378	6.842378	6.842378	6.842378	6.842378	6.842378	6.842378	6.842378	6.842378	6.842378	6.842378
FinTech			0	0	0	0	0	0	0	0	0	0	0	0	0.157423	0.160772	0.160772	0.160772	0.160772	0.160772	0.160772	0.160772	0.160772	0.160772	0.207664	0.207664	0.207664	0.207664	0.207664	0.207664	0.207664	0.207664	0.207664	0.207664	0.207664	0.207664	0.229854	0.229854	0.234989	0.234989	0.234989	0.234989	0.234989	0.234989	0.234989	0.234989	0.234989	0.234989	0.234989	0.234989	0.234989	0.234989	0.234989	0.234989	0.234989	0.234989	0.234989	0.234989	0.234989	0.234989	0.234989	0.234989	0.234989	0.234989	0.239455	0.242316	0.242316	0.242316	0.242316	0.242316	0.242316	0.242316	0.242316	0.242316	0.242316	0.242316	0.242316	0.242316	0.242316	0.242316	0.242316	0.242316	0.242316	0.242316	0.242316	0.242316	0.245666	0.248066	0.248066	0.248066	0.248066	0.248066	0.248066	0.248066	0.248066	0.248066	0.248066	0.248066	0.248066	0.248066	0.261526	0.261526	0.261526	0.261526	0.261526	0.261526	0.261526	0.271574	0.271574	0.271574	0.271574	0.271574	0.271574	0.271574	0.31124	0.31124	0.31124	0.31124	0.31124	0.31124	0.31124	0.31124	0.31124	0.31124	0.31124	0.31124	0.31124	0.31124	0.31124	0.31124	0.31124	0.31124	0.31124	0.31124	0.31124	0.31124	0.31124	0.31124	0.324386	0.324386	0.336947	0.336947	0.336947	0.336947	0.336947	0.336947	0.336947	0.336947	0.336947	0.336947	0.336947	0.336947	0.336947	0.336947	0.3551	0.3551	0.371847	0.371847	0.3738	0.3738	0.3738	0.3738	0.507776	0.547969	0.547969	0.547969	0.547969	0.547969	0.547969	0.547969	0.786336	0.786336	0.786336	0.786336	0.786336	0.786336	0.786336	0.910264	0.977253	0.977253	0.977253	0.977253	0.977253	0.977253	0.977253	0.977253	0.977253	0.977253	0.977253	0.977811	0.977811	0.977811	0.977811	0.977811	0.977811	0.977811	0.977811	0.987078	0.987078	0.987078	0.987078	0.987078	0.987078	0.987078	0.987078	0.987078	1.012198	1.012198	1.012198	1.012198	1.012198	1.015548	1.015548	1.015548	1.015548	1.015548	1.015548	1.015548	2.493757	2.493757	2.493757	2.493757	2.493757	2.493757	2.493757	2.493757	2.493757	2.493757	2.493757	2.493757	2.493757	2.493757	2.493757	2.493757	2.493757	2.493757	2.493757	2.493757	2.493757	2.493757	2.493757	2.502339	2.502339	2.502339	2.502339	2.524669	2.526009	2.526009	2.526009	2.526009	2.526009	2.526009	2.533042	2.533042	2.533042	2.533042	2.533042	2.533042	2.533042	2.533042	2.533042	2.552627	2.57237	2.57237	2.57237	2.57237	2.57237	2.616331	2.616331	2.616331	2.616331	2.616331	2.616331	2.616331	2.616331	2.616331	2.616331	2.616331	2.616331	2.616331	2.616331	2.616331	2.617169	2.617169	2.818134	2.818134	2.818134	2.818134	2.84158	2.851628	2.851628	2.851628	2.851628	2.851628	2.851628	2.851628	2.851628	2.851628	2.851628	2.851628	2.851628	2.851628	2.851628	2.851628	2.907451	2.907451	2.907451	2.907451	2.907451	2.907451	2.907451	2.907451	2.907451	2.907451	2.907451	2.907451	2.907451	2.907451	2.907451	2.907451	2.907451	2.907451	2.907451	2.907451	2.907451	3.577335	3.577335	3.577335	3.577335	3.577335	3.577335	3.577335	3.577335	3.577335	3.577335	3.577335	3.577335	3.589895	3.589895	3.589895	3.589895	3.589895	3.589895	3.589895	3.589895	3.589895	3.589895	3.589895	3.589895	3.589895	3.589895	3.589895	3.589895	3.639578	3.639578	3.639578	3.639578	3.639578	3.639578	3.639578	3.639578	3.639578	3.639578	3.639578	3.639578	3.639578	3.639578
Payments			0	0	0	0	0	0	0	0	0	0	0	0	0	0	0	0	0	0	0	0	0	0	0.046892	0.046892	0.046892	0.046892	0.046892	0.046892	0.046892	0.046892	0.046892	0.046892	0.046892	0.046892	0.236552	0.236552	0.236552	0.236552	0.236552	0.236552	0.236552	0.236552	0.236552	0.236552	0.236552	0.236552	0.236552	0.236552	0.236552	0.236552	0.236552	0.236552	0.236552	0.236552	0.236552	0.236552	0.236552	0.236552	0.236552	0.236552	0.236552	0.236552	0.241018	0.241018	0.241018	0.241018	0.241018	0.241018	0.241018	0.241018	0.241018	0.241018	0.241018	0.241018	0.241018	0.241018	0.259626	0.259626	0.259626	0.259626	0.259626	0.259626	0.259626	0.259626	0.259626	0.259626	0.259626	0.259626	0.259626	0.259626	0.259626	0.259626	0.259626	0.259626	0.259626	0.259626	0.259626	0.259626	0.259626	0.259626	0.259626	0.259626	0.259626	0.259626	0.259626	0.259626	0.259626	0.259626	0.259626	0.259626	0.259626	0.259626	0.259626	0.259626	0.259626	0.259626	0.259626	0.259626	0.259626	0.259626	0.259626	0.259626	0.259626	0.259626	0.259626	0.259626	0.259626	0.259626	0.259626	0.259626	0.259626	0.259626	0.259626	0.259626	0.259626	0.259626	0.259626	0.259626	0.259626	0.259626	0.259626	0.259626	0.259626	0.259626	0.259626	0.259626	0.259626	0.259626	0.259626	0.259626	0.259626	0.259626	0.259626	0.259626	0.276373	0.276373	0.278325	0.278325	0.278325	0.278325	0.278325	0.278325	0.322984	0.322984	0.322984	0.322984	0.322984	0.322984	0.322984	0.322984	0.322984	0.322984	0.322984	0.322984	0.322984	0.322984	0.322984	0.322984	0.322984	0.322984	0.322984	0.322984	0.322984	0.322984	0.322984	0.322984	0.322984	0.322984	0.322984	0.322984	0.322984	0.322984	0.322984	0.322984	0.322984	0.322984	0.322984	0.322984	0.322984	0.322984	0.322984	0.322984	0.322984	0.322984	0.322984	0.322984	0.322984	0.322984	0.322984	0.322984	0.322984	0.322984	0.322984	0.322984	0.322984	0.322984	1.801193	1.801193	1.801193	1.801193	1.801193	1.801193	1.801193	1.801193	1.801193	1.801193	1.801193	1.801193	1.801193	1.801193	1.801193	1.801193	1.801193	1.801193	1.801193	1.801193	1.801193	1.801193	1.801193	1.801193	1.801193	1.801193	1.801193	1.801193	1.801193	1.801193	1.801193	1.801193	1.801193	1.801193	1.801193	1.801193	1.801193	1.801193	1.801193	1.801193	1.801193	1.801193	1.801193	1.801193	1.801193	1.801193	1.801193	1.801193	1.801193	1.801193	1.801193	1.801193	1.801193	1.801193	1.801193	1.801193	1.801193	1.801193	1.801193	1.801193	1.801193	1.801193	1.801193	1.801193	1.801193	1.801193	1.801193	1.801193	1.801193	1.801193	1.801193	1.801193	1.968664	1.968664	1.968664	1.968664	1.968664	1.968664	1.968664	1.968664	1.968664	1.968664	1.968664	1.968664	1.968664	1.968664	1.968664	1.968664	1.968664	1.968664	1.968664	1.968664	1.968664	1.968664	1.968664	1.968664	1.968664	1.968664	1.968664	1.968664	1.968664	1.968664	1.968664	1.968664	1.968664	1.968664	1.968664	1.968664	1.968664	1.968664	1.968664	1.968664	1.968664	1.968664	1.968664	1.968664	1.968664	1.968664	1.968664	1.981224	1.981224	1.981224	1.981224	1.981224	1.981224	1.981224	1.981224	1.981224	1.981224	1.981224	1.981224	1.981224	1.981224	1.981224	1.981224	1.981224	1.981224	1.981224	1.981224	1.981224	1.981224	1.981224	1.981224	1.981224	1.981224	1.981224	1.981224	1.981224	1.981224
Financial Services			0	0	0	0	0	0	0	0	0	0	0	0	0.157423	0.157423	0.157423	0.157423	0.157423	0.157423	0.157423	0.157423	0.157423	0.157423	0.204314	0.204314	0.204314	0.204314	0.204314	0.204314	0.204314	0.204314	0.204314	0.204314	0.204314	0.204314	0.226504	0.226504	0.226504	0.226504	0.226504	0.226504	0.226504	0.226504	0.226504	0.226504	0.226504	0.226504	0.226504	0.226504	0.226504	0.226504	0.226504	0.226504	0.226504	0.226504	0.226504	0.226504	0.226504	0.226504	0.226504	0.226504	0.226504	0.226504	0.226504	0.226504	0.226504	0.226504	0.226504	0.226504	0.226504	0.226504	0.226504	0.226504	0.226504	0.226504	0.226504	0.226504	0.226504	0.226504	0.226504	0.226504	0.226504	0.226504	0.226504	0.226504	0.229854	0.232254	0.232254	0.232254	0.232254	0.232254	0.232254	0.232254	0.232254	0.232254	0.232254	0.232254	0.232254	0.232254	0.245714	0.245714	0.245714	0.245714	0.245714	0.245714	0.245714	0.257102	0.257102	0.257102	0.257102	0.257102	0.257102	0.257102	0.291936	0.291936	0.291936	0.291936	0.291936	0.291936	0.291936	0.291936	0.291936	0.291936	0.291936	0.292355	0.292355	0.292355	0.292355	0.292355	0.292355	0.292355	0.292355	0.292355	0.292355	0.292355	0.292355	0.292355	0.305501	0.305501	0.305501	0.305501	0.305501	0.305501	0.305501	0.305501	0.305501	0.305501	0.305501	0.305501	0.305501	0.305501	0.305501	0.305501	0.323655	0.323655	0.340402	0.340402	0.342354	0.342354	0.342354	0.342354	0.476331	0.516524	0.516524	0.516524	0.516524	0.516524	0.516524	0.516524	0.739818	0.739818	0.739818	0.739818	0.739818	0.739818	0.739818	0.863747	0.930735	0.930735	0.930735	0.930735	0.930735	0.930735	0.930735	0.930735	0.930735	0.930735	0.930735	0.930735	0.930735	0.930735	0.930735	0.930735	0.930735	0.930735	0.930735	0.930735	0.930735	0.930735	0.930735	0.930735	0.930735	0.930735	0.930735	0.930735	0.930735	0.930735	0.930735	0.930735	0.930735	0.930735	0.930735	0.930735	0.930735	0.930735	0.930735	0.930735	0.930735	0.930735	0.930735	0.930735	0.930735	0.930735	0.930735	0.930735	0.930735	0.930735	0.930735	0.930735	0.930735	0.930735	0.930735	0.930735	0.930735	0.930735	0.930735	0.930735	0.930735	0.930735	0.930735	0.930735	0.930735	0.930735	0.930735	0.930735	0.932075	0.932075	0.932075	0.932075	0.932075	0.932075	0.932075	0.932075	0.932075	0.932075	0.932075	0.932075	0.932075	0.932075	0.932075	0.95166	0.971403	0.971403	0.971403	0.971403	0.971403	1.015364	1.015364	1.015364	1.015364	1.015364	1.015364	1.015364	1.015364	1.015364	1.015364	1.015364	1.015364	1.015364	1.015364	1.015364	1.015364	1.015364	1.216329	1.216329	1.216329	1.227465	1.250911	1.250911	1.250911	1.250911	1.250911	1.250911	1.250911	1.250911	1.250911	1.250911	1.250911	1.250911	1.250911	1.250911	1.250911	1.250911	1.306735	1.306735	1.306735	1.306735	1.306735	1.306735	1.306735	1.306735	1.306735	1.306735	1.306735	1.306735	1.306735	1.306735	1.306735	1.306735	1.306735	1.306735	1.306735	1.306735	1.306735	1.976618	1.976618	1.976618	1.976618	1.976618	1.976618	1.976618	1.976618	1.976618	1.976618	1.976618	1.976618	1.976618	1.976618	1.976618	1.976618	1.976618	1.976618	1.976618	1.976618	1.976618	1.976618	1.976618	1.976618	1.976618	1.976618	1.976618	1.976618	1.976618	1.976618	1.976618	1.976618	1.976618	1.976618	1.976618	1.976618	1.976618	1.976618	1.976618	1.976618	1.976618	1.976618
SaaS			0	0	0	0	0	0.000558	0.000558	0.015296	0.015296	0.015296	0.015296	0.015296	0.015296	0.015296	0.015296	0.025344	0.025344	0.025344	0.025344	0.025344	0.025344	0.025344	0.025344	0.025344	0.025344	0.025344	0.025344	0.025344	0.025344	0.025344	0.025344	0.025344	0.025344	0.025344	0.028693	0.028693	0.028693	0.028693	0.028693	0.028693	0.028693	0.028693	0.036708	0.036708	0.036708	0.036708	0.036708	0.036708	0.036708	0.036708	0.036708	0.037043	0.037043	0.037043	0.037043	0.037043	0.037043	0.037043	0.037043	0.037043	0.037043	0.039522	0.039522	0.042382	0.042382	0.042382	0.042382	0.042382	0.042382	0.042382	0.042801	0.042801	0.042801	0.042801	0.042801	0.042801	0.061409	0.061409	0.061409	0.061409	0.061409	0.061409	0.061409	0.061409	0.061409	0.061409	0.061409	0.061409	0.061409	0.061409	0.061409	0.061409	0.061978	0.061978	0.061978	0.061978	0.061978	0.061978	0.075934	0.075934	0.075934	0.075934	0.075934	0.075934	0.075934	0.079284	0.079284	0.079284	0.079284	0.079284	0.079284	0.079284	0.125338	0.125338	0.125338	0.125338	0.125338	0.125338	0.125338	0.125338	0.125757	0.125757	0.125757	0.125757	0.125757	0.125757	0.125757	0.125757	0.125757	0.125757	0.125757	0.125757	0.125757	0.1312	0.131248	0.131248	0.131248	0.131248	0.131248	0.131248	0.131248	0.131248	0.131248	0.131248	0.131248	0.131248	0.131248	0.131248	0.131248	0.131248	0.131248	0.131248	0.143529	0.148614	0.148614	0.148614	0.148614	0.148614	0.148614	0.148614	0.148614	0.189884	0.189884	0.189884	0.190302	0.190302	0.190302	0.190302	0.190302	0.190302	0.190302	0.190302	0.190302	0.190302	0.190302	0.190302	0.190302	0.190302	0.190302	0.190302	0.190302	0.190302	0.190302	0.190302	0.190302	0.190302	0.190302	0.190302	0.190302	0.190637	0.190637	0.190637	0.190637	0.190637	0.190637	0.199904	0.199904	0.199904	0.199904	0.199904	0.199904	0.199904	0.199904	0.199904	0.199904	0.199904	0.199904	0.199904	0.199904	0.199904	0.199904	0.199904	0.199904	0.199904	0.199904	0.199904	0.199904	0.199904	0.199904	0.199904	0.199904	0.199904	0.199904	0.199904	0.199904	0.199904	0.199904	0.199904	0.199904	0.199904	0.200323	0.22963	0.22963	0.22963	0.22963	0.22963	0.22963	0.22963	0.22963	0.22963	0.22963	0.22963	0.22963	0.230886	0.230886	0.230886	0.230886	0.230886	0.230886	0.230886	0.23792	0.238255	0.238255	0.238255	0.238255	0.238255	0.238255	0.270409	0.270409	0.270409	0.270409	0.270409	0.270409	0.270409	0.270409	0.270409	0.270409	0.273759	0.273759	0.273759	0.273759	0.273759	0.273759	0.273759	0.273759	0.273759	0.273759	0.273759	0.273759	0.273759	0.287994	0.287994	0.287994	0.287994	0.287994	0.287994	0.287994	0.295362	0.295362	0.295362	0.295362	0.295362	0.295865	0.295865	0.295865	0.295865	0.295865	0.295865	0.295865	0.295865	0.315878	0.315878	0.315878	0.315878	0.315878	0.315878	0.315878	0.317887	0.323749	0.323749	0.323749	0.323749	0.323749	0.323749	0.323749	0.323749	0.323749	0.323749	0.323749	0.323749	0.354452	0.366175	0.366175	0.366175	0.366175	0.366175	0.366175	0.376223	0.376223	0.376223	0.376223	0.376223	0.376223	0.376223	0.376223	0.376223	1.911372	1.911372	1.911372	1.911372	1.911372	1.911372	1.911372	1.911372	1.911372	1.911372	1.911372	1.911372	1.917758	1.917758	1.917758	1.917758	1.917758	1.917758	1.917758	1.917758	1.917758	1.917758	1.917758	1.917758	1.917758	1.917758	1.917758	1.917758	1.917758
Trading Platform			0	0	0	0	0	0	0	0	0	0	0	0	0	0	0	0	0	0	0	0	0	0	0	0	0	0	0	0	0	0	0	0	0	0	0	0	0	0	0	0	0	0	0	0	0	0	0	0	0	0	0	0	0	0	0	0	0	0	0	0	0	0	0.004466	0.004466	0.004466	0.004466	0.004466	0.004466	0.004466	0.004466	0.004466	0.004466	0.004466	0.004466	0.004466	0.004466	0.004466	0.004466	0.004466	0.004466	0.004466	0.004466	0.004466	0.004466	0.004466	0.004466	0.004466	0.004466	0.004466	0.004466	0.004466	0.004466	0.004466	0.004466	0.004466	0.004466	0.004466	0.004466	0.004466	0.004466	0.004466	0.004466	0.004466	0.004466	0.004466	0.004466	0.004466	0.004466	0.004466	0.004466	0.004466	0.004466	0.0393	0.0393	0.0393	0.0393	0.0393	0.0393	0.0393	0.0393	0.0393	0.0393	0.0393	0.039718	0.039718	0.039718	0.039718	0.039718	0.039718	0.039718	0.039718	0.039718	0.039718	0.039718	0.039718	0.039718	0.039718	0.039718	0.039718	0.039718	0.039718	0.039718	0.039718	0.039718	0.039718	0.039718	0.039718	0.039718	0.039718	0.039718	0.039718	0.039718	0.039718	0.039718	0.039718	0.039718	0.039718	0.039718	0.039718	0.039718	0.173695	0.173695	0.173695	0.173695	0.173695	0.173695	0.173695	0.173695	0.173695	0.173695	0.173695	0.173695	0.173695	0.173695	0.173695	0.173695	0.173695	0.173695	0.173695	0.173695	0.173695	0.173695	0.173695	0.173695	0.173695	0.173695	0.173695	0.173695	0.173695	0.173695	0.173695	0.173695	0.173695	0.173695	0.173695	0.173695	0.173695	0.173695	0.173695	0.173695	0.173695	0.173695	0.173695	0.173695	0.173695	0.173695	0.173695	0.173695	0.173695	0.173695	0.173695	0.173695	0.173695	0.173695	0.173695	0.173695	1.625109	1.625109	1.625109	1.625109	1.625109	1.625109	1.625109	1.625109	1.625109	1.625109	1.625109	1.625109	1.625109	1.625109	1.625109	1.625109	1.625109	1.625109	1.625109	1.625109	1.625109	1.625109	1.625109	1.625109	1.625109	1.625109	1.625109	1.625109	1.625109	1.625109	1.625109	1.625109	1.625109	1.625109	1.625109	1.625109	1.625109	1.625109	1.625109	1.625109	1.625109	1.625109	1.625109	1.625109	1.625109	1.625109	1.625109	1.625109	1.625109	1.625109	1.625109	1.625109	1.625109	1.625109	1.625109	1.625109	1.625109	1.625109	1.625109	1.625109	1.625109	1.625109	1.625109	1.625109	1.625109	1.625109	1.625109	1.625109	1.625109	1.625109	1.625109	1.625109	1.625109	1.625109	1.625109	1.625109	1.625109	1.625109	1.625109	1.625109	1.625109	1.625109	1.625109	1.625109	1.625109	1.625109	1.625109	1.625109	1.625109	1.625109	1.625109	1.625109	1.625109	1.625109	1.625109	1.625109	1.625109	1.625109	1.625109	1.625109	1.625109	1.625109	1.625109	1.625109	1.625109	1.625109	1.625109	1.625109	1.625109	1.625109	1.625109	1.625109	1.625109	1.625109	1.625109	1.625109	1.625109	1.625109	1.625109	1.625109	1.625109	1.625109	1.625109	1.625109	1.625109	1.625109	1.625109	1.625109	1.625109	1.625109	1.625109	1.625109	1.625109	1.625109	1.625109	1.625109	1.625109	1.625109	1.625109	1.625109	1.625109	1.625109	1.625109	1.625109	1.625109	1.625109	1.625109	1.625109	1.625109
E-Commerce Platforms			0	0	0	0	0	0	0	0	0	0	0	0	0	0	0	0	0	0	0	0	0	0	0	0	0	0	0.290283	0.290283	0.290283	0.290283	0.290283	0.290283	0.290283	0.290283	0.290283	0.290283	0.290283	0.290283	0.290283	0.290283	0.290283	0.290283	0.290283	0.290283	0.290283	0.290283	0.290283	0.290283	0.290283	0.290283	0.290283	0.290283	0.290283	0.290283	0.290283	0.290283	0.290283	0.290283	0.290283	0.290283	0.290283	0.290283	0.290283	0.290283	0.290283	0.290283	0.290283	0.290283	0.290283	0.290283	0.290283	0.290283	0.290283	0.290283	0.290283	0.290283	0.290283	0.290283	0.290283	0.290283	0.290283	0.290283	0.290283	0.290283	0.290283	0.290283	0.290283	0.290283	0.290283	0.290283	0.290283	0.290283	0.290283	0.290283	0.290283	0.290283	0.290283	0.290283	0.290283	0.290283	0.290283	0.290283	0.290283	0.290283	0.290283	0.290283	0.290283	0.290283	0.290283	0.290283	0.290283	0.290283	0.290283	0.290283	0.290283	0.290283	0.290283	0.290283	0.290283	0.290283	0.290283	0.290283	0.290283	0.290283	0.290283	0.290283	0.290283	0.290283	0.290283	0.290283	0.290283	0.290283	0.290283	0.290283	0.290283	0.290283	0.290283	0.290283	0.290283	0.290283	0.290283	0.290283	0.290283	0.290283	0.290283	0.290283	1.606125	1.606125	1.606125	1.606125	1.606125	1.606125	1.606125	1.606125	1.606125	1.606125	1.606125	1.606125	1.606125	1.606125	1.606125	1.606125	1.606125	1.606125	1.606125	1.606125	1.606125	1.606125	1.606125	1.606125	1.606125	1.606125	1.606125	1.606125	1.606125	1.606125	1.606125	1.606125	1.606125	1.606125	1.606125	1.606125	1.606125	1.606125	1.606125	1.606125	1.606125	1.606125	1.606125	1.606125	1.606125	1.606125	1.606125	1.606125	1.606125	1.606125	1.606125	1.606125	1.606125	1.606125	1.606125	1.606125	1.606125	1.606125	1.606125	1.606125	1.606125	1.606125	1.606125	1.606125	1.606125	1.606125	1.606125	1.606125	1.606125	1.606125	1.606125	1.606125	1.606125	1.606125	1.606125	1.606125	1.606125	1.606125	1.606125	1.606125	1.606125	1.606125	1.606125	1.606125	1.606125	1.606125	1.606125	1.606125	1.606125	1.606125	1.606125	1.606125	1.606125	1.606125	1.606125	1.606125	1.606125	1.606125	1.606125	1.606125	1.606125	1.606125	1.606125	1.606125	1.606125	1.606125	1.606125	1.606125	1.606125	1.606125	1.606125	1.606125	1.606125	1.606125	1.606125	1.606125	1.606125	1.606125	1.606125	1.606125	1.606125	1.606125	1.606125	1.606125	1.606125	1.606125	1.606125	1.606125	1.606125	1.606125	1.606125	1.606125	1.606125	1.606125	1.606125	1.606125	1.606125	1.606125	1.606125	1.606125	1.606125	1.606125	1.606125	1.606125	1.606125	1.606125	1.606125	1.606125	1.606125	1.606125	1.606125	1.606125	1.606125	1.606125	1.606125	1.606125	1.606125	1.606125	1.606125	1.606125	1.606125	1.606125	1.606125	1.606125	1.606125	1.606125	1.606125	1.606125	1.606125	1.606125	1.606125	1.606125	1.606125	1.606125	1.606125	1.606125	1.606125	1.606125	1.606125	1.606125	1.606125	1.606125	1.606125	1.606125	1.606125	1.606125	1.606125	1.606125	1.606125	1.606125	1.606125	1.606125	1.606125	1.606125	1.606125	1.606125	1.606125	1.606125	1.606125	1.606125	1.606125	1.606125	1.606125	1.606125	1.606125	1.606125	1.606125	1.606125	1.606125	1.606125	1.606125	1.606125	1.606125	1.606125	1.606125	1.606125	1.606125	1.606125	1.606125
Construction			0	0	0	0	0	0	0	0	0	0	0	0	0	0	0	0	0	0	0	0	0	0	0	0	0	0	0	0	0	0	0	0	0	0	0	0	0	0	0	0	0	0	0	0	0	0	0	0	0	0	0	0	0	0	0	0	0	0	0	0	0	0	0	0.050241	0.050241	0.050241	0.050241	0.050241	0.050241	0.050241	0.050241	0.050241	0.050241	0.050241	0.050241	0.050241	0.050241	0.050241	0.050241	0.050241	0.050241	0.050241	0.050241	0.050241	0.050241	0.050241	0.050241	0.050241	0.050241	0.050241	0.050241	0.050241	0.050241	0.050241	0.050241	0.050241	0.050241	0.050241	0.050241	0.050241	0.050241	0.050241	0.050241	0.050241	0.050241	0.050241	0.050241	0.050241	0.050241	0.050241	0.050241	0.050241	0.050241	0.050241	0.050241	0.050241	0.050241	0.050241	0.050241	0.050241	0.050241	0.050241	0.050241	0.050241	0.050241	0.050241	0.050241	0.050241	0.050241	0.050241	0.050241	0.050241	0.050241	0.050241	0.050241	0.050241	0.050241	0.050241	0.050241	0.050241	0.050241	0.050241	0.050241	0.050241	0.050241	0.050241	0.050241	0.050241	0.050241	0.050241	0.050241	0.050241	0.050241	0.050241	0.050241	0.050241	0.050241	0.050241	0.050241	0.050241	0.050241	0.050241	0.050241	0.050241	0.050241	0.050241	0.050241	0.050241	0.050241	0.050241	0.050241	0.050241	0.050241	0.050241	0.050241	0.050241	0.050241	0.050241	0.050241	0.050241	0.050241	0.050241	0.050241	0.050241	0.050241	0.050241	0.050241	0.050241	0.050241	0.050241	0.050241	0.050241	0.050241	0.050241	0.050241	0.050241	0.050241	0.050241	0.050241	0.050241	0.050241	0.050241	0.050241	0.050241	0.050241	0.050241	0.050241	0.050241	0.050241	0.050241	0.050241	0.050241	0.050241	0.050241	0.050241	0.050241	0.050241	0.050241	0.050241	0.050241	0.050241	0.050241	0.050241	0.050241	0.050241	0.050241	0.050241	0.050241	0.050241	0.050241	0.050241	0.050241	0.050241	0.050241	0.050241	0.050241	0.050241	0.050241	0.050241	0.050241	0.050241	0.050241	0.050241	0.050241	0.050241	0.050241	0.050241	0.050241	0.050241	0.050241	0.050241	0.050241	0.050241	0.050241	0.050241	0.050241	0.050241	0.050241	0.050241	0.050241	0.050241	0.050241	0.050241	0.050241	0.050241	0.050241	0.050241	0.050241	0.050241	0.050241	0.050241	0.050241	0.050241	0.050241	0.050241	0.050241	0.050241	0.050241	0.050241	0.050241	0.050241	0.050241	0.050241	0.050241	0.050241	0.050241	0.050241	0.050241	0.050241	0.050241	0.050241	0.050241	0.050241	0.050241	0.050241	0.050241	0.050241	0.050241	0.050241	0.050241	0.050241	0.050241	0.050241	0.050241	0.050241	0.050241	0.050241	0.050241	0.050241	0.050241	0.050241	0.050241	0.050241	0.050241	0.050241	0.050241	0.050241	0.050241	0.050241	0.050241	0.050241	0.050241	0.050241	0.050241	0.050241	0.050241	0.050241	0.050241	0.050241	0.050241	0.050241	0.050241	0.050241	0.050241	0.050241	0.050241	1.58539	1.58539	1.58539	1.58539	1.58539	1.58539	1.58539	1.58539	1.58539	1.58539	1.58539	1.58539	1.597951	1.597951	1.597951	1.597951	1.597951	1.597951	1.597951	1.597951	1.597951	1.597951	1.597951	1.597951	1.597951	1.597951	1.597951	1.597951	1.597951
Fleet Management			0	0	0	0	0	0	0	0	0	0	0	0	0	0	0	0	0	0	0	0	0	0	0	0	0	0	0	0	0	0	0	0	0	0	0	0	0	0	0	0	0	0	0	0	0	0	0	0	0	0	0	0	0	0	0	0	0	0	0	0	0	0	0	0	0	0	0	0	0	0	0	0	0	0	0	0	0	0	0	0	0	0	0	0	0	0	0	0	0	0	0	0	0	0	0	0	0	0	0	0	0	0	0	0	0	0	0	0	0	0	0	0	0	0	0	0	0	0	0	0	0	0	0	0	0	0	0	0	0	0	0	0	0	0	0	0	0	0	0	0	0	0	0	0	0	0	0	0	0	0	0	0	0	0	0	0	0	0	0	0	0	0	0	0	0	0	0	0	0	0	0	0	0	0	0	0	0	0	0	0	0	0	0	0	0	0	0	0	0	0	0	0	0	0	0	0	0	0	0	0	0	0	0	0	0	0	0	0	0	0	0	0	0	0	0	0	0	0	0	0	0	0	0	0	0	0	0	0	0	0	0	0	0	0	0	0	0	0	0	0	0	0	0	0	0	0	0	0	0	0	0	0	0	0	0	0	0	0	0	0	0	0	0	0	0	0	0	0	0	0	0	0	0	0	0	0	0	0	0	0	0	0	0	0	0	0	0	0	0	0	0	0	0	0	0	0	0	0	0	0	0	0	0	0	0	0	0	0	0	0	0	0	0	0	0	0	0	0	0	0	0	0	0	0	0	0	0	0	0	0	0	0	0	0	0	0	1.535149	1.535149	1.535149	1.535149	1.535149	1.535149	1.535149	1.535149	1.535149	1.535149	1.535149	1.535149	1.535149	1.535149	1.535149	1.535149	1.535149	1.535149	1.535149	1.535149	1.535149	1.535149	1.535149	1.535149	1.535149	1.535149	1.535149	1.535149	1.535149
Rental			0	0	0	0	0	0	0	0	0	0	0	0	0	0	0	0	0	0	0	0	0	0	0	0	0	0	0	0	0	0	0	0	0	0	0	0	0	0	0	0	0	0	0	0	0	0	0	0	0	0	0	0	0	0	0	0	0	0	0	0	0	0	0	0	0	0	0	0	0	0	0	0	0	0	0	0	0	0	0	0	0	0	0	0	0	0	0	0	0	0	0	0	0	0	0	0	0	0	0	0	0	0	0	0	0	0	0	0	0	0	0	0	0	0	0	0	0	0	0	0	0	0	0	0	0	0	0	0	0	0	0	0	0	0	0	0	0	0	0	0	0	0	0	0	0	0	0	0	0	0	0	0	0	0	0	0	0	0	0	0	0	0	0	0	0	0	0	0	0	0	0	0	0	0	0	0	0	0	0	0	0	0	0	0	0	0	0	0	0	0	0	0	0	0	0	0	0	0	0	0	0	0	0	0	0	0	0	0	0	0	0	0	0	0	0	0	0	0	0	0	0	0	0	0	0	0	0	0	0	0	0	0	0	0	0	0	0	0	0	0	0	0	0	0	0	0	0	0	0	0	0	0	0	0	0	0	0	0	0	0	0	0	0	0	0	0	0	0	0	0	0	0	0	0	0	0	0	0	0	0	0	0	0	0	0	0	0	0	0	0	0	0	0	0	0	0	0	0	0	0	0	0	0	0	0	0	0	0	0	0	0	0	0	0	0	0	0	0	0	0	0	0	0	0	0	0	0	0	0	0	0	0	0	0	0	0	1.535149	1.535149	1.535149	1.535149	1.535149	1.535149	1.535149	1.535149	1.535149	1.535149	1.535149	1.535149	1.535149	1.535149	1.535149	1.535149	1.535149	1.535149	1.535149	1.535149	1.535149	1.535149	1.535149	1.535149	1.535149	1.535149	1.535149	1.535149	1.535149
Cryptocurrency			0	0	0	0	0	0	0	0	0	0	0	0	0	0	0	0	0	0	0	0	0	0	0	0	0	0	0	0	0	0	0	0	0	0	0	0	0	0	0	0	0	0	0	0	0	0	0	0	0	0	0	0	0	0	0	0	0	0	0	0	0	0	0.004466	0.004466	0.004466	0.004466	0.004466	0.004466	0.004466	0.004466	0.004466	0.004466	0.004466	0.004466	0.004466	0.004466	0.004466	0.004466	0.004466	0.004466	0.004466	0.004466	0.004466	0.004466	0.004466	0.004466	0.004466	0.004466	0.004466	0.004466	0.004466	0.004466	0.004466	0.004466	0.004466	0.004466	0.004466	0.004466	0.004466	0.004466	0.004466	0.004466	0.004466	0.004466	0.004466	0.004466	0.004466	0.004466	0.004466	0.004466	0.004466	0.004466	0.0393	0.0393	0.0393	0.0393	0.0393	0.0393	0.0393	0.0393	0.0393	0.0393	0.0393	0.0393	0.0393	0.0393	0.0393	0.0393	0.0393	0.0393	0.0393	0.0393	0.0393	0.0393	0.0393	0.0393	0.0393	0.0393	0.0393	0.0393	0.0393	0.0393	0.0393	0.0393	0.0393	0.0393	0.0393	0.0393	0.0393	0.0393	0.0393	0.0393	0.0393	0.0393	0.0393	0.0393	0.0393	0.0393	0.0393	0.0393	0.0393	0.0393	0.0393	0.0393	0.0393	0.0393	0.0393	0.0393	0.0393	0.0393	0.0393	0.0393	0.0393	0.0393	0.0393	0.0393	0.0393	0.0393	0.0393	0.0393	0.0393	0.0393	0.0393	0.0393	0.0393	0.0393	0.0393	0.0393	0.0393	0.0393	0.0393	0.0393	0.0393	0.0393	0.0393	0.0393	0.0393	0.0393	0.0393	0.0393	0.0393	0.0393	0.0393	0.0393	0.0393	0.0393	0.0393	0.0393	0.0393	0.0393	0.0393	0.0393	0.0393	0.0393	0.0393	0.0393	1.490713	1.490713	1.490713	1.490713	1.490713	1.490713	1.490713	1.490713	1.490713	1.490713	1.490713	1.490713	1.490713	1.490713	1.490713	1.490713	1.490713	1.490713	1.490713	1.490713	1.490713	1.490713	1.490713	1.490713	1.490713	1.490713	1.490713	1.490713	1.490713	1.490713	1.490713	1.490713	1.490713	1.490713	1.490713	1.490713	1.490713	1.490713	1.490713	1.490713	1.490713	1.490713	1.490713	1.490713	1.490713	1.490713	1.490713	1.490713	1.490713	1.490713	1.490713	1.490713	1.490713	1.490713	1.490713	1.490713	1.490713	1.490713	1.490713	1.490713	1.490713	1.490713	1.490713	1.490713	1.490713	1.490713	1.490713	1.490713	1.490713	1.490713	1.490713	1.490713	1.490713	1.490713	1.490713	1.490713	1.490713	1.490713	1.490713	1.490713	1.490713	1.490713	1.490713	1.490713	1.490713	1.490713	1.490713	1.490713	1.490713	1.490713	1.490713	1.490713	1.490713	1.490713	1.490713	1.490713	1.490713	1.490713	1.490713	1.490713	1.490713	1.490713	1.490713	1.490713	1.490713	1.490713	1.490713	1.490713	1.490713	1.490713	1.490713	1.490713	1.490713	1.490713	1.490713	1.490713	1.490713	1.490713	1.490713	1.490713	1.490713	1.490713	1.490713	1.490713	1.490713	1.490713	1.490713	1.490713	1.490713	1.490713	1.490713	1.490713	1.490713	1.490713	1.490713	1.490713	1.490713	1.490713	1.490713	1.490713	1.490713	1.490713	1.490713	1.490713	1.490713	1.490713	1.490713	1.490713	1.490713
Blockchain			0	0	0	0	0	0	0	0	0	0	0	0	0	0	0	0	0	0	0	0	0	0	0	0	0	0	0	0	0	0	0	0	0	0	0	0	0	0	0	0	0	0	0	0	0	0	0	0	0	0	0	0	0	0	0	0	0	0	0	0	0	0	0.004466	0.004466	0.004466	0.004466	0.004466	0.004466	0.004466	0.004466	0.004466	0.004466	0.004466	0.004466	0.004466	0.004466	0.004466	0.004466	0.004466	0.004466	0.004466	0.004466	0.004466	0.004466	0.004466	0.004466	0.004466	0.004466	0.004466	0.004466	0.004466	0.004466	0.004466	0.004466	0.004466	0.004466	0.004466	0.004466	0.004466	0.004466	0.004466	0.004466	0.004466	0.004466	0.004466	0.004466	0.004466	0.004466	0.004466	0.004466	0.004466	0.004466	0.004466	0.004466	0.004466	0.004466	0.004466	0.004466	0.004466	0.004466	0.004466	0.004466	0.004466	0.004466	0.004466	0.004466	0.004466	0.004466	0.004466	0.004466	0.004466	0.004466	0.004466	0.004466	0.004466	0.004466	0.004466	0.004466	0.004466	0.004466	0.004466	0.004466	0.004466	0.004466	0.004466	0.004466	0.004466	0.004466	0.004466	0.004466	0.004466	0.004466	0.004466	0.004466	0.004466	0.004466	0.004466	0.004466	0.004466	0.004466	0.004466	0.004466	0.004466	0.004466	0.004466	0.004466	0.004466	0.004466	0.004466	0.004466	0.004466	0.004466	0.004466	0.004466	0.004466	0.004466	0.004466	0.004466	0.004466	0.004466	0.004466	0.004466	0.004466	0.004466	0.004466	0.004466	0.004466	0.004466	0.004466	0.004466	0.004466	0.004466	0.004466	0.004466	0.004466	0.004466	0.004466	0.004466	0.004466	0.004466	0.004466	0.004466	0.004466	0.004466	0.029587	0.029587	0.029587	0.029587	0.029587	0.029587	0.029587	0.029587	0.029587	0.029587	0.029587	0.029587	1.481	1.481	1.481	1.481	1.481	1.481	1.481	1.481	1.481	1.481	1.481	1.481	1.481	1.481	1.481	1.481	1.481	1.481	1.481	1.481	1.481	1.481	1.481	1.481	1.481	1.481	1.481	1.481	1.481	1.481	1.481	1.481	1.481	1.481	1.481	1.481	1.481	1.481	1.481	1.481	1.481	1.481	1.481	1.481	1.481	1.481	1.481	1.481	1.481	1.481	1.481	1.481	1.481	1.481	1.481	1.481	1.481	1.481	1.481	1.481	1.481	1.481	1.481	1.481	1.481	1.481	1.481	1.481	1.481	1.481	1.481	1.481	1.481	1.481	1.481	1.481	1.481	1.481	1.481	1.481	1.481	1.481	1.481	1.481	1.481	1.481	1.481	1.481	1.481	1.481	1.481	1.481	1.481	1.481	1.481	1.481	1.481	1.481	1.481	1.481	1.481	1.481	1.481	1.481	1.481	1.481	1.481	1.481	1.481	1.481	1.481	1.481	1.481	1.481	1.481	1.481	1.481	1.481	1.481	1.481	1.481	1.481	1.481	1.481	1.481	1.481	1.481	1.481	1.481	1.481	1.481	1.481	1.481	1.481	1.481	1.481	1.481	1.481	1.481	1.481	1.481	1.481	1.481	1.481	1.481	1.481	1.481	1.481	1.481
Bitcoin			0	0	0	0	0	0	0	0	0	0	0	0	0	0	0	0	0	0	0	0	0	0	0	0	0	0	0	0	0	0	0	0	0	0	0	0	0	0	0	0	0	0	0	0	0	0	0	0	0	0	0	0	0	0	0	0	0	0	0	0	0	0	0.004466	0.004466	0.004466	0.004466	0.004466	0.004466	0.004466	0.004466	0.004466	0.004466	0.004466	0.004466	0.004466	0.004466	0.004466	0.004466	0.004466	0.004466	0.004466	0.004466	0.004466	0.004466	0.004466	0.004466	0.004466	0.004466	0.004466	0.004466	0.004466	0.004466	0.004466	0.004466	0.004466	0.004466	0.004466	0.004466	0.004466	0.004466	0.004466	0.004466	0.004466	0.004466	0.004466	0.004466	0.004466	0.004466	0.004466	0.004466	0.004466	0.004466	0.004466	0.004466	0.004466	0.004466	0.004466	0.004466	0.004466	0.004466	0.004466	0.004466	0.004466	0.004466	0.004466	0.004466	0.004466	0.004466	0.004466	0.004466	0.004466	0.004466	0.004466	0.004466	0.004466	0.004466	0.004466	0.004466	0.004466	0.004466	0.004466	0.004466	0.004466	0.004466	0.004466	0.004466	0.004466	0.004466	0.004466	0.004466	0.004466	0.004466	0.004466	0.004466	0.004466	0.004466	0.004466	0.004466	0.004466	0.004466	0.004466	0.004466	0.004466	0.004466	0.004466	0.004466	0.004466	0.004466	0.004466	0.004466	0.004466	0.004466	0.004466	0.004466	0.004466	0.004466	0.004466	0.004466	0.004466	0.004466	0.004466	0.004466	0.004466	0.004466	0.004466	0.004466	0.004466	0.004466	0.004466	0.004466	0.004466	0.004466	0.004466	0.004466	0.004466	0.004466	0.004466	0.004466	0.004466	0.004466	0.004466	0.004466	0.004466	0.004466	0.004466	0.004466	0.004466	0.004466	0.004466	0.004466	0.004466	0.004466	0.004466	0.004466	0.004466	0.004466	1.455879	1.455879	1.455879	1.455879	1.455879	1.455879	1.455879	1.455879	1.455879	1.455879	1.455879	1.455879	1.455879	1.455879	1.455879	1.455879	1.455879	1.455879	1.455879	1.455879	1.455879	1.455879	1.455879	1.455879	1.455879	1.455879	1.455879	1.455879	1.455879	1.455879	1.455879	1.455879	1.455879	1.455879	1.455879	1.455879	1.455879	1.455879	1.455879	1.455879	1.455879	1.455879	1.455879	1.455879	1.455879	1.455879	1.455879	1.455879	1.455879	1.455879	1.455879	1.455879	1.455879	1.455879	1.455879	1.455879	1.455879	1.455879	1.455879	1.455879	1.455879	1.455879	1.455879	1.455879	1.455879	1.455879	1.455879	1.455879	1.455879	1.455879	1.455879	1.455879	1.455879	1.455879	1.455879	1.455879	1.455879	1.455879	1.455879	1.455879	1.455879	1.455879	1.455879	1.455879	1.455879	1.455879	1.455879	1.455879	1.455879	1.455879	1.455879	1.455879	1.455879	1.455879	1.455879	1.455879	1.455879	1.455879	1.455879	1.455879	1.455879	1.455879	1.455879	1.455879	1.455879	1.455879	1.455879	1.455879	1.455879	1.455879	1.455879	1.455879	1.455879	1.455879	1.455879	1.455879	1.455879	1.455879	1.455879	1.46844	1.46844	1.46844	1.46844	1.46844	1.46844	1.46844	1.46844	1.46844	1.46844	1.46844	1.46844	1.46844	1.46844	1.46844	1.46844	1.46844	1.46844	1.46844	1.46844	1.46844	1.46844	1.46844	1.46844	1.46844	1.46844	1.46844	1.46844	1.46844	1.46844
Food Delivery			0	0	0	0	0	0	0	0	0	0	0	0	0	0	0	0	0	0	0	0	0	0	0	0	0	0	0	0	0	0	0	0	0	0	0	0	0	0	0	0	0	0	0	0	0	0	0	0	0	0	0	0	0	0	0	0	0	0	0	0	0	0	0	0	0	0	0	0	0	0	0	0	0	0	0	0	0	0	0	0	0	0	0	0	0	0	0	0	0	0	0	0	0	0	0	0	0	0	0	0	0	0	0	0	0	0	0	0	0	0	0	0	0	0	0	0	0	0	0	0	0	0	0	0	0	0	0	0	0	0	0	0	0	0	0	0	0	0	0	0	0	0	0	0	0	0	1.315842	1.315842	1.315842	1.315842	1.315842	1.315842	1.315842	1.315842	1.315842	1.315842	1.315842	1.315842	1.315842	1.315842	1.315842	1.315842	1.315842	1.315842	1.315842	1.315842	1.315842	1.315842	1.315842	1.315842	1.315842	1.315842	1.315842	1.315842	1.315842	1.315842	1.315842	1.315842	1.315842	1.315842	1.315842	1.315842	1.315842	1.315842	1.315842	1.315842	1.315842	1.315842	1.315842	1.315842	1.315842	1.315842	1.315842	1.315842	1.315842	1.315842	1.315842	1.315842	1.315842	1.315842	1.315842	1.315842	1.315842	1.315842	1.315842	1.315842	1.315842	1.315842	1.315842	1.315842	1.320029	1.320029	1.320029	1.320029	1.320029	1.320029	1.320029	1.320029	1.320029	1.320029	1.320029	1.320029	1.320029	1.320029	1.320029	1.320029	1.320029	1.320029	1.320029	1.320029	1.320029	1.375852	1.375852	1.375852	1.375852	1.375852	1.375852	1.375852	1.375852	1.375852	1.375852	1.375852	1.375852	1.375852	1.375852	1.375852	1.375852	1.375852	1.375852	1.375852	1.389808	1.389808	1.389808	1.389808	1.389808	1.389808	1.389808	1.389808	1.389808	1.389808	1.389808	1.389808	1.389808	1.389808	1.389808	1.389808	1.389808	1.389808	1.389808	1.389808	1.389808	1.389808	1.389808	1.389808	1.389808	1.389808	1.389808	1.389808	1.389808	1.389808	1.389808	1.389808	1.389808	1.389808	1.389808	1.389808	1.389808	1.389808	1.389808	1.389808	1.389808	1.389808	1.389808	1.389808	1.389808	1.389808	1.389808	1.389808	1.389808	1.389808	1.389808	1.389808	1.389808	1.389808	1.389808	1.389808	1.389808	1.389808	1.389808	1.389808	1.389808	1.389808	1.389808	1.389808	1.389808	1.389808	1.389808	1.389808	1.389808	1.389808	1.389808	1.389808	1.389808	1.389808	1.389808	1.389808	1.389808	1.389808	1.389808	1.389808	1.389808	1.389808	1.389808	1.389808	1.389808	1.389808	1.389808	1.389808	1.389808	1.389808	1.389808	1.389808	1.389808	1.389808	1.389808	1.389808	1.389808	1.389808	1.389808	1.389808	1.389808	1.389808	1.389808	1.389808	1.389808	1.389808	1.389808	1.389808	1.389808	1.389808	1.389808	1.389808	1.389808	1.389808	1.389808
Delivery			0	0	0	0	0	0	0	0	0	0	0	0	0	0	0	0	0	0	0	0	0	0	0	0	0	0	0	0	0	0	0	0	0	0	0	0	0	0	0	0	0	0	0	0	0	0	0	0	0	0	0	0	0	0	0	0	0	0	0	0	0	0	0	0	0	0	0	0	0	0	0	0	0	0	0	0	0	0	0	0	0	0	0	0	0	0	0	0	0	0	0	0	0	0	0	0	0	0	0	0	0	0	0	0	0	0	0	0	0	0	0	0	0	0	0	0	0	0	0	0	0	0	0	0	0	0	0	0	0	0	0	0	0	0	0	0	0	0	0	0	0	0	0	0	0	0	1.315842	1.315842	1.315842	1.315842	1.315842	1.315842	1.315842	1.315842	1.315842	1.315842	1.315842	1.315842	1.315842	1.315842	1.315842	1.315842	1.315842	1.315842	1.315842	1.315842	1.315842	1.315842	1.315842	1.315842	1.315842	1.315842	1.315842	1.315842	1.315842	1.315842	1.315842	1.315842	1.315842	1.315842	1.315842	1.315842	1.315842	1.315842	1.315842	1.315842	1.315842	1.315842	1.315842	1.315842	1.315842	1.315842	1.315842	1.315842	1.315842	1.315842	1.315842	1.315842	1.315842	1.315842	1.315842	1.315842	1.315842	1.315842	1.315842	1.315842	1.315842	1.315842	1.315842	1.315842	1.315842	1.315842	1.315842	1.315842	1.315842	1.315842	1.315842	1.315842	1.315842	1.315842	1.315842	1.315842	1.315842	1.315842	1.315842	1.315842	1.315842	1.315842	1.315842	1.315842	1.315842	1.371666	1.371666	1.371666	1.371666	1.371666	1.371666	1.371666	1.371666	1.371666	1.371666	1.371666	1.371666	1.371666	1.371666	1.371666	1.371666	1.371666	1.371666	1.371666	1.385621	1.385621	1.385621	1.385621	1.385621	1.385621	1.385621	1.385621	1.385621	1.385621	1.385621	1.385621	1.385621	1.385621	1.385621	1.385621	1.385621	1.385621	1.385621	1.385621	1.385621	1.385621	1.385621	1.385621	1.385621	1.385621	1.385621	1.385621	1.385621	1.385621	1.385621	1.385621	1.385621	1.385621	1.385621	1.385621	1.385621	1.385621	1.385621	1.385621	1.385621	1.385621	1.385621	1.385621	1.385621	1.385621	1.385621	1.385621	1.385621	1.385621	1.385621	1.385621	1.385621	1.385621	1.385621	1.385621	1.385621	1.385621	1.385621	1.385621	1.385621	1.385621	1.385621	1.385621	1.385621	1.385621	1.385621	1.385621	1.385621	1.385621	1.385621	1.385621	1.385621	1.385621	1.385621	1.385621	1.385621	1.385621	1.385621	1.385621	1.385621	1.385621	1.385621	1.385621	1.385621	1.385621	1.385621	1.385621	1.385621	1.385621	1.385621	1.385621	1.385621	1.385621	1.385621	1.385621	1.385621	1.385621	1.385621	1.385621	1.385621	1.385621	1.385621	1.385621	1.385621	1.385621	1.385621	1.385621	1.385621	1.385621	1.385621	1.385621	1.385621	1.385621	1.385621
Marketplace			0	0	0	0	0	0	0	0	0	0	0	0	0	0	0	0	0	0	0	0	0	0	0	0	0	0	0	0	0	0	0	0	0	0	0	0	0	0	0	0	0	0	0	0	0	0	0	0	0	0	0	0	0	0	0	0	0	0	0	0	0	0	0	0	0	0	0	0	0	0	0	0	0	0	0	0	0	0	0	0	0	0	0	0	0	0	0	0	0	0	0	0	0	0	0	0	0	0	0	0	0	0	0	0	0	0	0.000335	0.000335	0.000335	0.000335	0.000335	0.000335	0.000335	0.000335	0.000335	0.000335	0.000335	0.000335	0.000335	0.000335	0.000335	0.000335	0.000335	0.000335	0.000335	0.000335	0.000335	0.000335	0.000335	0.000335	0.000335	0.000335	0.000335	0.000335	0.000335	0.000335	0.000335	0.000335	0.000335	0.000335	0.000335	0.000335	0.000335	0.000335	0.000335	0.000335	1.316177	1.316177	1.316177	1.316177	1.316177	1.316177	1.316177	1.316177	1.316177	1.316177	1.316177	1.316177	1.316177	1.316177	1.316177	1.316177	1.316177	1.316177	1.316177	1.316177	1.316177	1.316177	1.316177	1.316177	1.316177	1.316177	1.316177	1.316177	1.316177	1.316177	1.316177	1.316177	1.316177	1.316177	1.316177	1.316177	1.316177	1.316177	1.316177	1.316177	1.316177	1.316177	1.316177	1.316177	1.316177	1.316177	1.316177	1.316177	1.316177	1.316177	1.316177	1.316177	1.316177	1.316177	1.316177	1.316177	1.316177	1.316177	1.341298	1.341298	1.341298	1.341298	1.341298	1.341298	1.341298	1.341298	1.341298	1.341298	1.341298	1.341298	1.341298	1.341298	1.341298	1.341298	1.341298	1.341298	1.341298	1.341298	1.341298	1.341298	1.341298	1.341298	1.341298	1.341298	1.341298	1.341298	1.341298	1.343211	1.343211	1.343211	1.343211	1.343211	1.343211	1.343211	1.343211	1.343211	1.343211	1.343211	1.343211	1.343211	1.343211	1.343211	1.343211	1.343211	1.343211	1.343211	1.343211	1.343211	1.343211	1.343211	1.343211	1.343211	1.343211	1.343211	1.343211	1.343211	1.343211	1.343211	1.343211	1.343211	1.343211	1.343211	1.343211	1.343211	1.343211	1.343211	1.343211	1.343211	1.343211	1.343211	1.343211	1.343211	1.343211	1.343211	1.356609	1.356609	1.356609	1.356609	1.356609	1.356609	1.356609	1.356609	1.356609	1.356609	1.356609	1.356609	1.356609	1.356609	1.356609	1.356609	1.356609	1.356609	1.356609	1.356609	1.356609	1.356609	1.356609	1.356609	1.356609	1.356609	1.356609	1.356609	1.356609	1.356609	1.356609	1.356609	1.356609	1.356609	1.356609	1.356609	1.356609	1.356609	1.356609	1.356609	1.356609	1.356609	1.356609	1.356609	1.356609	1.356609	1.356609	1.356609	1.356609	1.356609	1.356609	1.356609	1.356609	1.356609	1.356609	1.356609	1.356609	1.356609	1.356609	1.356609	1.356609	1.356609	1.356609	1.356609	1.356609	1.356609	1.356609	1.356609	1.359155	1.359155	1.359155	1.359155	1.359155	1.359155	1.359155	1.359155	1.359155	1.359155	1.359155	1.359155	1.359155	1.359155	1.359155	1.359155	1.359155
Online Portals			0	0	0	0	0	0	0	0	0	0	0	0	0	0	0	0	0	0	0	0	0	0	0	0	0	0	0	0	0	0	0	0	0	0	0	0	0	0	0	0	0	0	0	0	0	0	0	0	0	0	0	0	0	0	0	0	0	0	0	0	0	0	0	0	0	0	0	0	0	0	0	0	0	0	0	0	0	0	0	0	0	0	0	0	0	0	0	0	0	0	0	0	0	0	0	0	0	0	0	0	0	0	0	0	0	0	0	0	0	0	0	0	0	0	0	0	0	0	0	0	0	0	0	0	0	0	0	0	0	0	0	0	0	0	0	0	0	0	0	0	0	0	0	0	0	0	1.315842	1.315842	1.315842	1.315842	1.315842	1.315842	1.315842	1.315842	1.315842	1.315842	1.315842	1.315842	1.315842	1.315842	1.315842	1.315842	1.315842	1.315842	1.315842	1.315842	1.315842	1.315842	1.315842	1.315842	1.315842	1.315842	1.315842	1.315842	1.315842	1.315842	1.315842	1.315842	1.315842	1.315842	1.315842	1.315842	1.315842	1.315842	1.315842	1.315842	1.315842	1.315842	1.315842	1.315842	1.315842	1.315842	1.315842	1.315842	1.315842	1.315842	1.315842	1.315842	1.315842	1.315842	1.315842	1.315842	1.315842	1.315842	1.315842	1.315842	1.315842	1.315842	1.315842	1.315842	1.315842	1.315842	1.315842	1.315842	1.315842	1.315842	1.315842	1.315842	1.315842	1.315842	1.315842	1.315842	1.315842	1.315842	1.315842	1.315842	1.315842	1.315842	1.315842	1.315842	1.315842	1.315842	1.315842	1.315842	1.315842	1.315842	1.315842	1.315842	1.315842	1.315842	1.315842	1.315842	1.315842	1.315842	1.315842	1.315842	1.315842	1.315842	1.315842	1.315842	1.315842	1.315842	1.315842	1.315842	1.315842	1.315842	1.315842	1.315842	1.315842	1.315842	1.315842	1.315842	1.315842	1.315842	1.315842	1.315842	1.315842	1.315842	1.315842	1.315842	1.315842	1.315842	1.315842	1.315842	1.315842	1.315842	1.315842	1.315842	1.315842	1.315842	1.315842	1.315842	1.315842	1.315842	1.315842	1.315842	1.315842	1.315842	1.315842	1.315842	1.315842	1.315842	1.315842	1.315842	1.315842	1.315842	1.315842	1.315842	1.315842	1.315842	1.315842	1.315842	1.315842	1.315842	1.315842	1.315842	1.315842	1.315842	1.315842	1.315842	1.315842	1.315842	1.315842	1.315842	1.315842	1.315842	1.315842	1.315842	1.315842	1.315842	1.315842	1.315842	1.315842	1.315842	1.315842	1.315842	1.315842	1.315842	1.315842	1.315842	1.315842	1.315842	1.315842	1.315842	1.315842	1.315842	1.315842	1.315842	1.315842	1.315842	1.315842	1.315842	1.315842	1.315842	1.315842	1.315842	1.315842	1.315842	1.315842	1.315842	1.315842	1.315842	1.315842	1.315842	1.315842	1.315842	1.315842	1.315842	1.315842	1.315842	1.315842	1.315842	1.315842	1.315842	1.315842
Enterprise Software			0	0	0	0	0	0	0	0	0	0	0	0	0	0	0	0.010048	0.010048	0.010048	0.010048	0.010048	0.010048	0.010048	0.010048	0.010048	0.010048	0.010048	0.010048	0.010048	0.010048	0.010048	0.010048	0.010048	0.010048	0.010048	0.010048	0.010048	0.010048	0.010048	0.010048	0.010048	0.010048	0.010048	0.010048	0.010048	0.010048	0.010048	0.010048	0.010048	0.010048	0.010048	0.010048	0.010048	0.010048	0.010048	0.010048	0.010048	0.010048	0.010048	0.010048	0.010048	0.010048	0.012527	0.012527	0.012527	0.012527	0.012527	0.012527	0.012527	0.012527	0.012527	0.012527	0.012527	0.012527	0.012527	0.012527	0.012527	0.012527	0.012527	0.012527	0.012527	0.012527	0.012527	0.019226	0.019226	0.019226	0.019226	0.019226	0.019226	0.019226	0.019226	0.019226	0.019226	0.019226	0.019226	0.019226	0.019226	0.074252	0.074252	0.074252	0.074252	0.074252	0.074252	0.074252	0.074252	0.074252	0.074252	0.074252	0.074252	0.074252	0.074252	0.074252	0.074252	0.074252	0.074252	0.074252	0.074252	0.074252	0.074252	0.074252	0.074252	0.074252	0.074252	0.074252	0.074252	0.074252	0.074252	0.074252	0.074252	0.451061	0.451061	0.451061	0.451061	0.451061	0.451061	0.451061	0.451061	0.451061	0.451061	0.451061	0.451061	0.451061	0.462226	0.462226	0.462226	0.462226	0.462226	0.462226	0.462226	0.462226	0.462226	0.462226	0.462226	0.462226	0.462226	0.462226	0.462226	0.462226	0.462226	0.462226	0.462226	0.462226	0.462465	0.507124	0.507124	0.507124	0.507124	0.507124	0.507124	0.507124	0.507124	0.507124	0.507124	0.507124	0.507124	0.507124	0.507124	0.507124	0.507124	0.507124	0.507124	0.507124	0.507124	0.507124	0.507124	0.507124	0.507124	0.507124	0.507124	0.507124	0.507124	0.507124	0.507124	0.507124	0.507124	0.507124	0.507124	0.507124	0.507124	0.507124	0.507124	0.507124	0.507124	0.507124	0.507124	0.507124	0.507124	0.507124	0.507124	0.507124	0.507124	0.611793	0.611793	0.611793	0.611793	0.611793	0.611793	0.611793	0.611793	0.611793	0.611793	0.611793	0.611793	0.611793	0.611793	0.611793	0.611793	0.611793	0.611793	0.611793	0.611793	0.611793	0.611793	0.611793	0.611793	0.611793	0.611793	0.611793	0.611793	0.611793	0.611793	0.611793	0.611793	0.611793	0.613049	0.613049	0.642524	0.642524	0.646878	0.646878	0.646878	0.653912	0.988854	0.988854	0.988854	0.988854	0.988854	0.988854	1.021008	1.021008	1.040593	1.040593	1.040593	1.040593	1.040593	1.040593	1.040593	1.040593	1.047292	1.047292	1.047292	1.047292	1.047292	1.047292	1.047292	1.047292	1.047292	1.047292	1.047292	1.047292	1.047292	1.048129	1.048129	1.048129	1.048129	1.048129	1.048129	1.048129	1.048129	1.048129	1.048129	1.048129	1.048129	1.048129	1.048129	1.048129	1.048129	1.048129	1.048129	1.048129	1.048129	1.048129	1.048129	1.048129	1.048129	1.048129	1.048129	1.048129	1.048129	1.048129	1.048129	1.048129	1.048129	1.048129	1.122821	1.122821	1.122821	1.122821	1.122821	1.122821	1.122821	1.122821	1.134544	1.134544	1.134544	1.134544	1.134544	1.134544	1.144592	1.144592	1.144592	1.144592	1.144592	1.144592	1.144592	1.144592	1.144592	1.144592	1.144592	1.144592	1.144592	1.144592	1.144592	1.144592	1.144592	1.144592	1.144592	1.144592	1.144592	1.144592	1.144592	1.144592	1.144592	1.144592	1.144592	1.144592	1.144592	1.144592	1.144592	1.144592	1.144592	1.144592	1.144592	1.144592	1.144592	1.144592
Prediction Markets			0	0	0	0	0	0	0	0	0	0	0	0	0	0	0	0	0	0	0	0	0	0	0	0	0	0	0	0	0	0	0	0	0	0	0	0	0	0	0	0	0	0	0	0	0	0	0	0	0	0	0	0	0	0	0	0	0	0	0	0	0	0	0	0	0	0	0	0	0	0	0	0	0	0	0	0	0	0	0	0	0	0	0	0	0	0	0	0	0	0	0	0	0	0	0	0	0	0	0	0	0	0	0	0	0	0	0	0	0	0	0	0	0	0	0	0	0	0	0	0	0	0	0	0	0	0	0	0	0	0	0	0	0	0	0	0	0	0	0	0	0	0	0	0	0	0	0	0	0	0	0	0	0	0	0	0	0	0	0	0	0	0	0	0	0	0	0	0	0	0	0	0	0	0	0	0.123928	0.123928	0.123928	0.123928	0.123928	0.123928	0.123928	0.123928	0.123928	0.123928	0.123928	0.123928	0.123928	0.123928	0.123928	0.123928	0.123928	0.123928	0.123928	0.123928	0.123928	0.123928	0.123928	0.123928	0.123928	0.123928	0.123928	0.123928	0.123928	0.123928	0.123928	0.123928	0.123928	0.123928	0.123928	0.123928	0.123928	0.123928	0.123928	0.123928	0.123928	0.123928	0.123928	0.123928	0.123928	0.123928	0.139001	0.139001	0.139001	0.139001	0.139001	0.139001	0.139001	0.139001	0.139001	0.139001	0.139001	0.139001	0.139001	0.139001	0.139001	0.139001	0.139001	0.139001	0.139001	0.139001	0.139001	0.139001	0.139001	0.140341	0.140341	0.140341	0.140341	0.140341	0.140341	0.140341	0.140341	0.140341	0.140341	0.140341	0.140341	0.140341	0.140341	0.140341	0.140341	0.140341	0.140341	0.140341	0.140341	0.140341	0.140341	0.140341	0.140341	0.140341	0.140341	0.140341	0.140341	0.140341	0.140341	0.140341	0.140341	0.140341	0.140341	0.140341	0.140341	0.140341	0.140341	0.341305	0.341305	0.341305	0.341305	0.341305	0.341305	0.341305	0.341305	0.341305	0.341305	0.341305	0.341305	0.341305	0.341305	0.341305	0.341305	0.341305	0.341305	0.341305	0.341305	0.341305	0.341305	0.341305	0.341305	0.341305	0.341305	0.341305	0.341305	0.341305	0.341305	0.341305	0.341305	0.341305	0.341305	0.341305	0.341305	0.341305	0.341305	0.341305	0.341305	0.341305	1.011189	1.011189	1.011189	1.011189	1.011189	1.011189	1.011189	1.011189	1.011189	1.011189	1.011189	1.011189	1.011189	1.011189	1.011189	1.011189	1.011189	1.011189	1.011189	1.011189	1.011189	1.011189	1.011189	1.011189	1.011189	1.011189	1.011189	1.011189	1.011189	1.011189	1.011189	1.011189	1.011189	1.011189	1.011189	1.011189	1.011189	1.011189	1.011189	1.011189	1.011189	1.011189
Financial Exchanges			0	0	0	0	0	0	0	0	0	0	0	0	0	0	0	0	0	0	0	0	0	0	0	0	0	0	0	0	0	0	0	0	0	0	0	0	0	0	0	0	0	0	0	0	0	0	0	0	0	0	0	0	0	0	0	0	0	0	0	0	0	0	0	0	0	0	0	0	0	0	0	0	0	0	0	0	0	0	0	0	0	0	0	0	0	0	0	0	0	0	0	0	0	0	0	0	0	0	0	0	0	0	0	0	0	0	0	0	0	0	0	0	0	0	0	0	0	0	0	0	0	0	0	0.000419	0.000419	0.000419	0.000419	0.000419	0.000419	0.000419	0.000419	0.000419	0.000419	0.000419	0.000419	0.000419	0.000419	0.000419	0.000419	0.000419	0.000419	0.000419	0.000419	0.000419	0.000419	0.000419	0.000419	0.000419	0.000419	0.000419	0.000419	0.000419	0.000419	0.000419	0.000419	0.000419	0.000419	0.000419	0.000419	0.000419	0.000419	0.000419	0.000419	0.000419	0.000419	0.000419	0.000419	0.000419	0.000419	0.000419	0.000419	0.000419	0.000419	0.000419	0.000419	0.124347	0.124347	0.124347	0.124347	0.124347	0.124347	0.124347	0.124347	0.124347	0.124347	0.124347	0.124347	0.124347	0.124347	0.124347	0.124347	0.124347	0.124347	0.124347	0.124347	0.133614	0.133614	0.133614	0.133614	0.133614	0.133614	0.133614	0.133614	0.133614	0.133614	0.133614	0.133614	0.133614	0.133614	0.133614	0.133614	0.133614	0.133614	0.133614	0.133614	0.133614	0.133614	0.133614	0.133614	0.133614	0.133614	0.133614	0.133614	0.133614	0.133614	0.133614	0.133614	0.133614	0.133614	0.133614	0.133614	0.133614	0.133614	0.133614	0.133614	0.133614	0.133614	0.133614	0.133614	0.133614	0.133614	0.133614	0.133614	0.133614	0.134954	0.134954	0.134954	0.134954	0.134954	0.134954	0.134954	0.134954	0.134954	0.134954	0.134954	0.134954	0.134954	0.134954	0.134954	0.134954	0.134954	0.134954	0.134954	0.134954	0.134954	0.134954	0.134954	0.134954	0.134954	0.134954	0.134954	0.134954	0.134954	0.134954	0.134954	0.134954	0.134954	0.134954	0.134954	0.134954	0.134954	0.134954	0.335919	0.335919	0.335919	0.335919	0.335919	0.335919	0.335919	0.335919	0.335919	0.335919	0.335919	0.335919	0.335919	0.335919	0.335919	0.335919	0.335919	0.335919	0.335919	0.335919	0.335919	0.335919	0.335919	0.335919	0.335919	0.335919	0.335919	0.335919	0.335919	0.335919	0.335919	0.335919	0.335919	0.335919	0.335919	0.335919	0.335919	0.335919	0.335919	0.335919	0.335919	1.005802	1.005802	1.005802	1.005802	1.005802	1.005802	1.005802	1.005802	1.005802	1.005802	1.005802	1.005802	1.005802	1.005802	1.005802	1.005802	1.005802	1.005802	1.005802	1.005802	1.005802	1.005802	1.005802	1.005802	1.005802	1.005802	1.005802	1.005802	1.005802	1.005802	1.005802	1.005802	1.005802	1.005802	1.005802	1.005802	1.005802	1.005802	1.005802	1.005802	1.005802	1.005802
Predictive Analytics			0	0	0	0	0	0	0	0	0	0	0	0	0	0	0	0	0	0	0	0	0	0	0	0	0	0	0	0	0	0	0	0	0	0	0	0	0	0	0	0	0	0	0	0	0	0	0	0	0	0	0	0	0	0	0	0	0	0	0	0	0	0	0	0	0	0	0	0	0	0	0	0	0	0	0	0	0	0	0	0	0	0	0	0	0	0	0	0	0	0	0	0	0	0	0	0	0	0	0	0	0	0	0	0	0	0	0	0	0	0	0	0	0	0	0	0	0	0	0	0	0	0	0	0	0	0	0	0	0	0	0	0	0	0	0	0	0	0	0	0	0	0	0	0	0	0	0	0	0	0	0	0	0	0	0	0	0	0	0	0	0	0	0.001866	0.001866	0.001866	0.001866	0.001866	0.001866	0.001866	0.001866	0.001866	0.001866	0.001866	0.001866	0.001866	0.125794	0.125794	0.125794	0.125794	0.125794	0.125794	0.125794	0.125794	0.125794	0.125794	0.125794	0.125794	0.125794	0.125794	0.125794	0.125794	0.125794	0.125794	0.125794	0.125794	0.125794	0.125794	0.125794	0.125794	0.125794	0.125794	0.125794	0.125794	0.125794	0.125794	0.125794	0.125794	0.125794	0.125794	0.125794	0.125794	0.125794	0.125794	0.125794	0.125794	0.125794	0.125794	0.125794	0.125794	0.125794	0.125794	0.125794	0.125794	0.125794	0.125794	0.125794	0.125794	0.125794	0.125794	0.125794	0.125794	0.125794	0.125794	0.125794	0.125794	0.125794	0.125794	0.125794	0.125794	0.125794	0.125794	0.125794	0.125794	0.125794	0.127134	0.127134	0.127134	0.127134	0.127134	0.127134	0.127134	0.127134	0.127134	0.127134	0.127134	0.127134	0.127134	0.127134	0.127134	0.127134	0.127134	0.127134	0.127134	0.127134	0.127134	0.127134	0.127134	0.127134	0.127134	0.127134	0.127134	0.127134	0.127134	0.127134	0.127134	0.127134	0.127134	0.127134	0.127134	0.127134	0.127134	0.127134	0.328099	0.328099	0.328099	0.328099	0.328099	0.328099	0.328099	0.328099	0.328099	0.328099	0.328099	0.328099	0.328099	0.328099	0.328099	0.328099	0.328099	0.328099	0.328099	0.328099	0.328099	0.328099	0.328099	0.328099	0.328099	0.328099	0.328099	0.328099	0.328099	0.328099	0.328099	0.328099	0.328099	0.328099	0.328099	0.328099	0.328099	0.328099	0.328099	0.328099	0.328099	0.997982	0.997982	0.997982	0.997982	0.997982	0.997982	0.997982	0.997982	0.997982	0.997982	0.997982	0.997982	0.997982	0.997982	0.997982	0.997982	0.997982	0.997982	0.997982	0.997982	0.997982	0.997982	0.997982	0.997982	0.997982	0.997982	0.997982	0.997982	0.997982	0.997982	0.997982	0.997982	0.997982	0.997982	0.997982	0.997982	0.997982	0.997982	0.997982	0.997982	0.997982	0.997982
Human Resources			0	0	0	0	0	0	0	0	0	0	0	0	0	0	0	0	0	0	0	0	0	0	0	0	0	0	0	0	0	0	0	0	0	0	0.167471	0.167471	0.167471	0.167471	0.167471	0.167471	0.167471	0.167471	0.167471	0.167471	0.167471	0.167471	0.167471	0.167471	0.167471	0.167471	0.167471	0.167471	0.167471	0.167471	0.167471	0.167471	0.167471	0.17082	0.17082	0.17082	0.17082	0.17082	0.17082	0.173681	0.173681	0.173681	0.173681	0.173681	0.173681	0.173681	0.173681	0.173681	0.173681	0.173681	0.173681	0.173681	0.173681	0.173681	0.173681	0.173681	0.173681	0.173681	0.173681	0.173681	0.173681	0.173681	0.173681	0.173681	0.173681	0.173681	0.173681	0.173681	0.173681	0.173681	0.173681	0.173681	0.173681	0.173681	0.173681	0.173681	0.173681	0.173681	0.173681	0.173681	0.173681	0.173681	0.173681	0.173681	0.173681	0.173681	0.173681	0.173681	0.173681	0.173681	0.173681	0.173681	0.173681	0.173681	0.173681	0.173681	0.173681	0.173681	0.173681	0.173681	0.173681	0.173681	0.173681	0.173681	0.55049	0.55049	0.55049	0.55049	0.55049	0.555933	0.555933	0.590039	0.590039	0.590039	0.590039	0.593412	0.593412	0.593412	0.593412	0.593412	0.593412	0.593412	0.593412	0.593412	0.593412	0.593412	0.593412	0.593412	0.593412	0.593412	0.593412	0.593412	0.593412	0.593412	0.593412	0.593412	0.593412	0.593412	0.593412	0.593412	0.593412	0.593412	0.593412	0.593412	0.608484	0.608484	0.608484	0.608484	0.608484	0.608484	0.608484	0.608484	0.608484	0.608484	0.608484	0.608484	0.608484	0.608484	0.608484	0.608484	0.608484	0.608484	0.608484	0.608484	0.608484	0.608484	0.608484	0.608484	0.608484	0.608484	0.608484	0.608484	0.608484	0.608484	0.608484	0.608484	0.608484	0.608484	0.608484	0.608484	0.608484	0.612004	0.612004	0.612004	0.612004	0.612004	0.612004	0.612004	0.612004	0.612004	0.612004	0.612004	0.612004	0.612004	0.612004	0.612004	0.612004	0.612004	0.612004	0.612004	0.612004	0.612004	0.612004	0.612004	0.612004	0.612004	0.612004	0.612004	0.612004	0.612004	0.612004	0.612004	0.612004	0.612004	0.612004	0.612004	0.612004	0.612004	0.612004	0.612004	0.612004	0.612004	0.612004	0.612004	0.612004	0.612004	0.612004	0.612562	0.612562	0.612562	0.612562	0.612562	0.612562	0.612562	0.612562	0.612562	0.612562	0.612562	0.612562	0.612562	0.612562	0.612562	0.612562	0.612562	0.612562	0.612562	0.612562	0.612562	0.612562	0.612562	0.612562	0.612562	0.612562	0.612562	0.612562	0.612562	0.612562	0.612562	0.612562	0.612562	0.612562	0.612562	0.612562	0.612562	0.780033	0.780033	0.780033	0.780033	0.780033	0.780033	0.780033	0.780033	0.780033	0.780033	0.780033	0.780033	0.780033	0.780033	0.780033	0.780033	0.780033	0.780033	0.780033	0.780033	0.780033	0.780033	0.780033	0.780033	0.780033	0.780033	0.780033	0.780033	0.780033	0.780033	0.780033	0.780033	0.780033	0.780033	0.780033	0.780033	0.780033	0.780033	0.780033	0.780033	0.780033	0.780033	0.780033	0.780033	0.780033	0.780033	0.780033	0.780033	0.780033	0.780033	0.780033	0.780033	0.780033	0.780033	0.780033	0.780033	0.780033	0.780033	0.780033	0.780033	0.780033	0.780033	0.780033	0.780033	0.780033	0.780033	0.780033	0.780033	0.780033	0.780033	0.780033	0.780033	0.780033	0.780033	0.780033	0.780033	0.780033
Bookkeeping and Payroll			0	0	0	0	0	0	0	0	0	0	0	0	0	0	0	0	0	0	0	0	0	0	0	0	0	0	0	0	0	0	0	0	0	0	0.167471	0.167471	0.167471	0.167471	0.167471	0.167471	0.167471	0.167471	0.167471	0.167471	0.167471	0.167471	0.167471	0.167471	0.167471	0.167471	0.167471	0.167471	0.167471	0.167471	0.167471	0.167471	0.167471	0.167471	0.167471	0.167471	0.167471	0.167471	0.167471	0.167471	0.167471	0.167471	0.167471	0.167471	0.167471	0.167471	0.167471	0.167471	0.167471	0.167471	0.167471	0.167471	0.167471	0.167471	0.167471	0.167471	0.167471	0.167471	0.167471	0.167471	0.167471	0.167471	0.167471	0.167471	0.167471	0.167471	0.167471	0.167471	0.167471	0.167471	0.167471	0.167471	0.167471	0.167471	0.167471	0.167471	0.167471	0.167471	0.167471	0.167471	0.167471	0.167471	0.167471	0.167471	0.167471	0.167471	0.167471	0.167471	0.167471	0.167471	0.167471	0.167471	0.167471	0.167471	0.167471	0.167471	0.167471	0.167471	0.167471	0.167471	0.167471	0.167471	0.167471	0.167471	0.54428	0.54428	0.54428	0.54428	0.54428	0.54428	0.54428	0.54428	0.54428	0.54428	0.54428	0.54428	0.54428	0.54428	0.54428	0.54428	0.54428	0.54428	0.54428	0.54428	0.54428	0.54428	0.54428	0.54428	0.54428	0.54428	0.54428	0.54428	0.54428	0.54428	0.54428	0.54428	0.54428	0.54428	0.54428	0.54428	0.54428	0.54428	0.54428	0.54428	0.54428	0.54428	0.54428	0.54428	0.54428	0.54428	0.54428	0.54428	0.54428	0.54428	0.54428	0.54428	0.54428	0.54428	0.54428	0.54428	0.54428	0.54428	0.54428	0.544838	0.544838	0.544838	0.544838	0.544838	0.544838	0.544838	0.544838	0.544838	0.544838	0.544838	0.544838	0.544838	0.544838	0.544838	0.544838	0.544838	0.544838	0.544838	0.544838	0.544838	0.544838	0.544838	0.544838	0.544838	0.544838	0.544838	0.544838	0.544838	0.544838	0.544838	0.544838	0.544838	0.544838	0.544838	0.544838	0.544838	0.544838	0.544838	0.544838	0.544838	0.544838	0.544838	0.544838	0.544838	0.544838	0.544838	0.544838	0.544838	0.544838	0.544838	0.544838	0.544838	0.544838	0.544838	0.544838	0.544838	0.544838	0.544838	0.544838	0.544838	0.544838	0.544838	0.544838	0.544838	0.544838	0.544838	0.544838	0.544838	0.544838	0.544838	0.544838	0.544838	0.544838	0.544838	0.544838	0.544838	0.544838	0.544838	0.544838	0.544838	0.544838	0.544838	0.544838	0.544838	0.544838	0.544838	0.544838	0.544838	0.544838	0.544838	0.544838	0.544838	0.544838	0.544838	0.544838	0.544838	0.544838	0.544838	0.544838	0.544838	0.712309	0.712309	0.712309	0.712309	0.712309	0.712309	0.712309	0.712309	0.712309	0.712309	0.712309	0.712309	0.712309	0.712309	0.712309	0.712309	0.712309	0.712309	0.712309	0.712309	0.712309	0.712309	0.712309	0.712309	0.712309	0.712309	0.712309	0.712309	0.712309	0.712309	0.712309	0.712309	0.712309	0.712309	0.712309	0.712309	0.712309	0.712309	0.712309	0.712309	0.712309	0.712309	0.712309	0.712309	0.712309	0.712309	0.712309	0.712309	0.712309	0.712309	0.712309	0.712309	0.712309	0.712309	0.712309	0.712309	0.712309	0.712309	0.712309	0.712309	0.712309	0.712309	0.712309	0.712309	0.712309	0.712309	0.712309	0.712309	0.712309	0.712309	0.712309	0.712309	0.712309	0.712309	0.712309	0.712309	0.712309
Productivity Tools			0	0	0	0	0	0	0	0	0	0	0	0	0	0	0	0	0	0	0	0	0	0	0	0	0	0	0	0.033494	0.033494	0.033494	0.033494	0.033494	0.033494	0.033494	0.033494	0.033494	0.033494	0.033494	0.033494	0.033494	0.033494	0.033494	0.033494	0.033494	0.033494	0.033494	0.033494	0.033494	0.033494	0.033494	0.033494	0.033829	0.033829	0.033829	0.033829	0.033829	0.033829	0.033829	0.033829	0.033829	0.033829	0.033829	0.033829	0.033829	0.033829	0.033829	0.033829	0.033829	0.033829	0.033829	0.033829	0.033829	0.033829	0.033829	0.033829	0.033829	0.033829	0.033829	0.033829	0.033829	0.033829	0.033829	0.033829	0.033829	0.033829	0.033829	0.033829	0.033829	0.033829	0.033829	0.033829	0.033829	0.033829	0.033829	0.033829	0.033829	0.033829	0.033829	0.033829	0.033829	0.033829	0.033829	0.033829	0.033829	0.033829	0.033829	0.033829	0.033829	0.033829	0.033829	0.033829	0.033829	0.033829	0.033829	0.033829	0.033829	0.033829	0.033829	0.033829	0.033829	0.033829	0.033829	0.033829	0.033829	0.033829	0.033829	0.033829	0.033829	0.033829	0.033829	0.033829	0.033829	0.033829	0.033829	0.033829	0.033829	0.033829	0.033829	0.033829	0.033829	0.033829	0.033829	0.033829	0.033829	0.033829	0.033829	0.033829	0.033829	0.033829	0.033829	0.033829	0.033829	0.033829	0.033829	0.033829	0.033829	0.033829	0.033829	0.033829	0.033829	0.033829	0.033829	0.078488	0.078488	0.078488	0.078488	0.094285	0.094285	0.094285	0.094285	0.094285	0.094285	0.094285	0.094285	0.094285	0.094285	0.161273	0.161273	0.161273	0.161273	0.163171	0.163171	0.163171	0.163171	0.163171	0.163171	0.163171	0.163171	0.163171	0.163171	0.163171	0.163171	0.163171	0.163171	0.163171	0.163171	0.163171	0.163171	0.163171	0.163171	0.163171	0.163171	0.163171	0.163171	0.163171	0.163171	0.163171	0.163171	0.163171	0.163171	0.163171	0.163171	0.163171	0.163171	0.163171	0.163171	0.189966	0.189966	0.189966	0.189966	0.189966	0.189966	0.189966	0.189966	0.189966	0.189966	0.189966	0.189966	0.189966	0.189966	0.189966	0.189966	0.189966	0.189966	0.189966	0.189966	0.189966	0.189966	0.189966	0.189966	0.189966	0.189966	0.189966	0.189966	0.189966	0.189966	0.189966	0.189966	0.189966	0.189966	0.189966	0.524908	0.524908	0.524908	0.524908	0.524908	0.524908	0.524908	0.524908	0.524908	0.524908	0.524908	0.524908	0.524908	0.524908	0.568869	0.568869	0.568869	0.568869	0.568869	0.568869	0.568869	0.568869	0.568869	0.568869	0.568869	0.568869	0.568869	0.568869	0.568869	0.568869	0.568869	0.568869	0.568869	0.568869	0.568869	0.568869	0.568869	0.568869	0.568869	0.568869	0.568869	0.568869	0.568869	0.568869	0.568869	0.568869	0.568869	0.568869	0.568869	0.568869	0.568869	0.568869	0.568869	0.568869	0.568869	0.568869	0.568869	0.568869	0.568869	0.568869	0.568869	0.568869	0.568869	0.568869	0.568869	0.568869	0.568869	0.568869	0.568869	0.568869	0.568869	0.568869	0.568869	0.568869	0.568869	0.568869	0.568869	0.568869	0.568869	0.568869	0.568869	0.568869	0.568869	0.568869	0.568869	0.568869	0.568869	0.568869	0.568869	0.568869	0.568869	0.568869	0.568869	0.568869	0.568869	0.568869	0.568869	0.568869	0.568869	0.568869	0.568869	0.568869	0.568869	0.568869	0.568869	0.568869	0.568869	0.568869	0.568869	0.568869	0.568869	0.568869	0.568869	0.568869
Energy			0	0	0	0	0	0	0	0.014737	0.014737	0.014737	0.014737	0.014737	0.014737	0.014737	0.014737	0.014737	0.014737	0.014737	0.014737	0.014737	0.014737	0.014737	0.014737	0.014737	0.014737	0.014737	0.014737	0.370613	0.370613	0.370613	0.370613	0.370613	0.370613	0.370613	0.370613	0.370613	0.370613	0.370613	0.370613	0.370613	0.370613	0.370613	0.370613	0.370613	0.370613	0.370613	0.370613	0.370613	0.370613	0.370613	0.370613	0.370613	0.370613	0.370613	0.370613	0.370613	0.370613	0.370613	0.370613	0.370613	0.370613	0.370613	0.370613	0.370613	0.370613	0.370613	0.370613	0.370613	0.370613	0.370613	0.370613	0.370613	0.370613	0.370613	0.370613	0.370613	0.370613	0.370613	0.370613	0.370613	0.370613	0.370613	0.370613	0.370613	0.370613	0.370613	0.370613	0.370613	0.370613	0.370613	0.370613	0.370613	0.370613	0.370613	0.370613	0.370613	0.370613	0.370613	0.370613	0.370613	0.370613	0.370613	0.370613	0.370613	0.370613	0.370613	0.370613	0.370613	0.370613	0.370613	0.370613	0.370613	0.370613	0.370613	0.370613	0.370613	0.370613	0.370613	0.370613	0.370613	0.370613	0.370613	0.370613	0.370613	0.370613	0.370613	0.370613	0.370613	0.370613	0.370613	0.370613	0.370613	0.370613	0.370613	0.370613	0.370613	0.370613	0.370613	0.370613	0.370613	0.370613	0.370613	0.370613	0.370613	0.370613	0.370613	0.370613	0.370613	0.370613	0.370613	0.370613	0.370613	0.370613	0.370613	0.370613	0.370613	0.370613	0.370613	0.370613	0.370613	0.370613	0.370852	0.370852	0.370852	0.370852	0.370852	0.370852	0.370852	0.370852	0.370852	0.370852	0.370852	0.370852	0.370852	0.370852	0.370852	0.370852	0.370852	0.370852	0.370852	0.370852	0.370852	0.370852	0.370852	0.370852	0.370852	0.370852	0.370852	0.370852	0.370852	0.370852	0.370852	0.370852	0.370852	0.370852	0.370852	0.370852	0.370852	0.370852	0.370852	0.370852	0.370852	0.370852	0.370852	0.370852	0.370852	0.370852	0.370852	0.370852	0.370852	0.370852	0.370852	0.370852	0.370852	0.370852	0.370852	0.370852	0.370852	0.370852	0.370852	0.370852	0.370852	0.370852	0.370852	0.370852	0.370852	0.370852	0.370852	0.370852	0.370852	0.370852	0.370852	0.370852	0.370852	0.370852	0.370852	0.370852	0.370852	0.370852	0.370852	0.370852	0.370852	0.370852	0.370852	0.370852	0.370852	0.370852	0.370852	0.370852	0.370852	0.370852	0.370852	0.370852	0.370852	0.370852	0.370852	0.370852	0.370852	0.370852	0.370852	0.370852	0.370852	0.370852	0.370852	0.370852	0.370852	0.370852	0.370852	0.370852	0.370852	0.370852	0.370852	0.370852	0.370852	0.370852	0.370852	0.370852	0.370852	0.370852	0.370852	0.370852	0.370852	0.370852	0.370852	0.370852	0.370852	0.370852	0.370852	0.370852	0.370852	0.370852	0.370852	0.370852	0.387599	0.387599	0.387599	0.387599	0.387599	0.387599	0.387599	0.387599	0.387599	0.387599	0.387599	0.387599	0.387599	0.387599	0.387599	0.387599	0.387599	0.387599	0.387599	0.387599	0.387599	0.387599	0.387599	0.387599	0.387599	0.387599	0.387599	0.418302	0.418302	0.418302	0.418302	0.418302	0.418302	0.418302	0.418302	0.418302	0.418302	0.418302	0.418302	0.418302	0.418302	0.418302	0.418302	0.418302	0.418302	0.418302	0.418302	0.418302	0.418302	0.561849	0.561849	0.561849	0.561849	0.561849	0.561849	0.561849	0.561849	0.561849	0.561849	0.561849	0.561849	0.561849	0.561849	0.561849	0.561849	0.561849	0.561849	0.561849	0.561849	0.561849	0.561849	0.561849
E-Commerce			0.022329	0.022329	0.022329	0.022329	0.022329	0.022329	0.022329	0.022329	0.022329	0.022329	0.022329	0.022329	0.022329	0.022329	0.022329	0.022329	0.022329	0.022329	0.022329	0.022329	0.022329	0.022329	0.022329	0.022329	0.022329	0.022329	0.312612	0.312612	0.312612	0.312612	0.312612	0.312612	0.312612	0.312612	0.334802	0.334802	0.334802	0.334802	0.334802	0.334802	0.334802	0.334802	0.334802	0.334802	0.334802	0.334802	0.334802	0.334802	0.334802	0.334802	0.334802	0.334802	0.334802	0.334802	0.334802	0.334802	0.334802	0.334802	0.334802	0.334802	0.334802	0.334802	0.387723	0.387723	0.387723	0.387723	0.387723	0.387723	0.387723	0.387723	0.387723	0.387723	0.387723	0.387723	0.387723	0.387723	0.406331	0.406331	0.406331	0.406331	0.406331	0.406331	0.406331	0.406331	0.406331	0.406331	0.406331	0.406331	0.406331	0.406331	0.406331	0.406331	0.406331	0.406331	0.406331	0.406331	0.406331	0.406331	0.406331	0.406331	0.406331	0.406331	0.406331	0.406331	0.406331	0.406331	0.406331	0.406331	0.406331	0.406331	0.406331	0.406331	0.406331	0.406331	0.406331	0.406331	0.406331	0.406331	0.406331	0.406331	0.406331	0.406331	0.406331	0.406331	0.406331	0.406331	0.406331	0.406331	0.406331	0.406331	0.406331	0.406331	0.406331	0.406331	0.406331	0.406331	0.406331	0.406331	0.406331	0.406331	0.406331	0.406331	0.406331	0.406331	0.406331	0.406331	0.406331	0.406331	0.406331	0.406331	0.406331	0.406331	0.406331	0.406331	0.406331	0.406331	0.406331	0.406331	0.406331	0.406331	0.406331	0.406331	0.406331	0.406331	0.406331	0.406331	0.406331	0.406331	0.406331	0.406331	0.406331	0.406331	0.406331	0.406331	0.406331	0.406331	0.406331	0.406331	0.406331	0.406331	0.406331	0.406331	0.406331	0.406331	0.406331	0.406331	0.406331	0.406331	0.406331	0.411773	0.411773	0.411773	0.411773	0.411773	0.411773	0.411773	0.411773	0.411773	0.411773	0.411773	0.411773	0.411773	0.411773	0.411773	0.411773	0.411773	0.411773	0.411773	0.411773	0.411773	0.41596	0.41596	0.41596	0.41596	0.41596	0.41596	0.41596	0.41596	0.41596	0.41596	0.41596	0.41596	0.41596	0.41596	0.41596	0.41596	0.41596	0.41596	0.41596	0.41596	0.41596	0.471784	0.471784	0.471784	0.471784	0.471784	0.471784	0.471784	0.471784	0.471784	0.471784	0.471784	0.471784	0.471784	0.471784	0.471784	0.471784	0.471784	0.471784	0.471784	0.48574	0.48574	0.48574	0.48574	0.48574	0.48574	0.48574	0.48574	0.48574	0.48574	0.48574	0.48574	0.48574	0.48574	0.48574	0.48574	0.48574	0.48574	0.48574	0.48574	0.48574	0.48574	0.48574	0.48574	0.48574	0.48574	0.48574	0.48574	0.48574	0.48574	0.499137	0.499137	0.499137	0.499137	0.499137	0.499137	0.499137	0.509186	0.509186	0.509186	0.509186	0.509186	0.509186	0.509186	0.509186	0.509186	0.509186	0.509186	0.509186	0.509186	0.509186	0.509186	0.509186	0.509186	0.509186	0.509186	0.509186	0.509186	0.509186	0.509186	0.509186	0.509186	0.509186	0.509186	0.509186	0.509186	0.509186	0.509186	0.509186	0.509186	0.509186	0.509186	0.509186	0.509186	0.509186	0.509186	0.509186	0.509186	0.509186	0.509186	0.509186	0.509186	0.509186	0.509186	0.509186	0.509186	0.509186	0.509186	0.509186	0.509186	0.509186	0.509186	0.509186	0.509186	0.509186	0.509186	0.509186	0.509186	0.509186	0.509186	0.509186	0.509186	0.509186	0.509186	0.509186	0.509186	0.509186	0.509186	0.509186	0.509186	0.509186	0.509186	0.509186	0.509186	0.509186
Compliance			0	0.000419	0.000419	0.000419	0.000419	0.000419	0.000419	0.000419	0.000419	0.000419	0.000419	0.000419	0.000419	0.000419	0.000419	0.000419	0.000419	0.000419	0.000419	0.000419	0.000419	0.000419	0.000419	0.000419	0.000419	0.000419	0.000419	0.000419	0.000419	0.000419	0.000419	0.000419	0.000419	0.000419	0.167889	0.167889	0.167889	0.167889	0.167889	0.167889	0.167889	0.167889	0.167889	0.167889	0.167889	0.167889	0.167889	0.167889	0.167889	0.167889	0.167889	0.167889	0.167889	0.167889	0.167889	0.167889	0.167889	0.167889	0.167889	0.167889	0.167889	0.167889	0.167889	0.17075	0.17075	0.17075	0.17075	0.17075	0.17075	0.17075	0.17075	0.17075	0.17075	0.17075	0.17075	0.17075	0.17075	0.17075	0.17075	0.17075	0.17075	0.17075	0.17075	0.17075	0.17075	0.173151	0.173151	0.173151	0.173151	0.173151	0.173151	0.173151	0.173151	0.173151	0.173151	0.173151	0.173151	0.173151	0.173151	0.173151	0.173151	0.173151	0.173151	0.173151	0.173151	0.173151	0.173151	0.173151	0.173151	0.173151	0.173151	0.173151	0.173151	0.173151	0.173151	0.173151	0.173151	0.173151	0.173151	0.173151	0.173151	0.173151	0.173151	0.173151	0.173151	0.173151	0.173151	0.173151	0.173151	0.173151	0.173151	0.173151	0.173151	0.173151	0.173151	0.173151	0.173151	0.173151	0.173151	0.173151	0.173151	0.173151	0.173151	0.173151	0.173151	0.173151	0.173151	0.173151	0.173151	0.173151	0.173151	0.173151	0.173151	0.173151	0.173151	0.173151	0.173151	0.173151	0.173151	0.173151	0.173151	0.173151	0.173151	0.173151	0.173151	0.173151	0.173151	0.173151	0.173151	0.173151	0.173151	0.173151	0.173151	0.173151	0.173151	0.173151	0.173151	0.173151	0.173151	0.173151	0.173151	0.173151	0.173151	0.173151	0.173151	0.173151	0.173151	0.173151	0.173151	0.173151	0.173151	0.173151	0.173151	0.173151	0.173151	0.173151	0.173151	0.173151	0.173151	0.173151	0.173151	0.173151	0.173151	0.244924	0.244924	0.244924	0.244924	0.244924	0.244924	0.244924	0.244924	0.244924	0.244924	0.244924	0.244924	0.244924	0.244924	0.244924	0.244924	0.244924	0.244924	0.244924	0.244924	0.244924	0.244924	0.244924	0.244924	0.244924	0.244924	0.244924	0.244924	0.244924	0.244924	0.244924	0.244924	0.244924	0.244924	0.244924	0.244924	0.244924	0.244924	0.244924	0.244924	0.244924	0.244924	0.244924	0.244924	0.244924	0.244924	0.244924	0.244924	0.244924	0.244924	0.244924	0.244924	0.244924	0.244924	0.244924	0.244924	0.244924	0.244924	0.244924	0.244924	0.244924	0.244924	0.244924	0.244924	0.244924	0.244924	0.244924	0.244924	0.244924	0.244924	0.244924	0.244924	0.244924	0.244924	0.244924	0.244924	0.244924	0.244924	0.244924	0.244924	0.244924	0.244924	0.244924	0.244924	0.244924	0.412395	0.412395	0.412395	0.412395	0.412395	0.412395	0.412395	0.412395	0.412395	0.412395	0.412395	0.412395	0.412395	0.412395	0.412395	0.412395	0.412395	0.412395	0.412395	0.412395	0.412395	0.412395	0.412395	0.412395	0.412395	0.412395	0.412395	0.412395	0.412395	0.412395	0.412395	0.412395	0.412395	0.412395	0.412395	0.412395	0.412395	0.412395	0.412395	0.412395	0.412395	0.412395	0.412395	0.412395	0.412395	0.412395	0.412395	0.412395	0.412395	0.412395	0.412395	0.412395	0.412395	0.412395	0.412395	0.412395	0.412395	0.412395	0.412395	0.412395	0.412395	0.412395	0.412395	0.412395	0.412395	0.412395	0.412395	0.412395	0.412395	0.412395	0.412395	0.412395	0.412395	0.412395	0.412395	0.412395	0.412395
Collaboration			0	0	0	0	0	0	0	0	0	0	0	0	0	0	0	0	0	0	0	0	0	0	0	0	0	0	0	0.00851	0.00851	0.00851	0.00851	0.00851	0.00851	0.00851	0.00851	0.00851	0.00851	0.00851	0.00851	0.00851	0.00851	0.00851	0.00851	0.00851	0.00851	0.00851	0.00851	0.00851	0.00851	0.00851	0.00851	0.008845	0.008845	0.008845	0.008845	0.008845	0.008845	0.008845	0.008845	0.008845	0.008845	0.008845	0.008845	0.008845	0.008845	0.008845	0.008845	0.008845	0.008845	0.008845	0.008845	0.008845	0.008845	0.008845	0.008845	0.008845	0.008845	0.008845	0.008845	0.008845	0.008845	0.008845	0.008845	0.008845	0.008845	0.008845	0.008845	0.008845	0.008845	0.008845	0.008845	0.008845	0.008845	0.008845	0.008845	0.008845	0.008845	0.008845	0.008845	0.008845	0.008845	0.008845	0.008845	0.008845	0.008845	0.008845	0.008845	0.008845	0.008845	0.008845	0.008845	0.008845	0.008845	0.008845	0.008845	0.008845	0.008845	0.008845	0.008845	0.008845	0.008845	0.008845	0.008845	0.008845	0.008845	0.008845	0.008845	0.008845	0.008845	0.008845	0.008845	0.008845	0.008845	0.008845	0.008845	0.008845	0.008845	0.008845	0.008845	0.008845	0.008845	0.008845	0.008845	0.008845	0.008845	0.008845	0.008845	0.008845	0.008845	0.008845	0.008845	0.008845	0.008845	0.008845	0.008845	0.008845	0.008845	0.008845	0.008845	0.008845	0.008845	0.008845	0.008845	0.008845	0.008845	0.008845	0.008845	0.008845	0.008845	0.008845	0.008845	0.008845	0.008845	0.008845	0.008845	0.008845	0.008845	0.008845	0.008845	0.008845	0.008845	0.008845	0.008845	0.008845	0.008845	0.008845	0.008845	0.008845	0.008845	0.008845	0.008845	0.008845	0.008845	0.008845	0.008845	0.008845	0.008845	0.008845	0.008845	0.008845	0.008845	0.008845	0.008845	0.008845	0.008845	0.008845	0.008845	0.008845	0.008845	0.008845	0.008845	0.008845	0.008845	0.008845	0.008845	0.008845	0.008845	0.008845	0.008845	0.008845	0.008845	0.008845	0.008845	0.008845	0.008845	0.008845	0.008845	0.008845	0.008845	0.008845	0.008845	0.008845	0.008845	0.008845	0.008845	0.008845	0.008845	0.008845	0.008845	0.008845	0.008845	0.008845	0.008845	0.008845	0.008845	0.008845	0.008845	0.008845	0.008845	0.008845	0.008845	0.343787	0.343787	0.343787	0.343787	0.343787	0.343787	0.343787	0.343787	0.343787	0.343787	0.343787	0.343787	0.343787	0.343787	0.387748	0.387748	0.387748	0.387748	0.387748	0.387748	0.387748	0.387748	0.387748	0.387748	0.387748	0.387748	0.387748	0.387748	0.387748	0.387748	0.387748	0.387748	0.387748	0.387748	0.387748	0.387748	0.387748	0.387748	0.387748	0.387748	0.387748	0.387748	0.387748	0.387748	0.387748	0.387748	0.387748	0.387748	0.387748	0.387748	0.387748	0.387748	0.387748	0.387748	0.387748	0.387748	0.387748	0.387748	0.387748	0.387748	0.387748	0.387748	0.387748	0.387748	0.387748	0.387748	0.387748	0.387748	0.387748	0.387748	0.387748	0.387748	0.387748	0.387748	0.387748	0.387748	0.387748	0.387748	0.387748	0.387748	0.387748	0.387748	0.387748	0.387748	0.387748	0.387748	0.387748	0.387748	0.387748	0.387748	0.387748	0.387748	0.387748	0.387748	0.387748	0.387748	0.387748	0.387748	0.387748	0.387748	0.387748	0.387748	0.387748	0.387748	0.387748	0.387748	0.387748	0.387748	0.387748	0.387748	0.387748	0.387748	0.387748	0.387748
Employment			0	0	0	0	0	0	0	0	0	0	0	0	0	0	0	0	0	0	0	0	0	0	0	0	0	0	0	0	0	0	0	0	0	0	0	0	0	0	0	0	0	0	0	0	0	0	0	0	0	0	0	0	0	0	0	0	0	0.003349	0.003349	0.003349	0.003349	0.003349	0.003349	0.003349	0.003349	0.003349	0.003349	0.003349	0.003349	0.003349	0.003349	0.003349	0.003349	0.003349	0.003349	0.003349	0.003349	0.003349	0.003349	0.003349	0.003349	0.003349	0.003349	0.003349	0.003349	0.003349	0.003349	0.003349	0.003349	0.003349	0.003349	0.003349	0.003349	0.003349	0.003349	0.003349	0.003349	0.003349	0.003349	0.003349	0.003349	0.003349	0.003349	0.003349	0.003349	0.003349	0.003349	0.003349	0.003349	0.003349	0.003349	0.003349	0.003349	0.003349	0.003349	0.003349	0.003349	0.003349	0.003349	0.003349	0.003349	0.003349	0.003349	0.003349	0.003349	0.003349	0.003349	0.003349	0.380159	0.380159	0.380159	0.380159	0.380159	0.380159	0.380159	0.380159	0.380159	0.380159	0.380159	0.380159	0.380159	0.380159	0.380159	0.380159	0.380159	0.380159	0.380159	0.380159	0.380159	0.380159	0.380159	0.380159	0.380159	0.380159	0.380159	0.380159	0.380159	0.380159	0.380159	0.380159	0.380159	0.380159	0.380159	0.380159	0.380159	0.380159	0.380159	0.380159	0.380159	0.380159	0.380159	0.380159	0.380159	0.380159	0.380159	0.380159	0.380159	0.380159	0.380159	0.380159	0.380159	0.380159	0.380159	0.380159	0.380159	0.380159	0.380159	0.380159	0.380159	0.380159	0.380159	0.380159	0.380159	0.380159	0.380159	0.380159	0.380159	0.380159	0.380159	0.380159	0.380159	0.380159	0.380159	0.380159	0.380159	0.383679	0.383679	0.383679	0.383679	0.383679	0.383679	0.383679	0.383679	0.383679	0.383679	0.383679	0.383679	0.383679	0.383679	0.383679	0.383679	0.383679	0.383679	0.383679	0.383679	0.383679	0.383679	0.383679	0.383679	0.383679	0.383679	0.383679	0.383679	0.383679	0.383679	0.383679	0.383679	0.383679	0.383679	0.383679	0.383679	0.383679	0.383679	0.383679	0.383679	0.383679	0.383679	0.383679	0.383679	0.383679	0.383679	0.383679	0.383679	0.383679	0.383679	0.383679	0.383679	0.383679	0.383679	0.383679	0.383679	0.383679	0.383679	0.383679	0.383679	0.383679	0.383679	0.383679	0.383679	0.383679	0.383679	0.383679	0.383679	0.383679	0.383679	0.383679	0.383679	0.383679	0.383679	0.383679	0.383679	0.383679	0.383679	0.383679	0.383679	0.383679	0.383679	0.383679	0.383679	0.383679	0.383679	0.383679	0.383679	0.383679	0.383679	0.383679	0.383679	0.383679	0.383679	0.383679	0.383679	0.383679	0.383679	0.383679	0.383679	0.383679	0.383679	0.383679	0.383679	0.383679	0.383679	0.383679	0.383679	0.383679	0.383679	0.383679	0.383679	0.383679	0.383679	0.383679	0.383679	0.383679	0.383679	0.383679	0.383679	0.383679	0.383679	0.383679	0.383679	0.383679	0.383679	0.383679	0.383679	0.383679	0.383679	0.383679	0.383679	0.383679	0.383679	0.383679	0.383679	0.383679	0.383679	0.383679	0.383679	0.383679	0.383679	0.383679	0.383679	0.383679	0.383679	0.383679	0.383679	0.383679	0.383679	0.383679	0.383679	0.383679	0.383679	0.383679	0.383679	0.383679	0.383679	0.383679	0.383679
Recruiting			0	0	0	0	0	0	0	0	0	0	0	0	0	0	0	0	0	0	0	0	0	0	0	0	0	0	0	0	0	0	0	0	0	0	0.167471	0.167471	0.167471	0.167471	0.167471	0.167471	0.167471	0.167471	0.167471	0.167471	0.167471	0.167471	0.167471	0.167471	0.167471	0.167471	0.167471	0.167471	0.167471	0.167471	0.167471	0.167471	0.167471	0.167471	0.167471	0.167471	0.167471	0.167471	0.167471	0.167471	0.167471	0.167471	0.167471	0.167471	0.167471	0.167471	0.167889	0.167889	0.167889	0.167889	0.167889	0.167889	0.167889	0.167889	0.167889	0.167889	0.167889	0.167889	0.167889	0.167889	0.167889	0.167889	0.167889	0.167889	0.167889	0.167889	0.167889	0.167889	0.167889	0.167889	0.167889	0.167889	0.167889	0.167889	0.167889	0.167889	0.167889	0.167889	0.167889	0.167889	0.167889	0.167889	0.167889	0.167889	0.167889	0.167889	0.167889	0.167889	0.167889	0.167889	0.167889	0.167889	0.167889	0.167889	0.167889	0.167889	0.167889	0.167889	0.167889	0.167889	0.167889	0.167889	0.167889	0.167889	0.167889	0.167889	0.167889	0.167889	0.167889	0.167889	0.167889	0.201996	0.201996	0.201996	0.201996	0.205368	0.205368	0.205368	0.205368	0.205368	0.205368	0.205368	0.205368	0.205368	0.205368	0.205368	0.205368	0.205368	0.205368	0.205368	0.205368	0.205368	0.205368	0.205368	0.205368	0.205368	0.205368	0.205368	0.205368	0.205368	0.205368	0.205368	0.205368	0.205368	0.205368	0.205368	0.205368	0.205368	0.205368	0.205368	0.205368	0.205368	0.205368	0.205368	0.205368	0.205368	0.205368	0.205368	0.205368	0.205368	0.205368	0.205368	0.205368	0.205368	0.205368	0.205368	0.205368	0.205368	0.205368	0.205368	0.205368	0.205368	0.205368	0.205368	0.205368	0.205368	0.205368	0.205368	0.205368	0.205368	0.205368	0.205368	0.205368	0.205368	0.205368	0.205368	0.205368	0.205368	0.205368	0.205368	0.205368	0.205368	0.205368	0.205368	0.205368	0.205368	0.205368	0.205368	0.205368	0.205368	0.205368	0.205368	0.205368	0.205368	0.205368	0.205368	0.205368	0.205368	0.205368	0.205368	0.205368	0.205368	0.205368	0.205368	0.205368	0.205368	0.205368	0.205368	0.205368	0.205368	0.205368	0.205368	0.205368	0.205368	0.205368	0.205368	0.205368	0.205926	0.205926	0.205926	0.205926	0.205926	0.205926	0.205926	0.205926	0.205926	0.205926	0.205926	0.205926	0.205926	0.205926	0.205926	0.205926	0.205926	0.205926	0.205926	0.205926	0.205926	0.205926	0.205926	0.205926	0.205926	0.205926	0.205926	0.205926	0.205926	0.205926	0.205926	0.205926	0.205926	0.205926	0.205926	0.205926	0.205926	0.373397	0.373397	0.373397	0.373397	0.373397	0.373397	0.373397	0.373397	0.373397	0.373397	0.373397	0.373397	0.373397	0.373397	0.373397	0.373397	0.373397	0.373397	0.373397	0.373397	0.373397	0.373397	0.373397	0.373397	0.373397	0.373397	0.373397	0.373397	0.373397	0.373397	0.373397	0.373397	0.373397	0.373397	0.373397	0.373397	0.373397	0.373397	0.373397	0.373397	0.373397	0.373397	0.373397	0.373397	0.373397	0.373397	0.373397	0.373397	0.373397	0.373397	0.373397	0.373397	0.373397	0.373397	0.373397	0.373397	0.373397	0.373397	0.373397	0.373397	0.373397	0.373397	0.373397	0.373397	0.373397	0.373397	0.373397	0.373397	0.373397	0.373397	0.373397	0.373397	0.373397	0.373397	0.373397	0.373397	0.373397
Renewable Energy			0	0	0	0	0	0	0	0	0	0	0	0	0	0	0	0	0	0	0	0	0	0	0	0	0	0	0	0.355875	0.355875	0.355875	0.355875	0.355875	0.355875	0.355875	0.355875	0.355875	0.355875	0.355875	0.355875	0.355875	0.355875	0.355875	0.355875	0.355875	0.355875	0.355875	0.355875	0.355875	0.355875	0.355875	0.355875	0.355875	0.355875	0.355875	0.355875	0.355875	0.355875	0.355875	0.355875	0.355875	0.355875	0.355875	0.355875	0.355875	0.355875	0.355875	0.355875	0.355875	0.355875	0.355875	0.355875	0.355875	0.355875	0.355875	0.355875	0.355875	0.355875	0.355875	0.355875	0.355875	0.355875	0.355875	0.355875	0.355875	0.355875	0.355875	0.355875	0.355875	0.355875	0.355875	0.355875	0.355875	0.355875	0.355875	0.355875	0.355875	0.355875	0.355875	0.355875	0.355875	0.355875	0.355875	0.355875	0.355875	0.355875	0.355875	0.355875	0.355875	0.355875	0.355875	0.355875	0.355875	0.355875	0.355875	0.355875	0.355875	0.355875	0.355875	0.355875	0.355875	0.355875	0.355875	0.355875	0.355875	0.355875	0.355875	0.355875	0.355875	0.355875	0.355875	0.355875	0.355875	0.355875	0.355875	0.355875	0.355875	0.355875	0.355875	0.355875	0.355875	0.355875	0.355875	0.355875	0.355875	0.355875	0.355875	0.355875	0.355875	0.355875	0.355875	0.355875	0.355875	0.355875	0.355875	0.355875	0.355875	0.355875	0.355875	0.355875	0.355875	0.355875	0.355875	0.355875	0.355875	0.355875	0.355875	0.355875	0.355875	0.355875	0.355875	0.355875	0.355875	0.355875	0.355875	0.355875	0.355875	0.355875	0.355875	0.355875	0.355875	0.355875	0.355875	0.355875	0.355875	0.355875	0.355875	0.355875	0.355875	0.355875	0.355875	0.355875	0.355875	0.355875	0.355875	0.355875	0.355875	0.355875	0.355875	0.355875	0.355875	0.355875	0.355875	0.355875	0.355875	0.355875	0.355875	0.355875	0.355875	0.355875	0.355875	0.355875	0.355875	0.355875	0.355875	0.355875	0.355875	0.355875	0.355875	0.355875	0.355875	0.355875	0.355875	0.355875	0.355875	0.355875	0.355875	0.355875	0.355875	0.355875	0.355875	0.355875	0.355875	0.355875	0.355875	0.355875	0.355875	0.355875	0.355875	0.355875	0.355875	0.355875	0.355875	0.355875	0.355875	0.355875	0.355875	0.355875	0.355875	0.355875	0.355875	0.355875	0.355875	0.355875	0.355875	0.355875	0.355875	0.355875	0.355875	0.355875	0.355875	0.355875	0.355875	0.355875	0.355875	0.355875	0.355875	0.355875	0.355875	0.355875	0.355875	0.355875	0.355875	0.355875	0.355875	0.355875	0.355875	0.355875	0.355875	0.355875	0.355875	0.355875	0.355875	0.355875	0.355875	0.355875	0.355875	0.355875	0.355875	0.355875	0.355875	0.355875	0.355875	0.355875	0.372623	0.372623	0.372623	0.372623	0.372623	0.372623	0.372623	0.372623	0.372623	0.372623	0.372623	0.372623	0.372623	0.372623	0.372623	0.372623	0.372623	0.372623	0.372623	0.372623	0.372623	0.372623	0.372623	0.372623	0.372623	0.372623	0.372623	0.372623	0.372623	0.372623	0.372623	0.372623	0.372623	0.372623	0.372623	0.372623	0.372623	0.372623	0.372623	0.372623	0.372623	0.372623	0.372623	0.372623	0.372623	0.372623	0.372623	0.372623	0.372623	0.372623	0.372623	0.372623	0.372623	0.372623	0.372623	0.372623	0.372623	0.372623	0.372623	0.372623	0.372623	0.372623	0.372623	0.372623	0.372623	0.372623	0.372623	0.372623	0.372623	0.372623	0.372623	0.372623
Manufacturing			0	0	0	0	0	0	0	0	0	0	0	0	0	0	0	0	0	0	0	0	0	0	0	0	0	0	0	0	0	0	0	0	0	0	0	0	0	0	0	0	0	0	0	0	0	0	0	0	0	0	0	0	0	0	0	0	0	0	0	0	0	0	0	0	0	0	0	0	0	0	0	0.153515	0.153515	0.153515	0.153515	0.153515	0.153515	0.153515	0.153515	0.153515	0.153515	0.153515	0.153515	0.153515	0.153515	0.153515	0.187009	0.187009	0.187009	0.187009	0.187009	0.187009	0.187009	0.187009	0.187009	0.187009	0.187009	0.187009	0.187009	0.187009	0.187009	0.187009	0.187009	0.187009	0.187009	0.187009	0.187009	0.187009	0.187009	0.187009	0.187009	0.187009	0.187009	0.187009	0.187009	0.187009	0.187009	0.187009	0.187009	0.187009	0.187009	0.187009	0.187009	0.187009	0.187009	0.187009	0.187009	0.187009	0.187009	0.187009	0.187009	0.187009	0.187009	0.187009	0.187009	0.187009	0.187009	0.187009	0.187009	0.187009	0.187009	0.187009	0.187009	0.187009	0.187009	0.187009	0.187009	0.187009	0.187009	0.187009	0.187009	0.187009	0.207873	0.207873	0.207873	0.207873	0.207873	0.207873	0.207873	0.207873	0.207873	0.208112	0.208112	0.208112	0.208112	0.208112	0.208112	0.208112	0.208112	0.208112	0.208112	0.208112	0.208112	0.208112	0.208112	0.208112	0.208112	0.208112	0.208112	0.208112	0.208112	0.208112	0.208112	0.208112	0.208112	0.208112	0.208112	0.208112	0.208112	0.208112	0.208112	0.208112	0.208112	0.208112	0.208112	0.208112	0.208112	0.208112	0.208112	0.208112	0.208112	0.208112	0.208112	0.208112	0.208112	0.208112	0.208112	0.208112	0.208112	0.208112	0.208112	0.208112	0.208112	0.208112	0.208112	0.208112	0.208112	0.208112	0.208112	0.208112	0.208112	0.208112	0.208112	0.208112	0.208112	0.208112	0.208112	0.208112	0.208112	0.208112	0.208112	0.208112	0.208112	0.208112	0.208112	0.208112	0.208112	0.208112	0.208112	0.208112	0.208112	0.208112	0.208112	0.208112	0.208112	0.208112	0.208112	0.208112	0.208112	0.208112	0.208112	0.208112	0.208112	0.208112	0.208112	0.208112	0.208112	0.208112	0.208112	0.208112	0.208112	0.208112	0.208112	0.208112	0.208112	0.208112	0.208112	0.208112	0.208112	0.208112	0.208112	0.208112	0.208112	0.208112	0.208112	0.208112	0.208112	0.208112	0.208112	0.208112	0.208112	0.208112	0.208112	0.208112	0.208112	0.208112	0.208112	0.208112	0.208112	0.208112	0.208112	0.208112	0.208112	0.208112	0.208112	0.208112	0.208112	0.208112	0.208112	0.208112	0.208112	0.208112	0.208112	0.208112	0.208112	0.208112	0.208112	0.208112	0.208112	0.208112	0.208112	0.208112	0.208112	0.208112	0.208112	0.208112	0.208112	0.208112	0.208112	0.208112	0.208112	0.216218	0.216218	0.216218	0.216218	0.216218	0.216218	0.216218	0.216218	0.216218	0.216218	0.216218	0.216218	0.216218	0.216218	0.216218	0.216218	0.216218	0.216218	0.216218	0.216218	0.216218	0.359764	0.359764	0.359764	0.359764	0.359764	0.359764	0.359764	0.359764	0.359764	0.359764	0.359764	0.359764	0.359764	0.359764	0.359764	0.359764	0.359764	0.359764	0.359764	0.359764	0.359764	0.359764	0.359764
Environmental Engineering			0	0	0	0	0	0	0	0	0	0	0	0	0	0	0	0	0	0	0	0	0	0	0	0	0	0	0	0.355875	0.355875	0.355875	0.355875	0.355875	0.355875	0.355875	0.355875	0.355875	0.355875	0.355875	0.355875	0.355875	0.355875	0.355875	0.355875	0.355875	0.355875	0.355875	0.355875	0.355875	0.355875	0.355875	0.355875	0.355875	0.355875	0.355875	0.355875	0.355875	0.355875	0.355875	0.355875	0.355875	0.355875	0.355875	0.355875	0.355875	0.355875	0.355875	0.355875	0.355875	0.355875	0.355875	0.355875	0.355875	0.355875	0.355875	0.355875	0.355875	0.355875	0.355875	0.355875	0.355875	0.355875	0.355875	0.355875	0.355875	0.355875	0.355875	0.355875	0.355875	0.355875	0.355875	0.355875	0.355875	0.355875	0.355875	0.355875	0.355875	0.355875	0.355875	0.355875	0.355875	0.355875	0.355875	0.355875	0.355875	0.355875	0.355875	0.355875	0.355875	0.355875	0.355875	0.355875	0.355875	0.355875	0.355875	0.355875	0.355875	0.355875	0.355875	0.355875	0.355875	0.355875	0.355875	0.355875	0.355875	0.355875	0.355875	0.355875	0.355875	0.355875	0.355875	0.355875	0.355875	0.355875	0.355875	0.355875	0.355875	0.355875	0.355875	0.355875	0.355875	0.355875	0.355875	0.355875	0.355875	0.355875	0.355875	0.355875	0.355875	0.355875	0.355875	0.355875	0.355875	0.355875	0.355875	0.355875	0.355875	0.355875	0.355875	0.355875	0.355875	0.355875	0.356115	0.356223	0.356223	0.356223	0.356223	0.356223	0.356223	0.356223	0.356223	0.356223	0.356223	0.356223	0.356223	0.356223	0.356223	0.356223	0.356223	0.356223	0.356223	0.356223	0.356223	0.356223	0.356223	0.356223	0.356223	0.356223	0.356223	0.356223	0.356223	0.356223	0.356223	0.356223	0.356223	0.356223	0.356223	0.356223	0.356223	0.356223	0.356223	0.356223	0.356223	0.356223	0.356223	0.356223	0.356223	0.356223	0.356223	0.356223	0.356223	0.356223	0.356223	0.356223	0.356223	0.356223	0.356223	0.356223	0.356223	0.356223	0.356223	0.356223	0.356223	0.356223	0.356223	0.356223	0.356223	0.356223	0.356223	0.356223	0.356223	0.356223	0.356223	0.356223	0.356223	0.356223	0.356223	0.356223	0.356223	0.356223	0.356223	0.356223	0.356223	0.356223	0.356223	0.356223	0.356223	0.356223	0.356223	0.356223	0.356223	0.356223	0.356223	0.356223	0.356223	0.356223	0.356223	0.356223	0.356223	0.356223	0.356223	0.356223	0.356223	0.356223	0.356223	0.356223	0.356223	0.356223	0.356223	0.356223	0.356223	0.356223	0.356223	0.356223	0.356223	0.356223	0.356223	0.356223	0.356223	0.356223	0.356223	0.356223	0.356223	0.356223	0.356223	0.356223	0.356223	0.356223	0.356223	0.356223	0.356223	0.356223	0.356223	0.356223	0.356223	0.356223	0.356223	0.356223	0.356223	0.356223	0.356223	0.356223	0.356223	0.356223	0.356223	0.356223	0.356223	0.356223	0.356223	0.356223	0.356223	0.356223	0.356223	0.356223	0.356223	0.356223	0.356223	0.356223	0.356223	0.356223	0.356223	0.356223	0.356223	0.356223	0.356223	0.356223	0.356223	0.356223	0.356223	0.356223	0.356223	0.356223	0.356223	0.356223	0.356223	0.356223	0.356223	0.356223	0.356223	0.356223	0.356223	0.356223	0.356223	0.356223	0.356223	0.356223	0.356223	0.356223	0.356223	0.356223	0.356223	0.356223	0.356223	0.356223	0.356223	0.356223	0.356223	0.356223	0.356223	0.356223	0.356223	0.356223	0.356223	0.356223	0.356223	0.356223
Nuclear			0	0	0	0	0	0	0	0	0	0	0	0	0	0	0	0	0	0	0	0	0	0	0	0	0	0	0	0.355875	0.355875	0.355875	0.355875	0.355875	0.355875	0.355875	0.355875	0.355875	0.355875	0.355875	0.355875	0.355875	0.355875	0.355875	0.355875	0.355875	0.355875	0.355875	0.355875	0.355875	0.355875	0.355875	0.355875	0.355875	0.355875	0.355875	0.355875	0.355875	0.355875	0.355875	0.355875	0.355875	0.355875	0.355875	0.355875	0.355875	0.355875	0.355875	0.355875	0.355875	0.355875	0.355875	0.355875	0.355875	0.355875	0.355875	0.355875	0.355875	0.355875	0.355875	0.355875	0.355875	0.355875	0.355875	0.355875	0.355875	0.355875	0.355875	0.355875	0.355875	0.355875	0.355875	0.355875	0.355875	0.355875	0.355875	0.355875	0.355875	0.355875	0.355875	0.355875	0.355875	0.355875	0.355875	0.355875	0.355875	0.355875	0.355875	0.355875	0.355875	0.355875	0.355875	0.355875	0.355875	0.355875	0.355875	0.355875	0.355875	0.355875	0.355875	0.355875	0.355875	0.355875	0.355875	0.355875	0.355875	0.355875	0.355875	0.355875	0.355875	0.355875	0.355875	0.355875	0.355875	0.355875	0.355875	0.355875	0.355875	0.355875	0.355875	0.355875	0.355875	0.355875	0.355875	0.355875	0.355875	0.355875	0.355875	0.355875	0.355875	0.355875	0.355875	0.355875	0.355875	0.355875	0.355875	0.355875	0.355875	0.355875	0.355875	0.355875	0.355875	0.355875	0.355875	0.355875	0.355875	0.355875	0.355875	0.355875	0.355875	0.355875	0.355875	0.355875	0.355875	0.355875	0.355875	0.355875	0.355875	0.355875	0.355875	0.355875	0.355875	0.355875	0.355875	0.355875	0.355875	0.355875	0.355875	0.355875	0.355875	0.355875	0.355875	0.355875	0.355875	0.355875	0.355875	0.355875	0.355875	0.355875	0.355875	0.355875	0.355875	0.355875	0.355875	0.355875	0.355875	0.355875	0.355875	0.355875	0.355875	0.355875	0.355875	0.355875	0.355875	0.355875	0.355875	0.355875	0.355875	0.355875	0.355875	0.355875	0.355875	0.355875	0.355875	0.355875	0.355875	0.355875	0.355875	0.355875	0.355875	0.355875	0.355875	0.355875	0.355875	0.355875	0.355875	0.355875	0.355875	0.355875	0.355875	0.355875	0.355875	0.355875	0.355875	0.355875	0.355875	0.355875	0.355875	0.355875	0.355875	0.355875	0.355875	0.355875	0.355875	0.355875	0.355875	0.355875	0.355875	0.355875	0.355875	0.355875	0.355875	0.355875	0.355875	0.355875	0.355875	0.355875	0.355875	0.355875	0.355875	0.355875	0.355875	0.355875	0.355875	0.355875	0.355875	0.355875	0.355875	0.355875	0.355875	0.355875	0.355875	0.355875	0.355875	0.355875	0.355875	0.355875	0.355875	0.355875	0.355875	0.355875	0.355875	0.355875	0.355875	0.355875	0.355875	0.355875	0.355875	0.355875	0.355875	0.355875	0.355875	0.355875	0.355875	0.355875	0.355875	0.355875	0.355875	0.355875	0.355875	0.355875	0.355875	0.355875	0.355875	0.355875	0.355875	0.355875	0.355875	0.355875	0.355875	0.355875	0.355875	0.355875	0.355875	0.355875	0.355875	0.355875	0.355875	0.355875	0.355875	0.355875	0.355875	0.355875	0.355875	0.355875	0.355875	0.355875	0.355875	0.355875	0.355875	0.355875	0.355875	0.355875	0.355875	0.355875	0.355875	0.355875	0.355875	0.355875	0.355875	0.355875	0.355875	0.355875	0.355875	0.355875	0.355875	0.355875	0.355875	0.355875	0.355875	0.355875	0.355875	0.355875	0.355875	0.355875	0.355875	0.355875
Information Services			0	0	0	0	0	0	0	0	0	0	0	0	0	0	0	0	0	0	0	0	0	0	0	0	0	0	0	0	0	0	0	0	0	0	0.17082	0.17082	0.17082	0.17082	0.17082	0.17082	0.17082	0.17082	0.17082	0.17082	0.17082	0.17082	0.17082	0.17082	0.17082	0.17082	0.17082	0.17082	0.17082	0.17082	0.17082	0.17082	0.17082	0.17082	0.17082	0.17082	0.17082	0.17082	0.17082	0.17082	0.17082	0.17082	0.17082	0.17082	0.17082	0.17082	0.17082	0.17082	0.17082	0.17082	0.17082	0.17082	0.17082	0.17082	0.17082	0.17082	0.17082	0.17082	0.17082	0.17082	0.17082	0.17082	0.17082	0.17082	0.17082	0.17082	0.17082	0.17082	0.17082	0.17082	0.17082	0.17082	0.17082	0.17082	0.17082	0.17082	0.17082	0.17082	0.17082	0.17082	0.17082	0.17082	0.17082	0.17082	0.17082	0.17082	0.17082	0.17082	0.17082	0.17082	0.17082	0.17082	0.17082	0.17082	0.17082	0.17082	0.17082	0.17082	0.17082	0.17082	0.17082	0.17082	0.17082	0.17082	0.17082	0.17082	0.17082	0.17082	0.17082	0.17082	0.17082	0.17082	0.17082	0.17082	0.17082	0.17082	0.17082	0.17082	0.17082	0.17082	0.17082	0.17082	0.17082	0.173835	0.173835	0.173835	0.173835	0.173835	0.173835	0.173835	0.173835	0.173835	0.180246	0.180246	0.180246	0.180246	0.180246	0.180246	0.180246	0.180246	0.180246	0.180246	0.180246	0.180246	0.180246	0.180246	0.180246	0.180246	0.180246	0.180246	0.180246	0.180246	0.180246	0.180246	0.180246	0.180246	0.180246	0.180246	0.180246	0.180246	0.180246	0.180246	0.180246	0.180246	0.180246	0.180246	0.180246	0.180246	0.180246	0.180246	0.180246	0.180246	0.180246	0.180246	0.180246	0.180246	0.180246	0.180246	0.180246	0.180246	0.180246	0.180246	0.180246	0.180246	0.180246	0.180246	0.180246	0.180246	0.180246	0.180246	0.180246	0.180246	0.180246	0.180246	0.180246	0.180246	0.180246	0.180246	0.180246	0.180246	0.180246	0.180246	0.180246	0.180246	0.180246	0.180246	0.180246	0.180246	0.180246	0.180246	0.180246	0.180246	0.180246	0.180246	0.180246	0.180246	0.180246	0.180246	0.180246	0.180246	0.180246	0.180246	0.180246	0.180246	0.180246	0.180246	0.180246	0.180246	0.180246	0.180246	0.180246	0.180246	0.180246	0.180246	0.180246	0.180246	0.180246	0.180246	0.180246	0.180246	0.180246	0.180246	0.180246	0.180246	0.180246	0.180246	0.180246	0.180246	0.180246	0.180246	0.180246	0.180246	0.180246	0.180246	0.180246	0.180246	0.180246	0.180246	0.180246	0.180246	0.180246	0.180246	0.180246	0.180246	0.347717	0.347717	0.347717	0.347717	0.347717	0.347717	0.347717	0.347717	0.347717	0.347717	0.347717	0.347717	0.347717	0.347717	0.347717	0.347717	0.347717	0.347717	0.347717	0.347717	0.347717	0.347717	0.347717	0.347717	0.347717	0.347717	0.347717	0.347717	0.347717	0.347717	0.347717	0.347717	0.347717	0.347717	0.347717	0.347717	0.347717	0.347717	0.347717	0.347717	0.347717	0.347717	0.347717	0.347717	0.347717	0.347717	0.347717	0.347717	0.347717	0.347717	0.347717	0.347717	0.347717	0.347717	0.347717	0.347717	0.347717	0.347717	0.347717	0.347717	0.347717	0.347717	0.347717	0.347717	0.347717	0.347717	0.347717	0.347717	0.347717	0.347717	0.347717	0.347717	0.347717	0.347717	0.347717	0.347717	0.347717
Health Care			0	0.000419	0.000419	0.000419	0.000419	0.000419	0.000419	0.000419	0.000419	0.000419	0.000419	0.000419	0.070756	0.070756	0.070756	0.070756	0.070756	0.070756	0.070756	0.070756	0.074106	0.074106	0.074106	0.074106	0.074106	0.074106	0.074106	0.074106	0.074106	0.075014	0.075014	0.075014	0.075014	0.075014	0.075014	0.075014	0.075014	0.075014	0.075014	0.075014	0.075014	0.075014	0.104321	0.104321	0.104321	0.104321	0.104321	0.104321	0.11359	0.11359	0.11359	0.11359	0.11359	0.11359	0.11359	0.11359	0.11359	0.11359	0.11359	0.11359	0.11359	0.11359	0.11359	0.11359	0.11359	0.11359	0.11359	0.11359	0.11359	0.11359	0.11359	0.132936	0.132936	0.132936	0.132936	0.134779	0.134779	0.134779	0.134779	0.134779	0.134779	0.134779	0.134779	0.134779	0.13683	0.13683	0.13683	0.13683	0.13683	0.13683	0.13683	0.13683	0.13683	0.13683	0.13683	0.13683	0.13683	0.13683	0.13683	0.13683	0.13683	0.13683	0.13683	0.13683	0.13683	0.14018	0.140347	0.140347	0.140347	0.140347	0.140347	0.140347	0.168625	0.168625	0.168625	0.168625	0.168625	0.168625	0.168625	0.168625	0.168625	0.168625	0.168625	0.168625	0.168625	0.168625	0.168625	0.168625	0.168625	0.168625	0.168625	0.168625	0.168625	0.168625	0.269107	0.269107	0.269107	0.269107	0.269107	0.269107	0.269107	0.269107	0.269107	0.269107	0.269107	0.269107	0.269107	0.270715	0.270715	0.270715	0.270715	0.270715	0.270715	0.270715	0.270715	0.270715	0.277127	0.277127	0.277127	0.277127	0.277127	0.277685	0.277685	0.277685	0.277685	0.277685	0.277685	0.277685	0.277685	0.277685	0.277685	0.277685	0.277685	0.277685	0.277685	0.277685	0.277685	0.277685	0.277685	0.277685	0.277685	0.277685	0.277685	0.277685	0.277685	0.277685	0.277685	0.277685	0.277685	0.277685	0.277685	0.277685	0.277685	0.277685	0.277685	0.27802	0.27802	0.27802	0.286393	0.286393	0.286393	0.286393	0.286393	0.286393	0.286393	0.289913	0.289913	0.289913	0.289913	0.289913	0.289913	0.289913	0.289913	0.289913	0.289913	0.289913	0.289913	0.289913	0.289913	0.289913	0.289913	0.289913	0.289913	0.289913	0.289913	0.289913	0.28993	0.28993	0.28993	0.28993	0.28993	0.28993	0.28993	0.28993	0.28993	0.28993	0.28993	0.28993	0.28993	0.28993	0.28993	0.28993	0.28993	0.28993	0.28993	0.28993	0.28993	0.28993	0.28993	0.28993	0.28993	0.28993	0.28993	0.28993	0.28993	0.28993	0.28993	0.28993	0.289951	0.289951	0.289951	0.289951	0.289951	0.289951	0.289951	0.289951	0.289951	0.289951	0.289951	0.289951	0.289951	0.289951	0.289951	0.290788	0.290788	0.290788	0.290788	0.290788	0.290788	0.290788	0.290788	0.290788	0.290788	0.290788	0.290788	0.290788	0.290788	0.290788	0.290788	0.290788	0.290788	0.290788	0.290788	0.290788	0.290788	0.329703	0.329703	0.329703	0.329703	0.329703	0.329703	0.329703	0.329703	0.329703	0.329703	0.329703	0.329703	0.329703	0.329703	0.329703	0.329703	0.329703	0.329703	0.329703	0.329703	0.329703	0.329703	0.329703	0.329703	0.329703	0.329703	0.329703	0.329703	0.329703	0.329703	0.329703	0.329703	0.329703	0.332495	0.332495	0.332495	0.332495	0.332495	0.332495	0.332495	0.332495	0.332495	0.332495	0.332495	0.332495	0.332495	0.332495	0.332495	0.332495	0.332495	0.332495	0.332495	0.332495	0.332495	0.332495	0.332495	0.332495	0.332495	0.332495	0.332495	0.332495	0.335577	0.335577	0.335577	0.335577	0.335577	0.335577	0.335577	0.335577	0.335577
Web Hosting			0	0	0	0	0	0	0	0	0	0	0	0	0	0	0	0	0	0	0	0	0	0	0	0	0	0	0	0	0	0	0	0	0	0	0	0	0	0	0	0	0	0	0	0	0	0	0	0	0	0	0	0	0	0	0	0	0	0	0	0	0	0	0	0	0	0	0	0	0	0	0	0	0	0	0	0	0	0	0	0	0	0	0	0	0	0	0	0	0	0	0	0	0	0	0.000335	0.000335	0.000335	0.000335	0.000335	0.000335	0.000335	0.000335	0.000335	0.000335	0.000335	0.000335	0.000335	0.000335	0.000335	0.000335	0.000335	0.000335	0.000335	0.000335	0.000335	0.000335	0.000335	0.000335	0.000335	0.000335	0.000335	0.000335	0.000335	0.000335	0.000335	0.000335	0.000335	0.000335	0.000335	0.000335	0.000335	0.000335	0.000335	0.000335	0.000335	0.000335	0.000335	0.000335	0.000335	0.000335	0.000335	0.000335	0.000335	0.000335	0.000335	0.000335	0.000335	0.000335	0.000335	0.000335	0.000335	0.000335	0.000335	0.000335	0.000335	0.000335	0.000335	0.000335	0.000335	0.000335	0.000335	0.000335	0.000335	0.000335	0.000335	0.000335	0.000335	0.000335	0.000335	0.000335	0.000335	0.000335	0.000335	0.000335	0.000335	0.000335	0.000335	0.000335	0.000335	0.000335	0.000335	0.000335	0.000335	0.000335	0.000335	0.000335	0.000335	0.000335	0.000335	0.000335	0.000335	0.000335	0.000335	0.000335	0.000335	0.000335	0.000335	0.000335	0.000335	0.000335	0.000335	0.000335	0.000335	0.000335	0.000335	0.000335	0.000335	0.000335	0.000335	0.000335	0.000335	0.000335	0.000335	0.000335	0.000335	0.000335	0.000335	0.000335	0.000335	0.000335	0.000335	0.000335	0.000335	0.000335	0.000335	0.000335	0.000335	0.000335	0.000335	0.000335	0.000335	0.000335	0.000335	0.000335	0.000335	0.000335	0.000335	0.000335	0.000335	0.000335	0.000335	0.000335	0.000335	0.000335	0.000335	0.000335	0.000335	0.000335	0.000335	0.000335	0.000335	0.335277	0.335277	0.335277	0.335277	0.335277	0.335277	0.335277	0.335277	0.335277	0.335277	0.335277	0.335277	0.335277	0.335277	0.335277	0.335277	0.335277	0.335277	0.335277	0.335277	0.335277	0.335277	0.335277	0.335277	0.335277	0.335277	0.335277	0.335277	0.335277	0.335277	0.335277	0.335277	0.335277	0.335277	0.335277	0.335277	0.335277	0.335277	0.335277	0.335277	0.335277	0.335277	0.335277	0.335277	0.335277	0.335277	0.335277	0.335277	0.335277	0.335277	0.335277	0.335277	0.335277	0.335277	0.335277	0.335277	0.335277	0.335277	0.335277	0.335277	0.335277	0.335277	0.335277	0.335277	0.335277	0.335277	0.335277	0.335277	0.335277	0.335277	0.335277	0.335277	0.335277	0.335277	0.335277	0.335277	0.335277	0.335277	0.335277	0.335277	0.335277	0.335277	0.335277	0.335277	0.335277	0.335277	0.335277	0.335277	0.335277	0.335277	0.335277	0.335277	0.335277	0.335277	0.335277	0.335277	0.335277	0.335277	0.335277	0.335277	0.335277	0.335277	0.335277	0.335277	0.335277	0.335277	0.335277	0.335277	0.335277	0.335277	0.335277	0.335277	0.335277	0.335277
Developer Tools			0	0	0	0	0	0	0	0	0	0	0	0	0	0	0	0	0	0	0	0	0	0	0	0	0	0	0	0	0	0	0	0	0	0	0	0	0	0	0	0	0	0	0	0	0	0	0	0	0	0	0	0	0	0	0	0	0	0	0	0	0	0	0	0	0	0	0	0	0	0	0.000279	0.000279	0.000279	0.000279	0.000279	0.000279	0.000279	0.000279	0.000279	0.000279	0.000279	0.000279	0.000279	0.000279	0.000279	0.000279	0.000279	0.000279	0.000279	0.000279	0.000279	0.000279	0.000279	0.000279	0.000279	0.000279	0.000279	0.000279	0.000279	0.005303	0.005303	0.005303	0.005303	0.005303	0.005303	0.005303	0.005303	0.005303	0.005303	0.005303	0.005303	0.005303	0.005303	0.005303	0.005303	0.005303	0.005303	0.005303	0.005303	0.005303	0.005303	0.005303	0.005303	0.005303	0.005303	0.005303	0.007983	0.007983	0.007983	0.007983	0.007983	0.007983	0.007983	0.007983	0.007983	0.007983	0.007983	0.007983	0.007983	0.007983	0.007983	0.041477	0.041477	0.041477	0.041477	0.041477	0.041477	0.041477	0.041477	0.041477	0.041477	0.041477	0.041477	0.041477	0.041477	0.041477	0.041477	0.041477	0.041477	0.088369	0.088369	0.089764	0.089764	0.089764	0.089764	0.089764	0.089764	0.089764	0.089764	0.089764	0.089764	0.089764	0.089764	0.089764	0.089764	0.089764	0.089764	0.089764	0.089764	0.089764	0.090323	0.109747	0.109747	0.109747	0.109747	0.109747	0.109747	0.109747	0.109747	0.109747	0.109747	0.109747	0.109747	0.109747	0.109747	0.109747	0.109747	0.109747	0.109747	0.109747	0.109747	0.109747	0.109747	0.109747	0.109747	0.109747	0.109747	0.109747	0.109747	0.109747	0.214416	0.214416	0.214416	0.214416	0.214416	0.214416	0.214416	0.214416	0.214416	0.214416	0.214416	0.214416	0.214416	0.214416	0.214416	0.214416	0.214416	0.214416	0.214416	0.214416	0.214416	0.222455	0.222455	0.222455	0.222455	0.222455	0.222455	0.222455	0.222455	0.222455	0.222455	0.222455	0.222455	0.222455	0.222455	0.222455	0.222455	0.222455	0.222455	0.222455	0.222455	0.224716	0.224716	0.224716	0.224716	0.224716	0.224716	0.224716	0.224716	0.224716	0.224716	0.224716	0.224716	0.224716	0.224716	0.224716	0.224716	0.231415	0.231415	0.231415	0.231415	0.281656	0.291927	0.296081	0.296081	0.296081	0.296081	0.296081	0.296081	0.296081	0.296081	0.296081	0.296081	0.296081	0.296081	0.296081	0.296081	0.303449	0.303449	0.303449	0.303449	0.303449	0.303449	0.303449	0.303449	0.303449	0.303449	0.303449	0.303449	0.303449	0.303449	0.303449	0.303449	0.303449	0.303449	0.303449	0.303449	0.303449	0.303449	0.303449	0.303449	0.303449	0.303449	0.303449	0.303449	0.303449	0.303449	0.303449	0.303449	0.303449	0.303449	0.335018	0.335018	0.335018	0.335018	0.335018	0.335018	0.335018	0.335018	0.335018	0.335018	0.335018	0.335018	0.335018	0.335018	0.335018	0.335018	0.335018	0.335018	0.335018	0.335018	0.335018	0.335018	0.335018	0.335018	0.335018	0.335018	0.335018	0.335018	0.335018	0.335018	0.335018	0.335018	0.335018	0.335018	0.335018	0.335018	0.335018	0.335018	0.335018	0.335018	0.335018	0.335018	0.335018	0.335018
File Sharing			0	0	0	0	0	0	0	0	0	0	0	0	0	0	0	0	0	0	0	0	0	0	0	0	0	0	0	0	0	0	0	0	0	0	0	0	0	0	0	0	0	0	0	0	0	0	0	0	0	0	0	0	0	0	0	0	0	0	0	0	0	0	0	0	0	0	0	0	0	0	0	0	0	0	0	0	0	0	0	0	0	0	0	0	0	0	0	0	0	0	0	0	0	0	0	0	0	0	0	0	0	0	0	0	0	0	0	0	0	0	0	0	0	0	0	0	0	0	0	0	0	0	0	0	0	0	0	0	0	0	0	0	0	0	0	0	0	0	0	0	0	0	0	0	0	0	0	0	0	0	0	0	0	0	0	0	0	0	0	0	0	0	0	0	0	0	0	0	0	0	0	0	0	0	0	0	0	0	0	0	0	0	0	0	0	0	0	0	0	0	0	0	0	0	0	0	0	0	0	0	0	0	0	0	0	0	0	0	0	0	0	0	0	0	0	0	0	0	0	0	0	0	0	0	0	0	0	0	0	0	0	0	0	0	0	0	0	0	0	0	0	0	0	0	0	0	0	0	0	0	0	0.334942	0.334942	0.334942	0.334942	0.334942	0.334942	0.334942	0.334942	0.334942	0.334942	0.334942	0.334942	0.334942	0.334942	0.334942	0.334942	0.334942	0.334942	0.334942	0.334942	0.334942	0.334942	0.334942	0.334942	0.334942	0.334942	0.334942	0.334942	0.334942	0.334942	0.334942	0.334942	0.334942	0.334942	0.334942	0.334942	0.334942	0.334942	0.334942	0.334942	0.334942	0.334942	0.334942	0.334942	0.334942	0.334942	0.334942	0.334942	0.334942	0.334942	0.334942	0.334942	0.334942	0.334942	0.334942	0.334942	0.334942	0.334942	0.334942	0.334942	0.334942	0.334942	0.334942	0.334942	0.334942	0.334942	0.334942	0.334942	0.334942	0.334942	0.334942	0.334942	0.334942	0.334942	0.334942	0.334942	0.334942	0.334942	0.334942	0.334942	0.334942	0.334942	0.334942	0.334942	0.334942	0.334942	0.334942	0.334942	0.334942	0.334942	0.334942	0.334942	0.334942	0.334942	0.334942	0.334942	0.334942	0.334942	0.334942	0.334942	0.334942	0.334942	0.334942	0.334942	0.334942	0.334942	0.334942	0.334942	0.334942	0.334942	0.334942	0.334942	0.334942	0.334942
Private Cloud			0	0	0	0	0	0	0	0	0	0	0	0	0	0	0	0	0	0	0	0	0	0	0	0	0	0	0	0	0	0	0	0	0	0	0	0	0	0	0	0	0	0	0	0	0	0	0	0	0	0	0	0	0	0	0	0	0	0	0	0	0	0	0	0	0	0	0	0	0	0	0	0	0	0	0	0	0	0	0	0	0	0	0	0	0	0	0	0	0	0	0	0	0	0	0	0	0	0	0	0	0	0	0	0	0	0	0	0	0	0	0	0	0	0	0	0	0	0	0	0	0	0	0	0	0	0	0	0	0	0	0	0	0	0	0	0	0	0	0	0	0	0	0	0	0	0	0	0	0	0	0	0	0	0	0	0	0	0	0	0	0	0	0	0	0	0	0	0	0	0	0	0	0	0	0	0	0	0	0	0	0	0	0	0	0	0	0	0	0	0	0	0	0	0	0	0	0	0	0	0	0	0	0	0	0	0	0	0	0	0	0	0	0	0	0	0	0	0	0	0	0	0	0	0	0	0	0	0	0	0	0	0	0	0	0	0	0	0	0	0	0	0	0	0	0	0	0	0	0	0	0	0.334942	0.334942	0.334942	0.334942	0.334942	0.334942	0.334942	0.334942	0.334942	0.334942	0.334942	0.334942	0.334942	0.334942	0.334942	0.334942	0.334942	0.334942	0.334942	0.334942	0.334942	0.334942	0.334942	0.334942	0.334942	0.334942	0.334942	0.334942	0.334942	0.334942	0.334942	0.334942	0.334942	0.334942	0.334942	0.334942	0.334942	0.334942	0.334942	0.334942	0.334942	0.334942	0.334942	0.334942	0.334942	0.334942	0.334942	0.334942	0.334942	0.334942	0.334942	0.334942	0.334942	0.334942	0.334942	0.334942	0.334942	0.334942	0.334942	0.334942	0.334942	0.334942	0.334942	0.334942	0.334942	0.334942	0.334942	0.334942	0.334942	0.334942	0.334942	0.334942	0.334942	0.334942	0.334942	0.334942	0.334942	0.334942	0.334942	0.334942	0.334942	0.334942	0.334942	0.334942	0.334942	0.334942	0.334942	0.334942	0.334942	0.334942	0.334942	0.334942	0.334942	0.334942	0.334942	0.334942	0.334942	0.334942	0.334942	0.334942	0.334942	0.334942	0.334942	0.334942	0.334942	0.334942	0.334942	0.334942	0.334942	0.334942	0.334942	0.334942	0.334942	0.334942
Fashion			0	0	0	0	0	0	0	0	0	0	0	0	0	0	0	0	0	0	0	0	0	0	0	0	0	0	0.290283	0.290283	0.290283	0.290283	0.290283	0.290283	0.290283	0.290283	0.290283	0.290283	0.290283	0.290283	0.290283	0.290283	0.290283	0.290283	0.290283	0.290283	0.290283	0.290283	0.290283	0.290283	0.290283	0.290283	0.290283	0.290283	0.290283	0.290283	0.290283	0.290283	0.290283	0.290283	0.290283	0.290283	0.290283	0.290283	0.290283	0.290283	0.290283	0.290283	0.290283	0.290283	0.290283	0.290283	0.290283	0.290283	0.290283	0.290283	0.290283	0.290283	0.290283	0.290283	0.290283	0.290283	0.290283	0.290283	0.290283	0.290283	0.290283	0.290283	0.323777	0.323777	0.323777	0.323777	0.323777	0.323777	0.323777	0.323777	0.323777	0.323777	0.323777	0.323777	0.323777	0.323777	0.323777	0.323777	0.323777	0.323777	0.323777	0.323777	0.323777	0.323777	0.323777	0.323777	0.323777	0.323777	0.323777	0.323777	0.323777	0.323777	0.323777	0.323777	0.323777	0.323777	0.323777	0.323777	0.323777	0.323777	0.323777	0.323777	0.323777	0.323777	0.323777	0.323777	0.323777	0.323777	0.323777	0.323777	0.323777	0.323777	0.323777	0.323777	0.323777	0.323777	0.323777	0.323777	0.323777	0.323777	0.323777	0.323777	0.323777	0.323777	0.323777	0.323777	0.323777	0.323777	0.323777	0.323777	0.323777	0.323777	0.323777	0.323777	0.323777	0.323777	0.323777	0.323777	0.323777	0.323777	0.323777	0.323777	0.323777	0.323777	0.323777	0.323777	0.323777	0.323777	0.323777	0.323777	0.323777	0.323777	0.323777	0.323777	0.323777	0.323777	0.323777	0.323777	0.323777	0.323777	0.323777	0.323777	0.323777	0.323777	0.323777	0.323777	0.323777	0.323777	0.323777	0.323777	0.323777	0.323777	0.323777	0.323777	0.323777	0.323777	0.323777	0.323777	0.323777	0.323777	0.323777	0.323777	0.323777	0.323777	0.323777	0.323777	0.323777	0.323777	0.323777	0.323777	0.323777	0.323777	0.323777	0.323777	0.323777	0.323777	0.323777	0.323777	0.323777	0.323777	0.323777	0.323777	0.323777	0.323777	0.323777	0.323777	0.323777	0.323777	0.323777	0.323777	0.323777	0.323777	0.323777	0.323777	0.323777	0.323777	0.323777	0.323777	0.323777	0.323777	0.323777	0.323777	0.323777	0.323777	0.323777	0.323777	0.323777	0.323777	0.323777	0.323777	0.323777	0.323777	0.323777	0.323777	0.323777	0.323777	0.323777	0.323777	0.323777	0.323777	0.323777	0.323777	0.323777	0.323777	0.323777	0.323777	0.323777	0.323777	0.323777	0.323777	0.323777	0.323777	0.323777	0.323777	0.323777	0.323777	0.323777	0.323777	0.323777	0.323777	0.323777	0.323777	0.323777	0.323777	0.323777	0.323777	0.323777	0.323777	0.323777	0.323777	0.323777	0.323777	0.323777	0.323777	0.323777	0.323777	0.323777	0.323777	0.323777	0.323777	0.323777	0.323777	0.323777	0.323777	0.323777	0.323777	0.323777	0.323777	0.323777	0.323777	0.323777	0.323777	0.323777	0.323777	0.323777	0.323777	0.323777	0.323777	0.323777	0.323777	0.323777	0.323777	0.323777	0.323777	0.323777	0.323777	0.323777	0.323777	0.323777	0.323777	0.323777	0.323777	0.323777	0.323777	0.323777	0.323777	0.323777	0.323777	0.323777	0.323777	0.323777	0.323777	0.323777	0.323777	0.323777	0.323777	0.323777	0.323777	0.323777	0.323777	0.323777	0.323777	0.323777	0.323777	0.323777	0.323777	0.323777	0.323777	0.323777	0.323777	0.323777
Big Data			0	0	0	0	0	0	0	0	0	0	0	0	0	0	0	0	0	0	0	0	0	0.001914	0.001914	0.001914	0.001914	0.001914	0.001914	0.001914	0.001914	0.001914	0.001914	0.001914	0.001914	0.001914	0.001914	0.001914	0.001914	0.001914	0.001914	0.001914	0.001914	0.001914	0.001914	0.001914	0.001914	0.001914	0.001914	0.001914	0.001914	0.001914	0.001914	0.001914	0.001914	0.001914	0.001914	0.001914	0.001914	0.001914	0.001914	0.001914	0.001914	0.001914	0.054835	0.054835	0.054863	0.054863	0.054863	0.054863	0.054863	0.054863	0.054863	0.054863	0.054863	0.054863	0.054863	0.054863	0.054863	0.054863	0.054863	0.054863	0.054863	0.054863	0.054863	0.054863	0.054863	0.054863	0.054863	0.054863	0.054863	0.054863	0.054863	0.054863	0.054863	0.054863	0.054863	0.054863	0.054863	0.054863	0.054863	0.054863	0.054863	0.054863	0.054863	0.054863	0.054863	0.054863	0.054863	0.054863	0.054863	0.054863	0.054863	0.054863	0.054863	0.054863	0.054863	0.054863	0.054863	0.054863	0.054863	0.07161	0.07161	0.07161	0.07161	0.07161	0.07161	0.07161	0.07161	0.07161	0.07161	0.07161	0.07161	0.07161	0.07161	0.07161	0.07161	0.07161	0.07161	0.07161	0.07161	0.07161	0.07161	0.105104	0.105104	0.105104	0.105104	0.105104	0.105104	0.105104	0.105104	0.105104	0.105104	0.105104	0.105104	0.105104	0.105104	0.105104	0.111516	0.111516	0.111516	0.111516	0.111516	0.279266	0.279266	0.279266	0.279266	0.279266	0.279266	0.279266	0.279266	0.279266	0.279266	0.279266	0.279266	0.279266	0.279266	0.279266	0.279266	0.279266	0.279266	0.279266	0.279266	0.279266	0.279266	0.279266	0.279266	0.279266	0.279266	0.279266	0.279266	0.279266	0.279266	0.279266	0.279266	0.279266	0.279266	0.279266	0.279266	0.279266	0.279266	0.279266	0.279266	0.279266	0.279266	0.279266	0.279266	0.279266	0.279266	0.279266	0.279266	0.279266	0.279266	0.279266	0.279266	0.279266	0.279266	0.279266	0.279266	0.279266	0.279266	0.279266	0.279266	0.279266	0.279266	0.279266	0.279266	0.279266	0.279266	0.279266	0.279266	0.279266	0.279266	0.279266	0.279266	0.279266	0.279266	0.279266	0.279266	0.279266	0.279266	0.279266	0.279266	0.279266	0.279266	0.279266	0.279266	0.279266	0.279266	0.279266	0.279266	0.279266	0.279266	0.279266	0.279266	0.279266	0.279266	0.279266	0.279266	0.279266	0.279266	0.279266	0.279266	0.279266	0.279266	0.279266	0.279266	0.279266	0.279266	0.279266	0.279266	0.279266	0.279266	0.279266	0.279266	0.279266	0.279266	0.279266	0.279266	0.279266	0.279266	0.279266	0.279266	0.279266	0.279266	0.279266	0.279266	0.279266	0.279266	0.279266	0.279266	0.279266	0.279266	0.279266	0.279266	0.279266	0.279266	0.279266	0.279266	0.279266	0.279266	0.279266	0.279266	0.279266	0.279266	0.279266	0.279266	0.279266	0.279266	0.279266	0.279266	0.279266	0.279266	0.279266	0.279266	0.279266	0.279266	0.279266	0.279266	0.279266	0.279266	0.279266	0.279266	0.279266	0.279266	0.279266	0.279266	0.279266	0.279266	0.279266	0.279266	0.279266	0.279266	0.279266	0.279266	0.279266	0.279266	0.279266	0.279266	0.279266	0.279266	0.279266	0.279266	0.279266	0.279266	0.279266	0.279266	0.279266	0.279266	0.279266	0.279266	0.279266	0.279266	0.279266	0.279266	0.279266	0.279266	0.279266	0.279266	0.279266	0.279266	0.279266	0.279266	0.279266	0.279266	0.279266	0.279266
Analytics			0	0	0	0	0	0	0	0	0	0	0	0	0.070338	0.070338	0.070338	0.070338	0.070338	0.070338	0.070338	0.070338	0.070338	0.072252	0.072252	0.072252	0.072252	0.072252	0.072252	0.072252	0.072252	0.072252	0.072252	0.072252	0.072252	0.072252	0.072252	0.072252	0.072252	0.072252	0.072252	0.072252	0.072252	0.072252	0.072252	0.072252	0.072252	0.072252	0.072252	0.072252	0.072252	0.072252	0.072252	0.072252	0.072252	0.072252	0.072252	0.072252	0.072252	0.072252	0.072252	0.072252	0.072252	0.072252	0.072252	0.072252	0.072252	0.072252	0.072252	0.072252	0.072252	0.072252	0.072252	0.072252	0.072252	0.072252	0.072252	0.072252	0.072252	0.072252	0.072252	0.072252	0.072252	0.072252	0.078951	0.078951	0.078951	0.078951	0.078951	0.078951	0.078951	0.078951	0.078951	0.078951	0.078951	0.078951	0.078951	0.078951	0.133977	0.133977	0.133977	0.133977	0.133977	0.133977	0.133977	0.133977	0.133977	0.135316	0.135316	0.135316	0.135316	0.135316	0.135316	0.135316	0.135316	0.135316	0.135316	0.135316	0.135316	0.135316	0.135316	0.135316	0.135316	0.135316	0.135316	0.135316	0.135316	0.135316	0.135316	0.135316	0.135316	0.135316	0.135316	0.135316	0.135316	0.135316	0.135364	0.135364	0.135364	0.135364	0.135364	0.135364	0.135364	0.135364	0.135364	0.135364	0.135364	0.135364	0.135364	0.135364	0.135364	0.135364	0.135364	0.135364	0.135364	0.135364	0.135364	0.135364	0.141776	0.141776	0.141776	0.188668	0.188668	0.189366	0.189366	0.189366	0.189366	0.189366	0.189366	0.189366	0.189366	0.189366	0.189366	0.189366	0.189366	0.189366	0.189366	0.189366	0.189366	0.189366	0.189366	0.189366	0.189366	0.189366	0.189366	0.189366	0.189366	0.189366	0.189366	0.189366	0.189366	0.189366	0.189366	0.189366	0.189366	0.189366	0.189366	0.189366	0.189366	0.189366	0.189366	0.189366	0.189366	0.189366	0.189366	0.189366	0.189366	0.189366	0.189366	0.189366	0.189366	0.189366	0.189366	0.189366	0.189366	0.189366	0.189366	0.189366	0.189366	0.189366	0.189366	0.189366	0.189366	0.189366	0.189366	0.189366	0.189366	0.1895	0.1895	0.1895	0.1895	0.1895	0.1895	0.1895	0.1895	0.1895	0.1895	0.1895	0.1895	0.1895	0.1895	0.1895	0.1895	0.1895	0.1895	0.1895	0.1895	0.218974	0.218974	0.218974	0.218974	0.218974	0.218974	0.218974	0.218974	0.218974	0.218974	0.218974	0.218974	0.218974	0.218974	0.218974	0.218974	0.218974	0.218974	0.218974	0.218974	0.218974	0.218974	0.218974	0.218974	0.218974	0.218974	0.269216	0.269216	0.269216	0.269216	0.269216	0.269216	0.269216	0.269216	0.269216	0.269216	0.269216	0.269216	0.269216	0.269216	0.269216	0.269216	0.269216	0.269216	0.269216	0.269216	0.269216	0.269216	0.269216	0.269216	0.269216	0.269216	0.269216	0.269216	0.269216	0.269216	0.269216	0.269216	0.269216	0.269216	0.269216	0.269216	0.269216	0.269216	0.269216	0.269216	0.269216	0.269216	0.269216	0.269216	0.269216	0.269216	0.269216	0.269216	0.269216	0.269216	0.269216	0.269216	0.269216	0.269216	0.269216	0.269216	0.269216	0.269216	0.269216	0.269216	0.269216	0.269216	0.269216	0.269216	0.269216	0.269216	0.269216	0.269216	0.269216	0.269216	0.269216	0.269216	0.269216	0.269216	0.269216	0.269216	0.269216	0.269216	0.269216	0.269216	0.269216	0.269216	0.269216	0.269216	0.269216	0.269216	0.269216	0.269216	0.269216	0.269216	0.269216	0.269216	0.269216	0.269216
Hardware			0	0	0	0	0	0	0	0.014737	0.014737	0.014737	0.014737	0.014737	0.014737	0.014737	0.014737	0.014737	0.014737	0.014737	0.014737	0.014737	0.014737	0.014737	0.014737	0.014737	0.014737	0.014737	0.028135	0.028135	0.028135	0.028135	0.028135	0.028135	0.028135	0.028135	0.028135	0.028135	0.028135	0.028135	0.028135	0.028135	0.028135	0.028135	0.028135	0.028135	0.028135	0.028135	0.028135	0.028135	0.028135	0.028135	0.028135	0.028135	0.028135	0.028135	0.028135	0.028135	0.028135	0.028135	0.028135	0.028135	0.028135	0.028135	0.028135	0.028135	0.028135	0.028135	0.028135	0.028135	0.028135	0.028135	0.028135	0.028135	0.028135	0.028135	0.028135	0.028135	0.028135	0.028135	0.028135	0.028135	0.028135	0.028135	0.028135	0.028135	0.028135	0.028135	0.028135	0.028135	0.028135	0.028135	0.028135	0.028135	0.028135	0.028135	0.028135	0.028135	0.028135	0.028135	0.028135	0.028135	0.028135	0.028135	0.028135	0.028135	0.028135	0.028135	0.028135	0.028135	0.028135	0.028135	0.028135	0.028135	0.028135	0.028135	0.028135	0.028135	0.028135	0.028135	0.028135	0.044882	0.044882	0.044882	0.044882	0.044882	0.044882	0.044882	0.044882	0.044882	0.044882	0.044882	0.044882	0.044882	0.044882	0.044882	0.044882	0.044882	0.044882	0.044882	0.044882	0.044882	0.044882	0.044882	0.044882	0.044882	0.044882	0.044882	0.044882	0.044882	0.044882	0.044882	0.044882	0.044882	0.044882	0.044882	0.044882	0.044882	0.044882	0.044882	0.044882	0.044882	0.044882	0.212353	0.212353	0.212353	0.212353	0.212353	0.212353	0.212353	0.212353	0.212353	0.212353	0.212353	0.212353	0.212353	0.212353	0.212353	0.212353	0.212353	0.212353	0.212353	0.212353	0.212353	0.212353	0.212353	0.212353	0.212353	0.212353	0.212353	0.212353	0.212353	0.212353	0.212353	0.212353	0.212353	0.212353	0.212353	0.212353	0.212353	0.212353	0.212353	0.212353	0.212353	0.212353	0.212353	0.212353	0.212353	0.212353	0.212353	0.212353	0.212353	0.212353	0.212353	0.212353	0.212353	0.212353	0.212353	0.212353	0.212353	0.212353	0.212353	0.212353	0.212353	0.212353	0.212353	0.212353	0.212353	0.212353	0.212353	0.212353	0.212353	0.212353	0.212353	0.212353	0.212353	0.212353	0.212353	0.212353	0.212353	0.212353	0.212353	0.212353	0.212353	0.212353	0.212353	0.212353	0.212353	0.212353	0.212353	0.212353	0.212353	0.212353	0.212353	0.212353	0.212353	0.212353	0.212353	0.212353	0.212353	0.212353	0.212353	0.212353	0.212353	0.212353	0.212353	0.212353	0.212353	0.212353	0.212353	0.212353	0.212353	0.212353	0.212353	0.212353	0.212353	0.212353	0.212353	0.212353	0.212353	0.212353	0.212353	0.212353	0.212353	0.212353	0.212353	0.212353	0.212353	0.212353	0.212353	0.212353	0.212353	0.212353	0.212353	0.212353	0.212353	0.212353	0.212353	0.212353	0.212353	0.212353	0.212353	0.212353	0.212353	0.212353	0.212353	0.212353	0.212353	0.212353	0.212353	0.212353	0.212353	0.212353	0.212353	0.212353	0.212353	0.212353	0.212353	0.212353	0.212353	0.212353	0.212353	0.243056	0.243056	0.243056	0.243056	0.243056	0.243056	0.243056	0.243056	0.243056	0.243056	0.243056	0.243056	0.243056	0.243056	0.243056	0.243056	0.243056	0.243056	0.257621	0.257621	0.257621	0.257621	0.257621	0.257621	0.257621	0.257621	0.257621	0.257621	0.257621	0.257621	0.257621	0.257621	0.257621	0.257621	0.257621	0.257621	0.257621	0.257621	0.257621	0.257621	0.257621	0.257621	0.257621	0.257621	0.257621
Real Estate			0	0	0	0	0	0	0	0	0	0	0	0	0	0	0	0	0	0	0	0	0	0	0	0	0	0	0	0.00851	0.00851	0.00851	0.00851	0.00851	0.00851	0.00851	0.00851	0.00851	0.00851	0.00851	0.00851	0.00851	0.00851	0.00851	0.00851	0.00851	0.00851	0.00851	0.00851	0.00851	0.00851	0.00851	0.00851	0.00851	0.00851	0.00851	0.00851	0.00851	0.00851	0.00851	0.00851	0.00851	0.00851	0.00851	0.00851	0.00851	0.00851	0.00851	0.00851	0.00851	0.00851	0.00851	0.00851	0.00851	0.00851	0.00851	0.00851	0.00851	0.00851	0.00851	0.00851	0.00851	0.00851	0.00851	0.00851	0.00851	0.00851	0.00851	0.00851	0.00851	0.00851	0.00851	0.009037	0.009037	0.009037	0.009037	0.009037	0.009037	0.009037	0.009037	0.009037	0.009037	0.009037	0.009037	0.009037	0.009037	0.009037	0.009037	0.009037	0.009037	0.009037	0.009037	0.009037	0.009037	0.009037	0.009037	0.009037	0.009037	0.009037	0.009037	0.009037	0.009037	0.009037	0.009037	0.009037	0.009037	0.009037	0.009037	0.009037	0.009037	0.009037	0.009037	0.009037	0.009037	0.009037	0.009037	0.009037	0.009037	0.009037	0.009037	0.009037	0.009037	0.009037	0.009037	0.009037	0.009037	0.009037	0.009037	0.009037	0.009037	0.009037	0.009037	0.009037	0.009037	0.009037	0.009037	0.009037	0.009037	0.009037	0.009037	0.009037	0.009037	0.009037	0.009037	0.009037	0.009037	0.009037	0.009037	0.009037	0.009037	0.232331	0.232331	0.232331	0.232331	0.232331	0.232331	0.232331	0.232331	0.232331	0.232331	0.232331	0.232331	0.232331	0.232331	0.232331	0.232331	0.232331	0.232331	0.232331	0.232331	0.232331	0.232331	0.232331	0.232331	0.232331	0.232331	0.232331	0.232331	0.232331	0.232331	0.232331	0.232331	0.232331	0.232331	0.232331	0.232331	0.232331	0.232331	0.232331	0.232331	0.232331	0.232331	0.232331	0.232331	0.232331	0.232331	0.232331	0.232331	0.232331	0.232331	0.232331	0.232331	0.232331	0.232331	0.232331	0.232331	0.232331	0.232331	0.232331	0.232331	0.232331	0.232331	0.232331	0.232331	0.232331	0.232331	0.232331	0.232331	0.232331	0.232331	0.232331	0.232331	0.232331	0.232331	0.232331	0.232331	0.232331	0.232331	0.232331	0.232331	0.232331	0.232331	0.232331	0.232331	0.232331	0.232331	0.232331	0.232331	0.232331	0.232331	0.232331	0.232331	0.232331	0.232331	0.232331	0.232331	0.232331	0.232331	0.232331	0.232331	0.232331	0.232331	0.232331	0.232331	0.232331	0.232331	0.232331	0.232331	0.232331	0.232331	0.232331	0.232331	0.232331	0.232331	0.232331	0.232331	0.232331	0.232331	0.232331	0.232331	0.232331	0.232331	0.232331	0.232331	0.232331	0.232331	0.232331	0.232331	0.232331	0.232331	0.232331	0.232331	0.232331	0.232331	0.232331	0.232331	0.232331	0.232331	0.232331	0.232331	0.232331	0.232331	0.232331	0.232331	0.232331	0.232331	0.232331	0.232331	0.232331	0.232331	0.232331	0.232331	0.232331	0.232331	0.232331	0.232331	0.232331	0.232331	0.232331	0.232331	0.232331	0.232331	0.232331	0.232331	0.232331	0.232331	0.232331	0.232331	0.232331	0.232331	0.232331	0.232331	0.232331	0.232331	0.232331	0.232331	0.232331	0.232331	0.232331	0.232331	0.244891	0.244891	0.244891	0.244891	0.244891	0.244891	0.244891	0.244891	0.244891	0.244891	0.244891	0.244891	0.244891	0.244891	0.244891	0.244891	0.244891
Aerospace			0	0	0	0	0	0	0	0	0	0	0	0	0	0	0	0	0	0	0	0	0	0	0	0	0	0	0	0	0	0	0	0	0	0	0	0	0	0	0	0	0.005582	0.005582	0.005582	0.005582	0.005582	0.005582	0.005582	0.005582	0.005582	0.005582	0.005582	0.005582	0.005582	0.005582	0.005582	0.005582	0.005582	0.005582	0.005582	0.005582	0.005582	0.005582	0.005582	0.005582	0.005582	0.005582	0.005582	0.005582	0.005582	0.005582	0.005582	0.005582	0.005582	0.005582	0.005582	0.005582	0.005582	0.005582	0.005582	0.005582	0.005582	0.005582	0.005582	0.005582	0.005582	0.005582	0.005582	0.005582	0.005582	0.005582	0.005582	0.005582	0.005582	0.005582	0.005582	0.005582	0.005582	0.005582	0.005582	0.005582	0.005582	0.005582	0.005582	0.005582	0.005582	0.005582	0.005582	0.005582	0.005582	0.005582	0.005582	0.005582	0.005582	0.005582	0.005582	0.005582	0.005582	0.005582	0.005582	0.005582	0.005582	0.005582	0.005582	0.005582	0.005582	0.005582	0.005582	0.005582	0.005582	0.005582	0.005582	0.005582	0.005582	0.005582	0.005582	0.005582	0.005582	0.005582	0.005582	0.005582	0.005582	0.005582	0.005582	0.005582	0.005582	0.005582	0.005582	0.005582	0.005582	0.007257	0.007257	0.007257	0.007257	0.007257	0.007257	0.007257	0.007257	0.007257	0.007257	0.032043	0.032043	0.032043	0.033909	0.033909	0.033909	0.033909	0.033909	0.033909	0.033909	0.033909	0.033909	0.033909	0.033909	0.033909	0.033909	0.033909	0.037258	0.037258	0.037258	0.037258	0.041724	0.041724	0.041724	0.041724	0.041724	0.041724	0.041724	0.041724	0.041724	0.041724	0.041724	0.041724	0.041724	0.041724	0.041724	0.041724	0.041724	0.041724	0.041724	0.041724	0.041724	0.041724	0.041724	0.041724	0.041724	0.041724	0.041724	0.041724	0.041724	0.041724	0.041724	0.041724	0.041724	0.041724	0.041724	0.041724	0.041724	0.041724	0.041724	0.041724	0.041724	0.041724	0.041724	0.041724	0.041724	0.041724	0.041724	0.041724	0.041724	0.041724	0.041724	0.041724	0.041724	0.041724	0.041724	0.041724	0.041724	0.041724	0.041724	0.041724	0.041724	0.041724	0.041724	0.041724	0.041724	0.041724	0.041724	0.041724	0.041724	0.041724	0.041724	0.041724	0.041724	0.041724	0.041724	0.041724	0.041724	0.041724	0.041724	0.041724	0.041724	0.041724	0.041724	0.041724	0.041724	0.041724	0.041724	0.041724	0.041724	0.041724	0.041724	0.041724	0.041724	0.041724	0.041724	0.041724	0.041724	0.041724	0.041724	0.041724	0.041724	0.041724	0.041724	0.041724	0.041724	0.041724	0.049539	0.049539	0.049539	0.049539	0.049539	0.049539	0.049539	0.049539	0.049539	0.049539	0.049539	0.049539	0.049539	0.049539	0.049539	0.049539	0.049539	0.049539	0.049539	0.049539	0.057913	0.057913	0.057913	0.057913	0.057913	0.057913	0.057913	0.057913	0.057913	0.057913	0.057913	0.057913	0.057913	0.057913	0.057913	0.057913	0.057913	0.057913	0.057913	0.057913	0.057913	0.057913	0.057913	0.057913	0.057913	0.057913	0.057913	0.057913	0.081694	0.081694	0.081694	0.081694	0.081694	0.081694	0.081694	0.081694	0.22524	0.22524	0.22524	0.22524	0.22524	0.22524	0.22524	0.22524	0.22524	0.22524	0.22524	0.22524	0.22524	0.22524	0.22524	0.22524	0.22524	0.22524	0.22524	0.22524	0.22524	0.22524	0.22524
AI Infrastructure			0	0	0	0	0	0	0	0	0	0	0	0	0	0	0	0	0	0	0	0	0	0	0	0	0	0	0	0	0	0	0	0	0	0	0	0	0	0	0	0	0	0	0	0	0	0	0	0	0	0	0	0	0	0	0	0	0	0	0	0	0	0	0	0	0	0	0	0	0	0	0	0	0	0	0	0	0	0	0	0	0	0	0	0	0	0	0	0	0	0	0	0	0	0	0	0	0	0	0	0	0	0	0	0	0	0	0	0	0	0	0	0	0.023446	0.023446	0.023446	0.023446	0.023446	0.023446	0.023446	0.040193	0.040193	0.040193	0.040193	0.040193	0.040193	0.040193	0.040193	0.040193	0.040193	0.040193	0.040193	0.040193	0.040193	0.040193	0.040193	0.040193	0.040193	0.040193	0.040193	0.040193	0.040193	0.040193	0.040193	0.040193	0.040193	0.040193	0.040193	0.040193	0.040193	0.040193	0.040193	0.040193	0.040193	0.040193	0.040193	0.040193	0.040193	0.040193	0.040193	0.040193	0.040193	0.207664	0.207664	0.207664	0.207664	0.207664	0.207664	0.207664	0.207664	0.207664	0.207664	0.207664	0.207664	0.207664	0.207664	0.207664	0.207664	0.207664	0.207664	0.207664	0.207664	0.207664	0.207664	0.207664	0.207664	0.207664	0.207664	0.207664	0.207664	0.207664	0.207664	0.207664	0.207664	0.207664	0.207664	0.207664	0.207664	0.207664	0.207664	0.207664	0.207664	0.207664	0.207664	0.207664	0.207664	0.207664	0.207664	0.207664	0.207664	0.207664	0.207664	0.207664	0.207664	0.207664	0.207664	0.207664	0.207664	0.207664	0.207664	0.207664	0.207664	0.207664	0.207664	0.207664	0.207664	0.207664	0.207664	0.207664	0.207664	0.207664	0.207664	0.207664	0.207664	0.207664	0.207664	0.207664	0.207664	0.207664	0.207664	0.207664	0.207664	0.207664	0.207664	0.207664	0.207664	0.207664	0.207664	0.207664	0.207664	0.207664	0.207664	0.207664	0.207664	0.207664	0.207664	0.207664	0.207664	0.207664	0.207664	0.207664	0.207664	0.207664	0.207664	0.207664	0.207664	0.207664	0.207664	0.207664	0.207664	0.207664	0.207664	0.207664	0.207664	0.207664	0.207664	0.207664	0.207664	0.207664	0.207664	0.207664	0.207664	0.207664	0.207664	0.207664	0.207664	0.207664	0.207664	0.207664	0.207664	0.207664	0.207664	0.207664	0.207664	0.207664	0.207664	0.207664	0.207664	0.207664	0.207664	0.207664	0.207664	0.207664	0.207664	0.207664	0.207664	0.207664	0.207664	0.207664	0.207664	0.207664	0.207664	0.207664	0.207664	0.207664	0.207664	0.207664	0.207664	0.207664	0.207664	0.207664	0.207664	0.207664	0.207664	0.207664	0.207664	0.207664	0.207664	0.207664	0.207664	0.207664	0.207664	0.207664	0.207664	0.207664	0.207664	0.207664	0.207664	0.207664	0.207664	0.207664	0.207664	0.207664	0.207664	0.207664	0.207664	0.207664	0.207664	0.207664	0.207664	0.207664	0.207664	0.207664	0.207664	0.207664	0.207664	0.207664	0.207664	0.207664	0.207664	0.207664	0.207664	0.207664	0.207664	0.207664	0.207664
Power Grid			0	0	0	0	0	0	0	0.014737	0.014737	0.014737	0.014737	0.014737	0.014737	0.014737	0.014737	0.014737	0.014737	0.014737	0.014737	0.014737	0.014737	0.014737	0.014737	0.014737	0.014737	0.014737	0.014737	0.014737	0.014737	0.014737	0.014737	0.014737	0.014737	0.014737	0.014737	0.014737	0.014737	0.014737	0.014737	0.014737	0.014737	0.014737	0.014737	0.014737	0.014737	0.014737	0.014737	0.014737	0.014737	0.014737	0.014737	0.014737	0.014737	0.014737	0.014737	0.014737	0.014737	0.014737	0.014737	0.014737	0.014737	0.014737	0.014737	0.014737	0.014737	0.014737	0.014737	0.014737	0.014737	0.014737	0.014737	0.014737	0.014737	0.014737	0.014737	0.014737	0.014737	0.014737	0.014737	0.014737	0.014737	0.014737	0.014737	0.014737	0.014737	0.014737	0.014737	0.014737	0.014737	0.014737	0.014737	0.014737	0.014737	0.014737	0.014737	0.014737	0.014737	0.014737	0.014737	0.014737	0.014737	0.014737	0.014737	0.014737	0.014737	0.014737	0.014737	0.014737	0.014737	0.014737	0.014737	0.014737	0.014737	0.014737	0.014737	0.014737	0.014737	0.014737	0.014737	0.014737	0.014737	0.014737	0.014737	0.014737	0.014737	0.014737	0.014737	0.014737	0.014737	0.014737	0.014737	0.014737	0.014737	0.014737	0.014737	0.014737	0.014737	0.014737	0.014737	0.014737	0.014737	0.014737	0.014737	0.014737	0.014737	0.014737	0.014737	0.014737	0.014737	0.014737	0.014737	0.014737	0.014737	0.014737	0.014737	0.014737	0.014737	0.014737	0.014737	0.014737	0.014737	0.014737	0.014737	0.014737	0.014737	0.014737	0.014737	0.014737	0.014737	0.014737	0.014737	0.014737	0.014737	0.014737	0.014737	0.014737	0.014737	0.014737	0.014737	0.014737	0.014737	0.014737	0.014737	0.014737	0.014737	0.014737	0.014737	0.014737	0.014737	0.014737	0.014737	0.014737	0.014737	0.014737	0.014737	0.014737	0.014737	0.014737	0.014737	0.014737	0.014737	0.014737	0.014737	0.014737	0.014737	0.014737	0.014737	0.014737	0.014737	0.014737	0.014737	0.014737	0.014737	0.014737	0.014737	0.014737	0.014737	0.014737	0.014737	0.014737	0.014737	0.014737	0.014737	0.014737	0.014737	0.014737	0.014737	0.014737	0.014737	0.014737	0.014737	0.014737	0.014737	0.014737	0.014737	0.014737	0.014737	0.014737	0.014737	0.014737	0.014737	0.014737	0.014737	0.014737	0.014737	0.014737	0.014737	0.014737	0.014737	0.014737	0.014737	0.014737	0.014737	0.014737	0.014737	0.014737	0.014737	0.014737	0.014737	0.014737	0.014737	0.014737	0.014737	0.014737	0.014737	0.014737	0.014737	0.014737	0.014737	0.014737	0.014737	0.014737	0.014737	0.014737	0.014737	0.014737	0.014737	0.014737	0.014737	0.014737	0.014737	0.014737	0.014737	0.014737	0.014737	0.014737	0.014737	0.014737	0.014737	0.014737	0.014737	0.014737	0.014737	0.014737	0.014737	0.014737	0.014737	0.014737	0.014737	0.014737	0.014737	0.014737	0.014737	0.014737	0.014737	0.014737	0.014737	0.014737	0.014737	0.014737	0.014737	0.014737	0.014737	0.014737	0.014737	0.014737	0.014737	0.014737	0.014737	0.014737	0.04544	0.04544	0.04544	0.04544	0.04544	0.04544	0.04544	0.04544	0.04544	0.04544	0.04544	0.04544	0.04544	0.04544	0.04544	0.04544	0.04544	0.04544	0.04544	0.04544	0.04544	0.04544	0.188987	0.188987	0.188987	0.188987	0.188987	0.188987	0.188987	0.188987	0.188987	0.188987	0.188987	0.188987	0.188987	0.188987	0.188987	0.188987	0.188987	0.188987	0.188987	0.188987	0.188987	0.188987	0.188987
Finance			0	0	0	0	0	0	0	0	0	0	0	0	0	0	0	0	0	0	0	0	0	0	0	0	0	0	0	0	0	0	0	0	0	0	0.02219	0.02219	0.02219	0.02219	0.02219	0.02219	0.02219	0.02219	0.02219	0.02219	0.02219	0.02219	0.02219	0.02219	0.02219	0.02219	0.02219	0.02219	0.02219	0.02219	0.02219	0.02219	0.02219	0.02219	0.02219	0.02219	0.02219	0.02219	0.02219	0.02219	0.02219	0.02219	0.02219	0.02219	0.02219	0.02219	0.02219	0.02219	0.02219	0.02219	0.02219	0.02219	0.02219	0.02219	0.02219	0.02219	0.02219	0.02219	0.02219	0.02219	0.025539	0.025539	0.025539	0.025539	0.025539	0.025539	0.025539	0.025539	0.044519	0.044519	0.044519	0.044519	0.044519	0.044519	0.057979	0.057979	0.057979	0.057979	0.057979	0.057979	0.057979	0.068028	0.068028	0.068028	0.068028	0.068028	0.068028	0.068028	0.068028	0.068028	0.068028	0.068028	0.068028	0.068028	0.068028	0.068028	0.068028	0.068028	0.068028	0.068028	0.068028	0.068028	0.068028	0.068028	0.068028	0.068028	0.068028	0.070238	0.070238	0.070238	0.070238	0.070238	0.083385	0.083385	0.083385	0.083385	0.083385	0.083385	0.083385	0.083385	0.083385	0.083385	0.083385	0.083385	0.083385	0.083385	0.083385	0.083385	0.083385	0.083385	0.083385	0.083385	0.083385	0.083385	0.083385	0.083385	0.083385	0.083385	0.083385	0.083385	0.083385	0.083385	0.083385	0.083385	0.083385	0.083385	0.083385	0.083385	0.083385	0.083385	0.083385	0.083385	0.083385	0.083385	0.083385	0.083385	0.083385	0.083385	0.083385	0.083385	0.083385	0.083385	0.083385	0.083385	0.083385	0.083385	0.083385	0.083385	0.083385	0.083385	0.083385	0.083385	0.083385	0.083385	0.083385	0.083385	0.083385	0.083385	0.083385	0.083385	0.083385	0.083385	0.083385	0.083385	0.083385	0.086734	0.086734	0.086734	0.086734	0.086734	0.086734	0.086734	0.086734	0.086734	0.086734	0.086734	0.086734	0.086734	0.086734	0.086734	0.086734	0.086734	0.086734	0.086734	0.086734	0.086734	0.086734	0.086734	0.086734	0.086734	0.086734	0.086734	0.086734	0.086734	0.086734	0.086734	0.086734	0.086734	0.086734	0.086734	0.086734	0.086734	0.086734	0.086734	0.086734	0.086734	0.086734	0.086734	0.086734	0.086734	0.086734	0.086734	0.086734	0.086734	0.086734	0.086734	0.086734	0.086734	0.086734	0.086734	0.086734	0.130695	0.130695	0.130695	0.130695	0.130695	0.130695	0.130695	0.130695	0.130695	0.130695	0.130695	0.130695	0.130695	0.130695	0.130695	0.130695	0.130695	0.130695	0.130695	0.130695	0.130695	0.130695	0.130695	0.130695	0.130695	0.130695	0.130695	0.130695	0.130695	0.130695	0.130695	0.130695	0.130695	0.130695	0.130695	0.130695	0.130695	0.186519	0.186519	0.186519	0.186519	0.186519	0.186519	0.186519	0.186519	0.186519	0.186519	0.186519	0.186519	0.186519	0.186519	0.186519	0.186519	0.186519	0.186519	0.186519	0.186519	0.186519	0.186519	0.186519	0.186519	0.186519	0.186519	0.186519	0.186519	0.186519	0.186519	0.186519	0.186519	0.186519	0.186519	0.186519	0.186519	0.186519	0.186519	0.186519	0.186519	0.186519	0.186519	0.186519	0.186519	0.186519	0.186519	0.186519	0.186519	0.186519	0.186519	0.186519	0.186519	0.186519	0.186519	0.186519	0.186519	0.186519	0.186519	0.186519	0.186519	0.186519	0.186519	0.186519
Semiconductor			0	0	0	0	0	0	0	0	0	0	0	0	0	0	0	0	0	0	0	0	0	0	0	0	0	0	0	0	0	0	0	0	0	0	0	0	0	0	0	0	0	0	0	0	0	0	0	0	0	0	0	0	0	0	0	0	0	0	0	0	0	0	0	0	0	0	0	0	0	0	0	0	0	0	0	0	0	0	0	0	0	0	0	0	0	0	0	0	0	0	0	0	0	0	0	0	0	0	0	0	0	0	0	0	0	0	0	0	0	0	0	0	0	0	0	0	0	0	0	0.016747	0.016747	0.016747	0.016747	0.016747	0.016747	0.016747	0.016747	0.016747	0.016747	0.016747	0.016747	0.016747	0.016747	0.016747	0.016747	0.016747	0.016747	0.016747	0.016747	0.016747	0.016747	0.016747	0.016747	0.016747	0.016747	0.016747	0.016747	0.016747	0.016747	0.016747	0.016747	0.016747	0.016747	0.016747	0.016747	0.016747	0.016747	0.016747	0.016747	0.016747	0.016747	0.184218	0.184218	0.184218	0.184218	0.184218	0.184218	0.186289	0.186289	0.186289	0.186289	0.186289	0.186289	0.186289	0.186289	0.186289	0.186289	0.186289	0.186289	0.186289	0.186289	0.186289	0.186289	0.186289	0.186289	0.186289	0.186289	0.186289	0.186289	0.186289	0.186289	0.186289	0.186289	0.186289	0.186289	0.186289	0.186289	0.186289	0.186289	0.186289	0.186289	0.186289	0.186289	0.186289	0.186289	0.186289	0.186289	0.186289	0.186289	0.186289	0.186289	0.186289	0.186289	0.186289	0.186289	0.186289	0.186289	0.186289	0.186289	0.186289	0.186289	0.186289	0.186289	0.186289	0.186289	0.186289	0.186289	0.186289	0.186289	0.186289	0.186289	0.186289	0.186289	0.186289	0.186289	0.186289	0.186289	0.186289	0.186289	0.186289	0.186289	0.186289	0.186289	0.186289	0.186289	0.186289	0.186289	0.186289	0.186289	0.186289	0.186289	0.186289	0.186289	0.186289	0.186289	0.186289	0.186289	0.186289	0.186289	0.186289	0.186289	0.186289	0.186289	0.186289	0.186289	0.186289	0.186289	0.186289	0.186289	0.186289	0.186289	0.186289	0.186289	0.186289	0.186289	0.186289	0.186289	0.186289	0.186289	0.186289	0.186289	0.186289	0.186289	0.186289	0.186289	0.186289	0.186289	0.186289	0.186289	0.186289	0.186289	0.186289	0.186289	0.186289	0.186289	0.186289	0.186289	0.186289	0.186289	0.186289	0.186289	0.186289	0.186289	0.186289	0.186289	0.186289	0.186289	0.186289	0.186289	0.186289	0.186289	0.186289	0.186289	0.186289	0.186289	0.186289	0.186289	0.186289	0.186289	0.186289	0.186289	0.186289	0.186289	0.186289	0.186289	0.186289	0.186289	0.186289	0.186289	0.186289	0.186289	0.186289	0.186289	0.186289	0.186289	0.186289	0.186289	0.186289	0.186289	0.186289	0.186289	0.186289	0.186289	0.186289	0.186289	0.186289	0.186289	0.186289	0.186289	0.186289	0.186289	0.186289	0.186289	0.186289	0.186289	0.186289	0.186289	0.186289	0.186289	0.186289	0.186289	0.186289	0.186289	0.186289	0.186289
Quantum Computing			0	0	0	0	0	0	0	0	0	0	0	0	0	0	0	0	0	0	0	0	0	0	0	0	0	0	0	0	0	0	0	0	0	0	0	0	0	0	0	0	0	0	0	0	0	0	0	0	0	0	0	0	0	0	0	0	0	0	0	0	0	0	0	0	0	0	0	0	0	0	0	0	0	0	0	0	0	0	0	0	0	0	0	0	0	0	0	0	0	0	0	0	0	0	0	0	0	0	0	0	0	0	0	0	0	0	0	0	0	0	0	0	0	0	0	0	0	0	0	0.016747	0.016747	0.016747	0.016747	0.016747	0.016747	0.016747	0.016747	0.016747	0.016747	0.016747	0.016747	0.016747	0.016747	0.016747	0.016747	0.016747	0.016747	0.016747	0.016747	0.016747	0.016747	0.016747	0.016747	0.016747	0.016747	0.016747	0.016747	0.016747	0.016747	0.016747	0.016747	0.016747	0.016747	0.016747	0.016747	0.016747	0.016747	0.016747	0.016747	0.016747	0.016747	0.184218	0.184218	0.184218	0.184218	0.184218	0.184218	0.184218	0.184218	0.184218	0.184218	0.184218	0.184218	0.184218	0.184218	0.184218	0.184218	0.184218	0.184218	0.184218	0.184218	0.184218	0.184218	0.184218	0.184218	0.184218	0.184218	0.184218	0.184218	0.184218	0.184218	0.184218	0.184218	0.184218	0.184218	0.184218	0.184218	0.184218	0.184218	0.184218	0.184218	0.184218	0.184218	0.184218	0.184218	0.184218	0.184218	0.184218	0.184218	0.184218	0.184218	0.184218	0.184218	0.184218	0.184218	0.184218	0.184218	0.184218	0.184218	0.184218	0.184218	0.184218	0.184218	0.184218	0.184218	0.184218	0.184218	0.184218	0.184218	0.184218	0.184218	0.184218	0.184218	0.184218	0.184218	0.184218	0.184218	0.184218	0.184218	0.184218	0.184218	0.184218	0.184218	0.184218	0.184218	0.184218	0.184218	0.184218	0.184218	0.184218	0.184218	0.184218	0.184218	0.184218	0.184218	0.184218	0.184218	0.184218	0.184218	0.184218	0.184218	0.184218	0.184218	0.184218	0.184218	0.184218	0.184218	0.184218	0.184218	0.184218	0.184218	0.184218	0.184218	0.184218	0.184218	0.184218	0.184218	0.184218	0.184218	0.184218	0.184218	0.184218	0.184218	0.184218	0.184218	0.184218	0.184218	0.184218	0.184218	0.184218	0.184218	0.184218	0.184218	0.184218	0.184218	0.184218	0.184218	0.184218	0.184218	0.184218	0.184218	0.184218	0.184218	0.184218	0.184218	0.184218	0.184218	0.184218	0.184218	0.184218	0.184218	0.184218	0.184218	0.184218	0.184218	0.184218	0.184218	0.184218	0.184218	0.184218	0.184218	0.184218	0.184218	0.184218	0.184218	0.184218	0.184218	0.184218	0.184218	0.184218	0.184218	0.184218	0.184218	0.184218	0.184218	0.184218	0.184218	0.184218	0.184218	0.184218	0.184218	0.184218	0.184218	0.184218	0.184218	0.184218	0.184218	0.184218	0.184218	0.184218	0.184218	0.184218	0.184218	0.184218	0.184218	0.184218	0.184218	0.184218	0.184218	0.184218	0.184218	0.184218	0.184218	0.184218	0.184218
Video			0	0	0	0	0	0	0	0	0	0	0	0	0	0	0	0	0	0	0	0	0	0	0	0	0	0	0	0	0	0	0	0	0	0	0	0	0	0	0	0	0	0	0	0	0	0	0	0	0	0	0	0	0	0	0	0	0	0	0	0	0	0	0	0	0	0	0	0	0	0	0	0.153515	0.153515	0.153515	0.153515	0.153515	0.153515	0.153515	0.153515	0.153515	0.153515	0.153515	0.153515	0.153515	0.153515	0.153515	0.153515	0.153515	0.153515	0.153515	0.153515	0.153515	0.153515	0.153515	0.153515	0.153515	0.153515	0.153515	0.153515	0.153515	0.153515	0.153515	0.153515	0.153515	0.153515	0.153515	0.153515	0.153515	0.153515	0.153515	0.153515	0.153515	0.153515	0.153515	0.153515	0.153515	0.153515	0.153515	0.153515	0.153515	0.153515	0.153515	0.153515	0.153515	0.153515	0.153515	0.153515	0.153515	0.153515	0.153515	0.153515	0.153515	0.153515	0.153515	0.153515	0.153515	0.153515	0.153515	0.153515	0.153515	0.153515	0.153515	0.153515	0.153515	0.153515	0.153515	0.153515	0.153515	0.153515	0.153515	0.153515	0.153515	0.153515	0.153515	0.153515	0.153515	0.153515	0.153515	0.153515	0.153515	0.153515	0.153515	0.153515	0.153515	0.153515	0.153515	0.153515	0.153515	0.153515	0.153515	0.153515	0.153515	0.153515	0.153515	0.153515	0.153515	0.153515	0.153515	0.153515	0.153515	0.153515	0.153515	0.153515	0.153515	0.153515	0.153515	0.153515	0.153515	0.153515	0.153515	0.153515	0.153515	0.153515	0.153515	0.153515	0.153515	0.153515	0.153515	0.153515	0.153515	0.153515	0.153515	0.153515	0.153515	0.153515	0.153515	0.153515	0.153515	0.153515	0.153515	0.153515	0.153515	0.153515	0.153515	0.153515	0.153515	0.153515	0.153515	0.153515	0.153515	0.153515	0.153515	0.153515	0.153515	0.153515	0.153515	0.153515	0.153515	0.153515	0.153515	0.153515	0.153515	0.153515	0.153515	0.153515	0.153515	0.153515	0.153515	0.153515	0.153515	0.153515	0.153515	0.153515	0.153515	0.153515	0.153515	0.153515	0.153515	0.153515	0.153515	0.153515	0.153515	0.153515	0.153515	0.153515	0.153515	0.153515	0.153515	0.153515	0.153515	0.153515	0.153515	0.153515	0.153515	0.153515	0.153515	0.153515	0.153515	0.153515	0.153515	0.153515	0.153515	0.153515	0.153515	0.153515	0.153515	0.153515	0.153515	0.153515	0.153515	0.153515	0.153515	0.153515	0.153515	0.153515	0.153515	0.153515	0.153515	0.153515	0.153515	0.153515	0.153515	0.153515	0.153515	0.153515	0.153515	0.153515	0.153515	0.153515	0.153515	0.153515	0.153515	0.153515	0.153515	0.153515	0.153515	0.153515	0.153515	0.153515	0.153515	0.153515	0.153515	0.153515	0.153515	0.153515	0.18031	0.18031	0.18031	0.18031	0.18031	0.18031	0.18031	0.18031	0.18031	0.18031	0.18031	0.18031	0.18031	0.18031	0.18031	0.18031	0.18031	0.18031	0.18031	0.18031	0.18031	0.18031	0.18031	0.18031	0.18031	0.18031	0.18031	0.18031	0.18031	0.18031	0.18031	0.18031	0.18031	0.18031	0.18031	0.18031	0.18031	0.18031	0.18031	0.18031	0.18031	0.18031	0.18031	0.18031	0.18031	0.18031	0.18031	0.18031	0.18031	0.18031
Banking			0	0	0	0	0	0	0	0	0	0	0	0	0.157423	0.160772	0.160772	0.160772	0.160772	0.160772	0.160772	0.160772	0.160772	0.160772	0.160772	0.160772	0.160772	0.160772	0.160772	0.160772	0.160772	0.160772	0.160772	0.160772	0.160772	0.160772	0.160772	0.160772	0.160772	0.160772	0.160772	0.160772	0.160772	0.160772	0.160772	0.160772	0.160772	0.160772	0.160772	0.160772	0.160772	0.160772	0.160772	0.160772	0.160772	0.160772	0.160772	0.160772	0.160772	0.160772	0.160772	0.160772	0.160772	0.160772	0.160772	0.160772	0.160772	0.160772	0.160772	0.160772	0.160772	0.160772	0.160772	0.160772	0.160772	0.160772	0.160772	0.160772	0.160772	0.160772	0.160772	0.160772	0.160772	0.160772	0.160772	0.160772	0.160772	0.160772	0.160772	0.160772	0.160772	0.160772	0.160772	0.160772	0.160772	0.160772	0.160772	0.160772	0.160772	0.160772	0.160772	0.160772	0.160772	0.160772	0.160772	0.160772	0.160772	0.17082	0.17082	0.17082	0.17082	0.17082	0.17082	0.17082	0.17082	0.17082	0.17082	0.17082	0.17082	0.17082	0.17082	0.17082	0.17082	0.17082	0.17082	0.17082	0.17082	0.17082	0.17082	0.17082	0.17082	0.17082	0.17082	0.17082	0.17082	0.17082	0.17082	0.17082	0.17082	0.17082	0.17082	0.17082	0.17082	0.17082	0.17082	0.17082	0.17082	0.17082	0.17082	0.17082	0.17082	0.17082	0.17082	0.17082	0.17082	0.17082	0.17082	0.17082	0.172772	0.172772	0.172772	0.172772	0.172772	0.172772	0.172772	0.172772	0.172772	0.172772	0.172772	0.172772	0.172772	0.172772	0.172772	0.172772	0.172772	0.172772	0.172772	0.172772	0.172772	0.172772	0.172772	0.172772	0.172772	0.172772	0.172772	0.172772	0.172772	0.172772	0.172772	0.172772	0.172772	0.172772	0.172772	0.172772	0.172772	0.172772	0.172772	0.172772	0.172772	0.172772	0.172772	0.172772	0.172772	0.172772	0.172772	0.172772	0.172772	0.172772	0.172772	0.172772	0.172772	0.172772	0.172772	0.172772	0.172772	0.172772	0.172772	0.172772	0.172772	0.172772	0.172772	0.172772	0.172772	0.172772	0.172772	0.172772	0.172772	0.172772	0.172772	0.172772	0.172772	0.172772	0.172772	0.172772	0.172772	0.172772	0.172772	0.172772	0.172772	0.172772	0.172772	0.172772	0.172772	0.172772	0.172772	0.172772	0.172772	0.172772	0.172772	0.172772	0.172772	0.172772	0.172772	0.172772	0.172772	0.172772	0.172772	0.172772	0.172772	0.172772	0.172772	0.172772	0.172772	0.172772	0.172772	0.172772	0.172772	0.172772	0.172772	0.172772	0.172772	0.172772	0.172772	0.172772	0.172772	0.172772	0.172772	0.172772	0.172772	0.172772	0.172772	0.172772	0.172772	0.172772	0.172772	0.172772	0.172772	0.172772	0.172772	0.172772	0.172772	0.172772	0.172772	0.172772	0.172772	0.172772	0.172772	0.172772	0.172772	0.172772	0.172772	0.172772	0.172772	0.172772	0.172772	0.172772	0.172772	0.172772	0.172772	0.172772	0.172772	0.172772	0.172772	0.172772	0.172772	0.172772	0.172772	0.172772	0.172772	0.172772	0.172772	0.172772	0.172772	0.172772	0.172772	0.172772	0.172772	0.172772	0.172772	0.172772	0.172772	0.172772	0.172772	0.172772	0.172772	0.172772	0.172772	0.172772	0.172772	0.172772	0.172772	0.172772	0.172772	0.172772	0.172772	0.172772	0.172772	0.172772	0.172772	0.172772	0.172772	0.172772	0.172772	0.172772	0.172772	0.172772	0.172772	0.172772	0.172772	0.172772	0.172772	0.172772	0.172772	0.172772	0.172772	0.172772	0.172772
Supply Chain Management			0	0	0	0	0	0	0	0	0	0	0	0	0	0	0	0	0	0	0	0	0	0	0	0	0	0	0	0	0	0	0	0	0	0	0	0	0	0	0	0	0	0	0.000837	0.000837	0.000837	0.000837	0.000837	0.000837	0.000837	0.000837	0.000837	0.000837	0.000837	0.000837	0.000837	0.000837	0.000837	0.000837	0.000837	0.000837	0.000837	0.000837	0.138163	0.138163	0.138163	0.138163	0.138163	0.138163	0.138163	0.138163	0.138163	0.138163	0.138163	0.138163	0.138163	0.138163	0.156771	0.156771	0.156771	0.156771	0.156771	0.156771	0.156771	0.156771	0.156771	0.156771	0.156771	0.156771	0.156771	0.156771	0.156771	0.156771	0.156771	0.156771	0.156771	0.156771	0.156771	0.156771	0.156771	0.156771	0.156771	0.156771	0.156771	0.156771	0.156771	0.156771	0.156771	0.156771	0.156771	0.156771	0.156771	0.156771	0.156771	0.156771	0.156771	0.156771	0.156771	0.156771	0.156771	0.156771	0.156771	0.156771	0.156771	0.156771	0.156771	0.156771	0.156771	0.156771	0.156771	0.156771	0.156771	0.156771	0.156771	0.156771	0.156771	0.156771	0.156771	0.156771	0.156771	0.156771	0.156771	0.156771	0.156771	0.156771	0.156771	0.156771	0.156771	0.156771	0.156771	0.156771	0.156771	0.156771	0.156771	0.156771	0.156771	0.156771	0.156771	0.156771	0.156771	0.156771	0.156771	0.156771	0.156771	0.156771	0.156771	0.156771	0.156771	0.156771	0.156771	0.156771	0.156771	0.156771	0.156771	0.156771	0.156771	0.156771	0.156771	0.156771	0.156771	0.156771	0.156771	0.156771	0.156771	0.156771	0.156771	0.156771	0.156771	0.156771	0.156771	0.156771	0.156771	0.156771	0.156771	0.156771	0.156771	0.156771	0.156771	0.156771	0.156771	0.156771	0.156771	0.156771	0.156771	0.156771	0.156771	0.156771	0.156771	0.156771	0.156771	0.156771	0.156771	0.156771	0.156771	0.156771	0.156771	0.156771	0.156771	0.156771	0.156771	0.156771	0.156771	0.156771	0.156771	0.156771	0.156771	0.156771	0.156771	0.156771	0.156771	0.156771	0.156771	0.156771	0.156771	0.156771	0.156771	0.156771	0.156771	0.156771	0.156771	0.156771	0.156771	0.156771	0.156771	0.156771	0.156771	0.156771	0.156771	0.156771	0.156771	0.156771	0.156771	0.156771	0.156771	0.156771	0.156771	0.156771	0.156771	0.156771	0.156771	0.156771	0.156771	0.156771	0.156771	0.156771	0.156771	0.156771	0.156771	0.156771	0.156771	0.156771	0.156771	0.156771	0.156771	0.156771	0.156771	0.156771	0.156771	0.156771	0.156771	0.156771	0.156771	0.156771	0.156771	0.156771	0.156771	0.156771	0.156771	0.156771	0.156771	0.156771	0.156771	0.156771	0.156771	0.156771	0.156771	0.156771	0.156771	0.156771	0.156771	0.156771	0.156771	0.156771	0.156771	0.156771	0.156771	0.156771	0.156771	0.156771	0.156771	0.156771	0.156771	0.156771	0.156771	0.156771	0.156771	0.156771	0.156771	0.156771	0.156771	0.156771	0.156771	0.164877	0.164877	0.164877	0.164877	0.164877	0.164877	0.164877	0.164877	0.164877	0.164877	0.164877	0.164877	0.164877	0.164877	0.164877	0.164877	0.164877	0.164877	0.164877	0.164877	0.164877	0.164877	0.164877	0.164877	0.164877	0.164877	0.164877	0.164877	0.164877	0.164877	0.164877	0.164877	0.164877	0.164877	0.164877	0.164877	0.164877	0.164877	0.164877	0.164877	0.164877	0.164877	0.164877	0.164877
Security			0	0	0	0	0	0	0	0	0	0	0	0	0	0	0	0	0	0	0	0	0	0	0	0	0	0	0	0	0	0	0	0	0	0	0	0	0	0	0	0	0	0	0	0	0	0	0	0	0.009268	0.009268	0.009268	0.009268	0.009268	0.009268	0.009268	0.009268	0.009268	0.009268	0.009268	0.009268	0.009268	0.009268	0.009268	0.009268	0.009268	0.009268	0.009268	0.009268	0.009268	0.009268	0.009268	0.162783	0.162783	0.162783	0.162783	0.162783	0.162783	0.162783	0.162783	0.162783	0.162783	0.162783	0.162783	0.162783	0.162783	0.162783	0.162783	0.162783	0.162783	0.162783	0.162783	0.162783	0.162783	0.162783	0.162783	0.162783	0.162783	0.162783	0.162783	0.162783	0.162783	0.162783	0.162783	0.162783	0.162783	0.162783	0.162783	0.162783	0.162783	0.162783	0.162783	0.162783	0.162783	0.162783	0.162783	0.162783	0.162783	0.162783	0.162783	0.162783	0.162783	0.162783	0.162783	0.162783	0.162783	0.162783	0.162783	0.162783	0.162783	0.162783	0.162783	0.162783	0.162783	0.162783	0.162783	0.162783	0.162783	0.162783	0.162783	0.162783	0.162783	0.162783	0.162783	0.162783	0.162783	0.162783	0.162783	0.162783	0.162783	0.162783	0.162783	0.162783	0.162783	0.162783	0.162783	0.162783	0.162783	0.162783	0.162783	0.162783	0.162783	0.162783	0.162783	0.162783	0.162783	0.162783	0.162783	0.162783	0.162783	0.162783	0.162783	0.162783	0.162783	0.162783	0.162783	0.162783	0.162783	0.162783	0.162783	0.162783	0.162783	0.162783	0.162783	0.162783	0.162783	0.162783	0.162783	0.162783	0.162783	0.162783	0.162783	0.162783	0.162783	0.162783	0.162783	0.162783	0.162783	0.162783	0.162783	0.162783	0.162783	0.162783	0.162783	0.162783	0.162783	0.162783	0.162783	0.162783	0.162783	0.162783	0.162783	0.162783	0.162783	0.162783	0.162783	0.162783	0.162783	0.162783	0.162783	0.162783	0.162783	0.162783	0.162783	0.162783	0.162783	0.162783	0.162783	0.162783	0.162783	0.162783	0.162783	0.162783	0.162783	0.162783	0.162783	0.162783	0.162783	0.162783	0.162783	0.162783	0.162783	0.162783	0.162783	0.162783	0.162783	0.162783	0.162783	0.162783	0.162783	0.162783	0.162783	0.162783	0.162783	0.162783	0.162783	0.162783	0.162783	0.162783	0.162783	0.162783	0.162783	0.162783	0.162783	0.162783	0.162783	0.162783	0.162783	0.162783	0.162783	0.162783	0.162783	0.162783	0.162783	0.162783	0.162783	0.162783	0.162783	0.162783	0.162783	0.162783	0.162783	0.162783	0.162783	0.162783	0.162783	0.162783	0.162783	0.162783	0.162783	0.162783	0.162783	0.162783	0.162783	0.162783	0.162783	0.162783	0.162783	0.162783	0.162783	0.162783	0.162783	0.162783	0.162783	0.162783	0.162783	0.162783	0.162783	0.162783	0.162783	0.162783	0.162783	0.162783	0.162783	0.162783	0.162783	0.162783	0.162783	0.162783	0.162783	0.162783	0.162783	0.162783	0.162783	0.162783	0.162783	0.162783	0.162783	0.162783	0.162783	0.162783	0.162783	0.162783	0.162783	0.162783	0.162783	0.162783	0.162783	0.162783	0.162783	0.162783	0.162783	0.162783	0.162783	0.162783	0.162783	0.162783	0.162783	0.162783	0.162783	0.162783	0.162783	0.162783	0.162783	0.162783	0.162783	0.162783	0.162783	0.162783	0.162783	0.162783	0.162783	0.162783	0.162783	0.162783	0.162783
Business Travel			0	0	0	0	0	0	0	0	0	0	0	0	0.157423	0.157423	0.157423	0.157423	0.157423	0.157423	0.157423	0.157423	0.157423	0.157423	0.157423	0.157423	0.157423	0.157423	0.157423	0.157423	0.157423	0.157423	0.157423	0.157423	0.157423	0.157423	0.157423	0.157423	0.157423	0.157423	0.157423	0.157423	0.157423	0.157423	0.157423	0.157423	0.157423	0.157423	0.157423	0.157423	0.157423	0.157423	0.157423	0.157423	0.157423	0.157423	0.157423	0.157423	0.157423	0.157423	0.157423	0.157423	0.157423	0.157423	0.157423	0.157423	0.157423	0.157423	0.157423	0.157423	0.157423	0.157423	0.157423	0.157423	0.157423	0.157423	0.157423	0.157423	0.157423	0.157423	0.157423	0.157423	0.157423	0.157423	0.157423	0.157423	0.157423	0.157423	0.157423	0.157423	0.157423	0.157423	0.157423	0.157423	0.157423	0.157423	0.157423	0.157423	0.157423	0.157423	0.157423	0.157423	0.157423	0.157423	0.157423	0.157423	0.157423	0.157423	0.157423	0.157423	0.157423	0.157423	0.157423	0.157423	0.157423	0.157423	0.157423	0.157423	0.157423	0.157423	0.157423	0.157423	0.157423	0.157423	0.157423	0.157423	0.157423	0.157423	0.157423	0.157423	0.157423	0.157423	0.157423	0.157423	0.157423	0.157423	0.157423	0.157423	0.157423	0.157423	0.157423	0.157423	0.157423	0.157423	0.157423	0.157423	0.157423	0.157423	0.157423	0.157423	0.157423	0.157423	0.157423	0.157423	0.157423	0.157423	0.157423	0.157423	0.157423	0.157423	0.157423	0.157423	0.157423	0.157423	0.157423	0.157423	0.157423	0.157423	0.157423	0.157423	0.157423	0.157423	0.157423	0.157423	0.157423	0.157423	0.157423	0.157423	0.157423	0.157423	0.157423	0.157423	0.157423	0.157423	0.157423	0.157423	0.157423	0.157423	0.157423	0.157423	0.157423	0.157423	0.157423	0.157423	0.157423	0.157423	0.157423	0.157423	0.157423	0.157423	0.157423	0.157423	0.157423	0.157423	0.157423	0.157423	0.157423	0.157423	0.157423	0.157423	0.157423	0.157423	0.157423	0.157423	0.157423	0.157423	0.157423	0.157423	0.157423	0.157423	0.157423	0.157423	0.157423	0.157423	0.157423	0.157423	0.157423	0.157423	0.157423	0.157423	0.157423	0.157423	0.157423	0.157423	0.157423	0.157423	0.157423	0.157423	0.157423	0.157423	0.157423	0.157423	0.157423	0.157423	0.157423	0.157423	0.157423	0.157423	0.157423	0.157423	0.157423	0.157423	0.157423	0.157423	0.157423	0.157423	0.157423	0.157423	0.157423	0.157423	0.157423	0.157423	0.157423	0.157423	0.157423	0.157423	0.157423	0.157423	0.157423	0.157423	0.157423	0.157423	0.157423	0.157423	0.157423	0.157423	0.157423	0.157423	0.157423	0.157423	0.157423	0.157423	0.157423	0.157423	0.157423	0.157423	0.157423	0.157423	0.157423	0.157423	0.157423	0.157423	0.157423	0.157423	0.157423	0.157423	0.157423	0.157423	0.157423	0.157423	0.157423	0.157423	0.157423	0.157423	0.157423	0.157423	0.157423	0.157423	0.157423	0.157423	0.157423	0.157423	0.157423	0.157423	0.157423	0.157423	0.157423	0.157423	0.157423	0.157423	0.157423	0.157423	0.157423	0.157423	0.157423	0.157423	0.157423	0.157423	0.157423	0.157423	0.157423	0.157423	0.157423	0.157423	0.157423	0.157423	0.157423	0.157423	0.157423	0.157423	0.157423	0.157423	0.157423	0.157423	0.157423	0.157423	0.157423	0.157423	0.157423	0.157423	0.157423	0.157423	0.157423	0.157423	0.157423	0.157423	0.157423	0.157423	0.157423	0.157423	0.157423	0.157423	0.157423	0.157423	0.157423	0.157423	0.157423
Credit Cards			0	0	0	0	0	0	0	0	0	0	0	0	0.157423	0.157423	0.157423	0.157423	0.157423	0.157423	0.157423	0.157423	0.157423	0.157423	0.157423	0.157423	0.157423	0.157423	0.157423	0.157423	0.157423	0.157423	0.157423	0.157423	0.157423	0.157423	0.157423	0.157423	0.157423	0.157423	0.157423	0.157423	0.157423	0.157423	0.157423	0.157423	0.157423	0.157423	0.157423	0.157423	0.157423	0.157423	0.157423	0.157423	0.157423	0.157423	0.157423	0.157423	0.157423	0.157423	0.157423	0.157423	0.157423	0.157423	0.157423	0.157423	0.157423	0.157423	0.157423	0.157423	0.157423	0.157423	0.157423	0.157423	0.157423	0.157423	0.157423	0.157423	0.157423	0.157423	0.157423	0.157423	0.157423	0.157423	0.157423	0.157423	0.157423	0.157423	0.157423	0.157423	0.157423	0.157423	0.157423	0.157423	0.157423	0.157423	0.157423	0.157423	0.157423	0.157423	0.157423	0.157423	0.157423	0.157423	0.157423	0.157423	0.157423	0.157423	0.157423	0.157423	0.157423	0.157423	0.157423	0.157423	0.157423	0.157423	0.157423	0.157423	0.157423	0.157423	0.157423	0.157423	0.157423	0.157423	0.157423	0.157423	0.157423	0.157423	0.157423	0.157423	0.157423	0.157423	0.157423	0.157423	0.157423	0.157423	0.157423	0.157423	0.157423	0.157423	0.157423	0.157423	0.157423	0.157423	0.157423	0.157423	0.157423	0.157423	0.157423	0.157423	0.157423	0.157423	0.157423	0.157423	0.157423	0.157423	0.157423	0.157423	0.157423	0.157423	0.157423	0.157423	0.157423	0.157423	0.157423	0.157423	0.157423	0.157423	0.157423	0.157423	0.157423	0.157423	0.157423	0.157423	0.157423	0.157423	0.157423	0.157423	0.157423	0.157423	0.157423	0.157423	0.157423	0.157423	0.157423	0.157423	0.157423	0.157423	0.157423	0.157423	0.157423	0.157423	0.157423	0.157423	0.157423	0.157423	0.157423	0.157423	0.157423	0.157423	0.157423	0.157423	0.157423	0.157423	0.157423	0.157423	0.157423	0.157423	0.157423	0.157423	0.157423	0.157423	0.157423	0.157423	0.157423	0.157423	0.157423	0.157423	0.157423	0.157423	0.157423	0.157423	0.157423	0.157423	0.157423	0.157423	0.157423	0.157423	0.157423	0.157423	0.157423	0.157423	0.157423	0.157423	0.157423	0.157423	0.157423	0.157423	0.157423	0.157423	0.157423	0.157423	0.157423	0.157423	0.157423	0.157423	0.157423	0.157423	0.157423	0.157423	0.157423	0.157423	0.157423	0.157423	0.157423	0.157423	0.157423	0.157423	0.157423	0.157423	0.157423	0.157423	0.157423	0.157423	0.157423	0.157423	0.157423	0.157423	0.157423	0.157423	0.157423	0.157423	0.157423	0.157423	0.157423	0.157423	0.157423	0.157423	0.157423	0.157423	0.157423	0.157423	0.157423	0.157423	0.157423	0.157423	0.157423	0.157423	0.157423	0.157423	0.157423	0.157423	0.157423	0.157423	0.157423	0.157423	0.157423	0.157423	0.157423	0.157423	0.157423	0.157423	0.157423	0.157423	0.157423	0.157423	0.157423	0.157423	0.157423	0.157423	0.157423	0.157423	0.157423	0.157423	0.157423	0.157423	0.157423	0.157423	0.157423	0.157423	0.157423	0.157423	0.157423	0.157423	0.157423	0.157423	0.157423	0.157423	0.157423	0.157423	0.157423	0.157423	0.157423	0.157423	0.157423	0.157423	0.157423	0.157423	0.157423	0.157423	0.157423	0.157423	0.157423	0.157423	0.157423	0.157423	0.157423	0.157423	0.157423	0.157423	0.157423	0.157423	0.157423	0.157423	0.157423	0.157423	0.157423	0.157423	0.157423	0.157423	0.157423	0.157423	0.157423	0.157423	0.157423	0.157423	0.157423
Law Enforcement			0	0	0	0	0	0	0	0	0	0	0	0	0	0	0	0	0	0	0	0	0	0	0	0	0	0	0	0	0	0	0	0	0	0	0	0	0	0	0	0	0	0	0	0	0	0	0	0	0	0	0	0	0	0	0	0	0	0	0	0	0	0	0	0	0	0	0	0	0	0	0	0.153515	0.153515	0.153515	0.153515	0.153515	0.153515	0.153515	0.153515	0.153515	0.153515	0.153515	0.153515	0.153515	0.153515	0.153515	0.153515	0.153515	0.153515	0.153515	0.153515	0.153515	0.153515	0.153515	0.153515	0.153515	0.153515	0.153515	0.153515	0.153515	0.153515	0.153515	0.153515	0.153515	0.153515	0.153515	0.153515	0.153515	0.153515	0.153515	0.153515	0.153515	0.153515	0.153515	0.153515	0.153515	0.153515	0.153515	0.153515	0.153515	0.153515	0.153515	0.153515	0.153515	0.153515	0.153515	0.153515	0.153515	0.153515	0.153515	0.153515	0.153515	0.153515	0.153515	0.153515	0.153515	0.153515	0.153515	0.153515	0.153515	0.153515	0.153515	0.153515	0.153515	0.153515	0.153515	0.153515	0.153515	0.153515	0.153515	0.153515	0.153515	0.153515	0.153515	0.153515	0.153515	0.153515	0.153515	0.153515	0.153515	0.153515	0.153515	0.153515	0.153515	0.153515	0.153515	0.153515	0.153515	0.153515	0.153515	0.153515	0.153515	0.153515	0.153515	0.153515	0.153515	0.153515	0.153515	0.153515	0.153515	0.153515	0.153515	0.153515	0.153515	0.153515	0.153515	0.153515	0.153515	0.153515	0.153515	0.153515	0.153515	0.153515	0.153515	0.153515	0.153515	0.153515	0.153515	0.153515	0.153515	0.153515	0.153515	0.153515	0.153515	0.153515	0.153515	0.153515	0.153515	0.153515	0.153515	0.153515	0.153515	0.153515	0.153515	0.153515	0.153515	0.153515	0.153515	0.153515	0.153515	0.153515	0.153515	0.153515	0.153515	0.153515	0.153515	0.153515	0.153515	0.153515	0.153515	0.153515	0.153515	0.153515	0.153515	0.153515	0.153515	0.153515	0.153515	0.153515	0.153515	0.153515	0.153515	0.153515	0.153515	0.153515	0.153515	0.153515	0.153515	0.153515	0.153515	0.153515	0.153515	0.153515	0.153515	0.153515	0.153515	0.153515	0.153515	0.153515	0.153515	0.153515	0.153515	0.153515	0.153515	0.153515	0.153515	0.153515	0.153515	0.153515	0.153515	0.153515	0.153515	0.153515	0.153515	0.153515	0.153515	0.153515	0.153515	0.153515	0.153515	0.153515	0.153515	0.153515	0.153515	0.153515	0.153515	0.153515	0.153515	0.153515	0.153515	0.153515	0.153515	0.153515	0.153515	0.153515	0.153515	0.153515	0.153515	0.153515	0.153515	0.153515	0.153515	0.153515	0.153515	0.153515	0.153515	0.153515	0.153515	0.153515	0.153515	0.153515	0.153515	0.153515	0.153515	0.153515	0.153515	0.153515	0.153515	0.153515	0.153515	0.153515	0.153515	0.153515	0.153515	0.153515	0.153515	0.153515	0.153515	0.153515	0.153515	0.153515	0.153515	0.153515	0.153515	0.153515	0.153515	0.153515	0.153515	0.153515	0.153515	0.153515	0.153515	0.153515	0.153515	0.153515	0.153515	0.153515	0.153515	0.153515	0.153515	0.153515	0.153515	0.153515	0.153515	0.153515	0.153515	0.153515	0.153515	0.153515	0.153515	0.153515	0.153515	0.153515	0.153515	0.153515
Public Safety			0	0	0	0	0	0	0	0	0	0	0	0	0	0	0	0	0	0	0	0	0	0	0	0	0	0	0	0	0	0	0	0	0	0	0	0	0	0	0	0	0	0	0	0	0	0	0	0	0	0	0	0	0	0	0	0	0	0	0	0	0	0	0	0	0	0	0	0	0	0	0	0.153515	0.153515	0.153515	0.153515	0.153515	0.153515	0.153515	0.153515	0.153515	0.153515	0.153515	0.153515	0.153515	0.153515	0.153515	0.153515	0.153515	0.153515	0.153515	0.153515	0.153515	0.153515	0.153515	0.153515	0.153515	0.153515	0.153515	0.153515	0.153515	0.153515	0.153515	0.153515	0.153515	0.153515	0.153515	0.153515	0.153515	0.153515	0.153515	0.153515	0.153515	0.153515	0.153515	0.153515	0.153515	0.153515	0.153515	0.153515	0.153515	0.153515	0.153515	0.153515	0.153515	0.153515	0.153515	0.153515	0.153515	0.153515	0.153515	0.153515	0.153515	0.153515	0.153515	0.153515	0.153515	0.153515	0.153515	0.153515	0.153515	0.153515	0.153515	0.153515	0.153515	0.153515	0.153515	0.153515	0.153515	0.153515	0.153515	0.153515	0.153515	0.153515	0.153515	0.153515	0.153515	0.153515	0.153515	0.153515	0.153515	0.153515	0.153515	0.153515	0.153515	0.153515	0.153515	0.153515	0.153515	0.153515	0.153515	0.153515	0.153515	0.153515	0.153515	0.153515	0.153515	0.153515	0.153515	0.153515	0.153515	0.153515	0.153515	0.153515	0.153515	0.153515	0.153515	0.153515	0.153515	0.153515	0.153515	0.153515	0.153515	0.153515	0.153515	0.153515	0.153515	0.153515	0.153515	0.153515	0.153515	0.153515	0.153515	0.153515	0.153515	0.153515	0.153515	0.153515	0.153515	0.153515	0.153515	0.153515	0.153515	0.153515	0.153515	0.153515	0.153515	0.153515	0.153515	0.153515	0.153515	0.153515	0.153515	0.153515	0.153515	0.153515	0.153515	0.153515	0.153515	0.153515	0.153515	0.153515	0.153515	0.153515	0.153515	0.153515	0.153515	0.153515	0.153515	0.153515	0.153515	0.153515	0.153515	0.153515	0.153515	0.153515	0.153515	0.153515	0.153515	0.153515	0.153515	0.153515	0.153515	0.153515	0.153515	0.153515	0.153515	0.153515	0.153515	0.153515	0.153515	0.153515	0.153515	0.153515	0.153515	0.153515	0.153515	0.153515	0.153515	0.153515	0.153515	0.153515	0.153515	0.153515	0.153515	0.153515	0.153515	0.153515	0.153515	0.153515	0.153515	0.153515	0.153515	0.153515	0.153515	0.153515	0.153515	0.153515	0.153515	0.153515	0.153515	0.153515	0.153515	0.153515	0.153515	0.153515	0.153515	0.153515	0.153515	0.153515	0.153515	0.153515	0.153515	0.153515	0.153515	0.153515	0.153515	0.153515	0.153515	0.153515	0.153515	0.153515	0.153515	0.153515	0.153515	0.153515	0.153515	0.153515	0.153515	0.153515	0.153515	0.153515	0.153515	0.153515	0.153515	0.153515	0.153515	0.153515	0.153515	0.153515	0.153515	0.153515	0.153515	0.153515	0.153515	0.153515	0.153515	0.153515	0.153515	0.153515	0.153515	0.153515	0.153515	0.153515	0.153515	0.153515	0.153515	0.153515	0.153515	0.153515	0.153515	0.153515	0.153515	0.153515	0.153515	0.153515	0.153515	0.153515	0.153515	0.153515	0.153515	0.153515	0.153515	0.153515	0.153515	0.153515
Sensor			0	0	0	0	0	0	0	0	0	0	0	0	0	0	0	0	0	0	0	0	0	0	0	0	0	0	0	0	0	0	0	0	0	0	0	0	0	0	0	0	0	0	0	0	0	0	0	0	0	0	0	0	0	0	0	0	0	0	0	0	0	0	0	0	0	0	0	0	0	0	0	0.153515	0.153515	0.153515	0.153515	0.153515	0.153515	0.153515	0.153515	0.153515	0.153515	0.153515	0.153515	0.153515	0.153515	0.153515	0.153515	0.153515	0.153515	0.153515	0.153515	0.153515	0.153515	0.153515	0.153515	0.153515	0.153515	0.153515	0.153515	0.153515	0.153515	0.153515	0.153515	0.153515	0.153515	0.153515	0.153515	0.153515	0.153515	0.153515	0.153515	0.153515	0.153515	0.153515	0.153515	0.153515	0.153515	0.153515	0.153515	0.153515	0.153515	0.153515	0.153515	0.153515	0.153515	0.153515	0.153515	0.153515	0.153515	0.153515	0.153515	0.153515	0.153515	0.153515	0.153515	0.153515	0.153515	0.153515	0.153515	0.153515	0.153515	0.153515	0.153515	0.153515	0.153515	0.153515	0.153515	0.153515	0.153515	0.153515	0.153515	0.153515	0.153515	0.153515	0.153515	0.153515	0.153515	0.153515	0.153515	0.153515	0.153515	0.153515	0.153515	0.153515	0.153515	0.153515	0.153515	0.153515	0.153515	0.153515	0.153515	0.153515	0.153515	0.153515	0.153515	0.153515	0.153515	0.153515	0.153515	0.153515	0.153515	0.153515	0.153515	0.153515	0.153515	0.153515	0.153515	0.153515	0.153515	0.153515	0.153515	0.153515	0.153515	0.153515	0.153515	0.153515	0.153515	0.153515	0.153515	0.153515	0.153515	0.153515	0.153515	0.153515	0.153515	0.153515	0.153515	0.153515	0.153515	0.153515	0.153515	0.153515	0.153515	0.153515	0.153515	0.153515	0.153515	0.153515	0.153515	0.153515	0.153515	0.153515	0.153515	0.153515	0.153515	0.153515	0.153515	0.153515	0.153515	0.153515	0.153515	0.153515	0.153515	0.153515	0.153515	0.153515	0.153515	0.153515	0.153515	0.153515	0.153515	0.153515	0.153515	0.153515	0.153515	0.153515	0.153515	0.153515	0.153515	0.153515	0.153515	0.153515	0.153515	0.153515	0.153515	0.153515	0.153515	0.153515	0.153515	0.153515	0.153515	0.153515	0.153515	0.153515	0.153515	0.153515	0.153515	0.153515	0.153515	0.153515	0.153515	0.153515	0.153515	0.153515	0.153515	0.153515	0.153515	0.153515	0.153515	0.153515	0.153515	0.153515	0.153515	0.153515	0.153515	0.153515	0.153515	0.153515	0.153515	0.153515	0.153515	0.153515	0.153515	0.153515	0.153515	0.153515	0.153515	0.153515	0.153515	0.153515	0.153515	0.153515	0.153515	0.153515	0.153515	0.153515	0.153515	0.153515	0.153515	0.153515	0.153515	0.153515	0.153515	0.153515	0.153515	0.153515	0.153515	0.153515	0.153515	0.153515	0.153515	0.153515	0.153515	0.153515	0.153515	0.153515	0.153515	0.153515	0.153515	0.153515	0.153515	0.153515	0.153515	0.153515	0.153515	0.153515	0.153515	0.153515	0.153515	0.153515	0.153515	0.153515	0.153515	0.153515	0.153515	0.153515	0.153515	0.153515	0.153515	0.153515	0.153515	0.153515	0.153515	0.153515	0.153515	0.153515	0.153515	0.153515	0.153515	0.153515	0.153515	0.153515	0.153515	0.153515	0.153515
Software Engineering			0	0	0	0	0	0	0	0	0	0	0	0	0	0	0	0	0	0	0	0	0	0	0	0	0	0	0	0	0	0	0	0	0	0	0	0	0	0	0	0	0	0	0	0	0	0	0	0	0	0	0	0	0	0	0	0	0	0	0	0	0	0	0	0	0	0	0	0	0	0	0	0	0	0	0	0	0	0	0	0	0	0	0	0	0	0	0	0	0	0	0	0	0	0	0	0	0.055026	0.055026	0.055026	0.055026	0.055026	0.055026	0.055026	0.055026	0.055026	0.055026	0.055026	0.055026	0.055026	0.055026	0.055026	0.055026	0.055026	0.055026	0.055026	0.055026	0.055026	0.055026	0.055026	0.055026	0.055026	0.055026	0.055026	0.055026	0.055026	0.055026	0.055026	0.055026	0.055026	0.055026	0.055026	0.055026	0.055026	0.055026	0.055026	0.055026	0.055026	0.055026	0.055026	0.055026	0.055026	0.055026	0.055026	0.055026	0.055026	0.055026	0.055026	0.055026	0.055026	0.055026	0.055026	0.055026	0.055026	0.055026	0.055026	0.055026	0.055026	0.055026	0.055026	0.101918	0.101918	0.101918	0.101918	0.101918	0.101918	0.101918	0.101918	0.101918	0.101918	0.101918	0.101918	0.101918	0.101918	0.101918	0.101918	0.101918	0.101918	0.101918	0.101918	0.101918	0.101918	0.101918	0.101918	0.101918	0.101918	0.101918	0.101918	0.101918	0.101918	0.101918	0.101918	0.101918	0.101918	0.101918	0.101918	0.101918	0.101918	0.102588	0.102588	0.102588	0.102588	0.102588	0.102588	0.102588	0.102588	0.102588	0.102588	0.102588	0.102588	0.102588	0.102588	0.102588	0.102588	0.102588	0.102588	0.102588	0.102588	0.102588	0.102588	0.102588	0.102588	0.102588	0.102588	0.102588	0.102588	0.102588	0.102588	0.102588	0.102588	0.102588	0.102588	0.102588	0.102588	0.102588	0.102588	0.102588	0.102588	0.102588	0.102588	0.102588	0.102588	0.102588	0.102588	0.102588	0.102588	0.102588	0.102588	0.102588	0.102588	0.102588	0.102588	0.102588	0.102588	0.102588	0.102588	0.102588	0.102588	0.102588	0.102588	0.102588	0.102588	0.102588	0.102588	0.102588	0.102588	0.102588	0.102588	0.102588	0.102588	0.102588	0.102588	0.152829	0.152829	0.152829	0.152829	0.152829	0.152829	0.152829	0.152829	0.152829	0.152829	0.152829	0.152829	0.152829	0.152829	0.152829	0.152829	0.152829	0.152829	0.152829	0.152829	0.152829	0.152829	0.152829	0.152829	0.152829	0.152829	0.152829	0.152829	0.152829	0.152829	0.152829	0.152829	0.152829	0.152829	0.152829	0.152829	0.152829	0.152829	0.152829	0.152829	0.152829	0.152829	0.152829	0.152829	0.152829	0.152829	0.152829	0.152829	0.152829	0.152829	0.152829	0.152829	0.152829	0.152829	0.152829	0.152829	0.152829	0.152829	0.152829	0.152829	0.152829	0.152829	0.152829	0.152829	0.152829	0.152829	0.152829	0.152829	0.152829	0.152829	0.152829	0.152829	0.152829	0.152829	0.152829	0.152829	0.152829	0.152829	0.152829	0.152829	0.152829	0.152829	0.152829	0.152829	0.152829	0.152829	0.152829	0.152829	0.152829	0.152829	0.152829	0.152829	0.152829	0.152829
Biotechnology			0	0	0	0	0	0	0	0	0	0	0	0	0	0	0	0	0	0	0	0	0	0	0	0	0	0	0	0	0	0	0	0	0	0	0	0	0	0	0	0	0	0	0	0	0	0	0	0	0	0	0	0	0	0	0	0	0	0	0	0	0	0	0	0	0	0	0	0	0	0	0	0	0	0	0	0	0	0	0	0	0	0	0	0	0	0	0	0	0	0	0	0	0	0	0	0	0	0	0	0	0	0	0	0	0	0	0	0	0	0	0	0	0	0	0	0	0	0	0	0	0	0	0	0	0	0	0	0	0	0	0	0	0	0	0	0	0	0	0	0	0	0	0	0	0	0	0	0	0	0	0	0	0	0	0	0	0.006412	0.006412	0.006412	0.006412	0.006412	0.023996	0.023996	0.023996	0.023996	0.023996	0.023996	0.027824	0.027824	0.027824	0.027824	0.027824	0.027824	0.027824	0.027824	0.027824	0.027824	0.027824	0.027824	0.027824	0.027824	0.027824	0.027824	0.027824	0.027824	0.027824	0.027824	0.027824	0.027824	0.027824	0.027824	0.027824	0.027824	0.027824	0.027824	0.028159	0.028159	0.028159	0.028159	0.028159	0.028159	0.028159	0.028159	0.028159	0.028159	0.028159	0.028159	0.028159	0.028159	0.028159	0.028159	0.028159	0.028159	0.028159	0.028159	0.028159	0.028159	0.028159	0.028159	0.028159	0.028159	0.028159	0.028159	0.028159	0.028159	0.028293	0.02831	0.02831	0.02831	0.02831	0.02831	0.02831	0.02831	0.02831	0.02831	0.02831	0.02831	0.02831	0.02831	0.02831	0.02831	0.02831	0.02831	0.02831	0.02831	0.02831	0.02831	0.02831	0.02831	0.02831	0.02831	0.02831	0.02831	0.02831	0.02831	0.02831	0.02831	0.02831	0.02831	0.02831	0.02831	0.02831	0.02831	0.02831	0.02831	0.02831	0.02831	0.02831	0.02831	0.02831	0.02831	0.02831	0.02831	0.080169	0.080169	0.080169	0.080169	0.080169	0.080169	0.13376	0.13376	0.13376	0.13376	0.13376	0.13376	0.13376	0.13376	0.13376	0.13376	0.13376	0.13376	0.13376	0.13376	0.13376	0.13376	0.13376	0.13376	0.13376	0.13376	0.13376	0.13376	0.13376	0.13376	0.13376	0.13376	0.13376	0.13376	0.13376	0.13376	0.13376	0.13376	0.13376	0.13376	0.13376	0.13376	0.13376	0.13376	0.13376	0.13376	0.13376	0.13376	0.13376	0.13376	0.13376	0.13376	0.13376	0.13376	0.13376	0.13376	0.13376	0.13376	0.13376	0.13376	0.13376	0.13376	0.13376	0.13376	0.13376	0.147237	0.147237	0.147237	0.147237	0.147237	0.147237	0.147237	0.147237	0.147237	0.147237	0.147237	0.147237	0.147237	0.147237	0.147237	0.147237	0.147237	0.147237	0.150319	0.150319	0.150319	0.150319	0.150319	0.150319	0.150319	0.150319	0.150319
Impact Investing			0	0	0	0	0	0	0	0	0	0	0	0	0	0	0	0	0	0	0	0	0	0	0	0	0	0	0	0	0	0	0	0	0	0	0	0	0	0	0	0	0	0	0	0	0	0	0	0	0	0	0	0	0	0	0	0	0	0	0	0	0	0	0	0	0	0	0	0	0	0	0	0	0	0	0	0	0	0	0	0	0	0	0	0	0	0	0	0	0	0	0	0	0	0	0	0	0	0	0.01346	0.01346	0.01346	0.01346	0.01346	0.01346	0.01346	0.01346	0.01346	0.01346	0.01346	0.01346	0.01346	0.01346	0.01346	0.01346	0.01346	0.01346	0.01346	0.01346	0.01346	0.01346	0.01346	0.01346	0.01346	0.01346	0.01346	0.01346	0.01346	0.01346	0.01346	0.01346	0.01346	0.01346	0.01346	0.01346	0.01346	0.01346	0.01346	0.01346	0.01346	0.01346	0.01346	0.01346	0.01346	0.01346	0.01346	0.01346	0.01346	0.01346	0.01346	0.01346	0.01346	0.01346	0.01346	0.01346	0.01346	0.01346	0.01346	0.01346	0.01346	0.01346	0.147437	0.147437	0.147437	0.147437	0.147437	0.147437	0.147437	0.147437	0.147437	0.147437	0.147437	0.147437	0.147437	0.147437	0.147437	0.147437	0.147437	0.147437	0.147437	0.147437	0.147437	0.147437	0.147437	0.147437	0.147437	0.147437	0.147437	0.147437	0.147437	0.147437	0.147437	0.147437	0.147437	0.147437	0.147437	0.147437	0.147437	0.147437	0.147437	0.147437	0.147437	0.147437	0.147437	0.147437	0.147437	0.147437	0.147437	0.147437	0.147437	0.147437	0.147437	0.147437	0.147437	0.147437	0.147437	0.147437	0.147437	0.147437	0.147437	0.147437	0.147437	0.147437	0.147437	0.147437	0.147437	0.147437	0.147437	0.147437	0.147437	0.147437	0.147437	0.147437	0.147437	0.147437	0.147437	0.147437	0.147437	0.147437	0.147437	0.147437	0.147437	0.147437	0.147437	0.147437	0.147437	0.147437	0.147437	0.147437	0.147437	0.147437	0.147437	0.147437	0.147437	0.147437	0.147437	0.147437	0.147437	0.147437	0.147437	0.147437	0.147437	0.147437	0.147437	0.147437	0.147437	0.147437	0.147437	0.147437	0.147437	0.147437	0.147437	0.147437	0.147437	0.147437	0.147437	0.147437	0.147437	0.147437	0.147437	0.147437	0.147437	0.147437	0.147437	0.147437	0.147437	0.147437	0.147437	0.147437	0.147437	0.147437	0.147437	0.147437	0.147437	0.147437	0.147437	0.147437	0.147437	0.147437	0.147437	0.147437	0.147437	0.147437	0.147437	0.147437	0.147437	0.147437	0.147437	0.147437	0.147437	0.147437	0.147437	0.147437	0.147437	0.147437	0.147437	0.147437	0.147437	0.147437	0.147437	0.147437	0.147437	0.147437	0.147437	0.147437	0.147437	0.147437	0.147437	0.147437	0.147437	0.147437	0.147437	0.147437	0.147437	0.147437	0.147437	0.147437	0.147437	0.147437	0.147437	0.147437	0.147437	0.147437	0.147437	0.147437	0.147437	0.147437	0.147437	0.147437	0.147437	0.147437	0.147437	0.147437	0.147437	0.147437	0.147437	0.147437	0.147437	0.147437	0.147437	0.147437	0.147437	0.147437	0.147437	0.147437	0.147437
Advanced Materials			0	0	0	0	0	0	0	0	0	0	0	0	0	0	0	0	0	0	0	0	0	0	0	0	0	0	0	0	0	0	0	0	0	0	0	0	0	0	0	0	0	0	0	0	0	0	0	0	0	0	0	0	0	0	0	0	0	0	0	0	0	0	0	0	0	0	0	0	0	0	0	0	0	0	0	0	0	0	0	0	0	0	0	0	0	0	0	0	0	0	0	0	0	0	0	0	0	0	0	0	0	0	0	0	0	0	0	0	0	0	0	0	0	0	0	0	0	0	0	0	0	0	0	0	0	0	0	0	0	0	0	0	0	0	0	0	0	0	0	0	0	0	0	0	0	0	0	0	0	0	0	0	0	0	0	0	0	0	0	0	0	0	0	0	0	0	0	0	0	0	0	0	0	0	0	0	0	0	0	0	0	0	0	0	0	0	0	0	0	0	0	0	0	0	0	0	0	0	0	0	0	0	0	0	0	0	0	0	0	0	0	0	0	0	0	0	0	0	0	0	0	0	0	0	0	0	0	0	0	0	0	0	0	0	0	0	0	0	0	0	0	0	0	0	0	0	0	0	0	0	0	0	0	0	0	0	0	0	0	0	0	0	0	0	0	0	0	0	0	0	0	0	0	0	0	0	0	0	0	0	0	0	0	0	0	0	0	0	0	0	0	0	0	0	0	0	0	0	0	0	0	0	0	0	0	0	0	0	0	0	0	0	0	0	0	0	0	0	0	0	0	0	0	0	0	0	0	0	0	0	0	0	0	0	0	0	0	0	0	0	0	0	0.143546	0.143546	0.143546	0.143546	0.143546	0.143546	0.143546	0.143546	0.143546	0.143546	0.143546	0.143546	0.143546	0.143546	0.143546	0.143546	0.143546	0.143546	0.143546	0.143546	0.143546	0.143546	0.143546
Air Transportation			0	0	0	0	0	0	0	0	0	0	0	0	0	0	0	0	0	0	0	0	0	0	0	0	0	0	0	0	0	0	0	0	0	0	0	0	0	0	0	0	0	0	0	0	0	0	0	0	0	0	0	0	0	0	0	0	0	0	0	0	0	0	0	0	0	0	0	0	0	0	0	0	0	0	0	0	0	0	0	0	0	0	0	0	0	0	0	0	0	0	0	0	0	0	0	0	0	0	0	0	0	0	0	0	0	0	0	0	0	0	0	0	0	0	0	0	0	0	0	0	0	0	0	0	0	0	0	0	0	0	0	0	0	0	0	0	0	0	0	0	0	0	0	0	0	0	0	0	0	0	0	0	0	0	0	0	0	0	0	0	0	0	0	0	0	0	0	0	0	0	0	0	0	0	0	0	0	0	0	0	0	0	0	0	0	0	0	0	0	0	0	0	0	0	0	0	0	0	0	0	0	0	0	0	0	0	0	0	0	0	0	0	0	0	0	0	0	0	0	0	0	0	0	0	0	0	0	0	0	0	0	0	0	0	0	0	0	0	0	0	0	0	0	0	0	0	0	0	0	0	0	0	0	0	0	0	0	0	0	0	0	0	0	0	0	0	0	0	0	0	0	0	0	0	0	0	0	0	0	0	0	0	0	0	0	0	0	0	0	0	0	0	0	0	0	0	0	0	0	0	0	0	0	0	0	0	0	0	0	0	0	0	0	0	0	0	0	0	0	0	0	0	0	0	0	0	0	0	0	0	0	0	0	0	0	0	0	0	0	0	0	0	0.143546	0.143546	0.143546	0.143546	0.143546	0.143546	0.143546	0.143546	0.143546	0.143546	0.143546	0.143546	0.143546	0.143546	0.143546	0.143546	0.143546	0.143546	0.143546	0.143546	0.143546	0.143546	0.143546
Energy Management			0	0	0	0	0	0	0	0	0	0	0	0	0	0	0	0	0	0	0	0	0	0	0	0	0	0	0	0	0	0	0	0	0	0	0	0	0	0	0	0	0	0	0	0	0	0	0	0	0	0	0	0	0	0	0	0	0	0	0	0	0	0	0	0	0	0	0	0	0	0	0	0	0	0	0	0	0	0	0	0	0	0	0	0	0	0	0	0	0	0	0	0	0	0	0	0	0	0	0	0	0	0	0	0	0	0	0	0	0	0	0	0	0	0	0	0	0	0	0	0	0	0	0	0	0	0	0	0	0	0	0	0	0	0	0	0	0	0	0	0	0	0	0	0	0	0	0	0	0	0	0	0	0	0	0	0	0	0	0	0	0	0	0	0	0	0	0	0	0	0	0	0	0	0	0	0	0	0	0	0	0	0	0	0	0	0	0	0	0	0	0	0	0	0	0	0	0	0	0	0	0	0	0	0	0	0	0	0	0	0	0	0	0	0	0	0	0	0	0	0	0	0	0	0	0	0	0	0	0	0	0	0	0	0	0	0	0	0	0	0	0	0	0	0	0	0	0	0	0	0	0	0	0	0	0	0	0	0	0	0	0	0	0	0	0	0	0	0	0	0	0	0	0	0	0	0	0	0	0	0	0	0	0	0	0	0	0	0	0	0	0	0	0	0	0	0	0	0	0	0	0	0	0	0	0	0	0	0	0	0	0	0	0	0	0	0	0	0	0	0	0	0	0	0	0	0	0	0	0	0	0	0	0	0	0	0	0	0	0	0	0	0	0.143546	0.143546	0.143546	0.143546	0.143546	0.143546	0.143546	0.143546	0.143546	0.143546	0.143546	0.143546	0.143546	0.143546	0.143546	0.143546	0.143546	0.143546	0.143546	0.143546	0.143546	0.143546	0.143546
Developer Platform			0	0	0	0	0	0	0	0	0	0	0	0	0	0	0	0	0	0	0	0	0	0	0	0	0	0	0	0	0	0	0	0	0	0	0.003349	0.003349	0.003349	0.003349	0.003349	0.003349	0.003349	0.003349	0.003349	0.003349	0.003349	0.003349	0.003349	0.003349	0.003349	0.003349	0.003349	0.003349	0.003349	0.003349	0.003349	0.003349	0.003349	0.003349	0.003349	0.003349	0.003349	0.003349	0.003349	0.003349	0.003349	0.003349	0.003349	0.003349	0.003349	0.003349	0.003349	0.003349	0.003349	0.003349	0.003349	0.003349	0.003349	0.003349	0.003349	0.003349	0.003349	0.003349	0.003349	0.003349	0.003349	0.003349	0.003349	0.003349	0.003349	0.003349	0.003349	0.003349	0.003349	0.003349	0.003349	0.003349	0.003349	0.003349	0.003349	0.003349	0.003349	0.003349	0.003349	0.003349	0.003349	0.003349	0.003349	0.003349	0.003349	0.003349	0.003349	0.003349	0.003349	0.003349	0.003349	0.003349	0.003349	0.003349	0.003349	0.003349	0.003349	0.003349	0.003349	0.003349	0.003349	0.003349	0.004354	0.004354	0.004354	0.004354	0.004354	0.004354	0.004354	0.004354	0.004354	0.004354	0.004354	0.004354	0.004354	0.004354	0.004354	0.004354	0.004354	0.004354	0.004354	0.004354	0.004354	0.004354	0.004354	0.004354	0.004354	0.004354	0.004354	0.004354	0.004354	0.004354	0.004354	0.004354	0.004354	0.051246	0.051246	0.051246	0.051246	0.051246	0.051246	0.051246	0.051246	0.051246	0.051246	0.051246	0.051246	0.051246	0.051246	0.051246	0.051246	0.051246	0.051246	0.051246	0.051246	0.051246	0.051246	0.051246	0.051246	0.051246	0.051246	0.051246	0.051246	0.051246	0.051246	0.051246	0.051246	0.051246	0.051246	0.051246	0.051246	0.051246	0.051246	0.051246	0.051246	0.051246	0.051246	0.051246	0.051246	0.051246	0.051246	0.051246	0.051246	0.051246	0.051246	0.051246	0.051246	0.051246	0.051246	0.051246	0.051246	0.051246	0.051246	0.051246	0.051246	0.051246	0.051246	0.051246	0.051246	0.051246	0.051246	0.051246	0.051246	0.051246	0.051246	0.051246	0.051246	0.051246	0.051246	0.051246	0.051246	0.051246	0.051246	0.051246	0.051246	0.051246	0.051246	0.051246	0.051246	0.051246	0.051246	0.051246	0.051246	0.051246	0.051246	0.051246	0.051246	0.05493	0.05493	0.05493	0.05493	0.05493	0.05493	0.05493	0.05493	0.05493	0.05493	0.05493	0.05493	0.05493	0.05493	0.05493	0.05493	0.061629	0.061629	0.061629	0.061629	0.11187	0.11187	0.116024	0.116024	0.116024	0.116024	0.116024	0.116024	0.116024	0.116024	0.116024	0.116024	0.116024	0.116024	0.116024	0.116024	0.116024	0.116024	0.116024	0.116024	0.116024	0.116024	0.116024	0.116024	0.116024	0.116024	0.116024	0.116024	0.116024	0.116024	0.116024	0.116024	0.116024	0.116024	0.116024	0.116024	0.116024	0.116024	0.116024	0.116024	0.116024	0.116024	0.116024	0.116024	0.142819	0.142819	0.142819	0.142819	0.142819	0.142819	0.142819	0.142819	0.142819	0.142819	0.142819	0.142819	0.142819	0.142819	0.142819	0.142819	0.142819	0.142819	0.142819	0.142819	0.142819	0.142819	0.142819	0.142819	0.142819	0.142819	0.142819	0.142819	0.142819	0.142819	0.142819	0.142819	0.142819	0.142819	0.142819	0.142819	0.142819	0.142819	0.142819	0.142819	0.142819	0.142819	0.142819	0.142819	0.142819	0.142819	0.142819	0.142819	0.142819	0.142819
Cloud Computing			0	0	0	0	0	0	0	0	0	0	0	0	0	0	0	0	0	0	0	0	0	0	0	0	0	0	0	0	0	0	0	0	0	0	0	0	0	0	0	0	0	0	0	0	0	0	0	0	0	0	0	0	0	0	0	0	0	0	0	0	0	0	0	0	0	0	0	0	0	0	0	0	0	0	0	0	0	0	0	0	0	0	0	0	0	0	0	0	0	0	0	0	0	0	0	0	0	0	0	0	0	0	0	0	0	0	0	0	0	0	0	0	0	0	0	0	0	0	0	0	0	0	0	0	0	0	0	0	0	0	0	0	0	0	0	0	0	0	0	0	0	0	0	0	0	0	0	0	0	0	0	0	0	0	0	0	0	0	0	0	0	0	0	0	0	0	0	0.002071	0.002071	0.002071	0.002071	0.002071	0.002071	0.002071	0.002071	0.002071	0.002071	0.002071	0.002071	0.002071	0.002071	0.002071	0.002071	0.002071	0.002071	0.002071	0.002071	0.002071	0.002071	0.002071	0.002071	0.002071	0.002071	0.002071	0.002071	0.002071	0.002071	0.002071	0.002071	0.002071	0.002071	0.002071	0.002071	0.002071	0.002071	0.002071	0.002071	0.002071	0.002071	0.002071	0.10674	0.10674	0.10674	0.10674	0.10674	0.10674	0.10674	0.10674	0.10674	0.10674	0.10674	0.10674	0.10674	0.10674	0.10674	0.10674	0.10674	0.10674	0.10674	0.10674	0.10674	0.10674	0.10674	0.10674	0.10674	0.10674	0.10674	0.10674	0.10674	0.10674	0.10674	0.10674	0.10674	0.10674	0.10674	0.10674	0.10674	0.10674	0.10674	0.10674	0.10674	0.10674	0.10674	0.10674	0.10674	0.10674	0.10674	0.10674	0.10674	0.10674	0.10674	0.10674	0.10674	0.10674	0.10674	0.10674	0.10674	0.10674	0.10674	0.10674	0.10674	0.10674	0.10674	0.10674	0.10674	0.10674	0.10674	0.10674	0.10674	0.10674	0.10674	0.10674	0.10674	0.10674	0.10674	0.10674	0.10674	0.10674	0.10674	0.10674	0.10674	0.10674	0.10674	0.10674	0.10674	0.10674	0.10674	0.10674	0.10674	0.10674	0.10674	0.10674	0.10674	0.10674	0.10674	0.10674	0.10674	0.10674	0.10674	0.10674	0.10674	0.10674	0.10674	0.10674	0.10674	0.10674	0.10674	0.10674	0.10674	0.10674	0.10674	0.138309	0.138309	0.138309	0.138309	0.138309	0.138309	0.138309	0.138309	0.138309	0.138309	0.138309	0.138309	0.138309	0.138309	0.138309	0.138309	0.138309	0.138309	0.138309	0.138309	0.138309	0.138309	0.138309	0.138309	0.138309	0.138309	0.138309	0.138309	0.138309	0.138309	0.138309	0.138309	0.138309	0.138309	0.138309	0.138309	0.138309	0.138309	0.138309	0.138309	0.138309	0.138309	0.138309	0.138309
Robotics			0.001675	0.001675	0.001675	0.001675	0.001675	0.001675	0.001675	0.001675	0.001675	0.001675	0.001675	0.001675	0.001675	0.001675	0.001675	0.001675	0.001675	0.001675	0.001675	0.001675	0.005024	0.005024	0.005024	0.005024	0.005024	0.005024	0.005024	0.005024	0.005024	0.005024	0.005024	0.005024	0.005024	0.005024	0.005024	0.005024	0.005024	0.005024	0.005024	0.005024	0.005024	0.005024	0.02032	0.02032	0.02032	0.02032	0.02032	0.02032	0.02032	0.02032	0.02032	0.02032	0.02032	0.02032	0.02032	0.02032	0.02032	0.02032	0.02032	0.02032	0.02032	0.02032	0.02032	0.02032	0.02032	0.02032	0.02032	0.02032	0.02032	0.02032	0.02032	0.037067	0.037067	0.037067	0.037067	0.037067	0.037067	0.037067	0.037067	0.037067	0.037067	0.037067	0.037067	0.037067	0.037067	0.037067	0.037067	0.037067	0.037067	0.037067	0.037067	0.037067	0.037067	0.037067	0.037067	0.037067	0.037067	0.037067	0.037067	0.037067	0.037067	0.037067	0.037067	0.037067	0.037067	0.037067	0.037067	0.037067	0.037067	0.037067	0.037067	0.037067	0.037067	0.037067	0.037067	0.037067	0.037067	0.037067	0.037067	0.037067	0.037067	0.037067	0.037067	0.037067	0.037067	0.037067	0.037067	0.037067	0.037067	0.037067	0.037067	0.037067	0.037067	0.037067	0.037067	0.037067	0.037067	0.037067	0.037067	0.037067	0.037067	0.037067	0.037067	0.037067	0.037067	0.037067	0.037067	0.037067	0.037067	0.037067	0.037067	0.037067	0.057931	0.057931	0.057931	0.057931	0.057931	0.057931	0.057931	0.057931	0.057931	0.057931	0.117742	0.117742	0.117742	0.117742	0.117742	0.117742	0.117742	0.117742	0.117742	0.117742	0.117742	0.117742	0.117742	0.117742	0.117742	0.117742	0.117742	0.117742	0.117742	0.117742	0.117742	0.117742	0.117742	0.117742	0.117742	0.117742	0.117742	0.117742	0.117742	0.117742	0.117742	0.117742	0.117742	0.117742	0.117742	0.117742	0.117742	0.117742	0.117742	0.117742	0.117742	0.117742	0.117742	0.117742	0.117742	0.117742	0.117742	0.117742	0.117742	0.117742	0.117742	0.117742	0.117742	0.117742	0.117742	0.117742	0.117742	0.117742	0.117742	0.117742	0.117742	0.117742	0.117742	0.117742	0.117742	0.117742	0.117742	0.117742	0.117742	0.117742	0.117742	0.117742	0.117742	0.117742	0.117742	0.117742	0.117742	0.117742	0.117742	0.117742	0.117742	0.117742	0.117742	0.117742	0.117742	0.117742	0.117742	0.117742	0.117742	0.117742	0.117742	0.117742	0.117742	0.117742	0.117742	0.117742	0.117742	0.117742	0.117742	0.117742	0.117742	0.117742	0.117742	0.117742	0.117742	0.117742	0.117742	0.117742	0.117742	0.117742	0.117742	0.117742	0.117742	0.117742	0.117742	0.117742	0.117742	0.117742	0.117742	0.117742	0.117742	0.117742	0.117742	0.117742	0.117742	0.117742	0.117742	0.117742	0.117742	0.117742	0.117742	0.117742	0.117742	0.117742	0.117742	0.117742	0.117742	0.117742	0.117742	0.117742	0.117742	0.117742	0.117742	0.117742	0.117742	0.117742	0.117742	0.117742	0.117742	0.117742	0.117742	0.117742	0.117742	0.117742	0.117742	0.117742	0.117742	0.117742	0.117742	0.117742	0.117742	0.117742	0.117742	0.117742	0.117742	0.117742	0.120533	0.120533	0.120533	0.120533	0.120533	0.120533	0.120533	0.120533	0.120533	0.120533	0.135098	0.135098	0.135098	0.135098	0.135098	0.135098	0.135098	0.135098	0.135098	0.135098	0.135098	0.135098	0.135098	0.135098	0.135098	0.135098	0.135098	0.135098	0.135098	0.135098	0.135098	0.135098	0.135098	0.135098	0.135098	0.135098	0.135098
Funding Platform			0	0	0	0	0	0	0	0	0	0	0	0	0	0	0	0	0	0	0	0	0	0	0	0	0	0	0	0	0	0	0	0	0	0	0	0	0	0	0	0	0	0	0	0	0	0	0	0	0	0	0	0	0	0	0	0	0	0	0	0	0	0	0	0	0	0	0	0	0	0	0	0	0	0	0	0	0	0	0	0	0	0	0	0	0	0	0	0	0	0	0	0	0	0	0	0	0	0	0	0	0	0	0	0	0	0	0	0	0	0	0	0	0	0	0	0	0	0	0	0	0	0	0	0	0	0	0	0	0	0	0	0	0	0	0	0	0	0	0	0	0	0	0	0	0	0	0	0	0	0	0	0	0	0	0	0	0	0	0	0	0.133977	0.133977	0.133977	0.133977	0.133977	0.133977	0.133977	0.133977	0.133977	0.133977	0.133977	0.133977	0.133977	0.133977	0.133977	0.133977	0.133977	0.133977	0.133977	0.133977	0.133977	0.133977	0.133977	0.133977	0.133977	0.133977	0.133977	0.133977	0.133977	0.133977	0.133977	0.133977	0.133977	0.133977	0.133977	0.133977	0.133977	0.133977	0.133977	0.133977	0.133977	0.133977	0.133977	0.133977	0.133977	0.133977	0.133977	0.133977	0.133977	0.133977	0.133977	0.133977	0.133977	0.133977	0.133977	0.133977	0.133977	0.133977	0.133977	0.133977	0.133977	0.133977	0.133977	0.133977	0.133977	0.133977	0.133977	0.133977	0.133977	0.133977	0.133977	0.133977	0.133977	0.133977	0.133977	0.133977	0.133977	0.133977	0.133977	0.133977	0.133977	0.133977	0.133977	0.133977	0.133977	0.133977	0.133977	0.133977	0.133977	0.133977	0.133977	0.133977	0.133977	0.133977	0.133977	0.133977	0.133977	0.133977	0.133977	0.133977	0.133977	0.133977	0.133977	0.133977	0.133977	0.133977	0.133977	0.133977	0.133977	0.133977	0.133977	0.133977	0.133977	0.133977	0.133977	0.133977	0.133977	0.133977	0.133977	0.133977	0.133977	0.133977	0.133977	0.133977	0.133977	0.133977	0.133977	0.133977	0.133977	0.133977	0.133977	0.133977	0.133977	0.133977	0.133977	0.133977	0.133977	0.133977	0.133977	0.133977	0.133977	0.133977	0.133977	0.133977	0.133977	0.133977	0.133977	0.133977	0.133977	0.133977	0.133977	0.133977	0.133977	0.133977	0.133977	0.133977	0.133977	0.133977	0.133977	0.133977	0.133977	0.133977	0.133977	0.133977	0.133977	0.133977	0.133977	0.133977	0.133977	0.133977	0.133977	0.133977	0.133977	0.133977	0.133977	0.133977	0.133977	0.133977	0.133977	0.133977	0.133977	0.133977	0.133977	0.133977	0.133977	0.133977	0.133977	0.133977	0.133977	0.133977	0.133977	0.133977	0.133977	0.133977	0.133977	0.133977	0.133977	0.133977	0.133977	0.133977	0.133977	0.133977	0.133977	0.133977	0.133977
Identity Management			0	0	0	0	0	0	0	0	0	0	0	0	0	0	0	0	0	0	0	0	0	0	0	0	0	0	0	0	0	0	0	0	0	0	0.02219	0.02219	0.02219	0.02219	0.02219	0.02219	0.02219	0.02219	0.02219	0.02219	0.02219	0.02219	0.02219	0.02219	0.02219	0.02219	0.02219	0.02219	0.02219	0.02219	0.02219	0.02219	0.02219	0.02219	0.02219	0.02219	0.02219	0.02219	0.02219	0.02219	0.02219	0.02219	0.02219	0.02219	0.02219	0.02219	0.02219	0.02219	0.02219	0.02219	0.02219	0.02219	0.02219	0.02219	0.02219	0.02219	0.02219	0.02219	0.02219	0.02219	0.02219	0.02219	0.02219	0.02219	0.02219	0.02219	0.02219	0.02219	0.022262	0.022262	0.022262	0.022262	0.022262	0.022262	0.022262	0.022262	0.022262	0.022262	0.022262	0.022262	0.022262	0.022262	0.022262	0.022262	0.022262	0.022262	0.022262	0.022262	0.022262	0.022262	0.022262	0.022262	0.022262	0.022262	0.022262	0.022262	0.022262	0.022262	0.022262	0.022262	0.022262	0.022262	0.022262	0.022262	0.022262	0.022262	0.022262	0.022262	0.022262	0.022262	0.022262	0.022262	0.022262	0.022262	0.022262	0.022262	0.022262	0.022262	0.022262	0.022262	0.022262	0.022262	0.022262	0.022262	0.022262	0.022262	0.022262	0.022262	0.022262	0.022262	0.022262	0.022262	0.022262	0.022262	0.022262	0.022262	0.022262	0.022262	0.022262	0.022262	0.022262	0.022262	0.022262	0.022262	0.022262	0.022262	0.022262	0.022262	0.022262	0.022262	0.022262	0.022262	0.022262	0.022262	0.022262	0.022262	0.022262	0.022262	0.022262	0.022262	0.022262	0.022262	0.022262	0.022262	0.022262	0.022262	0.022262	0.022262	0.022262	0.022262	0.022262	0.022262	0.022262	0.022262	0.022262	0.022262	0.022262	0.022262	0.022262	0.022262	0.022262	0.022262	0.022262	0.022262	0.022262	0.022262	0.126931	0.126931	0.126931	0.126931	0.126931	0.126931	0.126931	0.126931	0.126931	0.126931	0.126931	0.126931	0.126931	0.126931	0.126931	0.126931	0.126931	0.126931	0.126931	0.126931	0.126931	0.126931	0.126931	0.126931	0.126931	0.126931	0.126931	0.126931	0.126931	0.126931	0.126931	0.126931	0.126931	0.126931	0.126931	0.126931	0.126931	0.126931	0.126931	0.126931	0.126931	0.126931	0.126931	0.126931	0.126931	0.126931	0.126931	0.126931	0.126931	0.126931	0.126931	0.126931	0.126931	0.126931	0.126931	0.126931	0.126931	0.126931	0.126931	0.126931	0.126931	0.126931	0.126931	0.126931	0.126931	0.126931	0.126931	0.126931	0.126931	0.126931	0.126931	0.126931	0.126931	0.126931	0.126931	0.126931	0.126931	0.126931	0.126931	0.126931	0.126931	0.126931	0.126931	0.126931	0.126931	0.126931	0.126931	0.126931	0.126931	0.126931	0.126931	0.126931	0.126931	0.126931	0.126931	0.126931	0.126931	0.126931	0.126931	0.126931	0.126931	0.126931	0.126931	0.126931	0.126931	0.126931	0.126931	0.126931	0.126931	0.126931	0.126931	0.126931	0.126931	0.126931	0.126931	0.126931	0.126931	0.126931	0.126931	0.126931	0.126931	0.126931	0.126931	0.126931	0.126931	0.126931	0.126931	0.126931	0.126931	0.126931	0.126931	0.126931	0.126931	0.126931	0.126931	0.126931	0.126931	0.126931	0.126931	0.126931	0.126931	0.126931	0.126931	0.126931	0.126931	0.126931	0.126931	0.126931	0.126931	0.126931	0.126931	0.126931	0.126931	0.126931	0.126931
Open Source			0	0	0	0	0	0	0	0	0	0	0	0	0	0	0	0	0	0	0	0	0	0	0	0	0	0	0	0	0	0	0	0	0	0	0	0	0	0	0	0	0	0	0	0	0	0	0	0	0	0	0	0	0	0	0	0	0	0	0	0	0	0	0	0	0	0	0	0	0	0	0.000558	0.000558	0.000558	0.000558	0.000558	0.000558	0.000558	0.000558	0.000558	0.000558	0.019538	0.019538	0.019538	0.019538	0.019538	0.019538	0.019538	0.019538	0.019538	0.019538	0.019538	0.019538	0.019538	0.019538	0.019538	0.019538	0.019538	0.019538	0.019538	0.024562	0.024562	0.024562	0.024562	0.024562	0.024562	0.024562	0.024562	0.024562	0.024562	0.024562	0.024562	0.024562	0.024562	0.024562	0.024562	0.024562	0.024562	0.024562	0.024562	0.024562	0.024562	0.024562	0.024562	0.024562	0.024562	0.024562	0.024562	0.024562	0.024562	0.024562	0.024562	0.024562	0.024562	0.024562	0.024562	0.024562	0.024562	0.024562	0.024562	0.024562	0.024562	0.024562	0.024562	0.024562	0.024562	0.024562	0.024562	0.024562	0.024562	0.024562	0.024562	0.024562	0.024562	0.024562	0.024562	0.024562	0.024562	0.024562	0.024562	0.071454	0.071454	0.071454	0.071454	0.071454	0.071454	0.071454	0.071454	0.071454	0.071454	0.071454	0.071454	0.071454	0.071454	0.071454	0.071454	0.071454	0.071454	0.071454	0.071454	0.071454	0.071454	0.074245	0.074245	0.074245	0.074245	0.074245	0.074245	0.074245	0.074245	0.074245	0.074245	0.074245	0.074245	0.074245	0.074245	0.074245	0.074245	0.074245	0.074245	0.074245	0.074245	0.074245	0.074245	0.074245	0.074245	0.074245	0.074245	0.074245	0.074245	0.074245	0.074245	0.074245	0.074245	0.074245	0.074245	0.074245	0.074245	0.074245	0.074245	0.074245	0.074245	0.074245	0.074245	0.074245	0.074245	0.074245	0.074245	0.074245	0.074245	0.074245	0.074245	0.074245	0.074245	0.074245	0.074245	0.074245	0.074245	0.074245	0.074245	0.074245	0.074245	0.074245	0.074245	0.074245	0.074245	0.074245	0.074245	0.074245	0.074245	0.074245	0.074245	0.074245	0.074245	0.074245	0.074245	0.074245	0.074245	0.074245	0.074245	0.074245	0.074245	0.074245	0.074245	0.074245	0.074245	0.074245	0.074245	0.074245	0.074245	0.074245	0.074245	0.124487	0.124487	0.124487	0.124487	0.124487	0.124487	0.124487	0.124487	0.124487	0.124487	0.124487	0.124487	0.124487	0.124487	0.124487	0.124487	0.124487	0.124487	0.124487	0.124487	0.124487	0.124487	0.124487	0.124487	0.124487	0.124487	0.124487	0.124487	0.124487	0.124487	0.124487	0.124487	0.124487	0.124487	0.124487	0.124487	0.124487	0.124487	0.124487	0.124487	0.124487	0.124487	0.124487	0.124487	0.124487	0.124487	0.124487	0.124487	0.124487	0.124487	0.124487	0.124487	0.124487	0.124487	0.124487	0.124487	0.124487	0.124487	0.124487	0.124487	0.124487	0.124487	0.124487	0.124487	0.124487	0.124487	0.124487	0.124487	0.124487	0.124487	0.124487	0.124487	0.124487	0.124487	0.124487	0.124487	0.124487	0.124487	0.124487	0.124487	0.124487	0.124487	0.124487	0.124487	0.124487	0.124487	0.124487	0.124487	0.124487	0.124487	0.124487	0.124487	0.124487	0.124487
Therapeutics			0	0	0	0	0	0	0	0	0	0	0	0	0	0	0	0	0	0	0	0	0	0	0	0	0	0	0	0	0	0	0	0	0	0	0	0	0	0	0	0	0	0	0	0	0	0	0	0	0	0	0	0	0	0	0	0	0	0	0	0	0	0	0	0	0	0	0	0	0	0	0	0	0	0	0	0	0	0	0	0	0	0	0	0	0	0	0	0	0	0	0	0	0	0	0	0	0	0	0	0	0	0	0	0	0	0	0	0	0	0	0	0	0	0	0	0	0	0	0	0	0	0	0	0	0	0	0	0	0	0	0	0	0	0	0	0	0	0	0	0	0	0	0	0	0	0	0	0	0	0	0	0	0	0	0	0	0	0	0	0	0	0.017584	0.017584	0.017584	0.017584	0.017584	0.017584	0.017584	0.017584	0.017584	0.017584	0.017584	0.017584	0.017584	0.017584	0.017584	0.017584	0.017584	0.017584	0.017584	0.017584	0.017584	0.017584	0.017584	0.017584	0.017584	0.017584	0.017584	0.017584	0.017584	0.017584	0.017584	0.017584	0.017584	0.017584	0.017584	0.017584	0.017584	0.017584	0.017584	0.017584	0.017584	0.017584	0.017584	0.017584	0.017584	0.017584	0.017584	0.017584	0.017584	0.017584	0.017584	0.017584	0.017584	0.017584	0.017584	0.017584	0.017584	0.017584	0.017584	0.017584	0.017584	0.017584	0.017584	0.017584	0.017584	0.017601	0.017601	0.017601	0.017601	0.017601	0.017601	0.017601	0.017601	0.017601	0.017601	0.017601	0.017601	0.017601	0.017601	0.017601	0.017601	0.017601	0.017601	0.017601	0.017601	0.017601	0.017601	0.017601	0.017601	0.017601	0.017601	0.017601	0.017601	0.017601	0.017601	0.017601	0.017601	0.017601	0.017601	0.017601	0.017601	0.017601	0.017601	0.017601	0.017601	0.017601	0.017601	0.017601	0.017601	0.017601	0.017601	0.017601	0.069461	0.069461	0.069461	0.069461	0.069461	0.069461	0.123052	0.123052	0.123052	0.123052	0.123052	0.123052	0.123052	0.123052	0.123052	0.123052	0.123052	0.123052	0.123052	0.123052	0.123052	0.123052	0.123052	0.123052	0.123052	0.123052	0.123052	0.123052	0.123052	0.123052	0.123052	0.123052	0.123052	0.123052	0.123052	0.123052	0.123052	0.123052	0.123052	0.123052	0.123052	0.123052	0.123052	0.123052	0.123052	0.123052	0.123052	0.123052	0.123052	0.123052	0.123052	0.123052	0.123052	0.123052	0.123052	0.123052	0.123052	0.123052	0.123052	0.123052	0.123052	0.123052	0.123052	0.123052	0.123052	0.123052	0.123052	0.123052	0.123052	0.123052	0.123052	0.123052	0.123052	0.123052	0.123052	0.123052	0.123052	0.123052	0.123052	0.123052	0.123052	0.123052	0.123052	0.123052	0.123052	0.123052	0.123052	0.123052	0.123052	0.123052	0.123052	0.123052
Developer APIs			0	0	0	0	0	0	0	0	0	0	0	0	0	0	0	0	0	0	0	0	0	0	0	0	0	0	0	0	0	0	0	0	0	0	0	0	0	0	0	0	0	0	0	0	0	0	0	0	0	0	0	0	0	0	0	0	0	0	0	0	0	0	0	0	0	0	0	0	0	0	0	0	0	0	0	0	0	0	0	0	0	0	0	0	0	0	0	0	0	0	0	0	0	0	0	0	0	0	0	0.005024	0.005024	0.005024	0.005024	0.005024	0.005024	0.015072	0.015072	0.015072	0.015072	0.015072	0.015072	0.015072	0.049906	0.049906	0.049906	0.049906	0.049906	0.049906	0.049906	0.049906	0.049906	0.049906	0.049906	0.049906	0.049906	0.049906	0.049906	0.049906	0.049906	0.049906	0.049906	0.049906	0.049906	0.049906	0.049906	0.084012	0.084012	0.084012	0.084012	0.084012	0.084012	0.117507	0.117507	0.117507	0.117507	0.117507	0.117507	0.117507	0.117507	0.117507	0.117507	0.117507	0.117507	0.117507	0.117507	0.117507	0.119459	0.119459	0.119459	0.119459	0.119459	0.119459	0.119459	0.119459	0.119459	0.119459	0.119459	0.119459	0.119459	0.119459	0.119459	0.119459	0.119459	0.119459	0.119459	0.119459	0.119459	0.119459	0.119459	0.119459	0.119459	0.119459	0.119459	0.119459	0.119459	0.119459	0.119459	0.119459	0.119459	0.119459	0.119459	0.119459	0.119459	0.119459	0.119459	0.119459	0.119459	0.119459	0.119459	0.119459	0.119459	0.119459	0.119459	0.119459	0.119459	0.119459	0.119459	0.119459	0.119459	0.119459	0.119459	0.119459	0.119459	0.119459	0.119459	0.119459	0.119459	0.119459	0.119459	0.119459	0.119459	0.119459	0.119459	0.119459	0.119459	0.119459	0.119459	0.119459	0.119459	0.119459	0.119459	0.119459	0.119459	0.119459	0.119459	0.119459	0.119459	0.119459	0.119459	0.119459	0.119459	0.119459	0.119459	0.119459	0.119459	0.119459	0.119459	0.119459	0.119459	0.119459	0.119459	0.119459	0.119459	0.119459	0.119459	0.119459	0.119459	0.119459	0.119459	0.119459	0.119459	0.119459	0.119459	0.119459	0.119459	0.119459	0.119459	0.119459	0.119459	0.119459	0.119459	0.119459	0.119459	0.119459	0.119459	0.119459	0.119459	0.119459	0.119459	0.119459	0.119459	0.119459	0.119459	0.119459	0.119459	0.119459	0.119459	0.119459	0.119459	0.119459	0.119459	0.119459	0.119459	0.119459	0.119459	0.119459	0.119459	0.119459	0.119459	0.119459	0.119459	0.119459	0.119459	0.119459	0.119459	0.119459	0.119459	0.119459	0.119459	0.119459	0.119459	0.119459	0.119459	0.119459	0.119459	0.119459	0.119459	0.119459	0.119459	0.119459	0.119459	0.119459	0.119459	0.119459	0.119459	0.119459	0.119459	0.119459	0.119459	0.119459	0.119459	0.119459	0.119459	0.119459	0.119459	0.119459	0.119459	0.119459	0.119459	0.119459	0.119459	0.119459	0.119459	0.119459	0.119459	0.119459	0.119459	0.119459	0.119459	0.119459	0.119459	0.119459	0.119459	0.119459	0.119459	0.119459	0.119459	0.119459	0.119459	0.119459	0.119459	0.119459	0.119459	0.119459	0.119459
Military			0	0	0	0	0	0	0	0	0	0	0	0	0	0	0	0	0	0	0	0	0	0	0	0	0	0	0	0.033494	0.033494	0.033494	0.033494	0.033494	0.033494	0.033494	0.033494	0.033494	0.033494	0.033494	0.033494	0.033494	0.033494	0.033494	0.033494	0.033494	0.033494	0.033494	0.033494	0.033494	0.033494	0.033494	0.033494	0.033494	0.033494	0.033494	0.033494	0.033494	0.033494	0.033494	0.033494	0.033494	0.033494	0.033494	0.033494	0.033494	0.033494	0.033494	0.033494	0.033494	0.033494	0.033494	0.033494	0.033494	0.033494	0.033494	0.033494	0.033494	0.033494	0.033494	0.033494	0.033494	0.033494	0.033494	0.033494	0.033494	0.033494	0.033494	0.033494	0.033494	0.033494	0.033494	0.033494	0.033494	0.033494	0.033494	0.033494	0.033494	0.033494	0.033494	0.033494	0.033494	0.033494	0.033494	0.033494	0.033494	0.033494	0.033494	0.033494	0.033494	0.033494	0.033494	0.033494	0.033494	0.033494	0.033494	0.033494	0.033494	0.033494	0.033494	0.033494	0.033494	0.033494	0.033494	0.033494	0.033494	0.033494	0.033494	0.033494	0.033494	0.033494	0.033494	0.033494	0.033494	0.033494	0.033494	0.033494	0.033494	0.033494	0.033494	0.033494	0.033494	0.033494	0.033494	0.033494	0.033494	0.033494	0.033494	0.033494	0.033494	0.033494	0.033494	0.033494	0.033494	0.033494	0.033494	0.033494	0.033494	0.033494	0.033494	0.033494	0.033494	0.033494	0.033494	0.093305	0.093305	0.093305	0.093305	0.109102	0.109102	0.109102	0.109102	0.109102	0.109102	0.109102	0.109102	0.109102	0.109102	0.109102	0.109102	0.109102	0.109102	0.109102	0.109102	0.109102	0.109102	0.109102	0.109102	0.109102	0.109102	0.109102	0.109102	0.109102	0.109102	0.109102	0.109102	0.109102	0.109102	0.109102	0.109102	0.109102	0.109102	0.109102	0.109102	0.109102	0.109102	0.109102	0.109102	0.109102	0.109102	0.109102	0.109102	0.109102	0.109102	0.109102	0.109102	0.109102	0.109102	0.109102	0.109102	0.109102	0.109102	0.109102	0.109102	0.109102	0.109102	0.109102	0.109102	0.109102	0.109102	0.109102	0.109102	0.109102	0.109102	0.109102	0.109102	0.109102	0.109102	0.109102	0.109102	0.109102	0.109102	0.109102	0.109102	0.109102	0.109102	0.109102	0.109102	0.109102	0.109102	0.109102	0.109102	0.109102	0.109102	0.109102	0.109102	0.109102	0.109102	0.109102	0.109102	0.109102	0.109102	0.109102	0.109102	0.109102	0.109102	0.109102	0.109102	0.109102	0.109102	0.109102	0.109102	0.109102	0.109102	0.109102	0.109102	0.109102	0.109102	0.109102	0.109102	0.109102	0.109102	0.109102	0.109102	0.109102	0.109102	0.109102	0.109102	0.109102	0.109102	0.109102	0.109102	0.109102	0.109102	0.109102	0.109102	0.109102	0.109102	0.109102	0.109102	0.109102	0.109102	0.109102	0.109102	0.109102	0.109102	0.109102	0.109102	0.109102	0.109102	0.109102	0.109102	0.109102	0.109102	0.109102	0.109102	0.109102	0.109102	0.109102	0.109102	0.109102	0.109102	0.109102	0.109102	0.109102	0.109102	0.109102	0.109102	0.109102	0.109102	0.109102	0.109102	0.109102	0.109102	0.109102	0.109102	0.109102	0.109102	0.109102	0.109102	0.109102	0.109102	0.109102	0.109102	0.109102	0.109102	0.109102	0.109102	0.109102	0.109102	0.109102	0.109102	0.109102	0.109102	0.109102	0.109102	0.109102	0.109102	0.109102	0.109102	0.109102	0.109102	0.109102	0.109102	0.109102	0.109102	0.109102
Food and Beverage			0	0	0	0	0	0	0	0	0	0	0	0	0	0	0	0.010048	0.010048	0.010048	0.010048	0.010048	0.010048	0.010048	0.010048	0.010048	0.010048	0.010048	0.010048	0.010048	0.010048	0.010048	0.010048	0.010048	0.010048	0.010048	0.010048	0.010048	0.010048	0.010048	0.010048	0.010048	0.010048	0.010048	0.010048	0.010048	0.010048	0.010048	0.010048	0.010048	0.010048	0.010048	0.010048	0.010048	0.010048	0.010048	0.010048	0.010048	0.010048	0.010048	0.010048	0.010048	0.010048	0.010048	0.010048	0.010048	0.010048	0.010048	0.010048	0.010048	0.010048	0.010048	0.010048	0.010048	0.010048	0.010048	0.010048	0.010048	0.028656	0.028656	0.028656	0.028656	0.028656	0.028656	0.028656	0.028656	0.028656	0.028656	0.028656	0.028656	0.028656	0.028656	0.028656	0.028656	0.028656	0.028656	0.028656	0.028656	0.028656	0.028656	0.028656	0.028656	0.028656	0.028656	0.028656	0.028656	0.028656	0.028656	0.028656	0.028656	0.028656	0.028656	0.028656	0.028656	0.028656	0.028656	0.028656	0.028656	0.028656	0.028656	0.028656	0.028656	0.028656	0.028656	0.028656	0.028656	0.028656	0.028656	0.028656	0.028656	0.028656	0.028656	0.028656	0.028656	0.028656	0.028656	0.028656	0.028656	0.028656	0.028656	0.028656	0.028656	0.028656	0.028656	0.028656	0.028656	0.028656	0.028656	0.028656	0.028656	0.028656	0.028656	0.028656	0.028656	0.028656	0.028656	0.028656	0.028656	0.028656	0.028656	0.028656	0.028656	0.028656	0.028656	0.028656	0.028656	0.028656	0.028656	0.028656	0.028656	0.028656	0.028656	0.028656	0.028656	0.028656	0.028656	0.028656	0.028656	0.028656	0.028656	0.028656	0.028656	0.028656	0.028656	0.028656	0.028656	0.028656	0.028656	0.028656	0.028656	0.028656	0.028656	0.028656	0.028656	0.028656	0.028656	0.028656	0.028656	0.028656	0.028656	0.028656	0.028656	0.028656	0.028656	0.028656	0.028656	0.028656	0.028656	0.028656	0.028656	0.028656	0.028656	0.032843	0.032843	0.032843	0.032843	0.032843	0.032843	0.032843	0.032843	0.032843	0.032843	0.032843	0.032843	0.032843	0.032843	0.032843	0.032843	0.032843	0.032843	0.032843	0.032843	0.032843	0.088666	0.088666	0.088666	0.088666	0.088666	0.088666	0.088666	0.088666	0.088666	0.088666	0.088666	0.088666	0.088666	0.088666	0.088666	0.088666	0.088666	0.088666	0.088666	0.102622	0.103041	0.103041	0.103041	0.103041	0.103041	0.103041	0.103041	0.103041	0.103041	0.103041	0.103041	0.103041	0.103041	0.103041	0.103041	0.103041	0.107284	0.107284	0.107284	0.107284	0.107284	0.107284	0.107284	0.107284	0.107284	0.107284	0.107284	0.107284	0.107284	0.107284	0.107284	0.107284	0.107284	0.107284	0.107284	0.107284	0.107284	0.107284	0.107284	0.107284	0.107284	0.107284	0.107284	0.107284	0.107284	0.107284	0.107284	0.107284	0.107284	0.107284	0.107284	0.107284	0.107284	0.107284	0.107284	0.107284	0.107284	0.107284	0.107284	0.107284	0.107284	0.107284	0.107284	0.107284	0.107284	0.107284	0.107284	0.107284	0.107284	0.107284	0.107284	0.107284	0.107284	0.107284	0.107284	0.107284	0.107284	0.107284	0.107284	0.107284	0.107284	0.107284	0.107284	0.107284	0.107284	0.107284	0.107284	0.108371	0.108371	0.108371	0.108371	0.108371	0.108371	0.108371	0.108371	0.108371	0.108371	0.108371	0.108371	0.108371	0.108371	0.108371	0.108371	0.108371	0.108371	0.108371	0.108371	0.108371	0.108371	0.108371	0.108371	0.108371	0.108371	0.108371
Wealth Management			0	0	0	0	0	0	0	0	0	0	0	0	0	0	0	0	0	0	0	0	0	0	0	0	0	0	0	0	0	0	0	0	0	0	0	0	0	0	0	0	0	0	0	0	0	0	0	0	0	0	0	0	0	0	0	0	0	0	0	0	0	0	0	0	0	0	0	0	0	0	0	0	0	0	0	0	0	0	0	0	0	0	0	0	0	0	0	0	0	0	0	0	0	0	0	0	0	0	0	0	0	0	0	0	0	0	0	0	0	0	0	0	0	0	0	0	0	0	0	0	0	0	0	0	0	0	0	0	0	0	0	0	0	0	0	0	0	0	0	0	0	0	0	0	0	0	0	0	0	0	0	0	0	0	0	0	0	0	0	0	0	0	0	0	0	0	0	0	0	0	0	0	0	0	0	0	0.066988	0.066988	0.066988	0.066988	0.066988	0.066988	0.066988	0.066988	0.066988	0.066988	0.066988	0.066988	0.066988	0.066988	0.066988	0.066988	0.066988	0.066988	0.066988	0.066988	0.066988	0.066988	0.066988	0.066988	0.066988	0.066988	0.066988	0.066988	0.066988	0.066988	0.066988	0.066988	0.066988	0.066988	0.066988	0.066988	0.066988	0.066988	0.066988	0.066988	0.066988	0.066988	0.066988	0.066988	0.066988	0.066988	0.066988	0.066988	0.066988	0.066988	0.066988	0.066988	0.066988	0.066988	0.066988	0.066988	0.066988	0.066988	0.066988	0.066988	0.066988	0.066988	0.066988	0.066988	0.066988	0.066988	0.066988	0.066988	0.066988	0.066988	0.066988	0.066988	0.066988	0.066988	0.066988	0.066988	0.066988	0.066988	0.066988	0.066988	0.066988	0.066988	0.066988	0.066988	0.086731	0.086731	0.086731	0.086731	0.086731	0.086731	0.086731	0.086731	0.086731	0.086731	0.086731	0.086731	0.086731	0.086731	0.086731	0.086731	0.086731	0.086731	0.086731	0.086731	0.086731	0.086731	0.086731	0.086731	0.086731	0.086731	0.086731	0.086731	0.086731	0.086731	0.086731	0.086731	0.086731	0.086731	0.086731	0.086731	0.086731	0.086731	0.086731	0.086731	0.086731	0.086731	0.086731	0.086731	0.086731	0.086731	0.086731	0.086731	0.086731	0.086731	0.086731	0.086731	0.086731	0.086731	0.086731	0.086731	0.086731	0.086731	0.086731	0.086731	0.086731	0.086731	0.086731	0.086731	0.086731	0.086731	0.086731	0.086731	0.086731	0.086731	0.086731	0.086731	0.086731	0.086731	0.086731	0.086731	0.086731	0.086731	0.086731	0.086731	0.086731	0.086731	0.086731	0.086731	0.086731	0.086731	0.086731	0.086731	0.086731	0.086731	0.086731	0.096221	0.096221	0.096221	0.096221	0.096221	0.096221	0.096221	0.096221	0.096221	0.096221	0.096221	0.096221	0.096221	0.096221
Data Management			0	0	0	0	0	0	0	0	0	0	0	0	0	0	0	0	0	0	0	0	0	0	0	0	0	0	0	0	0	0	0	0	0	0	0	0	0	0	0	0	0	0	0	0	0	0	0	0	0	0.004354	0.004354	0.004354	0.004354	0.004354	0.004354	0.004354	0.004354	0.004354	0.004354	0.004354	0.004354	0.004354	0.004354	0.004354	0.004354	0.004354	0.004354	0.004354	0.004354	0.004354	0.004354	0.004354	0.004354	0.004354	0.004354	0.004354	0.004354	0.004354	0.004354	0.004354	0.004354	0.004354	0.004354	0.004354	0.004354	0.004354	0.004354	0.004354	0.004354	0.004354	0.004354	0.004354	0.004354	0.004354	0.004354	0.004354	0.004354	0.011053	0.021101	0.021101	0.021101	0.021101	0.021101	0.021101	0.021101	0.022441	0.022441	0.022441	0.022441	0.022441	0.022441	0.022441	0.022441	0.022441	0.022441	0.022441	0.022441	0.022441	0.022441	0.022441	0.022441	0.022441	0.022441	0.022441	0.022441	0.022441	0.022441	0.022441	0.022441	0.022441	0.022441	0.022441	0.022441	0.022441	0.022441	0.022441	0.022441	0.022441	0.022441	0.022441	0.022441	0.022441	0.022441	0.022441	0.022441	0.022441	0.022441	0.022441	0.022441	0.022441	0.022441	0.022441	0.043305	0.043305	0.060052	0.060052	0.060052	0.060052	0.060052	0.060052	0.060052	0.060052	0.060052	0.060052	0.060052	0.060052	0.060052	0.060052	0.060052	0.060052	0.060052	0.060052	0.060052	0.060052	0.060052	0.060052	0.060052	0.060052	0.060052	0.060052	0.060052	0.060052	0.060052	0.060052	0.060052	0.060052	0.060052	0.060052	0.060052	0.060052	0.060052	0.060052	0.060052	0.060052	0.060052	0.060052	0.060052	0.060052	0.060052	0.060052	0.060052	0.060052	0.060052	0.060052	0.060052	0.060052	0.060052	0.060052	0.060052	0.060052	0.060052	0.060052	0.060052	0.060052	0.060052	0.060052	0.060052	0.060052	0.060052	0.060052	0.060052	0.060052	0.060052	0.060052	0.060052	0.060052	0.060052	0.060052	0.060052	0.060052	0.060052	0.060052	0.060052	0.060052	0.060052	0.060052	0.060052	0.060052	0.060052	0.060052	0.060052	0.060052	0.060052	0.060052	0.060052	0.060052	0.060052	0.060052	0.060052	0.060052	0.060052	0.060052	0.060052	0.060052	0.060052	0.060052	0.060052	0.060052	0.060052	0.060052	0.060052	0.060052	0.060052	0.060052	0.060052	0.060052	0.060052	0.060052	0.060052	0.060052	0.060052	0.060052	0.060052	0.060052	0.060052	0.060052	0.060052	0.060052	0.060052	0.060052	0.060052	0.060052	0.060052	0.060052	0.060052	0.060052	0.060052	0.060052	0.060052	0.060052	0.060052	0.060052	0.060052	0.060052	0.060052	0.060052	0.060052	0.060052	0.060052	0.060052	0.060052	0.060052	0.060052	0.060052	0.060052	0.060052	0.060052	0.060052	0.060052	0.060052	0.060052	0.060052	0.060052	0.060052	0.060052	0.060052	0.060052	0.060052	0.060052	0.060052	0.060052	0.060052	0.060052	0.060052	0.060052	0.060052	0.060052	0.060052	0.060052	0.060052	0.060052	0.060052	0.060052	0.060052	0.060052	0.060052	0.060052	0.060052	0.060052	0.060052	0.060052	0.060052	0.093546	0.093546	0.093546	0.093546	0.093546	0.093546	0.093546	0.093546	0.093546	0.093546	0.093546	0.093546	0.093546	0.093546	0.093546	0.093546	0.093546	0.093546	0.093546	0.093546	0.093546	0.093546	0.093546
Cyber Security			0	0	0	0.000084	0.000084	0.000084	0.000084	0.000084	0.000084	0.000084	0.000084	0.000084	0.000084	0.000084	0.000084	0.000084	0.000084	0.000084	0.000084	0.000084	0.000084	0.000084	0.000084	0.000084	0.000084	0.000084	0.000084	0.000084	0.000084	0.000084	0.000084	0.000084	0.000084	0.000084	0.000084	0.000084	0.000084	0.000084	0.000084	0.000084	0.000084	0.000084	0.000084	0.000084	0.000084	0.000084	0.000084	0.000084	0.000084	0.000084	0.000084	0.000084	0.000084	0.000084	0.000084	0.000084	0.000084	0.000084	0.000084	0.000084	0.000084	0.000084	0.000084	0.000084	0.000084	0.000084	0.000084	0.000084	0.000084	0.000084	0.000084	0.000084	0.000084	0.000084	0.000084	0.000084	0.000084	0.000084	0.000084	0.000084	0.000084	0.000084	0.000084	0.000084	0.000084	0.000084	0.000084	0.000084	0.000084	0.000084	0.001691	0.001691	0.001691	0.001691	0.001691	0.001691	0.001691	0.001691	0.001691	0.001691	0.001691	0.001691	0.001691	0.001691	0.001691	0.001691	0.001691	0.001691	0.001691	0.002864	0.002864	0.002864	0.002864	0.002864	0.002864	0.002864	0.002864	0.002864	0.002864	0.002864	0.003282	0.003282	0.003282	0.003282	0.003282	0.003282	0.003282	0.003282	0.003282	0.003282	0.003282	0.003282	0.003282	0.003282	0.003282	0.003282	0.003282	0.003282	0.003282	0.003282	0.003282	0.003282	0.003282	0.003282	0.003282	0.003282	0.003282	0.003282	0.003282	0.003282	0.003282	0.003282	0.003282	0.003282	0.003282	0.003282	0.003282	0.003282	0.003282	0.003282	0.003282	0.003282	0.003282	0.003282	0.003282	0.003282	0.003282	0.003282	0.003282	0.003282	0.003282	0.003282	0.003282	0.003282	0.003282	0.003282	0.003282	0.003282	0.003282	0.003282	0.003282	0.003282	0.003282	0.003282	0.003282	0.003282	0.003282	0.003282	0.003282	0.003282	0.003282	0.003282	0.003282	0.003282	0.003282	0.003282	0.003282	0.003282	0.003282	0.003282	0.003282	0.003282	0.003282	0.075056	0.075056	0.075056	0.075056	0.075056	0.075056	0.075056	0.075056	0.075056	0.075056	0.075056	0.075056	0.075056	0.075056	0.075056	0.075056	0.075056	0.075056	0.075056	0.075056	0.075056	0.075056	0.075056	0.075056	0.075056	0.075056	0.075056	0.075056	0.075056	0.075056	0.075056	0.075056	0.075056	0.075056	0.075056	0.075056	0.075056	0.075056	0.075056	0.075056	0.075056	0.075056	0.075056	0.075056	0.075056	0.075056	0.075056	0.075056	0.075056	0.075056	0.075056	0.075056	0.075056	0.075056	0.075056	0.075056	0.075056	0.075056	0.075056	0.075056	0.075056	0.075056	0.075056	0.075056	0.075056	0.075056	0.075056	0.075056	0.075056	0.075056	0.075056	0.075056	0.075056	0.075056	0.075056	0.075056	0.075056	0.075056	0.075056	0.075056	0.075056	0.075056	0.075056	0.075056	0.075056	0.075056	0.075056	0.075056	0.075056	0.075056	0.075056	0.075056	0.075056	0.075056	0.075056	0.075056	0.075056	0.075056	0.075056	0.075056	0.075056	0.075056	0.075056	0.075056	0.075056	0.075056	0.075056	0.075056	0.075056	0.075056	0.075056	0.075056	0.075056	0.075056	0.075056	0.075056	0.075056	0.075056	0.086779	0.086779	0.086779	0.086779	0.086779	0.086779	0.086779	0.086779	0.086779	0.086779	0.086779	0.086779	0.086779	0.086779	0.086779	0.086779	0.086779	0.086779	0.086779	0.086779	0.086779	0.086779	0.086779	0.086779	0.086779	0.086779	0.086779	0.086779	0.086779	0.086779	0.086779	0.086779	0.086779	0.086779	0.086779	0.086779	0.086779	0.086779	0.086779	0.086779	0.086779	0.086779	0.086779	0.086779
Business Development			0	0	0	0	0	0	0	0	0	0	0	0	0	0	0	0	0	0	0	0	0	0	0	0	0	0	0	0	0	0	0	0	0	0	0	0	0	0	0	0	0	0	0	0	0	0	0	0	0	0	0	0	0	0	0	0	0	0	0	0	0	0	0.084405	0.084405	0.084405	0.084405	0.084405	0.084405	0.084405	0.084405	0.084405	0.084405	0.084405	0.084405	0.084405	0.084405	0.084405	0.084405	0.084405	0.084405	0.084405	0.084405	0.084405	0.084405	0.084405	0.084405	0.084405	0.084405	0.084405	0.084405	0.084405	0.084405	0.084405	0.084405	0.084405	0.084405	0.084405	0.084405	0.084405	0.084405	0.084405	0.084405	0.084405	0.084405	0.084405	0.084405	0.084405	0.084405	0.084405	0.084405	0.084405	0.084405	0.084405	0.084405	0.084405	0.084405	0.084405	0.084405	0.084405	0.084405	0.084405	0.084405	0.084405	0.084405	0.084405	0.084405	0.084405	0.084405	0.084405	0.084405	0.084405	0.086616	0.086616	0.086616	0.086616	0.086616	0.086616	0.086616	0.086616	0.086616	0.086616	0.086616	0.086616	0.086616	0.086616	0.086616	0.086616	0.086616	0.086616	0.086616	0.086616	0.086616	0.086616	0.086616	0.086616	0.086616	0.086616	0.086616	0.086616	0.086616	0.086616	0.086616	0.086616	0.086616	0.086616	0.086616	0.086616	0.086616	0.086616	0.086616	0.086616	0.086616	0.086616	0.086616	0.086616	0.086616	0.086616	0.086616	0.086616	0.086616	0.086616	0.086616	0.086616	0.086616	0.086616	0.086616	0.086616	0.086616	0.086616	0.086616	0.086616	0.086616	0.086616	0.086616	0.086616	0.086616	0.086616	0.086616	0.086616	0.086616	0.086616	0.086616	0.086616	0.086616	0.086616	0.086616	0.086616	0.086616	0.086616	0.086616	0.086616	0.086616	0.086616	0.086616	0.086616	0.086616	0.086616	0.086616	0.086616	0.086616	0.086616	0.086616	0.086616	0.086616	0.086616	0.086616	0.086616	0.086616	0.086616	0.086616	0.086616	0.086616	0.086616	0.086616	0.086616	0.086616	0.086616	0.086616	0.086616	0.086616	0.086616	0.086616	0.086616	0.086616	0.086616	0.086616	0.086616	0.086616	0.086616	0.086616	0.086616	0.086616	0.086616	0.086616	0.086616	0.086616	0.086616	0.086616	0.086616	0.086616	0.086616	0.086616	0.086616	0.086616	0.086616	0.086616	0.086616	0.086616	0.086616	0.086616	0.086616	0.086616	0.086616	0.086616	0.086616	0.086616	0.086616	0.086616	0.086616	0.086616	0.086616	0.086616	0.086616	0.086616	0.086616	0.086616	0.086616	0.086616	0.086616	0.086616	0.086616	0.086616	0.086616	0.086616	0.086616	0.086616	0.086616	0.086616	0.086616	0.086616	0.086616	0.086616	0.086616	0.086616	0.086616	0.086616	0.086616	0.086616	0.086616	0.086616	0.086616	0.086616	0.086616	0.086616	0.086616	0.086616	0.086616	0.086616	0.086616	0.086616	0.086616	0.086616	0.086616	0.086616	0.086616	0.086616	0.086616	0.086616	0.086616	0.086616	0.086616	0.086616	0.086616	0.086616	0.086616	0.086616	0.086616	0.086616	0.086616	0.086616	0.086616	0.086616	0.086616	0.086616	0.086616	0.086616	0.086616	0.086616	0.086616	0.086616	0.086616	0.086616	0.086616	0.086616	0.086616	0.086616	0.086616	0.086616	0.086616	0.086616	0.086616	0.086616	0.086616	0.086616	0.086616
Legal Tech			0	0	0	0	0	0	0	0	0	0	0	0	0	0	0	0	0	0	0	0	0	0	0	0	0	0	0	0	0	0	0	0	0	0	0	0	0	0	0	0	0	0	0	0	0	0	0	0	0	0	0	0	0	0	0	0	0	0	0	0	0	0	0	0	0	0	0	0	0	0	0	0	0	0	0	0	0	0	0	0	0	0	0	0	0	0	0	0	0	0	0	0	0	0	0	0	0	0	0.010048	0.010048	0.010048	0.010048	0.010048	0.010048	0.010048	0.010048	0.010048	0.010048	0.010048	0.010048	0.010048	0.010048	0.010048	0.010048	0.010048	0.010048	0.010048	0.010048	0.010048	0.010048	0.010048	0.010048	0.010048	0.010048	0.010048	0.010048	0.010048	0.010048	0.010048	0.010048	0.010048	0.010048	0.010048	0.010048	0.010048	0.044154	0.044154	0.044154	0.044154	0.047527	0.047527	0.047527	0.047527	0.047527	0.047527	0.047527	0.047527	0.047527	0.047527	0.047527	0.047527	0.047527	0.047527	0.047527	0.047527	0.047527	0.047527	0.047527	0.047527	0.047527	0.047527	0.048085	0.048085	0.048085	0.048085	0.048085	0.048085	0.048085	0.048085	0.048085	0.048085	0.048085	0.048085	0.048085	0.048085	0.048085	0.048085	0.048085	0.048085	0.048085	0.048085	0.048085	0.048085	0.048085	0.048085	0.048085	0.048085	0.048085	0.048085	0.048085	0.048085	0.048085	0.048085	0.048085	0.048085	0.048085	0.048085	0.048085	0.048085	0.048085	0.048085	0.048085	0.048085	0.048085	0.048085	0.048085	0.048085	0.048085	0.048085	0.048085	0.048085	0.048085	0.048085	0.048085	0.048085	0.048085	0.048085	0.048085	0.048085	0.048085	0.048085	0.048085	0.048085	0.048085	0.048085	0.048085	0.048085	0.048085	0.048085	0.048085	0.048085	0.048085	0.048085	0.048085	0.048085	0.048085	0.048085	0.048085	0.048085	0.048085	0.048085	0.048085	0.048085	0.048085	0.048085	0.048085	0.048085	0.048085	0.048085	0.048085	0.048085	0.048085	0.048085	0.048085	0.048085	0.048085	0.048085	0.048085	0.048085	0.048085	0.048085	0.048085	0.048085	0.048085	0.048085	0.048085	0.048085	0.048085	0.048085	0.048085	0.048085	0.048085	0.048085	0.048085	0.048085	0.048085	0.048085	0.048085	0.048085	0.048085	0.048085	0.048085	0.048085	0.048085	0.048085	0.048085	0.048085	0.048085	0.048085	0.048085	0.048085	0.048085	0.048085	0.048085	0.048085	0.048085	0.048085	0.048085	0.048085	0.048085	0.048085	0.048085	0.048085	0.048085	0.048085	0.048085	0.048085	0.048085	0.048085	0.048085	0.048085	0.048085	0.048085	0.048085	0.048085	0.048085	0.048085	0.048085	0.048085	0.048085	0.048085	0.048085	0.048085	0.048085	0.048085	0.048085	0.048085	0.048085	0.048085	0.048085	0.048085	0.048085	0.048085	0.048085	0.048085	0.048085	0.048085	0.048085	0.048085	0.048085	0.048085	0.048085	0.081579	0.081579	0.081579	0.081579	0.081579	0.081579	0.081579	0.081579	0.081579	0.081579	0.081579	0.081579	0.081579	0.081579	0.081579	0.081579	0.081579	0.081579	0.081579	0.081579	0.081579	0.081579	0.081579
Drones			0	0	0	0	0	0	0	0	0	0	0	0	0	0	0	0	0	0	0	0	0	0	0	0	0	0	0	0	0	0	0	0	0	0	0	0	0	0	0	0	0	0	0	0	0	0	0	0	0	0	0	0	0	0	0	0	0	0	0	0	0	0	0	0.050241	0.050241	0.050241	0.050241	0.050241	0.050241	0.050241	0.050241	0.050241	0.050241	0.050241	0.050241	0.050241	0.050241	0.050241	0.050241	0.050241	0.050241	0.050241	0.050241	0.050241	0.050241	0.050241	0.050241	0.050241	0.050241	0.050241	0.050241	0.050241	0.050241	0.050241	0.050241	0.050241	0.050241	0.050241	0.050241	0.050241	0.050241	0.050241	0.050241	0.050241	0.050241	0.050241	0.050241	0.050241	0.050241	0.050241	0.050241	0.050241	0.050241	0.050241	0.050241	0.050241	0.050241	0.050241	0.050241	0.050241	0.050241	0.050241	0.050241	0.050241	0.050241	0.050241	0.050241	0.050241	0.050241	0.050241	0.050241	0.050241	0.050241	0.050241	0.050241	0.050241	0.050241	0.050241	0.050241	0.050241	0.050241	0.050241	0.050241	0.050241	0.050241	0.050241	0.050241	0.050241	0.050241	0.050241	0.050241	0.050241	0.050241	0.050241	0.050241	0.050241	0.050241	0.050241	0.050241	0.075027	0.075027	0.075027	0.075027	0.075027	0.075027	0.075027	0.075027	0.075027	0.075027	0.075027	0.075027	0.075027	0.075027	0.075027	0.075027	0.075027	0.078376	0.078376	0.078376	0.078376	0.078376	0.078376	0.078376	0.078376	0.078376	0.078376	0.078376	0.078376	0.078376	0.078376	0.078376	0.078376	0.078376	0.078376	0.078376	0.078376	0.078376	0.078376	0.078376	0.078376	0.078376	0.078376	0.078376	0.078376	0.078376	0.078376	0.078376	0.078376	0.078376	0.078376	0.078376	0.078376	0.078376	0.078376	0.078376	0.078376	0.078376	0.078376	0.078376	0.078376	0.078376	0.078376	0.078376	0.078376	0.078376	0.078376	0.078376	0.078376	0.078376	0.078376	0.078376	0.078376	0.078376	0.078376	0.078376	0.078376	0.078376	0.078376	0.078376	0.078376	0.078376	0.078376	0.078376	0.078376	0.078376	0.078376	0.078376	0.078376	0.078376	0.078376	0.078376	0.078376	0.078376	0.078376	0.078376	0.078376	0.078376	0.078376	0.078376	0.078376	0.078376	0.078376	0.078376	0.078376	0.078376	0.078376	0.078376	0.078376	0.078376	0.078376	0.078376	0.078376	0.078376	0.078376	0.078376	0.078376	0.078376	0.078376	0.078376	0.078376	0.078376	0.078376	0.078376	0.078376	0.078376	0.078376	0.078376	0.078376	0.078376	0.078376	0.078376	0.078376	0.078376	0.078376	0.078376	0.078376	0.078376	0.078376	0.078376	0.078376	0.078376	0.078376	0.078376	0.078376	0.078376	0.078376	0.078376	0.078376	0.078376	0.078376	0.078376	0.078376	0.078376	0.078376	0.078376	0.078376	0.078376	0.078376	0.078376	0.078376	0.078376	0.078376	0.078376	0.078376	0.078376	0.078376	0.078376	0.078376	0.078376	0.078376	0.078376	0.078376	0.078376	0.078376	0.078376	0.078376	0.078376	0.078376	0.078376	0.078376	0.078376	0.078376	0.078376	0.078376	0.078376	0.078376	0.078376	0.078376	0.078376	0.078376	0.078376	0.078376	0.078376	0.078376	0.078376	0.078376	0.078376	0.078376	0.078376	0.078376	0.078376	0.078376	0.078376	0.078376	0.078376
Business Process Automation (BPA)			0	0	0	0	0	0	0	0	0	0	0	0	0	0	0	0	0	0	0	0	0	0	0	0	0	0	0	0	0	0	0	0	0	0	0	0	0	0	0	0	0	0	0.029307	0.029307	0.029307	0.029307	0.029307	0.029307	0.029307	0.029307	0.029307	0.029307	0.029307	0.029307	0.029307	0.029307	0.029307	0.029307	0.029307	0.029307	0.029307	0.029307	0.029307	0.029307	0.029307	0.029307	0.029307	0.029307	0.029307	0.029307	0.029866	0.029866	0.029866	0.029866	0.029866	0.029866	0.029866	0.029866	0.029866	0.029866	0.048846	0.048846	0.048846	0.048846	0.048846	0.048846	0.048846	0.048846	0.048846	0.048846	0.048846	0.048846	0.048846	0.048846	0.048846	0.048846	0.048846	0.048846	0.048846	0.048846	0.048846	0.048846	0.048846	0.048846	0.048846	0.048846	0.048846	0.048846	0.048846	0.048846	0.048846	0.048846	0.048846	0.048846	0.048846	0.048846	0.048846	0.048846	0.048846	0.048846	0.048846	0.048846	0.048846	0.048846	0.048846	0.048846	0.048846	0.048846	0.048846	0.048846	0.048846	0.048846	0.048846	0.048846	0.048846	0.048846	0.048846	0.048846	0.048846	0.048846	0.048846	0.048846	0.048846	0.048846	0.048846	0.048846	0.048846	0.048846	0.048846	0.048846	0.048846	0.048846	0.048846	0.048846	0.048846	0.048846	0.048846	0.048846	0.048846	0.048846	0.048846	0.048846	0.048846	0.048846	0.048846	0.048846	0.048846	0.048846	0.048846	0.048846	0.048846	0.048846	0.048846	0.048846	0.048846	0.048846	0.048846	0.048846	0.048846	0.048846	0.048846	0.048846	0.048846	0.048846	0.048846	0.048846	0.048846	0.048846	0.048846	0.048846	0.048846	0.048846	0.048846	0.048846	0.048846	0.048846	0.048846	0.048846	0.048846	0.048846	0.048846	0.048846	0.048846	0.048846	0.048846	0.048846	0.048846	0.048846	0.048846	0.048846	0.048846	0.048846	0.048846	0.048846	0.048846	0.048846	0.048846	0.048846	0.048846	0.048846	0.048846	0.048846	0.048846	0.048846	0.048846	0.048846	0.048846	0.048846	0.048846	0.048846	0.048846	0.048846	0.048846	0.048846	0.048846	0.048846	0.048846	0.048846	0.048846	0.048846	0.048846	0.048846	0.048846	0.048846	0.048846	0.078321	0.078321	0.078321	0.078321	0.078321	0.078321	0.078321	0.078321	0.078321	0.078321	0.078321	0.078321	0.078321	0.078321	0.078321	0.078321	0.078321	0.078321	0.078321	0.078321	0.078321	0.078321	0.078321	0.078321	0.078321	0.078321	0.078321	0.078321	0.078321	0.078321	0.078321	0.078321	0.078321	0.078321	0.078321	0.078321	0.078321	0.078321	0.078321	0.078321	0.078321	0.078321	0.078321	0.078321	0.078321	0.078321	0.078321	0.078321	0.078321	0.078321	0.078321	0.078321	0.078321	0.078321	0.078321	0.078321	0.078321	0.078321	0.078321	0.078321	0.078321	0.078321	0.078321	0.078321	0.078321	0.078321	0.078321	0.078321	0.078321	0.078321	0.078321	0.078321	0.078321	0.078321	0.078321	0.078321	0.078321	0.078321	0.078321	0.078321	0.078321	0.078321	0.078321	0.078321	0.078321	0.078321	0.078321	0.078321	0.078321	0.078321	0.078321	0.078321	0.078321	0.078321	0.078321	0.078321	0.078321	0.078321	0.078321	0.078321	0.078321	0.078321	0.078321	0.078321	0.078321	0.078321	0.078321	0.078321	0.078321	0.078321	0.078321	0.078321	0.078321	0.078321	0.078321	0.078321	0.078321	0.078321	0.078321	0.078321
Subscription Service			0.022329	0.022329	0.022329	0.022329	0.022329	0.022329	0.022329	0.022329	0.022329	0.022329	0.022329	0.022329	0.022329	0.022329	0.022329	0.022329	0.022329	0.022329	0.022329	0.022329	0.022329	0.022329	0.022329	0.022329	0.022329	0.022329	0.022329	0.022329	0.022329	0.022329	0.022329	0.022329	0.022329	0.022329	0.022329	0.022329	0.022329	0.022329	0.022329	0.022329	0.022329	0.022329	0.022329	0.022329	0.022329	0.022329	0.022329	0.022329	0.022329	0.022329	0.022329	0.022329	0.022329	0.022329	0.022329	0.022329	0.022329	0.022329	0.022329	0.022329	0.022329	0.022329	0.022329	0.022329	0.022329	0.022329	0.022329	0.022329	0.022329	0.022329	0.022329	0.022329	0.022329	0.022329	0.022329	0.022329	0.022329	0.022329	0.022329	0.022329	0.022329	0.022329	0.022329	0.022329	0.022329	0.022329	0.022329	0.022329	0.022329	0.022329	0.022329	0.022329	0.022329	0.022329	0.022329	0.022329	0.022329	0.022329	0.022329	0.022329	0.022329	0.022329	0.022329	0.022329	0.022329	0.022329	0.022329	0.022329	0.022329	0.022329	0.022329	0.022329	0.022329	0.022329	0.022329	0.022329	0.022329	0.022329	0.022329	0.022329	0.022329	0.022329	0.022329	0.022329	0.022329	0.022329	0.022329	0.022329	0.022329	0.022329	0.022329	0.022329	0.022329	0.022329	0.022329	0.022329	0.022329	0.022329	0.022329	0.022329	0.022329	0.022329	0.022329	0.022329	0.022329	0.022329	0.022329	0.022329	0.022329	0.022329	0.022329	0.022329	0.022329	0.022329	0.022329	0.022329	0.022329	0.022329	0.022329	0.022329	0.022329	0.022329	0.022329	0.022329	0.022329	0.022329	0.022329	0.022329	0.022329	0.022329	0.022329	0.022329	0.022329	0.022329	0.022329	0.022329	0.022329	0.022329	0.022329	0.022329	0.022329	0.022329	0.022329	0.022329	0.022329	0.022329	0.022329	0.022329	0.022329	0.022329	0.022329	0.022329	0.022329	0.022329	0.022329	0.022329	0.022329	0.078153	0.078153	0.078153	0.078153	0.078153	0.078153	0.078153	0.078153	0.078153	0.078153	0.078153	0.078153	0.078153	0.078153	0.078153	0.078153	0.078153	0.078153	0.078153	0.078153	0.078153	0.078153	0.078153	0.078153	0.078153	0.078153	0.078153	0.078153	0.078153	0.078153	0.078153	0.078153	0.078153	0.078153	0.078153	0.078153	0.078153	0.078153	0.078153	0.078153	0.078153	0.078153	0.078153	0.078153	0.078153	0.078153	0.078153	0.078153	0.078153	0.078153	0.078153	0.078153	0.078153	0.078153	0.078153	0.078153	0.078153	0.078153	0.078153	0.078153	0.078153	0.078153	0.078153	0.078153	0.078153	0.078153	0.078153	0.078153	0.078153	0.078153	0.078153	0.078153	0.078153	0.078153	0.078153	0.078153	0.078153	0.078153	0.078153	0.078153	0.078153	0.078153	0.078153	0.078153	0.078153	0.078153	0.078153	0.078153	0.078153	0.078153	0.078153	0.078153	0.078153	0.078153	0.078153	0.078153	0.078153	0.078153	0.078153	0.078153	0.078153	0.078153	0.078153	0.078153	0.078153	0.078153	0.078153	0.078153	0.078153	0.078153	0.078153	0.078153	0.078153	0.078153	0.078153	0.078153	0.078153	0.078153	0.078153	0.078153	0.078153	0.078153	0.078153	0.078153	0.078153	0.078153	0.078153	0.078153	0.078153	0.078153	0.078153	0.078153	0.078153	0.078153	0.078153	0.078153	0.078153	0.078153	0.078153	0.078153	0.078153	0.078153	0.078153	0.078153	0.078153	0.078153	0.078153	0.078153	0.078153	0.078153	0.078153	0.078153	0.078153	0.078153	0.078153	0.078153	0.078153	0.078153	0.078153	0.078153	0.078153	0.078153	0.078153	0.078153	0.078153	0.078153	0.078153	0.078153
Life Science			0	0	0	0	0	0	0	0	0	0	0	0	0	0	0	0	0	0	0	0	0	0	0	0	0	0	0	0	0	0	0	0	0	0	0	0	0	0	0	0	0	0	0	0	0	0	0	0	0	0	0	0	0	0	0	0	0	0	0	0	0	0	0	0	0	0	0	0	0	0	0	0	0	0	0	0	0	0	0	0	0	0	0	0	0	0	0	0	0	0	0	0	0	0	0	0	0	0	0	0	0	0	0	0	0	0	0	0	0	0	0	0	0	0	0	0	0	0	0	0	0	0	0	0	0	0	0	0	0	0	0	0	0	0	0	0	0	0	0	0	0	0	0	0	0	0	0	0	0	0	0	0	0	0	0	0	0	0	0	0	0	0.017584	0.017584	0.017584	0.017584	0.017584	0.017584	0.021412	0.021412	0.021412	0.021412	0.021412	0.021412	0.021412	0.021412	0.021412	0.021412	0.021412	0.021412	0.021412	0.021412	0.021412	0.021412	0.021412	0.021412	0.021412	0.021412	0.021412	0.021412	0.021412	0.021412	0.021412	0.021412	0.021412	0.021412	0.021747	0.021747	0.021747	0.021747	0.021747	0.021747	0.021747	0.021747	0.021747	0.021747	0.021747	0.021747	0.021747	0.021747	0.021747	0.021747	0.021747	0.021747	0.021747	0.021747	0.021747	0.021747	0.021747	0.021747	0.021747	0.021747	0.021747	0.021747	0.021747	0.021747	0.021881	0.021881	0.021881	0.021881	0.021881	0.021881	0.021881	0.021881	0.021881	0.021881	0.021881	0.021881	0.021881	0.021881	0.021881	0.021881	0.021881	0.021881	0.021881	0.021881	0.021881	0.021881	0.021881	0.021881	0.021881	0.021881	0.021881	0.021881	0.021881	0.021881	0.021881	0.021881	0.021881	0.021881	0.021881	0.021881	0.021881	0.021881	0.021881	0.021881	0.021881	0.021881	0.021881	0.021881	0.021881	0.021881	0.021881	0.021881	0.073741	0.073741	0.073741	0.073741	0.073741	0.073741	0.073741	0.073741	0.073741	0.073741	0.073741	0.073741	0.073741	0.073741	0.073741	0.073741	0.073741	0.073741	0.073741	0.073741	0.073741	0.073741	0.073741	0.073741	0.073741	0.073741	0.073741	0.073741	0.073741	0.073741	0.073741	0.073741	0.073741	0.073741	0.073741	0.073741	0.073741	0.073741	0.073741	0.073741	0.073741	0.073741	0.073741	0.073741	0.073741	0.073741	0.073741	0.073741	0.073741	0.073741	0.073741	0.073741	0.073741	0.073741	0.073741	0.073741	0.073741	0.073741	0.073741	0.073741	0.073741	0.073741	0.073741	0.073741	0.073741	0.073741	0.073741	0.073741	0.073741	0.073741	0.073741	0.073741	0.073741	0.073741	0.073741	0.073741	0.073741	0.073741	0.073741	0.073741	0.073741	0.073741	0.073741	0.076823	0.076823	0.076823	0.076823	0.076823	0.076823	0.076823	0.076823	0.076823
Legal			0	0	0	0	0	0	0	0	0	0	0	0	0	0	0	0	0	0	0	0	0	0	0	0	0	0	0	0	0	0	0	0	0	0	0	0	0	0	0	0	0	0	0	0	0	0	0	0	0	0	0	0	0	0	0	0	0	0	0	0	0	0	0	0	0	0	0	0	0	0	0	0	0	0	0	0	0	0	0	0	0	0	0	0	0	0	0	0	0	0	0	0	0	0	0	0	0	0	0	0	0	0	0	0	0	0	0	0	0	0	0	0	0	0	0	0	0	0	0	0	0	0	0	0	0	0	0	0	0	0	0	0	0	0	0	0	0	0	0	0.003372	0.003372	0.003372	0.003372	0.003372	0.003372	0.003372	0.003372	0.003372	0.003372	0.003372	0.003372	0.003372	0.003372	0.003372	0.003372	0.003372	0.003372	0.003372	0.003372	0.003372	0.003372	0.003931	0.003931	0.003931	0.003931	0.003931	0.003931	0.003931	0.003931	0.003931	0.003931	0.003931	0.003931	0.003931	0.003931	0.003931	0.003931	0.003931	0.003931	0.003931	0.003931	0.003931	0.003931	0.003931	0.003931	0.003931	0.003931	0.003931	0.003931	0.003931	0.003931	0.003931	0.003931	0.003931	0.003931	0.003931	0.003931	0.003931	0.003931	0.003931	0.003931	0.003931	0.003931	0.075704	0.075704	0.075704	0.075704	0.075704	0.075704	0.075704	0.075704	0.075704	0.075704	0.075704	0.075704	0.075704	0.075704	0.075704	0.075704	0.075704	0.075704	0.075704	0.075704	0.075704	0.075704	0.075704	0.075704	0.075704	0.075704	0.075704	0.075704	0.075704	0.075704	0.075704	0.075704	0.075704	0.075704	0.075704	0.075704	0.075704	0.075704	0.075704	0.075704	0.075704	0.075704	0.075704	0.075704	0.075704	0.075704	0.075704	0.075704	0.075704	0.075704	0.075704	0.075704	0.075704	0.075704	0.075704	0.075704	0.075704	0.075704	0.075704	0.075704	0.075704	0.075704	0.075704	0.075704	0.075704	0.075704	0.075704	0.075704	0.075704	0.075704	0.075704	0.075704	0.075704	0.075704	0.075704	0.075704	0.075704	0.075704	0.075704	0.075704	0.075704	0.075704	0.075704	0.075704	0.075704	0.075704	0.075704	0.075704	0.075704	0.075704	0.075704	0.075704	0.075704	0.075704	0.075704	0.075704	0.075704	0.075704	0.075704	0.075704	0.075704	0.075704	0.075704	0.075704	0.075704	0.075704	0.075704	0.075704	0.075704	0.075704	0.075704	0.075704	0.075704	0.075704	0.075704	0.075704	0.075704	0.075704	0.075704	0.075704	0.075704	0.075704	0.075704	0.075704	0.075704	0.075704	0.075704	0.075704	0.075704	0.075704	0.075704	0.075704	0.075704	0.075704	0.075704	0.075704	0.075704	0.075704	0.075704	0.075704	0.075704	0.075704	0.075704	0.075704	0.075704	0.075704	0.075704	0.075704	0.075704	0.075704	0.075704	0.075704	0.075704	0.075704	0.075704	0.075704	0.075704	0.075704	0.075704	0.075704	0.075704	0.075704
Consumer Goods			0	0	0	0	0	0	0	0	0	0	0	0	0	0	0	0	0	0	0	0	0	0	0	0	0	0	0	0	0	0	0	0	0	0	0	0	0	0	0	0	0	0	0	0	0	0	0	0	0	0	0	0	0	0	0	0	0	0	0	0	0	0	0	0	0	0	0	0	0	0	0	0	0	0	0	0	0	0	0	0	0	0	0	0	0	0	0	0	0	0	0	0	0	0	0	0	0	0	0	0	0	0	0	0	0	0	0	0	0	0	0	0	0	0	0	0	0	0	0	0	0	0	0	0	0	0	0	0	0	0	0	0	0	0	0	0	0	0	0	0	0	0	0	0	0	0	0	0	0	0	0	0	0	0	0	0	0	0	0	0	0	0	0	0	0	0	0	0	0	0	0	0	0	0	0	0	0	0	0	0	0	0	0	0	0	0	0	0	0	0.005443	0.005443	0.005443	0.005443	0.005443	0.005443	0.005443	0.005443	0.005443	0.005443	0.005443	0.005443	0.005443	0.005443	0.005443	0.005443	0.005443	0.005443	0.005443	0.005443	0.005443	0.005443	0.005443	0.005443	0.005443	0.005443	0.005443	0.005443	0.005443	0.005443	0.005443	0.005443	0.005443	0.005443	0.005443	0.005443	0.005443	0.005443	0.005443	0.005443	0.005443	0.005443	0.061266	0.061266	0.061266	0.061266	0.061266	0.061266	0.061266	0.061266	0.061266	0.061266	0.061266	0.061266	0.061266	0.061266	0.061266	0.061266	0.061266	0.061266	0.061266	0.075222	0.075222	0.075222	0.075222	0.075222	0.075222	0.075222	0.075222	0.075222	0.075222	0.075222	0.075222	0.075222	0.075222	0.075222	0.075222	0.075222	0.075222	0.075222	0.075222	0.075222	0.075222	0.075222	0.075222	0.075222	0.075222	0.075222	0.075222	0.075222	0.075222	0.075222	0.075222	0.075222	0.075222	0.075222	0.075222	0.075222	0.075222	0.075222	0.075222	0.075222	0.075222	0.075222	0.075222	0.075222	0.075222	0.075222	0.075222	0.075222	0.075222	0.075222	0.075222	0.075222	0.075222	0.075222	0.075222	0.075222	0.075222	0.075222	0.075222	0.075222	0.075222	0.075222	0.075222	0.075222	0.075222	0.075222	0.075222	0.075222	0.075222	0.075222	0.075222	0.075222	0.075222	0.075222	0.075222	0.075222	0.075222	0.075222	0.075222	0.075222	0.075222	0.075222	0.075222	0.075222	0.075222	0.075222	0.075222	0.075222	0.075222	0.075222	0.075222	0.075222	0.075222	0.075222	0.075222	0.075222	0.075222	0.075222	0.075222	0.075222	0.075222	0.075222	0.075222	0.075222	0.075222	0.075222	0.075222	0.075222	0.075222	0.075222	0.075222	0.075222	0.075222	0.075222
Computer			0	0	0	0	0	0	0	0	0	0	0	0	0	0	0	0	0	0	0	0	0	0	0	0	0	0	0	0	0	0	0	0	0	0	0	0	0	0	0	0	0	0	0	0	0	0	0	0	0	0	0	0	0	0	0	0	0	0	0	0	0	0	0	0	0	0	0	0	0	0	0	0	0	0	0	0	0	0	0	0	0	0	0	0	0	0	0	0	0	0	0	0	0	0	0	0	0	0	0	0	0	0	0	0	0	0	0	0	0	0	0	0	0	0	0	0	0	0	0	0	0	0	0	0	0	0	0	0	0	0	0	0	0	0	0	0	0	0	0	0	0	0	0	0	0	0	0	0	0	0	0	0	0	0	0	0	0	0	0	0	0	0	0	0	0	0	0	0	0	0	0	0	0	0	0	0	0	0	0	0	0	0	0	0	0	0	0	0	0	0	0	0	0	0	0	0	0	0	0	0	0	0	0	0	0	0	0	0	0	0	0	0	0	0	0	0	0	0	0	0	0	0	0	0	0	0	0	0	0	0	0	0	0	0	0	0	0	0	0	0	0	0	0	0	0	0	0	0	0	0	0	0	0	0	0	0	0	0	0	0	0	0	0	0	0	0	0	0	0	0	0	0	0	0	0	0	0	0	0	0	0	0	0	0	0	0	0	0	0	0	0	0	0	0	0	0	0	0	0	0	0	0	0	0	0	0	0	0	0	0	0	0	0	0.074692	0.074692	0.074692	0.074692	0.074692	0.074692	0.074692	0.074692	0.074692	0.074692	0.074692	0.074692	0.074692	0.074692	0.074692	0.074692	0.074692	0.074692	0.074692	0.074692	0.074692	0.074692	0.074692	0.074692	0.074692	0.074692	0.074692	0.074692	0.074692	0.074692	0.074692	0.074692	0.074692	0.074692	0.074692	0.074692	0.074692	0.074692	0.074692	0.074692	0.074692	0.074692	0.074692	0.074692	0.074692	0.074692	0.074692	0.074692	0.074692	0.074692	0.074692	0.074692
Mobile Payments			0	0	0	0	0	0	0	0	0	0	0	0	0	0	0	0	0	0	0	0	0	0	0	0	0	0	0	0	0	0	0	0	0	0	0.02219	0.02219	0.02219	0.02219	0.02219	0.02219	0.02219	0.02219	0.02219	0.02219	0.02219	0.02219	0.02219	0.02219	0.02219	0.02219	0.02219	0.02219	0.02219	0.02219	0.02219	0.02219	0.02219	0.02219	0.02219	0.02219	0.02219	0.02219	0.02219	0.02219	0.02219	0.02219	0.02219	0.02219	0.02219	0.02219	0.02219	0.02219	0.02219	0.02219	0.02219	0.02219	0.02219	0.02219	0.02219	0.02219	0.02219	0.02219	0.02219	0.02219	0.02219	0.02219	0.02219	0.02219	0.02219	0.02219	0.02219	0.02219	0.04117	0.04117	0.04117	0.04117	0.04117	0.04117	0.04117	0.04117	0.04117	0.04117	0.04117	0.04117	0.04117	0.04117	0.04117	0.04117	0.04117	0.04117	0.04117	0.04117	0.04117	0.04117	0.04117	0.04117	0.04117	0.04117	0.04117	0.04117	0.04117	0.04117	0.04117	0.04117	0.04117	0.04117	0.04117	0.04117	0.04117	0.04117	0.04117	0.04117	0.04117	0.04117	0.04117	0.04117	0.04117	0.04117	0.04117	0.04117	0.04117	0.074664	0.074664	0.074664	0.074664	0.074664	0.074664	0.074664	0.074664	0.074664	0.074664	0.074664	0.074664	0.074664	0.074664	0.074664	0.074664	0.074664	0.074664	0.074664	0.074664	0.074664	0.074664	0.074664	0.074664	0.074664	0.074664	0.074664	0.074664	0.074664	0.074664	0.074664	0.074664	0.074664	0.074664	0.074664	0.074664	0.074664	0.074664	0.074664	0.074664	0.074664	0.074664	0.074664	0.074664	0.074664	0.074664	0.074664	0.074664	0.074664	0.074664	0.074664	0.074664	0.074664	0.074664	0.074664	0.074664	0.074664	0.074664	0.074664	0.074664	0.074664	0.074664	0.074664	0.074664	0.074664	0.074664	0.074664	0.074664	0.074664	0.074664	0.074664	0.074664	0.074664	0.074664	0.074664	0.074664	0.074664	0.074664	0.074664	0.074664	0.074664	0.074664	0.074664	0.074664	0.074664	0.074664	0.074664	0.074664	0.074664	0.074664	0.074664	0.074664	0.074664	0.074664	0.074664	0.074664	0.074664	0.074664	0.074664	0.074664	0.074664	0.074664	0.074664	0.074664	0.074664	0.074664	0.074664	0.074664	0.074664	0.074664	0.074664	0.074664	0.074664	0.074664	0.074664	0.074664	0.074664	0.074664	0.074664	0.074664	0.074664	0.074664	0.074664	0.074664	0.074664	0.074664	0.074664	0.074664	0.074664	0.074664	0.074664	0.074664	0.074664	0.074664	0.074664	0.074664	0.074664	0.074664	0.074664	0.074664	0.074664	0.074664	0.074664	0.074664	0.074664	0.074664	0.074664	0.074664	0.074664	0.074664	0.074664	0.074664	0.074664	0.074664	0.074664	0.074664	0.074664	0.074664	0.074664	0.074664	0.074664	0.074664	0.074664	0.074664	0.074664	0.074664	0.074664	0.074664	0.074664	0.074664	0.074664	0.074664	0.074664	0.074664	0.074664	0.074664	0.074664	0.074664	0.074664	0.074664	0.074664	0.074664	0.074664	0.074664	0.074664	0.074664	0.074664	0.074664	0.074664	0.074664	0.074664	0.074664	0.074664	0.074664	0.074664	0.074664	0.074664	0.074664	0.074664	0.074664	0.074664	0.074664	0.074664	0.074664	0.074664	0.074664	0.074664	0.074664	0.074664	0.074664	0.074664	0.074664	0.074664	0.074664	0.074664	0.074664	0.074664	0.074664	0.074664	0.074664	0.074664	0.074664	0.074664	0.074664
Pharmaceutical			0	0	0	0	0	0	0	0	0	0	0	0	0	0	0	0	0	0	0	0	0	0	0	0	0	0	0	0	0	0	0	0	0	0	0	0	0	0	0	0	0	0	0	0	0	0	0	0	0	0	0	0	0	0	0	0	0	0	0	0	0	0	0	0	0	0	0	0	0	0	0	0	0	0	0	0	0	0	0	0	0	0	0	0	0	0	0	0	0	0	0	0	0	0	0	0	0	0	0	0	0	0	0	0	0	0	0	0	0	0	0	0	0	0	0	0	0	0	0	0	0	0	0	0	0	0	0	0	0	0	0	0	0	0	0	0	0	0	0	0	0	0	0	0	0	0	0	0	0	0	0	0	0	0	0	0	0	0	0	0	0	0.017584	0.017584	0.017584	0.017584	0.017584	0.017584	0.017584	0.017584	0.017584	0.017584	0.017584	0.017584	0.017584	0.017584	0.017584	0.017584	0.017584	0.017584	0.017584	0.017584	0.017584	0.017584	0.017584	0.017584	0.017584	0.017584	0.017584	0.017584	0.017584	0.017584	0.017584	0.017584	0.017584	0.017584	0.017584	0.017584	0.017584	0.017584	0.017584	0.017584	0.017584	0.017584	0.017584	0.017584	0.017584	0.017584	0.017584	0.017584	0.017584	0.017584	0.017584	0.017584	0.017584	0.017584	0.017584	0.017584	0.017584	0.017584	0.017584	0.017584	0.017584	0.017584	0.017584	0.017584	0.017584	0.017584	0.017584	0.017584	0.017584	0.017584	0.017584	0.017584	0.017584	0.017584	0.017584	0.017584	0.017584	0.017584	0.017584	0.017584	0.017584	0.017584	0.017584	0.017584	0.017584	0.017584	0.017584	0.017584	0.017584	0.017584	0.017584	0.017584	0.017584	0.017584	0.017584	0.017584	0.017584	0.017584	0.017584	0.017584	0.017584	0.017584	0.017584	0.017584	0.017584	0.017584	0.017584	0.017584	0.017584	0.017584	0.017584	0.017584	0.017584	0.017584	0.017584	0.017584	0.017584	0.017584	0.071175	0.071175	0.071175	0.071175	0.071175	0.071175	0.071175	0.071175	0.071175	0.071175	0.071175	0.071175	0.071175	0.071175	0.071175	0.071175	0.071175	0.071175	0.071175	0.071175	0.071175	0.071175	0.071175	0.071175	0.071175	0.071175	0.071175	0.071175	0.071175	0.071175	0.071175	0.071175	0.071175	0.071175	0.071175	0.071175	0.071175	0.071175	0.071175	0.071175	0.071175	0.071175	0.071175	0.071175	0.071175	0.071175	0.071175	0.071175	0.071175	0.071175	0.071175	0.071175	0.071175	0.071175	0.071175	0.071175	0.071175	0.071175	0.071175	0.071175	0.071175	0.071175	0.071175	0.071175	0.071175	0.071175	0.071175	0.071175	0.071175	0.071175	0.071175	0.071175	0.071175	0.071175	0.071175	0.071175	0.071175	0.074257	0.074257	0.074257	0.074257	0.074257	0.074257	0.074257	0.074257	0.074257
Risk Management			0	0	0	0	0	0	0	0	0	0	0	0	0	0	0	0	0	0	0	0	0	0	0	0	0	0	0	0	0	0	0	0	0	0	0	0	0	0	0	0	0	0	0	0	0	0	0	0	0	0	0	0	0	0	0	0	0	0	0	0	0	0	0	0	0	0	0	0	0	0	0	0	0	0	0	0	0	0	0	0	0	0	0	0	0	0	0	0	0	0	0	0	0	0	0	0	0	0	0	0	0	0	0	0	0	0	0	0	0	0	0	0	0	0	0	0	0	0	0	0	0	0	0	0	0	0	0	0	0	0	0	0	0	0	0	0	0	0	0	0	0	0	0	0	0	0	0	0	0	0	0	0	0	0	0	0	0	0	0	0	0	0	0.000109	0.000109	0.000109	0.000109	0.000109	0.000109	0.000109	0.000109	0.000109	0.000109	0.000109	0.000109	0.000109	0.000109	0.000109	0.000109	0.000109	0.000109	0.000109	0.000109	0.000109	0.000109	0.000109	0.000109	0.000109	0.000109	0.000109	0.000109	0.000109	0.000109	0.000109	0.000109	0.000109	0.000109	0.000109	0.000109	0.000109	0.000109	0.000109	0.000109	0.000109	0.071882	0.071882	0.071882	0.071882	0.071882	0.071882	0.071882	0.071882	0.071882	0.071882	0.071882	0.071882	0.071882	0.071882	0.071882	0.071882	0.071882	0.071882	0.071882	0.071882	0.071882	0.071882	0.071882	0.071882	0.071882	0.071882	0.071882	0.071882	0.071882	0.071882	0.071882	0.071882	0.071882	0.071882	0.071882	0.071882	0.071882	0.071882	0.071882	0.071882	0.071882	0.071882	0.071882	0.071882	0.071882	0.071882	0.071882	0.071882	0.071882	0.071882	0.071882	0.071882	0.071882	0.071882	0.071882	0.071882	0.071882	0.071882	0.071882	0.071882	0.071882	0.071882	0.071882	0.071882	0.071882	0.071882	0.071882	0.071882	0.071882	0.071882	0.071882	0.071882	0.071882	0.071882	0.071882	0.071882	0.071882	0.071882	0.071882	0.071882	0.071882	0.071882	0.071882	0.071882	0.071882	0.071882	0.071882	0.071882	0.071882	0.071882	0.071882	0.071882	0.071882	0.071882	0.071882	0.071882	0.071882	0.071882	0.071882	0.071882	0.071882	0.071882	0.071882	0.071882	0.071882	0.071882	0.071882	0.071882	0.071882	0.071882	0.071882	0.071882	0.071882	0.071882	0.071882	0.071882	0.071882	0.071882	0.071882	0.071882	0.071882	0.071882	0.071882	0.071882	0.071882	0.071882	0.071882	0.071882	0.071882	0.071882	0.071882	0.071882	0.071882	0.071882	0.071882	0.071882	0.071882	0.071882	0.071882	0.071882	0.071882	0.071882	0.071882	0.071882	0.071882	0.071882	0.071882	0.071882	0.071882	0.071882	0.071882	0.071882	0.071882	0.071882	0.071882	0.071882	0.071882	0.071882	0.071882	0.071882	0.071882	0.071882
Hospital			0	0	0	0	0	0	0	0	0	0	0	0	0.070338	0.070338	0.070338	0.070338	0.070338	0.070338	0.070338	0.070338	0.070338	0.070338	0.070338	0.070338	0.070338	0.070338	0.070338	0.070338	0.070338	0.070338	0.070338	0.070338	0.070338	0.070338	0.070338	0.070338	0.070338	0.070338	0.070338	0.070338	0.070338	0.070338	0.070338	0.070338	0.070338	0.070338	0.070338	0.070338	0.070338	0.070338	0.070338	0.070338	0.070338	0.070338	0.070338	0.070338	0.070338	0.070338	0.070338	0.070338	0.070338	0.070338	0.070338	0.070338	0.070338	0.070338	0.070338	0.070338	0.070338	0.070338	0.070338	0.070338	0.070338	0.070338	0.070338	0.070338	0.070338	0.070338	0.070338	0.070338	0.070338	0.070338	0.070338	0.070338	0.070338	0.070338	0.070338	0.070338	0.070338	0.070338	0.070338	0.070338	0.070338	0.070338	0.070338	0.070338	0.070338	0.070338	0.070338	0.070338	0.070338	0.070338	0.070338	0.070338	0.070338	0.070338	0.070338	0.070338	0.070338	0.070338	0.070338	0.070338	0.070338	0.070338	0.070338	0.070338	0.070338	0.070338	0.070338	0.070338	0.070338	0.070338	0.070338	0.070338	0.070338	0.070338	0.070338	0.070338	0.070338	0.070338	0.070338	0.070338	0.070338	0.070338	0.070338	0.070338	0.070338	0.070338	0.070338	0.070338	0.070338	0.070338	0.070338	0.070338	0.070338	0.070338	0.070338	0.070338	0.070338	0.070338	0.070338	0.070338	0.070338	0.070338	0.070338	0.070338	0.070338	0.070338	0.070338	0.070338	0.070338	0.070338	0.070338	0.070338	0.070338	0.070338	0.070338	0.070338	0.070338	0.070338	0.070338	0.070338	0.070338	0.070338	0.070338	0.070338	0.070338	0.070338	0.070338	0.070338	0.070338	0.070338	0.070338	0.070338	0.070338	0.070338	0.070338	0.070338	0.070338	0.070338	0.070338	0.070338	0.070338	0.070338	0.070338	0.070338	0.070338	0.070338	0.070338	0.070338	0.070338	0.070338	0.070338	0.070338	0.070338	0.070338	0.070338	0.070338	0.070338	0.070338	0.070338	0.070338	0.070338	0.070338	0.070338	0.070338	0.070338	0.070338	0.070338	0.070338	0.070338	0.070338	0.070338	0.070338	0.070338	0.070338	0.070338	0.070338	0.070338	0.070338	0.070338	0.070338	0.070338	0.070338	0.070338	0.070338	0.070338	0.070338	0.070338	0.070338	0.070338	0.070338	0.070338	0.070338	0.070338	0.070338	0.070338	0.070338	0.070338	0.070338	0.070338	0.070338	0.070338	0.070338	0.070338	0.070338	0.070338	0.070338	0.070359	0.070359	0.070359	0.070359	0.070359	0.070359	0.070359	0.070359	0.070359	0.070359	0.070359	0.070359	0.070359	0.070359	0.070359	0.070359	0.070359	0.070359	0.070359	0.070359	0.070359	0.070359	0.070359	0.070359	0.070359	0.070359	0.070359	0.070359	0.070359	0.070359	0.070359	0.070359	0.070359	0.070359	0.070359	0.070359	0.070359	0.070359	0.070359	0.070359	0.070359	0.070359	0.070359	0.070359	0.070359	0.070359	0.070359	0.070359	0.070359	0.070359	0.070359	0.070359	0.070359	0.070359	0.070359	0.070359	0.070359	0.070359	0.070359	0.070359	0.070359	0.070359	0.070359	0.070359	0.070359	0.070359	0.070359	0.070359	0.070359	0.070359	0.070359	0.070359	0.070359	0.070359	0.070359	0.070359	0.070359	0.070359	0.070359	0.070359	0.070359	0.070359	0.070359	0.070359	0.070359	0.070359	0.070359	0.070359	0.070359	0.070359	0.070359	0.070359	0.070359	0.070359	0.070359	0.070359	0.070359	0.070359	0.070359	0.070359	0.070359	0.070359	0.070359	0.070359	0.070359	0.070359	0.070359
Health Diagnostics			0	0	0	0	0	0	0	0	0	0	0	0	0	0	0	0	0	0	0	0	0	0	0	0	0	0	0	0	0	0	0	0	0	0	0	0	0	0	0	0	0	0	0	0	0	0	0	0	0	0	0	0	0	0	0	0	0	0	0	0	0	0	0	0	0	0	0	0	0	0	0	0.019347	0.019347	0.019347	0.019347	0.019347	0.019347	0.019347	0.019347	0.019347	0.019347	0.019347	0.019347	0.019347	0.019347	0.019347	0.019347	0.019347	0.019347	0.019347	0.019347	0.019347	0.019347	0.019347	0.019347	0.019347	0.019347	0.019347	0.019347	0.019347	0.019347	0.019347	0.019347	0.019347	0.019347	0.019347	0.019347	0.019347	0.019347	0.019347	0.019347	0.019347	0.042793	0.042793	0.042793	0.042793	0.042793	0.042793	0.042793	0.042793	0.042793	0.042793	0.042793	0.042793	0.042793	0.042793	0.042793	0.042793	0.042793	0.042793	0.042793	0.042793	0.042793	0.042793	0.042793	0.042793	0.042793	0.042793	0.042793	0.042793	0.042793	0.042793	0.042793	0.042793	0.042793	0.042793	0.042793	0.042793	0.042793	0.042793	0.042793	0.042793	0.042793	0.042793	0.042793	0.042793	0.042793	0.042793	0.042793	0.042793	0.042793	0.042793	0.042793	0.042793	0.042793	0.042793	0.042793	0.042793	0.042793	0.042793	0.042793	0.042793	0.042793	0.042793	0.042793	0.042793	0.042793	0.042793	0.042793	0.042793	0.042793	0.042793	0.042793	0.042793	0.042793	0.042793	0.042793	0.042793	0.042793	0.042793	0.042793	0.042793	0.042793	0.042793	0.042793	0.042793	0.042793	0.042793	0.042793	0.042793	0.042793	0.042793	0.042793	0.042793	0.042793	0.042793	0.042793	0.042793	0.042793	0.042793	0.042793	0.042793	0.042793	0.042793	0.042793	0.042793	0.042793	0.042793	0.042793	0.042793	0.042793	0.042793	0.042793	0.042793	0.042793	0.042793	0.042793	0.042793	0.042793	0.042793	0.042793	0.042793	0.042793	0.042793	0.042793	0.042793	0.042793	0.042793	0.042793	0.042793	0.042793	0.042793	0.042793	0.042793	0.042793	0.042793	0.042793	0.042793	0.042793	0.042793	0.042793	0.042793	0.042793	0.042793	0.042793	0.042793	0.042793	0.042793	0.042793	0.042793	0.042793	0.042793	0.042793	0.042793	0.042793	0.042793	0.042793	0.042793	0.042793	0.042793	0.042793	0.042793	0.042793	0.042793	0.042793	0.042793	0.042793	0.042793	0.042793	0.042793	0.042793	0.042793	0.042793	0.042793	0.042793	0.042793	0.042793	0.042793	0.042793	0.042793	0.042793	0.042793	0.042793	0.042793	0.042793	0.042793	0.042793	0.042793	0.042793	0.042793	0.042793	0.042793	0.042793	0.042793	0.042793	0.042793	0.042793	0.042793	0.042793	0.042793	0.042793	0.042793	0.042793	0.042793	0.042793	0.042793	0.042793	0.042793	0.042793	0.042793	0.042793	0.042793	0.042793	0.042793	0.042793	0.042793	0.042793	0.042793	0.045584	0.045584	0.045584	0.045584	0.045584	0.045584	0.045584	0.045584	0.045584	0.045584	0.045584	0.045584	0.045584	0.045584	0.045584	0.069867	0.069867	0.069867	0.069867	0.069867	0.069867	0.069867	0.069867	0.069867	0.069867	0.069867	0.069867	0.069867	0.069867	0.069867	0.069867	0.069867	0.069867	0.069867	0.069867	0.069867	0.069867
Small and Medium Businesses			0	0	0	0	0	0	0	0	0	0	0	0	0	0	0	0	0	0	0	0	0	0	0	0	0	0	0	0	0	0	0	0	0	0	0	0	0	0	0	0	0	0	0	0	0	0	0	0	0	0	0	0	0	0	0	0	0	0	0	0	0	0	0	0	0	0	0	0	0	0	0	0	0	0	0	0	0	0	0	0	0	0	0	0	0	0	0	0	0	0	0	0	0	0	0	0	0	0	0	0	0	0	0	0	0	0	0	0	0	0	0	0	0	0	0	0	0	0	0	0	0	0	0	0	0	0	0	0	0	0	0	0	0	0	0	0	0	0	0	0	0	0	0	0	0	0	0	0	0	0	0	0	0	0	0	0	0	0	0	0	0	0	0	0	0	0	0	0	0	0	0	0	0	0	0	0	0.066988	0.066988	0.066988	0.066988	0.066988	0.066988	0.066988	0.066988	0.066988	0.066988	0.066988	0.066988	0.066988	0.066988	0.066988	0.066988	0.066988	0.066988	0.066988	0.066988	0.066988	0.066988	0.066988	0.066988	0.066988	0.066988	0.066988	0.066988	0.066988	0.066988	0.066988	0.066988	0.066988	0.066988	0.066988	0.066988	0.066988	0.066988	0.066988	0.066988	0.066988	0.066988	0.066988	0.066988	0.066988	0.066988	0.066988	0.066988	0.066988	0.066988	0.066988	0.066988	0.066988	0.066988	0.066988	0.066988	0.066988	0.066988	0.066988	0.066988	0.066988	0.066988	0.066988	0.066988	0.066988	0.066988	0.066988	0.066988	0.066988	0.066988	0.066988	0.066988	0.066988	0.066988	0.066988	0.066988	0.066988	0.066988	0.066988	0.066988	0.066988	0.066988	0.066988	0.066988	0.066988	0.066988	0.066988	0.066988	0.066988	0.066988	0.066988	0.066988	0.066988	0.066988	0.066988	0.066988	0.066988	0.066988	0.066988	0.066988	0.066988	0.066988	0.066988	0.066988	0.066988	0.066988	0.066988	0.066988	0.066988	0.066988	0.066988	0.066988	0.066988	0.066988	0.066988	0.066988	0.066988	0.066988	0.066988	0.066988	0.066988	0.066988	0.066988	0.066988	0.066988	0.066988	0.066988	0.066988	0.066988	0.066988	0.066988	0.066988	0.066988	0.066988	0.066988	0.066988	0.066988	0.066988	0.066988	0.066988	0.066988	0.066988	0.066988	0.066988	0.066988	0.066988	0.066988	0.066988	0.066988	0.066988	0.066988	0.066988	0.066988	0.066988	0.066988	0.066988	0.066988	0.066988	0.066988	0.066988	0.066988	0.066988	0.066988	0.066988	0.066988	0.066988	0.066988	0.066988	0.066988	0.066988	0.066988	0.066988	0.066988	0.066988	0.066988	0.066988	0.066988	0.066988	0.066988	0.066988	0.066988	0.066988	0.066988	0.066988	0.066988	0.066988	0.066988	0.066988	0.066988
Email Marketing			0	0	0	0	0	0	0	0	0	0	0	0	0	0	0	0	0	0	0	0	0	0	0	0	0	0	0	0	0	0	0	0	0	0	0	0	0	0	0	0	0	0	0	0	0	0	0	0	0	0	0	0	0	0	0	0	0	0	0	0	0	0	0	0	0	0	0	0	0	0	0	0	0	0	0	0	0	0	0	0	0	0	0	0	0	0	0	0	0	0	0	0	0	0	0	0	0	0	0	0	0	0	0	0	0	0	0	0	0	0	0	0	0	0	0	0	0	0	0	0	0	0	0	0	0	0	0	0	0	0	0	0	0	0	0	0	0	0	0	0	0	0	0	0	0	0	0	0	0	0	0	0	0	0	0	0	0	0	0	0	0	0	0	0	0	0	0	0	0	0	0	0	0	0	0	0	0	0	0	0	0	0	0	0	0	0	0	0	0	0	0	0	0	0	0	0	0	0.055824	0.055824	0.055824	0.055824	0.055824	0.055824	0.055824	0.055824	0.055824	0.055824	0.055824	0.055824	0.055824	0.055824	0.055824	0.055824	0.055824	0.055824	0.055824	0.055824	0.055824	0.055824	0.055824	0.055824	0.055824	0.055824	0.055824	0.055824	0.065872	0.065872	0.065872	0.065872	0.065872	0.065872	0.065872	0.065872	0.065872	0.065872	0.065872	0.065872	0.065872	0.065872	0.065872	0.065872	0.065872	0.065872	0.065872	0.065872	0.065872	0.065872	0.065872	0.065872	0.065872	0.065872	0.065872	0.065872	0.065872	0.065872	0.065872	0.065872	0.065872	0.065872	0.065872	0.065872	0.065872	0.065872	0.065872	0.065872	0.065872	0.065872	0.065872	0.065872	0.065872	0.065872	0.065872	0.065872	0.065872	0.065872	0.065872	0.065872	0.065872	0.065872	0.065872	0.065872	0.065872	0.065872	0.065872	0.065872	0.065872	0.065872	0.065872	0.065872	0.065872	0.065872	0.065872	0.065872	0.065872	0.065872	0.065872	0.065872	0.065872	0.065872	0.065872	0.065872	0.065872	0.065872	0.065872	0.065872	0.065872	0.065872	0.065872	0.065872	0.065872	0.065872	0.065872	0.065872	0.065872	0.065872	0.065872	0.065872	0.065872	0.065872	0.065872	0.065872	0.065872	0.065872	0.065872	0.065872	0.065872	0.065872	0.065872	0.065872	0.065872	0.065872	0.065872	0.065872	0.065872	0.065872	0.065872	0.065872	0.065872	0.065872	0.065872	0.065872	0.065872	0.065872	0.065872	0.065872	0.065872	0.065872	0.065872	0.065872	0.065872	0.065872	0.065872	0.065872	0.065872	0.065872	0.065872	0.065872	0.065872	0.065872	0.065872	0.065872	0.065872	0.065872	0.065872	0.065872
Logistics			0	0	0	0	0	0	0	0	0	0	0	0	0	0	0	0	0	0	0	0	0	0	0	0	0	0	0	0	0	0	0	0	0	0	0	0	0	0.000558	0.000558	0.000558	0.000558	0.000558	0.001396	0.001396	0.001396	0.001396	0.001396	0.001396	0.001396	0.001396	0.001396	0.001396	0.001396	0.001396	0.001396	0.001396	0.001396	0.004745	0.004745	0.004745	0.004745	0.004745	0.057666	0.057666	0.057666	0.057666	0.057666	0.057666	0.057666	0.057666	0.057666	0.057666	0.057666	0.057666	0.057666	0.057666	0.057666	0.057666	0.057666	0.057666	0.057666	0.057666	0.057666	0.057666	0.057666	0.057666	0.057666	0.057666	0.057666	0.057666	0.057666	0.057666	0.057666	0.057666	0.057666	0.057666	0.057666	0.057666	0.057666	0.057666	0.057666	0.057666	0.057666	0.057666	0.057666	0.057666	0.057666	0.057666	0.057666	0.057666	0.057666	0.057666	0.057666	0.057666	0.057666	0.057666	0.057666	0.057666	0.057666	0.057666	0.057666	0.057666	0.057666	0.057666	0.057666	0.057666	0.057666	0.057666	0.057666	0.057666	0.057666	0.057666	0.057666	0.057666	0.057666	0.057666	0.057666	0.057666	0.057666	0.057666	0.057666	0.057666	0.057666	0.057666	0.057666	0.057666	0.057666	0.057666	0.057666	0.057666	0.057666	0.057666	0.057666	0.057666	0.057666	0.057666	0.057666	0.057666	0.057666	0.057666	0.057666	0.057666	0.057666	0.057666	0.057666	0.057666	0.057666	0.057666	0.057666	0.057666	0.057666	0.057666	0.057666	0.057666	0.057666	0.057666	0.057666	0.057666	0.057666	0.057666	0.057666	0.057666	0.057666	0.057666	0.057666	0.057666	0.057666	0.057666	0.057666	0.057666	0.057666	0.057666	0.057666	0.057666	0.057666	0.057666	0.057666	0.057666	0.057666	0.057666	0.057666	0.057666	0.057666	0.057666	0.057666	0.057666	0.057666	0.057666	0.057666	0.057666	0.061853	0.061853	0.061853	0.061853	0.061853	0.061853	0.061853	0.061853	0.061853	0.061853	0.061853	0.061853	0.061853	0.061853	0.061853	0.061853	0.061853	0.061853	0.061853	0.061853	0.061853	0.061853	0.061853	0.063767	0.063767	0.063767	0.063767	0.063767	0.063767	0.063767	0.063767	0.063767	0.063767	0.063767	0.063767	0.063767	0.063767	0.063767	0.063767	0.063767	0.063767	0.063767	0.063767	0.063767	0.063767	0.063767	0.063767	0.063767	0.063767	0.063767	0.063767	0.063767	0.063767	0.063767	0.063767	0.063767	0.063767	0.063767	0.063767	0.063767	0.063767	0.063767	0.063767	0.063767	0.063767	0.063767	0.063767	0.063767	0.063767	0.063767	0.063767	0.063767	0.063767	0.063767	0.063767	0.063767	0.063767	0.063767	0.063767	0.063767	0.063767	0.063767	0.063767	0.063767	0.063767	0.063767	0.063767	0.063767	0.063767	0.063767	0.063767	0.063767	0.063767	0.063767	0.063767	0.063767	0.063767	0.063767	0.063767	0.063767	0.063767	0.063767	0.063767	0.063767	0.063767	0.063767	0.063767	0.063767	0.063767	0.063767	0.063767	0.063767	0.063767	0.063767	0.063767	0.063767	0.063767	0.063767	0.063767	0.063767	0.063767	0.063767	0.063767	0.063767	0.063767	0.063767	0.063767	0.063767	0.063767	0.063767	0.063767	0.063767	0.063767	0.063767	0.063767	0.063767	0.063767	0.063767	0.063767	0.063767	0.063767	0.063767	0.063767	0.063767	0.063767	0.063767	0.063767	0.063767	0.063767	0.063767	0.063767	0.063767	0.063767	0.063767	0.063767
Retail			0	0	0	0	0	0	0	0	0	0	0	0	0	0	0	0	0	0	0	0	0	0	0	0	0	0	0	0	0	0	0	0	0	0	0	0	0	0	0	0	0	0	0	0	0	0	0	0	0	0	0	0	0	0	0	0	0	0	0	0	0	0	0.052921	0.052921	0.052921	0.052921	0.052921	0.052921	0.052921	0.052921	0.052921	0.052921	0.052921	0.052921	0.052921	0.052921	0.052921	0.052921	0.052921	0.052921	0.052921	0.052921	0.052921	0.052921	0.052921	0.052921	0.052921	0.052921	0.052921	0.052921	0.052921	0.052921	0.052921	0.052921	0.052921	0.052921	0.052921	0.052921	0.052921	0.052921	0.052921	0.052921	0.052921	0.052921	0.052921	0.052921	0.052921	0.052921	0.052921	0.052921	0.052921	0.052921	0.052921	0.052921	0.052921	0.052921	0.052921	0.052921	0.052921	0.052921	0.052921	0.052921	0.052921	0.052921	0.052921	0.052921	0.052921	0.052921	0.052921	0.052921	0.052921	0.052921	0.052921	0.052921	0.052921	0.052921	0.052921	0.052921	0.052921	0.052921	0.052921	0.052921	0.052921	0.052921	0.052921	0.052921	0.052921	0.052921	0.052921	0.052921	0.052921	0.052921	0.052921	0.052921	0.052921	0.052921	0.052921	0.052921	0.052921	0.052921	0.052921	0.052921	0.052921	0.052921	0.052921	0.052921	0.052921	0.052921	0.052921	0.052921	0.052921	0.052921	0.052921	0.052921	0.052921	0.052921	0.052921	0.052921	0.052921	0.052921	0.052921	0.052921	0.052921	0.052921	0.052921	0.052921	0.052921	0.052921	0.052921	0.052921	0.052921	0.052921	0.052921	0.052921	0.052921	0.052921	0.052921	0.052921	0.052921	0.052921	0.052921	0.052921	0.052921	0.052921	0.052921	0.052921	0.052921	0.052921	0.052921	0.052921	0.052921	0.052921	0.052921	0.052921	0.052921	0.052921	0.052921	0.052921	0.052921	0.052921	0.052921	0.052921	0.052921	0.052921	0.052921	0.052921	0.052921	0.052921	0.052921	0.052921	0.052921	0.052921	0.052921	0.052921	0.052921	0.052921	0.052921	0.052921	0.052921	0.052921	0.052921	0.052921	0.052921	0.052921	0.052921	0.052921	0.052921	0.052921	0.052921	0.052921	0.052921	0.052921	0.052921	0.052921	0.052921	0.052921	0.052921	0.052921	0.052921	0.052921	0.052921	0.052921	0.052921	0.052921	0.052921	0.052921	0.052921	0.052921	0.052921	0.052921	0.052921	0.052921	0.052921	0.052921	0.052921	0.052921	0.052921	0.052921	0.052921	0.052921	0.052921	0.052921	0.052921	0.052921	0.052921	0.052921	0.052921	0.062969	0.062969	0.062969	0.062969	0.062969	0.062969	0.062969	0.062969	0.062969	0.062969	0.062969	0.062969	0.062969	0.062969	0.062969	0.062969	0.062969	0.062969	0.062969	0.062969	0.062969	0.062969	0.062969	0.062969	0.062969	0.062969	0.062969	0.062969	0.062969	0.062969	0.062969	0.062969	0.062969	0.062969	0.062969	0.062969	0.062969	0.062969	0.062969	0.062969	0.062969	0.062969	0.062969	0.062969	0.062969	0.062969	0.062969	0.062969	0.062969	0.062969	0.062969	0.062969	0.062969	0.062969	0.062969	0.062969	0.062969	0.062969	0.062969	0.062969	0.062969	0.062969	0.062969	0.062969	0.062969	0.062969	0.062969	0.062969	0.062969	0.062969	0.062969	0.062969	0.062969	0.062969	0.062969	0.062969	0.062969	0.062969
Industrial Engineering			0	0	0	0	0	0	0	0	0	0	0	0	0	0	0	0	0	0	0	0	0	0	0	0	0	0	0	0	0	0	0	0	0	0	0	0	0	0	0	0	0	0	0	0	0	0	0	0	0	0	0	0	0	0	0	0	0	0	0	0	0	0	0	0	0	0	0	0	0	0	0	0	0	0	0	0	0	0	0	0	0	0	0	0	0	0	0	0	0	0	0	0	0	0	0	0	0	0	0	0	0	0	0	0	0	0	0	0	0	0	0	0	0	0	0	0	0	0	0	0	0	0	0	0	0	0	0	0	0	0	0	0	0	0	0	0	0	0	0	0	0	0	0	0	0	0	0	0	0	0	0	0	0	0	0	0	0	0	0	0	0	0	0.059811	0.059811	0.059811	0.059811	0.059811	0.059811	0.059811	0.059811	0.059811	0.059811	0.059811	0.059811	0.059811	0.059811	0.059811	0.059811	0.059811	0.059811	0.059811	0.059811	0.059811	0.059811	0.059811	0.059811	0.059811	0.059811	0.059811	0.059811	0.059811	0.059811	0.059811	0.059811	0.059811	0.059811	0.059811	0.059811	0.059811	0.059811	0.059811	0.059811	0.059811	0.059811	0.059811	0.059811	0.059811	0.059811	0.059811	0.059811	0.059811	0.059811	0.059811	0.059811	0.059811	0.059811	0.059811	0.059811	0.059811	0.059811	0.059811	0.059811	0.059811	0.059811	0.059811	0.059811	0.059811	0.059811	0.059811	0.059811	0.059811	0.059811	0.059811	0.059811	0.059811	0.059811	0.059811	0.059811	0.059811	0.059811	0.059811	0.059811	0.059811	0.059811	0.059811	0.059811	0.059811	0.059811	0.059811	0.059811	0.059811	0.059811	0.059811	0.059811	0.059811	0.059811	0.059811	0.059811	0.059811	0.059811	0.059811	0.059811	0.059811	0.059811	0.059811	0.059811	0.059811	0.059811	0.059811	0.059811	0.059811	0.059811	0.059811	0.059811	0.059811	0.059811	0.059811	0.059811	0.059811	0.059811	0.059811	0.059811	0.059811	0.059811	0.059811	0.059811	0.059811	0.059811	0.059811	0.059811	0.059811	0.059811	0.059811	0.059811	0.059811	0.059811	0.059811	0.059811	0.059811	0.059811	0.059811	0.059811	0.059811	0.059811	0.059811	0.059811	0.059811	0.059811	0.059811	0.059811	0.059811	0.059811	0.059811	0.059811	0.059811	0.059811	0.059811	0.059811	0.059811	0.059811	0.059811	0.059811	0.059811	0.059811	0.059811	0.059811	0.059811	0.059811	0.059811	0.059811	0.059811	0.059811	0.059811	0.059811	0.059811	0.059811	0.059811	0.059811	0.059811	0.059811	0.059811	0.059811	0.059811	0.059811	0.059811	0.059811	0.059811	0.059811	0.059811	0.059811	0.059811	0.059811	0.059811	0.059811	0.059811	0.059811	0.059811	0.059811	0.059811	0.059811	0.059811	0.059811	0.059811	0.059811	0.059811
Infrastructure			0	0	0	0	0	0	0	0	0	0	0	0	0	0	0	0	0	0	0	0	0	0	0	0	0	0	0	0	0	0	0	0	0	0	0	0	0	0	0	0	0	0	0	0	0	0	0	0	0	0	0	0	0	0	0	0	0	0	0	0	0	0	0	0	0	0	0	0	0	0	0	0	0	0	0	0	0	0	0	0	0	0	0	0	0	0	0	0	0	0	0	0	0	0	0	0	0	0	0	0	0	0	0	0	0	0	0	0	0	0	0	0	0	0	0	0	0	0	0	0	0	0	0	0	0	0	0	0	0	0	0	0	0	0	0	0	0	0	0	0	0	0	0	0	0	0	0	0	0	0	0	0	0	0	0	0	0	0	0	0	0	0	0.059811	0.059811	0.059811	0.059811	0.059811	0.059811	0.059811	0.059811	0.059811	0.059811	0.059811	0.059811	0.059811	0.059811	0.059811	0.059811	0.059811	0.059811	0.059811	0.059811	0.059811	0.059811	0.059811	0.059811	0.059811	0.059811	0.059811	0.059811	0.059811	0.059811	0.059811	0.059811	0.059811	0.059811	0.059811	0.059811	0.059811	0.059811	0.059811	0.059811	0.059811	0.059811	0.059811	0.059811	0.059811	0.059811	0.059811	0.059811	0.059811	0.059811	0.059811	0.059811	0.059811	0.059811	0.059811	0.059811	0.059811	0.059811	0.059811	0.059811	0.059811	0.059811	0.059811	0.059811	0.059811	0.059811	0.059811	0.059811	0.059811	0.059811	0.059811	0.059811	0.059811	0.059811	0.059811	0.059811	0.059811	0.059811	0.059811	0.059811	0.059811	0.059811	0.059811	0.059811	0.059811	0.059811	0.059811	0.059811	0.059811	0.059811	0.059811	0.059811	0.059811	0.059811	0.059811	0.059811	0.059811	0.059811	0.059811	0.059811	0.059811	0.059811	0.059811	0.059811	0.059811	0.059811	0.059811	0.059811	0.059811	0.059811	0.059811	0.059811	0.059811	0.059811	0.059811	0.059811	0.059811	0.059811	0.059811	0.059811	0.059811	0.059811	0.059811	0.059811	0.059811	0.059811	0.059811	0.059811	0.059811	0.059811	0.059811	0.059811	0.059811	0.059811	0.059811	0.059811	0.059811	0.059811	0.059811	0.059811	0.059811	0.059811	0.059811	0.059811	0.059811	0.059811	0.059811	0.059811	0.059811	0.059811	0.059811	0.059811	0.059811	0.059811	0.059811	0.059811	0.059811	0.059811	0.059811	0.059811	0.059811	0.059811	0.059811	0.059811	0.059811	0.059811	0.059811	0.059811	0.059811	0.059811	0.059811	0.059811	0.059811	0.059811	0.059811	0.059811	0.059811	0.059811	0.059811	0.059811	0.059811	0.059811	0.059811	0.059811	0.059811	0.059811	0.059811	0.059811	0.059811	0.059811	0.059811	0.059811	0.059811	0.059811	0.059811	0.059811	0.059811	0.059811	0.059811	0.059811	0.059811	0.059811	0.059811
Transportation			0	0	0	0	0	0	0	0	0	0	0	0	0	0	0	0	0	0	0	0	0	0	0	0	0	0	0	0	0	0	0	0	0	0	0	0	0	0.000558	0.000558	0.000558	0.006141	0.006141	0.006978	0.006978	0.006978	0.006978	0.006978	0.006978	0.015184	0.015184	0.015184	0.015184	0.015184	0.015184	0.015184	0.015184	0.015184	0.015184	0.015184	0.015184	0.015184	0.015184	0.015184	0.015184	0.015184	0.015184	0.015184	0.015184	0.015184	0.015184	0.015184	0.015184	0.015184	0.015184	0.015184	0.015184	0.015184	0.015184	0.015184	0.015184	0.015184	0.015184	0.015184	0.015184	0.015184	0.015184	0.015184	0.015184	0.015184	0.015184	0.015184	0.015184	0.015184	0.015184	0.015184	0.015184	0.015184	0.015184	0.015184	0.015184	0.015184	0.015184	0.015184	0.015184	0.015184	0.015184	0.015184	0.015184	0.015184	0.015184	0.015184	0.015184	0.015184	0.015184	0.015184	0.015184	0.015184	0.015184	0.015184	0.015184	0.015184	0.015184	0.015184	0.015184	0.015184	0.015184	0.015184	0.015184	0.015184	0.015184	0.015184	0.015184	0.015184	0.015184	0.015184	0.015184	0.015184	0.015184	0.015184	0.015184	0.015184	0.015184	0.015184	0.015184	0.015184	0.015184	0.015184	0.015184	0.015184	0.016859	0.016859	0.016859	0.016859	0.016859	0.016859	0.016859	0.016859	0.016859	0.016859	0.041644	0.041644	0.041644	0.041644	0.041644	0.041644	0.041644	0.041644	0.041644	0.041644	0.041644	0.041644	0.041644	0.041644	0.041644	0.041644	0.041644	0.044994	0.044994	0.044994	0.044994	0.04946	0.04946	0.04946	0.04946	0.04946	0.04946	0.04946	0.04946	0.04946	0.04946	0.04946	0.04946	0.04946	0.04946	0.04946	0.04946	0.04946	0.04946	0.04946	0.04946	0.04946	0.04946	0.04946	0.04946	0.04946	0.04946	0.04946	0.04946	0.04946	0.04946	0.04946	0.04946	0.04946	0.04946	0.04946	0.04946	0.04946	0.04946	0.04946	0.04946	0.04946	0.04946	0.04946	0.04946	0.04946	0.04946	0.04946	0.04946	0.04946	0.04946	0.04946	0.04946	0.04946	0.04946	0.04946	0.04946	0.04946	0.04946	0.04946	0.04946	0.04946	0.04946	0.04946	0.04946	0.04946	0.04946	0.04946	0.04946	0.04946	0.04946	0.04946	0.04946	0.04946	0.04946	0.04946	0.04946	0.04946	0.04946	0.04946	0.04946	0.04946	0.04946	0.04946	0.04946	0.04946	0.04946	0.04946	0.04946	0.04946	0.04946	0.04946	0.04946	0.04946	0.04946	0.04946	0.04946	0.04946	0.04946	0.04946	0.04946	0.04946	0.04946	0.04946	0.04946	0.04946	0.04946	0.057275	0.057275	0.057275	0.057275	0.057275	0.057275	0.057275	0.057275	0.057275	0.057275	0.057275	0.057275	0.057275	0.057275	0.057275	0.057275	0.057275	0.057275	0.057275	0.057275	0.057275	0.057275	0.057275	0.057275	0.057275	0.057275	0.057275	0.057275	0.057275	0.057275	0.057275	0.057275	0.057275	0.057275	0.057275	0.057275	0.057275	0.057275	0.057275	0.057275	0.057275	0.057275	0.057275	0.057275	0.057275	0.057275	0.057275	0.057275	0.057275	0.057275	0.057275	0.057275	0.057275	0.057275	0.057275	0.057275	0.057275	0.057275	0.057275	0.057275	0.057275	0.057275	0.057275	0.057275	0.057275	0.057275	0.057275	0.057275	0.057275	0.057275	0.057275	0.057275	0.057275	0.057275	0.057275	0.057275	0.057275	0.057275	0.057275
Content Creators			0	0	0	0	0	0	0	0	0	0	0	0	0	0	0	0	0	0	0	0	0	0	0	0	0	0	0	0	0	0	0	0	0	0	0	0	0	0	0	0	0	0	0	0	0	0	0	0	0	0	0	0	0	0	0	0	0	0	0	0	0	0	0	0	0	0	0	0	0	0	0	0	0	0	0	0	0	0	0	0	0	0	0	0	0	0	0	0	0	0	0	0	0	0	0	0	0	0	0	0	0	0	0	0	0	0	0	0	0	0	0	0	0	0	0	0	0	0	0	0	0	0	0	0	0	0	0	0	0	0	0	0	0	0	0	0	0	0	0	0	0	0	0	0	0	0	0	0	0	0	0	0	0	0	0	0	0	0	0	0	0	0	0	0	0	0	0	0	0	0	0	0	0	0	0	0	0	0	0	0	0	0	0	0	0	0	0	0	0	0	0	0	0	0	0	0	0	0.055824	0.055824	0.055824	0.055824	0.055824	0.055824	0.055824	0.055824	0.055824	0.055824	0.055824	0.055824	0.055824	0.055824	0.055824	0.055824	0.055824	0.055824	0.055824	0.055824	0.055824	0.055824	0.055824	0.055824	0.055824	0.055824	0.055824	0.055824	0.055824	0.055824	0.055824	0.055824	0.055824	0.055824	0.055824	0.055824	0.055824	0.055824	0.055824	0.055824	0.055824	0.055824	0.055824	0.055824	0.055824	0.055824	0.055824	0.055824	0.055824	0.055824	0.055824	0.055824	0.055824	0.055824	0.055824	0.055824	0.055824	0.055824	0.055824	0.055824	0.055824	0.055824	0.055824	0.055824	0.055824	0.055824	0.055824	0.055824	0.055824	0.055824	0.055824	0.055824	0.055824	0.055824	0.055824	0.055824	0.055824	0.055824	0.055824	0.055824	0.055824	0.055824	0.055824	0.055824	0.055824	0.055824	0.055824	0.055824	0.055824	0.055824	0.055824	0.055824	0.055824	0.055824	0.055824	0.055824	0.055824	0.055824	0.055824	0.055824	0.055824	0.055824	0.055824	0.055824	0.055824	0.055824	0.055824	0.055824	0.055824	0.055824	0.055824	0.055824	0.055824	0.055824	0.055824	0.055824	0.055824	0.055824	0.055824	0.055824	0.055824	0.055824	0.055824	0.055824	0.055824	0.055824	0.055824	0.055824	0.055824	0.055824	0.055824	0.055824	0.055824	0.055824	0.055824	0.055824	0.055824	0.055824	0.055824	0.055824	0.055824	0.055824	0.055824	0.055824	0.055824	0.055824	0.055824	0.055824	0.055824	0.055824	0.055824	0.055824	0.055824	0.055824	0.055824	0.055824	0.055824	0.055824	0.055824	0.055824	0.055824	0.055824	0.055824	0.055824	0.055824	0.055824	0.055824	0.055824
Media and Entertainment			0	0	0	0	0	0	0	0	0	0	0	0	0	0	0	0	0	0	0	0	0	0	0	0	0	0	0	0	0	0	0	0	0	0	0	0	0	0	0	0	0	0	0	0	0	0	0	0	0	0	0	0	0	0	0	0	0	0	0	0	0	0	0	0	0	0	0	0	0	0	0	0	0	0	0	0	0	0	0	0	0	0	0	0	0	0	0	0	0	0	0	0	0	0	0	0	0	0	0	0	0	0	0	0	0	0	0	0	0	0	0	0	0	0	0	0	0	0	0	0	0	0	0	0	0	0	0	0	0	0	0	0	0	0	0	0	0	0	0	0	0	0	0	0	0	0	0	0	0	0	0	0	0	0	0	0	0	0	0	0	0	0	0	0	0	0	0	0	0	0	0	0	0	0	0	0	0	0	0	0	0	0	0	0	0	0	0	0	0	0	0	0	0	0	0	0	0	0.055824	0.055824	0.055824	0.055824	0.055824	0.055824	0.055824	0.055824	0.055824	0.055824	0.055824	0.055824	0.055824	0.055824	0.055824	0.055824	0.055824	0.055824	0.055824	0.055824	0.055824	0.055824	0.055824	0.055824	0.055824	0.055824	0.055824	0.055824	0.055824	0.055824	0.055824	0.055824	0.055824	0.055824	0.055824	0.055824	0.055824	0.055824	0.055824	0.055824	0.055824	0.055824	0.055824	0.055824	0.055824	0.055824	0.055824	0.055824	0.055824	0.055824	0.055824	0.055824	0.055824	0.055824	0.055824	0.055824	0.055824	0.055824	0.055824	0.055824	0.055824	0.055824	0.055824	0.055824	0.055824	0.055824	0.055824	0.055824	0.055824	0.055824	0.055824	0.055824	0.055824	0.055824	0.055824	0.055824	0.055824	0.055824	0.055824	0.055824	0.055824	0.055824	0.055824	0.055824	0.055824	0.055824	0.055824	0.055824	0.055824	0.055824	0.055824	0.055824	0.055824	0.055824	0.055824	0.055824	0.055824	0.055824	0.055824	0.055824	0.055824	0.055824	0.055824	0.055824	0.055824	0.055824	0.055824	0.055824	0.055824	0.055824	0.055824	0.055824	0.055824	0.055824	0.055824	0.055824	0.055824	0.055824	0.055824	0.055824	0.055824	0.055824	0.055824	0.055824	0.055824	0.055824	0.055824	0.055824	0.055824	0.055824	0.055824	0.055824	0.055824	0.055824	0.055824	0.055824	0.055824	0.055824	0.055824	0.055824	0.055824	0.055824	0.055824	0.055824	0.055824	0.055824	0.055824	0.055824	0.055824	0.055824	0.055824	0.055824	0.055824	0.055824	0.055824	0.055824	0.055824	0.055824	0.055824	0.055824	0.055824	0.055824	0.055824	0.055824	0.055824	0.055824	0.055824	0.055824
News			0	0	0	0	0	0	0	0	0	0	0	0	0	0	0	0	0	0	0	0	0	0	0	0	0	0	0	0	0	0	0	0	0	0	0	0	0	0	0	0	0	0	0	0	0	0	0	0	0	0	0	0	0	0	0	0	0	0	0	0	0	0	0	0	0	0	0	0	0	0	0	0	0	0	0	0	0	0	0	0	0	0	0	0	0	0	0	0	0	0	0	0	0	0	0	0	0	0	0	0	0	0	0	0	0	0	0	0	0	0	0	0	0	0	0	0	0	0	0	0	0	0	0	0	0	0	0	0	0	0	0	0	0	0	0	0	0	0	0	0	0	0	0	0	0	0	0	0	0	0	0	0	0	0	0	0	0	0	0	0	0	0	0	0	0	0	0	0	0	0	0	0	0	0	0	0	0	0	0	0	0	0	0	0	0	0	0	0	0	0	0	0	0	0	0	0	0	0.055824	0.055824	0.055824	0.055824	0.055824	0.055824	0.055824	0.055824	0.055824	0.055824	0.055824	0.055824	0.055824	0.055824	0.055824	0.055824	0.055824	0.055824	0.055824	0.055824	0.055824	0.055824	0.055824	0.055824	0.055824	0.055824	0.055824	0.055824	0.055824	0.055824	0.055824	0.055824	0.055824	0.055824	0.055824	0.055824	0.055824	0.055824	0.055824	0.055824	0.055824	0.055824	0.055824	0.055824	0.055824	0.055824	0.055824	0.055824	0.055824	0.055824	0.055824	0.055824	0.055824	0.055824	0.055824	0.055824	0.055824	0.055824	0.055824	0.055824	0.055824	0.055824	0.055824	0.055824	0.055824	0.055824	0.055824	0.055824	0.055824	0.055824	0.055824	0.055824	0.055824	0.055824	0.055824	0.055824	0.055824	0.055824	0.055824	0.055824	0.055824	0.055824	0.055824	0.055824	0.055824	0.055824	0.055824	0.055824	0.055824	0.055824	0.055824	0.055824	0.055824	0.055824	0.055824	0.055824	0.055824	0.055824	0.055824	0.055824	0.055824	0.055824	0.055824	0.055824	0.055824	0.055824	0.055824	0.055824	0.055824	0.055824	0.055824	0.055824	0.055824	0.055824	0.055824	0.055824	0.055824	0.055824	0.055824	0.055824	0.055824	0.055824	0.055824	0.055824	0.055824	0.055824	0.055824	0.055824	0.055824	0.055824	0.055824	0.055824	0.055824	0.055824	0.055824	0.055824	0.055824	0.055824	0.055824	0.055824	0.055824	0.055824	0.055824	0.055824	0.055824	0.055824	0.055824	0.055824	0.055824	0.055824	0.055824	0.055824	0.055824	0.055824	0.055824	0.055824	0.055824	0.055824	0.055824	0.055824	0.055824	0.055824	0.055824	0.055824	0.055824	0.055824	0.055824	0.055824
Publishing			0	0	0	0	0	0	0	0	0	0	0	0	0	0	0	0	0	0	0	0	0	0	0	0	0	0	0	0	0	0	0	0	0	0	0	0	0	0	0	0	0	0	0	0	0	0	0	0	0	0	0	0	0	0	0	0	0	0	0	0	0	0	0	0	0	0	0	0	0	0	0	0	0	0	0	0	0	0	0	0	0	0	0	0	0	0	0	0	0	0	0	0	0	0	0	0	0	0	0	0	0	0	0	0	0	0	0	0	0	0	0	0	0	0	0	0	0	0	0	0	0	0	0	0	0	0	0	0	0	0	0	0	0	0	0	0	0	0	0	0	0	0	0	0	0	0	0	0	0	0	0	0	0	0	0	0	0	0	0	0	0	0	0	0	0	0	0	0	0	0	0	0	0	0	0	0	0	0	0	0	0	0	0	0	0	0	0	0	0	0	0	0	0	0	0	0	0	0.055824	0.055824	0.055824	0.055824	0.055824	0.055824	0.055824	0.055824	0.055824	0.055824	0.055824	0.055824	0.055824	0.055824	0.055824	0.055824	0.055824	0.055824	0.055824	0.055824	0.055824	0.055824	0.055824	0.055824	0.055824	0.055824	0.055824	0.055824	0.055824	0.055824	0.055824	0.055824	0.055824	0.055824	0.055824	0.055824	0.055824	0.055824	0.055824	0.055824	0.055824	0.055824	0.055824	0.055824	0.055824	0.055824	0.055824	0.055824	0.055824	0.055824	0.055824	0.055824	0.055824	0.055824	0.055824	0.055824	0.055824	0.055824	0.055824	0.055824	0.055824	0.055824	0.055824	0.055824	0.055824	0.055824	0.055824	0.055824	0.055824	0.055824	0.055824	0.055824	0.055824	0.055824	0.055824	0.055824	0.055824	0.055824	0.055824	0.055824	0.055824	0.055824	0.055824	0.055824	0.055824	0.055824	0.055824	0.055824	0.055824	0.055824	0.055824	0.055824	0.055824	0.055824	0.055824	0.055824	0.055824	0.055824	0.055824	0.055824	0.055824	0.055824	0.055824	0.055824	0.055824	0.055824	0.055824	0.055824	0.055824	0.055824	0.055824	0.055824	0.055824	0.055824	0.055824	0.055824	0.055824	0.055824	0.055824	0.055824	0.055824	0.055824	0.055824	0.055824	0.055824	0.055824	0.055824	0.055824	0.055824	0.055824	0.055824	0.055824	0.055824	0.055824	0.055824	0.055824	0.055824	0.055824	0.055824	0.055824	0.055824	0.055824	0.055824	0.055824	0.055824	0.055824	0.055824	0.055824	0.055824	0.055824	0.055824	0.055824	0.055824	0.055824	0.055824	0.055824	0.055824	0.055824	0.055824	0.055824	0.055824	0.055824	0.055824	0.055824	0.055824	0.055824	0.055824	0.055824
Simulation			0	0	0	0	0	0	0	0	0	0	0	0	0	0	0	0	0	0	0	0	0	0	0	0	0	0	0	0	0	0	0	0	0	0	0	0	0	0	0	0	0	0	0	0	0	0	0	0	0	0	0	0	0	0	0	0	0	0	0	0	0	0	0	0	0	0	0	0	0	0	0	0	0	0	0	0	0	0	0	0	0	0	0	0	0	0	0	0	0	0	0	0	0	0	0	0	0.055026	0.055026	0.055026	0.055026	0.055026	0.055026	0.055026	0.055026	0.055026	0.055026	0.055026	0.055026	0.055026	0.055026	0.055026	0.055026	0.055026	0.055026	0.055026	0.055026	0.055026	0.055026	0.055026	0.055026	0.055026	0.055026	0.055026	0.055026	0.055026	0.055026	0.055026	0.055026	0.055026	0.055026	0.055026	0.055026	0.055026	0.055026	0.055026	0.055026	0.055026	0.055026	0.055026	0.055026	0.055026	0.055026	0.055026	0.055026	0.055026	0.055026	0.055026	0.055026	0.055026	0.055026	0.055026	0.055026	0.055026	0.055026	0.055026	0.055026	0.055026	0.055026	0.055026	0.055026	0.055026	0.055026	0.055026	0.055026	0.055026	0.055026	0.055026	0.055026	0.055026	0.055026	0.055026	0.055026	0.055026	0.055026	0.055026	0.055026	0.055026	0.055026	0.055026	0.055026	0.055026	0.055026	0.055026	0.055026	0.055026	0.055026	0.055026	0.055026	0.055026	0.055026	0.055026	0.055026	0.055026	0.055026	0.055026	0.055026	0.055026	0.055026	0.055026	0.055026	0.055026	0.055026	0.055026	0.055026	0.055026	0.055026	0.055026	0.055026	0.055026	0.055026	0.055026	0.055026	0.055026	0.055026	0.055026	0.055026	0.055026	0.055026	0.055026	0.055026	0.055026	0.055026	0.055026	0.055026	0.055026	0.055026	0.055026	0.055026	0.055026	0.055026	0.055026	0.055026	0.055026	0.055026	0.055026	0.055026	0.055026	0.055026	0.055026	0.055026	0.055026	0.055026	0.055026	0.055026	0.055026	0.055026	0.055026	0.055026	0.055026	0.055026	0.055026	0.055026	0.055026	0.055026	0.055026	0.055026	0.055026	0.055026	0.055026	0.055026	0.055026	0.055026	0.055026	0.055026	0.055026	0.055026	0.055026	0.055026	0.055026	0.055026	0.055026	0.055026	0.055026	0.055026	0.055026	0.055026	0.055026	0.055026	0.055026	0.055026	0.055026	0.055026	0.055026	0.055026	0.055026	0.055026	0.055026	0.055026	0.055026	0.055026	0.055026	0.055026	0.055026	0.055026	0.055026	0.055026	0.055026	0.055026	0.055026	0.055026	0.055026	0.055026	0.055026	0.055026	0.055026	0.055026	0.055026	0.055026	0.055026	0.055026	0.055026	0.055026	0.055026	0.055026	0.055026	0.055026	0.055026	0.055026	0.055026	0.055026	0.055026	0.055026	0.055026	0.055026	0.055026	0.055026	0.055026	0.055026	0.055026	0.055026	0.055026	0.055026	0.055026	0.055026	0.055026	0.055026	0.055026	0.055026	0.055026	0.055026	0.055026	0.055026	0.055026	0.055026	0.055026	0.055026	0.055026	0.055026	0.055026	0.055026	0.055026	0.055026	0.055026	0.055026	0.055026	0.055026	0.055026	0.055026	0.055026	0.055026	0.055026	0.055026	0.055026	0.055026	0.055026
Medical			0	0	0	0	0	0	0	0	0	0	0	0	0	0	0	0	0	0	0	0	0	0	0	0	0	0	0	0	0	0.000908	0.000908	0.000908	0.000908	0.000908	0.000908	0.000908	0.000908	0.000908	0.000908	0.000908	0.000908	0.000908	0.000908	0.000908	0.000908	0.000908	0.000908	0.000908	0.000908	0.000908	0.000908	0.000908	0.000908	0.000908	0.000908	0.000908	0.000908	0.000908	0.000908	0.000908	0.000908	0.000908	0.000908	0.000908	0.000908	0.000908	0.000908	0.000908	0.000908	0.000908	0.000908	0.020255	0.020255	0.020255	0.020255	0.022097	0.022097	0.022097	0.022097	0.022097	0.022097	0.022097	0.022097	0.022097	0.022097	0.022097	0.022097	0.022097	0.022097	0.022097	0.022097	0.022097	0.022097	0.022097	0.022097	0.022097	0.022097	0.022097	0.022097	0.022097	0.022097	0.022097	0.022097	0.022097	0.022097	0.022097	0.022097	0.022097	0.022097	0.022097	0.022097	0.022097	0.045543	0.045543	0.045543	0.045543	0.045543	0.045543	0.045543	0.045543	0.045543	0.045543	0.045543	0.045543	0.045543	0.046101	0.046101	0.046101	0.046101	0.046101	0.046101	0.046101	0.046101	0.046101	0.046101	0.046101	0.046101	0.046101	0.046101	0.046101	0.046101	0.046101	0.046101	0.046101	0.046101	0.046101	0.046101	0.047709	0.047709	0.047709	0.047709	0.047709	0.047709	0.047709	0.047709	0.047709	0.047709	0.047709	0.047709	0.047709	0.047709	0.047709	0.047709	0.047709	0.047709	0.047709	0.047709	0.047709	0.047709	0.047709	0.047709	0.047709	0.047709	0.047709	0.047709	0.047709	0.047709	0.047709	0.047709	0.047709	0.047709	0.047709	0.047709	0.047709	0.047709	0.047709	0.047709	0.047709	0.047709	0.047709	0.047709	0.047709	0.047709	0.047709	0.047709	0.047709	0.047709	0.047709	0.047709	0.047709	0.047709	0.047709	0.047709	0.047709	0.047709	0.047709	0.047709	0.047709	0.047709	0.047709	0.047709	0.047709	0.047709	0.047709	0.047709	0.047709	0.047709	0.047709	0.047709	0.047709	0.047709	0.047709	0.047709	0.047709	0.047709	0.047709	0.047726	0.047726	0.047726	0.047726	0.047726	0.047726	0.047726	0.047726	0.047726	0.047726	0.047726	0.047726	0.047726	0.047726	0.047726	0.047726	0.047726	0.047726	0.047726	0.047726	0.047726	0.047726	0.047726	0.047726	0.047726	0.047726	0.047726	0.047726	0.047726	0.047726	0.047726	0.047726	0.047726	0.047726	0.047726	0.047726	0.047726	0.047726	0.047726	0.047726	0.047726	0.047726	0.047726	0.047726	0.047726	0.047726	0.047726	0.047726	0.047726	0.047726	0.047726	0.047726	0.047726	0.047726	0.047726	0.047726	0.047726	0.047726	0.047726	0.047726	0.047726	0.047726	0.047726	0.047726	0.047726	0.047726	0.047726	0.047726	0.047726	0.047726	0.047726	0.047726	0.047726	0.047726	0.047726	0.047726	0.047726	0.047726	0.047726	0.047726	0.051187	0.051187	0.051187	0.051187	0.051187	0.051187	0.051187	0.051187	0.051187	0.051187	0.051187	0.051187	0.051187	0.051187	0.051187	0.051187	0.051187	0.051187	0.051187	0.051187	0.051187	0.051187	0.051187	0.051187	0.051187	0.051187	0.051187	0.051187	0.051187	0.051187	0.051187	0.051187	0.051187	0.051187	0.051187	0.051187	0.051187	0.051187	0.051187	0.051187	0.051187	0.051187	0.051187	0.051187	0.051187	0.051187	0.051187	0.051187	0.051187	0.051187	0.051187	0.051187	0.051187	0.051187	0.051187	0.051187	0.051187	0.051187	0.051187
Mapping Services			0	0	0	0	0	0	0	0	0	0	0	0	0	0	0	0	0	0	0	0	0	0	0	0	0	0	0	0	0	0	0	0	0	0	0	0	0	0	0	0	0	0	0	0	0	0	0	0	0	0	0	0	0	0	0	0	0	0	0	0	0	0	0	0.050241	0.050241	0.050241	0.050241	0.050241	0.050241	0.050241	0.050241	0.050241	0.050241	0.050241	0.050241	0.050241	0.050241	0.050241	0.050241	0.050241	0.050241	0.050241	0.050241	0.050241	0.050241	0.050241	0.050241	0.050241	0.050241	0.050241	0.050241	0.050241	0.050241	0.050241	0.050241	0.050241	0.050241	0.050241	0.050241	0.050241	0.050241	0.050241	0.050241	0.050241	0.050241	0.050241	0.050241	0.050241	0.050241	0.050241	0.050241	0.050241	0.050241	0.050241	0.050241	0.050241	0.050241	0.050241	0.050241	0.050241	0.050241	0.050241	0.050241	0.050241	0.050241	0.050241	0.050241	0.050241	0.050241	0.050241	0.050241	0.050241	0.050241	0.050241	0.050241	0.050241	0.050241	0.050241	0.050241	0.050241	0.050241	0.050241	0.050241	0.050241	0.050241	0.050241	0.050241	0.050241	0.050241	0.050241	0.050241	0.050241	0.050241	0.050241	0.050241	0.050241	0.050241	0.050241	0.050241	0.050241	0.050241	0.050241	0.050241	0.050241	0.050241	0.050241	0.050241	0.050241	0.050241	0.050241	0.050241	0.050241	0.050241	0.050241	0.050241	0.050241	0.050241	0.050241	0.050241	0.050241	0.050241	0.050241	0.050241	0.050241	0.050241	0.050241	0.050241	0.050241	0.050241	0.050241	0.050241	0.050241	0.050241	0.050241	0.050241	0.050241	0.050241	0.050241	0.050241	0.050241	0.050241	0.050241	0.050241	0.050241	0.050241	0.050241	0.050241	0.050241	0.050241	0.050241	0.050241	0.050241	0.050241	0.050241	0.050241	0.050241	0.050241	0.050241	0.050241	0.050241	0.050241	0.050241	0.050241	0.050241	0.050241	0.050241	0.050241	0.050241	0.050241	0.050241	0.050241	0.050241	0.050241	0.050241	0.050241	0.050241	0.050241	0.050241	0.050241	0.050241	0.050241	0.050241	0.050241	0.050241	0.050241	0.050241	0.050241	0.050241	0.050241	0.050241	0.050241	0.050241	0.050241	0.050241	0.050241	0.050241	0.050241	0.050241	0.050241	0.050241	0.050241	0.050241	0.050241	0.050241	0.050241	0.050241	0.050241	0.050241	0.050241	0.050241	0.050241	0.050241	0.050241	0.050241	0.050241	0.050241	0.050241	0.050241	0.050241	0.050241	0.050241	0.050241	0.050241	0.050241	0.050241	0.050241	0.050241	0.050241	0.050241	0.050241	0.050241	0.050241	0.050241	0.050241	0.050241	0.050241	0.050241	0.050241	0.050241	0.050241	0.050241	0.050241	0.050241	0.050241	0.050241	0.050241	0.050241	0.050241	0.050241	0.050241	0.050241	0.050241	0.050241	0.050241	0.050241	0.050241	0.050241	0.050241	0.050241	0.050241	0.050241	0.050241	0.050241	0.050241	0.050241	0.050241	0.050241	0.050241	0.050241	0.050241	0.050241	0.050241	0.050241	0.050241	0.050241	0.050241	0.050241	0.050241	0.050241	0.050241	0.050241	0.050241	0.050241	0.050241	0.050241	0.050241	0.050241	0.050241	0.050241	0.050241	0.050241	0.050241	0.050241	0.050241	0.050241	0.050241	0.050241	0.050241	0.050241	0.050241	0.050241	0.050241	0.050241	0.050241	0.050241
Wellness			0	0	0	0	0	0	0	0	0	0	0	0	0	0	0	0	0	0	0	0	0	0	0	0	0	0	0	0	0	0.000908	0.000908	0.000908	0.000908	0.000908	0.000908	0.000908	0.000908	0.000908	0.000908	0.000908	0.000908	0.000908	0.000908	0.000908	0.000908	0.000908	0.000908	0.000908	0.000908	0.000908	0.000908	0.000908	0.000908	0.000908	0.000908	0.000908	0.000908	0.000908	0.000908	0.000908	0.000908	0.000908	0.000908	0.000908	0.000908	0.000908	0.000908	0.000908	0.000908	0.000908	0.000908	0.020255	0.020255	0.020255	0.020255	0.020255	0.020255	0.020255	0.020255	0.020255	0.020255	0.020255	0.020255	0.020255	0.020255	0.020255	0.020255	0.020255	0.020255	0.020255	0.020255	0.020255	0.020255	0.020255	0.020255	0.020255	0.020255	0.020255	0.020255	0.020255	0.020255	0.020255	0.020255	0.020255	0.020255	0.020255	0.020255	0.020255	0.020255	0.020255	0.020255	0.020255	0.020255	0.020255	0.020255	0.020255	0.020255	0.020255	0.020255	0.020255	0.020255	0.020255	0.020255	0.020255	0.020255	0.020255	0.020255	0.020255	0.020255	0.020255	0.020255	0.020255	0.020255	0.020255	0.020255	0.020255	0.020255	0.020255	0.020255	0.020255	0.020255	0.020255	0.020255	0.020255	0.020255	0.020255	0.020255	0.020255	0.020255	0.020255	0.020255	0.020255	0.020255	0.020255	0.020255	0.020255	0.020255	0.020255	0.020255	0.020255	0.020255	0.020255	0.020255	0.020255	0.020255	0.020255	0.020255	0.020255	0.020255	0.020255	0.020255	0.020255	0.020255	0.020255	0.020255	0.020255	0.020255	0.020255	0.020255	0.020255	0.020255	0.020255	0.020255	0.020255	0.020255	0.020255	0.020255	0.020255	0.020255	0.020255	0.020255	0.020255	0.020255	0.020255	0.020255	0.020255	0.020255	0.020255	0.020255	0.020255	0.020255	0.020255	0.020255	0.020255	0.020255	0.020255	0.020255	0.020255	0.020255	0.020255	0.020255	0.020255	0.020255	0.020255	0.020255	0.020255	0.020255	0.020255	0.020255	0.020255	0.020255	0.020255	0.020255	0.020255	0.020255	0.020255	0.020255	0.020255	0.020255	0.020255	0.020255	0.049562	0.049562	0.049562	0.049562	0.049562	0.049562	0.049562	0.049562	0.049562	0.049562	0.049562	0.049562	0.049562	0.049562	0.049562	0.049562	0.049562	0.049562	0.049562	0.049562	0.049562	0.049562	0.049562	0.049562	0.049562	0.049562	0.049562	0.049562	0.049562	0.049562	0.049562	0.049562	0.049562	0.049562	0.049562	0.049562	0.049562	0.049562	0.049562	0.049562	0.049562	0.049562	0.049562	0.049562	0.049562	0.049562	0.049562	0.049562	0.049562	0.049562	0.049562	0.049562	0.049562	0.049562	0.049562	0.049562	0.049562	0.049562	0.049562	0.049562	0.049562	0.049562	0.049562	0.049562	0.049562	0.049562	0.049562	0.049562	0.049562	0.049562	0.049562	0.049562	0.049562	0.049562	0.049562	0.049562	0.049562	0.049562	0.049562	0.049562	0.049562	0.049562	0.049562	0.049562	0.049562	0.049562	0.049562	0.049562	0.049562	0.049562	0.049562	0.049562	0.049562	0.049562	0.049562	0.049562	0.049562	0.049562	0.049562	0.049562	0.049562	0.049562	0.049562	0.049562	0.049562	0.049562	0.049562	0.049562	0.049562	0.049562	0.049562	0.049562	0.049562	0.049562	0.049562	0.049562	0.049562	0.049562	0.049562	0.049562	0.049562	0.049562	0.049562	0.049562	0.049562	0.049562	0.049562	0.049562	0.049562	0.049562	0.049562	0.049562	0.049562	0.049562
Drone Management			0	0	0	0	0	0	0	0	0	0	0	0	0	0	0	0	0	0	0	0	0	0	0	0	0	0	0	0	0	0	0	0	0	0	0	0	0	0	0	0	0	0	0	0	0	0	0	0	0	0	0	0	0	0	0	0	0	0	0	0	0	0	0	0	0	0	0	0	0	0	0	0	0	0	0	0	0	0	0	0	0	0	0	0	0	0	0	0	0	0	0	0	0	0	0	0	0	0	0	0	0	0	0	0	0	0	0	0	0	0	0	0	0	0	0	0	0	0	0	0	0	0	0	0	0	0	0	0	0	0	0	0	0	0	0	0	0	0	0	0	0	0	0	0	0	0	0	0	0	0	0	0	0.020864	0.020864	0.020864	0.020864	0.020864	0.020864	0.020864	0.04565	0.04565	0.04565	0.04565	0.04565	0.04565	0.04565	0.04565	0.04565	0.04565	0.04565	0.04565	0.04565	0.04565	0.04565	0.04565	0.04565	0.048999	0.048999	0.048999	0.048999	0.048999	0.048999	0.048999	0.048999	0.048999	0.048999	0.048999	0.048999	0.048999	0.048999	0.048999	0.048999	0.048999	0.048999	0.048999	0.048999	0.048999	0.048999	0.048999	0.048999	0.048999	0.048999	0.048999	0.048999	0.048999	0.048999	0.048999	0.048999	0.048999	0.048999	0.048999	0.048999	0.048999	0.048999	0.048999	0.048999	0.048999	0.048999	0.048999	0.048999	0.048999	0.048999	0.048999	0.048999	0.048999	0.048999	0.048999	0.048999	0.048999	0.048999	0.048999	0.048999	0.048999	0.048999	0.048999	0.048999	0.048999	0.048999	0.048999	0.048999	0.048999	0.048999	0.048999	0.048999	0.048999	0.048999	0.048999	0.048999	0.048999	0.048999	0.048999	0.048999	0.048999	0.048999	0.048999	0.048999	0.048999	0.048999	0.048999	0.048999	0.048999	0.048999	0.048999	0.048999	0.048999	0.048999	0.048999	0.048999	0.048999	0.048999	0.048999	0.048999	0.048999	0.048999	0.048999	0.048999	0.048999	0.048999	0.048999	0.048999	0.048999	0.048999	0.048999	0.048999	0.048999	0.048999	0.048999	0.048999	0.048999	0.048999	0.048999	0.048999	0.048999	0.048999	0.048999	0.048999	0.048999	0.048999	0.048999	0.048999	0.048999	0.048999	0.048999	0.048999	0.048999	0.048999	0.048999	0.048999	0.048999	0.048999	0.048999	0.048999	0.048999	0.048999	0.048999	0.048999	0.048999	0.048999	0.048999	0.048999	0.048999	0.048999	0.048999	0.048999	0.048999	0.048999	0.048999	0.048999	0.048999	0.048999	0.048999	0.048999	0.048999	0.048999	0.048999	0.048999	0.048999	0.048999	0.048999	0.048999	0.048999	0.048999	0.048999	0.048999	0.048999	0.048999	0.048999	0.048999	0.048999	0.048999	0.048999	0.048999	0.048999	0.048999	0.048999	0.048999	0.048999	0.048999	0.048999	0.048999	0.048999	0.048999	0.048999	0.048999	0.048999
Business Intelligence			0	0	0	0	0	0	0	0	0	0	0	0	0	0	0	0	0	0	0	0	0	0.001914	0.001914	0.001914	0.001914	0.001914	0.001914	0.001914	0.001914	0.001914	0.001914	0.001914	0.001914	0.001914	0.001914	0.001914	0.001914	0.001914	0.001914	0.001914	0.001914	0.001914	0.001914	0.001914	0.001914	0.001914	0.001914	0.001914	0.001914	0.001914	0.001914	0.001914	0.001914	0.001914	0.001914	0.001914	0.001914	0.001914	0.001914	0.001914	0.001914	0.001914	0.001914	0.001914	0.001914	0.001914	0.001914	0.001914	0.001914	0.001914	0.001914	0.001914	0.001914	0.001914	0.001914	0.001914	0.001914	0.001914	0.001914	0.001914	0.001914	0.001914	0.001914	0.001914	0.001914	0.001914	0.001914	0.001914	0.001914	0.001914	0.001914	0.001914	0.001914	0.001914	0.001914	0.001914	0.001914	0.001914	0.011962	0.011962	0.011962	0.011962	0.011962	0.011962	0.011962	0.011962	0.011962	0.011962	0.011962	0.011962	0.011962	0.011962	0.011962	0.011962	0.011962	0.011962	0.011962	0.011962	0.011962	0.011962	0.011962	0.011962	0.011962	0.011962	0.011962	0.011962	0.011962	0.011962	0.011962	0.011962	0.011962	0.011962	0.011962	0.011962	0.011962	0.011962	0.011962	0.011962	0.011962	0.011962	0.011962	0.011962	0.011962	0.011962	0.011962	0.011962	0.011962	0.011962	0.011962	0.011962	0.011962	0.011962	0.011962	0.011962	0.011962	0.011962	0.011962	0.011962	0.011962	0.011962	0.011962	0.011962	0.013828	0.013828	0.013828	0.013828	0.013828	0.013828	0.013828	0.013828	0.013828	0.013828	0.013828	0.013828	0.013828	0.013828	0.013828	0.013828	0.013828	0.013828	0.013828	0.013828	0.013828	0.013828	0.013828	0.013828	0.013828	0.013828	0.013828	0.013828	0.013828	0.013828	0.013828	0.013828	0.013828	0.013828	0.013828	0.013828	0.013828	0.013828	0.013828	0.013828	0.013828	0.013828	0.013828	0.013828	0.013828	0.013828	0.013828	0.013828	0.013828	0.013828	0.013828	0.013828	0.013828	0.013828	0.013828	0.013828	0.013828	0.013828	0.013828	0.013828	0.013828	0.013828	0.013828	0.013828	0.013828	0.013828	0.013828	0.013828	0.013828	0.013828	0.013828	0.013828	0.013828	0.013828	0.013828	0.013828	0.013828	0.013828	0.013828	0.013828	0.013828	0.013828	0.013828	0.013828	0.013828	0.013828	0.013828	0.013828	0.013828	0.013828	0.013828	0.013828	0.013828	0.013828	0.013828	0.013828	0.013828	0.013828	0.013828	0.013828	0.013828	0.013828	0.013828	0.013828	0.013828	0.013828	0.013828	0.013828	0.013828	0.013828	0.013828	0.013828	0.013828	0.013828	0.013828	0.013828	0.013828	0.013828	0.013828	0.013828	0.013828	0.013828	0.013828	0.013828	0.013828	0.013828	0.013828	0.013828	0.013828	0.013828	0.013828	0.013828	0.013828	0.013828	0.013828	0.013828	0.013828	0.013828	0.013828	0.013828	0.013828	0.013828	0.013828	0.013828	0.013828	0.013828	0.013828	0.013828	0.013828	0.013828	0.013828	0.013828	0.013828	0.013828	0.013828	0.013828	0.013828	0.013828	0.013828	0.013828	0.013828	0.013828	0.013828	0.013828	0.013828	0.013828	0.013828	0.013828	0.013828	0.013828	0.013828	0.013828	0.013828	0.013828	0.013828	0.013828	0.013828	0.013828	0.013828	0.013828	0.047322	0.047322	0.047322	0.047322	0.047322	0.047322	0.047322	0.047322	0.047322	0.047322	0.047322	0.047322	0.047322	0.047322	0.047322	0.047322	0.047322	0.047322	0.047322	0.047322	0.047322	0.047322	0.047322
Non Profit			0	0	0	0	0	0	0	0	0	0	0	0	0	0	0	0	0	0	0	0	0	0	0	0	0	0	0	0	0	0	0	0	0	0	0	0	0	0	0	0	0	0	0	0	0	0	0	0	0	0	0	0	0	0	0	0	0	0	0	0	0	0	0	0	0.000028	0.000028	0.000028	0.000028	0.000028	0.000028	0.000028	0.000028	0.000028	0.000028	0.000028	0.000028	0.000028	0.000028	0.000028	0.000028	0.000028	0.000028	0.000028	0.000028	0.000028	0.000028	0.000028	0.000028	0.000028	0.000028	0.000028	0.000028	0.000028	0.000028	0.000028	0.000028	0.000028	0.000028	0.000028	0.000028	0.000028	0.000028	0.000028	0.000028	0.000028	0.000028	0.000028	0.000028	0.000028	0.000028	0.000028	0.000028	0.046082	0.046082	0.046082	0.046082	0.046082	0.046082	0.046082	0.046082	0.046082	0.046082	0.046082	0.046082	0.046082	0.046082	0.046082	0.046082	0.046082	0.046082	0.046082	0.046082	0.046082	0.046082	0.046082	0.046082	0.046082	0.046082	0.046082	0.046082	0.046082	0.046082	0.046082	0.046082	0.046082	0.046082	0.046082	0.046082	0.046082	0.046082	0.046082	0.046082	0.046082	0.046082	0.046082	0.046082	0.046082	0.046082	0.046082	0.046082	0.046082	0.046082	0.046082	0.046082	0.046082	0.046082	0.046082	0.046082	0.046082	0.046082	0.046082	0.046082	0.046082	0.046082	0.046082	0.046082	0.046082	0.046082	0.046082	0.046082	0.046082	0.046082	0.046082	0.046082	0.046082	0.046082	0.046082	0.046082	0.046082	0.046082	0.046082	0.046082	0.046082	0.046082	0.046082	0.046082	0.046082	0.046082	0.046082	0.046082	0.046082	0.046082	0.046082	0.046082	0.046082	0.046082	0.046082	0.046082	0.046082	0.046082	0.046082	0.046082	0.046082	0.046082	0.046082	0.046082	0.046082	0.046082	0.046082	0.046082	0.046082	0.046082	0.046082	0.046082	0.046082	0.046082	0.046082	0.046082	0.046082	0.046082	0.046082	0.046082	0.046082	0.046082	0.046082	0.046082	0.046082	0.046082	0.046082	0.046082	0.046082	0.046082	0.046082	0.046082	0.046082	0.046082	0.046082	0.046082	0.046082	0.046082	0.046082	0.046082	0.046082	0.046082	0.046082	0.046082	0.046082	0.046082	0.046082	0.046082	0.046082	0.046082	0.046082	0.046082	0.046082	0.046082	0.046082	0.046082	0.046082	0.046082	0.046082	0.046082	0.046082	0.046082	0.046082	0.046082	0.046082	0.046082	0.046082	0.046082	0.046082	0.046082	0.046082	0.046082	0.046082	0.046082	0.046082	0.046082	0.046082	0.046082	0.046082	0.046082	0.046082	0.046082	0.046082	0.046082	0.046082	0.046082	0.046082	0.046082	0.046082	0.046082	0.046082	0.046082	0.046082	0.046082	0.046082	0.046082	0.046082	0.046082	0.046082	0.046082	0.046082	0.046082	0.046082	0.046082	0.046082	0.046082	0.046082	0.046082	0.046082	0.046082	0.046082	0.046082	0.046082	0.046082	0.046082	0.046082	0.046082	0.046082	0.046082	0.046082	0.046082	0.046082	0.046082	0.046082	0.046082	0.046082	0.046082	0.046082	0.046082	0.046082	0.046082	0.046082	0.046082	0.046082	0.046082	0.046082	0.046082	0.046082	0.046082	0.046082	0.046082	0.046082	0.046082	0.046082	0.046082	0.046082	0.046082	0.046082	0.046082	0.046082	0.046082	0.046082	0.046082
Internet of Things			0	0	0	0	0	0	0	0.014737	0.014737	0.014737	0.014737	0.014737	0.014737	0.014737	0.014737	0.014737	0.014737	0.014737	0.014737	0.014737	0.014737	0.014737	0.014737	0.014737	0.014737	0.014737	0.014737	0.014737	0.014737	0.014737	0.014737	0.014737	0.014737	0.014737	0.014737	0.014737	0.014737	0.014737	0.014737	0.014737	0.014737	0.014737	0.014737	0.014737	0.014737	0.014737	0.014737	0.014737	0.014737	0.014737	0.014737	0.014737	0.014737	0.014737	0.014737	0.014737	0.014737	0.014737	0.014737	0.014737	0.014737	0.014737	0.014737	0.014737	0.014737	0.014737	0.014737	0.014737	0.014737	0.014737	0.014737	0.014737	0.014737	0.014737	0.014737	0.014737	0.014737	0.014737	0.014737	0.014737	0.014737	0.014737	0.014737	0.014737	0.014737	0.014737	0.014737	0.014737	0.014737	0.014737	0.015264	0.015264	0.015264	0.015264	0.015264	0.015264	0.015264	0.015264	0.015264	0.015264	0.015264	0.015264	0.015264	0.015264	0.015264	0.015264	0.015264	0.015264	0.015264	0.015264	0.015264	0.015264	0.015264	0.015264	0.015264	0.015264	0.015264	0.015264	0.015264	0.015264	0.015264	0.015264	0.015264	0.015264	0.015264	0.015264	0.015264	0.015264	0.015264	0.015264	0.015264	0.015264	0.015264	0.015264	0.015264	0.015264	0.015264	0.015264	0.015264	0.015264	0.015264	0.015264	0.015264	0.015264	0.015264	0.015264	0.015264	0.015264	0.015264	0.015264	0.015264	0.015264	0.015264	0.015264	0.015264	0.015264	0.015264	0.015264	0.015264	0.015264	0.015264	0.015264	0.015264	0.015264	0.015264	0.015264	0.015264	0.015264	0.015264	0.015264	0.015264	0.015264	0.015264	0.015264	0.015264	0.015264	0.015264	0.015264	0.015264	0.015264	0.015264	0.015264	0.015264	0.015264	0.015264	0.015264	0.015264	0.015264	0.015264	0.015264	0.015264	0.015264	0.015264	0.015264	0.015264	0.015264	0.015264	0.015264	0.015264	0.015264	0.015264	0.015264	0.015264	0.015264	0.015264	0.015264	0.015264	0.015264	0.015264	0.015264	0.015264	0.015264	0.015264	0.015264	0.015264	0.015264	0.015264	0.015264	0.015264	0.015264	0.015264	0.015264	0.015264	0.015264	0.015264	0.015264	0.015264	0.015264	0.015264	0.015264	0.015264	0.015264	0.015264	0.015264	0.015264	0.015264	0.015264	0.015264	0.015264	0.015264	0.015264	0.015264	0.015264	0.015264	0.015264	0.015264	0.015264	0.015264	0.015264	0.015264	0.015264	0.015264	0.015264	0.015264	0.015264	0.015264	0.015264	0.015264	0.015264	0.015264	0.015264	0.015264	0.015264	0.015264	0.015264	0.015264	0.015264	0.015264	0.015264	0.015264	0.015264	0.015264	0.015264	0.015264	0.015264	0.015264	0.015264	0.015264	0.015264	0.015264	0.015264	0.015264	0.015264	0.015264	0.015264	0.015264	0.015264	0.015264	0.015264	0.015264	0.015264	0.015264	0.015264	0.015264	0.015264	0.015264	0.015264	0.015264	0.015264	0.015264	0.015264	0.015264	0.015264	0.015264	0.015264	0.015264	0.015264	0.015264	0.015264	0.015264	0.015264	0.015264	0.015264	0.015264	0.015264	0.015264	0.015264	0.015264	0.015264	0.015264	0.045967	0.045967	0.045967	0.045967	0.045967	0.045967	0.045967	0.045967	0.045967	0.045967	0.045967	0.045967	0.045967	0.045967	0.045967	0.045967	0.045967	0.045967	0.045967	0.045967	0.045967	0.045967	0.045967	0.045967	0.045967	0.045967	0.045967	0.045967	0.045967	0.045967	0.045967	0.045967	0.045967	0.045967	0.045967	0.045967	0.045967	0.045967	0.045967	0.045967	0.045967	0.045967	0.045967	0.045967	0.045967
Hospitality			0	0	0	0	0	0	0	0	0	0	0	0	0	0	0	0	0	0	0	0	0	0	0	0	0	0	0	0	0	0	0	0	0	0	0	0	0	0	0	0	0	0	0	0	0	0	0	0	0	0	0	0	0	0	0	0	0	0	0	0	0	0	0	0	0	0	0	0	0	0	0	0	0	0	0	0	0	0	0	0	0	0	0	0	0	0	0	0	0	0	0.000526	0.000526	0.000526	0.000526	0.000526	0.000526	0.000526	0.000526	0.000526	0.000526	0.000526	0.000526	0.000526	0.000526	0.000526	0.000526	0.000526	0.000526	0.000526	0.000526	0.000526	0.000526	0.000526	0.000526	0.000526	0.000526	0.000526	0.000526	0.000526	0.000526	0.000526	0.000526	0.000526	0.000526	0.000526	0.000526	0.000526	0.000526	0.000526	0.000526	0.000526	0.000526	0.000526	0.000526	0.000526	0.000526	0.000526	0.000526	0.000526	0.000526	0.000526	0.000526	0.000526	0.000526	0.000526	0.000526	0.000526	0.000526	0.000526	0.000526	0.000526	0.000526	0.000526	0.000526	0.000526	0.000526	0.000526	0.000526	0.000526	0.000526	0.000526	0.000526	0.045185	0.045185	0.045185	0.045185	0.045185	0.045185	0.045185	0.045185	0.045185	0.045185	0.045185	0.045185	0.045185	0.045185	0.045185	0.045185	0.045185	0.045185	0.045185	0.045185	0.045185	0.045185	0.045185	0.045185	0.045185	0.045185	0.045185	0.045185	0.045185	0.045185	0.045185	0.045185	0.045185	0.045185	0.045185	0.045185	0.045185	0.045185	0.045185	0.045185	0.045185	0.045185	0.045185	0.045185	0.045185	0.045185	0.045185	0.045185	0.045185	0.045185	0.045185	0.045185	0.045185	0.045185	0.045185	0.045185	0.045185	0.045185	0.045185	0.045185	0.045185	0.045185	0.045185	0.045185	0.045185	0.045185	0.045185	0.045185	0.045185	0.045185	0.045185	0.045185	0.045185	0.045185	0.045185	0.045185	0.045185	0.045185	0.045185	0.045185	0.045185	0.045185	0.045185	0.045185	0.045185	0.045185	0.045185	0.045185	0.045185	0.045185	0.045185	0.045185	0.045185	0.045185	0.045185	0.045185	0.045185	0.045185	0.045185	0.045185	0.045185	0.045185	0.045185	0.045185	0.045185	0.045185	0.045185	0.045185	0.045185	0.045185	0.045185	0.045185	0.045185	0.045185	0.045185	0.045185	0.045185	0.045185	0.045185	0.045185	0.045185	0.045185	0.045185	0.045185	0.045185	0.045185	0.045185	0.045185	0.045185	0.045185	0.045185	0.045185	0.045185	0.045185	0.045185	0.045185	0.045185	0.045185	0.045185	0.045185	0.045185	0.045185	0.045185	0.045185	0.045185	0.045185	0.045185	0.045185	0.045185	0.045185	0.045185	0.045185	0.045185	0.045185	0.045185	0.045185	0.045185	0.045185	0.045185	0.045185	0.045185	0.045185	0.045185	0.045185	0.045185	0.045185	0.045185	0.045185	0.045185	0.045185	0.045185	0.045185	0.045185	0.045185	0.045185	0.045185	0.045185	0.045185	0.045185	0.045185	0.045185	0.045185	0.045185	0.045185	0.045185	0.045185	0.045185	0.045185	0.045185	0.045185	0.045185	0.045185	0.045185	0.045185	0.045185	0.045185	0.045185	0.045185	0.045185	0.045185	0.045185	0.045185	0.045185
Hotel			0	0	0	0	0	0	0	0	0	0	0	0	0	0	0	0	0	0	0	0	0	0	0	0	0	0	0	0	0	0	0	0	0	0	0	0	0	0	0	0	0	0	0	0	0	0	0	0	0	0	0	0	0	0	0	0	0	0	0	0	0	0	0	0	0	0	0	0	0	0	0	0	0	0	0	0	0	0	0	0	0	0	0	0	0	0	0	0	0	0	0	0	0	0	0	0	0	0	0	0	0	0	0	0	0	0	0	0	0	0	0	0	0	0	0	0	0	0	0	0	0	0	0	0	0	0	0	0	0	0	0	0	0	0	0	0	0	0	0	0	0	0	0	0	0	0	0	0	0	0	0	0	0	0	0	0	0	0	0	0	0	0	0.044659	0.044659	0.044659	0.044659	0.044659	0.044659	0.044659	0.044659	0.044659	0.044659	0.044659	0.044659	0.044659	0.044659	0.044659	0.044659	0.044659	0.044659	0.044659	0.044659	0.044659	0.044659	0.044659	0.044659	0.044659	0.044659	0.044659	0.044659	0.044659	0.044659	0.044659	0.044659	0.044659	0.044659	0.044659	0.044659	0.044659	0.044659	0.044659	0.044659	0.044659	0.044659	0.044659	0.044659	0.044659	0.044659	0.044659	0.044659	0.044659	0.044659	0.044659	0.044659	0.044659	0.044659	0.044659	0.044659	0.044659	0.044659	0.044659	0.044659	0.044659	0.044659	0.044659	0.044659	0.044659	0.044659	0.044659	0.044659	0.044659	0.044659	0.044659	0.044659	0.044659	0.044659	0.044659	0.044659	0.044659	0.044659	0.044659	0.044659	0.044659	0.044659	0.044659	0.044659	0.044659	0.044659	0.044659	0.044659	0.044659	0.044659	0.044659	0.044659	0.044659	0.044659	0.044659	0.044659	0.044659	0.044659	0.044659	0.044659	0.044659	0.044659	0.044659	0.044659	0.044659	0.044659	0.044659	0.044659	0.044659	0.044659	0.044659	0.044659	0.044659	0.044659	0.044659	0.044659	0.044659	0.044659	0.044659	0.044659	0.044659	0.044659	0.044659	0.044659	0.044659	0.044659	0.044659	0.044659	0.044659	0.044659	0.044659	0.044659	0.044659	0.044659	0.044659	0.044659	0.044659	0.044659	0.044659	0.044659	0.044659	0.044659	0.044659	0.044659	0.044659	0.044659	0.044659	0.044659	0.044659	0.044659	0.044659	0.044659	0.044659	0.044659	0.044659	0.044659	0.044659	0.044659	0.044659	0.044659	0.044659	0.044659	0.044659	0.044659	0.044659	0.044659	0.044659	0.044659	0.044659	0.044659	0.044659	0.044659	0.044659	0.044659	0.044659	0.044659	0.044659	0.044659	0.044659	0.044659	0.044659	0.044659	0.044659	0.044659	0.044659	0.044659	0.044659	0.044659	0.044659	0.044659	0.044659	0.044659	0.044659	0.044659	0.044659	0.044659	0.044659	0.044659	0.044659	0.044659	0.044659	0.044659	0.044659
Messaging			0	0	0	0	0	0	0	0	0	0	0	0	0	0	0	0	0	0	0	0	0	0	0	0	0	0	0	0	0	0	0	0	0	0	0	0	0	0	0	0	0	0	0	0	0	0	0	0	0	0	0	0	0	0	0	0	0	0	0	0	0	0	0	0	0	0	0	0	0	0	0	0	0	0	0	0	0	0	0	0	0	0	0	0	0	0	0	0	0	0	0	0	0	0	0	0	0	0	0	0	0	0	0	0	0	0	0	0	0	0	0	0	0	0	0	0	0	0	0	0	0	0	0	0	0	0	0	0	0	0	0	0	0	0	0	0	0	0	0	0	0	0	0	0	0	0	0	0	0	0	0	0	0	0	0	0	0	0	0	0	0	0	0	0	0	0	0	0	0	0	0	0	0	0	0	0	0	0	0	0	0	0	0	0	0	0	0	0	0	0	0	0	0	0	0	0	0	0	0	0	0	0	0	0	0	0	0	0	0	0	0	0	0	0	0	0	0	0	0	0	0	0	0	0	0	0	0	0	0	0	0	0	0	0	0	0	0	0	0	0	0	0	0	0	0	0	0	0	0	0	0	0	0	0	0	0	0	0	0.000021	0.000021	0.000021	0.000021	0.000021	0.000021	0.000021	0.043982	0.043982	0.043982	0.043982	0.043982	0.043982	0.043982	0.043982	0.043982	0.043982	0.043982	0.043982	0.043982	0.043982	0.043982	0.043982	0.043982	0.043982	0.043982	0.043982	0.043982	0.043982	0.043982	0.043982	0.043982	0.043982	0.043982	0.043982	0.043982	0.043982	0.043982	0.043982	0.043982	0.043982	0.043982	0.043982	0.043982	0.043982	0.043982	0.043982	0.043982	0.043982	0.043982	0.043982	0.043982	0.043982	0.043982	0.043982	0.043982	0.043982	0.043982	0.043982	0.043982	0.043982	0.043982	0.043982	0.043982	0.043982	0.043982	0.043982	0.043982	0.043982	0.043982	0.043982	0.043982	0.043982	0.043982	0.043982	0.043982	0.043982	0.043982	0.043982	0.043982	0.043982	0.043982	0.043982	0.043982	0.043982	0.043982	0.043982	0.043982	0.043982	0.043982	0.043982	0.043982	0.043982	0.043982	0.043982	0.043982	0.043982	0.043982	0.043982	0.043982	0.043982	0.043982	0.043982	0.043982	0.043982	0.043982	0.043982
Telehealth			0	0	0	0	0	0	0	0	0	0	0	0	0	0	0	0	0	0	0	0	0	0	0	0	0	0	0	0	0	0	0	0	0	0	0	0	0	0	0	0	0	0	0	0	0	0	0	0	0	0	0	0	0	0	0	0	0	0	0	0	0	0	0	0	0	0	0	0	0	0	0	0.019347	0.019347	0.019347	0.019347	0.019347	0.019347	0.019347	0.019347	0.019347	0.019347	0.019347	0.019347	0.019347	0.019347	0.019347	0.019347	0.019347	0.019347	0.019347	0.019347	0.019347	0.019347	0.019347	0.019347	0.019347	0.019347	0.019347	0.019347	0.019347	0.019347	0.019347	0.019347	0.019347	0.019347	0.019347	0.019347	0.019347	0.019347	0.019347	0.019347	0.019347	0.042793	0.042793	0.042793	0.042793	0.042793	0.042793	0.042793	0.042793	0.042793	0.042793	0.042793	0.042793	0.042793	0.042793	0.042793	0.042793	0.042793	0.042793	0.042793	0.042793	0.042793	0.042793	0.042793	0.042793	0.042793	0.042793	0.042793	0.042793	0.042793	0.042793	0.042793	0.042793	0.042793	0.042793	0.042793	0.042793	0.042793	0.042793	0.042793	0.042793	0.042793	0.042793	0.042793	0.042793	0.042793	0.042793	0.042793	0.042793	0.042793	0.042793	0.042793	0.042793	0.042793	0.042793	0.042793	0.042793	0.042793	0.042793	0.042793	0.042793	0.042793	0.042793	0.042793	0.042793	0.042793	0.042793	0.042793	0.042793	0.042793	0.042793	0.042793	0.042793	0.042793	0.042793	0.042793	0.042793	0.042793	0.042793	0.042793	0.042793	0.042793	0.042793	0.042793	0.042793	0.042793	0.042793	0.042793	0.042793	0.042793	0.042793	0.042793	0.042793	0.042793	0.042793	0.042793	0.042793	0.042793	0.042793	0.042793	0.042793	0.042793	0.042793	0.042793	0.042793	0.042793	0.042793	0.042793	0.042793	0.042793	0.042793	0.042793	0.042793	0.042793	0.042793	0.042793	0.042793	0.042793	0.042793	0.042793	0.042793	0.042793	0.042793	0.042793	0.042793	0.042793	0.042793	0.042793	0.042793	0.042793	0.042793	0.042793	0.042793	0.042793	0.042793	0.042793	0.042793	0.042793	0.042793	0.042793	0.042793	0.042793	0.042793	0.042793	0.042793	0.042793	0.042793	0.042793	0.042793	0.042793	0.042793	0.042793	0.042793	0.042793	0.042793	0.042793	0.042793	0.042793	0.042793	0.042793	0.042793	0.042793	0.042793	0.042793	0.042793	0.042793	0.042793	0.042793	0.042793	0.042793	0.042793	0.042793	0.042793	0.042793	0.042793	0.042793	0.042793	0.042793	0.042793	0.042793	0.042793	0.042793	0.042793	0.042793	0.042793	0.042793	0.042793	0.042793	0.042793	0.042793	0.042793	0.042793	0.042793	0.042793	0.042793	0.042793	0.042793	0.042793	0.042793	0.042793	0.042793	0.042793	0.042793	0.042793	0.042793	0.042793	0.042793	0.042793	0.042793	0.042793	0.042793	0.042793	0.042793	0.042793	0.042793	0.042793	0.042793	0.042793	0.042793	0.042793	0.042793	0.042793	0.042793	0.042793	0.042793	0.042793	0.042793	0.042793	0.042793	0.042793	0.042793	0.042793	0.042793	0.042793	0.042793	0.042793	0.042793	0.042793	0.042793	0.042793	0.042793	0.042793	0.042793	0.042793	0.042793	0.042793	0.042793	0.042793	0.042793	0.042793	0.042793	0.042793	0.042793	0.042793
Medical Device			0	0	0	0	0	0	0	0	0	0	0	0	0	0	0	0	0	0	0	0	0.003349	0.003349	0.003349	0.003349	0.003349	0.003349	0.003349	0.003349	0.003349	0.004258	0.004258	0.004258	0.004258	0.004258	0.004258	0.004258	0.004258	0.004258	0.004258	0.004258	0.004258	0.004258	0.004258	0.004258	0.004258	0.004258	0.004258	0.004258	0.013526	0.013526	0.013526	0.013526	0.013526	0.013526	0.013526	0.013526	0.013526	0.013526	0.013526	0.013526	0.013526	0.013526	0.013526	0.013526	0.013526	0.013526	0.013526	0.013526	0.013526	0.013526	0.013526	0.013526	0.013526	0.013526	0.013526	0.013526	0.013526	0.013526	0.013526	0.013526	0.013526	0.013526	0.013526	0.013526	0.015578	0.015578	0.015578	0.015578	0.015578	0.015578	0.015578	0.015578	0.015578	0.015578	0.015578	0.015578	0.015578	0.015578	0.015578	0.015578	0.015578	0.015578	0.015578	0.015578	0.015578	0.015578	0.015578	0.015578	0.015578	0.015578	0.015578	0.015578	0.015578	0.015578	0.015578	0.015578	0.015578	0.015578	0.015578	0.015578	0.015578	0.015578	0.015578	0.015578	0.015578	0.015578	0.015578	0.015578	0.015578	0.015578	0.015578	0.015578	0.015578	0.015578	0.015578	0.015578	0.015578	0.015578	0.015578	0.015578	0.015578	0.015578	0.015578	0.015578	0.015578	0.015578	0.015578	0.015578	0.015578	0.015578	0.015578	0.015578	0.015578	0.015578	0.015578	0.015578	0.015578	0.015578	0.015578	0.015578	0.015578	0.015578	0.015578	0.015578	0.015578	0.015578	0.015578	0.015578	0.015578	0.015578	0.015578	0.015578	0.015578	0.015578	0.015578	0.015578	0.015578	0.015578	0.015578	0.015578	0.015578	0.015578	0.015578	0.015578	0.015578	0.015578	0.015578	0.015578	0.015578	0.015578	0.015578	0.015578	0.015578	0.015578	0.015578	0.015578	0.015578	0.015578	0.015578	0.015578	0.015578	0.015578	0.015578	0.015578	0.015578	0.015578	0.015578	0.015578	0.015578	0.015578	0.015578	0.015578	0.015578	0.015578	0.015578	0.015578	0.015578	0.015578	0.015578	0.015578	0.015578	0.015578	0.015578	0.015578	0.015578	0.015578	0.015578	0.015578	0.015578	0.015578	0.015578	0.015578	0.015578	0.015578	0.015578	0.015578	0.015578	0.015578	0.015578	0.015578	0.015578	0.015578	0.015578	0.015578	0.015578	0.015578	0.015578	0.015578	0.015578	0.015578	0.015578	0.015578	0.015578	0.015578	0.015578	0.015578	0.015578	0.015578	0.015578	0.015578	0.015578	0.015578	0.015578	0.015578	0.015578	0.015578	0.015578	0.015578	0.015578	0.015578	0.015578	0.015578	0.015578	0.015578	0.015578	0.015578	0.015578	0.015578	0.015578	0.015578	0.015578	0.015578	0.015578	0.015578	0.015578	0.015578	0.015578	0.015578	0.015578	0.015578	0.015578	0.015578	0.015578	0.015578	0.015578	0.015578	0.015578	0.015578	0.015578	0.015578	0.015578	0.015578	0.015578	0.015578	0.015578	0.015578	0.015578	0.015578	0.015578	0.015578	0.015578	0.015578	0.015578	0.015578	0.015578	0.015578	0.015578	0.015578	0.015578	0.015578	0.015578	0.015578	0.015578	0.015578	0.015578	0.015578	0.015578	0.015578	0.018369	0.018369	0.018369	0.018369	0.018369	0.018369	0.018369	0.018369	0.018369	0.018369	0.018369	0.018369	0.018369	0.018369	0.018369	0.042652	0.042652	0.042652	0.042652	0.042652	0.042652	0.042652	0.042652	0.042652	0.042652	0.042652	0.042652	0.042652	0.042652	0.042652	0.042652	0.042652	0.042652	0.042652	0.042652	0.042652	0.042652
Consulting			0	0	0	0	0	0	0	0	0	0	0	0	0	0	0	0	0	0	0	0	0	0	0	0	0	0	0	0	0	0	0	0	0	0	0	0	0	0	0	0	0	0	0	0	0	0	0	0	0	0	0	0	0	0	0	0	0	0	0	0	0	0	0	0	0	0	0	0	0	0	0	0	0	0	0	0	0	0	0	0	0	0	0	0	0	0	0	0	0	0	0	0	0	0	0	0	0	0	0	0	0	0	0	0	0	0	0	0	0	0	0	0	0	0	0	0	0	0	0	0	0	0	0	0	0	0	0	0	0	0	0	0	0	0	0	0	0	0	0	0.024562	0.024562	0.024562	0.024562	0.024562	0.024562	0.024562	0.024562	0.024562	0.024562	0.024562	0.024562	0.024562	0.024562	0.024562	0.024562	0.024562	0.024562	0.024562	0.024562	0.024562	0.024562	0.024562	0.024562	0.024562	0.024562	0.024562	0.024562	0.024562	0.024562	0.024562	0.024562	0.024562	0.024562	0.024562	0.024562	0.024562	0.024562	0.024562	0.024562	0.024562	0.024562	0.024562	0.024562	0.024562	0.024562	0.024562	0.024562	0.024562	0.024562	0.024562	0.024562	0.024562	0.024562	0.024562	0.024562	0.024562	0.024562	0.024562	0.024562	0.024562	0.024562	0.024562	0.024562	0.024562	0.024562	0.024562	0.024562	0.024562	0.024562	0.024562	0.024562	0.024562	0.024562	0.024562	0.024562	0.024562	0.024562	0.024562	0.024562	0.024562	0.024562	0.024562	0.024562	0.024562	0.024562	0.024562	0.024562	0.024562	0.024562	0.024562	0.024562	0.024562	0.024562	0.024562	0.024562	0.024562	0.024562	0.024562	0.024562	0.024562	0.024562	0.024562	0.024562	0.024562	0.024562	0.024562	0.024562	0.024562	0.024562	0.024562	0.024562	0.024562	0.024562	0.024562	0.024562	0.024562	0.024562	0.024562	0.024562	0.024562	0.024562	0.024562	0.024562	0.024562	0.024562	0.024562	0.024562	0.024562	0.024562	0.024562	0.024562	0.024562	0.024562	0.024562	0.024562	0.024562	0.024562	0.024562	0.024562	0.024562	0.024562	0.024562	0.024562	0.024562	0.024562	0.024562	0.024562	0.024562	0.024562	0.024562	0.024562	0.024562	0.024562	0.024562	0.024562	0.024562	0.024562	0.024562	0.024562	0.024562	0.024562	0.024562	0.024562	0.024562	0.024562	0.024562	0.024562	0.024562	0.024562	0.024562	0.024562	0.024562	0.024562	0.024562	0.024562	0.024562	0.024562	0.024562	0.024562	0.024562	0.024562	0.024562	0.024562	0.041309	0.041309	0.041309	0.041309	0.041309	0.041309	0.041309	0.041309	0.041309	0.041309	0.041309	0.041309	0.041309	0.041309	0.041309	0.041309	0.041309	0.041309	0.041309	0.041309	0.041309	0.041309	0.041309	0.041309	0.041309	0.041309	0.041309	0.041309	0.041309	0.041309	0.041309	0.041309	0.041309	0.041309	0.041309	0.041309	0.041309	0.041309	0.041309	0.041309	0.041309	0.041309
Billing			0	0	0	0	0	0	0	0	0	0	0	0	0	0	0	0	0	0	0	0	0	0	0	0	0	0	0	0	0	0	0	0	0	0	0	0	0	0	0	0	0	0	0.036485	0.036485	0.036485	0.036485	0.036485	0.036485	0.036485	0.036485	0.036485	0.036485	0.036485	0.036485	0.036485	0.036485	0.036485	0.036485	0.036485	0.036485	0.036485	0.036485	0.036485	0.036485	0.036485	0.036485	0.036485	0.036485	0.036485	0.036485	0.036485	0.036485	0.036485	0.036485	0.036485	0.036485	0.036485	0.036485	0.036485	0.036485	0.036485	0.036485	0.036485	0.036485	0.036485	0.036485	0.036485	0.036485	0.036485	0.036485	0.036485	0.036485	0.036485	0.036485	0.036485	0.036485	0.036485	0.036485	0.036485	0.036485	0.036485	0.036485	0.036485	0.036485	0.036485	0.036485	0.036485	0.036485	0.036485	0.036485	0.036485	0.036485	0.036485	0.036485	0.036485	0.036485	0.036485	0.036485	0.036485	0.036485	0.036485	0.036485	0.036485	0.036485	0.036485	0.036485	0.036485	0.036485	0.036485	0.036485	0.036485	0.036485	0.036485	0.036485	0.036485	0.036485	0.036485	0.036485	0.036485	0.036485	0.036485	0.036485	0.036485	0.036485	0.036485	0.036485	0.036485	0.036485	0.036485	0.036485	0.036485	0.036485	0.036485	0.036485	0.036485	0.036485	0.036485	0.036485	0.036485	0.036485	0.036485	0.036485	0.036485	0.036485	0.036485	0.036485	0.036485	0.036485	0.036485	0.036485	0.036485	0.036485	0.036485	0.036485	0.036485	0.036485	0.036485	0.036485	0.036485	0.036485	0.036485	0.036485	0.036485	0.036485	0.036485	0.036485	0.036485	0.036485	0.036485	0.036485	0.036485	0.036485	0.036485	0.036485	0.036485	0.036485	0.036485	0.036485	0.036485	0.036485	0.036485	0.036485	0.036485	0.036485	0.036485	0.036485	0.036485	0.036485	0.036485	0.036485	0.036485	0.036485	0.036485	0.036485	0.036485	0.036485	0.036485	0.036485	0.036485	0.036485	0.036485	0.036485	0.036485	0.036485	0.036485	0.036485	0.036485	0.036485	0.036485	0.036485	0.036485	0.036485	0.036485	0.036485	0.036485	0.036485	0.036485	0.036485	0.036485	0.036485	0.036485	0.036485	0.036485	0.036485	0.036485	0.036485	0.036485	0.036485	0.036485	0.036485	0.036485	0.036485	0.036485	0.036485	0.036485	0.036485	0.036485	0.036485	0.036485	0.036485	0.036485	0.036485	0.036485	0.036485	0.036485	0.036485	0.036485	0.039834	0.039834	0.039834	0.039834	0.039834	0.039834	0.039834	0.039834	0.039834	0.039834	0.039834	0.039834	0.039834	0.039834	0.039834	0.039834	0.039834	0.039834	0.039834	0.039834	0.039834	0.039834	0.039834	0.039834	0.039834	0.039834	0.039834	0.039834	0.039834	0.039834	0.039834	0.039834	0.039834	0.039834	0.039834	0.039834	0.039834	0.039834	0.039834	0.039834	0.039834	0.039834	0.039834	0.039834	0.039834	0.039834	0.039834	0.039834	0.039834	0.039834	0.039834	0.039834	0.039834	0.039834	0.039834	0.039834	0.039834	0.039834	0.039834	0.039834	0.039834	0.039834	0.039834	0.039834	0.039834	0.039834	0.039834	0.039834	0.039834	0.039834	0.039834	0.039834	0.039834	0.039834	0.039834	0.039834	0.039834	0.039834	0.039834	0.039834	0.039834	0.039834	0.039834	0.039834	0.039834	0.039834	0.039834	0.039834	0.039834	0.039834	0.039834	0.039834	0.039834	0.039834	0.039834	0.039834	0.039834	0.039834
Test and Measurement			0	0	0	0	0	0	0	0	0	0	0	0	0	0	0	0	0	0	0	0	0	0	0	0	0	0	0	0	0	0	0	0	0	0	0	0	0	0	0	0	0	0	0	0	0	0	0	0	0	0	0	0	0	0	0	0	0	0	0	0	0	0	0	0	0	0	0	0	0	0	0	0	0	0	0	0	0	0	0	0	0	0	0	0	0	0	0	0	0	0	0	0	0	0	0	0	0	0	0	0	0	0	0	0	0	0	0	0	0	0	0	0	0	0	0	0	0	0	0	0	0	0	0	0	0	0	0	0	0	0	0	0	0	0	0	0	0	0	0	0	0	0	0	0	0	0	0	0	0	0	0	0	0.020864	0.020864	0.020864	0.020864	0.020864	0.020864	0.020864	0.020864	0.020864	0.020864	0.020864	0.020864	0.020864	0.020864	0.020864	0.020864	0.020864	0.020864	0.020864	0.020864	0.020864	0.020864	0.020864	0.020864	0.020864	0.020864	0.020864	0.020864	0.020864	0.036018	0.036018	0.036018	0.036018	0.036018	0.036018	0.036018	0.036018	0.036018	0.036018	0.036018	0.036018	0.036018	0.036018	0.036018	0.036018	0.036018	0.036018	0.036018	0.036018	0.036018	0.036018	0.036018	0.036018	0.036018	0.036018	0.036018	0.036018	0.036018	0.036018	0.036018	0.036018	0.036018	0.036018	0.036018	0.036018	0.036018	0.036018	0.036018	0.036018	0.036018	0.036018	0.036018	0.036018	0.036018	0.036018	0.036018	0.036018	0.036018	0.036018	0.036018	0.036018	0.036018	0.036018	0.036018	0.036018	0.036018	0.036018	0.036018	0.036018	0.036018	0.036018	0.036018	0.036018	0.036018	0.036018	0.036018	0.036018	0.036018	0.036018	0.036018	0.036018	0.036018	0.036018	0.036018	0.036018	0.036018	0.036018	0.036018	0.036018	0.036018	0.036018	0.036018	0.036018	0.036018	0.036018	0.036018	0.036018	0.036018	0.036018	0.036018	0.036018	0.036018	0.036018	0.036018	0.036018	0.036018	0.036018	0.036018	0.036018	0.036018	0.036018	0.036018	0.036018	0.036018	0.036018	0.036018	0.036018	0.036018	0.036018	0.036018	0.036018	0.036018	0.036018	0.036018	0.036018	0.036018	0.036018	0.036018	0.036018	0.036018	0.036018	0.036018	0.036018	0.036018	0.036018	0.036018	0.036018	0.036018	0.036018	0.036018	0.036018	0.036018	0.036018	0.036018	0.036018	0.036018	0.036018	0.036018	0.036018	0.036018	0.036018	0.036018	0.036018	0.036018	0.036018	0.036018	0.036018	0.036018	0.036018	0.036018	0.036018	0.036018	0.036018	0.036018	0.036018	0.036018	0.036018	0.036018	0.036018	0.036018	0.036018	0.036018	0.036018	0.036018	0.036018	0.036018	0.036018	0.036018	0.036018	0.036018	0.036018	0.036018	0.036018	0.036018	0.036018	0.036018	0.036018	0.036018	0.036018	0.036018	0.036018	0.036018	0.036018
Electronics			0.022329	0.022329	0.022329	0.022329	0.022329	0.022329	0.022329	0.022329	0.022329	0.022329	0.022329	0.022329	0.022329	0.022329	0.022329	0.022329	0.022329	0.022329	0.022329	0.022329	0.022329	0.022329	0.022329	0.022329	0.022329	0.022329	0.022329	0.022329	0.022329	0.022329	0.022329	0.022329	0.022329	0.022329	0.022329	0.022329	0.022329	0.022329	0.022329	0.022329	0.022329	0.022329	0.022329	0.022329	0.022329	0.022329	0.022329	0.022329	0.022329	0.022329	0.022329	0.022329	0.022329	0.022329	0.022329	0.022329	0.022329	0.022329	0.022329	0.022329	0.022329	0.022329	0.022329	0.022329	0.022329	0.022329	0.022329	0.022329	0.022329	0.022329	0.022329	0.022329	0.022329	0.022329	0.022329	0.022329	0.022329	0.022329	0.022329	0.022329	0.022329	0.022329	0.022329	0.022329	0.022329	0.022329	0.022329	0.022329	0.022329	0.022329	0.022329	0.022329	0.022329	0.022329	0.022329	0.022329	0.022329	0.022329	0.022329	0.022329	0.022329	0.022329	0.022329	0.022329	0.022329	0.022329	0.022329	0.022329	0.022329	0.022329	0.022329	0.022329	0.022329	0.022329	0.022329	0.022329	0.022329	0.022329	0.022329	0.022329	0.022329	0.022329	0.022329	0.022329	0.022329	0.022329	0.022329	0.022329	0.022329	0.022329	0.022329	0.022329	0.022329	0.022329	0.022329	0.022329	0.022329	0.022329	0.022329	0.022329	0.022329	0.022329	0.022329	0.022329	0.022329	0.022329	0.022329	0.022329	0.022329	0.022329	0.022329	0.022329	0.022329	0.022329	0.022329	0.022329	0.022329	0.022329	0.022329	0.022329	0.022329	0.022329	0.022329	0.022329	0.022329	0.022329	0.022329	0.022329	0.022329	0.022329	0.022329	0.022329	0.022329	0.022329	0.022329	0.022329	0.022329	0.022329	0.022329	0.022329	0.022329	0.022329	0.022329	0.022329	0.022329	0.022329	0.022329	0.022329	0.022329	0.022329	0.022329	0.022329	0.022329	0.022329	0.022329	0.022329	0.022329	0.022329	0.022329	0.022329	0.022329	0.022329	0.022329	0.022329	0.022329	0.022329	0.022329	0.022329	0.022329	0.022329	0.022329	0.022329	0.022329	0.022329	0.022329	0.022329	0.022329	0.022329	0.022329	0.022329	0.022329	0.022329	0.022329	0.022329	0.022329	0.022329	0.022329	0.022329	0.022329	0.022329	0.022329	0.022329	0.022329	0.022329	0.022329	0.022329	0.022329	0.022329	0.022329	0.022329	0.022329	0.022329	0.022329	0.022329	0.022329	0.022329	0.022329	0.022329	0.022329	0.022329	0.022329	0.022329	0.022329	0.022329	0.022329	0.022329	0.022329	0.022329	0.022329	0.022329	0.022329	0.022329	0.022329	0.022329	0.022329	0.022329	0.022329	0.022329	0.022329	0.022329	0.022329	0.022329	0.022329	0.022329	0.022329	0.022329	0.022329	0.022329	0.022329	0.022329	0.022329	0.022329	0.022329	0.022329	0.022329	0.022329	0.022329	0.022329	0.022329	0.022329	0.022329	0.022329	0.022329	0.022329	0.022329	0.022329	0.022329	0.022329	0.022329	0.022329	0.022329	0.022329	0.022329	0.022329	0.022329	0.022329	0.022329	0.022329	0.022329	0.022329	0.022329	0.022329	0.022329	0.022329	0.022329	0.022329	0.022329	0.022329	0.022329	0.022329	0.022329	0.022329	0.022329	0.022329	0.022329	0.022329	0.022329	0.022329	0.022329	0.022329	0.022329	0.022329	0.022329	0.022329	0.022329	0.022329	0.022329	0.022329	0.035806	0.035806	0.035806	0.035806	0.035806	0.035806	0.035806	0.035806	0.035806	0.035806	0.035806	0.035806	0.035806	0.035806	0.035806	0.035806	0.035806	0.035806	0.035806	0.035806	0.035806	0.035806	0.035806	0.035806	0.035806	0.035806	0.035806
Women's			0	0	0	0	0	0	0	0	0	0	0	0	0	0	0	0	0	0	0	0	0	0	0	0	0	0	0	0	0	0	0	0	0	0	0	0	0	0	0	0	0	0	0	0	0	0	0	0	0	0	0	0	0	0	0	0	0	0	0	0	0	0	0	0	0	0	0	0	0	0	0	0	0	0	0	0	0	0	0	0	0	0	0	0	0	0	0.033494	0.033494	0.033494	0.033494	0.033494	0.033494	0.033494	0.033494	0.033494	0.033494	0.033494	0.033494	0.033494	0.033494	0.033494	0.033494	0.033494	0.033494	0.033494	0.033494	0.033494	0.033494	0.033494	0.033494	0.033494	0.033494	0.033494	0.033494	0.033494	0.033494	0.033494	0.033494	0.033494	0.033494	0.033494	0.033494	0.033494	0.033494	0.033494	0.033494	0.033494	0.033494	0.033494	0.033494	0.033494	0.033494	0.033494	0.033494	0.033494	0.033494	0.033494	0.033494	0.033494	0.033494	0.033494	0.033494	0.033494	0.033494	0.033494	0.033494	0.033494	0.035102	0.035102	0.035102	0.035102	0.035102	0.035102	0.035102	0.035102	0.035102	0.035102	0.035102	0.035102	0.035102	0.035102	0.035102	0.035102	0.035102	0.035102	0.035102	0.035102	0.035102	0.035102	0.035102	0.035102	0.035102	0.035102	0.035102	0.035102	0.035102	0.035102	0.035102	0.035102	0.035102	0.035102	0.035102	0.035102	0.035102	0.035102	0.035102	0.035102	0.035102	0.035102	0.035102	0.035102	0.035102	0.035102	0.035102	0.035102	0.035102	0.035102	0.035102	0.035102	0.035102	0.035102	0.035102	0.035102	0.035102	0.035102	0.035102	0.035102	0.035102	0.035102	0.035102	0.035102	0.035102	0.035102	0.035102	0.035102	0.035102	0.035102	0.035102	0.035102	0.035102	0.035102	0.035102	0.035102	0.035102	0.035102	0.035102	0.035102	0.035102	0.035102	0.035102	0.035102	0.035102	0.035102	0.035102	0.035102	0.035102	0.035102	0.035102	0.035102	0.035102	0.035102	0.035102	0.035102	0.035102	0.035102	0.035102	0.035102	0.035102	0.035102	0.035102	0.035102	0.03566	0.03566	0.03566	0.03566	0.03566	0.03566	0.03566	0.03566	0.03566	0.03566	0.03566	0.03566	0.03566	0.03566	0.03566	0.03566	0.03566	0.03566	0.03566	0.03566	0.03566	0.03566	0.03566	0.03566	0.03566	0.03566	0.03566	0.03566	0.03566	0.03566	0.03566	0.03566	0.03566	0.03566	0.03566	0.03566	0.03566	0.03566	0.03566	0.03566	0.03566	0.03566	0.03566	0.03566	0.03566	0.03566	0.03566	0.03566	0.03566	0.03566	0.03566	0.03566	0.03566	0.03566	0.03566	0.03566	0.03566	0.03566	0.03566	0.03566	0.03566	0.03566	0.03566	0.03566	0.03566	0.03566	0.03566	0.03566	0.03566	0.03566	0.03566	0.03566	0.03566	0.03566	0.03566	0.03566	0.03566	0.03566	0.03566	0.03566	0.03566	0.03566	0.03566	0.03566	0.03566	0.03566	0.03566	0.03566	0.03566	0.03566	0.03566	0.03566	0.03566	0.03566	0.03566	0.03566	0.03566	0.03566	0.03566	0.03566	0.03566	0.03566	0.03566	0.03566	0.03566	0.03566	0.03566	0.03566	0.03566	0.03566	0.03566	0.03566	0.03566	0.03566
Beauty			0	0	0	0	0	0	0	0	0	0	0	0	0	0	0	0	0	0	0	0	0	0	0	0	0	0	0	0	0	0	0	0	0	0	0	0	0	0	0	0	0	0	0	0	0	0	0	0	0	0	0	0	0	0	0	0	0	0	0	0	0	0	0	0	0	0	0	0	0	0	0	0	0	0	0	0	0	0	0	0	0	0	0	0	0	0	0	0	0	0	0	0	0	0	0	0	0	0	0	0	0	0	0	0	0	0	0	0	0	0	0	0	0	0	0	0	0	0	0	0	0	0	0	0	0	0	0	0	0	0	0	0	0	0	0	0	0	0	0	0	0	0	0	0	0	0	0	0	0	0	0	0	0	0	0	0	0	0	0	0	0	0	0	0	0	0	0	0	0	0	0	0	0	0	0	0	0	0	0	0	0	0	0	0	0	0	0	0	0	0.005443	0.005443	0.005443	0.005443	0.005443	0.005443	0.005443	0.005443	0.005443	0.005443	0.005443	0.005443	0.005443	0.005443	0.005443	0.005443	0.005443	0.005443	0.005443	0.005443	0.005443	0.005443	0.005443	0.005443	0.005443	0.005443	0.005443	0.005443	0.005443	0.005443	0.005443	0.005443	0.005443	0.005443	0.005443	0.005443	0.005443	0.005443	0.005443	0.005443	0.005443	0.005443	0.03475	0.03475	0.03475	0.03475	0.03475	0.03475	0.03475	0.03475	0.03475	0.03475	0.03475	0.03475	0.03475	0.03475	0.03475	0.03475	0.03475	0.03475	0.03475	0.03475	0.03475	0.03475	0.03475	0.03475	0.03475	0.03475	0.03475	0.03475	0.03475	0.03475	0.03475	0.03475	0.03475	0.03475	0.03475	0.03475	0.03475	0.03475	0.03475	0.03475	0.03475	0.03475	0.03475	0.03475	0.03475	0.03475	0.03475	0.03475	0.03475	0.03475	0.03475	0.03475	0.03475	0.03475	0.03475	0.03475	0.03475	0.03475	0.03475	0.03475	0.03475	0.03475	0.03475	0.03475	0.03475	0.03475	0.03475	0.03475	0.03475	0.03475	0.03475	0.03475	0.03475	0.03475	0.03475	0.03475	0.03475	0.03475	0.03475	0.03475	0.03475	0.03475	0.03475	0.03475	0.03475	0.03475	0.03475	0.03475	0.03475	0.03475	0.03475	0.03475	0.03475	0.03475	0.03475	0.03475	0.03475	0.03475	0.03475	0.03475	0.03475	0.03475	0.03475	0.03475	0.03475	0.03475	0.03475	0.03475	0.03475	0.03475	0.03475	0.03475	0.03475	0.03475	0.03475	0.03475	0.03475	0.03475	0.03475	0.03475	0.03475	0.03475	0.03475	0.03475	0.03475	0.03475	0.03475	0.03475	0.03475	0.03475	0.03475	0.03475	0.03475	0.03475
Personal Health			0	0	0	0	0	0	0	0	0	0	0	0	0	0	0	0	0	0	0	0	0	0	0	0	0	0	0	0	0	0	0	0	0	0	0	0	0	0	0	0	0	0	0	0	0	0	0	0	0	0	0	0	0	0	0	0	0	0	0	0	0	0	0	0	0	0	0	0	0	0	0	0	0	0	0	0.001842	0.001842	0.001842	0.001842	0.001842	0.001842	0.001842	0.001842	0.001842	0.001842	0.001842	0.001842	0.001842	0.001842	0.001842	0.001842	0.001842	0.001842	0.001842	0.001842	0.001842	0.001842	0.001842	0.001842	0.001842	0.001842	0.001842	0.001842	0.001842	0.001842	0.001842	0.001842	0.001842	0.001842	0.001842	0.001842	0.001842	0.025288	0.025288	0.025288	0.025288	0.025288	0.025288	0.025288	0.025288	0.025288	0.025288	0.025288	0.025288	0.025288	0.025288	0.025288	0.025288	0.025288	0.025288	0.025288	0.025288	0.025288	0.025288	0.025288	0.025288	0.025288	0.025288	0.025288	0.025288	0.025288	0.025288	0.025288	0.025288	0.025288	0.025288	0.025288	0.025288	0.025288	0.025288	0.025288	0.025288	0.025288	0.025288	0.025288	0.025288	0.025288	0.025288	0.025288	0.025288	0.025288	0.025288	0.025288	0.025288	0.025288	0.025288	0.025288	0.025288	0.025288	0.025288	0.025288	0.025288	0.025288	0.025288	0.025288	0.025288	0.025288	0.025288	0.025288	0.025288	0.025288	0.025288	0.025288	0.025288	0.025288	0.025288	0.025288	0.025288	0.025288	0.025288	0.025288	0.025288	0.025288	0.025288	0.025288	0.025288	0.025288	0.025288	0.033662	0.033662	0.033662	0.033662	0.033662	0.033662	0.033662	0.033662	0.033662	0.033662	0.033662	0.033662	0.033662	0.033662	0.033662	0.033662	0.033662	0.033662	0.033662	0.033662	0.033662	0.033662	0.033662	0.033662	0.033662	0.033662	0.033662	0.033662	0.033662	0.033662	0.033662	0.033662	0.033662	0.033662	0.033662	0.033662	0.033662	0.033662	0.033662	0.033662	0.033662	0.033662	0.033662	0.033662	0.033662	0.033662	0.033662	0.033662	0.033662	0.033662	0.033662	0.033662	0.033662	0.033662	0.033662	0.033662	0.033662	0.033662	0.033662	0.033662	0.033662	0.033662	0.033662	0.033662	0.033662	0.033662	0.033662	0.033662	0.033662	0.033662	0.033662	0.033662	0.033662	0.033662	0.033662	0.033662	0.033662	0.033662	0.033662	0.033662	0.033662	0.033662	0.033662	0.033662	0.033662	0.033662	0.033662	0.033662	0.033662	0.033662	0.033662	0.033662	0.033662	0.033662	0.033662	0.033662	0.033662	0.033662	0.033662	0.033662	0.033662	0.033662	0.033662	0.033662	0.033662	0.033662	0.033662	0.033662	0.033662	0.033662	0.033662	0.033662	0.033662	0.033662	0.033662	0.033662	0.033662	0.033662	0.033662	0.033662	0.033662	0.033662	0.033662	0.033662	0.033662	0.033662	0.033662	0.033662	0.033662	0.033662	0.033662	0.033662	0.033662	0.033662	0.033662	0.033662	0.033662	0.033662	0.033662	0.033662	0.033662	0.033662	0.033662	0.033662	0.033662	0.033662	0.033662	0.033662	0.033662	0.033662	0.033662	0.033662	0.033662	0.033662	0.033662	0.033662	0.033662	0.033662	0.033662	0.033662	0.033662	0.033662	0.033662	0.033662	0.033662	0.033662	0.033662
Textiles			0	0	0	0	0	0	0	0	0	0	0	0	0	0	0	0	0	0	0	0	0	0	0	0	0	0	0	0	0	0	0	0	0	0	0	0	0	0	0	0	0	0	0	0	0	0	0	0	0	0	0	0	0	0	0	0	0	0	0	0	0	0	0	0	0	0	0	0	0	0	0	0	0	0	0	0	0	0	0	0	0	0	0	0	0	0	0.033494	0.033494	0.033494	0.033494	0.033494	0.033494	0.033494	0.033494	0.033494	0.033494	0.033494	0.033494	0.033494	0.033494	0.033494	0.033494	0.033494	0.033494	0.033494	0.033494	0.033494	0.033494	0.033494	0.033494	0.033494	0.033494	0.033494	0.033494	0.033494	0.033494	0.033494	0.033494	0.033494	0.033494	0.033494	0.033494	0.033494	0.033494	0.033494	0.033494	0.033494	0.033494	0.033494	0.033494	0.033494	0.033494	0.033494	0.033494	0.033494	0.033494	0.033494	0.033494	0.033494	0.033494	0.033494	0.033494	0.033494	0.033494	0.033494	0.033494	0.033494	0.033494	0.033494	0.033494	0.033494	0.033494	0.033494	0.033494	0.033494	0.033494	0.033494	0.033494	0.033494	0.033494	0.033494	0.033494	0.033494	0.033494	0.033494	0.033494	0.033494	0.033494	0.033494	0.033494	0.033494	0.033494	0.033494	0.033494	0.033494	0.033494	0.033494	0.033494	0.033494	0.033494	0.033494	0.033494	0.033494	0.033494	0.033494	0.033494	0.033494	0.033494	0.033494	0.033494	0.033494	0.033494	0.033494	0.033494	0.033494	0.033494	0.033494	0.033494	0.033494	0.033494	0.033494	0.033494	0.033494	0.033494	0.033494	0.033494	0.033494	0.033494	0.033494	0.033494	0.033494	0.033494	0.033494	0.033494	0.033494	0.033494	0.033494	0.033494	0.033494	0.033494	0.033494	0.033494	0.033494	0.033494	0.033494	0.033494	0.033494	0.033494	0.033494	0.033494	0.033494	0.033494	0.033494	0.033494	0.033494	0.033494	0.033494	0.033494	0.033494	0.033494	0.033494	0.033494	0.033494	0.033494	0.033494	0.033494	0.033494	0.033494	0.033494	0.033494	0.033494	0.033494	0.033494	0.033494	0.033494	0.033494	0.033494	0.033494	0.033494	0.033494	0.033494	0.033494	0.033494	0.033494	0.033494	0.033494	0.033494	0.033494	0.033494	0.033494	0.033494	0.033494	0.033494	0.033494	0.033494	0.033494	0.033494	0.033494	0.033494	0.033494	0.033494	0.033494	0.033494	0.033494	0.033494	0.033494	0.033494	0.033494	0.033494	0.033494	0.033494	0.033494	0.033494	0.033494	0.033494	0.033494	0.033494	0.033494	0.033494	0.033494	0.033494	0.033494	0.033494	0.033494	0.033494	0.033494	0.033494	0.033494	0.033494	0.033494	0.033494	0.033494	0.033494	0.033494	0.033494	0.033494	0.033494	0.033494	0.033494	0.033494	0.033494	0.033494	0.033494	0.033494	0.033494	0.033494	0.033494	0.033494	0.033494	0.033494	0.033494	0.033494	0.033494	0.033494	0.033494	0.033494	0.033494	0.033494	0.033494	0.033494	0.033494	0.033494	0.033494	0.033494	0.033494	0.033494	0.033494	0.033494	0.033494	0.033494	0.033494	0.033494	0.033494	0.033494	0.033494	0.033494	0.033494	0.033494	0.033494	0.033494	0.033494	0.033494	0.033494	0.033494	0.033494
Fertility			0	0	0	0	0	0	0	0	0	0	0	0	0	0	0	0	0	0	0	0	0	0	0	0	0	0	0	0	0	0	0	0	0	0	0	0	0	0	0	0	0	0	0	0	0	0	0	0	0	0	0	0	0	0	0	0	0	0	0	0	0	0	0	0	0	0	0	0	0	0	0	0	0	0	0	0	0	0	0	0	0	0	0	0	0	0	0	0	0	0	0	0	0	0	0	0	0	0	0	0	0	0	0	0	0	0	0	0	0	0	0	0	0	0	0	0	0	0	0	0	0	0	0	0	0	0	0	0	0	0	0	0	0	0	0	0	0	0	0	0	0	0	0	0	0	0	0	0	0	0	0	0	0	0	0	0	0	0	0	0	0	0	0	0	0	0	0	0	0	0	0	0	0	0	0	0	0	0	0	0	0	0	0	0	0	0	0	0	0	0	0	0	0	0	0	0	0	0	0.008374	0.008374	0.008374	0.008374	0.008374	0.008374	0.008374	0.008374	0.008374	0.008374	0.008374	0.008374	0.008374	0.008374	0.008374	0.008374	0.008374	0.008374	0.008374	0.008374	0.008374	0.008374	0.008374	0.008374	0.008374	0.008374	0.008374	0.008374	0.008374	0.008374	0.008374	0.008374	0.008374	0.008374	0.008374	0.008374	0.008374	0.008374	0.008374	0.008374	0.008374	0.008374	0.008374	0.008374	0.008374	0.008374	0.008374	0.008374	0.008374	0.008374	0.008374	0.008374	0.008374	0.008374	0.008374	0.008374	0.008374	0.008374	0.008374	0.008374	0.008374	0.008374	0.008374	0.008374	0.008374	0.008374	0.008374	0.008374	0.008374	0.008374	0.008374	0.008374	0.008374	0.008374	0.008374	0.008374	0.008374	0.008374	0.008374	0.008374	0.008374	0.008374	0.008374	0.008374	0.008374	0.008374	0.008374	0.008374	0.008374	0.008374	0.008374	0.008374	0.008374	0.008374	0.008374	0.008374	0.008374	0.008374	0.008374	0.008374	0.008374	0.008374	0.008374	0.008374	0.008374	0.008374	0.008374	0.008374	0.008374	0.008374	0.008374	0.008374	0.008374	0.008374	0.008374	0.008374	0.008374	0.008374	0.008374	0.008374	0.008374	0.008374	0.008374	0.008374	0.008374	0.008374	0.008374	0.008374	0.008374	0.008374	0.008374	0.008374	0.008374	0.008374	0.008374	0.008374	0.008374	0.008374	0.008374	0.008374	0.008374	0.008374	0.008374	0.008374	0.008374	0.032657	0.032657	0.032657	0.032657	0.032657	0.032657	0.032657	0.032657	0.032657	0.032657	0.032657	0.032657	0.032657	0.032657	0.032657	0.032657	0.032657	0.032657	0.032657	0.032657	0.032657	0.032657
Intellectual Property			0	0	0	0	0	0	0	0	0	0	0	0	0	0	0	0	0	0	0	0	0	0	0	0	0	0	0	0	0	0	0	0	0	0	0	0	0	0	0	0	0	0	0	0	0	0	0	0	0	0	0	0	0	0	0	0	0	0	0	0	0	0	0	0	0	0	0	0	0	0	0	0	0	0	0	0	0	0	0	0	0	0	0	0	0	0	0	0	0	0	0	0	0	0	0	0	0	0	0	0	0	0	0	0	0	0	0	0	0	0	0	0	0	0	0	0	0	0	0	0	0	0	0	0	0	0	0	0	0	0	0	0	0	0	0	0	0	0	0	0	0	0	0	0	0	0	0	0	0	0	0	0	0	0	0	0	0	0	0	0	0	0	0	0	0	0	0	0	0	0	0	0	0	0	0	0	0	0	0	0	0	0	0	0	0	0	0	0	0	0	0	0	0	0	0	0	0	0	0	0	0	0	0	0	0	0	0	0	0	0	0	0	0	0	0	0	0	0	0	0	0	0	0	0	0	0	0	0	0	0	0	0	0	0	0	0	0	0	0	0	0	0	0	0	0	0	0	0	0	0	0	0	0	0	0	0	0	0.032154	0.032154	0.032154	0.032154	0.032154	0.032154	0.032154	0.032154	0.032154	0.032154	0.032154	0.032154	0.032154	0.032154	0.032154	0.032154	0.032154	0.032154	0.032154	0.032154	0.032154	0.032154	0.032154	0.032154	0.032154	0.032154	0.032154	0.032154	0.032154	0.032154	0.032154	0.032154	0.032154	0.032154	0.032154	0.032154	0.032154	0.032154	0.032154	0.032154	0.032154	0.032154	0.032154	0.032154	0.032154	0.032154	0.032154	0.032154	0.032154	0.032154	0.032154	0.032154	0.032154	0.032154	0.032154	0.032154	0.032154	0.032154	0.032154	0.032154	0.032154	0.032154	0.032154	0.032154	0.032154	0.032154	0.032154	0.032154	0.032154	0.032154	0.032154	0.032154	0.032154	0.032154	0.032154	0.032154	0.032154	0.032154	0.032154	0.032154	0.032154	0.032154	0.032154	0.032154	0.032154	0.032154	0.032154	0.032154	0.032154	0.032154	0.032154	0.032154	0.032154	0.032154	0.032154	0.032154	0.032154	0.032154	0.032154	0.032154	0.032154	0.032154	0.032154	0.032154	0.032154	0.032154	0.032154	0.032154
CRM			0	0	0	0	0	0	0	0	0	0	0	0	0	0	0	0	0	0	0	0	0	0	0	0	0	0	0	0	0	0	0	0	0	0	0	0	0	0	0	0	0	0	0	0	0	0	0	0	0	0	0	0	0	0	0	0	0	0	0	0	0	0	0	0	0	0	0	0	0	0	0.000335	0.000335	0.000335	0.000335	0.000335	0.000335	0.000335	0.000335	0.000335	0.000335	0.000335	0.000335	0.000335	0.000335	0.000335	0.000335	0.000335	0.000335	0.000335	0.000335	0.000335	0.000335	0.000335	0.000335	0.000335	0.000335	0.000335	0.000335	0.000335	0.000335	0.000335	0.000335	0.000335	0.000335	0.000335	0.000335	0.000335	0.000335	0.000335	0.000335	0.000335	0.000335	0.000335	0.000335	0.000335	0.000335	0.000335	0.000335	0.000335	0.000335	0.000335	0.000335	0.000335	0.000335	0.000335	0.000335	0.000335	0.000335	0.000335	0.000335	0.000335	0.000335	0.000335	0.000335	0.000335	0.000335	0.000335	0.000335	0.000335	0.000335	0.000335	0.000335	0.000335	0.000335	0.000335	0.000335	0.000335	0.000335	0.000335	0.000335	0.000335	0.000335	0.012616	0.012616	0.012616	0.012616	0.012616	0.012616	0.012616	0.012616	0.012616	0.012616	0.012616	0.012616	0.012616	0.012616	0.012616	0.012616	0.012616	0.012616	0.012616	0.012616	0.012616	0.012616	0.012616	0.012616	0.012616	0.012616	0.012616	0.012616	0.012616	0.012616	0.012616	0.012616	0.012616	0.012616	0.012616	0.012616	0.012616	0.012616	0.012616	0.012616	0.012616	0.012616	0.012616	0.012616	0.012616	0.012616	0.012616	0.012616	0.012616	0.012616	0.012616	0.012616	0.012616	0.012616	0.012616	0.012616	0.012616	0.012616	0.012616	0.012616	0.012616	0.012616	0.012616	0.012616	0.012616	0.012616	0.012616	0.012616	0.012616	0.012616	0.012616	0.012616	0.012616	0.012616	0.012616	0.012616	0.012616	0.012616	0.012616	0.029921	0.029921	0.029921	0.029921	0.029921	0.029921	0.029921	0.029921	0.029921	0.029921	0.029921	0.029921	0.029921	0.029921	0.029921	0.029921	0.029921	0.029921	0.029921	0.029921	0.029921	0.029921	0.029921	0.029921	0.029921	0.029921	0.029921	0.029921	0.029921	0.029921	0.029921	0.029921	0.029921	0.029921	0.029921	0.029921	0.029921	0.029921	0.029921	0.029921	0.029921	0.029921	0.029921	0.029921	0.029921	0.029921	0.029921	0.029921	0.029921	0.029921	0.029921	0.029921	0.029921	0.029921	0.029921	0.029921	0.029921	0.029921	0.029921	0.029921	0.029921	0.029921	0.029921	0.029921	0.029921	0.029921	0.029921	0.029921	0.029921	0.029921	0.029921	0.029921	0.029921	0.029921	0.029921	0.029921	0.029921	0.029921	0.029921	0.029921	0.029921	0.029921	0.029921	0.029921	0.029921	0.029921	0.029921	0.029921	0.029921	0.029921	0.029921	0.029921	0.029921	0.029921	0.029921	0.029921	0.029921	0.029921	0.029921	0.029921	0.029921	0.029921	0.029921	0.029921	0.029921	0.029921	0.029921	0.029921	0.029921	0.029921	0.029921	0.029921	0.029921	0.029921	0.029921	0.029921	0.029921	0.029921	0.029921	0.029921	0.029921	0.029921	0.029921	0.029921	0.029921	0.029921	0.029921	0.029921	0.029921	0.029921	0.029921	0.029921	0.029921	0.029921
InsurTech			0	0	0	0	0	0	0	0	0	0	0	0	0	0	0	0	0	0	0	0	0	0	0	0	0	0	0	0	0	0	0	0	0	0	0	0	0	0	0	0	0	0	0	0	0	0	0	0	0	0	0	0	0	0	0	0	0	0	0	0	0	0	0	0	0	0	0	0	0	0	0	0	0	0	0	0	0	0	0	0	0	0	0	0	0	0	0	0	0	0	0	0	0	0	0	0	0	0	0	0	0	0	0	0	0	0	0	0	0	0	0	0	0	0	0	0	0	0	0	0	0	0	0	0	0	0	0	0	0	0	0	0	0	0	0	0	0	0	0	0	0	0	0	0	0	0	0	0	0	0	0	0	0	0	0	0	0	0	0	0	0	0	0	0	0	0	0	0	0	0	0	0	0	0	0	0	0	0	0	0	0	0	0	0	0	0	0	0	0	0	0	0	0	0	0	0.009267	0.009267	0.009267	0.009267	0.009267	0.009267	0.009267	0.009267	0.009267	0.009267	0.009267	0.009267	0.009267	0.009267	0.009267	0.009267	0.009267	0.009267	0.009267	0.009267	0.009267	0.009267	0.009267	0.009267	0.009267	0.009267	0.009267	0.009267	0.009267	0.009267	0.009267	0.009267	0.009267	0.009267	0.009267	0.009267	0.009267	0.009267	0.009267	0.009267	0.009267	0.009267	0.009267	0.009267	0.01785	0.01785	0.01785	0.01785	0.01785	0.01785	0.01785	0.01785	0.01785	0.01785	0.01785	0.01785	0.018185	0.018185	0.018185	0.018185	0.018185	0.018185	0.018185	0.018185	0.018185	0.018185	0.018185	0.018185	0.018185	0.018185	0.018185	0.018185	0.018185	0.018185	0.018185	0.018185	0.018185	0.018185	0.018185	0.018185	0.018185	0.018185	0.018185	0.018185	0.018185	0.018185	0.018185	0.018185	0.018185	0.018185	0.029321	0.029321	0.029321	0.029321	0.029321	0.029321	0.029321	0.029321	0.029321	0.029321	0.029321	0.029321	0.029321	0.029321	0.029321	0.029321	0.029321	0.029321	0.029321	0.029321	0.029321	0.029321	0.029321	0.029321	0.029321	0.029321	0.029321	0.029321	0.029321	0.029321	0.029321	0.029321	0.029321	0.029321	0.029321	0.029321	0.029321	0.029321	0.029321	0.029321	0.029321	0.029321	0.029321	0.029321	0.029321	0.029321	0.029321	0.029321	0.029321	0.029321	0.029321	0.029321	0.029321	0.029321	0.029321	0.029321	0.029321	0.029321	0.029321	0.029321	0.029321	0.029321	0.029321	0.029321	0.029321	0.029321	0.029321	0.029321	0.029321	0.029321	0.029321	0.029321	0.029321	0.029321	0.029321	0.029321	0.029321	0.029321	0.029321	0.029321
Transaction Processing			0	0	0	0	0	0	0	0	0	0	0	0	0	0	0	0	0	0	0	0	0	0	0	0	0	0	0	0	0	0	0	0	0	0	0	0	0	0	0	0	0	0	0.029307	0.029307	0.029307	0.029307	0.029307	0.029307	0.029307	0.029307	0.029307	0.029307	0.029307	0.029307	0.029307	0.029307	0.029307	0.029307	0.029307	0.029307	0.029307	0.029307	0.029307	0.029307	0.029307	0.029307	0.029307	0.029307	0.029307	0.029307	0.029307	0.029307	0.029307	0.029307	0.029307	0.029307	0.029307	0.029307	0.029307	0.029307	0.029307	0.029307	0.029307	0.029307	0.029307	0.029307	0.029307	0.029307	0.029307	0.029307	0.029307	0.029307	0.029307	0.029307	0.029307	0.029307	0.029307	0.029307	0.029307	0.029307	0.029307	0.029307	0.029307	0.029307	0.029307	0.029307	0.029307	0.029307	0.029307	0.029307	0.029307	0.029307	0.029307	0.029307	0.029307	0.029307	0.029307	0.029307	0.029307	0.029307	0.029307	0.029307	0.029307	0.029307	0.029307	0.029307	0.029307	0.029307	0.029307	0.029307	0.029307	0.029307	0.029307	0.029307	0.029307	0.029307	0.029307	0.029307	0.029307	0.029307	0.029307	0.029307	0.029307	0.029307	0.029307	0.029307	0.029307	0.029307	0.029307	0.029307	0.029307	0.029307	0.029307	0.029307	0.029307	0.029307	0.029307	0.029307	0.029307	0.029307	0.029307	0.029307	0.029307	0.029307	0.029307	0.029307	0.029307	0.029307	0.029307	0.029307	0.029307	0.029307	0.029307	0.029307	0.029307	0.029307	0.029307	0.029307	0.029307	0.029307	0.029307	0.029307	0.029307	0.029307	0.029307	0.029307	0.029307	0.029307	0.029307	0.029307	0.029307	0.029307	0.029307	0.029307	0.029307	0.029307	0.029307	0.029307	0.029307	0.029307	0.029307	0.029307	0.029307	0.029307	0.029307	0.029307	0.029307	0.029307	0.029307	0.029307	0.029307	0.029307	0.029307	0.029307	0.029307	0.029307	0.029307	0.029307	0.029307	0.029307	0.029307	0.029307	0.029307	0.029307	0.029307	0.029307	0.029307	0.029307	0.029307	0.029307	0.029307	0.029307	0.029307	0.029307	0.029307	0.029307	0.029307	0.029307	0.029307	0.029307	0.029307	0.029307	0.029307	0.029307	0.029307	0.029307	0.029307	0.029307	0.029307	0.029307	0.029307	0.029307	0.029307	0.029307	0.029307	0.029307	0.029307	0.029307	0.029307	0.029307	0.029307	0.029307	0.029307	0.029307	0.029307	0.029307	0.029307	0.029307	0.029307	0.029307	0.029307	0.029307	0.029307	0.029307	0.029307	0.029307	0.029307	0.029307	0.029307	0.029307	0.029307	0.029307	0.029307	0.029307	0.029307	0.029307	0.029307	0.029307	0.029307	0.029307	0.029307	0.029307	0.029307	0.029307	0.029307	0.029307	0.029307	0.029307	0.029307	0.029307	0.029307	0.029307	0.029307	0.029307	0.029307	0.029307	0.029307	0.029307	0.029307	0.029307	0.029307	0.029307	0.029307	0.029307	0.029307	0.029307	0.029307	0.029307	0.029307	0.029307	0.029307	0.029307	0.029307	0.029307	0.029307	0.029307	0.029307	0.029307	0.029307	0.029307	0.029307	0.029307	0.029307	0.029307	0.029307	0.029307	0.029307	0.029307	0.029307	0.029307	0.029307	0.029307	0.029307	0.029307	0.029307	0.029307	0.029307	0.029307	0.029307	0.029307	0.029307	0.029307	0.029307	0.029307	0.029307	0.029307	0.029307	0.029307	0.029307	0.029307	0.029307	0.029307	0.029307	0.029307	0.029307
Data Integration			0	0	0	0	0	0	0	0	0	0	0	0	0	0	0	0	0	0	0	0	0	0	0	0	0	0	0	0	0	0	0	0	0	0	0	0	0	0	0	0	0	0	0	0	0	0	0	0	0	0	0	0	0	0	0	0	0	0	0	0	0	0	0	0	0	0	0	0	0	0	0	0	0	0	0	0	0	0	0	0	0	0	0	0	0	0	0	0	0	0	0	0	0	0	0	0	0	0	0	0.005024	0.005024	0.005024	0.005024	0.005024	0.005024	0.005024	0.005024	0.005024	0.005024	0.005024	0.005024	0.005024	0.005024	0.005024	0.005024	0.005024	0.005024	0.005024	0.005024	0.005024	0.005024	0.005024	0.005024	0.005024	0.005024	0.005024	0.005024	0.005024	0.005024	0.005024	0.005024	0.005024	0.005024	0.005024	0.005024	0.005024	0.005024	0.005024	0.005024	0.005024	0.005024	0.005024	0.005024	0.005024	0.005024	0.005024	0.005024	0.005024	0.005024	0.005024	0.005024	0.005024	0.005024	0.005024	0.005024	0.005024	0.005024	0.005024	0.005024	0.005024	0.005024	0.005024	0.005024	0.005024	0.005024	0.005024	0.005024	0.005024	0.005024	0.005024	0.005024	0.005024	0.005024	0.005024	0.005024	0.005024	0.005024	0.005024	0.005024	0.005024	0.005024	0.005024	0.005024	0.005024	0.005024	0.005024	0.005024	0.005024	0.005024	0.005024	0.005024	0.005024	0.005024	0.005024	0.005024	0.005024	0.005024	0.005024	0.005024	0.005024	0.005024	0.005024	0.005024	0.005024	0.005024	0.005024	0.005024	0.005024	0.005024	0.005024	0.005024	0.005024	0.005024	0.005024	0.005024	0.005024	0.005024	0.005024	0.005024	0.005024	0.005024	0.005024	0.005024	0.005024	0.005024	0.005024	0.005024	0.005024	0.005024	0.005024	0.005024	0.005024	0.005024	0.005024	0.005024	0.005024	0.005024	0.005024	0.005024	0.005024	0.005024	0.005024	0.005024	0.005024	0.005024	0.005024	0.005024	0.005024	0.005024	0.005024	0.005024	0.005024	0.005024	0.005024	0.005024	0.005024	0.005024	0.005024	0.005024	0.005024	0.005024	0.005024	0.005024	0.005024	0.005024	0.005024	0.005024	0.005024	0.005024	0.005024	0.005024	0.005024	0.005024	0.005024	0.005024	0.005024	0.005024	0.005024	0.005024	0.005024	0.005024	0.005024	0.005024	0.005024	0.005024	0.005024	0.02847	0.02847	0.02847	0.02847	0.02847	0.02847	0.02847	0.02847	0.02847	0.02847	0.02847	0.02847	0.02847	0.02847	0.02847	0.02847	0.02847	0.02847	0.02847	0.02847	0.02847	0.02847	0.02847	0.02847	0.02847	0.02847	0.02847	0.02847	0.02847	0.02847	0.02847	0.02847	0.02847	0.02847	0.02847	0.02847	0.02847	0.02847	0.02847	0.02847	0.02847	0.02847	0.02847	0.02847	0.02847	0.02847	0.02847	0.02847	0.02847	0.02847	0.02847	0.02847	0.02847	0.02847	0.02847	0.02847	0.02847	0.02847	0.02847	0.02847	0.02847	0.02847	0.02847	0.02847	0.02847	0.02847	0.02847	0.02847	0.02847	0.02847	0.02847	0.02847	0.02847	0.02847	0.02847	0.02847	0.02847	0.02847	0.02847
Credit			0	0	0	0	0	0	0	0	0	0	0	0	0	0	0	0	0	0	0	0	0	0	0	0	0	0	0	0	0	0	0	0	0	0	0	0	0	0	0	0	0	0	0	0	0	0	0	0	0	0	0	0	0	0	0	0	0	0	0	0	0	0	0	0	0	0	0	0	0	0	0	0	0	0	0	0	0	0	0	0	0	0	0	0	0	0	0	0	0	0	0	0	0	0	0	0	0	0	0	0	0	0	0	0	0	0	0	0	0	0	0	0	0.004832	0.004832	0.004832	0.004832	0.004832	0.004832	0.004832	0.004832	0.004832	0.004832	0.004832	0.004832	0.004832	0.004832	0.004832	0.004832	0.004832	0.004832	0.004832	0.004832	0.004832	0.004832	0.004832	0.004832	0.004832	0.004832	0.004832	0.004832	0.004832	0.004832	0.004832	0.004832	0.004832	0.004832	0.004832	0.004832	0.004832	0.004832	0.004832	0.004832	0.004832	0.004832	0.004832	0.004832	0.004832	0.004832	0.004832	0.004832	0.004832	0.004832	0.004832	0.004832	0.004832	0.004832	0.004832	0.004832	0.004832	0.004832	0.004832	0.004832	0.004832	0.004832	0.004832	0.004832	0.004832	0.004832	0.004832	0.004832	0.004832	0.004832	0.004832	0.004832	0.004832	0.004832	0.004832	0.004832	0.004832	0.004832	0.004832	0.004832	0.004832	0.004832	0.004832	0.004832	0.004832	0.004832	0.004832	0.004832	0.004832	0.004832	0.004832	0.004832	0.004832	0.004832	0.004832	0.004832	0.004832	0.004832	0.004832	0.004832	0.004832	0.004832	0.004832	0.004832	0.004832	0.004832	0.004832	0.004832	0.004832	0.004832	0.004832	0.004832	0.004832	0.004832	0.004832	0.004832	0.004832	0.004832	0.004832	0.004832	0.004832	0.004832	0.004832	0.004832	0.004832	0.004832	0.004832	0.004832	0.004832	0.004832	0.004832	0.004832	0.004832	0.004832	0.004832	0.004832	0.004832	0.004832	0.004832	0.004832	0.004832	0.004832	0.004832	0.004832	0.004832	0.004832	0.004832	0.004832	0.004832	0.004832	0.004832	0.004832	0.004832	0.004832	0.004832	0.004832	0.004832	0.004832	0.004832	0.004832	0.004832	0.004832	0.004832	0.004832	0.004832	0.004832	0.004832	0.004832	0.004832	0.004832	0.004832	0.004832	0.004832	0.004832	0.028277	0.028277	0.028277	0.028277	0.028277	0.028277	0.028277	0.028277	0.028277	0.028277	0.028277	0.028277	0.028277	0.028277	0.028277	0.028277	0.028277	0.028277	0.028277	0.028277	0.028277	0.028277	0.028277	0.028277	0.028277	0.028277	0.028277	0.028277	0.028277	0.028277	0.028277	0.028277	0.028277	0.028277	0.028277	0.028277	0.028277	0.028277	0.028277	0.028277	0.028277	0.028277	0.028277	0.028277	0.028277	0.028277	0.028277	0.028277	0.028277	0.028277	0.028277	0.028277	0.028277	0.028277	0.028277	0.028277	0.028277	0.028277	0.028277	0.028277	0.028277	0.028277	0.028277	0.028277	0.028277	0.028277	0.028277	0.028277	0.028277	0.028277	0.028277	0.028277	0.028277	0.028277	0.028277	0.028277	0.028277	0.028277	0.028277
Marketing Automation			0	0	0	0	0	0	0	0	0	0	0	0	0	0	0	0	0	0	0	0	0	0	0	0	0	0	0	0	0	0	0	0	0	0	0	0	0	0	0	0	0	0	0	0	0	0	0	0	0	0	0	0	0	0	0	0	0	0	0	0	0	0	0	0	0	0	0	0	0	0	0	0	0	0	0	0	0	0	0	0	0	0	0	0	0	0	0	0	0	0	0	0	0	0	0	0	0	0	0	0	0	0	0	0	0	0	0	0	0	0	0	0	0	0	0	0	0	0	0	0	0	0	0	0	0	0	0	0	0	0	0	0	0	0	0	0	0	0	0	0	0	0	0	0	0	0	0	0	0	0	0	0	0	0	0.016747	0.016747	0.016747	0.016747	0.016747	0.016747	0.016747	0.016747	0.016747	0.016747	0.016747	0.016747	0.016747	0.016747	0.016747	0.016747	0.016747	0.016747	0.016747	0.016747	0.016747	0.016747	0.016747	0.016747	0.016747	0.016747	0.016747	0.016747	0.016747	0.016747	0.016747	0.016747	0.016747	0.016747	0.016747	0.016747	0.016747	0.016747	0.016747	0.016747	0.016747	0.016747	0.016747	0.016747	0.016747	0.016747	0.016747	0.016747	0.016747	0.016747	0.016747	0.016747	0.016747	0.016747	0.016747	0.016747	0.016747	0.016747	0.016747	0.016747	0.016747	0.016747	0.016747	0.016747	0.016747	0.016747	0.016747	0.016747	0.016747	0.016747	0.016747	0.016747	0.016747	0.016747	0.016747	0.016747	0.016747	0.016747	0.016747	0.016747	0.016747	0.016747	0.016747	0.016747	0.016747	0.016747	0.016747	0.016747	0.016747	0.016747	0.016747	0.016747	0.016747	0.016747	0.016747	0.016747	0.016747	0.016747	0.016747	0.016747	0.016747	0.016747	0.016747	0.016747	0.016747	0.016747	0.016747	0.016747	0.016747	0.016747	0.016747	0.016747	0.016747	0.016747	0.016747	0.016747	0.016747	0.016747	0.016747	0.016747	0.016747	0.016747	0.016747	0.016747	0.016747	0.016747	0.016747	0.016747	0.016747	0.016747	0.016747	0.016747	0.016747	0.016747	0.016747	0.016747	0.016747	0.016747	0.017249	0.017249	0.017249	0.017249	0.017249	0.017249	0.017249	0.017249	0.017249	0.017249	0.017249	0.017249	0.017249	0.017249	0.017249	0.017249	0.017249	0.017249	0.017249	0.017249	0.017249	0.017249	0.017249	0.017249	0.017249	0.017249	0.017249	0.017249	0.017249	0.017249	0.017249	0.017249	0.017249	0.017249	0.017249	0.017249	0.017249	0.017249	0.017249	0.017249	0.017249	0.017249	0.017249	0.017249	0.017249	0.017249	0.017249	0.017249	0.017249	0.017249	0.017249	0.017249	0.017249	0.017249	0.017249	0.017249	0.017249	0.017249	0.017249	0.02674	0.02674	0.02674	0.02674	0.02674	0.02674	0.02674	0.02674	0.02674	0.02674	0.02674	0.02674	0.02674	0.02674
Non-Fungible Token (NFT)			0	0	0	0	0	0	0	0	0	0	0	0	0	0	0	0	0	0	0	0	0	0	0	0	0	0	0	0	0	0	0	0	0	0	0	0	0	0	0	0	0	0	0	0	0	0	0	0	0	0	0	0	0	0	0	0	0	0	0	0	0	0	0	0	0	0	0	0	0	0	0	0	0	0	0	0	0	0	0	0	0	0	0	0	0	0	0	0	0	0	0	0	0	0	0	0	0	0	0	0	0	0	0	0	0	0	0	0	0	0	0	0	0	0	0	0	0	0	0	0	0	0	0	0	0	0	0	0	0	0	0	0	0	0	0	0	0	0	0	0	0	0	0	0	0	0	0	0	0	0	0	0	0	0	0	0	0	0	0	0	0	0	0	0	0	0	0	0	0	0	0	0	0	0	0	0	0	0	0	0	0	0	0	0	0	0	0	0	0	0	0	0	0	0	0	0	0	0	0	0	0	0	0	0	0.025121	0.025121	0.025121	0.025121	0.025121	0.025121	0.025121	0.025121	0.025121	0.025121	0.025121	0.025121	0.025121	0.025121	0.025121	0.025121	0.025121	0.025121	0.025121	0.025121	0.025121	0.025121	0.025121	0.025121	0.025121	0.025121	0.025121	0.025121	0.025121	0.025121	0.025121	0.025121	0.025121	0.025121	0.025121	0.025121	0.025121	0.025121	0.025121	0.025121	0.025121	0.025121	0.025121	0.025121	0.025121	0.025121	0.025121	0.025121	0.025121	0.025121	0.025121	0.025121	0.025121	0.025121	0.025121	0.025121	0.025121	0.025121	0.025121	0.025121	0.025121	0.025121	0.025121	0.025121	0.025121	0.025121	0.025121	0.025121	0.025121	0.025121	0.025121	0.025121	0.025121	0.025121	0.025121	0.025121	0.025121	0.025121	0.025121	0.025121	0.025121	0.025121	0.025121	0.025121	0.025121	0.025121	0.025121	0.025121	0.025121	0.025121	0.025121	0.025121	0.025121	0.025121	0.025121	0.025121	0.025121	0.025121	0.025121	0.025121	0.025121	0.025121	0.025121	0.025121	0.025121	0.025121	0.025121	0.025121	0.025121	0.025121	0.025121	0.025121	0.025121	0.025121	0.025121	0.025121	0.025121	0.025121	0.025121	0.025121	0.025121	0.025121	0.025121	0.025121	0.025121	0.025121	0.025121	0.025121	0.025121	0.025121	0.025121	0.025121	0.025121	0.025121	0.025121	0.025121	0.025121	0.025121	0.025121	0.025121	0.025121	0.025121	0.025121	0.025121	0.025121	0.025121	0.025121	0.025121	0.025121	0.025121	0.025121	0.025121	0.025121	0.025121	0.025121	0.025121	0.025121	0.025121	0.025121	0.025121	0.025121
Cloud Security			0	0	0	0	0	0	0	0	0	0	0	0	0	0	0	0	0	0	0	0	0	0	0	0	0	0	0	0	0	0	0	0	0	0	0	0	0	0	0	0	0	0	0	0	0	0	0	0	0	0	0	0	0	0	0	0	0	0	0	0	0	0	0	0	0	0	0	0	0	0	0	0	0	0	0	0	0	0	0	0	0	0	0	0	0	0	0	0	0	0	0	0	0	0	0	0	0	0	0	0	0	0	0	0	0	0	0	0	0	0	0	0	0	0	0	0	0	0	0	0	0	0	0	0	0	0	0	0	0	0	0	0	0	0	0	0	0	0	0	0	0	0	0	0	0	0	0	0	0	0	0	0	0	0	0	0	0.017864	0.017864	0.017864	0.017864	0.017864	0.017864	0.017864	0.017864	0.017864	0.017864	0.017864	0.017864	0.017864	0.017864	0.017864	0.017864	0.017864	0.017864	0.017864	0.017864	0.017864	0.017864	0.017864	0.017864	0.017864	0.017864	0.017864	0.017864	0.017864	0.017864	0.017864	0.017864	0.017864	0.017864	0.017864	0.017864	0.017864	0.017864	0.017864	0.02383	0.02383	0.02383	0.02383	0.02383	0.02383	0.02383	0.02383	0.02383	0.02383	0.02383	0.02383	0.02383	0.02383	0.02383	0.02383	0.02383	0.02383	0.02383	0.02383	0.02383	0.02383	0.02383	0.02383	0.02383	0.02383	0.02383	0.02383	0.02383	0.02383	0.02383	0.02383	0.02383	0.02383	0.02383	0.02383	0.02383	0.02383	0.02383	0.02383	0.02383	0.02383	0.02383	0.02383	0.02383	0.02383	0.02383	0.02383	0.02383	0.02383	0.02383	0.02383	0.02383	0.02383	0.02383	0.02383	0.02383	0.02383	0.02383	0.02383	0.02383	0.02383	0.02383	0.02383	0.02383	0.02383	0.02383	0.02383	0.02383	0.02383	0.02383	0.02383	0.02383	0.02383	0.02383	0.02383	0.02383	0.02383	0.02383	0.02383	0.02383	0.02383	0.02383	0.02383	0.02383	0.02383	0.02383	0.02383	0.02383	0.02383	0.02383	0.02383	0.02383	0.02383	0.02383	0.02383	0.02383	0.02383	0.02383	0.02383	0.02383	0.02383	0.02383	0.02383	0.02383	0.02383	0.02383	0.02383	0.02383	0.02383	0.02383	0.02383	0.02383	0.02383	0.02383	0.02383	0.02383	0.02383	0.02383	0.02383	0.02383	0.02383	0.02383	0.02383	0.02383	0.02383	0.02383	0.02383	0.02383	0.02383	0.02383	0.02383	0.02383	0.02383	0.02383	0.02383	0.02383	0.02383	0.02383	0.02383	0.02383	0.02383	0.02383	0.02383	0.02383	0.02383	0.02383	0.02383	0.02383	0.02383	0.02383	0.02383	0.02383	0.02383	0.02383	0.02383	0.02383	0.02383	0.02383	0.02383	0.02383	0.02383	0.02383	0.02383	0.02383	0.02383	0.02383	0.02383	0.02383	0.02383
Credit Bureau			0	0	0	0	0	0	0	0	0	0	0	0	0	0	0	0	0	0	0	0	0	0	0	0	0	0	0	0	0	0	0	0	0	0	0	0	0	0	0	0	0	0	0	0	0	0	0	0	0	0	0	0	0	0	0	0	0	0	0	0	0	0	0	0	0	0	0	0	0	0	0	0	0	0	0	0	0	0	0	0	0	0	0	0	0	0	0	0	0	0	0	0	0	0	0	0	0	0	0	0	0	0	0	0	0	0	0	0	0	0	0	0	0	0	0	0	0	0	0	0	0	0	0	0	0	0	0	0	0	0	0	0	0	0	0	0	0	0	0	0	0	0	0	0	0	0	0	0	0	0	0	0	0	0	0	0	0	0	0	0	0	0	0	0	0	0	0	0	0	0	0	0	0	0	0	0	0	0	0	0	0	0	0	0	0	0	0	0	0	0	0	0	0	0	0	0	0	0	0	0	0	0	0	0	0	0	0	0	0	0	0	0	0	0	0	0	0	0	0	0	0	0	0	0	0	0	0	0	0	0	0	0	0	0	0	0	0	0	0	0	0	0	0	0	0	0	0	0	0	0	0	0	0	0	0	0	0	0	0	0	0	0	0	0	0	0	0	0	0	0	0	0	0	0	0	0	0	0	0	0	0	0	0	0	0	0	0.023446	0.023446	0.023446	0.023446	0.023446	0.023446	0.023446	0.023446	0.023446	0.023446	0.023446	0.023446	0.023446	0.023446	0.023446	0.023446	0.023446	0.023446	0.023446	0.023446	0.023446	0.023446	0.023446	0.023446	0.023446	0.023446	0.023446	0.023446	0.023446	0.023446	0.023446	0.023446	0.023446	0.023446	0.023446	0.023446	0.023446	0.023446	0.023446	0.023446	0.023446	0.023446	0.023446	0.023446	0.023446	0.023446	0.023446	0.023446	0.023446	0.023446	0.023446	0.023446	0.023446	0.023446	0.023446	0.023446	0.023446	0.023446	0.023446	0.023446	0.023446	0.023446	0.023446	0.023446	0.023446	0.023446	0.023446	0.023446	0.023446	0.023446	0.023446	0.023446	0.023446	0.023446	0.023446	0.023446	0.023446	0.023446	0.023446
Nutrition			0	0	0	0	0	0	0	0	0	0	0	0	0	0	0	0	0	0	0	0	0	0	0	0	0	0	0	0	0	0	0	0	0	0	0	0	0	0	0	0	0	0	0	0	0	0	0	0	0	0	0	0	0	0	0	0	0	0	0	0	0	0	0	0	0	0	0	0	0	0	0	0	0	0	0	0	0	0	0	0	0	0	0	0	0	0	0	0	0	0	0	0	0	0	0	0	0	0	0	0	0	0	0	0	0	0	0	0	0	0	0	0	0.023446	0.023446	0.023446	0.023446	0.023446	0.023446	0.023446	0.023446	0.023446	0.023446	0.023446	0.023446	0.023446	0.023446	0.023446	0.023446	0.023446	0.023446	0.023446	0.023446	0.023446	0.023446	0.023446	0.023446	0.023446	0.023446	0.023446	0.023446	0.023446	0.023446	0.023446	0.023446	0.023446	0.023446	0.023446	0.023446	0.023446	0.023446	0.023446	0.023446	0.023446	0.023446	0.023446	0.023446	0.023446	0.023446	0.023446	0.023446	0.023446	0.023446	0.023446	0.023446	0.023446	0.023446	0.023446	0.023446	0.023446	0.023446	0.023446	0.023446	0.023446	0.023446	0.023446	0.023446	0.023446	0.023446	0.023446	0.023446	0.023446	0.023446	0.023446	0.023446	0.023446	0.023446	0.023446	0.023446	0.023446	0.023446	0.023446	0.023446	0.023446	0.023446	0.023446	0.023446	0.023446	0.023446	0.023446	0.023446	0.023446	0.023446	0.023446	0.023446	0.023446	0.023446	0.023446	0.023446	0.023446	0.023446	0.023446	0.023446	0.023446	0.023446	0.023446	0.023446	0.023446	0.023446	0.023446	0.023446	0.023446	0.023446	0.023446	0.023446	0.023446	0.023446	0.023446	0.023446	0.023446	0.023446	0.023446	0.023446	0.023446	0.023446	0.023446	0.023446	0.023446	0.023446	0.023446	0.023446	0.023446	0.023446	0.023446	0.023446	0.023446	0.023446	0.023446	0.023446	0.023446	0.023446	0.023446	0.023446	0.023446	0.023446	0.023446	0.023446	0.023446	0.023446	0.023446	0.023446	0.023446	0.023446	0.023446	0.023446	0.023446	0.023446	0.023446	0.023446	0.023446	0.023446	0.023446	0.023446	0.023446	0.023446	0.023446	0.023446	0.023446	0.023446	0.023446	0.023446	0.023446	0.023446	0.023446	0.023446	0.023446	0.023446	0.023446	0.023446	0.023446	0.023446	0.023446	0.023446	0.023446	0.023446	0.023446	0.023446	0.023446	0.023446	0.023446	0.023446	0.023446	0.023446	0.023446	0.023446	0.023446	0.023446	0.023446	0.023446	0.023446	0.023446	0.023446	0.023446	0.023446	0.023446	0.023446	0.023446	0.023446	0.023446	0.023446	0.023446	0.023446	0.023446	0.023446	0.023446	0.023446	0.023446	0.023446	0.023446	0.023446	0.023446	0.023446	0.023446	0.023446	0.023446	0.023446	0.023446	0.023446	0.023446	0.023446	0.023446	0.023446	0.023446	0.023446	0.023446	0.023446	0.023446	0.023446	0.023446	0.023446	0.023446	0.023446	0.023446	0.023446	0.023446	0.023446	0.023446	0.023446	0.023446	0.023446	0.023446	0.023446	0.023446	0.023446	0.023446	0.023446
Biometrics			0	0	0	0	0	0	0	0	0	0	0	0	0	0	0	0	0	0	0	0	0	0	0	0	0	0	0	0	0	0	0	0	0	0	0.02219	0.02219	0.02219	0.02219	0.02219	0.02219	0.02219	0.02219	0.02219	0.02219	0.02219	0.02219	0.02219	0.02219	0.02219	0.02219	0.02219	0.02219	0.02219	0.02219	0.02219	0.02219	0.02219	0.02219	0.02219	0.02219	0.02219	0.02219	0.02219	0.02219	0.02219	0.02219	0.02219	0.02219	0.02219	0.02219	0.02219	0.02219	0.02219	0.02219	0.02219	0.02219	0.02219	0.02219	0.02219	0.02219	0.02219	0.02219	0.02219	0.02219	0.02219	0.02219	0.02219	0.02219	0.02219	0.02219	0.02219	0.02219	0.02219	0.02219	0.02219	0.02219	0.02219	0.02219	0.02219	0.02219	0.02219	0.02219	0.02219	0.02219	0.02219	0.02219	0.02219	0.02219	0.02219	0.02219	0.02219	0.02219	0.02219	0.02219	0.02219	0.02219	0.02219	0.02219	0.02219	0.02219	0.02219	0.02219	0.02219	0.02219	0.02219	0.02219	0.02219	0.02219	0.02219	0.02219	0.02219	0.02219	0.02219	0.02219	0.02219	0.02219	0.02219	0.02219	0.02219	0.02219	0.02219	0.02219	0.02219	0.02219	0.02219	0.02219	0.02219	0.02219	0.02219	0.02219	0.02219	0.02219	0.02219	0.02219	0.02219	0.02219	0.02219	0.02219	0.02219	0.02219	0.02219	0.02219	0.02219	0.02219	0.02219	0.02219	0.02219	0.02219	0.02219	0.02219	0.02219	0.02219	0.02219	0.02219	0.02219	0.02219	0.02219	0.02219	0.02219	0.02219	0.02219	0.02219	0.02219	0.02219	0.02219	0.02219	0.02219	0.02219	0.02219	0.02219	0.02219	0.02219	0.02219	0.02219	0.02219	0.02219	0.02219	0.02219	0.02219	0.02219	0.02219	0.02219	0.02219	0.02219	0.02219	0.02219	0.02219	0.02219	0.02219	0.02219	0.02219	0.02219	0.02219	0.02219	0.02219	0.02219	0.02219	0.02219	0.02219	0.02219	0.02219	0.02219	0.02219	0.02219	0.02219	0.02219	0.02219	0.02219	0.02219	0.02219	0.02219	0.02219	0.02219	0.02219	0.02219	0.02219	0.02219	0.02219	0.02219	0.02219	0.02219	0.02219	0.02219	0.02219	0.02219	0.02219	0.02219	0.02219	0.02219	0.02219	0.02219	0.02219	0.02219	0.02219	0.02219	0.02219	0.02219	0.02219	0.02219	0.02219	0.02219	0.02219	0.02219	0.02219	0.02219	0.02219	0.02219	0.02219	0.02219	0.02219	0.02219	0.02219	0.02219	0.02219	0.02219	0.02219	0.02219	0.02219	0.02219	0.02219	0.02219	0.02219	0.02219	0.02219	0.02219	0.02219	0.02219	0.02219	0.02219	0.02219	0.02219	0.02219	0.02219	0.02219	0.02219	0.02219	0.02219	0.02219	0.02219	0.02219	0.02219	0.02219	0.02219	0.02219	0.02219	0.02219	0.02219	0.02219	0.02219	0.02219	0.02219	0.02219	0.02219	0.02219	0.02219	0.02219	0.02219	0.02219	0.02219	0.02219	0.02219	0.02219	0.02219	0.02219	0.02219	0.02219	0.02219	0.02219	0.02219	0.02219	0.02219	0.02219	0.02219	0.02219	0.02219	0.02219	0.02219	0.02219	0.02219	0.02219	0.02219	0.02219	0.02219	0.02219	0.02219	0.02219	0.02219	0.02219	0.02219	0.02219	0.02219	0.02219	0.02219	0.02219	0.02219	0.02219	0.02219	0.02219	0.02219	0.02219	0.02219	0.02219	0.02219	0.02219	0.02219
Advertising			0	0	0	0	0	0	0	0	0	0	0	0	0	0	0	0	0	0	0	0	0	0	0	0	0	0	0	0	0	0	0	0	0	0	0	0	0	0	0	0	0.014737	0.014737	0.014737	0.014737	0.014737	0.014737	0.014737	0.014737	0.014737	0.014737	0.014737	0.014737	0.014737	0.014737	0.014737	0.014737	0.014737	0.014737	0.014737	0.014737	0.014737	0.014737	0.014737	0.014737	0.014737	0.014737	0.014737	0.014737	0.014737	0.014737	0.014737	0.014737	0.014737	0.014737	0.014737	0.014737	0.014737	0.014737	0.014737	0.014737	0.014737	0.014737	0.014737	0.014737	0.014737	0.014737	0.014737	0.014737	0.014737	0.014737	0.014737	0.014737	0.014737	0.014737	0.014737	0.014737	0.014737	0.014737	0.014737	0.014737	0.014737	0.014737	0.014737	0.014737	0.014737	0.014737	0.014737	0.014737	0.014737	0.014737	0.014737	0.014737	0.014737	0.014737	0.014737	0.014737	0.014737	0.014737	0.014737	0.014737	0.01658	0.01658	0.01658	0.01658	0.01658	0.01658	0.01658	0.01658	0.01658	0.01658	0.01658	0.01658	0.01658	0.01658	0.01658	0.01658	0.01658	0.01658	0.01658	0.01658	0.01658	0.01658	0.01658	0.01658	0.01658	0.01658	0.01658	0.01658	0.01658	0.01658	0.01658	0.01658	0.01658	0.01658	0.01658	0.01658	0.01658	0.01658	0.01658	0.021771	0.021771	0.021771	0.021771	0.021771	0.021771	0.021771	0.021771	0.021771	0.021771	0.021771	0.021771	0.021771	0.021771	0.021771	0.021771	0.021771	0.021771	0.021771	0.021771	0.021771	0.021771	0.021771	0.021771	0.021771	0.021771	0.021771	0.021771	0.021771	0.021771	0.021771	0.021771	0.021771	0.021771	0.021771	0.021771	0.021771	0.021771	0.021771	0.021771	0.021771	0.021771	0.021771	0.021771	0.021771	0.021771	0.021771	0.021771	0.021771	0.021771	0.021771	0.021771	0.021771	0.021771	0.021771	0.021771	0.021771	0.021771	0.021771	0.021771	0.021771	0.021771	0.021771	0.021771	0.021771	0.021771	0.021771	0.021771	0.021771	0.021771	0.021771	0.021771	0.021771	0.021771	0.021771	0.021771	0.021771	0.021771	0.021771	0.021771	0.021771	0.021771	0.021771	0.021771	0.021771	0.021771	0.021771	0.021771	0.021771	0.021771	0.021771	0.021771	0.021771	0.021771	0.021771	0.021771	0.021771	0.021771	0.021771	0.021771	0.021771	0.021771	0.021771	0.021771	0.021771	0.021771	0.021771	0.021771	0.021771	0.021771	0.021771	0.021771	0.021771	0.021771	0.021771	0.021771	0.021771	0.021771	0.021771	0.021771	0.021771	0.021771	0.021771	0.021771	0.021771	0.021771	0.021771	0.021771	0.021771	0.021771	0.021771	0.021771	0.021771	0.021771	0.021771	0.021771	0.021771	0.021771	0.021771	0.021771	0.021771	0.021771	0.021771	0.021771	0.021771	0.021771	0.021771	0.021771	0.021771	0.021771	0.021771	0.021771	0.021771	0.021771	0.021771	0.021771	0.021771	0.021771	0.021771	0.021771	0.021771	0.021771	0.021771	0.021771	0.021771	0.021771	0.021771	0.021771	0.021771	0.021771	0.021771	0.021771	0.021771	0.021771	0.021771	0.021771	0.021771	0.021771	0.021771	0.021771	0.021771	0.021771	0.021771	0.021771	0.021771	0.021771	0.021771	0.021771	0.021771	0.021771	0.021771	0.021771	0.021771	0.021771	0.021771	0.021771	0.021771	0.021771	0.021771	0.021771	0.021771	0.021771	0.021771	0.021771	0.021771	0.021771
Customer Service			0	0	0	0	0	0	0	0	0	0	0	0	0	0	0	0	0	0	0	0	0	0	0	0	0	0	0	0	0	0	0	0	0	0	0	0	0	0	0	0	0	0	0	0	0	0	0	0	0	0	0	0	0	0	0	0	0	0	0	0	0	0	0	0	0	0	0	0	0	0	0	0	0	0	0	0	0	0	0	0	0	0	0	0	0	0	0	0	0	0	0	0	0	0	0	0	0	0	0	0	0	0	0	0	0	0	0	0	0	0	0	0	0	0	0	0	0	0	0	0	0	0	0	0	0	0	0	0	0	0	0	0	0	0	0	0	0	0	0	0	0	0	0	0	0	0	0	0	0	0	0	0	0	0	0	0	0	0	0	0	0	0	0	0	0	0	0	0	0	0	0	0	0	0	0	0	0	0	0	0	0	0	0	0	0	0	0	0	0	0	0	0	0	0	0	0	0	0	0	0	0	0	0	0	0	0	0	0	0	0	0	0	0	0	0	0	0	0	0	0	0	0	0	0	0	0	0	0	0	0	0	0.017305	0.017305	0.017305	0.017305	0.017305	0.017305	0.017305	0.017305	0.017305	0.017305	0.017305	0.017305	0.017305	0.017305	0.017305	0.017305	0.02166	0.02166	0.02166	0.02166	0.02166	0.02166	0.02166	0.02166	0.02166	0.02166	0.02166	0.02166	0.02166	0.02166	0.02166	0.02166	0.02166	0.02166	0.02166	0.02166	0.02166	0.02166	0.02166	0.02166	0.02166	0.02166	0.02166	0.02166	0.02166	0.02166	0.02166	0.02166	0.02166	0.02166	0.02166	0.02166	0.02166	0.02166	0.02166	0.02166	0.02166	0.02166	0.02166	0.02166	0.02166	0.02166	0.02166	0.02166	0.02166	0.02166	0.02166	0.02166	0.02166	0.02166	0.02166	0.02166	0.02166	0.02166	0.02166	0.02166	0.02166	0.02166	0.02166	0.02166	0.02166	0.02166	0.02166	0.02166	0.02166	0.02166	0.02166	0.02166	0.02166	0.02166	0.02166	0.02166	0.02166	0.02166	0.02166	0.02166	0.02166	0.02166	0.02166	0.02166	0.02166	0.02166	0.02166	0.02166	0.02166	0.02166	0.02166	0.02166	0.02166	0.02166	0.02166	0.02166	0.02166	0.02166	0.02166	0.02166	0.02166	0.02166	0.02166	0.02166	0.02166	0.02166	0.02166	0.02166	0.02166	0.02166	0.02166	0.02166	0.02166	0.02166	0.02166	0.02166	0.02166	0.02166
Technical Support			0	0	0	0	0	0	0	0	0	0	0	0	0	0	0	0	0	0	0	0	0	0	0	0	0	0	0	0	0	0	0	0	0	0	0	0	0	0	0	0	0	0	0	0	0	0	0	0	0	0	0	0	0	0	0	0	0	0	0	0	0	0	0	0	0	0	0	0	0	0	0	0	0	0	0	0	0	0	0	0	0	0	0	0	0	0	0	0	0	0	0	0	0	0	0	0	0	0	0	0	0	0	0	0	0	0	0	0	0	0	0	0	0	0	0	0	0	0	0	0	0	0	0	0	0	0	0	0	0	0	0	0	0	0	0	0	0	0	0	0	0	0	0	0	0	0	0	0	0	0	0	0	0	0	0	0	0	0	0	0	0	0	0	0	0	0	0	0	0	0	0	0	0	0	0	0	0	0	0	0	0	0	0	0	0	0	0	0	0	0	0	0	0	0	0	0	0	0	0	0	0	0	0	0	0	0	0	0	0	0	0	0	0	0	0	0	0	0	0	0	0	0	0	0	0	0	0	0	0	0	0	0.017305	0.017305	0.017305	0.017305	0.017305	0.017305	0.017305	0.017305	0.017305	0.017305	0.017305	0.017305	0.017305	0.017305	0.017305	0.017305	0.02166	0.02166	0.02166	0.02166	0.02166	0.02166	0.02166	0.02166	0.02166	0.02166	0.02166	0.02166	0.02166	0.02166	0.02166	0.02166	0.02166	0.02166	0.02166	0.02166	0.02166	0.02166	0.02166	0.02166	0.02166	0.02166	0.02166	0.02166	0.02166	0.02166	0.02166	0.02166	0.02166	0.02166	0.02166	0.02166	0.02166	0.02166	0.02166	0.02166	0.02166	0.02166	0.02166	0.02166	0.02166	0.02166	0.02166	0.02166	0.02166	0.02166	0.02166	0.02166	0.02166	0.02166	0.02166	0.02166	0.02166	0.02166	0.02166	0.02166	0.02166	0.02166	0.02166	0.02166	0.02166	0.02166	0.02166	0.02166	0.02166	0.02166	0.02166	0.02166	0.02166	0.02166	0.02166	0.02166	0.02166	0.02166	0.02166	0.02166	0.02166	0.02166	0.02166	0.02166	0.02166	0.02166	0.02166	0.02166	0.02166	0.02166	0.02166	0.02166	0.02166	0.02166	0.02166	0.02166	0.02166	0.02166	0.02166	0.02166	0.02166	0.02166	0.02166	0.02166	0.02166	0.02166	0.02166	0.02166	0.02166	0.02166	0.02166	0.02166	0.02166	0.02166	0.02166	0.02166	0.02166	0.02166
Employee Benefits			0	0	0	0	0	0	0	0	0	0	0	0	0	0	0	0	0	0	0	0	0	0	0	0	0	0	0	0	0	0	0	0	0	0	0	0	0	0	0	0	0	0	0	0	0	0	0	0	0	0	0	0	0	0	0	0	0	0.003349	0.003349	0.003349	0.003349	0.003349	0.003349	0.003349	0.003349	0.003349	0.003349	0.003349	0.003349	0.003349	0.003349	0.003349	0.003349	0.003349	0.003349	0.003349	0.003349	0.003349	0.003349	0.003349	0.003349	0.003349	0.003349	0.003349	0.003349	0.003349	0.003349	0.003349	0.003349	0.003349	0.003349	0.003349	0.003349	0.003349	0.003349	0.003349	0.003349	0.003349	0.003349	0.003349	0.003349	0.003349	0.003349	0.003349	0.003349	0.003349	0.003349	0.003349	0.003349	0.003349	0.003349	0.003349	0.003349	0.003349	0.003349	0.003349	0.003349	0.003349	0.003349	0.003349	0.003349	0.003349	0.003349	0.003349	0.003349	0.003349	0.003349	0.003349	0.003349	0.003349	0.003349	0.003349	0.003349	0.003349	0.003349	0.003349	0.003349	0.003349	0.003349	0.003349	0.003349	0.003349	0.003349	0.003349	0.003349	0.003349	0.003349	0.003349	0.003349	0.003349	0.003349	0.003349	0.021503	0.021503	0.021503	0.021503	0.021503	0.021503	0.021503	0.021503	0.021503	0.021503	0.021503	0.021503	0.021503	0.021503	0.021503	0.021503	0.021503	0.021503	0.021503	0.021503	0.021503	0.021503	0.021503	0.021503	0.021503	0.021503	0.021503	0.021503	0.021503	0.021503	0.021503	0.021503	0.021503	0.021503	0.021503	0.021503	0.021503	0.021503	0.021503	0.021503	0.021503	0.021503	0.021503	0.021503	0.021503	0.021503	0.021503	0.021503	0.021503	0.021503	0.021503	0.021503	0.021503	0.021503	0.021503	0.021503	0.021503	0.021503	0.021503	0.021503	0.021503	0.021503	0.021503	0.021503	0.021503	0.021503	0.021503	0.021503	0.021503	0.021503	0.021503	0.021503	0.021503	0.021503	0.021503	0.021503	0.021503	0.021503	0.021503	0.021503	0.021503	0.021503	0.021503	0.021503	0.021503	0.021503	0.021503	0.021503	0.021503	0.021503	0.021503	0.021503	0.021503	0.021503	0.021503	0.021503	0.021503	0.021503	0.021503	0.021503	0.021503	0.021503	0.021503	0.021503	0.021503	0.021503	0.021503	0.021503	0.021503	0.021503	0.021503	0.021503	0.021503	0.021503	0.021503	0.021503	0.021503	0.021503	0.021503	0.021503	0.021503	0.021503	0.021503	0.021503	0.021503	0.021503	0.021503	0.021503	0.021503	0.021503	0.021503	0.021503	0.021503	0.021503	0.021503	0.021503	0.021503	0.021503	0.021503	0.021503	0.021503	0.021503	0.021503	0.021503	0.021503	0.021503	0.021503	0.021503	0.021503	0.021503	0.021503	0.021503	0.021503	0.021503	0.021503	0.021503	0.021503	0.021503	0.021503	0.021503	0.021503	0.021503	0.021503	0.021503	0.021503	0.021503	0.021503	0.021503	0.021503	0.021503	0.021503	0.021503	0.021503	0.021503	0.021503	0.021503	0.021503	0.021503	0.021503	0.021503	0.021503	0.021503	0.021503	0.021503	0.021503	0.021503	0.021503	0.021503	0.021503	0.021503	0.021503	0.021503	0.021503	0.021503	0.021503	0.021503	0.021503	0.021503	0.021503	0.021503	0.021503	0.021503	0.021503	0.021503	0.021503	0.021503	0.021503	0.021503	0.021503	0.021503	0.021503	0.021503	0.021503
Retail Technology			0	0	0	0	0	0	0	0	0	0	0	0	0	0	0	0	0	0	0	0	0	0	0	0	0	0	0	0	0	0	0	0	0	0	0	0	0	0	0	0	0.014737	0.014737	0.014737	0.014737	0.014737	0.014737	0.014737	0.014737	0.014737	0.014737	0.014737	0.014737	0.014737	0.014737	0.014737	0.014737	0.014737	0.014737	0.014737	0.014737	0.014737	0.014737	0.014737	0.014737	0.014737	0.014737	0.014737	0.014737	0.014737	0.014737	0.014737	0.014737	0.014737	0.014737	0.014737	0.014737	0.014737	0.014737	0.014737	0.014737	0.014737	0.014737	0.014737	0.014737	0.014737	0.014737	0.014737	0.014737	0.014737	0.014737	0.014737	0.014737	0.014737	0.014737	0.014737	0.014737	0.014737	0.021436	0.021436	0.021436	0.021436	0.021436	0.021436	0.021436	0.021436	0.021436	0.021436	0.021436	0.021436	0.021436	0.021436	0.021436	0.021436	0.021436	0.021436	0.021436	0.021436	0.021436	0.021436	0.021436	0.021436	0.021436	0.021436	0.021436	0.021436	0.021436	0.021436	0.021436	0.021436	0.021436	0.021436	0.021436	0.021436	0.021436	0.021436	0.021436	0.021436	0.021436	0.021436	0.021436	0.021436	0.021436	0.021436	0.021436	0.021436	0.021436	0.021436	0.021436	0.021436	0.021436	0.021436	0.021436	0.021436	0.021436	0.021436	0.021436	0.021436	0.021436	0.021436	0.021436	0.021436	0.021436	0.021436	0.021436	0.021436	0.021436	0.021436	0.021436	0.021436	0.021436	0.021436	0.021436	0.021436	0.021436	0.021436	0.021436	0.021436	0.021436	0.021436	0.021436	0.021436	0.021436	0.021436	0.021436	0.021436	0.021436	0.021436	0.021436	0.021436	0.021436	0.021436	0.021436	0.021436	0.021436	0.021436	0.021436	0.021436	0.021436	0.021436	0.021436	0.021436	0.021436	0.021436	0.021436	0.021436	0.021436	0.021436	0.021436	0.021436	0.021436	0.021436	0.021436	0.021436	0.021436	0.021436	0.021436	0.021436	0.021436	0.021436	0.021436	0.021436	0.021436	0.021436	0.021436	0.021436	0.021436	0.021436	0.021436	0.021436	0.021436	0.021436	0.021436	0.021436	0.021436	0.021436	0.021436	0.021436	0.021436	0.021436	0.021436	0.021436	0.021436	0.021436	0.021436	0.021436	0.021436	0.021436	0.021436	0.021436	0.021436	0.021436	0.021436	0.021436	0.021436	0.021436	0.021436	0.021436	0.021436	0.021436	0.021436	0.021436	0.021436	0.021436	0.021436	0.021436	0.021436	0.021436	0.021436	0.021436	0.021436	0.021436	0.021436	0.021436	0.021436	0.021436	0.021436	0.021436	0.021436	0.021436	0.021436	0.021436	0.021436	0.021436	0.021436	0.021436	0.021436	0.021436	0.021436	0.021436	0.021436	0.021436	0.021436	0.021436	0.021436	0.021436	0.021436	0.021436	0.021436	0.021436	0.021436	0.021436	0.021436	0.021436	0.021436	0.021436	0.021436	0.021436	0.021436	0.021436	0.021436	0.021436	0.021436	0.021436	0.021436	0.021436	0.021436	0.021436	0.021436	0.021436	0.021436	0.021436	0.021436	0.021436	0.021436	0.021436	0.021436	0.021436	0.021436	0.021436	0.021436	0.021436	0.021436	0.021436	0.021436	0.021436	0.021436	0.021436	0.021436	0.021436	0.021436	0.021436	0.021436	0.021436	0.021436	0.021436	0.021436	0.021436	0.021436	0.021436	0.021436	0.021436	0.021436	0.021436	0.021436	0.021436	0.021436	0.021436	0.021436	0.021436	0.021436	0.021436	0.021436	0.021436	0.021436	0.021436
Insurance			0	0	0	0	0	0	0	0	0	0	0	0	0	0	0	0	0	0	0	0	0	0	0	0	0	0	0	0	0	0	0	0	0	0	0	0	0	0	0	0	0	0	0	0	0	0	0	0	0	0	0	0	0	0	0	0	0	0	0	0	0	0	0	0	0	0	0	0	0	0	0	0	0	0	0	0	0	0	0	0	0	0	0	0	0	0	0	0	0	0	0	0	0	0	0	0	0	0	0	0	0	0	0	0	0	0	0	0	0	0	0	0	0	0	0	0	0	0	0	0	0	0	0	0	0	0	0	0	0	0	0	0	0	0	0	0	0	0	0	0	0	0	0	0	0	0	0	0	0	0	0	0	0	0	0	0	0	0	0	0	0	0	0.000109	0.000109	0.000109	0.000109	0.000109	0.000109	0.000109	0.000109	0.000109	0.000109	0.000109	0.000109	0.000109	0.000109	0.000109	0.000109	0.000109	0.000109	0.000109	0.000109	0.000109	0.000109	0.000109	0.000109	0.000109	0.000109	0.000109	0.000109	0.000109	0.000109	0.000109	0.000109	0.000109	0.000109	0.000109	0.000109	0.000109	0.000109	0.000109	0.000109	0.000109	0.000109	0.000109	0.000109	0.000109	0.000109	0.000109	0.000109	0.000109	0.000109	0.000109	0.000109	0.000109	0.000109	0.000109	0.000109	0.000109	0.000109	0.000109	0.000109	0.000109	0.000109	0.000109	0.000109	0.000109	0.000109	0.000109	0.000109	0.000109	0.000109	0.000109	0.000109	0.000109	0.000109	0.000109	0.000109	0.000109	0.008692	0.008692	0.008692	0.008692	0.009948	0.009948	0.009948	0.009948	0.009948	0.009948	0.009948	0.009948	0.010283	0.010283	0.010283	0.010283	0.010283	0.010283	0.010283	0.010283	0.010283	0.010283	0.010283	0.010283	0.010283	0.010283	0.010283	0.010283	0.010283	0.010283	0.010283	0.010283	0.010283	0.010283	0.010283	0.010283	0.010283	0.010283	0.010283	0.010283	0.010283	0.010283	0.010283	0.010283	0.010283	0.010283	0.021419	0.021419	0.021419	0.021419	0.021419	0.021419	0.021419	0.021419	0.021419	0.021419	0.021419	0.021419	0.021419	0.021419	0.021419	0.021419	0.021419	0.021419	0.021419	0.021419	0.021419	0.021419	0.021419	0.021419	0.021419	0.021419	0.021419	0.021419	0.021419	0.021419	0.021419	0.021419	0.021419	0.021419	0.021419	0.021419	0.021419	0.021419	0.021419	0.021419	0.021419	0.021419	0.021419	0.021419	0.021419	0.021419	0.021419	0.021419	0.021419	0.021419	0.021419	0.021419	0.021419	0.021419	0.021419	0.021419	0.021419	0.021419	0.021419	0.021419	0.021419	0.021419	0.021419	0.021419	0.021419	0.021419	0.021419	0.021419	0.021419	0.021419	0.021419	0.021419	0.021419	0.021419	0.021419	0.021419	0.021419	0.021419	0.021419	0.021419
Clean Energy			0	0	0	0	0	0	0	0	0	0	0	0	0	0	0	0	0	0	0	0	0	0	0	0	0	0	0	0	0	0	0	0	0	0	0	0	0	0	0	0	0	0	0	0	0	0	0	0	0	0	0	0	0	0	0	0	0	0	0	0	0	0	0	0	0	0	0	0	0	0	0	0	0	0	0	0	0	0	0	0	0	0	0	0	0	0	0	0	0	0	0	0	0	0	0	0	0	0	0	0	0	0	0	0	0	0	0	0	0	0	0	0	0	0	0	0	0	0	0	0	0	0	0	0	0	0	0	0	0	0	0	0	0	0	0	0	0	0	0	0	0	0	0	0	0	0	0	0	0	0	0	0	0.020864	0.020864	0.020864	0.020864	0.020864	0.020864	0.020864	0.020864	0.020864	0.020864	0.020864	0.020864	0.020864	0.020864	0.020864	0.020864	0.020864	0.020864	0.020864	0.020864	0.020864	0.020864	0.020864	0.020864	0.020864	0.020864	0.020864	0.020864	0.020864	0.020864	0.020864	0.020864	0.020864	0.020864	0.020864	0.020864	0.020864	0.020864	0.020864	0.020864	0.020864	0.020864	0.020864	0.020864	0.020864	0.020864	0.020864	0.020864	0.020864	0.020864	0.020864	0.020864	0.020864	0.020864	0.020864	0.020864	0.020864	0.020864	0.020864	0.020864	0.020864	0.020864	0.020864	0.020864	0.020864	0.020864	0.020864	0.020864	0.020864	0.020864	0.020864	0.020864	0.020864	0.020864	0.020864	0.020864	0.020864	0.020864	0.020864	0.020864	0.020864	0.020864	0.020864	0.020864	0.020864	0.020864	0.020864	0.020864	0.020864	0.020864	0.020864	0.020864	0.020864	0.020864	0.020864	0.020864	0.020864	0.020864	0.020864	0.020864	0.020864	0.020864	0.020864	0.020864	0.020864	0.020864	0.020864	0.020864	0.020864	0.020864	0.020864	0.020864	0.020864	0.020864	0.020864	0.020864	0.020864	0.020864	0.020864	0.020864	0.020864	0.020864	0.020864	0.020864	0.020864	0.020864	0.020864	0.020864	0.020864	0.020864	0.020864	0.020864	0.020864	0.020864	0.020864	0.020864	0.020864	0.020864	0.020864	0.020864	0.020864	0.020864	0.020864	0.020864	0.020864	0.020864	0.020864	0.020864	0.020864	0.020864	0.020864	0.020864	0.020864	0.020864	0.020864	0.020864	0.020864	0.020864	0.020864	0.020864	0.020864	0.020864	0.020864	0.020864	0.020864	0.020864	0.020864	0.020864	0.020864	0.020864	0.020864	0.020864	0.020864	0.020864	0.020864	0.020864	0.020864	0.020864	0.020864	0.020864	0.020864	0.020864	0.020864	0.020864	0.020864	0.020864	0.020864	0.020864	0.020864	0.020864	0.020864	0.020864	0.020864	0.020864	0.020864	0.020864	0.020864	0.020864	0.020864	0.020864	0.020864	0.020864	0.020864	0.020864	0.020864	0.020864	0.020864	0.020864	0.020864	0.020864	0.020864	0.020864	0.020864
Professional Services			0	0	0	0	0	0	0	0	0	0	0	0	0	0	0	0	0	0	0	0	0	0	0	0	0	0	0	0	0	0	0	0	0	0	0	0	0	0	0	0	0	0	0	0	0	0	0	0	0	0	0	0	0	0	0	0	0	0	0	0	0	0	0	0	0	0	0	0	0	0	0	0	0	0	0	0	0	0	0	0	0	0	0	0	0	0	0	0	0	0	0	0	0	0	0	0	0	0	0	0	0	0	0	0	0	0	0	0	0	0	0	0	0	0	0	0	0	0	0	0	0	0	0	0	0	0	0	0	0	0	0	0	0	0	0	0	0	0	0	0	0	0	0	0	0	0	0	0	0	0	0	0	0.020864	0.020864	0.020864	0.020864	0.020864	0.020864	0.020864	0.020864	0.020864	0.020864	0.020864	0.020864	0.020864	0.020864	0.020864	0.020864	0.020864	0.020864	0.020864	0.020864	0.020864	0.020864	0.020864	0.020864	0.020864	0.020864	0.020864	0.020864	0.020864	0.020864	0.020864	0.020864	0.020864	0.020864	0.020864	0.020864	0.020864	0.020864	0.020864	0.020864	0.020864	0.020864	0.020864	0.020864	0.020864	0.020864	0.020864	0.020864	0.020864	0.020864	0.020864	0.020864	0.020864	0.020864	0.020864	0.020864	0.020864	0.020864	0.020864	0.020864	0.020864	0.020864	0.020864	0.020864	0.020864	0.020864	0.020864	0.020864	0.020864	0.020864	0.020864	0.020864	0.020864	0.020864	0.020864	0.020864	0.020864	0.020864	0.020864	0.020864	0.020864	0.020864	0.020864	0.020864	0.020864	0.020864	0.020864	0.020864	0.020864	0.020864	0.020864	0.020864	0.020864	0.020864	0.020864	0.020864	0.020864	0.020864	0.020864	0.020864	0.020864	0.020864	0.020864	0.020864	0.020864	0.020864	0.020864	0.020864	0.020864	0.020864	0.020864	0.020864	0.020864	0.020864	0.020864	0.020864	0.020864	0.020864	0.020864	0.020864	0.020864	0.020864	0.020864	0.020864	0.020864	0.020864	0.020864	0.020864	0.020864	0.020864	0.020864	0.020864	0.020864	0.020864	0.020864	0.020864	0.020864	0.020864	0.020864	0.020864	0.020864	0.020864	0.020864	0.020864	0.020864	0.020864	0.020864	0.020864	0.020864	0.020864	0.020864	0.020864	0.020864	0.020864	0.020864	0.020864	0.020864	0.020864	0.020864	0.020864	0.020864	0.020864	0.020864	0.020864	0.020864	0.020864	0.020864	0.020864	0.020864	0.020864	0.020864	0.020864	0.020864	0.020864	0.020864	0.020864	0.020864	0.020864	0.020864	0.020864	0.020864	0.020864	0.020864	0.020864	0.020864	0.020864	0.020864	0.020864	0.020864	0.020864	0.020864	0.020864	0.020864	0.020864	0.020864	0.020864	0.020864	0.020864	0.020864	0.020864	0.020864	0.020864	0.020864	0.020864	0.020864	0.020864	0.020864	0.020864	0.020864	0.020864	0.020864	0.020864	0.020864
Wind Energy			0	0	0	0	0	0	0	0	0	0	0	0	0	0	0	0	0	0	0	0	0	0	0	0	0	0	0	0	0	0	0	0	0	0	0	0	0	0	0	0	0	0	0	0	0	0	0	0	0	0	0	0	0	0	0	0	0	0	0	0	0	0	0	0	0	0	0	0	0	0	0	0	0	0	0	0	0	0	0	0	0	0	0	0	0	0	0	0	0	0	0	0	0	0	0	0	0	0	0	0	0	0	0	0	0	0	0	0	0	0	0	0	0	0	0	0	0	0	0	0	0	0	0	0	0	0	0	0	0	0	0	0	0	0	0	0	0	0	0	0	0	0	0	0	0	0	0	0	0	0	0	0	0.020864	0.020864	0.020864	0.020864	0.020864	0.020864	0.020864	0.020864	0.020864	0.020864	0.020864	0.020864	0.020864	0.020864	0.020864	0.020864	0.020864	0.020864	0.020864	0.020864	0.020864	0.020864	0.020864	0.020864	0.020864	0.020864	0.020864	0.020864	0.020864	0.020864	0.020864	0.020864	0.020864	0.020864	0.020864	0.020864	0.020864	0.020864	0.020864	0.020864	0.020864	0.020864	0.020864	0.020864	0.020864	0.020864	0.020864	0.020864	0.020864	0.020864	0.020864	0.020864	0.020864	0.020864	0.020864	0.020864	0.020864	0.020864	0.020864	0.020864	0.020864	0.020864	0.020864	0.020864	0.020864	0.020864	0.020864	0.020864	0.020864	0.020864	0.020864	0.020864	0.020864	0.020864	0.020864	0.020864	0.020864	0.020864	0.020864	0.020864	0.020864	0.020864	0.020864	0.020864	0.020864	0.020864	0.020864	0.020864	0.020864	0.020864	0.020864	0.020864	0.020864	0.020864	0.020864	0.020864	0.020864	0.020864	0.020864	0.020864	0.020864	0.020864	0.020864	0.020864	0.020864	0.020864	0.020864	0.020864	0.020864	0.020864	0.020864	0.020864	0.020864	0.020864	0.020864	0.020864	0.020864	0.020864	0.020864	0.020864	0.020864	0.020864	0.020864	0.020864	0.020864	0.020864	0.020864	0.020864	0.020864	0.020864	0.020864	0.020864	0.020864	0.020864	0.020864	0.020864	0.020864	0.020864	0.020864	0.020864	0.020864	0.020864	0.020864	0.020864	0.020864	0.020864	0.020864	0.020864	0.020864	0.020864	0.020864	0.020864	0.020864	0.020864	0.020864	0.020864	0.020864	0.020864	0.020864	0.020864	0.020864	0.020864	0.020864	0.020864	0.020864	0.020864	0.020864	0.020864	0.020864	0.020864	0.020864	0.020864	0.020864	0.020864	0.020864	0.020864	0.020864	0.020864	0.020864	0.020864	0.020864	0.020864	0.020864	0.020864	0.020864	0.020864	0.020864	0.020864	0.020864	0.020864	0.020864	0.020864	0.020864	0.020864	0.020864	0.020864	0.020864	0.020864	0.020864	0.020864	0.020864	0.020864	0.020864	0.020864	0.020864	0.020864	0.020864	0.020864	0.020864	0.020864	0.020864	0.020864	0.020864
Personal Finance			0	0	0	0	0	0	0	0	0	0	0	0	0	0	0	0	0	0	0	0	0	0	0	0	0	0	0	0	0	0	0	0	0	0	0	0	0	0	0	0	0	0	0	0	0	0	0	0	0	0	0	0	0	0	0	0	0	0	0	0	0	0	0	0	0	0	0	0	0	0	0	0	0	0	0	0	0	0	0	0	0	0	0	0	0	0	0	0	0	0	0	0	0	0	0	0	0	0	0	0	0	0	0	0	0	0	0	0	0	0	0	0	0	0	0	0	0	0	0	0	0	0	0	0	0	0	0	0	0	0	0	0	0	0	0	0	0	0	0	0	0	0	0	0	0	0	0	0	0	0	0	0	0	0	0	0	0	0	0	0	0	0	0	0	0	0	0	0	0	0	0	0	0	0	0	0	0	0	0	0	0	0	0	0	0	0	0	0	0	0	0	0	0	0	0	0	0	0	0	0	0	0	0	0	0	0	0	0	0	0	0	0	0	0	0	0	0	0	0	0	0	0	0	0	0	0	0	0	0	0	0	0	0	0	0	0	0	0	0	0	0	0	0	0	0	0	0	0	0	0	0	0	0	0	0	0	0	0	0	0	0.019743	0.019743	0.019743	0.019743	0.019743	0.019743	0.019743	0.019743	0.019743	0.019743	0.019743	0.019743	0.019743	0.019743	0.019743	0.019743	0.019743	0.019743	0.019743	0.019743	0.019743	0.019743	0.019743	0.019743	0.019743	0.019743	0.019743	0.019743	0.019743	0.019743	0.019743	0.019743	0.019743	0.019743	0.019743	0.019743	0.019743	0.019743	0.019743	0.019743	0.019743	0.019743	0.019743	0.019743	0.019743	0.019743	0.019743	0.019743	0.019743	0.019743	0.019743	0.019743	0.019743	0.019743	0.019743	0.019743	0.019743	0.019743	0.019743	0.019743	0.019743	0.019743	0.019743	0.019743	0.019743	0.019743	0.019743	0.019743	0.019743	0.019743	0.019743	0.019743	0.019743	0.019743	0.019743	0.019743	0.019743	0.019743	0.019743	0.019743	0.019743	0.019743	0.019743	0.019743	0.019743	0.019743	0.019743	0.019743	0.019743	0.019743	0.019743	0.019743	0.019743	0.019743	0.019743	0.019743	0.019743	0.019743	0.019743	0.019743	0.019743	0.019743	0.019743	0.019743	0.019743
Cloud Data Services			0	0	0	0	0	0	0	0	0	0	0	0	0	0	0	0	0	0	0	0	0	0	0	0	0	0	0	0	0	0	0	0	0	0	0	0	0	0	0	0	0	0	0	0	0	0	0	0	0	0	0	0	0	0	0	0	0	0	0	0	0	0	0	0	0	0	0	0	0	0	0	0	0	0	0	0	0	0	0	0	0	0	0	0	0	0	0	0	0	0	0	0	0	0	0	0	0	0	0	0	0	0	0	0	0	0	0	0	0	0	0	0	0	0	0	0	0	0	0	0	0	0	0	0	0	0	0	0	0	0	0	0	0	0	0	0	0	0	0	0	0	0	0	0	0	0	0	0	0	0	0	0	0	0	0	0	0	0	0	0	0	0	0	0	0	0	0	0	0	0	0	0	0	0	0	0	0	0	0	0	0	0	0	0	0	0	0	0	0	0	0	0	0	0	0	0	0	0	0	0	0	0	0	0	0	0	0	0	0	0	0	0	0	0	0	0	0	0	0	0	0	0	0	0	0	0	0	0	0	0	0	0	0	0	0	0	0	0	0	0	0	0	0	0	0	0	0	0	0	0	0	0	0	0	0	0	0	0	0	0.019585	0.019585	0.019585	0.019585	0.019585	0.019585	0.019585	0.019585	0.019585	0.019585	0.019585	0.019585	0.019585	0.019585	0.019585	0.019585	0.019585	0.019585	0.019585	0.019585	0.019585	0.019585	0.019585	0.019585	0.019585	0.019585	0.019585	0.019585	0.019585	0.019585	0.019585	0.019585	0.019585	0.019585	0.019585	0.019585	0.019585	0.019585	0.019585	0.019585	0.019585	0.019585	0.019585	0.019585	0.019585	0.019585	0.019585	0.019585	0.019585	0.019585	0.019585	0.019585	0.019585	0.019585	0.019585	0.019585	0.019585	0.019585	0.019585	0.019585	0.019585	0.019585	0.019585	0.019585	0.019585	0.019585	0.019585	0.019585	0.019585	0.019585	0.019585	0.019585	0.019585	0.019585	0.019585	0.019585	0.019585	0.019585	0.019585	0.019585	0.019585	0.019585	0.019585	0.019585	0.019585	0.019585	0.019585	0.019585	0.019585	0.019585	0.019585	0.019585	0.019585	0.019585	0.019585	0.019585	0.019585	0.019585	0.019585	0.019585	0.019585	0.019585	0.019585	0.019585	0.019585	0.019585
Space Travel			0	0	0	0	0	0	0	0	0	0	0	0	0	0	0	0	0	0	0	0	0	0	0	0	0	0	0	0	0	0	0	0	0	0	0	0	0	0	0	0	0.005582	0.005582	0.005582	0.005582	0.005582	0.005582	0.005582	0.005582	0.005582	0.005582	0.005582	0.005582	0.005582	0.005582	0.005582	0.005582	0.005582	0.005582	0.005582	0.005582	0.005582	0.005582	0.005582	0.005582	0.005582	0.005582	0.005582	0.005582	0.005582	0.005582	0.005582	0.005582	0.005582	0.005582	0.005582	0.005582	0.005582	0.005582	0.005582	0.005582	0.005582	0.005582	0.005582	0.005582	0.005582	0.005582	0.005582	0.005582	0.005582	0.005582	0.005582	0.005582	0.005582	0.005582	0.005582	0.005582	0.005582	0.005582	0.005582	0.005582	0.005582	0.005582	0.005582	0.005582	0.005582	0.005582	0.005582	0.005582	0.005582	0.005582	0.005582	0.005582	0.005582	0.005582	0.005582	0.005582	0.005582	0.005582	0.005582	0.005582	0.005582	0.005582	0.005582	0.005582	0.005582	0.005582	0.005582	0.005582	0.005582	0.005582	0.005582	0.005582	0.005582	0.005582	0.005582	0.005582	0.005582	0.005582	0.005582	0.005582	0.005582	0.005582	0.005582	0.005582	0.005582	0.005582	0.005582	0.005582	0.005582	0.007257	0.007257	0.007257	0.007257	0.007257	0.007257	0.007257	0.007257	0.007257	0.007257	0.007257	0.007257	0.007257	0.007257	0.007257	0.007257	0.007257	0.007257	0.007257	0.007257	0.007257	0.007257	0.007257	0.007257	0.007257	0.007257	0.007257	0.007257	0.007257	0.007257	0.007257	0.011723	0.011723	0.011723	0.011723	0.011723	0.011723	0.011723	0.011723	0.011723	0.011723	0.011723	0.011723	0.011723	0.011723	0.011723	0.011723	0.011723	0.011723	0.011723	0.011723	0.011723	0.011723	0.011723	0.011723	0.011723	0.011723	0.011723	0.011723	0.011723	0.011723	0.011723	0.011723	0.011723	0.011723	0.011723	0.011723	0.011723	0.011723	0.011723	0.011723	0.011723	0.011723	0.011723	0.011723	0.011723	0.011723	0.011723	0.011723	0.011723	0.011723	0.011723	0.011723	0.011723	0.011723	0.011723	0.011723	0.011723	0.011723	0.011723	0.011723	0.011723	0.011723	0.011723	0.011723	0.011723	0.011723	0.011723	0.011723	0.011723	0.011723	0.011723	0.011723	0.011723	0.011723	0.011723	0.011723	0.011723	0.011723	0.011723	0.011723	0.011723	0.011723	0.011723	0.011723	0.011723	0.011723	0.011723	0.011723	0.011723	0.011723	0.011723	0.011723	0.011723	0.011723	0.011723	0.011723	0.011723	0.011723	0.011723	0.011723	0.011723	0.011723	0.011723	0.011723	0.011723	0.011723	0.019538	0.019538	0.019538	0.019538	0.019538	0.019538	0.019538	0.019538	0.019538	0.019538	0.019538	0.019538	0.019538	0.019538	0.019538	0.019538	0.019538	0.019538	0.019538	0.019538	0.019538	0.019538	0.019538	0.019538	0.019538	0.019538	0.019538	0.019538	0.019538	0.019538	0.019538	0.019538	0.019538	0.019538	0.019538	0.019538	0.019538	0.019538	0.019538	0.019538	0.019538	0.019538	0.019538	0.019538	0.019538	0.019538	0.019538	0.019538	0.019538	0.019538	0.019538	0.019538	0.019538	0.019538	0.019538	0.019538	0.019538	0.019538	0.019538	0.019538	0.019538	0.019538	0.019538	0.019538	0.019538	0.019538	0.019538	0.019538	0.019538	0.019538	0.019538	0.019538	0.019538	0.019538	0.019538	0.019538	0.019538	0.019538	0.019538
Men's			0	0	0	0	0	0	0	0	0	0	0	0	0	0	0	0	0	0	0	0	0	0	0	0	0	0	0	0	0	0	0	0	0	0	0	0	0	0	0	0	0	0	0	0	0	0	0	0	0	0	0	0	0	0	0	0	0	0	0	0	0	0	0	0	0	0	0	0	0	0	0	0.019347	0.019347	0.019347	0.019347	0.019347	0.019347	0.019347	0.019347	0.019347	0.019347	0.019347	0.019347	0.019347	0.019347	0.019347	0.019347	0.019347	0.019347	0.019347	0.019347	0.019347	0.019347	0.019347	0.019347	0.019347	0.019347	0.019347	0.019347	0.019347	0.019347	0.019347	0.019347	0.019347	0.019347	0.019347	0.019347	0.019347	0.019347	0.019347	0.019347	0.019347	0.019347	0.019347	0.019347	0.019347	0.019347	0.019347	0.019347	0.019347	0.019347	0.019347	0.019347	0.019347	0.019347	0.019347	0.019347	0.019347	0.019347	0.019347	0.019347	0.019347	0.019347	0.019347	0.019347	0.019347	0.019347	0.019347	0.019347	0.019347	0.019347	0.019347	0.019347	0.019347	0.019347	0.019347	0.019347	0.019347	0.019347	0.019347	0.019347	0.019347	0.019347	0.019347	0.019347	0.019347	0.019347	0.019347	0.019347	0.019347	0.019347	0.019347	0.019347	0.019347	0.019347	0.019347	0.019347	0.019347	0.019347	0.019347	0.019347	0.019347	0.019347	0.019347	0.019347	0.019347	0.019347	0.019347	0.019347	0.019347	0.019347	0.019347	0.019347	0.019347	0.019347	0.019347	0.019347	0.019347	0.019347	0.019347	0.019347	0.019347	0.019347	0.019347	0.019347	0.019347	0.019347	0.019347	0.019347	0.019347	0.019347	0.019347	0.019347	0.019347	0.019347	0.019347	0.019347	0.019347	0.019347	0.019347	0.019347	0.019347	0.019347	0.019347	0.019347	0.019347	0.019347	0.019347	0.019347	0.019347	0.019347	0.019347	0.019347	0.019347	0.019347	0.019347	0.019347	0.019347	0.019347	0.019347	0.019347	0.019347	0.019347	0.019347	0.019347	0.019347	0.019347	0.019347	0.019347	0.019347	0.019347	0.019347	0.019347	0.019347	0.019347	0.019347	0.019347	0.019347	0.019347	0.019347	0.019347	0.019347	0.019347	0.019347	0.019347	0.019347	0.019347	0.019347	0.019347	0.019347	0.019347	0.019347	0.019347	0.019347	0.019347	0.019347	0.019347	0.019347	0.019347	0.019347	0.019347	0.019347	0.019347	0.019347	0.019347	0.019347	0.019347	0.019347	0.019347	0.019347	0.019347	0.019347	0.019347	0.019347	0.019347	0.019347	0.019347	0.019347	0.019347	0.019347	0.019347	0.019347	0.019347	0.019347	0.019347	0.019347	0.019347	0.019347	0.019347	0.019347	0.019347	0.019347	0.019347	0.019347	0.019347	0.019347	0.019347	0.019347	0.019347	0.019347	0.019347	0.019347	0.019347	0.019347	0.019347	0.019347	0.019347	0.019347	0.019347	0.019347	0.019347	0.019347	0.019347	0.019347	0.019347	0.019347	0.019347	0.019347	0.019347	0.019347	0.019347	0.019347	0.019347	0.019347	0.019347	0.019347	0.019347	0.019347	0.019347	0.019347	0.019347	0.019347	0.019347	0.019347	0.019347	0.019347	0.019347	0.019347	0.019347	0.019347	0.019347	0.019347	0.019347	0.019347	0.019347	0.019347	0.019347	0.019347	0.019347	0.019347	0.019347	0.019347	0.019347	0.019347	0.019347
Enterprise Resource Planning (ERP)			0	0	0	0	0	0	0	0	0	0	0	0	0	0	0	0	0	0	0	0	0	0	0	0	0	0	0	0	0	0	0	0	0	0	0	0	0	0	0	0	0	0	0	0	0	0	0	0	0	0	0	0	0	0	0	0	0	0	0	0	0	0	0	0	0	0	0	0	0	0	0.000335	0.000335	0.000335	0.000335	0.000335	0.000335	0.018943	0.018943	0.018943	0.018943	0.018943	0.018943	0.018943	0.018943	0.018943	0.018943	0.018943	0.018943	0.018943	0.018943	0.018943	0.018943	0.018943	0.018943	0.018943	0.018943	0.018943	0.018943	0.018943	0.018943	0.018943	0.018943	0.018943	0.018943	0.018943	0.018943	0.018943	0.018943	0.018943	0.018943	0.018943	0.018943	0.018943	0.018943	0.018943	0.018943	0.018943	0.018943	0.018943	0.018943	0.018943	0.018943	0.018943	0.018943	0.018943	0.018943	0.018943	0.018943	0.018943	0.018943	0.018943	0.018943	0.018943	0.018943	0.018943	0.018943	0.018943	0.018943	0.018943	0.018943	0.018943	0.018943	0.018943	0.018943	0.018943	0.018943	0.018943	0.018943	0.018943	0.018943	0.018943	0.018943	0.018943	0.018943	0.018943	0.018943	0.018943	0.018943	0.018943	0.018943	0.018943	0.018943	0.018943	0.018943	0.018943	0.018943	0.018943	0.018943	0.018943	0.018943	0.018943	0.018943	0.018943	0.018943	0.018943	0.018943	0.018943	0.018943	0.018943	0.018943	0.018943	0.018943	0.018943	0.018943	0.018943	0.018943	0.018943	0.018943	0.018943	0.018943	0.018943	0.018943	0.018943	0.018943	0.018943	0.018943	0.018943	0.018943	0.018943	0.018943	0.018943	0.018943	0.018943	0.018943	0.018943	0.018943	0.018943	0.018943	0.018943	0.018943	0.018943	0.018943	0.018943	0.018943	0.018943	0.018943	0.018943	0.018943	0.018943	0.018943	0.018943	0.018943	0.018943	0.018943	0.018943	0.018943	0.018943	0.018943	0.018943	0.018943	0.018943	0.018943	0.018943	0.018943	0.018943	0.018943	0.018943	0.018943	0.018943	0.018943	0.018943	0.018943	0.018943	0.018943	0.018943	0.018943	0.018943	0.018943	0.018943	0.018943	0.018943	0.018943	0.018943	0.018943	0.018943	0.018943	0.018943	0.018943	0.018943	0.018943	0.018943	0.018943	0.018943	0.018943	0.018943	0.018943	0.018943	0.018943	0.018943	0.018943	0.018943	0.018943	0.018943	0.018943	0.018943	0.018943	0.018943	0.018943	0.018943	0.018943	0.018943	0.018943	0.018943	0.018943	0.018943	0.018943	0.018943	0.018943	0.018943	0.018943	0.018943	0.018943	0.018943	0.018943	0.018943	0.018943	0.018943	0.018943	0.018943	0.018943	0.018943	0.018943	0.018943	0.018943	0.018943	0.018943	0.018943	0.018943	0.018943	0.018943	0.018943	0.018943	0.018943	0.018943	0.018943	0.018943	0.018943	0.018943	0.018943	0.018943	0.018943	0.018943	0.018943	0.018943	0.018943	0.018943	0.018943	0.018943	0.018943	0.018943	0.018943	0.018943	0.018943	0.018943	0.018943	0.018943	0.018943	0.018943	0.018943	0.018943	0.018943	0.018943	0.018943	0.018943	0.018943	0.018943	0.018943	0.018943	0.018943	0.018943	0.018943	0.018943	0.018943	0.018943	0.018943	0.018943	0.018943	0.018943	0.018943	0.018943	0.018943	0.018943	0.018943	0.018943	0.018943
Network Security			0	0	0	0	0	0	0	0	0	0	0	0	0	0	0	0	0	0	0	0	0	0	0	0	0	0	0	0	0	0	0	0	0	0	0	0	0	0	0	0	0	0	0	0	0	0	0	0	0	0	0	0	0	0	0	0	0	0	0	0	0	0	0	0	0	0	0	0	0	0	0	0	0	0	0	0	0	0	0	0	0	0	0	0	0	0	0	0	0	0	0	0	0.000072	0.000072	0.000072	0.000072	0.000072	0.000072	0.000072	0.000072	0.000072	0.000072	0.000072	0.000072	0.000072	0.000072	0.000072	0.000072	0.000072	0.000072	0.000072	0.000072	0.000072	0.000072	0.000072	0.000072	0.000072	0.000072	0.000072	0.000072	0.000072	0.000072	0.000072	0.000072	0.000072	0.000072	0.000072	0.000072	0.000072	0.000072	0.000072	0.000072	0.000072	0.000072	0.000072	0.000072	0.000072	0.000072	0.000072	0.000072	0.000072	0.000072	0.000072	0.000072	0.000072	0.000072	0.000072	0.000072	0.000072	0.000072	0.000072	0.000072	0.000072	0.000072	0.000072	0.000072	0.017935	0.017935	0.017935	0.017935	0.017935	0.017935	0.017935	0.017935	0.017935	0.017935	0.017935	0.017935	0.017935	0.017935	0.017935	0.017935	0.017935	0.017935	0.017935	0.017935	0.017935	0.017935	0.017935	0.017935	0.017935	0.017935	0.017935	0.017935	0.017935	0.017935	0.017935	0.017935	0.017935	0.017935	0.017935	0.017935	0.017935	0.017935	0.017935	0.017935	0.017935	0.017935	0.017935	0.017935	0.017935	0.017935	0.017935	0.017935	0.017935	0.017935	0.017935	0.017935	0.017935	0.017935	0.017935	0.017935	0.017935	0.017935	0.017935	0.017935	0.017935	0.017935	0.017935	0.017935	0.017935	0.017935	0.017935	0.017935	0.017935	0.017935	0.017935	0.017935	0.017935	0.017935	0.017935	0.017935	0.017935	0.017935	0.017935	0.017935	0.017935	0.017935	0.017935	0.017935	0.017935	0.017935	0.017935	0.017935	0.017935	0.017935	0.017935	0.017935	0.017935	0.017935	0.017935	0.017935	0.017935	0.017935	0.017935	0.017935	0.017935	0.017935	0.017935	0.017935	0.017935	0.017935	0.017935	0.017935	0.017935	0.017935	0.017935	0.017935	0.017935	0.017935	0.017935	0.017935	0.017935	0.017935	0.017935	0.017935	0.017935	0.017935	0.017935	0.017935	0.017935	0.017935	0.017935	0.017935	0.017935	0.017935	0.017935	0.017935	0.017935	0.017935	0.017935	0.017935	0.017935	0.017935	0.017935	0.017935	0.017935	0.017935	0.017935	0.017935	0.017935	0.017935	0.017935	0.017935	0.017935	0.017935	0.017935	0.017935	0.017935	0.017935	0.017935	0.017935	0.017935	0.017935	0.017935	0.017935	0.017935	0.017935	0.017935	0.017935	0.017935	0.017935	0.017935	0.017935	0.017935	0.017935	0.017935	0.017935	0.017935	0.017935	0.017935	0.017935	0.017935	0.017935	0.017935	0.017935	0.017935	0.017935	0.017935	0.017935	0.017935	0.017935	0.017935	0.017935	0.017935	0.017935	0.017935	0.017935	0.017935	0.017935	0.017935	0.017935	0.017935	0.017935	0.017935	0.017935	0.017935	0.017935	0.017935	0.017935	0.017935	0.017935	0.017935	0.017935	0.017935
Privacy			0	0	0	0	0	0	0	0	0	0	0	0	0	0	0	0	0	0	0	0	0	0	0	0	0	0	0	0	0	0	0	0	0	0	0	0	0	0	0	0	0	0	0	0	0	0	0	0	0	0	0	0	0	0	0	0	0	0	0	0	0	0	0	0	0	0	0	0	0	0	0	0	0	0	0	0	0	0	0	0	0	0	0	0	0	0	0	0	0	0	0	0	0	0	0	0	0	0	0	0	0	0	0	0	0	0	0	0	0	0	0	0	0	0	0	0	0	0	0	0	0	0	0	0	0	0	0	0	0	0	0	0	0	0	0	0	0	0	0	0	0	0	0	0	0	0	0	0	0	0	0	0	0	0	0	0	0	0	0	0	0	0	0	0	0	0	0	0	0	0	0	0	0	0	0	0	0	0	0	0	0	0	0	0	0	0	0	0	0	0	0	0	0	0	0	0.005966	0.005966	0.005966	0.005966	0.005966	0.005966	0.005966	0.005966	0.005966	0.005966	0.005966	0.005966	0.005966	0.005966	0.005966	0.005966	0.005966	0.005966	0.005966	0.005966	0.005966	0.005966	0.005966	0.005966	0.005966	0.005966	0.005966	0.005966	0.005966	0.005966	0.005966	0.005966	0.005966	0.005966	0.005966	0.005966	0.005966	0.005966	0.005966	0.005966	0.005966	0.005966	0.005966	0.005966	0.005966	0.005966	0.005966	0.005966	0.005966	0.005966	0.005966	0.005966	0.005966	0.005966	0.005966	0.005966	0.005966	0.005966	0.005966	0.005966	0.005966	0.005966	0.005966	0.005966	0.005966	0.005966	0.005966	0.005966	0.005966	0.005966	0.005966	0.005966	0.005966	0.005966	0.005966	0.005966	0.005966	0.005966	0.005966	0.005966	0.005966	0.005966	0.005966	0.005966	0.005966	0.005966	0.005966	0.005966	0.005966	0.005966	0.005966	0.005966	0.005966	0.005966	0.005966	0.005966	0.005966	0.005966	0.005966	0.005966	0.005966	0.005966	0.005966	0.005966	0.005966	0.005966	0.005966	0.005966	0.005966	0.005966	0.005966	0.005966	0.005966	0.005966	0.005966	0.005966	0.005966	0.005966	0.005966	0.005966	0.005966	0.005966	0.005966	0.005966	0.005966	0.005966	0.017689	0.017689	0.017689	0.017689	0.017689	0.017689	0.017689	0.017689	0.017689	0.017689	0.017689	0.017689	0.017689	0.017689	0.017689	0.017689	0.017689	0.017689	0.017689	0.017689	0.017689	0.017689	0.017689	0.017689	0.017689	0.017689	0.017689	0.017689	0.017689	0.017689	0.017689	0.017689	0.017689	0.017689	0.017689	0.017689	0.017689	0.017689	0.017689	0.017689	0.017689	0.017689	0.017689	0.017689
Solar			0	0	0	0	0	0	0	0	0	0	0	0	0	0	0	0	0	0	0	0	0	0	0	0	0	0	0	0	0	0	0	0	0	0	0	0	0	0	0	0	0	0	0	0	0	0	0	0	0	0	0	0	0	0	0	0	0	0	0	0	0	0	0	0	0	0	0	0	0	0	0	0	0	0	0	0	0	0	0	0	0	0	0	0	0	0	0	0	0	0	0.000526	0.000526	0.000526	0.000526	0.000526	0.000526	0.000526	0.000526	0.000526	0.000526	0.000526	0.000526	0.000526	0.000526	0.000526	0.000526	0.000526	0.000526	0.000526	0.000526	0.000526	0.000526	0.000526	0.000526	0.000526	0.000526	0.000526	0.000526	0.000526	0.000526	0.000526	0.000526	0.000526	0.000526	0.000526	0.000526	0.000526	0.000526	0.000526	0.000526	0.000526	0.000526	0.000526	0.000526	0.000526	0.000526	0.000526	0.000526	0.000526	0.000526	0.000526	0.000526	0.000526	0.000526	0.000526	0.000526	0.000526	0.000526	0.000526	0.000526	0.000526	0.000526	0.000526	0.000526	0.000526	0.000526	0.000526	0.000526	0.000526	0.000526	0.000526	0.000526	0.000526	0.000526	0.000526	0.000526	0.000526	0.000526	0.000526	0.000526	0.000526	0.000526	0.000526	0.000526	0.000526	0.000526	0.000526	0.000526	0.000526	0.000526	0.000526	0.000526	0.000526	0.000526	0.000526	0.000526	0.000526	0.000526	0.000526	0.000526	0.000526	0.000526	0.000526	0.000526	0.000526	0.000526	0.000526	0.000526	0.000526	0.000526	0.000526	0.000526	0.000526	0.000526	0.000526	0.000526	0.000526	0.000526	0.000526	0.000526	0.000526	0.000526	0.000526	0.000526	0.000526	0.000526	0.000526	0.000526	0.000526	0.000526	0.000526	0.000526	0.000526	0.000526	0.000526	0.000526	0.000526	0.000526	0.000526	0.000526	0.000526	0.000526	0.000526	0.000526	0.000526	0.000526	0.000526	0.000526	0.000526	0.000526	0.000526	0.000526	0.000526	0.000526	0.000526	0.000526	0.000526	0.000526	0.000526	0.000526	0.000526	0.000526	0.000526	0.000526	0.000526	0.000526	0.000526	0.000526	0.000526	0.000526	0.000526	0.000526	0.000526	0.000526	0.000526	0.000526	0.000526	0.000526	0.000526	0.000526	0.000526	0.000526	0.000526	0.000526	0.000526	0.000526	0.000526	0.000526	0.000526	0.000526	0.000526	0.000526	0.000526	0.000526	0.000526	0.000526	0.000526	0.000526	0.000526	0.000526	0.000526	0.000526	0.000526	0.017273	0.017273	0.017273	0.017273	0.017273	0.017273	0.017273	0.017273	0.017273	0.017273	0.017273	0.017273	0.017273	0.017273	0.017273	0.017273	0.017273	0.017273	0.017273	0.017273	0.017273	0.017273	0.017273	0.017273	0.017273	0.017273	0.017273	0.017273	0.017273	0.017273	0.017273	0.017273	0.017273	0.017273	0.017273	0.017273	0.017273	0.017273	0.017273	0.017273	0.017273	0.017273	0.017273	0.017273	0.017273	0.017273	0.017273	0.017273	0.017273	0.017273	0.017273	0.017273	0.017273	0.017273	0.017273	0.017273	0.017273	0.017273	0.017273	0.017273	0.017273	0.017273	0.017273	0.017273	0.017273	0.017273	0.017273	0.017273	0.017273	0.017273	0.017273	0.017273
Sales Automation			0	0	0	0	0	0	0	0	0	0	0	0	0	0	0	0	0	0	0	0	0	0	0	0	0	0	0	0	0	0	0	0	0	0	0	0	0	0	0	0	0	0	0	0	0	0	0	0	0	0	0	0	0	0	0	0	0	0	0	0	0	0	0	0	0	0	0	0	0	0	0.000335	0.000335	0.000335	0.000335	0.000335	0.000335	0.000335	0.000335	0.000335	0.000335	0.000335	0.000335	0.000335	0.000335	0.000335	0.000335	0.000335	0.000335	0.000335	0.000335	0.000335	0.000335	0.000335	0.000335	0.000335	0.000335	0.000335	0.007034	0.007034	0.007034	0.007034	0.007034	0.007034	0.007034	0.007034	0.007034	0.007034	0.007034	0.007034	0.007034	0.007034	0.007034	0.007034	0.007034	0.007034	0.007034	0.007034	0.007034	0.007034	0.007034	0.007034	0.007034	0.007034	0.007034	0.007034	0.007034	0.007034	0.007034	0.007034	0.007034	0.007034	0.007034	0.007034	0.007034	0.007034	0.007034	0.007034	0.007034	0.007034	0.007034	0.007034	0.007034	0.007034	0.007034	0.007034	0.007034	0.007034	0.007034	0.007034	0.007034	0.007034	0.007034	0.007034	0.007034	0.007034	0.007034	0.007034	0.007034	0.007034	0.007034	0.007034	0.007034	0.007034	0.007034	0.007034	0.007034	0.007034	0.007034	0.007034	0.007034	0.007034	0.007034	0.007034	0.007034	0.007034	0.007034	0.007034	0.007034	0.007034	0.007034	0.007034	0.007034	0.007034	0.007034	0.007034	0.007034	0.007034	0.007034	0.007034	0.007034	0.007034	0.007034	0.007034	0.007034	0.007034	0.007034	0.007034	0.007034	0.007034	0.007034	0.007034	0.007034	0.007034	0.007034	0.007034	0.007034	0.007034	0.007034	0.007034	0.007034	0.007034	0.007034	0.007034	0.007034	0.007034	0.007034	0.007034	0.007034	0.007034	0.007034	0.007034	0.007034	0.007034	0.007034	0.007034	0.007034	0.007034	0.007034	0.007034	0.007034	0.007034	0.007034	0.007034	0.007034	0.007034	0.007034	0.007034	0.007034	0.007034	0.007034	0.007034	0.007034	0.007034	0.007034	0.007034	0.007034	0.007034	0.011388	0.011388	0.011388	0.011388	0.011388	0.011388	0.011388	0.011388	0.011388	0.011388	0.016412	0.016412	0.016412	0.016412	0.016412	0.016412	0.016412	0.016412	0.016412	0.016412	0.016412	0.016412	0.016412	0.016412	0.016412	0.016412	0.016412	0.016412	0.016412	0.016412	0.016412	0.016412	0.016412	0.016412	0.016412	0.016412	0.016412	0.016412	0.016412	0.016412	0.016412	0.016412	0.016412	0.016412	0.016412	0.016915	0.016915	0.016915	0.016915	0.016915	0.016915	0.016915	0.016915	0.016915	0.016915	0.016915	0.016915	0.016915	0.016915	0.016915	0.016915	0.016915	0.016915	0.016915	0.016915	0.016915	0.016915	0.016915	0.016915	0.016915	0.016915	0.016915	0.016915	0.016915	0.016915	0.016915	0.016915	0.016915	0.016915	0.016915	0.016915	0.016915	0.016915	0.016915	0.016915	0.016915	0.016915	0.016915	0.016915	0.016915	0.016915	0.016915	0.016915	0.016915	0.016915	0.016915	0.016915	0.016915	0.016915	0.016915	0.016915	0.016915	0.016915	0.016915	0.016915	0.016915	0.016915	0.016915	0.016915	0.016915	0.016915	0.016915	0.016915	0.016915	0.016915	0.016915	0.016915	0.016915
Lead Generation			0.001675	0.001675	0.001675	0.001675	0.001675	0.001675	0.001675	0.001675	0.001675	0.001675	0.001675	0.001675	0.001675	0.001675	0.001675	0.001675	0.001675	0.001675	0.001675	0.001675	0.001675	0.001675	0.001675	0.001675	0.001675	0.001675	0.001675	0.001675	0.001675	0.001675	0.001675	0.001675	0.001675	0.001675	0.001675	0.001675	0.001675	0.001675	0.001675	0.001675	0.001675	0.001675	0.001675	0.001675	0.001675	0.001675	0.001675	0.001675	0.001675	0.001675	0.001675	0.001675	0.001675	0.001675	0.001675	0.001675	0.001675	0.001675	0.001675	0.001675	0.001675	0.001675	0.001675	0.001675	0.001675	0.001675	0.001675	0.001675	0.001675	0.001675	0.001675	0.001675	0.001675	0.001675	0.001675	0.001675	0.001675	0.001675	0.001675	0.001675	0.001675	0.001675	0.001675	0.001675	0.001675	0.001675	0.001675	0.001675	0.001675	0.001675	0.001675	0.001675	0.001675	0.001675	0.001675	0.001675	0.001675	0.001675	0.001675	0.001675	0.001675	0.001675	0.001675	0.001675	0.001675	0.001675	0.001675	0.001675	0.001675	0.001675	0.001675	0.001675	0.001675	0.001675	0.001675	0.001675	0.001675	0.001675	0.001675	0.001675	0.001675	0.001675	0.001675	0.001675	0.001675	0.001675	0.001675	0.001675	0.001675	0.001675	0.001675	0.001675	0.001675	0.001675	0.001675	0.001675	0.001675	0.001675	0.001675	0.001675	0.001675	0.001675	0.001675	0.001675	0.001675	0.001675	0.001675	0.001675	0.001675	0.001675	0.001675	0.001675	0.001675	0.001675	0.001675	0.001675	0.001675	0.001675	0.001675	0.001675	0.001675	0.001675	0.001675	0.001675	0.001675	0.001675	0.001675	0.001675	0.001675	0.001675	0.001675	0.001675	0.001675	0.001675	0.001675	0.001675	0.001675	0.001675	0.001675	0.001675	0.001675	0.001675	0.001675	0.001675	0.001675	0.001675	0.001675	0.001675	0.001675	0.001675	0.001675	0.001675	0.001675	0.001675	0.001675	0.001675	0.001675	0.001675	0.001675	0.001675	0.001675	0.001675	0.001675	0.001675	0.001675	0.001675	0.001675	0.001675	0.001675	0.001675	0.001675	0.001675	0.001675	0.001675	0.001675	0.001675	0.001675	0.001675	0.001675	0.001675	0.001675	0.001675	0.001675	0.001675	0.001675	0.001675	0.001675	0.001675	0.001675	0.001675	0.001675	0.001675	0.001675	0.001675	0.001675	0.001675	0.001675	0.001675	0.001675	0.001675	0.001675	0.001675	0.001675	0.001675	0.001675	0.001675	0.001675	0.001675	0.001675	0.001675	0.001675	0.001675	0.001675	0.001675	0.001675	0.001675	0.001675	0.006699	0.006699	0.006699	0.006699	0.006699	0.006699	0.006699	0.006699	0.006699	0.006699	0.006699	0.006699	0.006699	0.006699	0.006699	0.006699	0.006699	0.006699	0.006699	0.006699	0.006699	0.006699	0.006699	0.006699	0.006699	0.006699	0.006699	0.006699	0.006699	0.006699	0.006699	0.006699	0.006699	0.006699	0.006699	0.007201	0.007201	0.007201	0.007201	0.007201	0.007201	0.007201	0.007201	0.007201	0.007201	0.007201	0.007201	0.007201	0.007201	0.007201	0.007201	0.007201	0.007201	0.007201	0.007201	0.007201	0.007201	0.007201	0.007201	0.007201	0.007201	0.007201	0.007201	0.007201	0.007201	0.007201	0.007201	0.007201	0.007201	0.007201	0.007201	0.007201	0.007201	0.007201	0.007201	0.007201	0.007201	0.007201	0.007201	0.007201	0.007201	0.007201	0.007201	0.007201	0.007201	0.007201	0.007201	0.007201	0.007201	0.007201	0.007201	0.007201	0.007201	0.007201	0.016691	0.016691	0.016691	0.016691	0.016691	0.016691	0.016691	0.016691	0.016691	0.016691	0.016691	0.016691	0.016691	0.016691
Data Storage			0	0	0	0	0	0	0	0	0	0	0	0	0	0	0	0	0	0	0	0	0	0	0	0	0	0	0	0	0	0	0	0	0	0	0	0	0	0	0	0	0	0	0	0	0	0	0	0	0	0	0	0	0	0	0	0	0	0	0	0	0	0	0	0	0	0	0	0	0	0	0	0	0	0	0	0	0	0	0	0	0	0	0	0	0	0	0	0	0	0	0	0	0	0	0	0	0	0.006699	0.006699	0.006699	0.006699	0.006699	0.006699	0.006699	0.006699	0.006699	0.006699	0.006699	0.006699	0.006699	0.006699	0.006699	0.006699	0.006699	0.006699	0.006699	0.006699	0.006699	0.006699	0.006699	0.006699	0.006699	0.006699	0.006699	0.006699	0.006699	0.006699	0.006699	0.006699	0.006699	0.006699	0.006699	0.006699	0.006699	0.006699	0.006699	0.006699	0.006699	0.006699	0.006699	0.006699	0.006699	0.006699	0.006699	0.006699	0.006699	0.006699	0.006699	0.006699	0.006699	0.006699	0.006699	0.006699	0.006699	0.006699	0.006699	0.006699	0.006699	0.006699	0.006699	0.006699	0.006699	0.006699	0.006699	0.006699	0.006699	0.006699	0.006699	0.006699	0.006699	0.006699	0.006699	0.006699	0.006699	0.006699	0.006699	0.006699	0.006699	0.006699	0.006699	0.006699	0.006699	0.006699	0.006699	0.006699	0.006699	0.006699	0.006699	0.006699	0.006699	0.006699	0.006699	0.006699	0.006699	0.006699	0.006699	0.006699	0.006699	0.006699	0.006699	0.006699	0.006699	0.006699	0.006699	0.006699	0.006699	0.006699	0.006699	0.006699	0.006699	0.006699	0.006699	0.006699	0.006699	0.006699	0.006699	0.006699	0.006699	0.006699	0.006699	0.006699	0.006699	0.006699	0.006699	0.006699	0.006699	0.006699	0.006699	0.006699	0.006699	0.006699	0.006699	0.006699	0.006699	0.006699	0.006699	0.006699	0.006699	0.006699	0.006699	0.006699	0.006699	0.006699	0.006699	0.006699	0.006699	0.006699	0.006699	0.006699	0.006699	0.006699	0.006699	0.006699	0.006699	0.006699	0.006699	0.006699	0.006699	0.006699	0.006699	0.006699	0.006699	0.006699	0.006699	0.006699	0.006699	0.006699	0.006699	0.006699	0.006699	0.006699	0.006699	0.006699	0.006699	0.006699	0.006699	0.006699	0.006699	0.006699	0.006699	0.006699	0.006699	0.006699	0.006699	0.006699	0.006699	0.006699	0.006699	0.006699	0.006699	0.006699	0.006699	0.006699	0.006699	0.006699	0.006699	0.006699	0.006699	0.006699	0.006699	0.006699	0.006699	0.006699	0.006699	0.006699	0.006699	0.006699	0.006699	0.006699	0.006699	0.006699	0.006699	0.006699	0.006699	0.006699	0.006699	0.006699	0.006699	0.006699	0.006699	0.006699	0.006699	0.015631	0.015631	0.015631	0.015631	0.015631	0.015631	0.015631	0.015631	0.015631	0.015631	0.015631	0.015631	0.015631	0.015631	0.015631	0.015631	0.015631	0.015631	0.015631	0.015631	0.015631	0.015631	0.015631	0.015631	0.015631	0.015631	0.015631	0.015631	0.015631	0.015631	0.015631	0.015631	0.015631	0.015631	0.015631	0.015631	0.015631	0.015631	0.015631	0.015631	0.015631	0.015631	0.015631
Web Development			0	0	0	0	0	0	0	0	0	0	0	0	0	0	0	0	0	0	0	0	0	0	0	0	0	0	0	0	0	0	0	0	0	0	0	0	0	0	0	0	0	0	0	0	0	0	0	0	0	0	0	0	0	0	0	0	0	0	0	0	0	0	0	0	0	0	0	0	0	0	0	0	0	0	0	0	0	0	0	0	0	0	0	0	0	0	0	0	0	0	0.000558	0.000558	0.000558	0.000558	0.000893	0.000893	0.000893	0.000893	0.000893	0.000893	0.000893	0.000893	0.000893	0.000893	0.000893	0.000893	0.000893	0.000893	0.000893	0.000893	0.000893	0.000893	0.000893	0.000893	0.000893	0.000893	0.000893	0.000893	0.000893	0.000893	0.000893	0.000893	0.000893	0.000893	0.000893	0.000893	0.000893	0.000893	0.000893	0.000893	0.000893	0.000893	0.000893	0.000893	0.000893	0.000893	0.000893	0.000893	0.000893	0.000893	0.000893	0.000893	0.000893	0.000893	0.000893	0.000893	0.000893	0.000893	0.000893	0.000893	0.000893	0.000893	0.000893	0.000893	0.000893	0.000893	0.000893	0.000893	0.000893	0.000893	0.000893	0.000893	0.000893	0.000893	0.000893	0.000893	0.000893	0.000893	0.000893	0.000893	0.000893	0.000893	0.000893	0.000893	0.000893	0.000893	0.000893	0.000893	0.000893	0.000893	0.000893	0.000893	0.000893	0.000893	0.000893	0.000893	0.000893	0.000893	0.000893	0.000893	0.000893	0.000893	0.000893	0.000893	0.000893	0.000893	0.000893	0.000893	0.000893	0.000893	0.000893	0.000893	0.000893	0.000893	0.000893	0.000893	0.000893	0.000893	0.000893	0.000893	0.000893	0.000893	0.000893	0.000893	0.000893	0.000893	0.000893	0.000893	0.000893	0.000893	0.000893	0.000893	0.000893	0.000893	0.000893	0.010941	0.010941	0.010941	0.010941	0.010941	0.010941	0.010941	0.010941	0.010941	0.010941	0.010941	0.010941	0.010941	0.015407	0.015407	0.015407	0.015407	0.015407	0.015407	0.015407	0.015407	0.015407	0.015407	0.015407	0.015407	0.015407	0.015407	0.015407	0.015407	0.015407	0.015407	0.015407	0.015407	0.015407	0.015407	0.015407	0.015407	0.015407	0.015407	0.015407	0.015407	0.015407	0.015407	0.015407	0.015407	0.015407	0.015407	0.015407	0.015407	0.015407	0.015407	0.015407	0.015407	0.015407	0.015407	0.015407	0.015407	0.015407	0.015407	0.015407	0.015407	0.015407	0.015407	0.015407	0.015407	0.015407	0.015407	0.015407	0.015407	0.015407	0.015407	0.015407	0.015407	0.015407	0.015407	0.015407	0.015407	0.015407	0.015407	0.015407	0.015407	0.015407	0.015407	0.015407	0.015407	0.015407	0.015407	0.015407	0.015407	0.015407	0.015407	0.015407	0.015407	0.015407	0.015407	0.015407	0.015407	0.015407	0.015407	0.015407	0.015407	0.015407	0.015407	0.015407	0.015407	0.015407	0.015407	0.015407	0.015407	0.015407	0.015407	0.015407	0.015407	0.015407	0.015407	0.015407	0.015407	0.015407	0.015407	0.015407	0.015407	0.015407	0.015407	0.015407	0.015407	0.015407	0.015407	0.015407	0.015407	0.015407	0.015407	0.015407	0.015407	0.015407	0.015407	0.015407	0.015407	0.015407	0.015407	0.015407
Consumer Electronics			0	0	0	0	0	0	0	0	0	0	0	0	0	0	0	0	0	0	0	0	0	0	0	0	0	0	0	0	0	0	0	0	0	0	0	0	0	0	0	0	0	0	0.015296	0.015296	0.015296	0.015296	0.015296	0.015296	0.015296	0.015296	0.015296	0.015296	0.015296	0.015296	0.015296	0.015296	0.015296	0.015296	0.015296	0.015296	0.015296	0.015296	0.015296	0.015296	0.015296	0.015296	0.015296	0.015296	0.015296	0.015296	0.015296	0.015296	0.015296	0.015296	0.015296	0.015296	0.015296	0.015296	0.015296	0.015296	0.015296	0.015296	0.015296	0.015296	0.015296	0.015296	0.015296	0.015296	0.015296	0.015296	0.015296	0.015296	0.015296	0.015296	0.015296	0.015296	0.015296	0.015296	0.015296	0.015296	0.015296	0.015296	0.015296	0.015296	0.015296	0.015296	0.015296	0.015296	0.015296	0.015296	0.015296	0.015296	0.015296	0.015296	0.015296	0.015296	0.015296	0.015296	0.015296	0.015296	0.015296	0.015296	0.015296	0.015296	0.015296	0.015296	0.015296	0.015296	0.015296	0.015296	0.015296	0.015296	0.015296	0.015296	0.015296	0.015296	0.015296	0.015296	0.015296	0.015296	0.015296	0.015296	0.015296	0.015296	0.015296	0.015296	0.015296	0.015296	0.015296	0.015296	0.015296	0.015296	0.015296	0.015296	0.015296	0.015296	0.015296	0.015296	0.015296	0.015296	0.015296	0.015296	0.015296	0.015296	0.015296	0.015296	0.015296	0.015296	0.015296	0.015296	0.015296	0.015296	0.015296	0.015296	0.015296	0.015296	0.015296	0.015296	0.015296	0.015296	0.015296	0.015296	0.015296	0.015296	0.015296	0.015296	0.015296	0.015296	0.015296	0.015296	0.015296	0.015296	0.015296	0.015296	0.015296	0.015296	0.015296	0.015296	0.015296	0.015296	0.015296	0.015296	0.015296	0.015296	0.015296	0.015296	0.015296	0.015296	0.015296	0.015296	0.015296	0.015296	0.015296	0.015296	0.015296	0.015296	0.015296	0.015296	0.015296	0.015296	0.015296	0.015296	0.015296	0.015296	0.015296	0.015296	0.015296	0.015296	0.015296	0.015296	0.015296	0.015296	0.015296	0.015296	0.015296	0.015296	0.015296	0.015296	0.015296	0.015296	0.015296	0.015296	0.015296	0.015296	0.015296	0.015296	0.015296	0.015296	0.015296	0.015296	0.015296	0.015296	0.015296	0.015296	0.015296	0.015296	0.015296	0.015296	0.015296	0.015296	0.015296	0.015296	0.015296	0.015296	0.015296	0.015296	0.015296	0.015296	0.015296	0.015296	0.015296	0.015296	0.015296	0.015296	0.015296	0.015296	0.015296	0.015296	0.015296	0.015296	0.015296	0.015296	0.015296	0.015296	0.015296	0.015296	0.015296	0.015296	0.015296	0.015296	0.015296	0.015296	0.015296	0.015296	0.015296	0.015296	0.015296	0.015296	0.015296	0.015296	0.015296	0.015296	0.015296	0.015296	0.015296	0.015296	0.015296	0.015296	0.015296	0.015296	0.015296	0.015296	0.015296	0.015296	0.015296	0.015296	0.015296	0.015296	0.015296	0.015296	0.015296	0.015296	0.015296	0.015296	0.015296	0.015296	0.015296	0.015296	0.015296	0.015296	0.015296	0.015296	0.015296	0.015296	0.015296	0.015296	0.015296	0.015296	0.015296	0.015296	0.015296	0.015296	0.015296	0.015296	0.015296	0.015296	0.015296	0.015296	0.015296	0.015296	0.015296	0.015296	0.015296	0.015296	0.015296	0.015296	0.015296	0.015296	0.015296	0.015296	0.015296	0.015296	0.015296	0.015296	0.015296
A/B Testing			0	0	0	0	0	0	0	0	0	0	0	0	0	0	0	0	0	0	0	0	0	0	0	0	0	0	0	0	0	0	0	0	0	0	0	0	0	0	0	0	0	0	0	0	0	0	0	0	0	0	0	0	0	0	0	0	0	0	0	0	0	0	0	0	0	0	0	0	0	0	0	0	0	0	0	0	0	0	0	0	0	0	0	0	0	0	0	0	0	0	0	0	0	0	0	0	0	0	0	0	0	0	0	0	0	0	0	0	0	0	0	0	0	0	0	0	0	0	0	0	0	0	0	0	0	0	0	0	0	0	0	0	0	0	0	0	0	0	0	0	0	0	0	0	0	0	0	0	0	0	0	0	0	0	0	0	0	0	0	0	0	0	0	0	0	0	0	0	0	0	0	0	0	0	0	0	0	0	0	0	0	0.015154	0.015154	0.015154	0.015154	0.015154	0.015154	0.015154	0.015154	0.015154	0.015154	0.015154	0.015154	0.015154	0.015154	0.015154	0.015154	0.015154	0.015154	0.015154	0.015154	0.015154	0.015154	0.015154	0.015154	0.015154	0.015154	0.015154	0.015154	0.015154	0.015154	0.015154	0.015154	0.015154	0.015154	0.015154	0.015154	0.015154	0.015154	0.015154	0.015154	0.015154	0.015154	0.015154	0.015154	0.015154	0.015154	0.015154	0.015154	0.015154	0.015154	0.015154	0.015154	0.015154	0.015154	0.015154	0.015154	0.015154	0.015154	0.015154	0.015154	0.015154	0.015154	0.015154	0.015154	0.015154	0.015154	0.015154	0.015154	0.015154	0.015154	0.015154	0.015154	0.015154	0.015154	0.015154	0.015154	0.015154	0.015154	0.015154	0.015154	0.015154	0.015154	0.015154	0.015154	0.015154	0.015154	0.015154	0.015154	0.015154	0.015154	0.015154	0.015154	0.015154	0.015154	0.015154	0.015154	0.015154	0.015154	0.015154	0.015154	0.015154	0.015154	0.015154	0.015154	0.015154	0.015154	0.015154	0.015154	0.015154	0.015154	0.015154	0.015154	0.015154	0.015154	0.015154	0.015154	0.015154	0.015154	0.015154	0.015154	0.015154	0.015154	0.015154	0.015154	0.015154	0.015154	0.015154	0.015154	0.015154	0.015154	0.015154	0.015154	0.015154	0.015154	0.015154	0.015154	0.015154	0.015154	0.015154	0.015154	0.015154	0.015154	0.015154	0.015154	0.015154	0.015154	0.015154	0.015154	0.015154	0.015154	0.015154	0.015154	0.015154	0.015154	0.015154	0.015154	0.015154	0.015154	0.015154	0.015154	0.015154	0.015154	0.015154	0.015154	0.015154	0.015154	0.015154	0.015154	0.015154	0.015154	0.015154	0.015154	0.015154	0.015154	0.015154	0.015154	0.015154	0.015154	0.015154	0.015154	0.015154	0.015154	0.015154	0.015154
Gambling			0	0	0	0	0	0	0	0	0	0	0	0	0	0	0	0	0	0	0	0	0	0	0	0	0	0	0	0	0	0	0	0	0	0	0	0	0	0	0	0	0	0	0	0	0	0	0	0	0	0	0	0	0	0	0	0	0	0	0	0	0	0	0	0	0	0	0	0	0	0	0	0	0	0	0	0	0	0	0	0	0	0	0	0	0	0	0	0	0	0	0	0	0	0	0	0	0	0	0	0	0	0	0	0	0	0	0	0	0	0	0	0	0	0	0	0	0	0	0	0	0	0	0	0	0	0	0	0	0	0	0	0	0	0	0	0	0	0	0	0	0	0	0	0	0	0	0	0	0	0	0	0	0	0	0	0	0	0	0	0	0	0	0	0	0	0	0	0	0	0	0	0	0	0	0	0	0	0	0	0	0	0	0	0	0	0	0	0	0	0	0	0	0	0	0	0	0	0	0	0	0	0	0	0	0	0	0	0	0	0	0	0	0	0	0	0	0	0	0	0	0	0.015072	0.015072	0.015072	0.015072	0.015072	0.015072	0.015072	0.015072	0.015072	0.015072	0.015072	0.015072	0.015072	0.015072	0.015072	0.015072	0.015072	0.015072	0.015072	0.015072	0.015072	0.015072	0.015072	0.015072	0.015072	0.015072	0.015072	0.015072	0.015072	0.015072	0.015072	0.015072	0.015072	0.015072	0.015072	0.015072	0.015072	0.015072	0.015072	0.015072	0.015072	0.015072	0.015072	0.015072	0.015072	0.015072	0.015072	0.015072	0.015072	0.015072	0.015072	0.015072	0.015072	0.015072	0.015072	0.015072	0.015072	0.015072	0.015072	0.015072	0.015072	0.015072	0.015072	0.015072	0.015072	0.015072	0.015072	0.015072	0.015072	0.015072	0.015072	0.015072	0.015072	0.015072	0.015072	0.015072	0.015072	0.015072	0.015072	0.015072	0.015072	0.015072	0.015072	0.015072	0.015072	0.015072	0.015072	0.015072	0.015072	0.015072	0.015072	0.015072	0.015072	0.015072	0.015072	0.015072	0.015072	0.015072	0.015072	0.015072	0.015072	0.015072	0.015072	0.015072	0.015072	0.015072	0.015072	0.015072	0.015072	0.015072	0.015072	0.015072	0.015072	0.015072	0.015072	0.015072	0.015072	0.015072	0.015072	0.015072	0.015072	0.015072	0.015072	0.015072	0.015072	0.015072	0.015072	0.015072	0.015072	0.015072	0.015072	0.015072	0.015072	0.015072	0.015072	0.015072	0.015072	0.015072	0.015072	0.015072	0.015072	0.015072	0.015072	0.015072
Sports			0	0	0	0	0	0	0	0	0	0	0	0	0	0	0	0	0	0	0	0	0	0	0	0	0	0	0	0	0	0	0	0	0	0	0	0	0	0	0	0	0	0	0	0	0	0	0	0	0	0	0	0	0	0	0	0	0	0	0	0	0	0	0	0	0	0	0	0	0	0	0	0	0	0	0	0	0	0	0	0	0	0	0	0	0	0	0	0	0	0	0	0	0	0	0	0	0	0	0	0	0	0	0	0	0	0	0	0	0	0	0	0	0	0	0	0	0	0	0	0	0	0	0	0	0	0	0	0	0	0	0	0	0	0	0	0	0	0	0	0	0	0	0	0	0	0	0	0	0	0	0	0	0	0	0	0	0	0	0	0	0	0	0	0	0	0	0	0	0	0	0	0	0	0	0	0	0	0	0	0	0	0	0	0	0	0	0	0	0	0	0	0	0	0	0	0	0	0	0	0	0	0	0	0	0	0	0	0	0	0	0	0	0	0	0	0	0	0	0	0	0	0.015072	0.015072	0.015072	0.015072	0.015072	0.015072	0.015072	0.015072	0.015072	0.015072	0.015072	0.015072	0.015072	0.015072	0.015072	0.015072	0.015072	0.015072	0.015072	0.015072	0.015072	0.015072	0.015072	0.015072	0.015072	0.015072	0.015072	0.015072	0.015072	0.015072	0.015072	0.015072	0.015072	0.015072	0.015072	0.015072	0.015072	0.015072	0.015072	0.015072	0.015072	0.015072	0.015072	0.015072	0.015072	0.015072	0.015072	0.015072	0.015072	0.015072	0.015072	0.015072	0.015072	0.015072	0.015072	0.015072	0.015072	0.015072	0.015072	0.015072	0.015072	0.015072	0.015072	0.015072	0.015072	0.015072	0.015072	0.015072	0.015072	0.015072	0.015072	0.015072	0.015072	0.015072	0.015072	0.015072	0.015072	0.015072	0.015072	0.015072	0.015072	0.015072	0.015072	0.015072	0.015072	0.015072	0.015072	0.015072	0.015072	0.015072	0.015072	0.015072	0.015072	0.015072	0.015072	0.015072	0.015072	0.015072	0.015072	0.015072	0.015072	0.015072	0.015072	0.015072	0.015072	0.015072	0.015072	0.015072	0.015072	0.015072	0.015072	0.015072	0.015072	0.015072	0.015072	0.015072	0.015072	0.015072	0.015072	0.015072	0.015072	0.015072	0.015072	0.015072	0.015072	0.015072	0.015072	0.015072	0.015072	0.015072	0.015072	0.015072	0.015072	0.015072	0.015072	0.015072	0.015072	0.015072	0.015072	0.015072	0.015072	0.015072	0.015072	0.015072
Mobile Advertising			0	0	0	0	0	0	0	0	0	0	0	0	0	0	0	0	0	0	0	0	0	0	0	0	0	0	0	0	0	0	0	0	0	0	0	0	0	0	0	0	0.014737	0.014737	0.014737	0.014737	0.014737	0.014737	0.014737	0.014737	0.014737	0.014737	0.014737	0.014737	0.014737	0.014737	0.014737	0.014737	0.014737	0.014737	0.014737	0.014737	0.014737	0.014737	0.014737	0.014737	0.014737	0.014737	0.014737	0.014737	0.014737	0.014737	0.014737	0.014737	0.014737	0.014737	0.014737	0.014737	0.014737	0.014737	0.014737	0.014737	0.014737	0.014737	0.014737	0.014737	0.014737	0.014737	0.014737	0.014737	0.014737	0.014737	0.014737	0.014737	0.014737	0.014737	0.014737	0.014737	0.014737	0.014737	0.014737	0.014737	0.014737	0.014737	0.014737	0.014737	0.014737	0.014737	0.014737	0.014737	0.014737	0.014737	0.014737	0.014737	0.014737	0.014737	0.014737	0.014737	0.014737	0.014737	0.014737	0.014737	0.014737	0.014737	0.014737	0.014737	0.014737	0.014737	0.014737	0.014737	0.014737	0.014737	0.014737	0.014737	0.014737	0.014737	0.014737	0.014737	0.014737	0.014737	0.014737	0.014737	0.014737	0.014737	0.014737	0.014737	0.014737	0.014737	0.014737	0.014737	0.014737	0.014737	0.014737	0.014737	0.014737	0.014737	0.014737	0.014737	0.014737	0.014737	0.014737	0.014737	0.014737	0.014737	0.014737	0.014737	0.014737	0.014737	0.014737	0.014737	0.014737	0.014737	0.014737	0.014737	0.014737	0.014737	0.014737	0.014737	0.014737	0.014737	0.014737	0.014737	0.014737	0.014737	0.014737	0.014737	0.014737	0.014737	0.014737	0.014737	0.014737	0.014737	0.014737	0.014737	0.014737	0.014737	0.014737	0.014737	0.014737	0.014737	0.014737	0.014737	0.014737	0.014737	0.014737	0.014737	0.014737	0.014737	0.014737	0.014737	0.014737	0.014737	0.014737	0.014737	0.014737	0.014737	0.014737	0.014737	0.014737	0.014737	0.014737	0.014737	0.014737	0.014737	0.014737	0.014737	0.014737	0.014737	0.014737	0.014737	0.014737	0.014737	0.014737	0.014737	0.014737	0.014737	0.014737	0.014737	0.014737	0.014737	0.014737	0.014737	0.014737	0.014737	0.014737	0.014737	0.014737	0.014737	0.014737	0.014737	0.014737	0.014737	0.014737	0.014737	0.014737	0.014737	0.014737	0.014737	0.014737	0.014737	0.014737	0.014737	0.014737	0.014737	0.014737	0.014737	0.014737	0.014737	0.014737	0.014737	0.014737	0.014737	0.014737	0.014737	0.014737	0.014737	0.014737	0.014737	0.014737	0.014737	0.014737	0.014737	0.014737	0.014737	0.014737	0.014737	0.014737	0.014737	0.014737	0.014737	0.014737	0.014737	0.014737	0.014737	0.014737	0.014737	0.014737	0.014737	0.014737	0.014737	0.014737	0.014737	0.014737	0.014737	0.014737	0.014737	0.014737	0.014737	0.014737	0.014737	0.014737	0.014737	0.014737	0.014737	0.014737	0.014737	0.014737	0.014737	0.014737	0.014737	0.014737	0.014737	0.014737	0.014737	0.014737	0.014737	0.014737	0.014737	0.014737	0.014737	0.014737	0.014737	0.014737	0.014737	0.014737	0.014737	0.014737	0.014737	0.014737	0.014737	0.014737	0.014737	0.014737	0.014737	0.014737	0.014737	0.014737	0.014737	0.014737	0.014737	0.014737	0.014737	0.014737	0.014737	0.014737	0.014737	0.014737	0.014737	0.014737	0.014737	0.014737	0.014737	0.014737	0.014737	0.014737	0.014737	0.014737
SMS			0	0	0	0	0	0	0	0	0	0	0	0	0	0	0	0	0	0	0	0	0	0	0	0	0	0	0	0	0	0	0	0	0	0	0	0	0	0	0	0	0.014737	0.014737	0.014737	0.014737	0.014737	0.014737	0.014737	0.014737	0.014737	0.014737	0.014737	0.014737	0.014737	0.014737	0.014737	0.014737	0.014737	0.014737	0.014737	0.014737	0.014737	0.014737	0.014737	0.014737	0.014737	0.014737	0.014737	0.014737	0.014737	0.014737	0.014737	0.014737	0.014737	0.014737	0.014737	0.014737	0.014737	0.014737	0.014737	0.014737	0.014737	0.014737	0.014737	0.014737	0.014737	0.014737	0.014737	0.014737	0.014737	0.014737	0.014737	0.014737	0.014737	0.014737	0.014737	0.014737	0.014737	0.014737	0.014737	0.014737	0.014737	0.014737	0.014737	0.014737	0.014737	0.014737	0.014737	0.014737	0.014737	0.014737	0.014737	0.014737	0.014737	0.014737	0.014737	0.014737	0.014737	0.014737	0.014737	0.014737	0.014737	0.014737	0.014737	0.014737	0.014737	0.014737	0.014737	0.014737	0.014737	0.014737	0.014737	0.014737	0.014737	0.014737	0.014737	0.014737	0.014737	0.014737	0.014737	0.014737	0.014737	0.014737	0.014737	0.014737	0.014737	0.014737	0.014737	0.014737	0.014737	0.014737	0.014737	0.014737	0.014737	0.014737	0.014737	0.014737	0.014737	0.014737	0.014737	0.014737	0.014737	0.014737	0.014737	0.014737	0.014737	0.014737	0.014737	0.014737	0.014737	0.014737	0.014737	0.014737	0.014737	0.014737	0.014737	0.014737	0.014737	0.014737	0.014737	0.014737	0.014737	0.014737	0.014737	0.014737	0.014737	0.014737	0.014737	0.014737	0.014737	0.014737	0.014737	0.014737	0.014737	0.014737	0.014737	0.014737	0.014737	0.014737	0.014737	0.014737	0.014737	0.014737	0.014737	0.014737	0.014737	0.014737	0.014737	0.014737	0.014737	0.014737	0.014737	0.014737	0.014737	0.014737	0.014737	0.014737	0.014737	0.014737	0.014737	0.014737	0.014737	0.014737	0.014737	0.014737	0.014737	0.014737	0.014737	0.014737	0.014737	0.014737	0.014737	0.014737	0.014737	0.014737	0.014737	0.014737	0.014737	0.014737	0.014737	0.014737	0.014737	0.014737	0.014737	0.014737	0.014737	0.014737	0.014737	0.014737	0.014737	0.014737	0.014737	0.014737	0.014737	0.014737	0.014737	0.014737	0.014737	0.014737	0.014737	0.014737	0.014737	0.014737	0.014737	0.014737	0.014737	0.014737	0.014737	0.014737	0.014737	0.014737	0.014737	0.014737	0.014737	0.014737	0.014737	0.014737	0.014737	0.014737	0.014737	0.014737	0.014737	0.014737	0.014737	0.014737	0.014737	0.014737	0.014737	0.014737	0.014737	0.014737	0.014737	0.014737	0.014737	0.014737	0.014737	0.014737	0.014737	0.014737	0.014737	0.014737	0.014737	0.014737	0.014737	0.014737	0.014737	0.014737	0.014737	0.014737	0.014737	0.014737	0.014737	0.014737	0.014737	0.014737	0.014737	0.014737	0.014737	0.014737	0.014737	0.014737	0.014737	0.014737	0.014737	0.014737	0.014737	0.014737	0.014737	0.014737	0.014737	0.014737	0.014737	0.014737	0.014737	0.014737	0.014737	0.014737	0.014737	0.014737	0.014737	0.014737	0.014737	0.014737	0.014737	0.014737	0.014737	0.014737	0.014737	0.014737	0.014737	0.014737	0.014737	0.014737	0.014737	0.014737	0.014737	0.014737	0.014737	0.014737	0.014737	0.014737	0.014737	0.014737	0.014737	0.014737	0.014737
Mining Technology			0	0	0	0	0	0	0	0	0	0	0	0	0	0	0	0	0	0	0	0	0	0	0	0	0	0	0.013398	0.013398	0.013398	0.013398	0.013398	0.013398	0.013398	0.013398	0.013398	0.013398	0.013398	0.013398	0.013398	0.013398	0.013398	0.013398	0.013398	0.013398	0.013398	0.013398	0.013398	0.013398	0.013398	0.013398	0.013398	0.013398	0.013398	0.013398	0.013398	0.013398	0.013398	0.013398	0.013398	0.013398	0.013398	0.013398	0.013398	0.013398	0.013398	0.013398	0.013398	0.013398	0.013398	0.013398	0.013398	0.013398	0.013398	0.013398	0.013398	0.013398	0.013398	0.013398	0.013398	0.013398	0.013398	0.013398	0.013398	0.013398	0.013398	0.013398	0.013398	0.013398	0.013398	0.013398	0.013398	0.013398	0.013398	0.013398	0.013398	0.013398	0.013398	0.013398	0.013398	0.013398	0.013398	0.013398	0.013398	0.013398	0.013398	0.013398	0.013398	0.013398	0.013398	0.013398	0.013398	0.013398	0.013398	0.013398	0.013398	0.013398	0.013398	0.013398	0.013398	0.013398	0.013398	0.013398	0.013398	0.013398	0.013398	0.013398	0.013398	0.013398	0.013398	0.013398	0.013398	0.013398	0.013398	0.013398	0.013398	0.013398	0.013398	0.013398	0.013398	0.013398	0.013398	0.013398	0.013398	0.013398	0.013398	0.013398	0.013398	0.013398	0.013398	0.013398	0.013398	0.013398	0.013398	0.013398	0.013398	0.013398	0.013398	0.013398	0.013398	0.013398	0.013398	0.013398	0.013506	0.013506	0.013506	0.013506	0.013506	0.013506	0.013506	0.013506	0.013506	0.013506	0.013506	0.013506	0.013506	0.013506	0.013506	0.013506	0.013506	0.013506	0.013506	0.013506	0.013506	0.013506	0.013506	0.013506	0.013506	0.013506	0.013506	0.013506	0.013506	0.013506	0.013506	0.013506	0.013506	0.013506	0.013506	0.013506	0.013506	0.013506	0.013506	0.013506	0.013506	0.013506	0.013506	0.013506	0.013506	0.013506	0.013506	0.013506	0.013506	0.013506	0.013506	0.013506	0.013506	0.013506	0.013506	0.013506	0.013506	0.013506	0.013506	0.013506	0.013506	0.013506	0.013506	0.013506	0.013506	0.013506	0.013506	0.013506	0.013506	0.013506	0.013506	0.013506	0.013506	0.013506	0.013506	0.013506	0.013506	0.013506	0.013506	0.013506	0.013506	0.013506	0.013506	0.013506	0.013506	0.013506	0.013506	0.013506	0.013506	0.013506	0.013506	0.013506	0.013506	0.013506	0.013506	0.013506	0.013506	0.013506	0.013506	0.013506	0.013506	0.013506	0.013506	0.013506	0.013506	0.013506	0.013506	0.013506	0.013506	0.013506	0.013506	0.013506	0.013506	0.013506	0.013506	0.013506	0.013506	0.013506	0.013506	0.013506	0.013506	0.013506	0.013506	0.013506	0.013506	0.013506	0.013506	0.013506	0.013506	0.013506	0.013506	0.013506	0.013506	0.013506	0.013506	0.013506	0.013506	0.013506	0.013506	0.013506	0.013506	0.013506	0.013506	0.013506	0.013506	0.013506	0.013506	0.013506	0.013506	0.013506	0.013506	0.013506	0.013506	0.013506	0.013506	0.013506	0.013506	0.013506	0.013506	0.013506	0.013506	0.013506	0.013506	0.013506	0.013506	0.013506	0.013506	0.013506	0.013506	0.013506	0.013506	0.013506	0.013506	0.013506	0.013506	0.013506	0.013506	0.013506	0.013506	0.013506	0.013506	0.013506	0.013506	0.013506	0.013506	0.013506	0.013506	0.013506	0.013506	0.013506	0.013506	0.013506	0.013506	0.013506	0.013506	0.013506	0.013506	0.013506	0.013506	0.013506	0.013506	0.013506	0.013506
Mineral			0	0	0	0	0	0	0	0	0	0	0	0	0	0	0	0	0	0	0	0	0	0	0	0	0	0	0.013398	0.013398	0.013398	0.013398	0.013398	0.013398	0.013398	0.013398	0.013398	0.013398	0.013398	0.013398	0.013398	0.013398	0.013398	0.013398	0.013398	0.013398	0.013398	0.013398	0.013398	0.013398	0.013398	0.013398	0.013398	0.013398	0.013398	0.013398	0.013398	0.013398	0.013398	0.013398	0.013398	0.013398	0.013398	0.013398	0.013398	0.013398	0.013398	0.013398	0.013398	0.013398	0.013398	0.013398	0.013398	0.013398	0.013398	0.013398	0.013398	0.013398	0.013398	0.013398	0.013398	0.013398	0.013398	0.013398	0.013398	0.013398	0.013398	0.013398	0.013398	0.013398	0.013398	0.013398	0.013398	0.013398	0.013398	0.013398	0.013398	0.013398	0.013398	0.013398	0.013398	0.013398	0.013398	0.013398	0.013398	0.013398	0.013398	0.013398	0.013398	0.013398	0.013398	0.013398	0.013398	0.013398	0.013398	0.013398	0.013398	0.013398	0.013398	0.013398	0.013398	0.013398	0.013398	0.013398	0.013398	0.013398	0.013398	0.013398	0.013398	0.013398	0.013398	0.013398	0.013398	0.013398	0.013398	0.013398	0.013398	0.013398	0.013398	0.013398	0.013398	0.013398	0.013398	0.013398	0.013398	0.013398	0.013398	0.013398	0.013398	0.013398	0.013398	0.013398	0.013398	0.013398	0.013398	0.013398	0.013398	0.013398	0.013398	0.013398	0.013398	0.013398	0.013398	0.013398	0.013398	0.013398	0.013398	0.013398	0.013398	0.013398	0.013398	0.013398	0.013398	0.013398	0.013398	0.013398	0.013398	0.013398	0.013398	0.013398	0.013398	0.013398	0.013398	0.013398	0.013398	0.013398	0.013398	0.013398	0.013398	0.013398	0.013398	0.013398	0.013398	0.013398	0.013398	0.013398	0.013398	0.013398	0.013398	0.013398	0.013398	0.013398	0.013398	0.013398	0.013398	0.013398	0.013398	0.013398	0.013398	0.013398	0.013398	0.013398	0.013398	0.013398	0.013398	0.013398	0.013398	0.013398	0.013398	0.013398	0.013398	0.013398	0.013398	0.013398	0.013398	0.013398	0.013398	0.013398	0.013398	0.013398	0.013398	0.013398	0.013398	0.013398	0.013398	0.013398	0.013398	0.013398	0.013398	0.013398	0.013398	0.013398	0.013398	0.013398	0.013398	0.013398	0.013398	0.013398	0.013398	0.013398	0.013398	0.013398	0.013398	0.013398	0.013398	0.013398	0.013398	0.013398	0.013398	0.013398	0.013398	0.013398	0.013398	0.013398	0.013398	0.013398	0.013398	0.013398	0.013398	0.013398	0.013398	0.013398	0.013398	0.013398	0.013398	0.013398	0.013398	0.013398	0.013398	0.013398	0.013398	0.013398	0.013398	0.013398	0.013398	0.013398	0.013398	0.013398	0.013398	0.013398	0.013398	0.013398	0.013398	0.013398	0.013398	0.013398	0.013398	0.013398	0.013398	0.013398	0.013398	0.013398	0.013398	0.013398	0.013398	0.013398	0.013398	0.013398	0.013398	0.013398	0.013398	0.013398	0.013398	0.013398	0.013398	0.013398	0.013398	0.013398	0.013398	0.013398	0.013398	0.013398	0.013398	0.013398	0.013398	0.013398	0.013398	0.013398	0.013398	0.013398	0.013398	0.013398	0.013398	0.013398	0.013398	0.013398	0.013398	0.013398	0.013398	0.013398	0.013398	0.013398	0.013398	0.013398	0.013398	0.013398	0.013398	0.013398	0.013398	0.013398	0.013398	0.013398	0.013398	0.013398	0.013398	0.013398	0.013398	0.013398	0.013398	0.013398	0.013398	0.013398	0.013398	0.013398	0.013398	0.013398	0.013398
Mining			0	0	0	0	0	0	0	0	0	0	0	0	0	0	0	0	0	0	0	0	0	0	0	0	0	0	0.013398	0.013398	0.013398	0.013398	0.013398	0.013398	0.013398	0.013398	0.013398	0.013398	0.013398	0.013398	0.013398	0.013398	0.013398	0.013398	0.013398	0.013398	0.013398	0.013398	0.013398	0.013398	0.013398	0.013398	0.013398	0.013398	0.013398	0.013398	0.013398	0.013398	0.013398	0.013398	0.013398	0.013398	0.013398	0.013398	0.013398	0.013398	0.013398	0.013398	0.013398	0.013398	0.013398	0.013398	0.013398	0.013398	0.013398	0.013398	0.013398	0.013398	0.013398	0.013398	0.013398	0.013398	0.013398	0.013398	0.013398	0.013398	0.013398	0.013398	0.013398	0.013398	0.013398	0.013398	0.013398	0.013398	0.013398	0.013398	0.013398	0.013398	0.013398	0.013398	0.013398	0.013398	0.013398	0.013398	0.013398	0.013398	0.013398	0.013398	0.013398	0.013398	0.013398	0.013398	0.013398	0.013398	0.013398	0.013398	0.013398	0.013398	0.013398	0.013398	0.013398	0.013398	0.013398	0.013398	0.013398	0.013398	0.013398	0.013398	0.013398	0.013398	0.013398	0.013398	0.013398	0.013398	0.013398	0.013398	0.013398	0.013398	0.013398	0.013398	0.013398	0.013398	0.013398	0.013398	0.013398	0.013398	0.013398	0.013398	0.013398	0.013398	0.013398	0.013398	0.013398	0.013398	0.013398	0.013398	0.013398	0.013398	0.013398	0.013398	0.013398	0.013398	0.013398	0.013398	0.013398	0.013398	0.013398	0.013398	0.013398	0.013398	0.013398	0.013398	0.013398	0.013398	0.013398	0.013398	0.013398	0.013398	0.013398	0.013398	0.013398	0.013398	0.013398	0.013398	0.013398	0.013398	0.013398	0.013398	0.013398	0.013398	0.013398	0.013398	0.013398	0.013398	0.013398	0.013398	0.013398	0.013398	0.013398	0.013398	0.013398	0.013398	0.013398	0.013398	0.013398	0.013398	0.013398	0.013398	0.013398	0.013398	0.013398	0.013398	0.013398	0.013398	0.013398	0.013398	0.013398	0.013398	0.013398	0.013398	0.013398	0.013398	0.013398	0.013398	0.013398	0.013398	0.013398	0.013398	0.013398	0.013398	0.013398	0.013398	0.013398	0.013398	0.013398	0.013398	0.013398	0.013398	0.013398	0.013398	0.013398	0.013398	0.013398	0.013398	0.013398	0.013398	0.013398	0.013398	0.013398	0.013398	0.013398	0.013398	0.013398	0.013398	0.013398	0.013398	0.013398	0.013398	0.013398	0.013398	0.013398	0.013398	0.013398	0.013398	0.013398	0.013398	0.013398	0.013398	0.013398	0.013398	0.013398	0.013398	0.013398	0.013398	0.013398	0.013398	0.013398	0.013398	0.013398	0.013398	0.013398	0.013398	0.013398	0.013398	0.013398	0.013398	0.013398	0.013398	0.013398	0.013398	0.013398	0.013398	0.013398	0.013398	0.013398	0.013398	0.013398	0.013398	0.013398	0.013398	0.013398	0.013398	0.013398	0.013398	0.013398	0.013398	0.013398	0.013398	0.013398	0.013398	0.013398	0.013398	0.013398	0.013398	0.013398	0.013398	0.013398	0.013398	0.013398	0.013398	0.013398	0.013398	0.013398	0.013398	0.013398	0.013398	0.013398	0.013398	0.013398	0.013398	0.013398	0.013398	0.013398	0.013398	0.013398	0.013398	0.013398	0.013398	0.013398	0.013398	0.013398	0.013398	0.013398	0.013398	0.013398	0.013398	0.013398	0.013398	0.013398	0.013398	0.013398	0.013398	0.013398	0.013398	0.013398	0.013398	0.013398	0.013398	0.013398	0.013398	0.013398	0.013398	0.013398	0.013398	0.013398	0.013398	0.013398
Photo Editing			0	0	0	0	0	0	0	0	0	0	0	0	0	0	0	0	0	0	0	0	0	0	0	0	0	0	0	0	0	0	0	0	0	0	0	0	0	0	0	0	0	0	0	0	0	0	0	0	0	0	0	0	0	0	0	0	0	0	0	0	0	0	0	0	0	0	0	0	0	0	0	0	0	0	0	0	0	0	0	0	0	0	0	0	0	0	0	0	0	0	0	0	0	0	0	0	0	0	0	0	0	0	0	0	0	0	0	0	0	0	0	0	0	0	0	0	0	0	0	0	0	0	0	0	0	0	0	0	0	0	0	0	0	0	0	0	0	0	0	0	0	0	0	0	0	0	0	0	0	0	0	0	0	0	0	0	0	0	0	0	0	0	0	0	0	0	0	0	0	0	0	0	0	0	0	0	0	0	0	0	0	0	0	0	0	0	0	0	0	0	0	0	0	0	0	0	0	0	0	0	0	0	0	0	0	0	0	0	0	0	0	0	0	0	0	0	0	0	0	0	0	0	0	0	0	0	0	0	0	0	0	0	0	0	0	0	0	0	0	0	0	0	0	0	0	0	0	0	0	0	0	0	0	0	0	0	0	0	0	0	0	0	0	0	0	0	0	0	0	0	0	0	0	0	0	0	0	0	0	0	0.013398	0.013398	0.013398	0.013398	0.013398	0.013398	0.013398	0.013398	0.013398	0.013398	0.013398	0.013398	0.013398	0.013398	0.013398	0.013398	0.013398	0.013398	0.013398	0.013398	0.013398	0.013398	0.013398	0.013398	0.013398	0.013398	0.013398	0.013398	0.013398	0.013398	0.013398	0.013398	0.013398	0.013398	0.013398	0.013398	0.013398	0.013398	0.013398	0.013398	0.013398	0.013398	0.013398	0.013398	0.013398	0.013398	0.013398	0.013398	0.013398	0.013398	0.013398	0.013398	0.013398	0.013398	0.013398	0.013398	0.013398	0.013398	0.013398	0.013398	0.013398	0.013398	0.013398	0.013398	0.013398	0.013398	0.013398	0.013398	0.013398	0.013398	0.013398	0.013398	0.013398	0.013398	0.013398	0.013398	0.013398	0.013398	0.013398	0.013398	0.013398	0.013398	0.013398	0.013398	0.013398
Photography			0	0	0	0	0	0	0	0	0	0	0	0	0	0	0	0	0	0	0	0	0	0	0	0	0	0	0	0	0	0	0	0	0	0	0	0	0	0	0	0	0	0	0	0	0	0	0	0	0	0	0	0	0	0	0	0	0	0	0	0	0	0	0	0	0	0	0	0	0	0	0	0	0	0	0	0	0	0	0	0	0	0	0	0	0	0	0	0	0	0	0	0	0	0	0	0	0	0	0	0	0	0	0	0	0	0	0	0	0	0	0	0	0	0	0	0	0	0	0	0	0	0	0	0	0	0	0	0	0	0	0	0	0	0	0	0	0	0	0	0	0	0	0	0	0	0	0	0	0	0	0	0	0	0	0	0	0	0	0	0	0	0	0	0	0	0	0	0	0	0	0	0	0	0	0	0	0	0	0	0	0	0	0	0	0	0	0	0	0	0	0	0	0	0	0	0	0	0	0	0	0	0	0	0	0	0	0	0	0	0	0	0	0	0	0	0	0	0	0	0	0	0	0	0	0	0	0	0	0	0	0	0	0	0	0	0	0	0	0	0	0	0	0	0	0	0	0	0	0	0	0	0	0	0	0	0	0	0	0	0	0	0	0	0	0	0	0	0	0	0	0	0	0	0	0	0	0	0	0	0	0.013398	0.013398	0.013398	0.013398	0.013398	0.013398	0.013398	0.013398	0.013398	0.013398	0.013398	0.013398	0.013398	0.013398	0.013398	0.013398	0.013398	0.013398	0.013398	0.013398	0.013398	0.013398	0.013398	0.013398	0.013398	0.013398	0.013398	0.013398	0.013398	0.013398	0.013398	0.013398	0.013398	0.013398	0.013398	0.013398	0.013398	0.013398	0.013398	0.013398	0.013398	0.013398	0.013398	0.013398	0.013398	0.013398	0.013398	0.013398	0.013398	0.013398	0.013398	0.013398	0.013398	0.013398	0.013398	0.013398	0.013398	0.013398	0.013398	0.013398	0.013398	0.013398	0.013398	0.013398	0.013398	0.013398	0.013398	0.013398	0.013398	0.013398	0.013398	0.013398	0.013398	0.013398	0.013398	0.013398	0.013398	0.013398	0.013398	0.013398	0.013398	0.013398	0.013398	0.013398	0.013398
Sales Enablement			0	0	0	0	0	0	0	0	0	0	0	0	0	0	0	0	0	0	0	0	0	0	0	0	0	0	0	0	0	0	0	0	0	0	0	0	0	0	0	0	0	0	0.007177	0.007177	0.007177	0.007177	0.007177	0.007177	0.007177	0.007177	0.007177	0.007177	0.007177	0.007177	0.007177	0.007177	0.007177	0.007177	0.007177	0.007177	0.007177	0.007177	0.007177	0.007177	0.007177	0.007177	0.007177	0.007177	0.007177	0.007177	0.007177	0.007177	0.007177	0.007177	0.007177	0.007177	0.007177	0.007177	0.007177	0.007177	0.007177	0.007177	0.007177	0.007177	0.007177	0.007177	0.007177	0.007177	0.007177	0.007177	0.007177	0.007177	0.007177	0.007177	0.007177	0.007177	0.007177	0.007177	0.007177	0.007177	0.007177	0.007177	0.007177	0.007177	0.007177	0.007177	0.007177	0.007177	0.007177	0.007177	0.007177	0.007177	0.007177	0.007177	0.007177	0.007177	0.007177	0.007177	0.007177	0.007177	0.007177	0.007177	0.007177	0.007177	0.007177	0.007177	0.007177	0.007177	0.007177	0.007177	0.007177	0.007177	0.007177	0.007177	0.007177	0.007177	0.007177	0.007177	0.007177	0.007177	0.007177	0.007177	0.007177	0.007177	0.007177	0.007177	0.007177	0.007177	0.007177	0.007177	0.007177	0.007177	0.007177	0.007177	0.007177	0.007177	0.007177	0.007177	0.007177	0.007177	0.007177	0.007177	0.007177	0.007177	0.007177	0.007177	0.007177	0.007177	0.007177	0.007177	0.007177	0.007177	0.007177	0.007177	0.007177	0.007177	0.007177	0.007177	0.007177	0.007177	0.007177	0.007177	0.007177	0.007177	0.007177	0.007177	0.007177	0.007177	0.007177	0.007177	0.007177	0.007177	0.007177	0.007177	0.007177	0.007177	0.007177	0.007177	0.007177	0.007736	0.007736	0.007736	0.007736	0.007736	0.007736	0.007736	0.007736	0.007736	0.007736	0.007736	0.007736	0.007736	0.007736	0.007736	0.007736	0.007736	0.007736	0.007736	0.007736	0.007736	0.007736	0.007736	0.007736	0.007736	0.007736	0.007736	0.007736	0.007736	0.007736	0.007736	0.007736	0.007736	0.007736	0.007736	0.007736	0.007736	0.007736	0.007736	0.007736	0.007736	0.007736	0.007736	0.007736	0.007736	0.007736	0.007736	0.007736	0.007736	0.007736	0.007736	0.007736	0.007736	0.007736	0.007736	0.007736	0.007736	0.007736	0.01276	0.01276	0.01276	0.01276	0.01276	0.01276	0.01276	0.01276	0.01276	0.01276	0.01276	0.01276	0.01276	0.01276	0.01276	0.01276	0.01276	0.01276	0.01276	0.01276	0.01276	0.01276	0.01276	0.01276	0.01276	0.01276	0.01276	0.01276	0.01276	0.01276	0.01276	0.01276	0.01276	0.01276	0.01276	0.01276	0.01276	0.01276	0.01276	0.01276	0.01276	0.01276	0.01276	0.01276	0.01276	0.01276	0.01276	0.01276	0.01276	0.01276	0.01276	0.01276	0.01276	0.01276	0.01276	0.01276	0.01276	0.01276	0.01276	0.01276	0.01276	0.01276	0.01276	0.01276	0.01276	0.01276	0.01276	0.01276	0.01276	0.01276	0.01276	0.01276	0.01276	0.01276	0.01276	0.01276	0.01276	0.01276	0.01276	0.01276	0.01276	0.01276	0.01276	0.01276	0.01276	0.01276	0.01276	0.01276	0.01276	0.01276	0.01276	0.01276	0.01276	0.01276	0.01276	0.01276	0.01276	0.01276	0.01276	0.01276	0.01276	0.01276	0.01276	0.01276	0.01276	0.01276	0.01276	0.01276
Architecture			0	0	0	0	0	0	0	0	0	0	0	0	0	0	0	0	0	0	0	0	0	0	0	0	0	0	0	0	0	0	0	0	0	0	0	0	0	0	0	0	0	0	0	0	0	0	0	0	0	0	0	0	0	0	0	0	0	0	0	0	0	0	0	0	0	0	0	0	0	0	0	0	0	0	0	0	0	0	0	0	0	0	0	0	0	0	0	0	0	0	0	0	0	0	0	0	0	0	0	0	0	0	0	0	0	0	0	0	0	0	0	0	0	0	0	0	0	0	0	0	0	0	0	0	0	0	0	0	0	0	0	0	0	0	0	0	0	0	0	0	0	0	0	0	0	0	0	0	0	0	0	0	0	0	0	0	0	0	0	0	0	0	0	0	0	0	0	0	0	0	0	0	0	0	0	0	0	0	0	0	0	0	0	0	0	0	0	0	0	0	0	0	0	0	0	0	0	0	0	0	0	0	0	0	0	0	0	0	0	0	0	0	0	0	0	0	0	0	0	0	0	0	0	0	0	0	0	0	0	0	0	0	0	0	0	0	0	0	0	0	0	0	0	0	0	0	0	0	0	0	0	0	0	0	0	0	0	0	0	0	0	0	0	0	0	0	0	0	0	0	0	0	0	0	0	0	0	0	0	0	0	0	0	0	0	0	0	0	0	0	0	0	0	0	0	0	0	0	0	0	0	0	0	0	0	0	0	0	0	0	0	0	0	0	0	0	0	0	0	0	0	0	0	0	0	0	0	0	0	0	0	0	0	0	0	0	0	0	0	0	0	0	0	0	0	0	0	0	0.01256	0.01256	0.01256	0.01256	0.01256	0.01256	0.01256	0.01256	0.01256	0.01256	0.01256	0.01256	0.01256	0.01256	0.01256	0.01256	0.01256
Civil Engineering			0	0	0	0	0	0	0	0	0	0	0	0	0	0	0	0	0	0	0	0	0	0	0	0	0	0	0	0	0	0	0	0	0	0	0	0	0	0	0	0	0	0	0	0	0	0	0	0	0	0	0	0	0	0	0	0	0	0	0	0	0	0	0	0	0	0	0	0	0	0	0	0	0	0	0	0	0	0	0	0	0	0	0	0	0	0	0	0	0	0	0	0	0	0	0	0	0	0	0	0	0	0	0	0	0	0	0	0	0	0	0	0	0	0	0	0	0	0	0	0	0	0	0	0	0	0	0	0	0	0	0	0	0	0	0	0	0	0	0	0	0	0	0	0	0	0	0	0	0	0	0	0	0	0	0	0	0	0	0	0	0	0	0	0	0	0	0	0	0	0	0	0	0	0	0	0	0	0	0	0	0	0	0	0	0	0	0	0	0	0	0	0	0	0	0	0	0	0	0	0	0	0	0	0	0	0	0	0	0	0	0	0	0	0	0	0	0	0	0	0	0	0	0	0	0	0	0	0	0	0	0	0	0	0	0	0	0	0	0	0	0	0	0	0	0	0	0	0	0	0	0	0	0	0	0	0	0	0	0	0	0	0	0	0	0	0	0	0	0	0	0	0	0	0	0	0	0	0	0	0	0	0	0	0	0	0	0	0	0	0	0	0	0	0	0	0	0	0	0	0	0	0	0	0	0	0	0	0	0	0	0	0	0	0	0	0	0	0	0	0	0	0	0	0	0	0	0	0	0	0	0	0	0	0	0	0	0	0	0	0	0	0	0	0	0	0	0	0	0.01256	0.01256	0.01256	0.01256	0.01256	0.01256	0.01256	0.01256	0.01256	0.01256	0.01256	0.01256	0.01256	0.01256	0.01256	0.01256	0.01256
Lending			0	0	0	0	0	0	0	0	0	0	0	0	0	0	0	0	0	0	0	0	0	0	0	0	0	0	0	0	0	0	0	0	0	0	0	0	0	0	0	0	0	0	0	0	0	0	0	0	0	0	0	0	0	0	0	0	0	0	0	0	0	0	0	0	0	0	0	0	0	0	0	0	0	0	0	0	0	0	0	0	0	0	0	0	0	0	0	0	0	0	0	0	0	0	0	0	0	0	0	0	0	0	0	0	0	0	0	0	0	0	0	0	0	0	0	0	0	0	0	0	0	0	0	0	0	0	0	0	0	0	0	0	0	0	0	0	0	0	0.01256	0.01256	0.01256	0.01256	0.01256	0.01256	0.01256	0.01256	0.01256	0.01256	0.01256	0.01256	0.01256	0.01256	0.01256	0.01256	0.01256	0.01256	0.01256	0.01256	0.01256	0.01256	0.01256	0.01256	0.01256	0.01256	0.01256	0.01256	0.01256	0.01256	0.01256	0.01256	0.01256	0.01256	0.01256	0.01256	0.01256	0.01256	0.01256	0.01256	0.01256	0.01256	0.01256	0.01256	0.01256	0.01256	0.01256	0.01256	0.01256	0.01256	0.01256	0.01256	0.01256	0.01256	0.01256	0.01256	0.01256	0.01256	0.01256	0.01256	0.01256	0.01256	0.01256	0.01256	0.01256	0.01256	0.01256	0.01256	0.01256	0.01256	0.01256	0.01256	0.01256	0.01256	0.01256	0.01256	0.01256	0.01256	0.01256	0.01256	0.01256	0.01256	0.01256	0.01256	0.01256	0.01256	0.01256	0.01256	0.01256	0.01256	0.01256	0.01256	0.01256	0.01256	0.01256	0.01256	0.01256	0.01256	0.01256	0.01256	0.01256	0.01256	0.01256	0.01256	0.01256	0.01256	0.01256	0.01256	0.01256	0.01256	0.01256	0.01256	0.01256	0.01256	0.01256	0.01256	0.01256	0.01256	0.01256	0.01256	0.01256	0.01256	0.01256	0.01256	0.01256	0.01256	0.01256	0.01256	0.01256	0.01256	0.01256	0.01256	0.01256	0.01256	0.01256	0.01256	0.01256	0.01256	0.01256	0.01256	0.01256	0.01256	0.01256	0.01256	0.01256	0.01256	0.01256	0.01256	0.01256	0.01256	0.01256	0.01256	0.01256	0.01256	0.01256	0.01256	0.01256	0.01256	0.01256	0.01256	0.01256	0.01256	0.01256	0.01256	0.01256	0.01256	0.01256	0.01256	0.01256	0.01256	0.01256	0.01256	0.01256	0.01256	0.01256	0.01256	0.01256	0.01256	0.01256	0.01256	0.01256	0.01256	0.01256	0.01256	0.01256	0.01256	0.01256	0.01256	0.01256	0.01256	0.01256	0.01256	0.01256	0.01256	0.01256	0.01256	0.01256	0.01256	0.01256	0.01256	0.01256	0.01256	0.01256	0.01256	0.01256	0.01256	0.01256	0.01256	0.01256	0.01256	0.01256	0.01256	0.01256	0.01256	0.01256	0.01256	0.01256	0.01256	0.01256	0.01256	0.01256	0.01256	0.01256	0.01256	0.01256	0.01256	0.01256
EdTech			0	0	0	0	0	0	0	0	0	0	0	0	0	0	0	0	0	0	0	0	0	0	0	0	0	0	0	0	0	0	0	0	0	0	0	0	0	0	0	0	0	0	0	0	0	0	0	0	0	0	0	0	0	0	0	0	0	0	0	0	0	0	0	0	0	0	0	0	0	0	0.000419	0.000419	0.000419	0.000419	0.000419	0.000419	0.000419	0.000419	0.000419	0.000419	0.000419	0.000419	0.000419	0.000419	0.000419	0.000419	0.000419	0.000419	0.000419	0.000419	0.000419	0.000419	0.000988	0.000988	0.000988	0.000988	0.000988	0.000988	0.000988	0.000988	0.000988	0.000988	0.000988	0.000988	0.000988	0.000988	0.000988	0.000988	0.000988	0.000988	0.000988	0.000988	0.000988	0.000988	0.000988	0.000988	0.000988	0.000988	0.000988	0.000988	0.000988	0.000988	0.000988	0.000988	0.000988	0.000988	0.000988	0.000988	0.000988	0.000988	0.000988	0.000988	0.000988	0.000988	0.000988	0.000988	0.000988	0.000988	0.000988	0.000988	0.000988	0.000988	0.000988	0.000988	0.000988	0.000988	0.000988	0.000988	0.000988	0.000988	0.000988	0.000988	0.000988	0.000988	0.000988	0.000988	0.000988	0.000988	0.000988	0.000988	0.000988	0.000988	0.000988	0.000988	0.000988	0.000988	0.000988	0.000988	0.000988	0.000988	0.000988	0.000988	0.000988	0.000988	0.000988	0.000988	0.000988	0.000988	0.000988	0.000988	0.000988	0.000988	0.000988	0.000988	0.000988	0.000988	0.000988	0.000988	0.000988	0.001323	0.001323	0.001323	0.001323	0.001323	0.001323	0.001323	0.001323	0.001323	0.001323	0.001323	0.001323	0.001323	0.001323	0.001323	0.001323	0.001323	0.001323	0.001323	0.001323	0.001323	0.001323	0.001323	0.001323	0.001323	0.001323	0.001323	0.001323	0.001323	0.001323	0.001323	0.001323	0.001323	0.001323	0.001323	0.001323	0.001323	0.001323	0.001323	0.001323	0.001323	0.001323	0.001323	0.001323	0.001323	0.001323	0.001323	0.001323	0.001323	0.001323	0.001323	0.001323	0.001323	0.001323	0.001323	0.001323	0.001323	0.001323	0.001323	0.001323	0.001323	0.001323	0.001881	0.001881	0.001881	0.001881	0.001881	0.001881	0.001881	0.001881	0.001881	0.001881	0.001881	0.001881	0.001881	0.001881	0.001881	0.001881	0.001881	0.001881	0.001881	0.001881	0.001881	0.001881	0.001881	0.001881	0.001881	0.001881	0.001881	0.001881	0.001881	0.001881	0.001881	0.001881	0.001881	0.001881	0.001881	0.001881	0.001881	0.001881	0.001881	0.001881	0.001881	0.001881	0.001881	0.001881	0.001881	0.001881	0.001881	0.001881	0.001881	0.001881	0.001881	0.001881	0.001881	0.001881	0.001881	0.001881	0.001881	0.001881	0.001881	0.001881	0.001881	0.001881	0.001881	0.001881	0.001881	0.001881	0.001881	0.001881	0.001881	0.001881	0.001881	0.001881	0.001881	0.001881	0.001881	0.001881	0.001881	0.001881	0.001881	0.001881	0.001881	0.001881	0.001881	0.001881	0.001881	0.001881	0.001881	0.001881	0.001881	0.001881	0.001881	0.001881	0.001881	0.001881	0.001881	0.001881	0.001881	0.001881	0.001881	0.011929	0.011929	0.011929	0.011929	0.011929	0.011929	0.011929	0.011929	0.011929	0.011929	0.011929	0.011929	0.011929	0.011929	0.011929
Education			0	0	0	0	0	0	0	0	0	0	0	0	0	0	0	0	0	0	0	0	0	0	0	0	0	0	0	0	0	0	0	0	0	0	0	0	0	0	0	0	0	0	0	0	0	0	0	0	0	0	0	0	0	0	0	0	0	0	0	0	0	0	0	0	0	0	0	0	0	0	0.000419	0.000419	0.000419	0.000419	0.000419	0.000419	0.000419	0.000419	0.000419	0.000419	0.000419	0.000419	0.000419	0.000419	0.000419	0.000419	0.000419	0.000419	0.000419	0.000419	0.000419	0.000419	0.000988	0.000988	0.000988	0.000988	0.000988	0.000988	0.000988	0.000988	0.000988	0.000988	0.000988	0.000988	0.000988	0.000988	0.000988	0.000988	0.000988	0.000988	0.000988	0.000988	0.000988	0.000988	0.000988	0.000988	0.000988	0.000988	0.000988	0.000988	0.000988	0.000988	0.000988	0.000988	0.000988	0.000988	0.000988	0.000988	0.000988	0.000988	0.000988	0.000988	0.000988	0.000988	0.000988	0.000988	0.000988	0.000988	0.000988	0.000988	0.000988	0.000988	0.000988	0.000988	0.000988	0.000988	0.000988	0.000988	0.000988	0.000988	0.000988	0.000988	0.000988	0.000988	0.000988	0.000988	0.000988	0.000988	0.000988	0.000988	0.000988	0.000988	0.000988	0.000988	0.000988	0.000988	0.000988	0.000988	0.000988	0.000988	0.000988	0.000988	0.000988	0.000988	0.000988	0.000988	0.000988	0.000988	0.000988	0.000988	0.000988	0.000988	0.000988	0.000988	0.000988	0.000988	0.000988	0.000988	0.000988	0.001323	0.001323	0.001323	0.001323	0.001323	0.001323	0.001323	0.001323	0.001323	0.001323	0.001323	0.001323	0.001323	0.001323	0.001323	0.001323	0.001323	0.001323	0.001323	0.001323	0.001323	0.001323	0.001323	0.001323	0.001323	0.001323	0.001323	0.001323	0.001323	0.001323	0.001323	0.001323	0.001323	0.001323	0.001323	0.001323	0.001323	0.001323	0.001323	0.001323	0.001323	0.001323	0.001323	0.001323	0.001323	0.001323	0.001323	0.001323	0.001323	0.001323	0.001323	0.001323	0.001323	0.001323	0.001323	0.001323	0.001323	0.001323	0.001323	0.001323	0.001323	0.001323	0.001881	0.001881	0.001881	0.001881	0.001881	0.001881	0.001881	0.001881	0.001881	0.001881	0.001881	0.001881	0.001881	0.001881	0.001881	0.001881	0.001881	0.001881	0.001881	0.001881	0.001881	0.001881	0.001881	0.001881	0.001881	0.001881	0.001881	0.001881	0.001881	0.001881	0.001881	0.001881	0.001881	0.001881	0.001881	0.001881	0.001881	0.001881	0.001881	0.001881	0.001881	0.001881	0.001881	0.001881	0.001881	0.001881	0.001881	0.001881	0.001881	0.001881	0.001881	0.001881	0.001881	0.001881	0.001881	0.001881	0.001881	0.001881	0.001881	0.001881	0.001881	0.001881	0.001881	0.001881	0.001881	0.001881	0.001881	0.001881	0.001881	0.001881	0.001881	0.001881	0.001881	0.001881	0.001881	0.001881	0.001881	0.001881	0.001881	0.001881	0.001881	0.001881	0.001881	0.001881	0.001881	0.001881	0.001881	0.001881	0.001881	0.001881	0.001881	0.001881	0.001881	0.001881	0.001881	0.001881	0.001881	0.001881	0.001881	0.011929	0.011929	0.011929	0.011929	0.011929	0.011929	0.011929	0.011929	0.011929	0.011929	0.011929	0.011929	0.011929	0.011929	0.011929
Natural Language Processing			0	0	0	0	0	0	0	0	0	0	0	0	0	0	0	0	0	0	0	0	0	0	0	0	0	0	0	0	0	0	0	0	0	0	0	0	0	0	0	0	0	0	0	0	0	0	0	0	0	0	0	0	0	0	0	0	0	0	0	0	0	0	0	0	0	0	0	0	0	0	0	0	0	0	0	0	0	0	0	0	0	0	0	0	0	0	0	0	0	0	0	0	0	0	0	0	0	0	0	0	0	0	0	0	0	0	0	0	0	0	0	0	0	0	0	0	0	0	0	0	0	0	0	0	0	0	0	0	0	0	0	0	0	0	0.000048	0.000048	0.000048	0.000048	0.000048	0.000048	0.000048	0.000048	0.000048	0.000048	0.000048	0.000048	0.000048	0.000048	0.000048	0.000048	0.000048	0.000048	0.000048	0.000048	0.000048	0.000048	0.000048	0.000048	0.000048	0.000048	0.000048	0.000048	0.000048	0.000048	0.000048	0.000048	0.000048	0.000048	0.000048	0.000048	0.000048	0.000048	0.000048	0.000048	0.000048	0.000048	0.000048	0.000048	0.000048	0.000048	0.000048	0.000048	0.000048	0.000048	0.000048	0.000048	0.000048	0.000048	0.000048	0.000048	0.000048	0.000048	0.000048	0.000048	0.000048	0.000048	0.000048	0.000048	0.000048	0.000048	0.000048	0.000048	0.000048	0.000048	0.000048	0.000048	0.000048	0.000048	0.000048	0.000048	0.000048	0.000048	0.000048	0.000048	0.000048	0.000048	0.000048	0.000048	0.000048	0.000048	0.000048	0.000048	0.000048	0.000048	0.000048	0.000048	0.000048	0.000048	0.000048	0.000048	0.000048	0.000048	0.000048	0.000048	0.000048	0.000048	0.000048	0.000048	0.000048	0.000048	0.000048	0.000048	0.000048	0.000048	0.000048	0.000048	0.000048	0.000048	0.000048	0.000048	0.000048	0.000048	0.000048	0.000048	0.000048	0.000048	0.000048	0.005072	0.005072	0.005072	0.005072	0.005072	0.005072	0.005072	0.005072	0.005072	0.005072	0.005072	0.005072	0.005072	0.005072	0.005072	0.005072	0.005072	0.005072	0.005072	0.005072	0.005072	0.005072	0.005072	0.005072	0.005072	0.005072	0.005072	0.005072	0.005072	0.005072	0.005072	0.005072	0.005072	0.005072	0.005072	0.005072	0.005072	0.005072	0.005072	0.005072	0.005072	0.005072	0.005072	0.005072	0.005072	0.005072	0.005072	0.005072	0.005072	0.005072	0.005072	0.005072	0.005072	0.005072	0.005072	0.005072	0.005072	0.005072	0.005072	0.005072	0.005072	0.005072	0.005072	0.005072	0.005072	0.005072	0.005072	0.005072	0.005072	0.005072	0.005072	0.005072	0.005072	0.005072	0.005072	0.005072	0.005072	0.005072	0.005072	0.005072	0.005072	0.005072	0.005072	0.005072	0.005072	0.005072	0.005072	0.005072	0.005072	0.005072	0.005072	0.011458	0.011458	0.011458	0.011458	0.011458	0.011458	0.011458	0.011458	0.011458	0.011458	0.011458	0.011458	0.011458	0.011458	0.011458	0.011458	0.011458
Search Engine			0	0	0	0	0	0	0	0	0	0	0	0	0	0	0	0	0	0	0	0	0	0	0	0	0	0	0	0	0	0	0	0	0	0	0	0	0	0	0	0	0	0	0	0	0	0	0	0	0	0	0	0	0	0	0	0	0	0	0	0	0	0	0	0	0	0	0	0	0	0	0	0	0	0	0	0	0	0	0	0	0	0	0.006699	0.006699	0.006699	0.006699	0.006699	0.006699	0.006699	0.006699	0.006699	0.006699	0.006699	0.006699	0.006699	0.006699	0.006699	0.006699	0.006699	0.006699	0.006699	0.006699	0.006699	0.006699	0.006699	0.006699	0.006699	0.006699	0.006699	0.006699	0.006699	0.006699	0.006699	0.006699	0.006699	0.006699	0.006699	0.006699	0.006699	0.006699	0.006699	0.006699	0.006699	0.006699	0.006699	0.006699	0.006699	0.006699	0.006699	0.006699	0.006699	0.006699	0.006699	0.006699	0.006699	0.006699	0.006699	0.006699	0.006699	0.006699	0.006699	0.006699	0.006699	0.006699	0.006699	0.006699	0.006699	0.006699	0.006699	0.006699	0.006699	0.006699	0.006699	0.006699	0.006699	0.006699	0.006699	0.006699	0.006699	0.006699	0.006699	0.006699	0.006699	0.006699	0.006699	0.006699	0.006699	0.006699	0.006699	0.006699	0.006699	0.006699	0.006699	0.006699	0.006699	0.006699	0.006699	0.006699	0.006699	0.006699	0.006699	0.006699	0.006699	0.006699	0.006699	0.006699	0.006699	0.006699	0.006699	0.006699	0.006699	0.006699	0.006699	0.006699	0.006699	0.006699	0.006699	0.006699	0.006699	0.006699	0.006699	0.006699	0.006699	0.006699	0.006699	0.006699	0.006699	0.006699	0.006699	0.006699	0.006699	0.006699	0.006699	0.006699	0.006699	0.006699	0.006699	0.006699	0.006699	0.006699	0.006699	0.006699	0.006699	0.006699	0.006699	0.006699	0.006699	0.006699	0.006699	0.006699	0.006699	0.006699	0.006699	0.006699	0.006699	0.006699	0.006699	0.006699	0.006699	0.006699	0.006699	0.006699	0.006699	0.006699	0.006699	0.006699	0.006699	0.011053	0.011053	0.011053	0.011053	0.011053	0.011053	0.011053	0.011053	0.011053	0.011053	0.011053	0.011053	0.011053	0.011053	0.011053	0.011053	0.011053	0.011053	0.011053	0.011053	0.011053	0.011053	0.011053	0.011053	0.011053	0.011053	0.011053	0.011053	0.011053	0.011053	0.011053	0.011053	0.011053	0.011053	0.011053	0.011053	0.011053	0.011053	0.011053	0.011053	0.011053	0.011053	0.011053	0.011053	0.011053	0.011053	0.011053	0.011053	0.011053	0.011053	0.011053	0.011053	0.011053	0.011053	0.011053	0.011053	0.011053	0.011053	0.011053	0.011053	0.011053	0.011053	0.011053	0.011053	0.011053	0.011053	0.011053	0.011053	0.011053	0.011053	0.011053	0.011053	0.011053	0.011053	0.011053	0.011053	0.011053	0.011053	0.011053	0.011053	0.011053	0.011053	0.011053	0.011053	0.011053	0.011053	0.011053	0.011053	0.011053	0.011053	0.011053	0.011053	0.011053	0.011053	0.011053	0.011053	0.011053	0.011053	0.011053	0.011053	0.011053	0.011053	0.011053	0.011053	0.011053	0.011053	0.011053	0.011053	0.011053	0.011053	0.011053	0.011053	0.011053	0.011053	0.011053	0.011053	0.011053	0.011053
E-Learning			0	0	0	0	0	0	0	0	0	0	0	0	0	0	0	0	0	0	0	0	0	0	0	0	0	0	0	0	0	0	0	0	0	0	0	0	0	0	0	0	0	0	0	0	0	0	0	0	0	0	0	0	0	0	0	0	0	0	0	0	0	0	0	0	0	0	0	0	0	0	0	0	0	0	0	0	0	0	0	0	0	0	0	0	0	0	0	0	0	0	0	0	0.000569	0.000569	0.000569	0.000569	0.000569	0.000569	0.000569	0.000569	0.000569	0.000569	0.000569	0.000569	0.000569	0.000569	0.000569	0.000569	0.000569	0.000569	0.000569	0.000569	0.000569	0.000569	0.000569	0.000569	0.000569	0.000569	0.000569	0.000569	0.000569	0.000569	0.000569	0.000569	0.000569	0.000569	0.000569	0.000569	0.000569	0.000569	0.000569	0.000569	0.000569	0.000569	0.000569	0.000569	0.000569	0.000569	0.000569	0.000569	0.000569	0.000569	0.000569	0.000569	0.000569	0.000569	0.000569	0.000569	0.000569	0.000569	0.000569	0.000569	0.000569	0.000569	0.000569	0.000569	0.000569	0.000569	0.000569	0.000569	0.000569	0.000569	0.000569	0.000569	0.000569	0.000569	0.000569	0.000569	0.000569	0.000569	0.000569	0.000569	0.000569	0.000569	0.000569	0.000569	0.000569	0.000569	0.000569	0.000569	0.000569	0.000569	0.000569	0.000569	0.000569	0.000569	0.000569	0.000569	0.000569	0.000904	0.000904	0.000904	0.000904	0.000904	0.000904	0.000904	0.000904	0.000904	0.000904	0.000904	0.000904	0.000904	0.000904	0.000904	0.000904	0.000904	0.000904	0.000904	0.000904	0.000904	0.000904	0.000904	0.000904	0.000904	0.000904	0.000904	0.000904	0.000904	0.000904	0.000904	0.000904	0.000904	0.000904	0.000904	0.000904	0.000904	0.000904	0.000904	0.000904	0.000904	0.000904	0.000904	0.000904	0.000904	0.000904	0.000904	0.000904	0.000904	0.000904	0.000904	0.000904	0.000904	0.000904	0.000904	0.000904	0.000904	0.000904	0.000904	0.000904	0.000904	0.000904	0.000904	0.000904	0.000904	0.000904	0.000904	0.000904	0.000904	0.000904	0.000904	0.000904	0.000904	0.000904	0.000904	0.000904	0.000904	0.000904	0.000904	0.000904	0.000904	0.000904	0.000904	0.000904	0.000904	0.000904	0.000904	0.000904	0.000904	0.000904	0.000904	0.000904	0.000904	0.000904	0.000904	0.000904	0.000904	0.000904	0.000904	0.000904	0.000904	0.000904	0.000904	0.000904	0.000904	0.000904	0.000904	0.000904	0.000904	0.000904	0.000904	0.000904	0.000904	0.000904	0.000904	0.000904	0.000904	0.000904	0.000904	0.000904	0.000904	0.000904	0.000904	0.000904	0.000904	0.000904	0.000904	0.000904	0.000904	0.000904	0.000904	0.000904	0.000904	0.000904	0.000904	0.000904	0.000904	0.000904	0.000904	0.000904	0.000904	0.000904	0.000904	0.000904	0.000904	0.000904	0.000904	0.000904	0.000904	0.000904	0.000904	0.000904	0.000904	0.000904	0.000904	0.000904	0.000904	0.000904	0.000904	0.000904	0.000904	0.010953	0.010953	0.010953	0.010953	0.010953	0.010953	0.010953	0.010953	0.010953	0.010953	0.010953	0.010953	0.010953	0.010953	0.010953
DevOps			0	0	0	0	0	0	0	0	0	0	0	0	0	0	0	0	0	0	0	0	0	0	0	0	0	0	0	0	0	0	0	0	0	0	0	0	0	0	0	0	0	0	0	0	0	0	0	0	0	0	0	0	0	0	0	0	0	0	0	0	0	0	0	0	0	0	0	0	0	0	0	0	0	0	0	0	0	0	0	0	0	0	0	0	0	0	0	0	0	0	0	0	0	0	0	0	0	0	0	0	0	0	0	0	0	0	0	0	0	0	0	0	0	0	0	0	0	0	0	0	0	0	0	0	0	0	0	0	0	0	0	0	0	0	0	0	0	0	0	0	0	0	0	0	0	0	0	0.003014	0.003014	0.003014	0.003014	0.003014	0.003014	0.003014	0.003014	0.003014	0.003014	0.003014	0.003014	0.003014	0.003014	0.003014	0.003014	0.003014	0.003014	0.003014	0.003014	0.003014	0.003014	0.003014	0.003014	0.003014	0.003014	0.003014	0.003014	0.003014	0.003014	0.003014	0.003014	0.003014	0.003014	0.003014	0.003014	0.003014	0.003014	0.003014	0.003014	0.003014	0.003014	0.003014	0.003014	0.003014	0.003014	0.003014	0.003014	0.003014	0.003014	0.003014	0.003014	0.003014	0.003014	0.003014	0.003014	0.003014	0.003014	0.003014	0.003014	0.003014	0.003014	0.003014	0.003014	0.003014	0.003014	0.003014	0.003014	0.003014	0.003014	0.003014	0.003014	0.003014	0.003014	0.003014	0.003014	0.003014	0.003014	0.003014	0.003014	0.003014	0.003014	0.003014	0.003014	0.003014	0.003014	0.003014	0.003014	0.003014	0.003014	0.003014	0.003014	0.003014	0.003014	0.003014	0.003014	0.003014	0.003014	0.003014	0.003014	0.003014	0.003014	0.003014	0.003014	0.003349	0.003349	0.003349	0.003349	0.003349	0.003349	0.003349	0.003349	0.003349	0.003349	0.003349	0.003349	0.003349	0.003349	0.003349	0.003349	0.003349	0.003349	0.003349	0.003349	0.003349	0.003349	0.003349	0.003349	0.003349	0.003349	0.003349	0.003349	0.003349	0.003349	0.003349	0.003349	0.003349	0.003349	0.003349	0.003349	0.010718	0.010718	0.010718	0.010718	0.010718	0.010718	0.010718	0.010718	0.010718	0.010718	0.010718	0.010718	0.010718	0.010718	0.010718	0.010718	0.010718	0.010718	0.010718	0.010718	0.010718	0.010718	0.010718	0.010718	0.010718	0.010718	0.010718	0.010718	0.010718	0.010718	0.010718	0.010718	0.010718	0.010718	0.010718	0.010718	0.010718	0.010718	0.010718	0.010718	0.010718	0.010718	0.010718	0.010718	0.010718	0.010718	0.010718	0.010718	0.010718	0.010718	0.010718	0.010718	0.010718	0.010718	0.010718	0.010718	0.010718	0.010718	0.010718	0.010718	0.010718	0.010718	0.010718	0.010718	0.010718	0.010718	0.010718	0.010718	0.010718	0.010718	0.010718	0.010718	0.010718	0.010718	0.010718	0.010718	0.010718	0.010718
Procurement			0	0	0	0	0	0	0	0	0	0	0	0	0	0	0	0	0	0	0	0	0	0	0	0	0	0	0	0	0	0	0	0	0	0	0	0	0	0	0	0	0	0	0	0	0	0	0	0	0	0	0	0	0	0	0	0	0	0	0	0	0	0	0	0	0	0	0	0	0	0	0	0	0	0	0	0	0	0	0	0	0	0	0	0	0	0	0	0	0	0	0	0	0	0	0	0	0	0	0	0	0	0	0	0	0	0	0	0	0	0	0	0	0	0	0	0	0	0	0	0	0	0	0	0	0	0	0	0	0	0	0	0.002211	0.002211	0.002211	0.002211	0.002211	0.002211	0.002211	0.002211	0.002211	0.002211	0.002211	0.002211	0.002211	0.002211	0.002211	0.002211	0.002211	0.002211	0.002211	0.002211	0.002211	0.002211	0.002211	0.002211	0.002211	0.002211	0.002211	0.002211	0.002211	0.002211	0.002211	0.002211	0.002211	0.002211	0.002211	0.002211	0.002211	0.002211	0.002211	0.002211	0.002211	0.002211	0.002211	0.002211	0.002211	0.002211	0.002211	0.002211	0.002211	0.002211	0.002211	0.002211	0.002211	0.002211	0.002211	0.002211	0.002211	0.002211	0.002211	0.002211	0.002211	0.002211	0.002211	0.002211	0.002211	0.002211	0.002211	0.002211	0.002211	0.002211	0.002211	0.002211	0.002211	0.002211	0.002211	0.002211	0.002211	0.002211	0.002211	0.002211	0.002211	0.002211	0.002211	0.002211	0.002211	0.002211	0.002211	0.002211	0.002211	0.002211	0.002211	0.002211	0.002211	0.002211	0.002211	0.002211	0.002211	0.002211	0.002211	0.002211	0.002211	0.002211	0.002211	0.002211	0.002211	0.002211	0.002211	0.002211	0.002211	0.002211	0.002211	0.002211	0.002211	0.002211	0.002211	0.002211	0.002211	0.002211	0.002211	0.002211	0.002211	0.002211	0.002211	0.002211	0.002211	0.002211	0.002211	0.002211	0.002211	0.002211	0.002211	0.002211	0.002211	0.002211	0.002211	0.002211	0.002211	0.002211	0.002211	0.002211	0.002211	0.002211	0.002211	0.002211	0.002211	0.002211	0.002211	0.002211	0.002211	0.002211	0.002211	0.002211	0.002211	0.002211	0.002211	0.002211	0.002211	0.002211	0.002211	0.002211	0.002211	0.002211	0.002211	0.002211	0.002211	0.002211	0.002211	0.002211	0.002211	0.002211	0.002211	0.002211	0.002211	0.002211	0.002211	0.002211	0.002211	0.002211	0.002211	0.002211	0.002211	0.002211	0.002211	0.002211	0.002211	0.002211	0.002211	0.002211	0.002211	0.002211	0.010316	0.010316	0.010316	0.010316	0.010316	0.010316	0.010316	0.010316	0.010316	0.010316	0.010316	0.010316	0.010316	0.010316	0.010316	0.010316	0.010316	0.010316	0.010316	0.010316	0.010316	0.010316	0.010316	0.010316	0.010316	0.010316	0.010316	0.010316	0.010316	0.010316	0.010316	0.010316	0.010316	0.010316	0.010316	0.010316	0.010316	0.010316	0.010316	0.010316	0.010316	0.010316	0.010316	0.010316
Graphic Design			0	0	0	0	0	0	0	0	0	0	0	0	0	0	0	0	0	0	0	0	0	0	0	0	0	0	0	0	0	0	0	0	0	0	0	0	0	0	0	0	0	0	0	0	0	0	0	0	0	0	0	0	0	0	0	0	0	0	0	0	0	0	0	0	0	0	0	0	0	0	0	0	0	0	0	0	0	0	0	0	0	0	0	0	0	0	0	0	0	0	0	0	0	0	0	0	0	0	0	0	0	0	0	0	0	0	0	0	0	0	0	0	0	0	0	0	0	0	0	0	0	0	0	0	0	0	0	0	0	0	0	0	0	0	0	0	0	0	0	0	0	0	0	0	0	0	0	0	0	0	0	0	0	0	0	0	0	0	0	0	0	0	0	0	0	0	0	0	0	0	0	0	0	0	0	0	0	0	0	0	0	0	0	0	0	0	0	0	0	0	0	0	0	0	0	0	0	0	0	0	0	0	0	0	0	0	0	0	0	0	0	0	0	0	0	0	0	0	0	0	0	0	0	0	0	0	0	0	0	0	0	0	0	0	0	0	0	0	0	0	0	0	0	0	0	0	0	0	0	0	0	0	0	0	0	0	0	0	0	0	0	0	0	0	0	0	0	0	0	0	0	0	0.010272	0.010272	0.010272	0.010272	0.010272	0.010272	0.010272	0.010272	0.010272	0.010272	0.010272	0.010272	0.010272	0.010272	0.010272	0.010272	0.010272	0.010272	0.010272	0.010272	0.010272	0.010272	0.010272	0.010272	0.010272	0.010272	0.010272	0.010272	0.010272	0.010272	0.010272	0.010272	0.010272	0.010272	0.010272	0.010272	0.010272	0.010272	0.010272	0.010272	0.010272	0.010272	0.010272	0.010272	0.010272	0.010272	0.010272	0.010272	0.010272	0.010272	0.010272	0.010272	0.010272	0.010272	0.010272	0.010272	0.010272	0.010272	0.010272	0.010272	0.010272	0.010272	0.010272	0.010272	0.010272	0.010272	0.010272	0.010272	0.010272	0.010272	0.010272	0.010272	0.010272	0.010272	0.010272	0.010272	0.010272	0.010272	0.010272	0.010272	0.010272	0.010272	0.010272	0.010272	0.010272	0.010272	0.010272	0.010272	0.010272	0.010272	0.010272	0.010272	0.010272
Ride Sharing			0	0	0	0	0	0	0	0	0	0	0	0	0	0	0	0	0	0	0	0	0	0	0	0	0	0	0	0	0	0	0	0	0	0	0	0	0	0	0	0	0	0	0	0	0	0	0	0	0.008206	0.008206	0.008206	0.008206	0.008206	0.008206	0.008206	0.008206	0.008206	0.008206	0.008206	0.008206	0.008206	0.008206	0.008206	0.008206	0.008206	0.008206	0.008206	0.008206	0.008206	0.008206	0.008206	0.008206	0.008206	0.008206	0.008206	0.008206	0.008206	0.008206	0.008206	0.008206	0.008206	0.008206	0.008206	0.008206	0.008206	0.008206	0.008206	0.008206	0.008206	0.008206	0.008206	0.008206	0.008206	0.008206	0.008206	0.008206	0.008206	0.008206	0.008206	0.008206	0.008206	0.008206	0.008206	0.008206	0.008206	0.008206	0.008206	0.008206	0.008206	0.008206	0.008206	0.008206	0.008206	0.008206	0.008206	0.008206	0.008206	0.008206	0.008206	0.008206	0.008206	0.008206	0.008206	0.008206	0.008206	0.008206	0.008206	0.008206	0.008206	0.008206	0.008206	0.008206	0.008206	0.008206	0.008206	0.008206	0.008206	0.008206	0.008206	0.008206	0.008206	0.008206	0.008206	0.008206	0.008206	0.008206	0.008206	0.008206	0.008206	0.008206	0.008206	0.008206	0.008206	0.008206	0.008206	0.008206	0.008206	0.008206	0.008206	0.008206	0.008206	0.008206	0.008206	0.008206	0.008206	0.008206	0.008206	0.008206	0.008206	0.008206	0.008206	0.008206	0.008206	0.008206	0.008206	0.008206	0.008206	0.008206	0.008206	0.008206	0.008206	0.008206	0.008206	0.008206	0.008206	0.008206	0.008206	0.008206	0.008206	0.008206	0.008206	0.008206	0.008206	0.008206	0.008206	0.008206	0.008206	0.008206	0.008206	0.008206	0.008206	0.008206	0.008206	0.008206	0.008206	0.008206	0.008206	0.008206	0.008206	0.008206	0.008206	0.008206	0.008206	0.008206	0.008206	0.008206	0.008206	0.008206	0.008206	0.008206	0.008206	0.008206	0.008206	0.008206	0.008206	0.008206	0.008206	0.008206	0.008206	0.008206	0.008206	0.008206	0.008206	0.01012	0.01012	0.01012	0.01012	0.01012	0.01012	0.01012	0.01012	0.01012	0.01012	0.01012	0.01012	0.01012	0.01012	0.01012	0.01012	0.01012	0.01012	0.01012	0.01012	0.01012	0.01012	0.01012	0.01012	0.01012	0.01012	0.01012	0.01012	0.01012	0.01012	0.01012	0.01012	0.01012	0.01012	0.01012	0.01012	0.01012	0.01012	0.01012	0.01012	0.01012	0.01012	0.01012	0.01012	0.01012	0.01012	0.01012	0.01012	0.01012	0.01012	0.01012	0.01012	0.01012	0.01012	0.01012	0.01012	0.01012	0.01012	0.01012	0.01012	0.01012	0.01012	0.01012	0.01012	0.01012	0.01012	0.01012	0.01012	0.01012	0.01012	0.01012	0.01012	0.01012	0.01012	0.01012	0.01012	0.01012	0.01012	0.01012	0.01012	0.01012	0.01012	0.01012	0.01012	0.01012	0.01012	0.01012	0.01012	0.01012	0.01012	0.01012	0.01012	0.01012	0.01012	0.01012	0.01012	0.01012	0.01012	0.01012	0.01012	0.01012	0.01012	0.01012	0.01012	0.01012	0.01012	0.01012	0.01012	0.01012	0.01012	0.01012	0.01012	0.01012	0.01012	0.01012	0.01012	0.01012	0.01012	0.01012	0.01012	0.01012	0.01012	0.01012	0.01012	0.01012	0.01012	0.01012	0.01012	0.01012	0.01012	0.01012	0.01012
Home Services			0	0	0	0	0	0	0	0	0	0	0	0	0	0	0	0	0	0	0	0	0	0	0	0	0	0	0	0	0	0	0	0	0	0	0	0	0	0	0	0	0	0	0	0	0	0	0	0	0	0	0	0	0	0	0	0	0	0	0	0	0	0	0	0	0	0	0	0	0	0	0	0	0	0	0	0	0	0	0	0	0	0	0	0	0	0	0	0	0	0	0	0	0	0	0	0	0	0	0	0	0	0	0	0	0	0	0	0	0	0	0	0	0	0	0	0	0	0	0	0	0	0	0	0	0	0	0	0	0	0	0	0	0	0	0	0	0	0	0	0	0	0	0	0	0	0	0	0	0	0	0	0	0	0	0	0	0	0	0	0	0	0	0	0	0	0	0	0	0	0	0	0	0	0	0	0	0	0	0	0	0	0	0	0	0	0	0	0	0	0	0	0	0	0	0	0	0	0	0	0	0	0	0	0	0	0	0	0	0	0	0	0	0	0	0	0	0	0	0	0	0	0	0	0	0	0.010048	0.010048	0.010048	0.010048	0.010048	0.010048	0.010048	0.010048	0.010048	0.010048	0.010048	0.010048	0.010048	0.010048	0.010048	0.010048	0.010048	0.010048	0.010048	0.010048	0.010048	0.010048	0.010048	0.010048	0.010048	0.010048	0.010048	0.010048	0.010048	0.010048	0.010048	0.010048	0.010048	0.010048	0.010048	0.010048	0.010048	0.010048	0.010048	0.010048	0.010048	0.010048	0.010048	0.010048	0.010048	0.010048	0.010048	0.010048	0.010048	0.010048	0.010048	0.010048	0.010048	0.010048	0.010048	0.010048	0.010048	0.010048	0.010048	0.010048	0.010048	0.010048	0.010048	0.010048	0.010048	0.010048	0.010048	0.010048	0.010048	0.010048	0.010048	0.010048	0.010048	0.010048	0.010048	0.010048	0.010048	0.010048	0.010048	0.010048	0.010048	0.010048	0.010048	0.010048	0.010048	0.010048	0.010048	0.010048	0.010048	0.010048	0.010048	0.010048	0.010048	0.010048	0.010048	0.010048	0.010048	0.010048	0.010048	0.010048	0.010048	0.010048	0.010048	0.010048	0.010048	0.010048	0.010048	0.010048	0.010048	0.010048	0.010048	0.010048	0.010048	0.010048	0.010048	0.010048	0.010048	0.010048	0.010048	0.010048	0.010048	0.010048	0.010048	0.010048	0.010048	0.010048	0.010048	0.010048	0.010048	0.010048	0.010048	0.010048	0.010048	0.010048	0.010048	0.010048	0.010048	0.010048	0.010048	0.010048
Language Learning			0	0	0	0	0	0	0	0	0	0	0	0	0	0	0	0	0	0	0	0	0	0	0	0	0	0	0	0	0	0	0	0	0	0	0	0	0	0	0	0	0	0	0	0	0	0	0	0	0	0	0	0	0	0	0	0	0	0	0	0	0	0	0	0	0	0	0	0	0	0	0	0	0	0	0	0	0	0	0	0	0	0	0	0	0	0	0	0	0	0	0	0	0	0	0	0	0	0	0	0	0	0	0	0	0	0	0	0	0	0	0	0	0	0	0	0	0	0	0	0	0	0	0	0	0	0	0	0	0	0	0	0	0	0	0	0	0	0	0	0	0	0	0	0	0	0	0	0	0	0	0	0	0	0	0	0	0	0	0	0	0	0	0	0	0	0	0	0	0	0	0	0	0	0	0	0	0	0	0	0	0	0	0	0	0	0	0	0	0	0	0	0	0	0	0	0	0	0	0	0	0	0	0	0	0	0	0	0	0	0	0	0	0	0	0	0	0	0	0	0	0	0	0	0	0	0	0	0	0	0	0	0	0	0	0	0	0	0	0	0	0	0	0	0	0	0	0	0	0	0	0	0	0	0	0	0	0	0	0	0	0	0	0	0	0	0	0	0	0	0	0	0	0	0	0	0	0	0	0	0	0	0	0	0	0	0	0	0	0	0	0	0	0	0	0	0	0	0	0	0	0	0	0	0	0	0	0	0	0	0	0	0	0	0	0	0	0	0	0	0	0	0	0	0	0	0	0	0	0	0	0	0	0	0	0	0	0	0	0	0	0	0	0	0	0	0	0	0	0	0	0.010048	0.010048	0.010048	0.010048	0.010048	0.010048	0.010048	0.010048	0.010048	0.010048	0.010048	0.010048	0.010048	0.010048	0.010048
Reputation			0	0	0	0	0	0	0	0	0	0	0	0	0	0	0	0	0	0	0	0	0	0	0	0	0	0	0	0	0	0	0	0	0	0	0	0	0	0	0	0	0	0	0	0	0	0	0	0	0	0	0	0	0	0	0	0	0	0	0	0	0	0	0	0	0	0	0	0	0	0	0	0	0	0	0	0	0	0	0	0	0	0	0	0	0	0	0	0	0	0	0	0	0	0	0	0	0	0	0	0	0	0	0	0	0	0	0	0	0	0	0	0	0	0	0	0	0	0	0	0	0	0	0	0	0	0	0	0	0	0	0	0	0	0	0	0	0	0	0	0	0	0	0	0	0	0	0	0	0	0	0	0	0	0	0	0	0	0	0	0	0	0	0	0	0	0	0	0	0	0	0	0	0	0	0	0	0	0	0	0	0	0	0	0	0	0	0	0	0	0	0	0	0	0	0	0	0	0	0	0	0	0	0	0	0	0	0	0	0	0	0	0	0	0	0	0	0	0	0	0	0	0	0	0	0	0.010048	0.010048	0.010048	0.010048	0.010048	0.010048	0.010048	0.010048	0.010048	0.010048	0.010048	0.010048	0.010048	0.010048	0.010048	0.010048	0.010048	0.010048	0.010048	0.010048	0.010048	0.010048	0.010048	0.010048	0.010048	0.010048	0.010048	0.010048	0.010048	0.010048	0.010048	0.010048	0.010048	0.010048	0.010048	0.010048	0.010048	0.010048	0.010048	0.010048	0.010048	0.010048	0.010048	0.010048	0.010048	0.010048	0.010048	0.010048	0.010048	0.010048	0.010048	0.010048	0.010048	0.010048	0.010048	0.010048	0.010048	0.010048	0.010048	0.010048	0.010048	0.010048	0.010048	0.010048	0.010048	0.010048	0.010048	0.010048	0.010048	0.010048	0.010048	0.010048	0.010048	0.010048	0.010048	0.010048	0.010048	0.010048	0.010048	0.010048	0.010048	0.010048	0.010048	0.010048	0.010048	0.010048	0.010048	0.010048	0.010048	0.010048	0.010048	0.010048	0.010048	0.010048	0.010048	0.010048	0.010048	0.010048	0.010048	0.010048	0.010048	0.010048	0.010048	0.010048	0.010048	0.010048	0.010048	0.010048	0.010048	0.010048	0.010048	0.010048	0.010048	0.010048	0.010048	0.010048	0.010048	0.010048	0.010048	0.010048	0.010048	0.010048	0.010048	0.010048	0.010048	0.010048	0.010048	0.010048	0.010048	0.010048	0.010048	0.010048	0.010048	0.010048	0.010048	0.010048	0.010048	0.010048	0.010048	0.010048
Restaurants			0	0	0	0	0	0	0	0	0	0	0	0	0	0	0	0.010048	0.010048	0.010048	0.010048	0.010048	0.010048	0.010048	0.010048	0.010048	0.010048	0.010048	0.010048	0.010048	0.010048	0.010048	0.010048	0.010048	0.010048	0.010048	0.010048	0.010048	0.010048	0.010048	0.010048	0.010048	0.010048	0.010048	0.010048	0.010048	0.010048	0.010048	0.010048	0.010048	0.010048	0.010048	0.010048	0.010048	0.010048	0.010048	0.010048	0.010048	0.010048	0.010048	0.010048	0.010048	0.010048	0.010048	0.010048	0.010048	0.010048	0.010048	0.010048	0.010048	0.010048	0.010048	0.010048	0.010048	0.010048	0.010048	0.010048	0.010048	0.010048	0.010048	0.010048	0.010048	0.010048	0.010048	0.010048	0.010048	0.010048	0.010048	0.010048	0.010048	0.010048	0.010048	0.010048	0.010048	0.010048	0.010048	0.010048	0.010048	0.010048	0.010048	0.010048	0.010048	0.010048	0.010048	0.010048	0.010048	0.010048	0.010048	0.010048	0.010048	0.010048	0.010048	0.010048	0.010048	0.010048	0.010048	0.010048	0.010048	0.010048	0.010048	0.010048	0.010048	0.010048	0.010048	0.010048	0.010048	0.010048	0.010048	0.010048	0.010048	0.010048	0.010048	0.010048	0.010048	0.010048	0.010048	0.010048	0.010048	0.010048	0.010048	0.010048	0.010048	0.010048	0.010048	0.010048	0.010048	0.010048	0.010048	0.010048	0.010048	0.010048	0.010048	0.010048	0.010048	0.010048	0.010048	0.010048	0.010048	0.010048	0.010048	0.010048	0.010048	0.010048	0.010048	0.010048	0.010048	0.010048	0.010048	0.010048	0.010048	0.010048	0.010048	0.010048	0.010048	0.010048	0.010048	0.010048	0.010048	0.010048	0.010048	0.010048	0.010048	0.010048	0.010048	0.010048	0.010048	0.010048	0.010048	0.010048	0.010048	0.010048	0.010048	0.010048	0.010048	0.010048	0.010048	0.010048	0.010048	0.010048	0.010048	0.010048	0.010048	0.010048	0.010048	0.010048	0.010048	0.010048	0.010048	0.010048	0.010048	0.010048	0.010048	0.010048	0.010048	0.010048	0.010048	0.010048	0.010048	0.010048	0.010048	0.010048	0.010048	0.010048	0.010048	0.010048	0.010048	0.010048	0.010048	0.010048	0.010048	0.010048	0.010048	0.010048	0.010048	0.010048	0.010048	0.010048	0.010048	0.010048	0.010048	0.010048	0.010048	0.010048	0.010048	0.010048	0.010048	0.010048	0.010048	0.010048	0.010048	0.010048	0.010048	0.010048	0.010048	0.010048	0.010048	0.010048	0.010048	0.010048	0.010048	0.010048	0.010048	0.010048	0.010048	0.010048	0.010048	0.010048	0.010048	0.010048	0.010048	0.010048	0.010048	0.010048	0.010048	0.010048	0.010048	0.010048	0.010048	0.010048	0.010048	0.010048	0.010048	0.010048	0.010048	0.010048	0.010048	0.010048	0.010048	0.010048	0.010048	0.010048	0.010048	0.010048	0.010048	0.010048	0.010048	0.010048	0.010048	0.010048	0.010048	0.010048	0.010048	0.010048	0.010048	0.010048	0.010048	0.010048	0.010048	0.010048	0.010048	0.010048	0.010048	0.010048	0.010048	0.010048	0.010048	0.010048	0.010048	0.010048	0.010048	0.010048	0.010048	0.010048	0.010048	0.010048	0.010048	0.010048	0.010048	0.010048	0.010048	0.010048	0.010048	0.010048	0.010048	0.010048	0.010048	0.010048	0.010048	0.010048	0.010048	0.010048	0.010048	0.010048	0.010048	0.010048	0.010048	0.010048	0.010048	0.010048	0.010048	0.010048	0.010048	0.010048	0.010048	0.010048	0.010048	0.010048	0.010048	0.010048	0.010048	0.010048	0.010048	0.010048	0.010048	0.010048	0.010048	0.010048
Quality Assurance			0	0	0	0	0	0	0	0	0	0	0	0	0	0	0	0	0	0	0	0	0	0	0	0	0	0	0	0	0	0	0	0	0	0	0	0	0	0	0	0	0	0	0	0	0	0	0	0	0	0	0	0	0	0	0	0	0	0	0	0	0	0	0	0	0	0	0	0	0	0	0	0	0	0	0	0	0	0	0	0	0	0	0	0	0	0	0	0	0	0	0	0	0	0	0	0	0	0	0	0	0	0	0	0	0	0	0	0	0	0	0	0	0	0	0	0	0	0	0	0	0	0	0	0	0	0	0	0	0	0	0	0	0	0.009713	0.009713	0.009713	0.009713	0.009713	0.009713	0.009713	0.009713	0.009713	0.009713	0.009713	0.009713	0.009713	0.009713	0.009713	0.009713	0.009713	0.009713	0.009713	0.009713	0.009713	0.009713	0.009713	0.009713	0.009713	0.009713	0.009713	0.009713	0.009713	0.009713	0.009713	0.009713	0.009713	0.009713	0.009713	0.009713	0.009713	0.009713	0.009713	0.009713	0.009713	0.009713	0.009713	0.009713	0.009713	0.009713	0.009713	0.009713	0.009713	0.009713	0.009713	0.009713	0.009713	0.009713	0.009713	0.009713	0.009713	0.009713	0.009713	0.009713	0.009713	0.009713	0.009713	0.009713	0.009713	0.009713	0.009713	0.009713	0.009713	0.009713	0.009713	0.009713	0.009713	0.009713	0.009713	0.009713	0.009713	0.009713	0.009713	0.009713	0.009713	0.009713	0.009713	0.009713	0.009713	0.009713	0.009713	0.009713	0.009713	0.009713	0.009713	0.009713	0.009713	0.009713	0.009713	0.009713	0.009713	0.009713	0.009713	0.009713	0.009713	0.009713	0.009713	0.009713	0.009713	0.009713	0.009713	0.009713	0.009713	0.009713	0.009713	0.009713	0.009713	0.009713	0.009713	0.009713	0.009713	0.009713	0.009713	0.009713	0.009713	0.009713	0.009713	0.009713	0.009713	0.009713	0.009713	0.009713	0.009713	0.009713	0.009713	0.009713	0.009713	0.009713	0.009713	0.009713	0.009713	0.009713	0.009713	0.009713	0.009713	0.009713	0.009713	0.009713	0.009713	0.009713	0.009713	0.009713	0.009713	0.009713	0.009713	0.009713	0.009713	0.009713	0.009713	0.009713	0.009713	0.009713	0.009713	0.009713	0.009713	0.009713	0.009713	0.009713	0.009713	0.009713	0.009713	0.009713	0.009713	0.009713	0.009713	0.009713	0.009713	0.009713	0.009713	0.009713	0.009713	0.009713	0.009713	0.009713	0.009713	0.009713	0.009713	0.009713	0.009713	0.009713	0.009713	0.009713	0.009713	0.009713	0.009713	0.009713	0.009713	0.009713	0.009713	0.009713	0.009713	0.009713	0.009713	0.009713	0.009713	0.009713	0.009713	0.009713	0.009713	0.009713	0.009713	0.009713	0.009713	0.009713	0.009713	0.009713	0.009713	0.009713	0.009713	0.009713	0.009713	0.009713	0.009713	0.009713	0.009713	0.009713	0.009713	0.009713	0.009713	0.009713	0.009713	0.009713	0.009713	0.009713	0.009713	0.009713
Sales			0	0	0	0	0	0	0	0	0	0	0	0	0	0	0	0	0	0	0	0	0	0	0	0	0	0	0	0	0	0	0	0	0	0	0.003349	0.003349	0.003349	0.003349	0.003349	0.003349	0.003349	0.003349	0.003349	0.003349	0.003349	0.003349	0.003349	0.003349	0.003349	0.003349	0.003349	0.003349	0.003349	0.003349	0.003349	0.003349	0.003349	0.003349	0.003349	0.003349	0.003349	0.003349	0.003349	0.003349	0.003349	0.003349	0.003349	0.003349	0.003349	0.003349	0.003349	0.003349	0.003349	0.003349	0.003349	0.003349	0.003349	0.003349	0.003349	0.003349	0.003349	0.003349	0.003349	0.003349	0.003349	0.003349	0.003349	0.003349	0.003349	0.003349	0.003349	0.003349	0.003349	0.003349	0.003349	0.003349	0.003908	0.003908	0.003908	0.003908	0.003908	0.003908	0.003908	0.003908	0.003908	0.003908	0.003908	0.003908	0.003908	0.003908	0.003908	0.003908	0.003908	0.003908	0.003908	0.003908	0.003908	0.003908	0.003908	0.003908	0.003908	0.003908	0.003908	0.003908	0.003908	0.003908	0.003908	0.003908	0.003908	0.003908	0.003908	0.003908	0.003908	0.003908	0.003908	0.003908	0.003908	0.003908	0.003908	0.003908	0.003908	0.003908	0.003908	0.003908	0.003908	0.003908	0.003908	0.003908	0.003908	0.003908	0.003908	0.003908	0.003908	0.003908	0.003908	0.003908	0.003908	0.003908	0.003908	0.003908	0.003908	0.003908	0.003908	0.003908	0.003908	0.003908	0.003908	0.003908	0.003908	0.003908	0.003908	0.003908	0.003908	0.003908	0.003908	0.003908	0.003908	0.003908	0.003908	0.003908	0.003908	0.003908	0.003908	0.003908	0.003908	0.003908	0.003908	0.003908	0.003908	0.003908	0.003908	0.003908	0.003908	0.003908	0.003908	0.003908	0.003908	0.003908	0.003908	0.004466	0.004466	0.004466	0.004466	0.004466	0.004466	0.004466	0.004466	0.004466	0.004466	0.004466	0.004466	0.004466	0.004466	0.004466	0.004466	0.004466	0.004466	0.004466	0.004466	0.004466	0.004466	0.004466	0.004466	0.004466	0.004466	0.004466	0.004466	0.004466	0.004466	0.004466	0.004466	0.004466	0.004466	0.004466	0.004466	0.004466	0.004466	0.004466	0.004466	0.004466	0.004466	0.004466	0.004466	0.004466	0.004466	0.004466	0.004466	0.004466	0.004466	0.004466	0.004466	0.004466	0.004466	0.004466	0.004466	0.004466	0.004466	0.00949	0.00949	0.00949	0.00949	0.00949	0.00949	0.00949	0.00949	0.00949	0.00949	0.00949	0.00949	0.00949	0.00949	0.00949	0.00949	0.00949	0.00949	0.00949	0.00949	0.00949	0.00949	0.00949	0.00949	0.00949	0.00949	0.00949	0.00949	0.00949	0.00949	0.00949	0.00949	0.00949	0.00949	0.00949	0.00949	0.00949	0.00949	0.00949	0.00949	0.00949	0.00949	0.00949	0.00949	0.00949	0.00949	0.00949	0.00949	0.00949	0.00949	0.00949	0.00949	0.00949	0.00949	0.00949	0.00949	0.00949	0.00949	0.00949	0.00949	0.00949	0.00949	0.00949	0.00949	0.00949	0.00949	0.00949	0.00949	0.00949	0.00949	0.00949	0.00949	0.00949	0.00949	0.00949	0.00949	0.00949	0.00949	0.00949	0.00949	0.00949	0.00949	0.00949	0.00949	0.00949	0.00949	0.00949	0.00949	0.00949	0.00949	0.00949	0.00949	0.00949	0.00949	0.00949	0.00949	0.00949	0.00949	0.00949	0.00949	0.00949	0.00949	0.00949	0.00949	0.00949	0.00949	0.00949	0.00949
Document Management			0	0	0	0	0	0	0	0	0	0	0	0	0	0	0	0	0	0	0	0	0	0	0	0	0	0	0	0	0	0	0	0	0	0	0	0	0	0	0	0	0	0	0	0	0	0	0	0	0	0	0	0	0	0	0	0	0	0	0	0	0	0	0	0	0	0	0	0	0	0	0	0	0	0	0	0	0	0	0	0	0	0	0	0	0	0	0	0	0	0	0	0	0	0	0	0	0	0	0	0	0	0	0	0	0	0	0	0	0	0	0	0	0	0	0	0	0	0	0	0	0	0	0	0	0	0	0	0	0	0	0	0	0	0	0	0	0	0	0	0	0	0	0	0	0	0	0	0	0	0	0	0	0	0	0	0	0	0	0	0	0	0	0	0	0	0	0	0	0	0	0	0	0	0	0	0	0	0	0	0	0	0	0	0	0	0	0	0	0	0	0	0	0	0	0	0.009267	0.009267	0.009267	0.009267	0.009267	0.009267	0.009267	0.009267	0.009267	0.009267	0.009267	0.009267	0.009267	0.009267	0.009267	0.009267	0.009267	0.009267	0.009267	0.009267	0.009267	0.009267	0.009267	0.009267	0.009267	0.009267	0.009267	0.009267	0.009267	0.009267	0.009267	0.009267	0.009267	0.009267	0.009267	0.009267	0.009267	0.009267	0.009267	0.009267	0.009267	0.009267	0.009267	0.009267	0.009267	0.009267	0.009267	0.009267	0.009267	0.009267	0.009267	0.009267	0.009267	0.009267	0.009267	0.009267	0.009267	0.009267	0.009267	0.009267	0.009267	0.009267	0.009267	0.009267	0.009267	0.009267	0.009267	0.009267	0.009267	0.009267	0.009267	0.009267	0.009267	0.009267	0.009267	0.009267	0.009267	0.009267	0.009267	0.009267	0.009267	0.009267	0.009267	0.009267	0.009267	0.009267	0.009267	0.009267	0.009267	0.009267	0.009267	0.009267	0.009267	0.009267	0.009267	0.009267	0.009267	0.009267	0.009267	0.009267	0.009267	0.009267	0.009267	0.009267	0.009267	0.009267	0.009267	0.009267	0.009267	0.009267	0.009267	0.009267	0.009267	0.009267	0.009267	0.009267	0.009267	0.009267	0.009267	0.009267	0.009267	0.009267	0.009267	0.009267	0.009267	0.009267	0.009267	0.009267	0.009267	0.009267	0.009267	0.009267	0.009267	0.009267	0.009267	0.009267	0.009267	0.009267	0.009267	0.009267	0.009267	0.009267	0.009267	0.009267	0.009267	0.009267	0.009267	0.009267	0.009267	0.009267	0.009267	0.009267	0.009267	0.009267	0.009267	0.009267	0.009267	0.009267	0.009267	0.009267	0.009267	0.009267	0.009267	0.009267	0.009267	0.009267	0.009267	0.009267	0.009267	0.009267
Cloud Storage			0	0	0	0	0	0	0	0	0	0	0	0	0	0	0	0	0	0	0	0	0	0	0	0	0	0	0	0	0	0	0	0	0	0	0	0	0	0	0	0	0	0	0	0	0	0	0	0	0	0	0	0	0	0	0	0	0	0	0	0	0	0	0	0	0	0	0	0	0	0	0	0	0	0	0	0	0	0	0	0	0	0	0	0	0	0	0	0	0	0	0	0	0	0	0	0	0	0	0	0	0	0	0	0	0	0	0	0	0	0	0	0	0	0	0	0	0	0	0	0	0	0	0	0	0	0	0	0	0	0	0	0	0	0	0	0	0	0	0	0	0	0	0	0	0	0	0	0	0	0	0	0	0	0	0	0	0	0	0	0	0	0	0	0	0	0	0	0	0	0	0	0	0	0	0	0	0	0	0	0	0	0	0	0	0	0	0	0	0	0	0	0	0	0	0	0	0	0	0	0	0	0	0	0	0	0	0	0	0	0	0	0	0	0	0	0	0	0	0	0	0	0	0	0	0	0	0	0	0	0	0	0	0	0	0	0	0	0	0	0	0	0	0	0	0	0	0	0	0	0	0	0	0	0	0	0	0	0	0	0	0	0	0	0	0	0	0	0	0	0	0	0	0	0	0	0	0	0	0	0	0	0	0	0	0	0	0	0	0	0	0	0	0	0	0	0	0	0	0	0	0	0	0	0	0	0	0	0	0	0	0	0	0	0	0	0	0	0	0	0	0	0	0.008932	0.008932	0.008932	0.008932	0.008932	0.008932	0.008932	0.008932	0.008932	0.008932	0.008932	0.008932	0.008932	0.008932	0.008932	0.008932	0.008932	0.008932	0.008932	0.008932	0.008932	0.008932	0.008932	0.008932	0.008932	0.008932	0.008932	0.008932	0.008932	0.008932	0.008932	0.008932	0.008932	0.008932	0.008932	0.008932	0.008932	0.008932	0.008932	0.008932	0.008932	0.008932	0.008932
Auto Insurance			0	0	0	0	0	0	0	0	0	0	0	0	0	0	0	0	0	0	0	0	0	0	0	0	0	0	0	0	0	0	0	0	0	0	0	0	0	0	0	0	0	0	0	0	0	0	0	0	0	0	0	0	0	0	0	0	0	0	0	0	0	0	0	0	0	0	0	0	0	0	0	0	0	0	0	0	0	0	0	0	0	0	0	0	0	0	0	0	0	0	0	0	0	0	0	0	0	0	0	0	0	0	0	0	0	0	0	0	0	0	0	0	0	0	0	0	0	0	0	0	0	0	0	0	0	0	0	0	0	0	0	0	0	0	0	0	0	0	0	0	0	0	0	0	0	0	0	0	0	0	0	0	0	0	0	0	0	0	0	0	0	0	0	0	0	0	0	0	0	0	0	0	0	0	0	0	0	0	0	0	0	0	0	0	0	0	0	0	0	0	0	0	0	0	0	0	0	0	0	0	0	0	0	0	0	0	0	0	0	0	0	0	0	0	0	0	0	0	0	0	0	0	0	0	0	0	0	0	0	0	0	0	0	0	0	0	0	0	0	0.008583	0.008583	0.008583	0.008583	0.008583	0.008583	0.008583	0.008583	0.008583	0.008583	0.008583	0.008583	0.008583	0.008583	0.008583	0.008583	0.008583	0.008583	0.008583	0.008583	0.008583	0.008583	0.008583	0.008583	0.008583	0.008583	0.008583	0.008583	0.008583	0.008583	0.008583	0.008583	0.008583	0.008583	0.008583	0.008583	0.008583	0.008583	0.008583	0.008583	0.008583	0.008583	0.008583	0.008583	0.008583	0.008583	0.008583	0.008583	0.008583	0.008583	0.008583	0.008583	0.008583	0.008583	0.008583	0.008583	0.008583	0.008583	0.008583	0.008583	0.008583	0.008583	0.008583	0.008583	0.008583	0.008583	0.008583	0.008583	0.008583	0.008583	0.008583	0.008583	0.008583	0.008583	0.008583	0.008583	0.008583	0.008583	0.008583	0.008583	0.008583	0.008583	0.008583	0.008583	0.008583	0.008583	0.008583	0.008583	0.008583	0.008583	0.008583	0.008583	0.008583	0.008583	0.008583	0.008583	0.008583	0.008583	0.008583	0.008583	0.008583	0.008583	0.008583	0.008583	0.008583	0.008583	0.008583	0.008583	0.008583	0.008583	0.008583	0.008583	0.008583	0.008583	0.008583	0.008583	0.008583	0.008583	0.008583	0.008583	0.008583	0.008583	0.008583	0.008583	0.008583	0.008583
Communities			0	0	0	0	0	0	0	0	0	0	0	0	0	0	0	0	0	0	0	0	0	0	0	0	0	0	0	0.00851	0.00851	0.00851	0.00851	0.00851	0.00851	0.00851	0.00851	0.00851	0.00851	0.00851	0.00851	0.00851	0.00851	0.00851	0.00851	0.00851	0.00851	0.00851	0.00851	0.00851	0.00851	0.00851	0.00851	0.00851	0.00851	0.00851	0.00851	0.00851	0.00851	0.00851	0.00851	0.00851	0.00851	0.00851	0.00851	0.00851	0.00851	0.00851	0.00851	0.00851	0.00851	0.00851	0.00851	0.00851	0.00851	0.00851	0.00851	0.00851	0.00851	0.00851	0.00851	0.00851	0.00851	0.00851	0.00851	0.00851	0.00851	0.00851	0.00851	0.00851	0.00851	0.00851	0.00851	0.00851	0.00851	0.00851	0.00851	0.00851	0.00851	0.00851	0.00851	0.00851	0.00851	0.00851	0.00851	0.00851	0.00851	0.00851	0.00851	0.00851	0.00851	0.00851	0.00851	0.00851	0.00851	0.00851	0.00851	0.00851	0.00851	0.00851	0.00851	0.00851	0.00851	0.00851	0.00851	0.00851	0.00851	0.00851	0.00851	0.00851	0.00851	0.00851	0.00851	0.00851	0.00851	0.00851	0.00851	0.00851	0.00851	0.00851	0.00851	0.00851	0.00851	0.00851	0.00851	0.00851	0.00851	0.00851	0.00851	0.00851	0.00851	0.00851	0.00851	0.00851	0.00851	0.00851	0.00851	0.00851	0.00851	0.00851	0.00851	0.00851	0.00851	0.00851	0.00851	0.00851	0.00851	0.00851	0.00851	0.00851	0.00851	0.00851	0.00851	0.00851	0.00851	0.00851	0.00851	0.00851	0.00851	0.00851	0.00851	0.00851	0.00851	0.00851	0.00851	0.00851	0.00851	0.00851	0.00851	0.00851	0.00851	0.00851	0.00851	0.00851	0.00851	0.00851	0.00851	0.00851	0.00851	0.00851	0.00851	0.00851	0.00851	0.00851	0.00851	0.00851	0.00851	0.00851	0.00851	0.00851	0.00851	0.00851	0.00851	0.00851	0.00851	0.00851	0.00851	0.00851	0.00851	0.00851	0.00851	0.00851	0.00851	0.00851	0.00851	0.00851	0.00851	0.00851	0.00851	0.00851	0.00851	0.00851	0.00851	0.00851	0.00851	0.00851	0.00851	0.00851	0.00851	0.00851	0.00851	0.00851	0.00851	0.00851	0.00851	0.00851	0.00851	0.00851	0.00851	0.00851	0.00851	0.00851	0.00851	0.00851	0.00851	0.00851	0.00851	0.00851	0.00851	0.00851	0.00851	0.00851	0.00851	0.00851	0.00851	0.00851	0.00851	0.00851	0.00851	0.00851	0.00851	0.00851	0.00851	0.00851	0.00851	0.00851	0.00851	0.00851	0.00851	0.00851	0.00851	0.00851	0.00851	0.00851	0.00851	0.00851	0.00851	0.00851	0.00851	0.00851	0.00851	0.00851	0.00851	0.00851	0.00851	0.00851	0.00851	0.00851	0.00851	0.00851	0.00851	0.00851	0.00851	0.00851	0.00851	0.00851	0.00851	0.00851	0.00851	0.00851	0.00851	0.00851	0.00851	0.00851	0.00851	0.00851	0.00851	0.00851	0.00851	0.00851	0.00851	0.00851	0.00851	0.00851	0.00851	0.00851	0.00851	0.00851	0.00851	0.00851	0.00851	0.00851	0.00851	0.00851	0.00851	0.00851	0.00851	0.00851	0.00851	0.00851	0.00851	0.00851	0.00851	0.00851	0.00851	0.00851	0.00851	0.00851	0.00851	0.00851	0.00851	0.00851	0.00851	0.00851	0.00851	0.00851	0.00851	0.00851	0.00851	0.00851	0.00851	0.00851	0.00851	0.00851	0.00851	0.00851	0.00851
Coworking			0	0	0	0	0	0	0	0	0	0	0	0	0	0	0	0	0	0	0	0	0	0	0	0	0	0	0	0.00851	0.00851	0.00851	0.00851	0.00851	0.00851	0.00851	0.00851	0.00851	0.00851	0.00851	0.00851	0.00851	0.00851	0.00851	0.00851	0.00851	0.00851	0.00851	0.00851	0.00851	0.00851	0.00851	0.00851	0.00851	0.00851	0.00851	0.00851	0.00851	0.00851	0.00851	0.00851	0.00851	0.00851	0.00851	0.00851	0.00851	0.00851	0.00851	0.00851	0.00851	0.00851	0.00851	0.00851	0.00851	0.00851	0.00851	0.00851	0.00851	0.00851	0.00851	0.00851	0.00851	0.00851	0.00851	0.00851	0.00851	0.00851	0.00851	0.00851	0.00851	0.00851	0.00851	0.00851	0.00851	0.00851	0.00851	0.00851	0.00851	0.00851	0.00851	0.00851	0.00851	0.00851	0.00851	0.00851	0.00851	0.00851	0.00851	0.00851	0.00851	0.00851	0.00851	0.00851	0.00851	0.00851	0.00851	0.00851	0.00851	0.00851	0.00851	0.00851	0.00851	0.00851	0.00851	0.00851	0.00851	0.00851	0.00851	0.00851	0.00851	0.00851	0.00851	0.00851	0.00851	0.00851	0.00851	0.00851	0.00851	0.00851	0.00851	0.00851	0.00851	0.00851	0.00851	0.00851	0.00851	0.00851	0.00851	0.00851	0.00851	0.00851	0.00851	0.00851	0.00851	0.00851	0.00851	0.00851	0.00851	0.00851	0.00851	0.00851	0.00851	0.00851	0.00851	0.00851	0.00851	0.00851	0.00851	0.00851	0.00851	0.00851	0.00851	0.00851	0.00851	0.00851	0.00851	0.00851	0.00851	0.00851	0.00851	0.00851	0.00851	0.00851	0.00851	0.00851	0.00851	0.00851	0.00851	0.00851	0.00851	0.00851	0.00851	0.00851	0.00851	0.00851	0.00851	0.00851	0.00851	0.00851	0.00851	0.00851	0.00851	0.00851	0.00851	0.00851	0.00851	0.00851	0.00851	0.00851	0.00851	0.00851	0.00851	0.00851	0.00851	0.00851	0.00851	0.00851	0.00851	0.00851	0.00851	0.00851	0.00851	0.00851	0.00851	0.00851	0.00851	0.00851	0.00851	0.00851	0.00851	0.00851	0.00851	0.00851	0.00851	0.00851	0.00851	0.00851	0.00851	0.00851	0.00851	0.00851	0.00851	0.00851	0.00851	0.00851	0.00851	0.00851	0.00851	0.00851	0.00851	0.00851	0.00851	0.00851	0.00851	0.00851	0.00851	0.00851	0.00851	0.00851	0.00851	0.00851	0.00851	0.00851	0.00851	0.00851	0.00851	0.00851	0.00851	0.00851	0.00851	0.00851	0.00851	0.00851	0.00851	0.00851	0.00851	0.00851	0.00851	0.00851	0.00851	0.00851	0.00851	0.00851	0.00851	0.00851	0.00851	0.00851	0.00851	0.00851	0.00851	0.00851	0.00851	0.00851	0.00851	0.00851	0.00851	0.00851	0.00851	0.00851	0.00851	0.00851	0.00851	0.00851	0.00851	0.00851	0.00851	0.00851	0.00851	0.00851	0.00851	0.00851	0.00851	0.00851	0.00851	0.00851	0.00851	0.00851	0.00851	0.00851	0.00851	0.00851	0.00851	0.00851	0.00851	0.00851	0.00851	0.00851	0.00851	0.00851	0.00851	0.00851	0.00851	0.00851	0.00851	0.00851	0.00851	0.00851	0.00851	0.00851	0.00851	0.00851	0.00851	0.00851	0.00851	0.00851	0.00851	0.00851	0.00851	0.00851	0.00851	0.00851	0.00851	0.00851	0.00851	0.00851	0.00851	0.00851	0.00851	0.00851	0.00851	0.00851	0.00851	0.00851	0.00851	0.00851	0.00851	0.00851
PropTech			0	0	0	0	0	0	0	0	0	0	0	0	0	0	0	0	0	0	0	0	0	0	0	0	0	0	0	0.00851	0.00851	0.00851	0.00851	0.00851	0.00851	0.00851	0.00851	0.00851	0.00851	0.00851	0.00851	0.00851	0.00851	0.00851	0.00851	0.00851	0.00851	0.00851	0.00851	0.00851	0.00851	0.00851	0.00851	0.00851	0.00851	0.00851	0.00851	0.00851	0.00851	0.00851	0.00851	0.00851	0.00851	0.00851	0.00851	0.00851	0.00851	0.00851	0.00851	0.00851	0.00851	0.00851	0.00851	0.00851	0.00851	0.00851	0.00851	0.00851	0.00851	0.00851	0.00851	0.00851	0.00851	0.00851	0.00851	0.00851	0.00851	0.00851	0.00851	0.00851	0.00851	0.00851	0.00851	0.00851	0.00851	0.00851	0.00851	0.00851	0.00851	0.00851	0.00851	0.00851	0.00851	0.00851	0.00851	0.00851	0.00851	0.00851	0.00851	0.00851	0.00851	0.00851	0.00851	0.00851	0.00851	0.00851	0.00851	0.00851	0.00851	0.00851	0.00851	0.00851	0.00851	0.00851	0.00851	0.00851	0.00851	0.00851	0.00851	0.00851	0.00851	0.00851	0.00851	0.00851	0.00851	0.00851	0.00851	0.00851	0.00851	0.00851	0.00851	0.00851	0.00851	0.00851	0.00851	0.00851	0.00851	0.00851	0.00851	0.00851	0.00851	0.00851	0.00851	0.00851	0.00851	0.00851	0.00851	0.00851	0.00851	0.00851	0.00851	0.00851	0.00851	0.00851	0.00851	0.00851	0.00851	0.00851	0.00851	0.00851	0.00851	0.00851	0.00851	0.00851	0.00851	0.00851	0.00851	0.00851	0.00851	0.00851	0.00851	0.00851	0.00851	0.00851	0.00851	0.00851	0.00851	0.00851	0.00851	0.00851	0.00851	0.00851	0.00851	0.00851	0.00851	0.00851	0.00851	0.00851	0.00851	0.00851	0.00851	0.00851	0.00851	0.00851	0.00851	0.00851	0.00851	0.00851	0.00851	0.00851	0.00851	0.00851	0.00851	0.00851	0.00851	0.00851	0.00851	0.00851	0.00851	0.00851	0.00851	0.00851	0.00851	0.00851	0.00851	0.00851	0.00851	0.00851	0.00851	0.00851	0.00851	0.00851	0.00851	0.00851	0.00851	0.00851	0.00851	0.00851	0.00851	0.00851	0.00851	0.00851	0.00851	0.00851	0.00851	0.00851	0.00851	0.00851	0.00851	0.00851	0.00851	0.00851	0.00851	0.00851	0.00851	0.00851	0.00851	0.00851	0.00851	0.00851	0.00851	0.00851	0.00851	0.00851	0.00851	0.00851	0.00851	0.00851	0.00851	0.00851	0.00851	0.00851	0.00851	0.00851	0.00851	0.00851	0.00851	0.00851	0.00851	0.00851	0.00851	0.00851	0.00851	0.00851	0.00851	0.00851	0.00851	0.00851	0.00851	0.00851	0.00851	0.00851	0.00851	0.00851	0.00851	0.00851	0.00851	0.00851	0.00851	0.00851	0.00851	0.00851	0.00851	0.00851	0.00851	0.00851	0.00851	0.00851	0.00851	0.00851	0.00851	0.00851	0.00851	0.00851	0.00851	0.00851	0.00851	0.00851	0.00851	0.00851	0.00851	0.00851	0.00851	0.00851	0.00851	0.00851	0.00851	0.00851	0.00851	0.00851	0.00851	0.00851	0.00851	0.00851	0.00851	0.00851	0.00851	0.00851	0.00851	0.00851	0.00851	0.00851	0.00851	0.00851	0.00851	0.00851	0.00851	0.00851	0.00851	0.00851	0.00851	0.00851	0.00851	0.00851	0.00851	0.00851	0.00851	0.00851	0.00851	0.00851	0.00851	0.00851	0.00851	0.00851	0.00851	0.00851	0.00851
Genetics			0	0	0	0	0	0	0	0	0	0	0	0	0	0	0	0	0	0	0	0	0	0	0	0	0	0	0	0	0	0	0	0	0	0	0	0	0	0	0	0	0	0	0	0	0	0	0	0	0	0	0	0	0	0	0	0	0	0	0	0	0	0	0	0	0	0	0	0	0	0	0	0	0	0	0	0	0	0	0	0	0	0	0	0	0	0	0	0	0	0	0	0	0	0	0	0	0	0	0	0	0	0	0	0	0	0	0	0	0	0	0	0	0	0	0	0	0	0	0	0	0	0	0	0	0	0	0	0	0	0	0	0	0	0	0	0	0	0	0	0	0	0	0	0	0	0	0	0	0	0	0	0	0	0	0	0	0	0	0	0	0	0	0	0	0	0	0	0	0	0	0	0	0	0	0	0	0	0	0	0	0	0	0	0	0	0	0	0	0	0	0	0	0	0	0	0	0	0	0.008374	0.008374	0.008374	0.008374	0.008374	0.008374	0.008374	0.008374	0.008374	0.008374	0.008374	0.008374	0.008374	0.008374	0.008374	0.008374	0.008374	0.008374	0.008374	0.008374	0.008374	0.008374	0.008374	0.008374	0.008374	0.008374	0.008374	0.008374	0.008374	0.008374	0.008374	0.008374	0.008374	0.008374	0.008374	0.008374	0.008374	0.008374	0.008374	0.008374	0.008374	0.008374	0.008374	0.008374	0.008374	0.008374	0.008374	0.008374	0.008374	0.008374	0.008374	0.008374	0.008374	0.008374	0.008374	0.008374	0.008374	0.008374	0.008374	0.008374	0.008374	0.008374	0.008374	0.008374	0.008374	0.008374	0.008374	0.008374	0.008374	0.008374	0.008374	0.008374	0.008374	0.008374	0.008374	0.008374	0.008374	0.008374	0.008374	0.008374	0.008374	0.008374	0.008374	0.008374	0.008374	0.008374	0.008374	0.008374	0.008374	0.008374	0.008374	0.008374	0.008374	0.008374	0.008374	0.008374	0.008374	0.008374	0.008374	0.008374	0.008374	0.008374	0.008374	0.008374	0.008374	0.008374	0.008374	0.008374	0.008374	0.008374	0.008374	0.008374	0.008374	0.008374	0.008374	0.008374	0.008374	0.008374	0.008374	0.008374	0.008374	0.008374	0.008374	0.008374	0.008374	0.008374	0.008374	0.008374	0.008374	0.008374	0.008374	0.008374	0.008374	0.008374	0.008374	0.008374	0.008374	0.008374	0.008374	0.008374	0.008374	0.008374	0.008374	0.008374	0.008374	0.008374	0.008374	0.008374	0.008374	0.008374	0.008374	0.008374	0.008374	0.008374	0.008374	0.008374	0.008374	0.008374	0.008374	0.008374	0.008374	0.008374	0.008374	0.008374	0.008374	0.008374	0.008374
Satellite Communication			0	0	0	0	0	0	0	0	0	0	0	0	0	0	0	0	0	0	0	0	0	0	0	0	0	0	0	0	0	0	0	0	0	0	0	0	0	0	0	0	0	0	0	0	0	0	0	0	0	0	0	0	0	0	0	0	0	0	0	0	0	0	0	0	0	0	0	0	0	0	0	0	0	0	0	0	0	0	0	0	0	0	0	0	0	0	0	0	0	0	0	0	0	0	0	0	0	0	0	0	0	0	0	0	0	0	0	0	0	0	0	0	0	0	0	0	0	0	0	0	0	0	0	0	0	0	0	0	0	0	0	0	0	0	0	0	0	0	0	0	0	0	0	0	0	0	0	0	0	0	0	0	0	0	0	0	0	0	0	0	0	0	0	0	0	0	0	0	0	0	0	0	0	0	0	0	0	0	0	0	0	0	0	0	0	0	0	0	0	0	0	0	0	0	0	0	0	0	0	0	0	0	0	0	0	0	0	0	0	0	0	0	0	0	0	0	0	0	0	0	0	0	0	0	0	0	0	0	0	0	0	0	0	0	0	0	0	0	0	0	0	0	0	0	0	0	0	0	0	0	0	0	0	0	0	0	0	0	0	0	0	0	0	0	0	0	0	0	0	0	0	0	0	0	0	0	0	0	0	0	0	0	0	0	0	0	0	0	0	0	0	0	0	0	0	0	0	0	0	0	0	0	0	0	0	0	0.008374	0.008374	0.008374	0.008374	0.008374	0.008374	0.008374	0.008374	0.008374	0.008374	0.008374	0.008374	0.008374	0.008374	0.008374	0.008374	0.008374	0.008374	0.008374	0.008374	0.008374	0.008374	0.008374	0.008374	0.008374	0.008374	0.008374	0.008374	0.008374	0.008374	0.008374	0.008374	0.008374	0.008374	0.008374	0.008374	0.008374	0.008374	0.008374	0.008374	0.008374	0.008374	0.008374	0.008374	0.008374	0.008374	0.008374	0.008374	0.008374	0.008374	0.008374	0.008374	0.008374	0.008374	0.008374	0.008374	0.008374	0.008374	0.008374
Telecommunications			0	0	0	0	0	0	0	0	0	0	0	0	0	0	0	0	0	0	0	0	0	0	0	0	0	0	0	0	0	0	0	0	0	0	0	0	0	0	0	0	0	0	0	0	0	0	0	0	0	0	0	0	0	0	0	0	0	0	0	0	0	0	0	0	0	0	0	0	0	0	0	0	0	0	0	0	0	0	0	0	0	0	0	0	0	0	0	0	0	0	0	0	0	0	0	0	0	0	0	0	0	0	0	0	0	0	0	0	0	0	0	0	0	0	0	0	0	0	0	0	0	0	0	0	0	0	0	0	0	0	0	0	0	0	0	0	0	0	0	0	0	0	0	0	0	0	0	0	0	0	0	0	0	0	0	0	0	0	0	0	0	0	0	0	0	0	0	0	0	0	0	0	0	0	0	0	0	0	0	0	0	0	0	0	0	0	0	0	0	0	0	0	0	0	0	0	0	0	0	0	0	0	0	0	0	0	0	0	0	0	0	0	0	0	0	0	0	0	0	0	0	0	0	0	0	0	0	0	0	0	0	0	0	0	0	0	0	0	0	0	0	0	0	0	0	0	0	0	0	0	0	0	0	0	0	0	0	0	0	0	0	0	0	0	0	0	0	0	0	0	0	0	0	0	0	0	0	0	0	0	0	0	0	0	0	0	0	0	0	0	0	0	0	0	0	0	0	0	0	0	0	0	0	0	0	0	0.008374	0.008374	0.008374	0.008374	0.008374	0.008374	0.008374	0.008374	0.008374	0.008374	0.008374	0.008374	0.008374	0.008374	0.008374	0.008374	0.008374	0.008374	0.008374	0.008374	0.008374	0.008374	0.008374	0.008374	0.008374	0.008374	0.008374	0.008374	0.008374	0.008374	0.008374	0.008374	0.008374	0.008374	0.008374	0.008374	0.008374	0.008374	0.008374	0.008374	0.008374	0.008374	0.008374	0.008374	0.008374	0.008374	0.008374	0.008374	0.008374	0.008374	0.008374	0.008374	0.008374	0.008374	0.008374	0.008374	0.008374	0.008374	0.008374
Taxi Service			0	0	0	0	0	0	0	0	0	0	0	0	0	0	0	0	0	0	0	0	0	0	0	0	0	0	0	0	0	0	0	0	0	0	0	0	0	0	0	0	0	0	0.007177	0.007177	0.007177	0.007177	0.007177	0.007177	0.007177	0.007177	0.007177	0.007177	0.007177	0.007177	0.007177	0.007177	0.007177	0.007177	0.007177	0.007177	0.007177	0.007177	0.007177	0.007177	0.007177	0.007177	0.007177	0.007177	0.007177	0.007177	0.007177	0.007177	0.007177	0.007177	0.007177	0.007177	0.007177	0.007177	0.007177	0.007177	0.007177	0.007177	0.007177	0.007177	0.007177	0.007177	0.007177	0.007177	0.007177	0.007177	0.007177	0.007177	0.007177	0.007177	0.007177	0.007177	0.007177	0.007177	0.007177	0.007177	0.007177	0.007177	0.007177	0.007177	0.007177	0.007177	0.007177	0.007177	0.007177	0.007177	0.007177	0.007177	0.007177	0.007177	0.007177	0.007177	0.007177	0.007177	0.007177	0.007177	0.007177	0.007177	0.007177	0.007177	0.007177	0.007177	0.007177	0.007177	0.007177	0.007177	0.007177	0.007177	0.007177	0.007177	0.007177	0.007177	0.007177	0.007177	0.007177	0.007177	0.007177	0.007177	0.007177	0.007177	0.007177	0.007177	0.007177	0.007177	0.007177	0.007177	0.007177	0.007177	0.007177	0.007177	0.007177	0.007177	0.007177	0.007177	0.007177	0.007177	0.007177	0.007177	0.007177	0.007177	0.007177	0.007177	0.007177	0.007177	0.007177	0.007177	0.007177	0.007177	0.007177	0.007177	0.007177	0.007177	0.007177	0.007177	0.007177	0.007177	0.007177	0.007177	0.007177	0.007177	0.007177	0.007177	0.007177	0.007177	0.007177	0.007177	0.007177	0.007177	0.007177	0.007177	0.007177	0.007177	0.007177	0.007177	0.007177	0.007177	0.007177	0.007177	0.007177	0.007177	0.007177	0.007177	0.007177	0.007177	0.007177	0.007177	0.007177	0.007177	0.007177	0.007177	0.007177	0.007177	0.007177	0.007177	0.007177	0.007177	0.007177	0.007177	0.007177	0.007177	0.007177	0.007177	0.007177	0.007177	0.007177	0.007177	0.007177	0.007177	0.007177	0.007177	0.007177	0.007177	0.007177	0.007177	0.007177	0.007177	0.007177	0.007177	0.007177	0.007177	0.007177	0.007177	0.007177	0.007177	0.007177	0.007177	0.007177	0.007177	0.007177	0.007177	0.007177	0.007177	0.007177	0.007177	0.007177	0.007177	0.007177	0.007177	0.007177	0.007177	0.007177	0.007177	0.007177	0.007177	0.007177	0.007177	0.007177	0.007177	0.007177	0.007177	0.007177	0.007177	0.007177	0.007177	0.007177	0.007177	0.007177	0.007177	0.007177	0.007177	0.007177	0.007177	0.007177	0.007177	0.007177	0.007177	0.007177	0.007177	0.007177	0.007177	0.007177	0.007177	0.007177	0.007177	0.007177	0.007177	0.007177	0.007177	0.007177	0.007177	0.007177	0.007177	0.007177	0.007177	0.007177	0.007177	0.007177	0.007177	0.007177	0.007177	0.007177	0.007177	0.007177	0.007177	0.007177	0.007177	0.007177	0.007177	0.007177	0.007177	0.007177	0.007177	0.007177	0.007177	0.007177	0.007177	0.007177	0.007177	0.007177	0.007177	0.007177	0.007177	0.007177	0.007177	0.007177	0.007177	0.007177	0.007177	0.007177	0.007177	0.007177	0.007177	0.007177	0.007177	0.007177	0.007177	0.007177	0.007177	0.007177	0.007177	0.007177	0.007177	0.007177	0.007177	0.007177	0.007177	0.007177	0.007177	0.007177	0.007177	0.007177
Advertising Platforms			0	0	0	0	0	0	0	0	0	0	0	0	0	0	0	0	0	0	0	0	0	0	0	0	0	0	0	0	0	0	0	0	0	0	0	0	0	0	0	0	0	0	0	0	0	0	0	0	0	0	0	0	0	0	0	0	0	0	0	0	0	0	0	0	0	0	0	0	0	0	0	0	0	0	0	0	0	0	0	0	0	0	0	0	0	0	0	0	0	0	0	0	0	0	0	0	0	0	0	0	0	0	0	0	0	0	0	0	0	0	0	0	0	0	0	0	0	0	0	0	0.001842	0.001842	0.001842	0.001842	0.001842	0.001842	0.001842	0.001842	0.001842	0.001842	0.001842	0.001842	0.001842	0.001842	0.001842	0.001842	0.001842	0.001842	0.001842	0.001842	0.001842	0.001842	0.001842	0.001842	0.001842	0.001842	0.001842	0.001842	0.001842	0.001842	0.001842	0.001842	0.001842	0.001842	0.001842	0.001842	0.001842	0.001842	0.001842	0.007034	0.007034	0.007034	0.007034	0.007034	0.007034	0.007034	0.007034	0.007034	0.007034	0.007034	0.007034	0.007034	0.007034	0.007034	0.007034	0.007034	0.007034	0.007034	0.007034	0.007034	0.007034	0.007034	0.007034	0.007034	0.007034	0.007034	0.007034	0.007034	0.007034	0.007034	0.007034	0.007034	0.007034	0.007034	0.007034	0.007034	0.007034	0.007034	0.007034	0.007034	0.007034	0.007034	0.007034	0.007034	0.007034	0.007034	0.007034	0.007034	0.007034	0.007034	0.007034	0.007034	0.007034	0.007034	0.007034	0.007034	0.007034	0.007034	0.007034	0.007034	0.007034	0.007034	0.007034	0.007034	0.007034	0.007034	0.007034	0.007034	0.007034	0.007034	0.007034	0.007034	0.007034	0.007034	0.007034	0.007034	0.007034	0.007034	0.007034	0.007034	0.007034	0.007034	0.007034	0.007034	0.007034	0.007034	0.007034	0.007034	0.007034	0.007034	0.007034	0.007034	0.007034	0.007034	0.007034	0.007034	0.007034	0.007034	0.007034	0.007034	0.007034	0.007034	0.007034	0.007034	0.007034	0.007034	0.007034	0.007034	0.007034	0.007034	0.007034	0.007034	0.007034	0.007034	0.007034	0.007034	0.007034	0.007034	0.007034	0.007034	0.007034	0.007034	0.007034	0.007034	0.007034	0.007034	0.007034	0.007034	0.007034	0.007034	0.007034	0.007034	0.007034	0.007034	0.007034	0.007034	0.007034	0.007034	0.007034	0.007034	0.007034	0.007034	0.007034	0.007034	0.007034	0.007034	0.007034	0.007034	0.007034	0.007034	0.007034	0.007034	0.007034	0.007034	0.007034	0.007034	0.007034	0.007034	0.007034	0.007034	0.007034	0.007034	0.007034	0.007034	0.007034	0.007034	0.007034	0.007034	0.007034	0.007034	0.007034	0.007034	0.007034	0.007034	0.007034	0.007034	0.007034	0.007034	0.007034	0.007034	0.007034	0.007034	0.007034	0.007034	0.007034	0.007034	0.007034	0.007034	0.007034	0.007034	0.007034	0.007034	0.007034	0.007034	0.007034	0.007034	0.007034	0.007034	0.007034	0.007034	0.007034	0.007034	0.007034	0.007034	0.007034
Digital Marketing			0	0	0	0	0	0	0	0	0	0	0	0	0	0	0	0	0	0	0	0	0	0	0	0	0	0	0	0	0	0	0	0	0	0	0	0	0	0	0	0	0	0	0	0	0	0	0	0	0	0	0	0	0	0	0	0	0	0	0	0	0	0	0	0	0	0	0	0	0	0	0	0	0	0	0	0	0	0	0	0	0	0	0	0	0	0	0	0	0	0	0	0	0	0	0	0	0	0	0	0	0	0	0	0	0	0	0	0	0	0	0	0	0	0	0	0	0	0	0	0	0.001842	0.001842	0.001842	0.001842	0.001842	0.001842	0.001842	0.001842	0.001842	0.001842	0.001842	0.001842	0.001842	0.001842	0.001842	0.001842	0.001842	0.001842	0.001842	0.001842	0.001842	0.001842	0.001842	0.001842	0.001842	0.001842	0.001842	0.001842	0.001842	0.001842	0.001842	0.001842	0.001842	0.001842	0.001842	0.001842	0.001842	0.001842	0.001842	0.007034	0.007034	0.007034	0.007034	0.007034	0.007034	0.007034	0.007034	0.007034	0.007034	0.007034	0.007034	0.007034	0.007034	0.007034	0.007034	0.007034	0.007034	0.007034	0.007034	0.007034	0.007034	0.007034	0.007034	0.007034	0.007034	0.007034	0.007034	0.007034	0.007034	0.007034	0.007034	0.007034	0.007034	0.007034	0.007034	0.007034	0.007034	0.007034	0.007034	0.007034	0.007034	0.007034	0.007034	0.007034	0.007034	0.007034	0.007034	0.007034	0.007034	0.007034	0.007034	0.007034	0.007034	0.007034	0.007034	0.007034	0.007034	0.007034	0.007034	0.007034	0.007034	0.007034	0.007034	0.007034	0.007034	0.007034	0.007034	0.007034	0.007034	0.007034	0.007034	0.007034	0.007034	0.007034	0.007034	0.007034	0.007034	0.007034	0.007034	0.007034	0.007034	0.007034	0.007034	0.007034	0.007034	0.007034	0.007034	0.007034	0.007034	0.007034	0.007034	0.007034	0.007034	0.007034	0.007034	0.007034	0.007034	0.007034	0.007034	0.007034	0.007034	0.007034	0.007034	0.007034	0.007034	0.007034	0.007034	0.007034	0.007034	0.007034	0.007034	0.007034	0.007034	0.007034	0.007034	0.007034	0.007034	0.007034	0.007034	0.007034	0.007034	0.007034	0.007034	0.007034	0.007034	0.007034	0.007034	0.007034	0.007034	0.007034	0.007034	0.007034	0.007034	0.007034	0.007034	0.007034	0.007034	0.007034	0.007034	0.007034	0.007034	0.007034	0.007034	0.007034	0.007034	0.007034	0.007034	0.007034	0.007034	0.007034	0.007034	0.007034	0.007034	0.007034	0.007034	0.007034	0.007034	0.007034	0.007034	0.007034	0.007034	0.007034	0.007034	0.007034	0.007034	0.007034	0.007034	0.007034	0.007034	0.007034	0.007034	0.007034	0.007034	0.007034	0.007034	0.007034	0.007034	0.007034	0.007034	0.007034	0.007034	0.007034	0.007034	0.007034	0.007034	0.007034	0.007034	0.007034	0.007034	0.007034	0.007034	0.007034	0.007034	0.007034	0.007034	0.007034	0.007034	0.007034	0.007034	0.007034	0.007034	0.007034	0.007034	0.007034	0.007034
Digital Signage			0	0	0	0	0	0	0	0	0	0	0	0	0	0	0	0	0	0	0	0	0	0	0	0	0	0	0	0	0	0	0	0	0	0	0	0	0	0	0	0	0	0	0	0	0	0	0	0	0	0	0	0	0	0	0	0	0	0	0	0	0	0	0	0	0	0	0	0	0	0	0	0	0	0	0	0	0	0	0	0	0	0	0	0	0	0	0	0	0	0	0	0	0	0	0	0	0	0	0	0	0	0	0	0	0	0	0	0	0	0	0	0	0	0	0	0	0	0	0	0	0.001842	0.001842	0.001842	0.001842	0.001842	0.001842	0.001842	0.001842	0.001842	0.001842	0.001842	0.001842	0.001842	0.001842	0.001842	0.001842	0.001842	0.001842	0.001842	0.001842	0.001842	0.001842	0.001842	0.001842	0.001842	0.001842	0.001842	0.001842	0.001842	0.001842	0.001842	0.001842	0.001842	0.001842	0.001842	0.001842	0.001842	0.001842	0.001842	0.007034	0.007034	0.007034	0.007034	0.007034	0.007034	0.007034	0.007034	0.007034	0.007034	0.007034	0.007034	0.007034	0.007034	0.007034	0.007034	0.007034	0.007034	0.007034	0.007034	0.007034	0.007034	0.007034	0.007034	0.007034	0.007034	0.007034	0.007034	0.007034	0.007034	0.007034	0.007034	0.007034	0.007034	0.007034	0.007034	0.007034	0.007034	0.007034	0.007034	0.007034	0.007034	0.007034	0.007034	0.007034	0.007034	0.007034	0.007034	0.007034	0.007034	0.007034	0.007034	0.007034	0.007034	0.007034	0.007034	0.007034	0.007034	0.007034	0.007034	0.007034	0.007034	0.007034	0.007034	0.007034	0.007034	0.007034	0.007034	0.007034	0.007034	0.007034	0.007034	0.007034	0.007034	0.007034	0.007034	0.007034	0.007034	0.007034	0.007034	0.007034	0.007034	0.007034	0.007034	0.007034	0.007034	0.007034	0.007034	0.007034	0.007034	0.007034	0.007034	0.007034	0.007034	0.007034	0.007034	0.007034	0.007034	0.007034	0.007034	0.007034	0.007034	0.007034	0.007034	0.007034	0.007034	0.007034	0.007034	0.007034	0.007034	0.007034	0.007034	0.007034	0.007034	0.007034	0.007034	0.007034	0.007034	0.007034	0.007034	0.007034	0.007034	0.007034	0.007034	0.007034	0.007034	0.007034	0.007034	0.007034	0.007034	0.007034	0.007034	0.007034	0.007034	0.007034	0.007034	0.007034	0.007034	0.007034	0.007034	0.007034	0.007034	0.007034	0.007034	0.007034	0.007034	0.007034	0.007034	0.007034	0.007034	0.007034	0.007034	0.007034	0.007034	0.007034	0.007034	0.007034	0.007034	0.007034	0.007034	0.007034	0.007034	0.007034	0.007034	0.007034	0.007034	0.007034	0.007034	0.007034	0.007034	0.007034	0.007034	0.007034	0.007034	0.007034	0.007034	0.007034	0.007034	0.007034	0.007034	0.007034	0.007034	0.007034	0.007034	0.007034	0.007034	0.007034	0.007034	0.007034	0.007034	0.007034	0.007034	0.007034	0.007034	0.007034	0.007034	0.007034	0.007034	0.007034	0.007034	0.007034	0.007034	0.007034	0.007034	0.007034	0.007034
Data Governance			0	0	0	0	0	0	0	0	0	0	0	0	0	0	0	0	0	0	0	0	0	0	0	0	0	0	0	0	0	0	0	0	0	0	0	0	0	0	0	0	0	0	0	0	0	0	0	0	0	0	0	0	0	0	0	0	0	0	0	0	0	0	0	0	0	0	0	0	0	0	0	0	0	0	0	0	0	0	0	0	0	0	0	0	0	0	0	0	0	0	0	0	0	0	0	0	0	0	0	0	0	0	0	0	0	0	0	0	0	0	0	0	0	0	0	0	0	0	0	0	0	0	0	0	0	0	0	0	0	0	0	0	0	0	0	0	0	0	0	0	0	0	0	0	0	0	0	0	0	0	0	0	0	0	0	0	0	0	0	0	0	0	0	0	0	0	0	0	0	0	0	0	0	0	0	0	0	0	0	0	0	0	0	0	0	0	0	0	0	0	0	0	0	0	0	0	0	0	0	0	0	0	0	0	0	0	0	0	0	0	0	0	0	0	0	0	0	0	0	0	0	0	0	0	0	0	0	0	0	0	0	0	0	0	0	0	0	0	0	0	0	0	0	0	0	0	0	0	0	0	0	0	0	0	0	0	0	0	0	0	0	0	0	0	0	0	0	0.006699	0.006699	0.006699	0.006699	0.006699	0.006699	0.006699	0.006699	0.006699	0.006699	0.006699	0.006699	0.006699	0.006699	0.006699	0.006699	0.006699	0.006699	0.006699	0.006699	0.006699	0.006699	0.006699	0.006699	0.006699	0.006699	0.006699	0.006699	0.006699	0.006699	0.006699	0.006699	0.006699	0.006699	0.006699	0.006699	0.006699	0.006699	0.006699	0.006699	0.006699	0.006699	0.006699	0.006699	0.006699	0.006699	0.006699	0.006699	0.006699	0.006699	0.006699	0.006699	0.006699	0.006699	0.006699	0.006699	0.006699	0.006699	0.006699	0.006699	0.006699	0.006699	0.006699	0.006699	0.006699	0.006699	0.006699	0.006699	0.006699	0.006699	0.006699	0.006699	0.006699	0.006699	0.006699	0.006699	0.006699	0.006699	0.006699	0.006699	0.006699	0.006699	0.006699	0.006699	0.006699	0.006699	0.006699	0.006699	0.006699	0.006699	0.006699	0.006699	0.006699	0.006699	0.006699	0.006699	0.006699	0.006699
Database			0	0	0	0	0	0	0	0	0	0	0	0	0	0	0	0	0	0	0	0	0	0	0	0	0	0	0	0	0	0	0	0	0	0	0	0	0	0	0	0	0	0	0	0	0	0	0	0	0	0	0	0	0	0	0	0	0	0	0	0	0	0	0	0	0	0	0	0	0	0	0	0	0	0	0	0	0	0	0	0	0	0	0.006699	0.006699	0.006699	0.006699	0.006699	0.006699	0.006699	0.006699	0.006699	0.006699	0.006699	0.006699	0.006699	0.006699	0.006699	0.006699	0.006699	0.006699	0.006699	0.006699	0.006699	0.006699	0.006699	0.006699	0.006699	0.006699	0.006699	0.006699	0.006699	0.006699	0.006699	0.006699	0.006699	0.006699	0.006699	0.006699	0.006699	0.006699	0.006699	0.006699	0.006699	0.006699	0.006699	0.006699	0.006699	0.006699	0.006699	0.006699	0.006699	0.006699	0.006699	0.006699	0.006699	0.006699	0.006699	0.006699	0.006699	0.006699	0.006699	0.006699	0.006699	0.006699	0.006699	0.006699	0.006699	0.006699	0.006699	0.006699	0.006699	0.006699	0.006699	0.006699	0.006699	0.006699	0.006699	0.006699	0.006699	0.006699	0.006699	0.006699	0.006699	0.006699	0.006699	0.006699	0.006699	0.006699	0.006699	0.006699	0.006699	0.006699	0.006699	0.006699	0.006699	0.006699	0.006699	0.006699	0.006699	0.006699	0.006699	0.006699	0.006699	0.006699	0.006699	0.006699	0.006699	0.006699	0.006699	0.006699	0.006699	0.006699	0.006699	0.006699	0.006699	0.006699	0.006699	0.006699	0.006699	0.006699	0.006699	0.006699	0.006699	0.006699	0.006699	0.006699	0.006699	0.006699	0.006699	0.006699	0.006699	0.006699	0.006699	0.006699	0.006699	0.006699	0.006699	0.006699	0.006699	0.006699	0.006699	0.006699	0.006699	0.006699	0.006699	0.006699	0.006699	0.006699	0.006699	0.006699	0.006699	0.006699	0.006699	0.006699	0.006699	0.006699	0.006699	0.006699	0.006699	0.006699	0.006699	0.006699	0.006699	0.006699	0.006699	0.006699	0.006699	0.006699	0.006699	0.006699	0.006699	0.006699	0.006699	0.006699	0.006699	0.006699	0.006699	0.006699	0.006699	0.006699	0.006699	0.006699	0.006699	0.006699	0.006699	0.006699	0.006699	0.006699	0.006699	0.006699	0.006699	0.006699	0.006699	0.006699	0.006699	0.006699	0.006699	0.006699	0.006699	0.006699	0.006699	0.006699	0.006699	0.006699	0.006699	0.006699	0.006699	0.006699	0.006699	0.006699	0.006699	0.006699	0.006699	0.006699	0.006699	0.006699	0.006699	0.006699	0.006699	0.006699	0.006699	0.006699	0.006699	0.006699	0.006699	0.006699	0.006699	0.006699	0.006699	0.006699	0.006699	0.006699	0.006699	0.006699	0.006699	0.006699	0.006699	0.006699	0.006699	0.006699	0.006699	0.006699	0.006699	0.006699	0.006699	0.006699	0.006699	0.006699	0.006699	0.006699	0.006699	0.006699	0.006699	0.006699	0.006699	0.006699	0.006699	0.006699	0.006699	0.006699	0.006699	0.006699	0.006699	0.006699	0.006699	0.006699	0.006699	0.006699	0.006699	0.006699	0.006699	0.006699	0.006699	0.006699	0.006699	0.006699	0.006699	0.006699	0.006699	0.006699	0.006699	0.006699	0.006699	0.006699	0.006699
Semantic Search			0	0	0	0	0	0	0	0	0	0	0	0	0	0	0	0	0	0	0	0	0	0	0	0	0	0	0	0	0	0	0	0	0	0	0	0	0	0	0	0	0	0	0	0	0	0	0	0	0	0	0	0	0	0	0	0	0	0	0	0	0	0	0	0	0	0	0	0	0	0	0	0	0	0	0	0	0	0	0	0	0	0	0.006699	0.006699	0.006699	0.006699	0.006699	0.006699	0.006699	0.006699	0.006699	0.006699	0.006699	0.006699	0.006699	0.006699	0.006699	0.006699	0.006699	0.006699	0.006699	0.006699	0.006699	0.006699	0.006699	0.006699	0.006699	0.006699	0.006699	0.006699	0.006699	0.006699	0.006699	0.006699	0.006699	0.006699	0.006699	0.006699	0.006699	0.006699	0.006699	0.006699	0.006699	0.006699	0.006699	0.006699	0.006699	0.006699	0.006699	0.006699	0.006699	0.006699	0.006699	0.006699	0.006699	0.006699	0.006699	0.006699	0.006699	0.006699	0.006699	0.006699	0.006699	0.006699	0.006699	0.006699	0.006699	0.006699	0.006699	0.006699	0.006699	0.006699	0.006699	0.006699	0.006699	0.006699	0.006699	0.006699	0.006699	0.006699	0.006699	0.006699	0.006699	0.006699	0.006699	0.006699	0.006699	0.006699	0.006699	0.006699	0.006699	0.006699	0.006699	0.006699	0.006699	0.006699	0.006699	0.006699	0.006699	0.006699	0.006699	0.006699	0.006699	0.006699	0.006699	0.006699	0.006699	0.006699	0.006699	0.006699	0.006699	0.006699	0.006699	0.006699	0.006699	0.006699	0.006699	0.006699	0.006699	0.006699	0.006699	0.006699	0.006699	0.006699	0.006699	0.006699	0.006699	0.006699	0.006699	0.006699	0.006699	0.006699	0.006699	0.006699	0.006699	0.006699	0.006699	0.006699	0.006699	0.006699	0.006699	0.006699	0.006699	0.006699	0.006699	0.006699	0.006699	0.006699	0.006699	0.006699	0.006699	0.006699	0.006699	0.006699	0.006699	0.006699	0.006699	0.006699	0.006699	0.006699	0.006699	0.006699	0.006699	0.006699	0.006699	0.006699	0.006699	0.006699	0.006699	0.006699	0.006699	0.006699	0.006699	0.006699	0.006699	0.006699	0.006699	0.006699	0.006699	0.006699	0.006699	0.006699	0.006699	0.006699	0.006699	0.006699	0.006699	0.006699	0.006699	0.006699	0.006699	0.006699	0.006699	0.006699	0.006699	0.006699	0.006699	0.006699	0.006699	0.006699	0.006699	0.006699	0.006699	0.006699	0.006699	0.006699	0.006699	0.006699	0.006699	0.006699	0.006699	0.006699	0.006699	0.006699	0.006699	0.006699	0.006699	0.006699	0.006699	0.006699	0.006699	0.006699	0.006699	0.006699	0.006699	0.006699	0.006699	0.006699	0.006699	0.006699	0.006699	0.006699	0.006699	0.006699	0.006699	0.006699	0.006699	0.006699	0.006699	0.006699	0.006699	0.006699	0.006699	0.006699	0.006699	0.006699	0.006699	0.006699	0.006699	0.006699	0.006699	0.006699	0.006699	0.006699	0.006699	0.006699	0.006699	0.006699	0.006699	0.006699	0.006699	0.006699	0.006699	0.006699	0.006699	0.006699	0.006699	0.006699	0.006699	0.006699	0.006699	0.006699	0.006699	0.006699	0.006699	0.006699	0.006699	0.006699	0.006699	0.006699	0.006699	0.006699	0.006699	0.006699	0.006699
Water			0	0	0	0	0	0	0	0	0	0	0	0	0	0	0	0	0	0	0	0	0	0	0	0	0	0	0	0	0	0	0	0	0	0	0	0	0	0	0	0	0	0	0	0	0	0	0	0	0	0	0	0	0	0	0	0	0	0	0	0	0	0	0	0	0	0	0	0	0	0	0	0	0	0	0	0	0	0	0	0	0	0	0	0	0	0	0	0	0	0	0	0	0	0	0	0	0	0	0	0	0	0	0	0	0	0	0	0	0	0	0	0	0	0	0	0	0	0	0	0	0	0	0	0	0	0	0	0	0	0	0	0	0	0	0	0	0	0	0	0	0	0	0	0	0	0	0	0	0	0	0	0	0	0	0	0	0.006412	0.006412	0.006412	0.006412	0.006412	0.006412	0.006412	0.006412	0.006412	0.006412	0.006412	0.006412	0.006412	0.006412	0.006412	0.006412	0.006412	0.006412	0.006412	0.006412	0.006412	0.006412	0.006412	0.006412	0.006412	0.006412	0.006412	0.006412	0.006412	0.006412	0.006412	0.006412	0.006412	0.006412	0.006412	0.006412	0.006412	0.006412	0.006412	0.006412	0.006412	0.006412	0.006412	0.006412	0.006412	0.006412	0.006412	0.006412	0.006412	0.006412	0.006412	0.006412	0.006412	0.006412	0.006412	0.006412	0.006412	0.006412	0.006412	0.006412	0.006412	0.006412	0.006412	0.006412	0.006412	0.006412	0.006412	0.006412	0.006412	0.006412	0.006412	0.006412	0.006412	0.006412	0.006412	0.006412	0.006412	0.006412	0.006412	0.006412	0.006412	0.006412	0.006412	0.006412	0.006412	0.006412	0.006412	0.006412	0.006412	0.006412	0.006412	0.006412	0.006412	0.006412	0.006412	0.006412	0.006412	0.006412	0.006412	0.006412	0.006412	0.006412	0.006412	0.006412	0.006412	0.006412	0.006412	0.006412	0.006412	0.006412	0.006412	0.006412	0.006412	0.006412	0.006412	0.006412	0.006412	0.006412	0.006412	0.006412	0.006412	0.006412	0.006412	0.006412	0.006412	0.006412	0.006412	0.006412	0.006412	0.006412	0.006412	0.006412	0.006412	0.006412	0.006412	0.006412	0.006412	0.006412	0.006412	0.006412	0.006412	0.006412	0.006412	0.006412	0.006412	0.006412	0.006412	0.006412	0.006412	0.006412	0.006412	0.006412	0.006412	0.006412	0.006412	0.006412	0.006412	0.006412	0.006412	0.006412	0.006412	0.006412	0.006412	0.006412	0.006412	0.006412	0.006412	0.006412	0.006412	0.006412	0.006412	0.006412	0.006412	0.006412	0.006412	0.006412	0.006412	0.006412	0.006412	0.006412	0.006412	0.006412	0.006412	0.006412	0.006412	0.006412	0.006412	0.006412	0.006412	0.006412	0.006412	0.006412	0.006412	0.006412	0.006412	0.006412	0.006412	0.006412	0.006412	0.006412	0.006412	0.006412	0.006412	0.006412	0.006412	0.006412	0.006412	0.006412	0.006412
Computer Vision			0	0	0	0	0	0	0	0	0	0	0	0	0	0	0	0	0	0	0	0	0	0	0	0	0	0	0	0	0	0	0	0	0	0	0	0	0	0	0	0	0	0	0	0	0	0	0	0	0	0	0	0	0	0	0	0	0	0	0	0	0	0	0	0	0	0	0	0	0	0	0	0	0	0	0	0	0	0	0	0	0	0	0	0	0	0	0	0	0	0	0	0	0	0	0	0	0	0	0	0	0	0	0	0	0	0	0	0	0	0	0	0	0	0	0	0	0	0	0	0	0	0	0	0	0	0	0	0	0	0	0	0	0	0	0	0	0	0	0	0	0	0	0	0	0	0	0	0	0	0	0	0	0	0	0	0	0	0	0	0	0	0	0	0	0	0	0	0	0	0	0	0	0	0	0	0	0	0	0	0	0	0	0	0	0	0	0	0	0	0	0	0	0	0	0	0	0	0	0	0	0	0	0	0	0	0	0	0	0	0	0	0	0	0	0	0	0	0	0	0	0	0	0	0	0	0	0	0	0	0	0	0	0	0	0	0	0	0	0	0	0	0	0	0	0	0	0	0	0	0	0	0	0	0	0	0	0	0	0	0	0	0	0	0	0	0	0	0	0	0	0	0	0	0	0	0	0	0	0	0	0	0	0	0	0	0	0	0	0	0	0	0	0	0	0	0	0	0	0	0	0	0	0	0	0	0	0	0	0	0	0	0	0	0	0	0	0	0	0	0	0	0	0	0	0	0	0	0	0	0	0	0	0	0	0	0	0	0	0	0	0	0	0	0	0	0	0	0	0.006386	0.006386	0.006386	0.006386	0.006386	0.006386	0.006386	0.006386	0.006386	0.006386	0.006386	0.006386	0.006386	0.006386	0.006386	0.006386	0.006386
Market Research			0	0	0	0	0	0	0	0	0	0	0	0	0	0	0	0	0	0	0	0	0	0	0	0	0	0	0	0	0	0	0	0	0	0	0	0	0	0	0	0	0	0	0	0	0	0	0	0	0	0	0	0	0	0	0	0	0	0	0	0	0	0	0	0	0.005917	0.005917	0.005917	0.005917	0.005917	0.005917	0.005917	0.005917	0.005917	0.005917	0.005917	0.005917	0.005917	0.005917	0.005917	0.005917	0.005917	0.005917	0.005917	0.005917	0.005917	0.005917	0.005917	0.005917	0.005917	0.005917	0.005917	0.005917	0.005917	0.005917	0.005917	0.005917	0.005917	0.005917	0.005917	0.005917	0.005917	0.005917	0.005917	0.005917	0.005917	0.005917	0.005917	0.005917	0.005917	0.005917	0.005917	0.005917	0.005917	0.005917	0.005917	0.005917	0.005917	0.005917	0.005917	0.005917	0.005917	0.005917	0.005917	0.005917	0.005917	0.005917	0.005917	0.005917	0.005917	0.005917	0.005917	0.005917	0.005917	0.005917	0.005917	0.005917	0.005917	0.005917	0.005917	0.005917	0.005917	0.005917	0.005917	0.005917	0.005917	0.005917	0.005917	0.005917	0.005917	0.005917	0.005917	0.005917	0.005917	0.005917	0.005917	0.005917	0.005917	0.005917	0.005917	0.005917	0.005917	0.005917	0.005917	0.005917	0.005917	0.005917	0.005917	0.005917	0.005917	0.005917	0.005917	0.005917	0.005917	0.005917	0.005917	0.005917	0.005917	0.005917	0.005917	0.005917	0.005917	0.005917	0.005917	0.005917	0.005917	0.005917	0.005917	0.005917	0.005917	0.005917	0.005917	0.005917	0.005917	0.005917	0.005917	0.005917	0.005917	0.005917	0.005917	0.005917	0.005917	0.005917	0.005917	0.005917	0.005917	0.005917	0.005917	0.005917	0.005917	0.005917	0.005917	0.005917	0.005917	0.005917	0.005917	0.005917	0.005917	0.005917	0.005917	0.005917	0.005917	0.005917	0.005917	0.005917	0.005917	0.005917	0.005917	0.005917	0.005917	0.005917	0.005917	0.005917	0.005917	0.005917	0.005917	0.005917	0.005917	0.005917	0.005917	0.005917	0.005917	0.005917	0.005917	0.005917	0.005917	0.005917	0.005917	0.005917	0.005917	0.005917	0.005917	0.005917	0.005917	0.005917	0.005917	0.005917	0.005917	0.005917	0.005917	0.005917	0.005917	0.005917	0.005917	0.005917	0.005917	0.005917	0.005917	0.005917	0.005917	0.005917	0.005917	0.005917	0.005917	0.005917	0.005917	0.005917	0.005917	0.005917	0.005917	0.005917	0.005917	0.005917	0.005917	0.005917	0.005917	0.005917	0.005917	0.005917	0.005917	0.005917	0.005917	0.005917	0.005917	0.005917	0.005917	0.005917	0.005917	0.005917	0.005917	0.005917	0.005917	0.005917	0.005917	0.005917	0.005917	0.005917	0.005917	0.005917	0.005917	0.005917	0.005917	0.005917	0.005917	0.005917	0.005917	0.005917	0.005917	0.005917	0.005917	0.005917	0.005917	0.005917	0.005917	0.005917	0.005917	0.005917	0.005917	0.005917	0.005917	0.005917	0.005917	0.005917	0.005917	0.005917	0.005917	0.005917	0.005917	0.005917	0.005917	0.005917	0.005917	0.005917	0.005917	0.005917	0.005917	0.005917	0.005917	0.005917	0.005917	0.005917	0.005917	0.005917	0.005917	0.005917	0.005917	0.005917	0.005917	0.005917	0.005917	0.005917	0.005917	0.005917	0.005917	0.005917	0.005917
Cosmetics			0	0	0	0	0	0	0	0	0	0	0	0	0	0	0	0	0	0	0	0	0	0	0	0	0	0	0	0	0	0	0	0	0	0	0	0	0	0	0	0	0	0	0	0	0	0	0	0	0	0	0	0	0	0	0	0	0	0	0	0	0	0	0	0	0	0	0	0	0	0	0	0	0	0	0	0	0	0	0	0	0	0	0	0	0	0	0	0	0	0	0	0	0	0	0	0	0	0	0	0	0	0	0	0	0	0	0	0	0	0	0	0	0	0	0	0	0	0	0	0	0	0	0	0	0	0	0	0	0	0	0	0	0	0	0	0	0	0	0	0	0	0	0	0	0	0	0	0	0	0	0	0	0	0	0	0	0	0	0	0	0	0	0	0	0	0	0	0	0	0	0	0	0	0	0	0	0	0	0	0	0	0	0	0	0	0	0	0	0	0.005443	0.005443	0.005443	0.005443	0.005443	0.005443	0.005443	0.005443	0.005443	0.005443	0.005443	0.005443	0.005443	0.005443	0.005443	0.005443	0.005443	0.005443	0.005443	0.005443	0.005443	0.005443	0.005443	0.005443	0.005443	0.005443	0.005443	0.005443	0.005443	0.005443	0.005443	0.005443	0.005443	0.005443	0.005443	0.005443	0.005443	0.005443	0.005443	0.005443	0.005443	0.005443	0.005443	0.005443	0.005443	0.005443	0.005443	0.005443	0.005443	0.005443	0.005443	0.005443	0.005443	0.005443	0.005443	0.005443	0.005443	0.005443	0.005443	0.005443	0.005443	0.005443	0.005443	0.005443	0.005443	0.005443	0.005443	0.005443	0.005443	0.005443	0.005443	0.005443	0.005443	0.005443	0.005443	0.005443	0.005443	0.005443	0.005443	0.005443	0.005443	0.005443	0.005443	0.005443	0.005443	0.005443	0.005443	0.005443	0.005443	0.005443	0.005443	0.005443	0.005443	0.005443	0.005443	0.005443	0.005443	0.005443	0.005443	0.005443	0.005443	0.005443	0.005443	0.005443	0.005443	0.005443	0.005443	0.005443	0.005443	0.005443	0.005443	0.005443	0.005443	0.005443	0.005443	0.005443	0.005443	0.005443	0.005443	0.005443	0.005443	0.005443	0.005443	0.005443	0.005443	0.005443	0.005443	0.005443	0.005443	0.005443	0.005443	0.005443	0.005443	0.005443	0.005443	0.005443	0.005443	0.005443	0.005443	0.005443	0.005443	0.005443	0.005443	0.005443	0.005443	0.005443	0.005443	0.005443	0.005443	0.005443	0.005443	0.005443	0.005443	0.005443	0.005443	0.005443	0.005443	0.005443	0.005443	0.005443	0.005443	0.005443	0.005443	0.005443	0.005443	0.005443	0.005443	0.005443	0.005443	0.005443	0.005443	0.005443	0.005443	0.005443	0.005443	0.005443
Travel			0	0	0	0	0	0	0	0	0	0	0	0	0	0	0	0	0	0	0	0	0	0	0	0	0	0	0	0	0	0	0	0	0	0	0	0	0	0	0	0	0	0	0	0	0	0	0	0	0	0	0	0	0	0	0	0	0	0	0	0	0	0	0	0	0	0	0	0	0	0	0	0	0	0	0	0	0	0	0	0	0	0	0	0	0	0	0	0	0	0	0.000526	0.000526	0.000526	0.000526	0.000526	0.000526	0.000526	0.000526	0.000526	0.000526	0.000526	0.000526	0.000526	0.000526	0.000526	0.000526	0.000526	0.000526	0.000526	0.000526	0.000526	0.000526	0.000526	0.000526	0.000526	0.000526	0.000526	0.000526	0.000526	0.000526	0.000526	0.000526	0.000526	0.000526	0.000526	0.000526	0.000526	0.000526	0.000526	0.000526	0.000526	0.000526	0.000526	0.000526	0.000526	0.000526	0.000526	0.000526	0.000526	0.000526	0.000526	0.000526	0.000526	0.000526	0.000526	0.000526	0.000526	0.000526	0.005186	0.005186	0.005186	0.005186	0.005186	0.005186	0.005186	0.005186	0.005186	0.005186	0.005186	0.005186	0.005186	0.005186	0.005186	0.005186	0.005186	0.005186	0.005186	0.005186	0.005186	0.005186	0.005186	0.005186	0.005186	0.005186	0.005186	0.005186	0.005186	0.005186	0.005186	0.005186	0.005186	0.005186	0.005186	0.005186	0.005186	0.005186	0.005186	0.005186	0.005186	0.005186	0.005186	0.005186	0.005186	0.005186	0.005186	0.005186	0.005186	0.005186	0.005186	0.005186	0.005186	0.005186	0.005186	0.005186	0.005186	0.005186	0.005186	0.005186	0.005186	0.005186	0.005186	0.005186	0.005186	0.005186	0.005186	0.005186	0.005186	0.005186	0.005186	0.005186	0.005186	0.005186	0.005186	0.005186	0.005186	0.005186	0.005186	0.005186	0.005186	0.005186	0.005186	0.005186	0.005186	0.005186	0.005186	0.005186	0.005186	0.005186	0.005186	0.005186	0.005186	0.005186	0.005186	0.005186	0.005186	0.005186	0.005186	0.005186	0.005186	0.005186	0.005186	0.005186	0.005186	0.005186	0.005186	0.005186	0.005186	0.005186	0.005186	0.005186	0.005186	0.005186	0.005186	0.005186	0.005186	0.005186	0.005186	0.005186	0.005186	0.005186	0.005186	0.005186	0.005186	0.005186	0.005186	0.005186	0.005186	0.005186	0.005186	0.005186	0.005186	0.005186	0.005186	0.005186	0.005186	0.005186	0.005186	0.005186	0.005186	0.005186	0.005186	0.005186	0.005186	0.005186	0.005186	0.005186	0.005186	0.005186	0.005186	0.005186	0.005186	0.005186	0.005186	0.005186	0.005186	0.005186	0.005186	0.005186	0.005186	0.005186	0.005186	0.005186	0.005186	0.005186	0.005186	0.005186	0.005186	0.005186	0.005186	0.005186	0.005186	0.005186	0.005186	0.005186	0.005186	0.005186	0.005186	0.005186	0.005186	0.005186	0.005186	0.005186	0.005186	0.005186	0.005186	0.005186	0.005186	0.005186	0.005186	0.005186	0.005186	0.005186	0.005186	0.005186	0.005186	0.005186	0.005186	0.005186	0.005186	0.005186	0.005186	0.005186	0.005186	0.005186	0.005186	0.005186	0.005186	0.005186	0.005186	0.005186	0.005186	0.005186	0.005186	0.005186	0.005186
Tax Preparation			0	0	0	0	0	0	0	0	0	0	0	0	0	0	0	0	0	0	0	0	0	0	0	0	0	0	0	0	0	0	0	0	0	0	0	0	0.005136	0.005136	0.005136	0.005136	0.005136	0.005136	0.005136	0.005136	0.005136	0.005136	0.005136	0.005136	0.005136	0.005136	0.005136	0.005136	0.005136	0.005136	0.005136	0.005136	0.005136	0.005136	0.005136	0.005136	0.005136	0.005136	0.005136	0.005136	0.005136	0.005136	0.005136	0.005136	0.005136	0.005136	0.005136	0.005136	0.005136	0.005136	0.005136	0.005136	0.005136	0.005136	0.005136	0.005136	0.005136	0.005136	0.005136	0.005136	0.005136	0.005136	0.005136	0.005136	0.005136	0.005136	0.005136	0.005136	0.005136	0.005136	0.005136	0.005136	0.005136	0.005136	0.005136	0.005136	0.005136	0.005136	0.005136	0.005136	0.005136	0.005136	0.005136	0.005136	0.005136	0.005136	0.005136	0.005136	0.005136	0.005136	0.005136	0.005136	0.005136	0.005136	0.005136	0.005136	0.005136	0.005136	0.005136	0.005136	0.005136	0.005136	0.005136	0.005136	0.005136	0.005136	0.005136	0.005136	0.005136	0.005136	0.005136	0.005136	0.005136	0.005136	0.005136	0.005136	0.005136	0.005136	0.005136	0.005136	0.005136	0.005136	0.005136	0.005136	0.005136	0.005136	0.005136	0.005136	0.005136	0.005136	0.005136	0.005136	0.005136	0.005136	0.005136	0.005136	0.005136	0.005136	0.005136	0.005136	0.005136	0.005136	0.005136	0.005136	0.005136	0.005136	0.005136	0.005136	0.005136	0.005136	0.005136	0.005136	0.005136	0.005136	0.005136	0.005136	0.005136	0.005136	0.005136	0.005136	0.005136	0.005136	0.005136	0.005136	0.005136	0.005136	0.005136	0.005136	0.005136	0.005136	0.005136	0.005136	0.005136	0.005136	0.005136	0.005136	0.005136	0.005136	0.005136	0.005136	0.005136	0.005136	0.005136	0.005136	0.005136	0.005136	0.005136	0.005136	0.005136	0.005136	0.005136	0.005136	0.005136	0.005136	0.005136	0.005136	0.005136	0.005136	0.005136	0.005136	0.005136	0.005136	0.005136	0.005136	0.005136	0.005136	0.005136	0.005136	0.005136	0.005136	0.005136	0.005136	0.005136	0.005136	0.005136	0.005136	0.005136	0.005136	0.005136	0.005136	0.005136	0.005136	0.005136	0.005136	0.005136	0.005136	0.005136	0.005136	0.005136	0.005136	0.005136	0.005136	0.005136	0.005136	0.005136	0.005136	0.005136	0.005136	0.005136	0.005136	0.005136	0.005136	0.005136	0.005136	0.005136	0.005136	0.005136	0.005136	0.005136	0.005136	0.005136	0.005136	0.005136	0.005136	0.005136	0.005136	0.005136	0.005136	0.005136	0.005136	0.005136	0.005136	0.005136	0.005136	0.005136	0.005136	0.005136	0.005136	0.005136	0.005136	0.005136	0.005136	0.005136	0.005136	0.005136	0.005136	0.005136	0.005136	0.005136	0.005136	0.005136	0.005136	0.005136	0.005136	0.005136	0.005136	0.005136	0.005136	0.005136	0.005136	0.005136	0.005136	0.005136	0.005136	0.005136	0.005136	0.005136	0.005136	0.005136	0.005136	0.005136	0.005136	0.005136	0.005136	0.005136	0.005136	0.005136	0.005136	0.005136	0.005136	0.005136	0.005136	0.005136	0.005136	0.005136	0.005136	0.005136	0.005136	0.005136	0.005136	0.005136	0.005136	0.005136	0.005136	0.005136	0.005136	0.005136	0.005136	0.005136	0.005136	0.005136	0.005136	0.005136	0.005136	0.005136	0.005136	0.005136	0.005136	0.005136	0.005136	0.005136
Crowdfunding			0	0	0	0	0	0	0	0	0	0	0	0	0	0	0	0	0	0	0	0	0	0	0	0	0	0	0	0	0	0	0	0	0	0	0	0	0	0	0	0	0	0	0	0	0	0	0	0	0	0	0	0	0	0	0	0	0	0	0	0	0	0	0	0	0	0	0	0	0	0	0	0	0	0	0	0	0	0	0	0	0	0	0	0	0	0	0	0	0	0	0	0	0	0	0	0	0	0	0	0	0	0	0	0	0	0	0	0	0	0	0	0	0	0	0	0	0	0	0	0	0	0	0	0	0	0	0	0	0	0	0	0	0	0	0	0	0	0	0	0	0	0	0	0	0	0	0	0	0	0	0	0	0	0.005085	0.005085	0.005085	0.005085	0.005085	0.005085	0.005085	0.005085	0.005085	0.005085	0.005085	0.005085	0.005085	0.005085	0.005085	0.005085	0.005085	0.005085	0.005085	0.005085	0.005085	0.005085	0.005085	0.005085	0.005085	0.005085	0.005085	0.005085	0.005085	0.005085	0.005085	0.005085	0.005085	0.005085	0.005085	0.005085	0.005085	0.005085	0.005085	0.005085	0.005085	0.005085	0.005085	0.005085	0.005085	0.005085	0.005085	0.005085	0.005085	0.005085	0.005085	0.005085	0.005085	0.005085	0.005085	0.005085	0.005085	0.005085	0.005085	0.005085	0.005085	0.005085	0.005085	0.005085	0.005085	0.005085	0.005085	0.005085	0.005085	0.005085	0.005085	0.005085	0.005085	0.005085	0.005085	0.005085	0.005085	0.005085	0.005085	0.005085	0.005085	0.005085	0.005085	0.005085	0.005085	0.005085	0.005085	0.005085	0.005085	0.005085	0.005085	0.005085	0.005085	0.005085	0.005085	0.005085	0.005085	0.005085	0.005085	0.005085	0.005085	0.005085	0.005085	0.005085	0.005085	0.005085	0.005085	0.005085	0.005085	0.005085	0.005085	0.005085	0.005085	0.005085	0.005085	0.005085	0.005085	0.005085	0.005085	0.005085	0.005085	0.005085	0.005085	0.005085	0.005085	0.005085	0.005085	0.005085	0.005085	0.005085	0.005085	0.005085	0.005085	0.005085	0.005085	0.005085	0.005085	0.005085	0.005085	0.005085	0.005085	0.005085	0.005085	0.005085	0.005085	0.005085	0.005085	0.005085	0.005085	0.005085	0.005085	0.005085	0.005085	0.005085	0.005085	0.005085	0.005085	0.005085	0.005085	0.005085	0.005085	0.005085	0.005085	0.005085	0.005085	0.005085	0.005085	0.005085	0.005085	0.005085	0.005085	0.005085	0.005085	0.005085	0.005085	0.005085	0.005085	0.005085	0.005085	0.005085	0.005085	0.005085	0.005085	0.005085	0.005085	0.005085	0.005085	0.005085	0.005085	0.005085	0.005085	0.005085	0.005085	0.005085	0.005085	0.005085	0.005085	0.005085	0.005085	0.005085	0.005085	0.005085	0.005085	0.005085	0.005085	0.005085	0.005085	0.005085	0.005085	0.005085	0.005085	0.005085
Corporate Training			0	0	0	0	0	0	0	0	0	0	0	0	0	0	0	0	0	0	0	0	0	0	0	0	0	0	0	0	0	0	0	0	0	0	0	0	0	0	0	0	0	0	0	0	0	0	0	0	0	0	0	0	0	0	0	0	0	0	0	0	0	0	0	0	0	0	0	0	0	0	0	0	0	0	0	0	0	0	0	0	0	0	0	0	0	0	0	0	0	0	0	0	0	0	0	0	0	0	0	0	0	0	0	0	0	0	0	0	0	0	0	0	0	0	0	0	0	0	0	0	0	0	0	0	0	0	0	0	0	0	0	0	0	0	0	0	0	0	0	0	0	0	0	0	0	0	0	0	0	0	0	0	0	0	0	0	0	0	0	0	0	0	0	0	0	0	0	0	0	0	0	0	0	0	0	0	0	0	0	0	0	0	0	0	0	0	0	0	0	0	0	0	0	0	0	0	0	0	0	0	0	0	0	0	0	0	0	0	0	0	0	0	0	0	0	0	0	0	0	0	0	0	0	0	0	0	0	0	0	0	0	0	0	0	0	0	0	0	0	0	0	0	0	0	0	0	0	0	0	0	0	0	0	0	0	0	0	0.005024	0.005024	0.005024	0.005024	0.005024	0.005024	0.005024	0.005024	0.005024	0.005024	0.005024	0.005024	0.005024	0.005024	0.005024	0.005024	0.005024	0.005024	0.005024	0.005024	0.005024	0.005024	0.005024	0.005024	0.005024	0.005024	0.005024	0.005024	0.005024	0.005024	0.005024	0.005024	0.005024	0.005024	0.005024	0.005024	0.005024	0.005024	0.005024	0.005024	0.005024	0.005024	0.005024	0.005024	0.005024	0.005024	0.005024	0.005024	0.005024	0.005024	0.005024	0.005024	0.005024	0.005024	0.005024	0.005024	0.005024	0.005024	0.005024	0.005024	0.005024	0.005024	0.005024	0.005024	0.005024	0.005024	0.005024	0.005024	0.005024	0.005024	0.005024	0.005024	0.005024	0.005024	0.005024	0.005024	0.005024	0.005024	0.005024	0.005024	0.005024	0.005024	0.005024	0.005024	0.005024	0.005024	0.005024	0.005024	0.005024	0.005024	0.005024	0.005024	0.005024	0.005024	0.005024	0.005024	0.005024	0.005024	0.005024	0.005024	0.005024	0.005024	0.005024	0.005024	0.005024	0.005024	0.005024	0.005024
Training			0	0	0	0	0	0	0	0	0	0	0	0	0	0	0	0	0	0	0	0	0	0	0	0	0	0	0	0	0	0	0	0	0	0	0	0	0	0	0	0	0	0	0	0	0	0	0	0	0	0	0	0	0	0	0	0	0	0	0	0	0	0	0	0	0	0	0	0	0	0	0	0	0	0	0	0	0	0	0	0	0	0	0	0	0	0	0	0	0	0	0	0	0	0	0	0	0	0	0	0	0	0	0	0	0	0	0	0	0	0	0	0	0	0	0	0	0	0	0	0	0	0	0	0	0	0	0	0	0	0	0	0	0	0	0	0	0	0	0	0	0	0	0	0	0	0	0	0	0	0	0	0	0	0	0	0	0	0	0	0	0	0	0	0	0	0	0	0	0	0	0	0	0	0	0	0	0	0	0	0	0	0	0	0	0	0	0	0	0	0	0	0	0	0	0	0	0	0	0	0	0	0	0	0	0	0	0	0	0	0	0	0	0	0	0	0	0	0	0	0	0	0	0	0	0	0	0	0	0	0	0	0	0	0	0	0	0	0	0	0	0	0	0	0	0	0	0	0	0	0	0	0	0	0	0	0	0	0.005024	0.005024	0.005024	0.005024	0.005024	0.005024	0.005024	0.005024	0.005024	0.005024	0.005024	0.005024	0.005024	0.005024	0.005024	0.005024	0.005024	0.005024	0.005024	0.005024	0.005024	0.005024	0.005024	0.005024	0.005024	0.005024	0.005024	0.005024	0.005024	0.005024	0.005024	0.005024	0.005024	0.005024	0.005024	0.005024	0.005024	0.005024	0.005024	0.005024	0.005024	0.005024	0.005024	0.005024	0.005024	0.005024	0.005024	0.005024	0.005024	0.005024	0.005024	0.005024	0.005024	0.005024	0.005024	0.005024	0.005024	0.005024	0.005024	0.005024	0.005024	0.005024	0.005024	0.005024	0.005024	0.005024	0.005024	0.005024	0.005024	0.005024	0.005024	0.005024	0.005024	0.005024	0.005024	0.005024	0.005024	0.005024	0.005024	0.005024	0.005024	0.005024	0.005024	0.005024	0.005024	0.005024	0.005024	0.005024	0.005024	0.005024	0.005024	0.005024	0.005024	0.005024	0.005024	0.005024	0.005024	0.005024	0.005024	0.005024	0.005024	0.005024	0.005024	0.005024	0.005024	0.005024	0.005024	0.005024
Delivery Service			0	0	0	0	0	0	0	0	0	0	0	0	0	0	0	0	0	0	0	0	0	0	0	0	0	0	0	0	0	0	0	0	0	0	0	0	0	0.000558	0.000558	0.000558	0.000558	0.000558	0.000558	0.000558	0.000558	0.000558	0.000558	0.000558	0.000558	0.000558	0.000558	0.000558	0.000558	0.000558	0.000558	0.000558	0.000558	0.000558	0.000558	0.000558	0.000558	0.000558	0.000558	0.000558	0.000558	0.000558	0.000558	0.000558	0.000558	0.000558	0.000558	0.000558	0.000558	0.000558	0.000558	0.000558	0.000558	0.000558	0.000558	0.000558	0.000558	0.000558	0.000558	0.000558	0.000558	0.000558	0.000558	0.000558	0.000558	0.000558	0.000558	0.000558	0.000558	0.000558	0.000558	0.000558	0.000558	0.000558	0.000558	0.000558	0.000558	0.000558	0.000558	0.000558	0.000558	0.000558	0.000558	0.000558	0.000558	0.000558	0.000558	0.000558	0.000558	0.000558	0.000558	0.000558	0.000558	0.000558	0.000558	0.000558	0.000558	0.000558	0.000558	0.000558	0.000558	0.000558	0.000558	0.000558	0.000558	0.000558	0.000558	0.000558	0.000558	0.000558	0.000558	0.000558	0.000558	0.000558	0.000558	0.000558	0.000558	0.000558	0.000558	0.000558	0.000558	0.000558	0.000558	0.000558	0.000558	0.000558	0.000558	0.000558	0.000558	0.000558	0.000558	0.000558	0.000558	0.000558	0.000558	0.000558	0.000558	0.000558	0.000558	0.000558	0.000558	0.000558	0.000558	0.000558	0.000558	0.000558	0.000558	0.000558	0.000558	0.000558	0.000558	0.000558	0.000558	0.000558	0.000558	0.000558	0.000558	0.000558	0.000558	0.000558	0.000558	0.000558	0.000558	0.000558	0.000558	0.000558	0.000558	0.000558	0.000558	0.000558	0.000558	0.000558	0.000558	0.000558	0.000558	0.000558	0.000558	0.000558	0.000558	0.000558	0.000558	0.000558	0.000558	0.000558	0.000558	0.000558	0.004745	0.004745	0.004745	0.004745	0.004745	0.004745	0.004745	0.004745	0.004745	0.004745	0.004745	0.004745	0.004745	0.004745	0.004745	0.004745	0.004745	0.004745	0.004745	0.004745	0.004745	0.004745	0.004745	0.004745	0.004745	0.004745	0.004745	0.004745	0.004745	0.004745	0.004745	0.004745	0.004745	0.004745	0.004745	0.004745	0.004745	0.004745	0.004745	0.004745	0.004745	0.004745	0.004745	0.004745	0.004745	0.004745	0.004745	0.004745	0.004745	0.004745	0.004745	0.004745	0.004745	0.004745	0.004745	0.004745	0.004745	0.004745	0.004745	0.004745	0.004745	0.004745	0.004745	0.004745	0.004745	0.004745	0.004745	0.004745	0.004745	0.004745	0.004745	0.004745	0.004745	0.004745	0.004745	0.004745	0.004745	0.004745	0.004745	0.004745	0.004745	0.004745	0.004745	0.004745	0.004745	0.004745	0.004745	0.004745	0.004745	0.004745	0.004745	0.004745	0.004745	0.004745	0.004745	0.004745	0.004745	0.004745	0.004745	0.004745	0.004745	0.004745	0.004745	0.004745	0.004745	0.004745	0.004745	0.004745	0.004745	0.004745	0.004745	0.004745	0.004745	0.004745	0.004745	0.004745	0.004745	0.004745	0.004745	0.004745	0.004745	0.004745	0.004745	0.004745	0.004745	0.004745	0.004745	0.004745	0.004745	0.004745	0.004745	0.004745	0.004745	0.004745	0.004745	0.004745	0.004745	0.004745	0.004745	0.004745	0.004745	0.004745	0.004745	0.004745	0.004745	0.004745	0.004745	0.004745	0.004745	0.004745	0.004745	0.004745	0.004745	0.004745	0.004745
Automotive			0	0	0	0	0	0	0	0	0	0	0	0	0	0	0	0	0	0	0	0	0	0	0	0	0	0	0	0	0	0	0	0	0	0	0	0	0	0	0	0	0	0	0	0	0	0	0	0	0	0	0	0	0	0	0	0	0	0	0	0	0	0	0	0	0	0	0	0	0	0	0	0	0	0	0	0	0	0	0	0	0	0	0	0	0	0	0	0	0	0	0	0	0	0	0	0	0	0	0	0	0	0	0	0	0	0	0	0	0	0	0	0	0	0	0	0	0	0	0	0	0	0	0	0	0	0	0	0	0	0	0	0	0	0	0	0	0	0	0	0	0	0	0	0	0	0	0	0	0.00466	0.00466	0.00466	0.00466	0.00466	0.00466	0.00466	0.00466	0.00466	0.00466	0.00466	0.00466	0.00466	0.00466	0.00466	0.00466	0.00466	0.00466	0.00466	0.00466	0.00466	0.00466	0.00466	0.00466	0.00466	0.00466	0.00466	0.00466	0.00466	0.00466	0.00466	0.00466	0.00466	0.00466	0.00466	0.00466	0.00466	0.00466	0.00466	0.00466	0.00466	0.00466	0.00466	0.00466	0.00466	0.00466	0.00466	0.00466	0.00466	0.00466	0.00466	0.00466	0.00466	0.00466	0.00466	0.00466	0.00466	0.00466	0.00466	0.00466	0.00466	0.00466	0.00466	0.00466	0.00466	0.00466	0.00466	0.00466	0.00466	0.00466	0.00466	0.00466	0.00466	0.00466	0.00466	0.00466	0.00466	0.00466	0.00466	0.00466	0.00466	0.00466	0.00466	0.00466	0.00466	0.00466	0.00466	0.00466	0.00466	0.00466	0.00466	0.00466	0.00466	0.00466	0.00466	0.00466	0.00466	0.00466	0.00466	0.00466	0.00466	0.00466	0.00466	0.00466	0.00466	0.00466	0.00466	0.00466	0.00466	0.00466	0.00466	0.00466	0.00466	0.00466	0.00466	0.00466	0.00466	0.00466	0.00466	0.00466	0.00466	0.00466	0.00466	0.00466	0.00466	0.00466	0.00466	0.00466	0.00466	0.00466	0.00466	0.00466	0.00466	0.00466	0.00466	0.00466	0.00466	0.00466	0.00466	0.00466	0.00466	0.00466	0.00466	0.00466	0.00466	0.00466	0.00466	0.00466	0.00466	0.00466	0.00466	0.00466	0.00466	0.00466	0.00466	0.00466	0.00466	0.00466	0.00466	0.00466	0.00466	0.00466	0.00466	0.00466	0.00466	0.00466	0.00466	0.00466	0.00466	0.00466	0.00466	0.00466	0.00466	0.00466	0.00466	0.00466	0.00466	0.00466	0.00466	0.00466	0.00466	0.00466	0.00466	0.00466	0.00466	0.00466	0.00466	0.00466	0.00466	0.00466	0.00466	0.00466	0.00466	0.00466	0.00466	0.00466	0.00466	0.00466	0.00466	0.00466	0.00466	0.00466	0.00466	0.00466	0.00466	0.00466	0.00466	0.00466	0.00466	0.00466	0.00466	0.00466	0.00466	0.00466	0.00466	0.00466	0.00466
Public Transportation			0	0	0	0	0	0	0	0	0	0	0	0	0	0	0	0	0	0	0	0	0	0	0	0	0	0	0	0	0	0	0	0	0	0	0	0	0	0	0	0	0	0	0	0	0	0	0	0	0	0	0	0	0	0	0	0	0	0	0	0	0	0	0	0	0	0	0	0	0	0	0	0	0	0	0	0	0	0	0	0	0	0	0	0	0	0	0	0	0	0	0	0	0	0	0	0	0	0	0	0	0	0	0	0	0	0	0	0	0	0	0	0	0	0	0	0	0	0	0	0	0	0	0	0	0	0	0	0	0	0	0	0	0	0	0	0	0	0	0	0	0	0	0	0	0	0	0	0	0.00466	0.00466	0.00466	0.00466	0.00466	0.00466	0.00466	0.00466	0.00466	0.00466	0.00466	0.00466	0.00466	0.00466	0.00466	0.00466	0.00466	0.00466	0.00466	0.00466	0.00466	0.00466	0.00466	0.00466	0.00466	0.00466	0.00466	0.00466	0.00466	0.00466	0.00466	0.00466	0.00466	0.00466	0.00466	0.00466	0.00466	0.00466	0.00466	0.00466	0.00466	0.00466	0.00466	0.00466	0.00466	0.00466	0.00466	0.00466	0.00466	0.00466	0.00466	0.00466	0.00466	0.00466	0.00466	0.00466	0.00466	0.00466	0.00466	0.00466	0.00466	0.00466	0.00466	0.00466	0.00466	0.00466	0.00466	0.00466	0.00466	0.00466	0.00466	0.00466	0.00466	0.00466	0.00466	0.00466	0.00466	0.00466	0.00466	0.00466	0.00466	0.00466	0.00466	0.00466	0.00466	0.00466	0.00466	0.00466	0.00466	0.00466	0.00466	0.00466	0.00466	0.00466	0.00466	0.00466	0.00466	0.00466	0.00466	0.00466	0.00466	0.00466	0.00466	0.00466	0.00466	0.00466	0.00466	0.00466	0.00466	0.00466	0.00466	0.00466	0.00466	0.00466	0.00466	0.00466	0.00466	0.00466	0.00466	0.00466	0.00466	0.00466	0.00466	0.00466	0.00466	0.00466	0.00466	0.00466	0.00466	0.00466	0.00466	0.00466	0.00466	0.00466	0.00466	0.00466	0.00466	0.00466	0.00466	0.00466	0.00466	0.00466	0.00466	0.00466	0.00466	0.00466	0.00466	0.00466	0.00466	0.00466	0.00466	0.00466	0.00466	0.00466	0.00466	0.00466	0.00466	0.00466	0.00466	0.00466	0.00466	0.00466	0.00466	0.00466	0.00466	0.00466	0.00466	0.00466	0.00466	0.00466	0.00466	0.00466	0.00466	0.00466	0.00466	0.00466	0.00466	0.00466	0.00466	0.00466	0.00466	0.00466	0.00466	0.00466	0.00466	0.00466	0.00466	0.00466	0.00466	0.00466	0.00466	0.00466	0.00466	0.00466	0.00466	0.00466	0.00466	0.00466	0.00466	0.00466	0.00466	0.00466	0.00466	0.00466	0.00466	0.00466	0.00466	0.00466	0.00466	0.00466	0.00466	0.00466	0.00466	0.00466	0.00466	0.00466	0.00466
Virtual Workforce			0	0	0	0	0	0	0	0	0	0	0	0	0	0	0	0	0	0	0	0	0	0	0	0	0	0	0	0	0	0	0	0	0	0	0	0	0	0	0	0	0	0	0	0	0	0	0	0	0	0	0	0	0	0	0	0	0	0	0	0	0	0	0	0	0	0	0	0	0	0	0	0	0	0	0	0	0	0	0	0	0	0	0	0	0	0	0	0	0	0	0	0	0	0	0	0	0	0	0	0	0	0	0	0	0	0	0	0	0	0	0	0	0	0	0	0	0	0	0	0	0	0	0	0	0	0	0	0	0	0	0	0	0	0	0	0	0	0	0	0	0	0	0	0	0	0	0	0	0	0	0	0	0	0	0	0	0	0	0	0	0	0	0	0	0	0	0	0	0	0	0	0	0	0	0	0	0	0	0	0	0	0	0	0	0	0	0	0	0	0	0	0	0	0	0	0	0	0	0	0	0	0	0	0	0	0	0	0	0	0	0	0	0	0	0	0	0	0	0	0	0	0	0	0	0	0	0	0	0	0	0	0	0	0	0	0	0	0	0	0	0	0	0	0	0	0	0	0.004354	0.004354	0.004354	0.004354	0.004354	0.004354	0.004354	0.004354	0.004354	0.004354	0.004354	0.004354	0.004354	0.004354	0.004354	0.004354	0.004354	0.004354	0.004354	0.004354	0.004354	0.004354	0.004354	0.004354	0.004354	0.004354	0.004354	0.004354	0.004354	0.004354	0.004354	0.004354	0.004354	0.004354	0.004354	0.004354	0.004354	0.004354	0.004354	0.004354	0.004354	0.004354	0.004354	0.004354	0.004354	0.004354	0.004354	0.004354	0.004354	0.004354	0.004354	0.004354	0.004354	0.004354	0.004354	0.004354	0.004354	0.004354	0.004354	0.004354	0.004354	0.004354	0.004354	0.004354	0.004354	0.004354	0.004354	0.004354	0.004354	0.004354	0.004354	0.004354	0.004354	0.004354	0.004354	0.004354	0.004354	0.004354	0.004354	0.004354	0.004354	0.004354	0.004354	0.004354	0.004354	0.004354	0.004354	0.004354	0.004354	0.004354	0.004354	0.004354	0.004354	0.004354	0.004354	0.004354	0.004354	0.004354	0.004354	0.004354	0.004354	0.004354	0.004354	0.004354	0.004354	0.004354	0.004354	0.004354	0.004354	0.004354	0.004354	0.004354	0.004354	0.004354	0.004354	0.004354	0.004354	0.004354
Product Design			0	0	0	0	0	0	0	0	0	0	0	0	0	0	0	0	0	0	0	0	0	0	0	0	0	0	0	0	0	0	0	0	0	0	0	0	0	0	0	0	0	0	0	0	0	0	0	0	0	0	0	0	0	0	0	0	0	0	0	0	0	0	0	0	0	0	0	0	0	0	0	0	0	0	0	0	0	0	0	0	0	0	0	0	0	0	0	0	0	0	0	0	0	0	0	0	0	0	0	0	0	0	0	0	0	0	0	0	0	0	0	0	0	0	0	0	0	0	0	0	0	0	0	0	0	0	0	0	0	0	0	0	0	0	0	0	0	0	0	0	0	0	0	0	0	0	0	0	0	0	0	0	0	0	0	0	0	0	0	0	0	0	0	0	0	0	0	0	0	0	0	0	0	0	0	0	0	0	0	0	0	0.004271	0.004271	0.004271	0.004271	0.004271	0.004271	0.004271	0.004271	0.004271	0.004271	0.004271	0.004271	0.004271	0.004271	0.004271	0.004271	0.004271	0.004271	0.004271	0.004271	0.004271	0.004271	0.004271	0.004271	0.004271	0.004271	0.004271	0.004271	0.004271	0.004271	0.004271	0.004271	0.004271	0.004271	0.004271	0.004271	0.004271	0.004271	0.004271	0.004271	0.004271	0.004271	0.004271	0.004271	0.004271	0.004271	0.004271	0.004271	0.004271	0.004271	0.004271	0.004271	0.004271	0.004271	0.004271	0.004271	0.004271	0.004271	0.004271	0.004271	0.004271	0.004271	0.004271	0.004271	0.004271	0.004271	0.004271	0.004271	0.004271	0.004271	0.004271	0.004271	0.004271	0.004271	0.004271	0.004271	0.004271	0.004271	0.004271	0.004271	0.004271	0.004271	0.004271	0.004271	0.004271	0.004271	0.004271	0.004271	0.004271	0.004271	0.004271	0.004271	0.004271	0.004271	0.004271	0.004271	0.004271	0.004271	0.004271	0.004271	0.004271	0.004271	0.004271	0.004271	0.004271	0.004271	0.004271	0.004271	0.004271	0.004271	0.004271	0.004271	0.004271	0.004271	0.004271	0.004271	0.004271	0.004271	0.004271	0.004271	0.004271	0.004271	0.004271	0.004271	0.004271	0.004271	0.004271	0.004271	0.004271	0.004271	0.004271	0.004271	0.004271	0.004271	0.004271	0.004271	0.004271	0.004271	0.004271	0.004271	0.004271	0.004271	0.004271	0.004271	0.004271	0.004271	0.004271	0.004271	0.004271	0.004271	0.004271	0.004271	0.004271	0.004271	0.004271	0.004271	0.004271	0.004271	0.004271	0.004271	0.004271	0.004271	0.004271	0.004271	0.004271	0.004271	0.004271	0.004271	0.004271	0.004271	0.004271	0.004271	0.004271	0.004271	0.004271	0.004271	0.004271	0.004271	0.004271	0.004271	0.004271	0.004271	0.004271	0.004271
Bakery			0	0	0	0	0	0	0	0	0	0	0	0	0	0	0	0	0	0	0	0	0	0	0	0	0	0	0	0	0	0	0	0	0	0	0	0	0	0	0	0	0	0	0	0	0	0	0	0	0	0	0	0	0	0	0	0	0	0	0	0	0	0	0	0	0	0	0	0	0	0	0	0	0	0	0	0	0	0	0	0	0	0	0	0	0	0	0	0	0	0	0	0	0	0	0	0	0	0	0	0	0	0	0	0	0	0	0	0	0	0	0	0	0	0	0	0	0	0	0	0	0	0	0	0	0	0	0	0	0	0	0	0	0	0	0	0	0	0	0	0	0	0	0	0	0	0	0	0	0	0	0	0	0	0	0	0	0	0	0	0	0	0	0	0	0	0	0	0	0	0	0	0	0	0	0	0	0	0	0	0	0	0	0	0	0	0	0	0	0	0	0	0	0	0	0	0	0	0	0	0	0	0	0	0	0	0	0	0	0	0	0.004187	0.004187	0.004187	0.004187	0.004187	0.004187	0.004187	0.004187	0.004187	0.004187	0.004187	0.004187	0.004187	0.004187	0.004187	0.004187	0.004187	0.004187	0.004187	0.004187	0.004187	0.004187	0.004187	0.004187	0.004187	0.004187	0.004187	0.004187	0.004187	0.004187	0.004187	0.004187	0.004187	0.004187	0.004187	0.004187	0.004187	0.004187	0.004187	0.004187	0.004187	0.004187	0.004187	0.004187	0.004187	0.004187	0.004187	0.004187	0.004187	0.004187	0.004187	0.004187	0.004187	0.004187	0.004187	0.004187	0.004187	0.004187	0.004187	0.004187	0.004187	0.004187	0.004187	0.004187	0.004187	0.004187	0.004187	0.004187	0.004187	0.004187	0.004187	0.004187	0.004187	0.004187	0.004187	0.004187	0.004187	0.004187	0.004187	0.004187	0.004187	0.004187	0.004187	0.004187	0.004187	0.004187	0.004187	0.004187	0.004187	0.004187	0.004187	0.004187	0.004187	0.004187	0.004187	0.004187	0.004187	0.004187	0.004187	0.004187	0.004187	0.004187	0.004187	0.004187	0.004187	0.004187	0.004187	0.004187	0.004187	0.004187	0.004187	0.004187	0.004187	0.004187	0.004187	0.004187	0.004187	0.004187	0.004187	0.004187	0.004187	0.004187	0.004187	0.004187	0.004187	0.004187	0.004187	0.004187	0.004187	0.004187	0.004187	0.004187	0.004187	0.004187	0.004187	0.004187	0.004187	0.004187	0.004187	0.004187	0.004187	0.004187	0.004187	0.004187	0.004187	0.004187	0.004187	0.004187	0.004187	0.004187	0.004187	0.004187	0.004187	0.004187	0.004187
Grocery			0	0	0	0	0	0	0	0	0	0	0	0	0	0	0	0	0	0	0	0	0	0	0	0	0	0	0	0	0	0	0	0	0	0	0	0	0	0	0	0	0	0	0	0	0	0	0	0	0	0	0	0	0	0	0	0	0	0	0	0	0	0	0	0	0	0	0	0	0	0	0	0	0	0	0	0	0	0	0	0	0	0	0	0	0	0	0	0	0	0	0	0	0	0	0	0	0	0	0	0	0	0	0	0	0	0	0	0	0	0	0	0	0	0	0	0	0	0	0	0	0	0	0	0	0	0	0	0	0	0	0	0	0	0	0	0	0	0	0	0	0	0	0	0	0	0	0	0	0	0	0	0	0	0	0	0	0	0	0	0	0	0	0	0	0	0	0	0	0	0	0	0	0	0	0	0	0	0	0	0	0	0	0	0	0	0	0	0	0	0	0	0	0	0	0	0	0	0	0	0	0	0	0	0	0	0	0	0	0	0	0.004187	0.004187	0.004187	0.004187	0.004187	0.004187	0.004187	0.004187	0.004187	0.004187	0.004187	0.004187	0.004187	0.004187	0.004187	0.004187	0.004187	0.004187	0.004187	0.004187	0.004187	0.004187	0.004187	0.004187	0.004187	0.004187	0.004187	0.004187	0.004187	0.004187	0.004187	0.004187	0.004187	0.004187	0.004187	0.004187	0.004187	0.004187	0.004187	0.004187	0.004187	0.004187	0.004187	0.004187	0.004187	0.004187	0.004187	0.004187	0.004187	0.004187	0.004187	0.004187	0.004187	0.004187	0.004187	0.004187	0.004187	0.004187	0.004187	0.004187	0.004187	0.004187	0.004187	0.004187	0.004187	0.004187	0.004187	0.004187	0.004187	0.004187	0.004187	0.004187	0.004187	0.004187	0.004187	0.004187	0.004187	0.004187	0.004187	0.004187	0.004187	0.004187	0.004187	0.004187	0.004187	0.004187	0.004187	0.004187	0.004187	0.004187	0.004187	0.004187	0.004187	0.004187	0.004187	0.004187	0.004187	0.004187	0.004187	0.004187	0.004187	0.004187	0.004187	0.004187	0.004187	0.004187	0.004187	0.004187	0.004187	0.004187	0.004187	0.004187	0.004187	0.004187	0.004187	0.004187	0.004187	0.004187	0.004187	0.004187	0.004187	0.004187	0.004187	0.004187	0.004187	0.004187	0.004187	0.004187	0.004187	0.004187	0.004187	0.004187	0.004187	0.004187	0.004187	0.004187	0.004187	0.004187	0.004187	0.004187	0.004187	0.004187	0.004187	0.004187	0.004187	0.004187	0.004187	0.004187	0.004187	0.004187	0.004187	0.004187	0.004187	0.004187	0.004187
Electronic Health Record (EHR)			0	0	0	0	0	0	0	0	0	0	0	0	0	0	0	0	0	0	0	0	0	0	0	0	0	0	0	0	0	0	0	0	0	0	0	0	0	0	0	0	0	0	0	0	0	0	0	0	0	0	0	0	0	0	0	0	0	0	0	0	0	0	0	0	0	0	0	0	0	0	0	0	0	0	0	0	0	0	0	0	0	0	0	0	0	0	0	0	0	0	0	0	0	0	0	0	0	0	0	0	0	0	0	0	0	0	0	0	0	0	0	0	0	0	0	0	0	0	0	0	0	0	0	0	0	0.000558	0.000558	0.000558	0.000558	0.000558	0.000558	0.000558	0.000558	0.000558	0.000558	0.000558	0.000558	0.000558	0.000558	0.000558	0.000558	0.000558	0.000558	0.000558	0.000558	0.000558	0.000558	0.000558	0.000558	0.000558	0.000558	0.000558	0.000558	0.000558	0.000558	0.000558	0.000558	0.000558	0.000558	0.000558	0.000558	0.000558	0.000558	0.000558	0.000558	0.000558	0.000558	0.000558	0.000558	0.000558	0.000558	0.000558	0.000558	0.000558	0.000558	0.000558	0.000558	0.000558	0.000558	0.000558	0.000558	0.000558	0.000558	0.000558	0.000558	0.000558	0.000558	0.000558	0.000558	0.000558	0.000558	0.000558	0.000558	0.000558	0.000558	0.000558	0.000558	0.000558	0.000558	0.000558	0.000558	0.000558	0.000558	0.000558	0.000558	0.000558	0.000558	0.000558	0.000558	0.000558	0.000558	0.000558	0.000558	0.000558	0.000558	0.000558	0.000558	0.000558	0.000558	0.000558	0.000558	0.000558	0.000558	0.000558	0.000558	0.000558	0.000558	0.000558	0.000558	0.000558	0.000558	0.000558	0.000558	0.000558	0.000558	0.000558	0.000558	0.000558	0.000558	0.000558	0.000558	0.000558	0.000558	0.000558	0.000558	0.000558	0.000558	0.000558	0.000558	0.000558	0.000558	0.000558	0.000558	0.000558	0.000558	0.000558	0.000558	0.000558	0.000558	0.000558	0.000558	0.000558	0.000558	0.000558	0.000558	0.000558	0.000558	0.000558	0.000558	0.000558	0.000558	0.000558	0.000558	0.000558	0.000558	0.000558	0.000558	0.000558	0.000558	0.000558	0.000558	0.000558	0.000558	0.000558	0.000558	0.000558	0.000558	0.000558	0.000558	0.000558	0.000558	0.000558	0.000558	0.000558	0.000558	0.000558	0.000558	0.000558	0.000558	0.000558	0.000558	0.000558	0.000558	0.000558	0.000558	0.000558	0.004019	0.004019	0.004019	0.004019	0.004019	0.004019	0.004019	0.004019	0.004019	0.004019	0.004019	0.004019	0.004019	0.004019	0.004019	0.004019	0.004019	0.004019	0.004019	0.004019	0.004019	0.004019	0.004019	0.004019	0.004019	0.004019	0.004019	0.004019	0.004019	0.004019	0.004019	0.004019	0.004019	0.004019	0.004019	0.004019	0.004019	0.004019	0.004019	0.004019	0.004019	0.004019	0.004019	0.004019	0.004019	0.004019	0.004019	0.004019	0.004019	0.004019	0.004019	0.004019	0.004019	0.004019	0.004019	0.004019	0.004019	0.004019	0.004019
Government			0	0	0	0.000084	0.000084	0.000084	0.000084	0.000084	0.000084	0.000084	0.000084	0.000084	0.000084	0.000084	0.000084	0.000084	0.000084	0.000084	0.000084	0.000084	0.000084	0.000084	0.000084	0.000084	0.000084	0.000084	0.000084	0.000084	0.000084	0.000084	0.000084	0.000084	0.000084	0.000084	0.000084	0.000084	0.000084	0.000084	0.000084	0.000084	0.000084	0.000084	0.000084	0.000084	0.000084	0.000084	0.000084	0.000084	0.000084	0.000084	0.000084	0.000084	0.000084	0.000084	0.000084	0.000084	0.000084	0.000084	0.000084	0.000084	0.000084	0.000084	0.000084	0.000084	0.000084	0.000084	0.000084	0.000084	0.000084	0.000084	0.000084	0.000084	0.000084	0.000084	0.000084	0.000084	0.000084	0.000084	0.000084	0.000084	0.000084	0.000084	0.000084	0.000084	0.000084	0.000084	0.000084	0.000084	0.000084	0.000084	0.001691	0.001691	0.001691	0.001691	0.001691	0.001691	0.001691	0.001691	0.001691	0.001691	0.001691	0.001691	0.001691	0.001691	0.001691	0.001691	0.001691	0.001691	0.001691	0.001691	0.001691	0.001691	0.001691	0.001691	0.001691	0.001691	0.001691	0.001691	0.001691	0.001691	0.001691	0.001691	0.001691	0.001691	0.001691	0.001691	0.001691	0.001691	0.001691	0.001691	0.001691	0.003902	0.003902	0.003902	0.003902	0.003902	0.003902	0.003902	0.003902	0.003902	0.003902	0.003902	0.003902	0.003902	0.003902	0.003902	0.003902	0.003902	0.003902	0.003902	0.003902	0.003902	0.003902	0.003902	0.003902	0.003902	0.003902	0.003902	0.003902	0.003902	0.003902	0.003902	0.003902	0.003902	0.003902	0.003902	0.003902	0.003902	0.003902	0.003902	0.003902	0.003902	0.003902	0.003902	0.003902	0.003902	0.003902	0.003902	0.003902	0.003902	0.003902	0.003902	0.003902	0.003902	0.003902	0.003902	0.003902	0.003902	0.003902	0.003902	0.003902	0.003902	0.003902	0.003902	0.003902	0.003902	0.003902	0.003902	0.003902	0.003902	0.003902	0.003902	0.003902	0.003902	0.003902	0.003902	0.003902	0.003902	0.003902	0.003902	0.003902	0.003902	0.003902	0.003902	0.003902	0.003902	0.003902	0.003902	0.003902	0.003902	0.003902	0.003902	0.003902	0.003902	0.003902	0.003902	0.003902	0.003902	0.003902	0.003902	0.003902	0.003902	0.003902	0.003902	0.003902	0.003902	0.003902	0.003902	0.003902	0.003902	0.003902	0.003902	0.003902	0.003902	0.003902	0.003902	0.003902	0.003902	0.003902	0.003902	0.003902	0.003902	0.003902	0.003902	0.003902	0.003902	0.003902	0.003902	0.003902	0.003902	0.003902	0.003902	0.003902	0.003902	0.003902	0.003902	0.003902	0.003902	0.003902	0.003902	0.003902	0.003902	0.003902	0.003902	0.003902	0.003902	0.003902	0.003902	0.003902	0.003902	0.003902	0.003902	0.003902	0.003902	0.003902	0.003902	0.003902	0.003902	0.003902	0.003902	0.003902	0.003902	0.003902	0.003902	0.003902	0.003902	0.003902	0.003902	0.003902	0.003902	0.003902	0.003902	0.003902	0.003902	0.003902	0.003902	0.003902	0.003902	0.003902	0.003902	0.003902	0.003902	0.003902	0.003902	0.003902	0.003902	0.003902	0.003902	0.003902	0.003902	0.003902	0.003902	0.003902	0.003902	0.003902	0.003902	0.003902	0.003902	0.003902	0.003902	0.003902	0.003902	0.003902	0.003902	0.003902	0.003902	0.003902	0.003902	0.003902	0.003902	0.003902	0.003902	0.003902	0.003902	0.003902	0.003902	0.003902	0.003902	0.003902	0.003902	0.003902	0.003902	0.003902	0.003902	0.003902	0.003902	0.003902	0.003902	0.003902	0.003902	0.003902	0.003902	0.003902	0.003902	0.003902
Agriculture			0	0	0	0	0	0	0	0	0	0	0	0	0	0	0	0	0	0	0	0	0	0	0	0	0	0	0	0	0	0	0	0	0	0	0	0	0	0	0	0	0	0	0	0	0	0	0	0	0	0	0	0	0	0	0	0	0	0	0	0	0	0	0	0	0	0	0	0	0	0	0	0	0	0	0	0	0	0	0	0	0	0	0	0	0	0	0	0	0	0	0	0	0	0	0	0	0	0	0	0	0	0	0	0	0	0	0	0	0	0	0	0	0	0	0	0	0	0	0	0	0	0	0	0	0	0	0	0	0	0	0	0	0	0	0	0	0	0	0	0	0	0	0	0	0	0	0	0	0	0	0	0	0	0	0	0	0	0	0	0	0	0	0	0	0	0	0	0.003828	0.003828	0.003828	0.003828	0.003828	0.003828	0.003828	0.003828	0.003828	0.003828	0.003828	0.003828	0.003828	0.003828	0.003828	0.003828	0.003828	0.003828	0.003828	0.003828	0.003828	0.003828	0.003828	0.003828	0.003828	0.003828	0.003828	0.003828	0.003828	0.003828	0.003828	0.003828	0.003828	0.003828	0.003828	0.003828	0.003828	0.003828	0.003828	0.003828	0.003828	0.003828	0.003828	0.003828	0.003828	0.003828	0.003828	0.003828	0.003828	0.003828	0.003828	0.003828	0.003828	0.003828	0.003828	0.003828	0.003828	0.003828	0.003828	0.003828	0.003828	0.003828	0.003828	0.003828	0.003828	0.003828	0.003828	0.003828	0.003828	0.003828	0.003828	0.003828	0.003828	0.003828	0.003828	0.003828	0.003828	0.003828	0.003828	0.003828	0.003828	0.003828	0.003828	0.003828	0.003828	0.003828	0.003828	0.003828	0.003828	0.003828	0.003828	0.003828	0.003828	0.003828	0.003828	0.003828	0.003828	0.003828	0.003828	0.003828	0.003828	0.003828	0.003828	0.003828	0.003828	0.003828	0.003828	0.003828	0.003828	0.003828	0.003828	0.003828	0.003828	0.003828	0.003828	0.003828	0.003828	0.003828	0.003828	0.003828	0.003828	0.003828	0.003828	0.003828	0.003828	0.003828	0.003828	0.003828	0.003828	0.003828	0.003828	0.003828	0.003828	0.003828	0.003828	0.003828	0.003828	0.003828	0.003828	0.003828	0.003828	0.003828	0.003828	0.003828	0.003828	0.003828	0.003828	0.003828	0.003828	0.003828	0.003828	0.003828	0.003828	0.003828	0.003828	0.003828	0.003828	0.003828	0.003828	0.003828	0.003828	0.003828	0.003828	0.003828	0.003828	0.003828	0.003828	0.003828	0.003828	0.003828	0.003828	0.003828	0.003828	0.003828	0.003828	0.003828	0.003828	0.003828	0.003828	0.003828	0.003828	0.003828	0.003828	0.003828	0.003828	0.003828	0.003828	0.003828	0.003828	0.003828	0.003828	0.003828	0.003828	0.003828	0.003828	0.003828	0.003828	0.003828
AgTech			0	0	0	0	0	0	0	0	0	0	0	0	0	0	0	0	0	0	0	0	0	0	0	0	0	0	0	0	0	0	0	0	0	0	0	0	0	0	0	0	0	0	0	0	0	0	0	0	0	0	0	0	0	0	0	0	0	0	0	0	0	0	0	0	0	0	0	0	0	0	0	0	0	0	0	0	0	0	0	0	0	0	0	0	0	0	0	0	0	0	0	0	0	0	0	0	0	0	0	0	0	0	0	0	0	0	0	0	0	0	0	0	0	0	0	0	0	0	0	0	0	0	0	0	0	0	0	0	0	0	0	0	0	0	0	0	0	0	0	0	0	0	0	0	0	0	0	0	0	0	0	0	0	0	0	0	0	0	0	0	0	0	0	0	0	0	0	0.003828	0.003828	0.003828	0.003828	0.003828	0.003828	0.003828	0.003828	0.003828	0.003828	0.003828	0.003828	0.003828	0.003828	0.003828	0.003828	0.003828	0.003828	0.003828	0.003828	0.003828	0.003828	0.003828	0.003828	0.003828	0.003828	0.003828	0.003828	0.003828	0.003828	0.003828	0.003828	0.003828	0.003828	0.003828	0.003828	0.003828	0.003828	0.003828	0.003828	0.003828	0.003828	0.003828	0.003828	0.003828	0.003828	0.003828	0.003828	0.003828	0.003828	0.003828	0.003828	0.003828	0.003828	0.003828	0.003828	0.003828	0.003828	0.003828	0.003828	0.003828	0.003828	0.003828	0.003828	0.003828	0.003828	0.003828	0.003828	0.003828	0.003828	0.003828	0.003828	0.003828	0.003828	0.003828	0.003828	0.003828	0.003828	0.003828	0.003828	0.003828	0.003828	0.003828	0.003828	0.003828	0.003828	0.003828	0.003828	0.003828	0.003828	0.003828	0.003828	0.003828	0.003828	0.003828	0.003828	0.003828	0.003828	0.003828	0.003828	0.003828	0.003828	0.003828	0.003828	0.003828	0.003828	0.003828	0.003828	0.003828	0.003828	0.003828	0.003828	0.003828	0.003828	0.003828	0.003828	0.003828	0.003828	0.003828	0.003828	0.003828	0.003828	0.003828	0.003828	0.003828	0.003828	0.003828	0.003828	0.003828	0.003828	0.003828	0.003828	0.003828	0.003828	0.003828	0.003828	0.003828	0.003828	0.003828	0.003828	0.003828	0.003828	0.003828	0.003828	0.003828	0.003828	0.003828	0.003828	0.003828	0.003828	0.003828	0.003828	0.003828	0.003828	0.003828	0.003828	0.003828	0.003828	0.003828	0.003828	0.003828	0.003828	0.003828	0.003828	0.003828	0.003828	0.003828	0.003828	0.003828	0.003828	0.003828	0.003828	0.003828	0.003828	0.003828	0.003828	0.003828	0.003828	0.003828	0.003828	0.003828	0.003828	0.003828	0.003828	0.003828	0.003828	0.003828	0.003828	0.003828	0.003828	0.003828	0.003828	0.003828	0.003828	0.003828	0.003828	0.003828	0.003828
Alternative Protein			0	0	0	0	0	0	0	0	0	0	0	0	0	0	0	0	0	0	0	0	0	0	0	0	0	0	0	0	0	0	0	0	0	0	0	0	0	0	0	0	0	0	0	0	0	0	0	0	0	0	0	0	0	0	0	0	0	0	0	0	0	0	0	0	0	0	0	0	0	0	0	0	0	0	0	0	0	0	0	0	0	0	0	0	0	0	0	0	0	0	0	0	0	0	0	0	0	0	0	0	0	0	0	0	0	0	0	0	0	0	0	0	0	0	0	0	0	0	0	0	0	0	0	0	0	0	0	0	0	0	0	0	0	0	0	0	0	0	0	0	0	0	0	0	0	0	0	0	0	0	0	0	0	0	0	0	0	0	0	0	0	0	0	0	0	0	0	0.003828	0.003828	0.003828	0.003828	0.003828	0.003828	0.003828	0.003828	0.003828	0.003828	0.003828	0.003828	0.003828	0.003828	0.003828	0.003828	0.003828	0.003828	0.003828	0.003828	0.003828	0.003828	0.003828	0.003828	0.003828	0.003828	0.003828	0.003828	0.003828	0.003828	0.003828	0.003828	0.003828	0.003828	0.003828	0.003828	0.003828	0.003828	0.003828	0.003828	0.003828	0.003828	0.003828	0.003828	0.003828	0.003828	0.003828	0.003828	0.003828	0.003828	0.003828	0.003828	0.003828	0.003828	0.003828	0.003828	0.003828	0.003828	0.003828	0.003828	0.003828	0.003828	0.003828	0.003828	0.003828	0.003828	0.003828	0.003828	0.003828	0.003828	0.003828	0.003828	0.003828	0.003828	0.003828	0.003828	0.003828	0.003828	0.003828	0.003828	0.003828	0.003828	0.003828	0.003828	0.003828	0.003828	0.003828	0.003828	0.003828	0.003828	0.003828	0.003828	0.003828	0.003828	0.003828	0.003828	0.003828	0.003828	0.003828	0.003828	0.003828	0.003828	0.003828	0.003828	0.003828	0.003828	0.003828	0.003828	0.003828	0.003828	0.003828	0.003828	0.003828	0.003828	0.003828	0.003828	0.003828	0.003828	0.003828	0.003828	0.003828	0.003828	0.003828	0.003828	0.003828	0.003828	0.003828	0.003828	0.003828	0.003828	0.003828	0.003828	0.003828	0.003828	0.003828	0.003828	0.003828	0.003828	0.003828	0.003828	0.003828	0.003828	0.003828	0.003828	0.003828	0.003828	0.003828	0.003828	0.003828	0.003828	0.003828	0.003828	0.003828	0.003828	0.003828	0.003828	0.003828	0.003828	0.003828	0.003828	0.003828	0.003828	0.003828	0.003828	0.003828	0.003828	0.003828	0.003828	0.003828	0.003828	0.003828	0.003828	0.003828	0.003828	0.003828	0.003828	0.003828	0.003828	0.003828	0.003828	0.003828	0.003828	0.003828	0.003828	0.003828	0.003828	0.003828	0.003828	0.003828	0.003828	0.003828	0.003828	0.003828	0.003828	0.003828	0.003828	0.003828	0.003828
CleanTech			0	0	0	0	0	0	0	0	0	0	0	0	0	0	0	0	0	0	0	0	0	0	0	0	0	0	0	0	0	0	0	0	0	0	0	0	0	0	0	0	0	0	0	0	0	0	0	0	0	0	0	0	0	0	0	0	0	0	0	0	0	0	0	0	0	0	0	0	0	0	0	0	0	0	0	0	0	0	0	0	0	0	0	0	0	0	0	0	0	0	0	0	0	0	0	0	0	0	0	0	0	0	0	0	0	0	0	0	0	0	0	0	0	0	0	0	0	0	0	0	0	0	0	0	0	0	0	0	0	0	0	0	0	0	0	0	0	0	0	0	0	0	0	0	0	0	0	0	0	0	0	0	0	0	0	0	0	0	0	0	0	0	0	0	0	0	0	0.003828	0.003828	0.003828	0.003828	0.003828	0.003828	0.003828	0.003828	0.003828	0.003828	0.003828	0.003828	0.003828	0.003828	0.003828	0.003828	0.003828	0.003828	0.003828	0.003828	0.003828	0.003828	0.003828	0.003828	0.003828	0.003828	0.003828	0.003828	0.003828	0.003828	0.003828	0.003828	0.003828	0.003828	0.003828	0.003828	0.003828	0.003828	0.003828	0.003828	0.003828	0.003828	0.003828	0.003828	0.003828	0.003828	0.003828	0.003828	0.003828	0.003828	0.003828	0.003828	0.003828	0.003828	0.003828	0.003828	0.003828	0.003828	0.003828	0.003828	0.003828	0.003828	0.003828	0.003828	0.003828	0.003828	0.003828	0.003828	0.003828	0.003828	0.003828	0.003828	0.003828	0.003828	0.003828	0.003828	0.003828	0.003828	0.003828	0.003828	0.003828	0.003828	0.003828	0.003828	0.003828	0.003828	0.003828	0.003828	0.003828	0.003828	0.003828	0.003828	0.003828	0.003828	0.003828	0.003828	0.003828	0.003828	0.003828	0.003828	0.003828	0.003828	0.003828	0.003828	0.003828	0.003828	0.003828	0.003828	0.003828	0.003828	0.003828	0.003828	0.003828	0.003828	0.003828	0.003828	0.003828	0.003828	0.003828	0.003828	0.003828	0.003828	0.003828	0.003828	0.003828	0.003828	0.003828	0.003828	0.003828	0.003828	0.003828	0.003828	0.003828	0.003828	0.003828	0.003828	0.003828	0.003828	0.003828	0.003828	0.003828	0.003828	0.003828	0.003828	0.003828	0.003828	0.003828	0.003828	0.003828	0.003828	0.003828	0.003828	0.003828	0.003828	0.003828	0.003828	0.003828	0.003828	0.003828	0.003828	0.003828	0.003828	0.003828	0.003828	0.003828	0.003828	0.003828	0.003828	0.003828	0.003828	0.003828	0.003828	0.003828	0.003828	0.003828	0.003828	0.003828	0.003828	0.003828	0.003828	0.003828	0.003828	0.003828	0.003828	0.003828	0.003828	0.003828	0.003828	0.003828	0.003828	0.003828	0.003828	0.003828	0.003828	0.003828	0.003828	0.003828	0.003828
Farming			0	0	0	0	0	0	0	0	0	0	0	0	0	0	0	0	0	0	0	0	0	0	0	0	0	0	0	0	0	0	0	0	0	0	0	0	0	0	0	0	0	0	0	0	0	0	0	0	0	0	0	0	0	0	0	0	0	0	0	0	0	0	0	0	0	0	0	0	0	0	0	0	0	0	0	0	0	0	0	0	0	0	0	0	0	0	0	0	0	0	0	0	0	0	0	0	0	0	0	0	0	0	0	0	0	0	0	0	0	0	0	0	0	0	0	0	0	0	0	0	0	0	0	0	0	0	0	0	0	0	0	0	0	0	0	0	0	0	0	0	0	0	0	0	0	0	0	0	0	0	0	0	0	0	0	0	0	0	0	0	0	0	0	0	0	0	0	0.003828	0.003828	0.003828	0.003828	0.003828	0.003828	0.003828	0.003828	0.003828	0.003828	0.003828	0.003828	0.003828	0.003828	0.003828	0.003828	0.003828	0.003828	0.003828	0.003828	0.003828	0.003828	0.003828	0.003828	0.003828	0.003828	0.003828	0.003828	0.003828	0.003828	0.003828	0.003828	0.003828	0.003828	0.003828	0.003828	0.003828	0.003828	0.003828	0.003828	0.003828	0.003828	0.003828	0.003828	0.003828	0.003828	0.003828	0.003828	0.003828	0.003828	0.003828	0.003828	0.003828	0.003828	0.003828	0.003828	0.003828	0.003828	0.003828	0.003828	0.003828	0.003828	0.003828	0.003828	0.003828	0.003828	0.003828	0.003828	0.003828	0.003828	0.003828	0.003828	0.003828	0.003828	0.003828	0.003828	0.003828	0.003828	0.003828	0.003828	0.003828	0.003828	0.003828	0.003828	0.003828	0.003828	0.003828	0.003828	0.003828	0.003828	0.003828	0.003828	0.003828	0.003828	0.003828	0.003828	0.003828	0.003828	0.003828	0.003828	0.003828	0.003828	0.003828	0.003828	0.003828	0.003828	0.003828	0.003828	0.003828	0.003828	0.003828	0.003828	0.003828	0.003828	0.003828	0.003828	0.003828	0.003828	0.003828	0.003828	0.003828	0.003828	0.003828	0.003828	0.003828	0.003828	0.003828	0.003828	0.003828	0.003828	0.003828	0.003828	0.003828	0.003828	0.003828	0.003828	0.003828	0.003828	0.003828	0.003828	0.003828	0.003828	0.003828	0.003828	0.003828	0.003828	0.003828	0.003828	0.003828	0.003828	0.003828	0.003828	0.003828	0.003828	0.003828	0.003828	0.003828	0.003828	0.003828	0.003828	0.003828	0.003828	0.003828	0.003828	0.003828	0.003828	0.003828	0.003828	0.003828	0.003828	0.003828	0.003828	0.003828	0.003828	0.003828	0.003828	0.003828	0.003828	0.003828	0.003828	0.003828	0.003828	0.003828	0.003828	0.003828	0.003828	0.003828	0.003828	0.003828	0.003828	0.003828	0.003828	0.003828	0.003828	0.003828	0.003828	0.003828	0.003828
Cloud Infrastructure			0	0	0	0.000084	0.000084	0.000084	0.000084	0.000084	0.000084	0.000084	0.000084	0.000084	0.000084	0.000084	0.000084	0.000084	0.000084	0.000084	0.000084	0.000084	0.000084	0.000084	0.001758	0.001758	0.001758	0.001758	0.001758	0.001758	0.001758	0.001758	0.001758	0.001758	0.001758	0.001758	0.001758	0.001758	0.001758	0.001758	0.001758	0.001758	0.001758	0.001758	0.001758	0.001758	0.001758	0.001758	0.001758	0.001758	0.001758	0.001758	0.001758	0.001758	0.001758	0.001758	0.001758	0.001758	0.001758	0.001758	0.001758	0.001758	0.001758	0.001758	0.001758	0.001758	0.001758	0.001758	0.001758	0.001758	0.001758	0.001758	0.001758	0.001758	0.001758	0.001758	0.001758	0.001758	0.001758	0.001758	0.001758	0.001758	0.001758	0.001758	0.001758	0.001758	0.001758	0.001758	0.001758	0.001758	0.001758	0.001758	0.003366	0.003366	0.003366	0.003366	0.003366	0.003366	0.003366	0.003366	0.003366	0.003366	0.003366	0.003366	0.003366	0.003366	0.003366	0.003366	0.003366	0.003366	0.003366	0.003366	0.003366	0.003366	0.003366	0.003366	0.003366	0.003366	0.003366	0.003366	0.003366	0.003366	0.003366	0.003366	0.003366	0.003366	0.003366	0.003366	0.003366	0.003366	0.003366	0.003366	0.003366	0.003366	0.003366	0.003366	0.003366	0.003366	0.003366	0.003366	0.003366	0.003366	0.003366	0.003366	0.003366	0.003366	0.003366	0.003366	0.003366	0.003366	0.003366	0.003366	0.003366	0.003366	0.003366	0.003366	0.003366	0.003366	0.003366	0.003366	0.003366	0.003366	0.003366	0.003645	0.003645	0.003645	0.003645	0.003645	0.003645	0.003645	0.003645	0.003645	0.003645	0.003645	0.003645	0.003645	0.003645	0.003645	0.003645	0.003645	0.003645	0.003645	0.003645	0.003645	0.003645	0.003645	0.003645	0.003645	0.003645	0.003645	0.003645	0.003645	0.003645	0.003645	0.003645	0.003645	0.003645	0.003645	0.003645	0.003645	0.003645	0.003645	0.003645	0.003645	0.003645	0.003645	0.003645	0.003645	0.003645	0.003645	0.003645	0.003645	0.003645	0.003645	0.003645	0.003645	0.003645	0.003645	0.003645	0.003645	0.003645	0.003645	0.003645	0.003645	0.003645	0.003645	0.003645	0.003645	0.003645	0.003645	0.003645	0.003645	0.003645	0.003645	0.003645	0.003645	0.003645	0.003645	0.003645	0.003645	0.003645	0.003645	0.003645	0.003645	0.003645	0.003645	0.003645	0.003645	0.003645	0.003645	0.003645	0.003645	0.003645	0.003645	0.003645	0.003645	0.003645	0.003645	0.003645	0.003645	0.003645	0.003645	0.003645	0.003645	0.003645	0.003645	0.003645	0.003645	0.003645	0.003645	0.003645	0.003645	0.003645	0.003645	0.003645	0.003645	0.003645	0.003645	0.003645	0.003645	0.003645	0.003645	0.003645	0.003645	0.003645	0.003645	0.003645	0.003645	0.003645	0.003645	0.003645	0.003645	0.003645	0.003645	0.003645	0.003645	0.003645	0.003645	0.003645	0.003645	0.003645	0.003645	0.003645	0.003645	0.003645	0.003645	0.003645	0.003645	0.003645	0.003645	0.003645	0.003645	0.003645	0.003645	0.003645	0.003645	0.003645	0.003645	0.003645	0.003645	0.003645	0.003645	0.003645	0.003645	0.003645	0.003645	0.003645	0.003645	0.003645	0.003645	0.003645	0.003645	0.003645	0.003645	0.003645	0.003645	0.003645	0.003645	0.003645	0.003645	0.003645	0.003645	0.003645	0.003645	0.003645	0.003645	0.003645	0.003645	0.003645	0.003645	0.003645	0.003645	0.003645	0.003645	0.003645	0.003645	0.003645	0.003645	0.003645	0.003645	0.003645	0.003645	0.003645	0.003645	0.003645	0.003645	0.003645
Staffing Agency			0	0	0	0	0	0	0	0	0	0	0	0	0	0	0	0	0	0	0	0	0	0	0	0	0	0	0	0	0	0	0	0	0	0	0	0	0	0	0	0	0	0	0	0	0	0	0	0	0	0	0	0	0	0	0	0	0	0	0	0	0	0	0	0	0	0	0	0	0	0	0	0	0	0	0	0	0	0	0	0	0	0	0	0	0	0	0	0	0	0	0	0	0	0	0	0	0	0	0	0	0	0	0	0	0	0	0	0	0	0	0	0	0	0	0	0	0	0	0	0	0	0	0	0	0	0	0	0	0	0	0	0	0	0	0	0	0	0	0	0	0	0	0	0	0	0	0	0	0	0	0	0	0	0	0	0	0	0	0	0	0	0	0	0	0	0	0	0	0	0	0	0	0	0	0	0	0	0	0	0	0	0	0	0	0	0	0	0	0	0	0	0	0	0	0	0	0	0	0	0	0	0	0	0	0	0.00352	0.00352	0.00352	0.00352	0.00352	0.00352	0.00352	0.00352	0.00352	0.00352	0.00352	0.00352	0.00352	0.00352	0.00352	0.00352	0.00352	0.00352	0.00352	0.00352	0.00352	0.00352	0.00352	0.00352	0.00352	0.00352	0.00352	0.00352	0.00352	0.00352	0.00352	0.00352	0.00352	0.00352	0.00352	0.00352	0.00352	0.00352	0.00352	0.00352	0.00352	0.00352	0.00352	0.00352	0.00352	0.00352	0.00352	0.00352	0.00352	0.00352	0.00352	0.00352	0.00352	0.00352	0.00352	0.00352	0.00352	0.00352	0.00352	0.00352	0.00352	0.00352	0.00352	0.00352	0.00352	0.00352	0.00352	0.00352	0.00352	0.00352	0.00352	0.00352	0.00352	0.00352	0.00352	0.00352	0.00352	0.00352	0.00352	0.00352	0.00352	0.00352	0.00352	0.00352	0.00352	0.00352	0.00352	0.00352	0.00352	0.00352	0.00352	0.00352	0.00352	0.00352	0.00352	0.00352	0.00352	0.00352	0.00352	0.00352	0.00352	0.00352	0.00352	0.00352	0.00352	0.00352	0.00352	0.00352	0.00352	0.00352	0.00352	0.00352	0.00352	0.00352	0.00352	0.00352	0.00352	0.00352	0.00352	0.00352	0.00352	0.00352	0.00352	0.00352	0.00352	0.00352	0.00352	0.00352	0.00352	0.00352	0.00352	0.00352	0.00352	0.00352	0.00352	0.00352	0.00352	0.00352	0.00352	0.00352	0.00352	0.00352	0.00352	0.00352	0.00352	0.00352	0.00352	0.00352	0.00352	0.00352	0.00352	0.00352	0.00352	0.00352	0.00352	0.00352	0.00352	0.00352	0.00352	0.00352
College Recruiting			0	0	0	0	0	0	0	0	0	0	0	0	0	0	0	0	0	0	0	0	0	0	0	0	0	0	0	0	0	0	0	0	0	0	0	0	0	0	0	0	0	0	0	0	0	0	0	0	0	0	0	0	0	0	0	0	0	0	0	0	0	0	0	0	0	0	0	0	0	0	0	0	0	0	0	0	0	0	0	0	0	0	0	0	0	0	0	0	0	0	0	0	0	0	0	0	0	0	0	0	0	0	0	0	0	0	0	0	0	0	0	0	0	0	0	0	0	0	0	0	0	0	0	0	0	0	0	0	0	0	0	0	0	0	0	0	0	0	0	0.003372	0.003372	0.003372	0.003372	0.003372	0.003372	0.003372	0.003372	0.003372	0.003372	0.003372	0.003372	0.003372	0.003372	0.003372	0.003372	0.003372	0.003372	0.003372	0.003372	0.003372	0.003372	0.003372	0.003372	0.003372	0.003372	0.003372	0.003372	0.003372	0.003372	0.003372	0.003372	0.003372	0.003372	0.003372	0.003372	0.003372	0.003372	0.003372	0.003372	0.003372	0.003372	0.003372	0.003372	0.003372	0.003372	0.003372	0.003372	0.003372	0.003372	0.003372	0.003372	0.003372	0.003372	0.003372	0.003372	0.003372	0.003372	0.003372	0.003372	0.003372	0.003372	0.003372	0.003372	0.003372	0.003372	0.003372	0.003372	0.003372	0.003372	0.003372	0.003372	0.003372	0.003372	0.003372	0.003372	0.003372	0.003372	0.003372	0.003372	0.003372	0.003372	0.003372	0.003372	0.003372	0.003372	0.003372	0.003372	0.003372	0.003372	0.003372	0.003372	0.003372	0.003372	0.003372	0.003372	0.003372	0.003372	0.003372	0.003372	0.003372	0.003372	0.003372	0.003372	0.003372	0.003372	0.003372	0.003372	0.003372	0.003372	0.003372	0.003372	0.003372	0.003372	0.003372	0.003372	0.003372	0.003372	0.003372	0.003372	0.003372	0.003372	0.003372	0.003372	0.003372	0.003372	0.003372	0.003372	0.003372	0.003372	0.003372	0.003372	0.003372	0.003372	0.003372	0.003372	0.003372	0.003372	0.003372	0.003372	0.003372	0.003372	0.003372	0.003372	0.003372	0.003372	0.003372	0.003372	0.003372	0.003372	0.003372	0.003372	0.003372	0.003372	0.003372	0.003372	0.003372	0.003372	0.003372	0.003372	0.003372	0.003372	0.003372	0.003372	0.003372	0.003372	0.003372	0.003372	0.003372	0.003372	0.003372	0.003372	0.003372	0.003372	0.003372	0.003372	0.003372	0.003372	0.003372	0.003372	0.003372	0.003372	0.003372	0.003372	0.003372	0.003372	0.003372	0.003372	0.003372	0.003372	0.003372	0.003372	0.003372	0.003372	0.003372	0.003372	0.003372	0.003372	0.003372	0.003372	0.003372	0.003372	0.003372	0.003372	0.003372	0.003372	0.003372	0.003372	0.003372	0.003372	0.003372	0.003372	0.003372	0.003372	0.003372	0.003372	0.003372	0.003372	0.003372	0.003372	0.003372	0.003372	0.003372	0.003372	0.003372	0.003372
Augmented Reality			0	0	0	0	0	0	0	0	0	0	0	0	0	0	0	0	0	0	0	0	0.003349	0.003349	0.003349	0.003349	0.003349	0.003349	0.003349	0.003349	0.003349	0.003349	0.003349	0.003349	0.003349	0.003349	0.003349	0.003349	0.003349	0.003349	0.003349	0.003349	0.003349	0.003349	0.003349	0.003349	0.003349	0.003349	0.003349	0.003349	0.003349	0.003349	0.003349	0.003349	0.003349	0.003349	0.003349	0.003349	0.003349	0.003349	0.003349	0.003349	0.003349	0.003349	0.003349	0.003349	0.003349	0.003349	0.003349	0.003349	0.003349	0.003349	0.003349	0.003349	0.003349	0.003349	0.003349	0.003349	0.003349	0.003349	0.003349	0.003349	0.003349	0.003349	0.003349	0.003349	0.003349	0.003349	0.003349	0.003349	0.003349	0.003349	0.003349	0.003349	0.003349	0.003349	0.003349	0.003349	0.003349	0.003349	0.003349	0.003349	0.003349	0.003349	0.003349	0.003349	0.003349	0.003349	0.003349	0.003349	0.003349	0.003349	0.003349	0.003349	0.003349	0.003349	0.003349	0.003349	0.003349	0.003349	0.003349	0.003349	0.003349	0.003349	0.003349	0.003349	0.003349	0.003349	0.003349	0.003349	0.003349	0.003349	0.003349	0.003349	0.003349	0.003349	0.003349	0.003349	0.003349	0.003349	0.003349	0.003349	0.003349	0.003349	0.003349	0.003349	0.003349	0.003349	0.003349	0.003349	0.003349	0.003349	0.003349	0.003349	0.003349	0.003349	0.003349	0.003349	0.003349	0.003349	0.003349	0.003349	0.003349	0.003349	0.003349	0.003349	0.003349	0.003349	0.003349	0.003349	0.003349	0.003349	0.003349	0.003349	0.003349	0.003349	0.003349	0.003349	0.003349	0.003349	0.003349	0.003349	0.003349	0.003349	0.003349	0.003349	0.003349	0.003349	0.003349	0.003349	0.003349	0.003349	0.003349	0.003349	0.003349	0.003349	0.003349	0.003349	0.003349	0.003349	0.003349	0.003349	0.003349	0.003349	0.003349	0.003349	0.003349	0.003349	0.003349	0.003349	0.003349	0.003349	0.003349	0.003349	0.003349	0.003349	0.003349	0.003349	0.003349	0.003349	0.003349	0.003349	0.003349	0.003349	0.003349	0.003349	0.003349	0.003349	0.003349	0.003349	0.003349	0.003349	0.003349	0.003349	0.003349	0.003349	0.003349	0.003349	0.003349	0.003349	0.003349	0.003349	0.003349	0.003349	0.003349	0.003349	0.003349	0.003349	0.003349	0.003349	0.003349	0.003349	0.003349	0.003349	0.003349	0.003349	0.003349	0.003349	0.003349	0.003349	0.003349	0.003349	0.003349	0.003349	0.003349	0.003349	0.003349	0.003349	0.003349	0.003349	0.003349	0.003349	0.003349	0.003349	0.003349	0.003349	0.003349	0.003349	0.003349	0.003349	0.003349	0.003349	0.003349	0.003349	0.003349	0.003349	0.003349	0.003349	0.003349	0.003349	0.003349	0.003349	0.003349	0.003349	0.003349	0.003349	0.003349	0.003349	0.003349	0.003349	0.003349	0.003349	0.003349	0.003349	0.003349	0.003349	0.003349	0.003349	0.003349	0.003349	0.003349	0.003349	0.003349	0.003349	0.003349	0.003349	0.003349	0.003349	0.003349	0.003349	0.003349	0.003349	0.003349	0.003349	0.003349	0.003349	0.003349	0.003349	0.003349	0.003349	0.003349	0.003349	0.003349	0.003349	0.003349	0.003349	0.003349	0.003349	0.003349	0.003349	0.003349	0.003349	0.003349	0.003349	0.003349	0.003349	0.003349	0.003349	0.003349	0.003349	0.003349	0.003349	0.003349	0.003349	0.003349	0.003349	0.003349	0.003349	0.003349	0.003349	0.003349	0.003349	0.003349	0.003349	0.003349	0.003349	0.003349
Enterprise Applications			0	0	0	0	0	0	0	0	0	0	0	0	0	0	0	0	0	0	0	0	0	0	0	0	0	0	0	0	0	0	0	0	0	0	0	0	0	0	0	0	0	0	0	0	0	0	0	0	0	0	0	0	0	0	0	0	0	0	0	0	0	0	0	0	0	0	0	0	0	0	0	0	0	0	0	0	0	0	0	0	0	0	0	0	0	0	0	0	0	0	0	0	0	0	0	0	0	0	0	0	0	0	0	0	0	0	0	0	0	0	0	0	0	0	0	0	0	0	0	0	0	0	0	0	0	0	0	0	0	0	0	0	0	0	0	0	0	0	0	0	0	0	0	0	0	0	0	0	0	0	0	0	0	0	0	0	0	0	0	0	0	0	0	0	0	0	0	0	0	0	0	0	0	0	0	0	0	0	0	0	0	0	0	0	0	0	0	0	0	0	0	0	0	0	0	0	0	0	0	0	0	0	0	0	0	0	0	0	0	0.003349	0.003349	0.003349	0.003349	0.003349	0.003349	0.003349	0.003349	0.003349	0.003349	0.003349	0.003349	0.003349	0.003349	0.003349	0.003349	0.003349	0.003349	0.003349	0.003349	0.003349	0.003349	0.003349	0.003349	0.003349	0.003349	0.003349	0.003349	0.003349	0.003349	0.003349	0.003349	0.003349	0.003349	0.003349	0.003349	0.003349	0.003349	0.003349	0.003349	0.003349	0.003349	0.003349	0.003349	0.003349	0.003349	0.003349	0.003349	0.003349	0.003349	0.003349	0.003349	0.003349	0.003349	0.003349	0.003349	0.003349	0.003349	0.003349	0.003349	0.003349	0.003349	0.003349	0.003349	0.003349	0.003349	0.003349	0.003349	0.003349	0.003349	0.003349	0.003349	0.003349	0.003349	0.003349	0.003349	0.003349	0.003349	0.003349	0.003349	0.003349	0.003349	0.003349	0.003349	0.003349	0.003349	0.003349	0.003349	0.003349	0.003349	0.003349	0.003349	0.003349	0.003349	0.003349	0.003349	0.003349	0.003349	0.003349	0.003349	0.003349	0.003349	0.003349	0.003349	0.003349	0.003349	0.003349	0.003349	0.003349	0.003349	0.003349	0.003349	0.003349	0.003349	0.003349	0.003349	0.003349	0.003349	0.003349	0.003349	0.003349	0.003349	0.003349	0.003349	0.003349	0.003349	0.003349	0.003349	0.003349	0.003349	0.003349	0.003349	0.003349	0.003349	0.003349	0.003349	0.003349	0.003349	0.003349	0.003349	0.003349	0.003349	0.003349	0.003349	0.003349	0.003349	0.003349	0.003349	0.003349	0.003349	0.003349	0.003349	0.003349	0.003349	0.003349	0.003349
Scheduling			0	0	0	0	0	0	0	0	0	0	0	0	0	0	0	0	0	0	0	0	0	0	0	0	0	0	0	0	0	0	0	0	0	0	0	0	0	0	0	0	0	0	0	0	0	0	0	0	0	0	0	0	0	0	0	0	0	0	0	0	0	0	0	0	0	0	0	0	0	0	0	0	0	0	0	0	0	0	0	0	0	0	0	0	0	0	0	0	0	0	0	0	0	0	0	0	0	0	0	0	0	0	0	0	0	0.003349	0.003349	0.003349	0.003349	0.003349	0.003349	0.003349	0.003349	0.003349	0.003349	0.003349	0.003349	0.003349	0.003349	0.003349	0.003349	0.003349	0.003349	0.003349	0.003349	0.003349	0.003349	0.003349	0.003349	0.003349	0.003349	0.003349	0.003349	0.003349	0.003349	0.003349	0.003349	0.003349	0.003349	0.003349	0.003349	0.003349	0.003349	0.003349	0.003349	0.003349	0.003349	0.003349	0.003349	0.003349	0.003349	0.003349	0.003349	0.003349	0.003349	0.003349	0.003349	0.003349	0.003349	0.003349	0.003349	0.003349	0.003349	0.003349	0.003349	0.003349	0.003349	0.003349	0.003349	0.003349	0.003349	0.003349	0.003349	0.003349	0.003349	0.003349	0.003349	0.003349	0.003349	0.003349	0.003349	0.003349	0.003349	0.003349	0.003349	0.003349	0.003349	0.003349	0.003349	0.003349	0.003349	0.003349	0.003349	0.003349	0.003349	0.003349	0.003349	0.003349	0.003349	0.003349	0.003349	0.003349	0.003349	0.003349	0.003349	0.003349	0.003349	0.003349	0.003349	0.003349	0.003349	0.003349	0.003349	0.003349	0.003349	0.003349	0.003349	0.003349	0.003349	0.003349	0.003349	0.003349	0.003349	0.003349	0.003349	0.003349	0.003349	0.003349	0.003349	0.003349	0.003349	0.003349	0.003349	0.003349	0.003349	0.003349	0.003349	0.003349	0.003349	0.003349	0.003349	0.003349	0.003349	0.003349	0.003349	0.003349	0.003349	0.003349	0.003349	0.003349	0.003349	0.003349	0.003349	0.003349	0.003349	0.003349	0.003349	0.003349	0.003349	0.003349	0.003349	0.003349	0.003349	0.003349	0.003349	0.003349	0.003349	0.003349	0.003349	0.003349	0.003349	0.003349	0.003349	0.003349	0.003349	0.003349	0.003349	0.003349	0.003349	0.003349	0.003349	0.003349	0.003349	0.003349	0.003349	0.003349	0.003349	0.003349	0.003349	0.003349	0.003349	0.003349	0.003349	0.003349	0.003349	0.003349	0.003349	0.003349	0.003349	0.003349	0.003349	0.003349	0.003349	0.003349	0.003349	0.003349	0.003349	0.003349	0.003349	0.003349	0.003349	0.003349	0.003349	0.003349	0.003349	0.003349	0.003349	0.003349	0.003349	0.003349	0.003349	0.003349	0.003349	0.003349	0.003349	0.003349	0.003349	0.003349	0.003349	0.003349	0.003349	0.003349	0.003349	0.003349	0.003349	0.003349	0.003349	0.003349	0.003349	0.003349	0.003349	0.003349	0.003349	0.003349	0.003349	0.003349	0.003349	0.003349	0.003349	0.003349	0.003349	0.003349	0.003349	0.003349	0.003349	0.003349	0.003349	0.003349	0.003349	0.003349	0.003349	0.003349	0.003349	0.003349	0.003349
Cloud Management			0	0	0	0	0	0	0	0	0	0	0	0	0	0	0	0	0	0	0	0	0	0	0	0	0	0	0	0	0	0	0	0	0	0	0	0	0	0	0	0	0	0	0	0	0	0	0	0	0	0	0	0	0	0	0	0	0	0	0	0	0	0	0	0	0	0	0	0	0	0	0	0	0	0	0	0	0	0	0	0	0	0	0	0	0	0	0	0	0	0	0	0	0	0	0	0	0	0	0	0	0	0	0	0	0	0	0	0	0	0	0	0	0	0	0	0	0	0	0	0	0	0	0	0	0	0	0	0	0	0	0	0	0	0	0	0	0	0	0	0	0	0	0	0	0	0	0	0.003014	0.003014	0.003014	0.003014	0.003014	0.003014	0.003014	0.003014	0.003014	0.003014	0.003014	0.003014	0.003014	0.003014	0.003014	0.003014	0.003014	0.003014	0.003014	0.003014	0.003014	0.003014	0.003014	0.003014	0.003014	0.003014	0.003014	0.003014	0.003014	0.003014	0.003014	0.003014	0.003014	0.003014	0.003014	0.003014	0.003014	0.003014	0.003014	0.003014	0.003014	0.003014	0.003014	0.003014	0.003014	0.003014	0.003014	0.003014	0.003014	0.003014	0.003014	0.003014	0.003014	0.003014	0.003014	0.003014	0.003014	0.003014	0.003014	0.003014	0.003014	0.003014	0.003014	0.003014	0.003014	0.003014	0.003014	0.003014	0.003014	0.003014	0.003014	0.003014	0.003014	0.003014	0.003014	0.003014	0.003014	0.003014	0.003014	0.003014	0.003014	0.003014	0.003014	0.003014	0.003014	0.003014	0.003014	0.003014	0.003014	0.003014	0.003014	0.003014	0.003014	0.003014	0.003014	0.003014	0.003014	0.003014	0.003014	0.003014	0.003014	0.003014	0.003014	0.003014	0.003014	0.003014	0.003014	0.003014	0.003014	0.003014	0.003014	0.003014	0.003014	0.003014	0.003014	0.003014	0.003014	0.003014	0.003014	0.003014	0.003014	0.003014	0.003014	0.003014	0.003014	0.003014	0.003014	0.003014	0.003014	0.003014	0.003014	0.003014	0.003014	0.003014	0.003014	0.003014	0.003014	0.003014	0.003014	0.003014	0.003014	0.003014	0.003014	0.003014	0.003014	0.003014	0.003014	0.003014	0.003014	0.003014	0.003014	0.003014	0.003014	0.003014	0.003014	0.003014	0.003014	0.003014	0.003014	0.003014	0.003014	0.003014	0.003014	0.003014	0.003014	0.003014	0.003014	0.003014	0.003014	0.003014	0.003014	0.003014	0.003014	0.003014	0.003014	0.003014	0.003014	0.003014	0.003014	0.003014	0.003014	0.003014	0.003014	0.003014	0.003014	0.003014	0.003014	0.003014	0.003014	0.003014	0.003014	0.003014	0.003014	0.003014	0.003014	0.003014	0.003014	0.003014	0.003014	0.003014	0.003014	0.003014	0.003014	0.003014	0.003014	0.003014	0.003014	0.003014	0.003014	0.003014	0.003014	0.003014	0.003014	0.003014	0.003014	0.003014	0.003014	0.003014
Gaming			0	0	0	0	0	0	0	0	0	0	0	0	0	0	0	0	0	0	0	0	0	0	0	0	0	0	0	0	0	0	0	0	0	0	0	0	0	0	0	0	0	0	0	0	0	0	0	0	0	0	0	0	0	0	0	0	0	0	0	0	0	0	0	0	0	0	0	0	0	0	0	0	0	0	0	0	0	0	0	0	0	0	0	0	0	0	0	0	0	0	0	0	0	0	0	0	0	0	0	0	0	0	0	0	0	0	0.000335	0.000335	0.000335	0.000335	0.000335	0.000335	0.000335	0.000335	0.000335	0.000335	0.000335	0.000335	0.000335	0.000335	0.000335	0.000335	0.000335	0.000335	0.000335	0.000335	0.000335	0.000335	0.000335	0.000335	0.000335	0.000335	0.000335	0.000335	0.000335	0.000335	0.000335	0.000335	0.000335	0.000335	0.000335	0.000335	0.000335	0.000335	0.000335	0.000335	0.000335	0.000335	0.000335	0.000335	0.000335	0.000335	0.000335	0.000335	0.000335	0.000335	0.000335	0.000335	0.000335	0.000335	0.000335	0.000335	0.000335	0.000335	0.000335	0.000335	0.000335	0.000335	0.000335	0.000335	0.000335	0.000335	0.000335	0.000335	0.000335	0.000335	0.000335	0.000335	0.000335	0.000335	0.000335	0.000335	0.000335	0.000335	0.000335	0.000335	0.000335	0.000335	0.000335	0.000335	0.000335	0.000335	0.000335	0.000335	0.000335	0.000335	0.000335	0.000335	0.000335	0.000335	0.000335	0.000335	0.000335	0.000335	0.000335	0.000335	0.000335	0.000335	0.000335	0.000335	0.000335	0.000335	0.000335	0.000335	0.000335	0.000335	0.000335	0.000335	0.000335	0.000335	0.000335	0.000335	0.000335	0.000335	0.000335	0.000335	0.000335	0.000335	0.000335	0.000335	0.000335	0.000335	0.000335	0.000335	0.000335	0.000335	0.000335	0.000335	0.000335	0.000335	0.000335	0.000335	0.000335	0.000335	0.000335	0.000335	0.000335	0.000335	0.000335	0.000335	0.000335	0.000335	0.000335	0.000335	0.000335	0.000335	0.000335	0.000335	0.000335	0.000335	0.000335	0.000335	0.000335	0.000335	0.000335	0.000335	0.000335	0.000335	0.000335	0.000335	0.000335	0.000335	0.000335	0.000335	0.000335	0.000335	0.000335	0.000335	0.000335	0.000335	0.000335	0.000335	0.000335	0.000335	0.000335	0.000335	0.000335	0.000335	0.000335	0.000335	0.000335	0.000335	0.000335	0.000335	0.000335	0.000335	0.000335	0.000335	0.000335	0.000335	0.000335	0.000335	0.000335	0.000335	0.000335	0.000335	0.000335	0.000335	0.000335	0.000335	0.000335	0.000335	0.000335	0.000335	0.000335	0.000335	0.000335	0.000335	0.000335	0.000335	0.000335	0.000335	0.000335	0.000335	0.000335	0.000335	0.000335	0.000335	0.000335	0.000335	0.000335	0.000335	0.000335	0.000335	0.000335	0.000335	0.000335	0.000335	0.000335	0.000335	0.000335	0.000335	0.000335	0.000335	0.000335	0.000335	0.000335	0.000335	0.00288	0.00288	0.00288	0.00288	0.00288	0.00288	0.00288	0.00288	0.00288	0.00288	0.00288	0.00288	0.00288	0.00288	0.00288	0.00288	0.00288
Fraud Detection			0	0	0	0	0	0	0	0	0	0	0	0	0	0	0	0	0	0	0	0	0	0	0	0	0	0	0	0	0	0	0	0	0	0	0	0	0	0	0	0	0	0	0	0	0	0	0	0	0	0	0	0	0	0	0	0	0	0	0	0	0	0	0	0	0	0	0	0	0	0	0	0	0	0	0	0	0	0	0	0	0	0	0	0	0	0.0024	0.0024	0.0024	0.0024	0.0024	0.0024	0.0024	0.002472	0.002472	0.002472	0.002472	0.002472	0.002472	0.002472	0.002472	0.002472	0.002472	0.002472	0.002472	0.002472	0.002472	0.002472	0.002472	0.002472	0.002472	0.002472	0.002472	0.002472	0.002472	0.002472	0.002472	0.002472	0.002472	0.002472	0.002472	0.002472	0.002472	0.002472	0.002472	0.002472	0.002472	0.002472	0.002472	0.002472	0.002472	0.002472	0.002472	0.002472	0.002472	0.002472	0.002472	0.002472	0.002472	0.002472	0.002472	0.002472	0.002472	0.002472	0.002472	0.002472	0.002472	0.002472	0.002472	0.002472	0.002472	0.002472	0.002472	0.002472	0.002472	0.002472	0.002472	0.002472	0.002472	0.002472	0.002472	0.002472	0.002472	0.002472	0.002472	0.002472	0.002472	0.002472	0.002472	0.002472	0.002472	0.002472	0.002472	0.002472	0.002472	0.002472	0.002472	0.002472	0.002472	0.002472	0.002472	0.002472	0.002472	0.002472	0.002472	0.002472	0.002472	0.002472	0.002472	0.002472	0.002472	0.002472	0.002472	0.002472	0.002472	0.002472	0.002472	0.002472	0.002472	0.002472	0.002472	0.002472	0.002472	0.002472	0.002472	0.002472	0.002472	0.002472	0.002472	0.002472	0.002472	0.002472	0.002472	0.002472	0.002472	0.002472	0.002472	0.002472	0.002472	0.002472	0.002472	0.002472	0.002472	0.002472	0.002472	0.002472	0.002472	0.002472	0.002472	0.002472	0.002472	0.002472	0.002472	0.002472	0.002472	0.002472	0.002472	0.002472	0.002472	0.002472	0.002472	0.002472	0.002472	0.002472	0.002472	0.002472	0.002472	0.002472	0.002472	0.002472	0.002472	0.002472	0.002472	0.002472	0.002472	0.002472	0.002472	0.002472	0.002472	0.002472	0.002472	0.002472	0.002472	0.002472	0.002472	0.002472	0.002472	0.002472	0.002472	0.002472	0.002472	0.002472	0.002472	0.002472	0.002472	0.002472	0.002472	0.002472	0.002472	0.002472	0.002472	0.002472	0.002472	0.002472	0.002472	0.002472	0.002472	0.002472	0.002472	0.002472	0.002472	0.002472	0.002472	0.002472	0.002472	0.002472	0.002472	0.002472	0.002472	0.002472	0.002472	0.002472	0.002472	0.002472	0.002472	0.002472	0.002472	0.002472	0.002472	0.002472	0.002472	0.002472	0.002472	0.002472	0.002472	0.002472	0.002472	0.002472	0.002472	0.002472	0.002472	0.002472	0.002472	0.002472	0.002472	0.002472	0.002472	0.002472	0.002472	0.002472	0.002472	0.002472	0.002472	0.002472	0.002472	0.002472	0.002472	0.002472	0.002472	0.002472	0.002472	0.002472	0.002472	0.002472	0.002472	0.002472	0.002472	0.002472	0.002472	0.002472	0.002472	0.002472	0.002472	0.002472	0.002472	0.002472	0.002472	0.002472	0.002472	0.002472	0.002472	0.002472	0.002472	0.002472	0.002472	0.002472
Shipping			0	0	0	0	0	0	0	0	0	0	0	0	0	0	0	0	0	0	0	0	0	0	0	0	0	0	0	0	0	0	0	0	0	0	0	0	0	0.000558	0.000558	0.000558	0.000558	0.000558	0.000558	0.000558	0.000558	0.000558	0.000558	0.000558	0.000558	0.000558	0.000558	0.000558	0.000558	0.000558	0.000558	0.000558	0.000558	0.000558	0.000558	0.000558	0.000558	0.000558	0.000558	0.000558	0.000558	0.000558	0.000558	0.000558	0.000558	0.000558	0.000558	0.000558	0.000558	0.000558	0.000558	0.000558	0.000558	0.000558	0.000558	0.000558	0.000558	0.000558	0.000558	0.000558	0.000558	0.000558	0.000558	0.000558	0.000558	0.000558	0.000558	0.000558	0.000558	0.000558	0.000558	0.000558	0.000558	0.000558	0.000558	0.000558	0.000558	0.000558	0.000558	0.000558	0.000558	0.000558	0.000558	0.000558	0.000558	0.000558	0.000558	0.000558	0.000558	0.000558	0.000558	0.000558	0.000558	0.000558	0.000558	0.000558	0.000558	0.000558	0.000558	0.000558	0.000558	0.000558	0.000558	0.000558	0.000558	0.000558	0.000558	0.000558	0.000558	0.000558	0.000558	0.000558	0.000558	0.000558	0.000558	0.000558	0.000558	0.000558	0.000558	0.000558	0.000558	0.000558	0.000558	0.000558	0.000558	0.000558	0.000558	0.000558	0.000558	0.000558	0.000558	0.000558	0.000558	0.000558	0.000558	0.000558	0.000558	0.000558	0.000558	0.000558	0.000558	0.000558	0.000558	0.000558	0.000558	0.000558	0.000558	0.000558	0.000558	0.000558	0.000558	0.000558	0.000558	0.000558	0.000558	0.000558	0.000558	0.000558	0.000558	0.000558	0.000558	0.000558	0.000558	0.000558	0.000558	0.000558	0.000558	0.000558	0.000558	0.000558	0.000558	0.000558	0.000558	0.000558	0.000558	0.000558	0.000558	0.000558	0.000558	0.000558	0.000558	0.000558	0.000558	0.000558	0.000558	0.000558	0.000558	0.000558	0.000558	0.000558	0.000558	0.000558	0.000558	0.000558	0.000558	0.000558	0.000558	0.000558	0.000558	0.000558	0.000558	0.000558	0.000558	0.000558	0.000558	0.000558	0.000558	0.000558	0.000558	0.002472	0.002472	0.002472	0.002472	0.002472	0.002472	0.002472	0.002472	0.002472	0.002472	0.002472	0.002472	0.002472	0.002472	0.002472	0.002472	0.002472	0.002472	0.002472	0.002472	0.002472	0.002472	0.002472	0.002472	0.002472	0.002472	0.002472	0.002472	0.002472	0.002472	0.002472	0.002472	0.002472	0.002472	0.002472	0.002472	0.002472	0.002472	0.002472	0.002472	0.002472	0.002472	0.002472	0.002472	0.002472	0.002472	0.002472	0.002472	0.002472	0.002472	0.002472	0.002472	0.002472	0.002472	0.002472	0.002472	0.002472	0.002472	0.002472	0.002472	0.002472	0.002472	0.002472	0.002472	0.002472	0.002472	0.002472	0.002472	0.002472	0.002472	0.002472	0.002472	0.002472	0.002472	0.002472	0.002472	0.002472	0.002472	0.002472	0.002472	0.002472	0.002472	0.002472	0.002472	0.002472	0.002472	0.002472	0.002472	0.002472	0.002472	0.002472	0.002472	0.002472	0.002472	0.002472	0.002472	0.002472	0.002472	0.002472	0.002472	0.002472	0.002472	0.002472	0.002472	0.002472	0.002472	0.002472	0.002472	0.002472	0.002472	0.002472	0.002472	0.002472	0.002472	0.002472	0.002472	0.002472	0.002472	0.002472	0.002472	0.002472	0.002472	0.002472	0.002472	0.002472	0.002472	0.002472	0.002472	0.002472	0.002472	0.002472	0.002472
PaaS			0	0	0	0	0	0	0	0	0	0	0	0	0	0	0	0	0	0	0	0	0	0	0	0	0	0	0	0	0	0	0	0	0	0	0	0	0	0	0	0	0	0	0	0	0	0	0	0	0	0	0	0	0	0	0	0	0	0	0	0	0	0	0	0	0	0	0	0	0	0	0	0	0	0	0	0	0	0	0	0	0	0	0	0	0	0	0	0	0	0	0	0	0	0	0	0	0	0	0	0	0	0	0	0	0	0	0	0	0	0	0	0	0	0	0	0	0	0	0	0	0	0	0	0	0	0	0	0	0	0	0	0	0	0	0	0	0	0	0	0	0	0	0	0	0	0	0	0	0	0	0	0	0	0	0	0	0	0	0	0	0	0	0.001866	0.001866	0.001866	0.001866	0.001866	0.001866	0.001866	0.001866	0.001866	0.001866	0.001866	0.001866	0.001866	0.001866	0.001866	0.001866	0.001866	0.001866	0.001866	0.001866	0.001866	0.001866	0.001866	0.001866	0.001866	0.001866	0.001866	0.001866	0.001866	0.001866	0.001866	0.001866	0.001866	0.001866	0.001866	0.001866	0.001866	0.001866	0.001866	0.001866	0.001866	0.001866	0.001866	0.001866	0.001866	0.001866	0.001866	0.001866	0.001866	0.001866	0.001866	0.001866	0.001866	0.001866	0.001866	0.001866	0.001866	0.001866	0.001866	0.001866	0.001866	0.001866	0.001866	0.001866	0.001866	0.001866	0.001866	0.001866	0.001866	0.001866	0.001866	0.001866	0.001866	0.001866	0.001866	0.001866	0.001866	0.001866	0.001866	0.001866	0.001866	0.001866	0.001866	0.001866	0.001866	0.001866	0.001866	0.001866	0.001866	0.002285	0.002285	0.002285	0.002285	0.002285	0.002285	0.002285	0.002285	0.002285	0.002285	0.002285	0.002285	0.002285	0.002285	0.002285	0.002285	0.002285	0.002285	0.002285	0.002285	0.002285	0.002285	0.002285	0.002285	0.002285	0.002285	0.002285	0.002285	0.002285	0.002285	0.002285	0.002285	0.002285	0.002285	0.002285	0.002285	0.002285	0.002285	0.002285	0.002285	0.002285	0.002285	0.002285	0.002285	0.002285	0.002285	0.002285	0.002285	0.002285	0.002285	0.002285	0.002285	0.002285	0.002285	0.002285	0.002285	0.002285	0.002285	0.002285	0.002285	0.002285	0.002285	0.002285	0.002285	0.002285	0.002285	0.002285	0.002285	0.002285	0.002285	0.002285	0.002285	0.002285	0.002285	0.002285	0.002285	0.002285	0.002285	0.002285	0.002285	0.002285	0.002285	0.002285	0.002285	0.002285	0.002285	0.002285	0.002285	0.002285	0.002285	0.002285	0.002285	0.002285	0.002285	0.002285	0.002285	0.002285	0.002285	0.002285	0.002285	0.002285	0.002285	0.002285	0.002285	0.002285	0.002285	0.002285	0.002285	0.002285	0.002285	0.002285	0.002285	0.002285	0.002285
Field-Programmable Gate Array (FPGA)			0	0	0	0	0	0	0	0	0	0	0	0	0	0	0	0	0	0	0	0	0	0	0	0	0	0	0	0	0	0	0	0	0	0	0	0	0	0	0	0	0	0	0	0	0	0	0	0	0	0	0	0	0	0	0	0	0	0	0	0	0	0	0	0	0	0	0	0	0	0	0	0	0	0	0	0	0	0	0	0	0	0	0	0	0	0	0	0	0	0	0	0	0	0	0	0	0	0	0	0	0	0	0	0	0	0	0	0	0	0	0	0	0	0	0	0	0	0	0	0	0	0	0	0	0	0	0	0	0	0	0	0	0	0	0	0	0	0	0	0	0	0	0	0	0	0	0	0	0	0	0	0	0	0	0	0	0	0	0	0	0	0	0	0	0	0	0	0.002071	0.002071	0.002071	0.002071	0.002071	0.002071	0.002071	0.002071	0.002071	0.002071	0.002071	0.002071	0.002071	0.002071	0.002071	0.002071	0.002071	0.002071	0.002071	0.002071	0.002071	0.002071	0.002071	0.002071	0.002071	0.002071	0.002071	0.002071	0.002071	0.002071	0.002071	0.002071	0.002071	0.002071	0.002071	0.002071	0.002071	0.002071	0.002071	0.002071	0.002071	0.002071	0.002071	0.002071	0.002071	0.002071	0.002071	0.002071	0.002071	0.002071	0.002071	0.002071	0.002071	0.002071	0.002071	0.002071	0.002071	0.002071	0.002071	0.002071	0.002071	0.002071	0.002071	0.002071	0.002071	0.002071	0.002071	0.002071	0.002071	0.002071	0.002071	0.002071	0.002071	0.002071	0.002071	0.002071	0.002071	0.002071	0.002071	0.002071	0.002071	0.002071	0.002071	0.002071	0.002071	0.002071	0.002071	0.002071	0.002071	0.002071	0.002071	0.002071	0.002071	0.002071	0.002071	0.002071	0.002071	0.002071	0.002071	0.002071	0.002071	0.002071	0.002071	0.002071	0.002071	0.002071	0.002071	0.002071	0.002071	0.002071	0.002071	0.002071	0.002071	0.002071	0.002071	0.002071	0.002071	0.002071	0.002071	0.002071	0.002071	0.002071	0.002071	0.002071	0.002071	0.002071	0.002071	0.002071	0.002071	0.002071	0.002071	0.002071	0.002071	0.002071	0.002071	0.002071	0.002071	0.002071	0.002071	0.002071	0.002071	0.002071	0.002071	0.002071	0.002071	0.002071	0.002071	0.002071	0.002071	0.002071	0.002071	0.002071	0.002071	0.002071	0.002071	0.002071	0.002071	0.002071	0.002071	0.002071	0.002071	0.002071	0.002071	0.002071	0.002071	0.002071	0.002071	0.002071	0.002071	0.002071	0.002071	0.002071	0.002071	0.002071	0.002071	0.002071	0.002071	0.002071	0.002071	0.002071	0.002071	0.002071	0.002071	0.002071	0.002071	0.002071	0.002071	0.002071	0.002071	0.002071	0.002071	0.002071	0.002071	0.002071	0.002071	0.002071	0.002071	0.002071
Geospatial			0	0	0	0	0	0	0	0	0	0	0	0	0	0	0	0	0	0	0	0	0	0	0	0	0	0	0	0	0	0	0	0	0	0	0	0	0	0	0	0	0	0	0	0	0	0	0	0	0	0	0	0	0	0	0	0	0	0	0	0	0	0	0	0	0	0	0	0	0	0	0	0	0	0	0	0	0	0	0	0	0	0	0	0	0	0	0	0	0	0	0	0	0	0	0	0	0	0	0	0	0	0	0	0	0	0	0	0	0	0	0	0	0	0	0	0	0	0	0	0	0	0	0	0	0	0	0	0	0	0	0	0	0	0	0	0	0	0	0	0	0	0	0	0	0	0	0	0	0	0	0	0	0	0	0	0	0	0	0	0	0	0	0.001975	0.001975	0.001975	0.001975	0.001975	0.001975	0.001975	0.001975	0.001975	0.001975	0.001975	0.001975	0.001975	0.001975	0.001975	0.001975	0.001975	0.001975	0.001975	0.001975	0.001975	0.001975	0.001975	0.001975	0.001975	0.001975	0.001975	0.001975	0.001975	0.001975	0.001975	0.001975	0.001975	0.001975	0.001975	0.001975	0.001975	0.001975	0.001975	0.001975	0.001975	0.001975	0.001975	0.001975	0.001975	0.001975	0.001975	0.001975	0.001975	0.001975	0.001975	0.001975	0.001975	0.001975	0.001975	0.001975	0.001975	0.001975	0.001975	0.001975	0.001975	0.001975	0.001975	0.001975	0.001975	0.001975	0.001975	0.001975	0.001975	0.001975	0.001975	0.001975	0.001975	0.001975	0.001975	0.001975	0.001975	0.001975	0.001975	0.001975	0.001975	0.001975	0.001975	0.001975	0.001975	0.001975	0.001975	0.001975	0.001975	0.001975	0.001975	0.001975	0.001975	0.001975	0.001975	0.001975	0.001975	0.001975	0.001975	0.001975	0.001975	0.001975	0.001975	0.001975	0.001975	0.001975	0.001975	0.001975	0.001975	0.001975	0.001975	0.001975	0.001975	0.001975	0.001975	0.001975	0.001975	0.001975	0.001975	0.001975	0.001975	0.001975	0.001975	0.001975	0.001975	0.001975	0.001975	0.001975	0.001975	0.001975	0.001975	0.001975	0.001975	0.001975	0.001975	0.001975	0.001975	0.001975	0.001975	0.001975	0.001975	0.001975	0.001975	0.001975	0.001975	0.001975	0.001975	0.001975	0.001975	0.001975	0.001975	0.001975	0.001975	0.001975	0.001975	0.001975	0.001975	0.001975	0.001975	0.001975	0.001975	0.001975	0.001975	0.001975	0.001975	0.001975	0.001975	0.001975	0.001975	0.001975	0.001975	0.001975	0.001975	0.001975	0.001975	0.001975	0.001975	0.001975	0.001975	0.001975	0.001975	0.001975	0.001975	0.001975	0.001975	0.001975	0.001975	0.001975	0.001975	0.001975	0.001975	0.001975	0.001975	0.001975	0.001975	0.001975	0.001975	0.001975	0.001975	0.001975	0.001975	0.001975	0.001975
Consumer Software			0	0	0	0	0	0	0	0	0	0	0	0	0	0	0	0	0	0	0	0	0	0	0	0	0	0	0	0	0	0	0	0	0	0	0	0	0	0	0	0	0	0	0	0	0	0	0	0	0	0	0	0	0	0	0	0	0	0	0	0	0	0	0	0	0	0	0	0	0	0	0	0	0	0	0	0	0	0	0	0	0	0	0	0	0	0	0	0	0	0	0	0	0	0	0	0	0	0	0	0	0	0	0	0	0	0	0	0	0	0	0	0	0	0	0	0	0	0	0	0	0	0	0	0	0	0	0	0	0	0	0	0	0	0	0	0	0	0	0	0	0	0	0	0	0	0	0	0	0	0	0	0	0	0	0	0	0	0	0	0	0	0	0	0	0	0	0	0	0	0	0	0	0	0	0	0	0	0	0	0	0.001898	0.001898	0.001898	0.001898	0.001898	0.001898	0.001898	0.001898	0.001898	0.001898	0.001898	0.001898	0.001898	0.001898	0.001898	0.001898	0.001898	0.001898	0.001898	0.001898	0.001898	0.001898	0.001898	0.001898	0.001898	0.001898	0.001898	0.001898	0.001898	0.001898	0.001898	0.001898	0.001898	0.001898	0.001898	0.001898	0.001898	0.001898	0.001898	0.001898	0.001898	0.001898	0.001898	0.001898	0.001898	0.001898	0.001898	0.001898	0.001898	0.001898	0.001898	0.001898	0.001898	0.001898	0.001898	0.001898	0.001898	0.001898	0.001898	0.001898	0.001898	0.001898	0.001898	0.001898	0.001898	0.001898	0.001898	0.001898	0.001898	0.001898	0.001898	0.001898	0.001898	0.001898	0.001898	0.001898	0.001898	0.001898	0.001898	0.001898	0.001898	0.001898	0.001898	0.001898	0.001898	0.001898	0.001898	0.001898	0.001898	0.001898	0.001898	0.001898	0.001898	0.001898	0.001898	0.001898	0.001898	0.001898	0.001898	0.001898	0.001898	0.001898	0.001898	0.001898	0.001898	0.001898	0.001898	0.001898	0.001898	0.001898	0.001898	0.001898	0.001898	0.001898	0.001898	0.001898	0.001898	0.001898	0.001898	0.001898	0.001898	0.001898	0.001898	0.001898	0.001898	0.001898	0.001898	0.001898	0.001898	0.001898	0.001898	0.001898	0.001898	0.001898	0.001898	0.001898	0.001898	0.001898	0.001898	0.001898	0.001898	0.001898	0.001898	0.001898	0.001898	0.001898	0.001898	0.001898	0.001898	0.001898	0.001898	0.001898	0.001898	0.001898	0.001898	0.001898	0.001898	0.001898	0.001898	0.001898	0.001898	0.001898	0.001898	0.001898	0.001898	0.001898	0.001898	0.001898	0.001898	0.001898	0.001898	0.001898	0.001898	0.001898	0.001898	0.001898	0.001898	0.001898	0.001898	0.001898	0.001898	0.001898	0.001898	0.001898	0.001898
Industrial			0	0	0	0	0	0	0	0	0	0	0	0	0	0	0	0	0	0	0	0	0	0	0	0	0	0	0	0	0	0	0	0	0	0	0	0	0	0	0	0	0	0	0	0	0	0	0	0	0	0	0	0	0	0	0	0	0	0	0	0	0	0	0	0	0	0	0	0	0	0	0	0	0	0	0	0	0	0	0	0	0	0	0	0	0	0	0	0	0	0	0	0	0	0	0	0	0	0	0	0	0	0	0	0	0	0	0	0	0	0	0	0	0	0	0	0	0	0	0	0	0	0	0	0	0	0	0	0	0	0	0	0	0	0	0	0	0	0	0	0	0	0	0	0	0	0	0	0	0	0	0	0	0	0	0	0	0	0	0	0	0	0	0.001866	0.001866	0.001866	0.001866	0.001866	0.001866	0.001866	0.001866	0.001866	0.001866	0.001866	0.001866	0.001866	0.001866	0.001866	0.001866	0.001866	0.001866	0.001866	0.001866	0.001866	0.001866	0.001866	0.001866	0.001866	0.001866	0.001866	0.001866	0.001866	0.001866	0.001866	0.001866	0.001866	0.001866	0.001866	0.001866	0.001866	0.001866	0.001866	0.001866	0.001866	0.001866	0.001866	0.001866	0.001866	0.001866	0.001866	0.001866	0.001866	0.001866	0.001866	0.001866	0.001866	0.001866	0.001866	0.001866	0.001866	0.001866	0.001866	0.001866	0.001866	0.001866	0.001866	0.001866	0.001866	0.001866	0.001866	0.001866	0.001866	0.001866	0.001866	0.001866	0.001866	0.001866	0.001866	0.001866	0.001866	0.001866	0.001866	0.001866	0.001866	0.001866	0.001866	0.001866	0.001866	0.001866	0.001866	0.001866	0.001866	0.001866	0.001866	0.001866	0.001866	0.001866	0.001866	0.001866	0.001866	0.001866	0.001866	0.001866	0.001866	0.001866	0.001866	0.001866	0.001866	0.001866	0.001866	0.001866	0.001866	0.001866	0.001866	0.001866	0.001866	0.001866	0.001866	0.001866	0.001866	0.001866	0.001866	0.001866	0.001866	0.001866	0.001866	0.001866	0.001866	0.001866	0.001866	0.001866	0.001866	0.001866	0.001866	0.001866	0.001866	0.001866	0.001866	0.001866	0.001866	0.001866	0.001866	0.001866	0.001866	0.001866	0.001866	0.001866	0.001866	0.001866	0.001866	0.001866	0.001866	0.001866	0.001866	0.001866	0.001866	0.001866	0.001866	0.001866	0.001866	0.001866	0.001866	0.001866	0.001866	0.001866	0.001866	0.001866	0.001866	0.001866	0.001866	0.001866	0.001866	0.001866	0.001866	0.001866	0.001866	0.001866	0.001866	0.001866	0.001866	0.001866	0.001866	0.001866	0.001866	0.001866	0.001866	0.001866	0.001866	0.001866	0.001866	0.001866	0.001866	0.001866	0.001866	0.001866	0.001866	0.001866	0.001866	0.001866	0.001866	0.001866	0.001866	0.001866	0.001866	0.001866	0.001866
Marketing			0.001675	0.001675	0.001675	0.001675	0.001675	0.001675	0.001675	0.001675	0.001675	0.001675	0.001675	0.001675	0.001675	0.001675	0.001675	0.001675	0.001675	0.001675	0.001675	0.001675	0.001675	0.001675	0.001675	0.001675	0.001675	0.001675	0.001675	0.001675	0.001675	0.001675	0.001675	0.001675	0.001675	0.001675	0.001675	0.001675	0.001675	0.001675	0.001675	0.001675	0.001675	0.001675	0.001675	0.001675	0.001675	0.001675	0.001675	0.001675	0.001675	0.001675	0.001675	0.001675	0.001675	0.001675	0.001675	0.001675	0.001675	0.001675	0.001675	0.001675	0.001675	0.001675	0.001675	0.001675	0.001675	0.001675	0.001675	0.001675	0.001675	0.001675	0.001675	0.001675	0.001675	0.001675	0.001675	0.001675	0.001675	0.001675	0.001675	0.001675	0.001675	0.001675	0.001675	0.001675	0.001675	0.001675	0.001675	0.001675	0.001675	0.001675	0.001675	0.001675	0.001675	0.001675	0.001675	0.001675	0.001675	0.001675	0.001675	0.001675	0.001675	0.001675	0.001675	0.001675	0.001675	0.001675	0.001675	0.001675	0.001675	0.001675	0.001675	0.001675	0.001675	0.001675	0.001675	0.001675	0.001675	0.001675	0.001675	0.001675	0.001675	0.001675	0.001675	0.001675	0.001675	0.001675	0.001675	0.001675	0.001675	0.001675	0.001675	0.001675	0.001675	0.001675	0.001675	0.001675	0.001675	0.001675	0.001675	0.001675	0.001675	0.001675	0.001675	0.001675	0.001675	0.001675	0.001675	0.001675	0.001675	0.001675	0.001675	0.001675	0.001675	0.001675	0.001675	0.001675	0.001675	0.001675	0.001675	0.001675	0.001675	0.001675	0.001675	0.001675	0.001675	0.001675	0.001675	0.001675	0.001675	0.001675	0.001675	0.001675	0.001675	0.001675	0.001675	0.001675	0.001675	0.001675	0.001675	0.001675	0.001675	0.001675	0.001675	0.001675	0.001675	0.001675	0.001675	0.001675	0.001675	0.001675	0.001675	0.001675	0.001675	0.001675	0.001675	0.001675	0.001675	0.001675	0.001675	0.001675	0.001675	0.001675	0.001675	0.001675	0.001675	0.001675	0.001675	0.001675	0.001675	0.001675	0.001675	0.001675	0.001675	0.001675	0.001675	0.001675	0.001675	0.001675	0.001675	0.001675	0.001675	0.001675	0.001675	0.001675	0.001675	0.001675	0.001675	0.001675	0.001675	0.001675	0.001675	0.001675	0.001675	0.001675	0.001675	0.001675	0.001675	0.001675	0.001675	0.001675	0.001675	0.001675	0.001675	0.001675	0.001675	0.001675	0.001675	0.001675	0.001675	0.001675	0.001675	0.001675	0.001675	0.001675	0.001675	0.001675	0.001675	0.001675	0.001675	0.001675	0.001675	0.001675	0.001675	0.001675	0.001675	0.001675	0.001675	0.001675	0.001675	0.001675	0.001675	0.001675	0.001675	0.001675	0.001675	0.001675	0.001675	0.001675	0.001675	0.001675	0.001675	0.001675	0.001675	0.001675	0.001675	0.001675	0.001675	0.001675	0.001675	0.001675	0.001675	0.001675	0.001675	0.001675	0.001675	0.001675	0.001675	0.001675	0.001675	0.001675	0.001675	0.001675	0.001675	0.001675	0.001675	0.001675	0.001675	0.001675	0.001675	0.001675	0.001675	0.001675	0.001675	0.001675	0.001675	0.001675	0.001675	0.001675	0.001675	0.001675	0.001675	0.001675	0.001675	0.001675	0.001675	0.001675	0.001675	0.001675	0.001675	0.001675	0.001675	0.001675	0.001675	0.001675	0.001675	0.001675	0.001675	0.001675	0.001675	0.001675	0.001675	0.001675	0.001675	0.001675	0.001675	0.001675	0.001675	0.001675	0.001675	0.001675	0.001675	0.001675	0.001675	0.001675	0.001675	0.001675	0.001675	0.001675	0.001675	0.001675	0.001675	0.001675	0.001675	0.001675	0.001675
Penetration Testing			0	0	0	0	0	0	0	0	0	0	0	0	0	0	0	0	0	0	0	0	0	0	0	0	0	0	0	0	0	0	0	0	0	0	0	0	0	0	0	0	0	0	0	0	0	0	0	0	0	0	0	0	0	0	0	0	0	0	0	0	0	0	0	0	0	0	0	0	0	0	0	0	0	0	0	0	0	0	0	0	0	0	0	0	0	0	0	0	0	0	0	0	0	0	0	0	0	0	0	0	0	0	0	0	0	0	0	0	0	0	0	0	0	0	0	0	0	0	0	0	0	0	0	0	0	0	0.001675	0.001675	0.001675	0.001675	0.001675	0.001675	0.001675	0.001675	0.001675	0.001675	0.001675	0.001675	0.001675	0.001675	0.001675	0.001675	0.001675	0.001675	0.001675	0.001675	0.001675	0.001675	0.001675	0.001675	0.001675	0.001675	0.001675	0.001675	0.001675	0.001675	0.001675	0.001675	0.001675	0.001675	0.001675	0.001675	0.001675	0.001675	0.001675	0.001675	0.001675	0.001675	0.001675	0.001675	0.001675	0.001675	0.001675	0.001675	0.001675	0.001675	0.001675	0.001675	0.001675	0.001675	0.001675	0.001675	0.001675	0.001675	0.001675	0.001675	0.001675	0.001675	0.001675	0.001675	0.001675	0.001675	0.001675	0.001675	0.001675	0.001675	0.001675	0.001675	0.001675	0.001675	0.001675	0.001675	0.001675	0.001675	0.001675	0.001675	0.001675	0.001675	0.001675	0.001675	0.001675	0.001675	0.001675	0.001675	0.001675	0.001675	0.001675	0.001675	0.001675	0.001675	0.001675	0.001675	0.001675	0.001675	0.001675	0.001675	0.001675	0.001675	0.001675	0.001675	0.001675	0.001675	0.001675	0.001675	0.001675	0.001675	0.001675	0.001675	0.001675	0.001675	0.001675	0.001675	0.001675	0.001675	0.001675	0.001675	0.001675	0.001675	0.001675	0.001675	0.001675	0.001675	0.001675	0.001675	0.001675	0.001675	0.001675	0.001675	0.001675	0.001675	0.001675	0.001675	0.001675	0.001675	0.001675	0.001675	0.001675	0.001675	0.001675	0.001675	0.001675	0.001675	0.001675	0.001675	0.001675	0.001675	0.001675	0.001675	0.001675	0.001675	0.001675	0.001675	0.001675	0.001675	0.001675	0.001675	0.001675	0.001675	0.001675	0.001675	0.001675	0.001675	0.001675	0.001675	0.001675	0.001675	0.001675	0.001675	0.001675	0.001675	0.001675	0.001675	0.001675	0.001675	0.001675	0.001675	0.001675	0.001675	0.001675	0.001675	0.001675	0.001675	0.001675	0.001675	0.001675	0.001675	0.001675	0.001675	0.001675	0.001675	0.001675	0.001675	0.001675	0.001675	0.001675	0.001675	0.001675	0.001675	0.001675	0.001675	0.001675	0.001675	0.001675	0.001675	0.001675	0.001675	0.001675	0.001675	0.001675	0.001675	0.001675	0.001675	0.001675	0.001675	0.001675	0.001675	0.001675	0.001675	0.001675	0.001675	0.001675	0.001675	0.001675	0.001675	0.001675	0.001675	0.001675	0.001675	0.001675	0.001675	0.001675	0.001675	0.001675	0.001675	0.001675
Home Health Care			0	0	0	0	0	0	0	0	0	0	0	0	0	0	0	0	0	0	0	0	0	0	0	0	0	0	0	0	0	0	0	0	0	0	0	0	0	0	0	0	0	0	0	0	0	0	0	0	0	0	0	0	0	0	0	0	0	0	0	0	0	0	0	0	0	0	0	0	0	0	0	0	0	0	0	0	0	0	0	0	0	0	0	0	0	0	0	0	0	0	0	0	0	0	0	0	0	0	0	0	0	0	0	0	0	0	0	0	0	0	0	0	0	0	0	0	0	0	0	0	0	0	0	0	0	0	0	0	0	0	0	0	0	0	0	0	0	0	0	0	0	0	0	0	0	0	0	0.001608	0.001608	0.001608	0.001608	0.001608	0.001608	0.001608	0.001608	0.001608	0.001608	0.001608	0.001608	0.001608	0.001608	0.001608	0.001608	0.001608	0.001608	0.001608	0.001608	0.001608	0.001608	0.001608	0.001608	0.001608	0.001608	0.001608	0.001608	0.001608	0.001608	0.001608	0.001608	0.001608	0.001608	0.001608	0.001608	0.001608	0.001608	0.001608	0.001608	0.001608	0.001608	0.001608	0.001608	0.001608	0.001608	0.001608	0.001608	0.001608	0.001608	0.001608	0.001608	0.001608	0.001608	0.001608	0.001608	0.001608	0.001608	0.001608	0.001608	0.001608	0.001608	0.001608	0.001608	0.001608	0.001608	0.001608	0.001608	0.001608	0.001608	0.001608	0.001608	0.001608	0.001608	0.001608	0.001608	0.001608	0.001608	0.001608	0.001608	0.001608	0.001608	0.001608	0.001608	0.001608	0.001608	0.001608	0.001608	0.001608	0.001608	0.001608	0.001608	0.001608	0.001608	0.001608	0.001608	0.001608	0.001608	0.001608	0.001608	0.001608	0.001608	0.001608	0.001608	0.001608	0.001608	0.001608	0.001608	0.001608	0.001608	0.001608	0.001608	0.001608	0.001608	0.001608	0.001608	0.001608	0.001608	0.001608	0.001608	0.001608	0.001608	0.001608	0.001608	0.001608	0.001608	0.001608	0.001608	0.001608	0.001608	0.001608	0.001608	0.001608	0.001608	0.001608	0.001608	0.001608	0.001608	0.001608	0.001608	0.001608	0.001608	0.001608	0.001608	0.001608	0.001608	0.001608	0.001608	0.001608	0.001608	0.001608	0.001608	0.001608	0.001608	0.001608	0.001608	0.001608	0.001608	0.001608	0.001608	0.001608	0.001608	0.001608	0.001608	0.001608	0.001608	0.001608	0.001608	0.001608	0.001608	0.001608	0.001608	0.001608	0.001608	0.001608	0.001608	0.001608	0.001608	0.001608	0.001608	0.001608	0.001608	0.001608	0.001608	0.001608	0.001608	0.001608	0.001608	0.001608	0.001608	0.001608	0.001608	0.001608	0.001608	0.001608	0.001608	0.001608	0.001608	0.001608	0.001608	0.001608	0.001608	0.001608	0.001608	0.001608	0.001608	0.001608	0.001608	0.001608	0.001608	0.001608	0.001608	0.001608	0.001608	0.001608	0.001608	0.001608	0.001608
Alternative Medicine			0	0	0	0	0	0	0	0	0	0	0	0	0	0	0	0	0	0	0	0	0	0	0	0	0	0	0	0	0	0	0	0	0	0	0	0	0	0	0	0	0	0	0	0	0	0	0	0	0	0	0	0	0	0	0	0	0	0	0	0	0	0	0	0	0	0	0	0	0	0	0	0	0	0	0	0	0	0	0	0	0	0	0	0	0	0	0	0	0	0	0	0	0	0	0	0	0	0	0	0	0	0	0	0	0	0	0.000167	0.000167	0.000167	0.000167	0.000167	0.000167	0.000167	0.000167	0.000167	0.000167	0.000167	0.000167	0.000167	0.000167	0.000167	0.000167	0.000167	0.000167	0.000167	0.000167	0.000167	0.000167	0.000167	0.000167	0.000167	0.000167	0.000167	0.000167	0.000167	0.000167	0.000167	0.000167	0.000167	0.000167	0.000167	0.000167	0.000167	0.000167	0.000167	0.000167	0.000167	0.000167	0.000167	0.000167	0.000167	0.000167	0.000167	0.000167	0.000167	0.000167	0.000167	0.000167	0.000167	0.000167	0.000167	0.000167	0.000167	0.000167	0.000167	0.000167	0.000167	0.000167	0.000167	0.000167	0.000167	0.000167	0.000167	0.000167	0.000167	0.000167	0.000167	0.000167	0.000167	0.000167	0.000167	0.000167	0.000167	0.000167	0.000167	0.000167	0.000167	0.000167	0.000167	0.000167	0.000167	0.000167	0.000167	0.000167	0.000167	0.000167	0.000167	0.000167	0.000167	0.000167	0.000167	0.000167	0.000167	0.000167	0.000167	0.000167	0.000167	0.000167	0.000167	0.000167	0.000167	0.000167	0.000167	0.000167	0.000167	0.000167	0.000167	0.000167	0.000167	0.000167	0.000167	0.000167	0.000167	0.000167	0.000167	0.000167	0.000167	0.000167	0.000167	0.000167	0.000167	0.000167	0.000167	0.000167	0.000167	0.000167	0.000167	0.000167	0.000167	0.000167	0.000167	0.000167	0.000167	0.000167	0.000167	0.000167	0.000167	0.000167	0.000167	0.000167	0.000167	0.000167	0.000167	0.000167	0.000167	0.000167	0.000167	0.000167	0.000167	0.000167	0.000167	0.000167	0.000167	0.000167	0.000167	0.000167	0.000167	0.000167	0.000167	0.000167	0.000167	0.000167	0.000167	0.001005	0.001005	0.001005	0.001005	0.001005	0.001005	0.001005	0.001005	0.001005	0.001005	0.001005	0.001005	0.001005	0.001005	0.001005	0.001005	0.001005	0.001005	0.001005	0.001005	0.001005	0.001005	0.001005	0.001005	0.001005	0.001005	0.001005	0.001005	0.001005	0.001005	0.001005	0.001005	0.001005	0.001005	0.001005	0.001005	0.001005	0.001005	0.001005	0.001005	0.001005	0.001005	0.001005	0.001005	0.001005	0.001005	0.001005	0.001005	0.001005	0.001005	0.001005	0.001005	0.001005	0.001005	0.001005	0.001005	0.001005	0.001005	0.001005	0.001005	0.001005	0.001005	0.001005	0.001005	0.001005	0.001005	0.001005	0.001005	0.001005	0.001005	0.001005	0.001005	0.001005	0.001005	0.001005	0.001005	0.001005	0.001005	0.001005	0.001005	0.001005	0.001005	0.001005	0.001005	0.001005	0.001005	0.001005	0.001005	0.001005	0.001005	0.001005	0.001005
Freight Service			0	0	0	0	0	0	0	0	0	0	0	0	0	0	0	0	0	0	0	0	0	0	0	0	0	0	0	0	0	0	0	0	0	0	0	0	0	0	0	0	0	0	0.000837	0.000837	0.000837	0.000837	0.000837	0.000837	0.000837	0.000837	0.000837	0.000837	0.000837	0.000837	0.000837	0.000837	0.000837	0.000837	0.000837	0.000837	0.000837	0.000837	0.000837	0.000837	0.000837	0.000837	0.000837	0.000837	0.000837	0.000837	0.000837	0.000837	0.000837	0.000837	0.000837	0.000837	0.000837	0.000837	0.000837	0.000837	0.000837	0.000837	0.000837	0.000837	0.000837	0.000837	0.000837	0.000837	0.000837	0.000837	0.000837	0.000837	0.000837	0.000837	0.000837	0.000837	0.000837	0.000837	0.000837	0.000837	0.000837	0.000837	0.000837	0.000837	0.000837	0.000837	0.000837	0.000837	0.000837	0.000837	0.000837	0.000837	0.000837	0.000837	0.000837	0.000837	0.000837	0.000837	0.000837	0.000837	0.000837	0.000837	0.000837	0.000837	0.000837	0.000837	0.000837	0.000837	0.000837	0.000837	0.000837	0.000837	0.000837	0.000837	0.000837	0.000837	0.000837	0.000837	0.000837	0.000837	0.000837	0.000837	0.000837	0.000837	0.000837	0.000837	0.000837	0.000837	0.000837	0.000837	0.000837	0.000837	0.000837	0.000837	0.000837	0.000837	0.000837	0.000837	0.000837	0.000837	0.000837	0.000837	0.000837	0.000837	0.000837	0.000837	0.000837	0.000837	0.000837	0.000837	0.000837	0.000837	0.000837	0.000837	0.000837	0.000837	0.000837	0.000837	0.000837	0.000837	0.000837	0.000837	0.000837	0.000837	0.000837	0.000837	0.000837	0.000837	0.000837	0.000837	0.000837	0.000837	0.000837	0.000837	0.000837	0.000837	0.000837	0.000837	0.000837	0.000837	0.000837	0.000837	0.000837	0.000837	0.000837	0.000837	0.000837	0.000837	0.000837	0.000837	0.000837	0.000837	0.000837	0.000837	0.000837	0.000837	0.000837	0.000837	0.000837	0.000837	0.000837	0.000837	0.000837	0.000837	0.000837	0.000837	0.000837	0.000837	0.000837	0.000837	0.000837	0.000837	0.000837	0.000837	0.000837	0.000837	0.000837	0.000837	0.000837	0.000837	0.000837	0.000837	0.000837	0.000837	0.000837	0.000837	0.000837	0.000837	0.000837	0.000837	0.000837	0.000837	0.000837	0.000837	0.000837	0.000837	0.000837	0.000837	0.000837	0.000837	0.000837	0.000837	0.000837	0.000837	0.000837	0.000837	0.000837	0.000837	0.000837	0.000837	0.000837	0.000837	0.000837	0.000837	0.000837	0.000837	0.000837	0.000837	0.000837	0.000837	0.000837	0.000837	0.000837	0.000837	0.000837	0.000837	0.000837	0.000837	0.000837	0.000837	0.000837	0.000837	0.000837	0.000837	0.000837	0.000837	0.000837	0.000837	0.000837	0.000837	0.000837	0.000837	0.000837	0.000837	0.000837	0.000837	0.000837	0.000837	0.000837	0.000837	0.000837	0.000837	0.000837	0.000837	0.000837	0.000837	0.000837	0.000837	0.000837	0.000837	0.000837	0.000837	0.000837	0.000837	0.000837	0.000837	0.000837	0.000837	0.000837	0.000837	0.000837	0.000837	0.000837	0.000837	0.000837	0.000837	0.000837	0.000837	0.000837	0.000837	0.000837	0.000837	0.000837	0.000837	0.000837	0.000837	0.000837	0.000837	0.000837	0.000837	0.000837	0.000837	0.000837	0.000837	0.000837	0.000837	0.000837	0.000837	0.000837	0.000837	0.000837	0.000837	0.000837	0.000837	0.000837
Email			0	0	0	0	0	0	0	0	0	0	0	0	0	0	0	0	0	0	0	0	0	0	0	0	0	0	0	0	0	0	0	0	0	0	0	0	0	0	0	0	0	0	0	0	0	0	0	0	0	0	0	0	0	0	0	0	0	0	0	0	0	0	0	0	0	0	0	0	0	0	0	0	0	0	0	0	0	0	0	0	0	0	0	0	0	0	0	0	0	0	0	0	0	0	0	0	0	0	0	0	0	0	0	0	0	0	0	0	0	0	0	0	0	0	0	0	0	0	0	0	0	0	0	0	0	0	0	0	0	0	0	0	0	0	0	0	0	0	0	0	0	0	0	0	0	0	0	0	0	0	0	0	0	0	0	0	0	0	0	0	0	0	0	0	0	0	0	0	0	0	0	0	0	0	0	0	0	0	0	0	0	0	0	0	0	0	0	0	0	0	0	0	0	0	0	0	0	0	0	0	0	0	0	0	0	0	0	0	0	0	0	0	0	0	0	0	0	0	0	0	0	0	0	0	0	0	0	0	0	0	0	0	0	0	0	0	0	0	0	0	0	0	0	0	0	0	0	0	0	0	0	0.000558	0.000558	0.000558	0.000558	0.000558	0.000558	0.000558	0.000558	0.000558	0.000558	0.000558	0.000558	0.000558	0.000558	0.000558	0.000558	0.000558	0.000558	0.000558	0.000558	0.000558	0.000558	0.000558	0.000558	0.000558	0.000558	0.000558	0.000558	0.000558	0.000558	0.000558	0.000558	0.000558	0.000558	0.000558	0.000558	0.000558	0.000558	0.000558	0.000558	0.000558	0.000558	0.000558	0.000558	0.000558	0.000558	0.000558	0.000558	0.000558	0.000558	0.000558	0.000558	0.000558	0.000558	0.000558	0.000558	0.000558	0.000558	0.000558	0.000558	0.000558	0.000558	0.000558	0.000558	0.000558	0.000558	0.000558	0.000558	0.000558	0.000558	0.000558	0.000558	0.000558	0.000558	0.000558	0.000558	0.000558	0.000558	0.000558	0.000558	0.000558	0.000558	0.000558	0.000558	0.000558	0.000558	0.000558	0.000558	0.000558	0.000558	0.000558	0.000558	0.000558	0.000558	0.000558	0.000558	0.000558	0.000558	0.000558	0.000558	0.000558	0.000558	0.000558	0.000558	0.000558	0.000558	0.000558	0.000558	0.000558	0.000558	0.000558	0.000558	0.000558	0.000558
Emergency Medicine			0	0	0	0	0	0	0	0	0	0	0	0	0	0	0	0	0	0	0	0	0	0	0	0	0	0	0	0	0	0	0	0	0	0	0	0	0	0	0	0	0	0	0	0	0	0	0	0	0	0	0	0	0	0	0	0	0	0	0	0	0	0	0	0	0	0	0	0	0	0	0	0	0	0	0	0	0	0	0	0	0	0	0	0	0	0	0	0	0	0	0	0	0	0	0	0	0	0	0	0	0	0	0	0	0	0	0	0	0	0	0	0	0	0	0	0	0	0	0	0	0	0	0	0	0	0	0	0	0	0	0	0	0	0	0	0	0	0	0	0	0	0.000558	0.000558	0.000558	0.000558	0.000558	0.000558	0.000558	0.000558	0.000558	0.000558	0.000558	0.000558	0.000558	0.000558	0.000558	0.000558	0.000558	0.000558	0.000558	0.000558	0.000558	0.000558	0.000558	0.000558	0.000558	0.000558	0.000558	0.000558	0.000558	0.000558	0.000558	0.000558	0.000558	0.000558	0.000558	0.000558	0.000558	0.000558	0.000558	0.000558	0.000558	0.000558	0.000558	0.000558	0.000558	0.000558	0.000558	0.000558	0.000558	0.000558	0.000558	0.000558	0.000558	0.000558	0.000558	0.000558	0.000558	0.000558	0.000558	0.000558	0.000558	0.000558	0.000558	0.000558	0.000558	0.000558	0.000558	0.000558	0.000558	0.000558	0.000558	0.000558	0.000558	0.000558	0.000558	0.000558	0.000558	0.000558	0.000558	0.000558	0.000558	0.000558	0.000558	0.000558	0.000558	0.000558	0.000558	0.000558	0.000558	0.000558	0.000558	0.000558	0.000558	0.000558	0.000558	0.000558	0.000558	0.000558	0.000558	0.000558	0.000558	0.000558	0.000558	0.000558	0.000558	0.000558	0.000558	0.000558	0.000558	0.000558	0.000558	0.000558	0.000558	0.000558	0.000558	0.000558	0.000558	0.000558	0.000558	0.000558	0.000558	0.000558	0.000558	0.000558	0.000558	0.000558	0.000558	0.000558	0.000558	0.000558	0.000558	0.000558	0.000558	0.000558	0.000558	0.000558	0.000558	0.000558	0.000558	0.000558	0.000558	0.000558	0.000558	0.000558	0.000558	0.000558	0.000558	0.000558	0.000558	0.000558	0.000558	0.000558	0.000558	0.000558	0.000558	0.000558	0.000558	0.000558	0.000558	0.000558	0.000558	0.000558	0.000558	0.000558	0.000558	0.000558	0.000558	0.000558	0.000558	0.000558	0.000558	0.000558	0.000558	0.000558	0.000558	0.000558	0.000558	0.000558	0.000558	0.000558	0.000558	0.000558	0.000558	0.000558	0.000558	0.000558	0.000558	0.000558	0.000558	0.000558	0.000558	0.000558	0.000558	0.000558	0.000558	0.000558	0.000558	0.000558	0.000558	0.000558	0.000558	0.000558	0.000558	0.000558	0.000558	0.000558	0.000558	0.000558	0.000558	0.000558	0.000558	0.000558	0.000558	0.000558	0.000558	0.000558	0.000558	0.000558	0.000558	0.000558	0.000558	0.000558	0.000558	0.000558
Nursing and Residential Care			0	0	0	0	0	0	0	0	0	0	0	0	0	0	0	0	0	0	0	0	0	0	0	0	0	0	0	0	0	0	0	0	0	0	0	0	0	0	0	0	0	0	0	0	0	0	0	0	0	0	0	0	0	0	0	0	0	0	0	0	0	0	0	0	0	0	0	0	0	0	0	0	0	0	0	0	0	0	0	0	0	0	0	0	0	0	0	0	0	0	0	0	0	0	0	0	0	0	0	0	0	0	0	0	0	0	0	0	0	0	0	0	0	0	0	0	0	0	0	0	0	0	0	0	0	0	0	0	0	0	0	0	0	0	0	0	0	0	0	0	0	0	0	0	0	0	0	0	0	0	0	0	0	0	0	0	0	0	0	0	0	0.000558	0.000558	0.000558	0.000558	0.000558	0.000558	0.000558	0.000558	0.000558	0.000558	0.000558	0.000558	0.000558	0.000558	0.000558	0.000558	0.000558	0.000558	0.000558	0.000558	0.000558	0.000558	0.000558	0.000558	0.000558	0.000558	0.000558	0.000558	0.000558	0.000558	0.000558	0.000558	0.000558	0.000558	0.000558	0.000558	0.000558	0.000558	0.000558	0.000558	0.000558	0.000558	0.000558	0.000558	0.000558	0.000558	0.000558	0.000558	0.000558	0.000558	0.000558	0.000558	0.000558	0.000558	0.000558	0.000558	0.000558	0.000558	0.000558	0.000558	0.000558	0.000558	0.000558	0.000558	0.000558	0.000558	0.000558	0.000558	0.000558	0.000558	0.000558	0.000558	0.000558	0.000558	0.000558	0.000558	0.000558	0.000558	0.000558	0.000558	0.000558	0.000558	0.000558	0.000558	0.000558	0.000558	0.000558	0.000558	0.000558	0.000558	0.000558	0.000558	0.000558	0.000558	0.000558	0.000558	0.000558	0.000558	0.000558	0.000558	0.000558	0.000558	0.000558	0.000558	0.000558	0.000558	0.000558	0.000558	0.000558	0.000558	0.000558	0.000558	0.000558	0.000558	0.000558	0.000558	0.000558	0.000558	0.000558	0.000558	0.000558	0.000558	0.000558	0.000558	0.000558	0.000558	0.000558	0.000558	0.000558	0.000558	0.000558	0.000558	0.000558	0.000558	0.000558	0.000558	0.000558	0.000558	0.000558	0.000558	0.000558	0.000558	0.000558	0.000558	0.000558	0.000558	0.000558	0.000558	0.000558	0.000558	0.000558	0.000558	0.000558	0.000558	0.000558	0.000558	0.000558	0.000558	0.000558	0.000558	0.000558	0.000558	0.000558	0.000558	0.000558	0.000558	0.000558	0.000558	0.000558	0.000558	0.000558	0.000558	0.000558	0.000558	0.000558	0.000558	0.000558	0.000558	0.000558	0.000558	0.000558	0.000558	0.000558	0.000558	0.000558	0.000558	0.000558	0.000558	0.000558	0.000558	0.000558	0.000558	0.000558	0.000558	0.000558	0.000558	0.000558	0.000558	0.000558	0.000558	0.000558	0.000558	0.000558	0.000558
Social			0	0	0	0	0	0	0	0	0	0	0	0	0	0	0	0	0	0	0	0	0	0	0	0	0	0	0	0	0	0	0	0	0	0	0	0	0	0	0	0	0	0	0	0	0	0	0	0	0	0	0	0	0	0	0	0	0	0	0	0	0	0	0	0	0	0	0	0	0	0	0	0	0	0	0	0	0	0	0	0	0	0	0	0	0	0	0	0	0	0	0	0	0	0	0	0	0	0	0	0	0	0	0	0	0	0	0	0	0	0	0	0	0	0	0	0	0	0	0	0	0	0	0	0	0	0	0	0	0	0	0	0	0	0	0	0	0	0	0	0	0	0	0	0	0	0	0	0	0	0	0	0	0	0	0	0	0	0	0	0	0	0	0	0	0	0	0	0	0	0	0	0	0	0	0	0	0	0	0	0	0	0	0	0	0	0	0	0	0	0	0	0	0	0	0	0	0	0	0	0	0	0	0	0	0	0	0	0	0	0	0	0	0	0	0	0	0	0	0	0	0	0	0	0	0	0	0	0	0	0	0	0	0	0	0	0	0	0	0	0	0	0	0	0	0	0	0	0	0	0	0	0.000558	0.000558	0.000558	0.000558	0.000558	0.000558	0.000558	0.000558	0.000558	0.000558	0.000558	0.000558	0.000558	0.000558	0.000558	0.000558	0.000558	0.000558	0.000558	0.000558	0.000558	0.000558	0.000558	0.000558	0.000558	0.000558	0.000558	0.000558	0.000558	0.000558	0.000558	0.000558	0.000558	0.000558	0.000558	0.000558	0.000558	0.000558	0.000558	0.000558	0.000558	0.000558	0.000558	0.000558	0.000558	0.000558	0.000558	0.000558	0.000558	0.000558	0.000558	0.000558	0.000558	0.000558	0.000558	0.000558	0.000558	0.000558	0.000558	0.000558	0.000558	0.000558	0.000558	0.000558	0.000558	0.000558	0.000558	0.000558	0.000558	0.000558	0.000558	0.000558	0.000558	0.000558	0.000558	0.000558	0.000558	0.000558	0.000558	0.000558	0.000558	0.000558	0.000558	0.000558	0.000558	0.000558	0.000558	0.000558	0.000558	0.000558	0.000558	0.000558	0.000558	0.000558	0.000558	0.000558	0.000558	0.000558	0.000558	0.000558	0.000558	0.000558	0.000558	0.000558	0.000558	0.000558	0.000558	0.000558	0.000558	0.000558	0.000558	0.000558	0.000558	0.000558
STEM Education			0	0	0	0	0	0	0	0	0	0	0	0	0	0	0	0	0	0	0	0	0	0	0	0	0	0	0	0	0	0	0	0	0	0	0	0	0	0	0	0	0	0	0	0	0	0	0	0	0	0	0	0	0	0	0	0	0	0	0	0	0	0	0	0	0	0	0	0	0	0	0	0	0	0	0	0	0	0	0	0	0	0	0	0	0	0	0	0	0	0	0	0	0	0	0	0	0	0	0	0	0	0	0	0	0	0	0	0	0	0	0	0	0	0	0	0	0	0	0	0	0	0	0	0	0	0	0	0	0	0	0	0	0	0	0	0	0	0	0	0	0	0	0	0	0	0	0	0	0	0	0	0	0	0	0	0	0	0	0	0	0	0	0	0	0	0	0	0	0	0	0	0	0	0	0	0	0	0	0	0	0	0	0	0	0	0	0	0	0	0	0	0	0	0	0	0	0	0	0	0	0	0	0	0	0	0	0	0	0	0	0	0	0	0	0	0	0	0	0	0	0	0	0	0	0	0	0	0	0	0	0	0	0	0	0	0	0	0	0	0	0	0	0	0	0	0	0	0	0	0	0	0.000558	0.000558	0.000558	0.000558	0.000558	0.000558	0.000558	0.000558	0.000558	0.000558	0.000558	0.000558	0.000558	0.000558	0.000558	0.000558	0.000558	0.000558	0.000558	0.000558	0.000558	0.000558	0.000558	0.000558	0.000558	0.000558	0.000558	0.000558	0.000558	0.000558	0.000558	0.000558	0.000558	0.000558	0.000558	0.000558	0.000558	0.000558	0.000558	0.000558	0.000558	0.000558	0.000558	0.000558	0.000558	0.000558	0.000558	0.000558	0.000558	0.000558	0.000558	0.000558	0.000558	0.000558	0.000558	0.000558	0.000558	0.000558	0.000558	0.000558	0.000558	0.000558	0.000558	0.000558	0.000558	0.000558	0.000558	0.000558	0.000558	0.000558	0.000558	0.000558	0.000558	0.000558	0.000558	0.000558	0.000558	0.000558	0.000558	0.000558	0.000558	0.000558	0.000558	0.000558	0.000558	0.000558	0.000558	0.000558	0.000558	0.000558	0.000558	0.000558	0.000558	0.000558	0.000558	0.000558	0.000558	0.000558	0.000558	0.000558	0.000558	0.000558	0.000558	0.000558	0.000558	0.000558	0.000558	0.000558	0.000558	0.000558	0.000558	0.000558	0.000558	0.000558
GreenTech			0	0	0	0	0	0	0	0	0	0	0	0	0	0	0	0	0	0	0	0	0	0	0	0	0	0	0	0	0	0	0	0	0	0	0	0	0	0	0	0	0	0	0	0	0	0	0	0	0	0	0	0	0	0	0	0	0	0	0	0	0	0	0	0	0	0	0	0	0	0	0	0	0	0	0	0	0	0	0	0	0	0	0	0	0	0	0	0	0	0	0.000526	0.000526	0.000526	0.000526	0.000526	0.000526	0.000526	0.000526	0.000526	0.000526	0.000526	0.000526	0.000526	0.000526	0.000526	0.000526	0.000526	0.000526	0.000526	0.000526	0.000526	0.000526	0.000526	0.000526	0.000526	0.000526	0.000526	0.000526	0.000526	0.000526	0.000526	0.000526	0.000526	0.000526	0.000526	0.000526	0.000526	0.000526	0.000526	0.000526	0.000526	0.000526	0.000526	0.000526	0.000526	0.000526	0.000526	0.000526	0.000526	0.000526	0.000526	0.000526	0.000526	0.000526	0.000526	0.000526	0.000526	0.000526	0.000526	0.000526	0.000526	0.000526	0.000526	0.000526	0.000526	0.000526	0.000526	0.000526	0.000526	0.000526	0.000526	0.000526	0.000526	0.000526	0.000526	0.000526	0.000526	0.000526	0.000526	0.000526	0.000526	0.000526	0.000526	0.000526	0.000526	0.000526	0.000526	0.000526	0.000526	0.000526	0.000526	0.000526	0.000526	0.000526	0.000526	0.000526	0.000526	0.000526	0.000526	0.000526	0.000526	0.000526	0.000526	0.000526	0.000526	0.000526	0.000526	0.000526	0.000526	0.000526	0.000526	0.000526	0.000526	0.000526	0.000526	0.000526	0.000526	0.000526	0.000526	0.000526	0.000526	0.000526	0.000526	0.000526	0.000526	0.000526	0.000526	0.000526	0.000526	0.000526	0.000526	0.000526	0.000526	0.000526	0.000526	0.000526	0.000526	0.000526	0.000526	0.000526	0.000526	0.000526	0.000526	0.000526	0.000526	0.000526	0.000526	0.000526	0.000526	0.000526	0.000526	0.000526	0.000526	0.000526	0.000526	0.000526	0.000526	0.000526	0.000526	0.000526	0.000526	0.000526	0.000526	0.000526	0.000526	0.000526	0.000526	0.000526	0.000526	0.000526	0.000526	0.000526	0.000526	0.000526	0.000526	0.000526	0.000526	0.000526	0.000526	0.000526	0.000526	0.000526	0.000526	0.000526	0.000526	0.000526	0.000526	0.000526	0.000526	0.000526	0.000526	0.000526	0.000526	0.000526	0.000526	0.000526	0.000526	0.000526	0.000526	0.000526	0.000526	0.000526	0.000526	0.000526	0.000526	0.000526	0.000526	0.000526	0.000526	0.000526	0.000526	0.000526	0.000526	0.000526	0.000526	0.000526	0.000526	0.000526	0.000526	0.000526	0.000526	0.000526	0.000526	0.000526	0.000526	0.000526	0.000526	0.000526	0.000526	0.000526	0.000526	0.000526	0.000526	0.000526	0.000526	0.000526	0.000526	0.000526	0.000526	0.000526	0.000526	0.000526	0.000526	0.000526	0.000526	0.000526	0.000526	0.000526	0.000526	0.000526	0.000526	0.000526	0.000526	0.000526	0.000526	0.000526	0.000526	0.000526	0.000526	0.000526	0.000526	0.000526	0.000526	0.000526	0.000526	0.000526	0.000526	0.000526	0.000526	0.000526	0.000526	0.000526	0.000526	0.000526	0.000526
Outdoors			0	0	0	0	0	0	0	0	0	0	0	0	0	0	0	0	0	0	0	0	0	0	0	0	0	0	0	0	0	0	0	0	0	0	0	0	0	0	0	0	0	0	0	0	0	0	0	0	0	0	0	0	0	0	0	0	0	0	0	0	0	0	0	0	0	0	0	0	0	0	0	0	0	0	0	0	0	0	0	0	0	0	0	0	0	0	0	0	0	0	0.000526	0.000526	0.000526	0.000526	0.000526	0.000526	0.000526	0.000526	0.000526	0.000526	0.000526	0.000526	0.000526	0.000526	0.000526	0.000526	0.000526	0.000526	0.000526	0.000526	0.000526	0.000526	0.000526	0.000526	0.000526	0.000526	0.000526	0.000526	0.000526	0.000526	0.000526	0.000526	0.000526	0.000526	0.000526	0.000526	0.000526	0.000526	0.000526	0.000526	0.000526	0.000526	0.000526	0.000526	0.000526	0.000526	0.000526	0.000526	0.000526	0.000526	0.000526	0.000526	0.000526	0.000526	0.000526	0.000526	0.000526	0.000526	0.000526	0.000526	0.000526	0.000526	0.000526	0.000526	0.000526	0.000526	0.000526	0.000526	0.000526	0.000526	0.000526	0.000526	0.000526	0.000526	0.000526	0.000526	0.000526	0.000526	0.000526	0.000526	0.000526	0.000526	0.000526	0.000526	0.000526	0.000526	0.000526	0.000526	0.000526	0.000526	0.000526	0.000526	0.000526	0.000526	0.000526	0.000526	0.000526	0.000526	0.000526	0.000526	0.000526	0.000526	0.000526	0.000526	0.000526	0.000526	0.000526	0.000526	0.000526	0.000526	0.000526	0.000526	0.000526	0.000526	0.000526	0.000526	0.000526	0.000526	0.000526	0.000526	0.000526	0.000526	0.000526	0.000526	0.000526	0.000526	0.000526	0.000526	0.000526	0.000526	0.000526	0.000526	0.000526	0.000526	0.000526	0.000526	0.000526	0.000526	0.000526	0.000526	0.000526	0.000526	0.000526	0.000526	0.000526	0.000526	0.000526	0.000526	0.000526	0.000526	0.000526	0.000526	0.000526	0.000526	0.000526	0.000526	0.000526	0.000526	0.000526	0.000526	0.000526	0.000526	0.000526	0.000526	0.000526	0.000526	0.000526	0.000526	0.000526	0.000526	0.000526	0.000526	0.000526	0.000526	0.000526	0.000526	0.000526	0.000526	0.000526	0.000526	0.000526	0.000526	0.000526	0.000526	0.000526	0.000526	0.000526	0.000526	0.000526	0.000526	0.000526	0.000526	0.000526	0.000526	0.000526	0.000526	0.000526	0.000526	0.000526	0.000526	0.000526	0.000526	0.000526	0.000526	0.000526	0.000526	0.000526	0.000526	0.000526	0.000526	0.000526	0.000526	0.000526	0.000526	0.000526	0.000526	0.000526	0.000526	0.000526	0.000526	0.000526	0.000526	0.000526	0.000526	0.000526	0.000526	0.000526	0.000526	0.000526	0.000526	0.000526	0.000526	0.000526	0.000526	0.000526	0.000526	0.000526	0.000526	0.000526	0.000526	0.000526	0.000526	0.000526	0.000526	0.000526	0.000526	0.000526	0.000526	0.000526	0.000526	0.000526	0.000526	0.000526	0.000526	0.000526	0.000526	0.000526	0.000526	0.000526	0.000526	0.000526	0.000526	0.000526	0.000526	0.000526	0.000526	0.000526	0.000526	0.000526	0.000526	0.000526	0.000526	0.000526	0.000526	0.000526
Chatbot			0	0	0	0	0	0	0	0	0	0	0	0	0	0	0	0	0	0	0	0	0	0	0	0	0	0	0	0	0	0	0	0	0	0	0	0	0	0	0	0	0	0	0	0	0	0	0	0	0	0	0	0	0	0	0	0	0	0	0	0	0	0	0	0	0	0	0	0	0	0	0	0	0	0	0	0	0	0	0	0	0	0	0	0	0	0	0	0	0	0	0	0	0	0	0	0	0	0	0	0	0	0	0	0	0	0	0	0	0	0	0	0	0	0	0	0	0	0	0	0	0	0	0	0	0	0	0	0	0	0	0	0	0	0	0	0	0	0	0	0	0	0	0	0	0	0	0	0	0	0	0	0	0	0	0	0	0	0	0	0	0	0	0	0	0	0	0	0	0	0	0	0	0	0	0	0	0	0	0	0	0	0	0	0	0	0	0	0	0	0	0	0	0	0	0	0	0	0	0	0	0	0	0	0	0	0	0	0	0	0	0	0	0	0	0	0	0	0	0	0	0	0	0	0	0	0	0	0	0	0	0	0	0	0	0	0	0	0	0	0	0	0	0	0	0	0	0	0	0	0	0	0	0	0	0	0	0	0	0	0	0	0	0	0	0	0	0	0	0	0	0	0	0	0	0	0	0	0	0	0	0	0	0	0	0	0	0	0	0	0	0	0	0.000502	0.000502	0.000502	0.000502	0.000502	0.000502	0.000502	0.000502	0.000502	0.000502	0.000502	0.000502	0.000502	0.000502	0.000502	0.000502	0.000502	0.000502	0.000502	0.000502	0.000502	0.000502	0.000502	0.000502	0.000502	0.000502	0.000502	0.000502	0.000502	0.000502	0.000502	0.000502	0.000502	0.000502	0.000502	0.000502	0.000502	0.000502	0.000502	0.000502	0.000502	0.000502	0.000502	0.000502	0.000502	0.000502	0.000502	0.000502	0.000502	0.000502	0.000502	0.000502	0.000502	0.000502	0.000502	0.000502	0.000502	0.000502	0.000502	0.000502	0.000502	0.000502	0.000502	0.000502	0.000502	0.000502	0.000502	0.000502	0.000502	0.000502	0.000502	0.000502	0.000502
Social Media			0	0	0	0	0	0	0	0	0	0	0	0	0	0	0	0	0	0	0	0	0	0	0	0	0	0	0	0	0	0	0	0	0	0	0	0	0	0	0	0	0	0	0	0	0	0	0	0	0	0	0	0	0	0	0	0	0	0	0	0	0	0	0	0	0	0	0	0	0	0	0	0	0	0	0	0	0	0	0	0	0	0	0	0	0	0	0	0	0	0	0	0	0	0	0	0	0	0	0	0	0	0	0	0	0	0	0	0	0	0	0	0	0	0	0	0	0	0	0	0	0	0	0	0	0	0	0	0	0	0	0	0	0	0	0	0	0	0	0	0	0	0	0	0	0	0	0	0	0	0	0	0	0	0	0	0	0	0	0	0	0	0	0	0	0	0	0	0	0	0	0	0	0	0	0	0	0	0	0	0	0	0	0	0	0	0	0	0	0	0	0	0	0	0	0	0	0	0	0	0	0	0	0	0	0	0	0	0	0	0	0	0	0	0	0	0	0	0	0	0	0	0	0	0	0	0	0	0	0	0	0	0	0	0	0	0	0	0	0	0	0	0	0	0	0	0	0	0	0	0	0	0	0	0	0	0	0	0	0	0	0	0	0	0	0	0	0	0	0	0	0	0	0	0	0	0	0	0	0	0	0	0	0	0	0	0	0	0	0	0	0	0	0.000502	0.000502	0.000502	0.000502	0.000502	0.000502	0.000502	0.000502	0.000502	0.000502	0.000502	0.000502	0.000502	0.000502	0.000502	0.000502	0.000502	0.000502	0.000502	0.000502	0.000502	0.000502	0.000502	0.000502	0.000502	0.000502	0.000502	0.000502	0.000502	0.000502	0.000502	0.000502	0.000502	0.000502	0.000502	0.000502	0.000502	0.000502	0.000502	0.000502	0.000502	0.000502	0.000502	0.000502	0.000502	0.000502	0.000502	0.000502	0.000502	0.000502	0.000502	0.000502	0.000502	0.000502	0.000502	0.000502	0.000502	0.000502	0.000502	0.000502	0.000502	0.000502	0.000502	0.000502	0.000502	0.000502	0.000502	0.000502	0.000502	0.000502	0.000502	0.000502	0.000502
GovTech			0	0	0	0	0	0	0	0	0	0	0	0	0	0	0	0	0	0	0	0	0	0	0	0	0	0	0	0	0	0	0	0	0	0	0	0	0	0	0	0	0	0	0	0	0	0	0	0	0	0	0	0	0	0	0	0	0	0	0	0	0	0	0	0	0	0	0	0	0	0	0	0	0	0	0	0	0	0	0	0	0	0	0	0	0	0	0	0	0	0	0	0	0	0	0	0	0	0	0	0	0	0	0	0	0	0	0	0	0	0	0	0	0	0	0	0	0	0	0	0	0	0	0	0	0	0	0	0	0	0	0	0	0	0	0	0	0	0	0	0	0	0	0	0	0	0	0	0	0	0	0	0	0	0	0	0	0	0	0	0	0	0	0	0	0	0	0	0	0	0	0	0	0	0	0	0	0	0	0	0	0	0	0	0	0	0	0	0	0	0	0	0	0	0	0	0	0	0	0	0	0	0	0	0	0	0	0	0	0	0	0	0	0	0	0	0	0	0	0	0	0	0	0	0	0	0	0	0	0	0	0.000419	0.000419	0.000419	0.000419	0.000419	0.000419	0.000419	0.000419	0.000419	0.000419	0.000419	0.000419	0.000419	0.000419	0.000419	0.000419	0.000419	0.000419	0.000419	0.000419	0.000419	0.000419	0.000419	0.000419	0.000419	0.000419	0.000419	0.000419	0.000419	0.000419	0.000419	0.000419	0.000419	0.000419	0.000419	0.000419	0.000419	0.000419	0.000419	0.000419	0.000419	0.000419	0.000419	0.000419	0.000419	0.000419	0.000419	0.000419	0.000419	0.000419	0.000419	0.000419	0.000419	0.000419	0.000419	0.000419	0.000419	0.000419	0.000419	0.000419	0.000419	0.000419	0.000419	0.000419	0.000419	0.000419	0.000419	0.000419	0.000419	0.000419	0.000419	0.000419	0.000419	0.000419	0.000419	0.000419	0.000419	0.000419	0.000419	0.000419	0.000419	0.000419	0.000419	0.000419	0.000419	0.000419	0.000419	0.000419	0.000419	0.000419	0.000419	0.000419	0.000419	0.000419	0.000419	0.000419	0.000419	0.000419	0.000419	0.000419	0.000419	0.000419	0.000419	0.000419	0.000419	0.000419	0.000419	0.000419	0.000419	0.000419	0.000419	0.000419	0.000419	0.000419	0.000419	0.000419	0.000419	0.000419	0.000419	0.000419	0.000419	0.000419	0.000419	0.000419	0.000419	0.000419	0.000419	0.000419	0.000419	0.000419	0.000419	0.000419	0.000419	0.000419	0.000419
Stock Exchanges			0	0	0	0	0	0	0	0	0	0	0	0	0	0	0	0	0	0	0	0	0	0	0	0	0	0	0	0	0	0	0	0	0	0	0	0	0	0	0	0	0	0	0	0	0	0	0	0	0	0	0	0	0	0	0	0	0	0	0	0	0	0	0	0	0	0	0	0	0	0	0	0	0	0	0	0	0	0	0	0	0	0	0	0	0	0	0	0	0	0	0	0	0	0	0	0	0	0	0	0	0	0	0	0	0	0	0	0	0	0	0	0	0	0	0	0	0	0	0	0	0	0	0	0.000419	0.000419	0.000419	0.000419	0.000419	0.000419	0.000419	0.000419	0.000419	0.000419	0.000419	0.000419	0.000419	0.000419	0.000419	0.000419	0.000419	0.000419	0.000419	0.000419	0.000419	0.000419	0.000419	0.000419	0.000419	0.000419	0.000419	0.000419	0.000419	0.000419	0.000419	0.000419	0.000419	0.000419	0.000419	0.000419	0.000419	0.000419	0.000419	0.000419	0.000419	0.000419	0.000419	0.000419	0.000419	0.000419	0.000419	0.000419	0.000419	0.000419	0.000419	0.000419	0.000419	0.000419	0.000419	0.000419	0.000419	0.000419	0.000419	0.000419	0.000419	0.000419	0.000419	0.000419	0.000419	0.000419	0.000419	0.000419	0.000419	0.000419	0.000419	0.000419	0.000419	0.000419	0.000419	0.000419	0.000419	0.000419	0.000419	0.000419	0.000419	0.000419	0.000419	0.000419	0.000419	0.000419	0.000419	0.000419	0.000419	0.000419	0.000419	0.000419	0.000419	0.000419	0.000419	0.000419	0.000419	0.000419	0.000419	0.000419	0.000419	0.000419	0.000419	0.000419	0.000419	0.000419	0.000419	0.000419	0.000419	0.000419	0.000419	0.000419	0.000419	0.000419	0.000419	0.000419	0.000419	0.000419	0.000419	0.000419	0.000419	0.000419	0.000419	0.000419	0.000419	0.000419	0.000419	0.000419	0.000419	0.000419	0.000419	0.000419	0.000419	0.000419	0.000419	0.000419	0.000419	0.000419	0.000419	0.000419	0.000419	0.000419	0.000419	0.000419	0.000419	0.000419	0.000419	0.000419	0.000419	0.000419	0.000419	0.000419	0.000419	0.000419	0.000419	0.000419	0.000419	0.000419	0.000419	0.000419	0.000419	0.000419	0.000419	0.000419	0.000419	0.000419	0.000419	0.000419	0.000419	0.000419	0.000419	0.000419	0.000419	0.000419	0.000419	0.000419	0.000419	0.000419	0.000419	0.000419	0.000419	0.000419	0.000419	0.000419	0.000419	0.000419	0.000419	0.000419	0.000419	0.000419	0.000419	0.000419	0.000419	0.000419	0.000419	0.000419	0.000419	0.000419	0.000419	0.000419	0.000419	0.000419	0.000419	0.000419	0.000419	0.000419	0.000419	0.000419	0.000419	0.000419	0.000419	0.000419	0.000419	0.000419	0.000419	0.000419	0.000419	0.000419	0.000419	0.000419	0.000419	0.000419	0.000419	0.000419	0.000419	0.000419	0.000419	0.000419	0.000419	0.000419	0.000419	0.000419	0.000419	0.000419	0.000419	0.000419	0.000419	0.000419	0.000419	0.000419	0.000419	0.000419
Wholesale			0	0	0	0	0	0	0	0	0	0	0	0	0	0	0	0	0	0	0	0	0	0	0	0	0	0	0	0	0	0	0	0	0	0	0	0	0	0	0	0	0	0	0	0	0	0	0	0	0	0	0	0	0	0	0	0	0	0	0	0	0	0	0	0	0	0	0	0	0	0	0	0	0	0	0	0	0	0	0	0	0	0	0	0	0	0	0	0	0	0	0	0	0	0	0	0	0	0	0	0	0	0	0	0	0	0	0	0	0	0	0	0	0	0	0	0	0	0	0	0	0	0	0	0	0	0	0	0	0	0	0	0	0	0	0	0	0	0	0	0	0	0	0	0	0	0	0	0	0	0	0	0	0	0	0	0	0	0	0	0	0	0	0	0	0	0	0	0	0	0	0	0	0	0	0	0	0	0	0	0	0	0	0	0	0	0	0	0	0	0	0	0	0	0	0	0	0	0	0	0	0	0	0	0	0	0	0	0	0	0	0	0	0	0	0	0	0	0	0	0	0	0	0	0	0	0	0	0	0	0	0	0	0	0	0	0	0	0	0	0	0	0	0	0	0	0	0	0	0	0	0	0.000419	0.000419	0.000419	0.000419	0.000419	0.000419	0.000419	0.000419	0.000419	0.000419	0.000419	0.000419	0.000419	0.000419	0.000419	0.000419	0.000419	0.000419	0.000419	0.000419	0.000419	0.000419	0.000419	0.000419	0.000419	0.000419	0.000419	0.000419	0.000419	0.000419	0.000419	0.000419	0.000419	0.000419	0.000419	0.000419	0.000419	0.000419	0.000419	0.000419	0.000419	0.000419	0.000419	0.000419	0.000419	0.000419	0.000419	0.000419	0.000419	0.000419	0.000419	0.000419	0.000419	0.000419	0.000419	0.000419	0.000419	0.000419	0.000419	0.000419	0.000419	0.000419	0.000419	0.000419	0.000419	0.000419	0.000419	0.000419	0.000419	0.000419	0.000419	0.000419	0.000419	0.000419	0.000419	0.000419	0.000419	0.000419	0.000419	0.000419	0.000419	0.000419	0.000419	0.000419	0.000419	0.000419	0.000419	0.000419	0.000419	0.000419	0.000419	0.000419	0.000419	0.000419	0.000419	0.000419	0.000419	0.000419	0.000419	0.000419	0.000419	0.000419	0.000419	0.000419	0.000419	0.000419	0.000419	0.000419	0.000419	0.000419	0.000419	0.000419	0.000419	0.000419
Assistive Technology			0	0	0	0	0	0	0	0	0	0	0	0	0	0	0	0	0	0	0	0	0	0	0	0	0	0	0	0	0	0	0	0	0	0	0	0	0	0	0	0	0	0	0	0	0	0	0	0	0	0	0	0	0	0	0	0	0	0	0	0	0	0	0	0	0	0	0	0	0	0	0	0	0	0	0	0	0	0	0	0	0	0	0	0	0	0	0	0	0	0	0	0	0	0	0	0	0	0	0	0	0	0	0	0	0	0	0	0	0	0	0	0	0	0	0	0	0	0	0	0	0	0	0	0	0	0	0	0	0	0	0	0	0	0	0	0	0	0	0	0	0	0	0	0	0	0	0	0	0	0	0	0	0	0	0	0	0	0	0	0	0	0	0	0	0	0	0	0	0	0	0	0	0	0	0	0	0	0	0	0	0	0	0	0	0	0	0	0	0	0	0	0	0	0	0	0	0	0	0	0	0	0	0	0	0	0	0	0	0	0	0	0	0	0	0	0	0	0	0	0	0	0	0	0	0	0	0	0	0	0	0	0	0	0	0	0	0	0	0	0	0	0	0	0	0	0	0	0	0	0	0	0.000335	0.000335	0.000335	0.000335	0.000335	0.000335	0.000335	0.000335	0.000335	0.000335	0.000335	0.000335	0.000335	0.000335	0.000335	0.000335	0.000335	0.000335	0.000335	0.000335	0.000335	0.000335	0.000335	0.000335	0.000335	0.000335	0.000335	0.000335	0.000335	0.000335	0.000335	0.000335	0.000335	0.000335	0.000335	0.000335	0.000335	0.000335	0.000335	0.000335	0.000335	0.000335	0.000335	0.000335	0.000335	0.000335	0.000335	0.000335	0.000335	0.000335	0.000335	0.000335	0.000335	0.000335	0.000335	0.000335	0.000335	0.000335	0.000335	0.000335	0.000335	0.000335	0.000335	0.000335	0.000335	0.000335	0.000335	0.000335	0.000335	0.000335	0.000335	0.000335	0.000335	0.000335	0.000335	0.000335	0.000335	0.000335	0.000335	0.000335	0.000335	0.000335	0.000335	0.000335	0.000335	0.000335	0.000335	0.000335	0.000335	0.000335	0.000335	0.000335	0.000335	0.000335	0.000335	0.000335	0.000335	0.000335	0.000335	0.000335	0.000335	0.000335	0.000335	0.000335	0.000335	0.000335	0.000335	0.000335	0.000335	0.000335	0.000335	0.000335	0.000335	0.000335
Bioinformatics			0	0	0	0	0	0	0	0	0	0	0	0	0	0	0	0	0	0	0	0	0	0	0	0	0	0	0	0	0	0	0	0	0	0	0	0	0	0	0	0	0	0	0	0	0	0	0	0	0	0	0	0	0	0	0	0	0	0	0	0	0	0	0	0	0	0	0	0	0	0	0	0	0	0	0	0	0	0	0	0	0	0	0	0	0	0	0	0	0	0	0	0	0	0	0	0	0	0	0	0	0	0	0	0	0	0	0	0	0	0	0	0	0	0	0	0	0	0	0	0	0	0	0	0	0	0	0	0	0	0	0	0	0	0	0	0	0	0	0	0	0	0	0	0	0	0	0	0	0	0	0	0	0	0	0	0	0	0	0	0	0	0	0	0	0	0	0	0	0	0	0	0	0	0	0	0	0	0	0	0	0	0	0	0	0	0	0	0	0	0	0	0	0	0	0	0.000335	0.000335	0.000335	0.000335	0.000335	0.000335	0.000335	0.000335	0.000335	0.000335	0.000335	0.000335	0.000335	0.000335	0.000335	0.000335	0.000335	0.000335	0.000335	0.000335	0.000335	0.000335	0.000335	0.000335	0.000335	0.000335	0.000335	0.000335	0.000335	0.000335	0.000335	0.000335	0.000335	0.000335	0.000335	0.000335	0.000335	0.000335	0.000335	0.000335	0.000335	0.000335	0.000335	0.000335	0.000335	0.000335	0.000335	0.000335	0.000335	0.000335	0.000335	0.000335	0.000335	0.000335	0.000335	0.000335	0.000335	0.000335	0.000335	0.000335	0.000335	0.000335	0.000335	0.000335	0.000335	0.000335	0.000335	0.000335	0.000335	0.000335	0.000335	0.000335	0.000335	0.000335	0.000335	0.000335	0.000335	0.000335	0.000335	0.000335	0.000335	0.000335	0.000335	0.000335	0.000335	0.000335	0.000335	0.000335	0.000335	0.000335	0.000335	0.000335	0.000335	0.000335	0.000335	0.000335	0.000335	0.000335	0.000335	0.000335	0.000335	0.000335	0.000335	0.000335	0.000335	0.000335	0.000335	0.000335	0.000335	0.000335	0.000335	0.000335	0.000335	0.000335	0.000335	0.000335	0.000335	0.000335	0.000335	0.000335	0.000335	0.000335	0.000335	0.000335	0.000335	0.000335	0.000335	0.000335	0.000335	0.000335	0.000335	0.000335	0.000335	0.000335	0.000335	0.000335	0.000335	0.000335	0.000335	0.000335	0.000335	0.000335	0.000335	0.000335	0.000335	0.000335	0.000335	0.000335	0.000335	0.000335	0.000335	0.000335	0.000335	0.000335	0.000335	0.000335	0.000335	0.000335	0.000335	0.000335	0.000335	0.000335	0.000335	0.000335	0.000335	0.000335	0.000335	0.000335	0.000335	0.000335
CMS			0	0	0	0	0	0	0	0	0	0	0	0	0	0	0	0	0	0	0	0	0	0	0	0	0	0	0	0	0	0	0	0	0	0	0	0	0	0	0	0	0	0	0	0	0	0	0	0	0	0	0	0	0	0	0	0	0	0	0	0	0	0	0	0	0	0	0	0	0	0	0	0	0	0	0	0	0	0	0	0	0	0	0	0	0	0	0	0	0	0	0	0	0	0	0.000335	0.000335	0.000335	0.000335	0.000335	0.000335	0.000335	0.000335	0.000335	0.000335	0.000335	0.000335	0.000335	0.000335	0.000335	0.000335	0.000335	0.000335	0.000335	0.000335	0.000335	0.000335	0.000335	0.000335	0.000335	0.000335	0.000335	0.000335	0.000335	0.000335	0.000335	0.000335	0.000335	0.000335	0.000335	0.000335	0.000335	0.000335	0.000335	0.000335	0.000335	0.000335	0.000335	0.000335	0.000335	0.000335	0.000335	0.000335	0.000335	0.000335	0.000335	0.000335	0.000335	0.000335	0.000335	0.000335	0.000335	0.000335	0.000335	0.000335	0.000335	0.000335	0.000335	0.000335	0.000335	0.000335	0.000335	0.000335	0.000335	0.000335	0.000335	0.000335	0.000335	0.000335	0.000335	0.000335	0.000335	0.000335	0.000335	0.000335	0.000335	0.000335	0.000335	0.000335	0.000335	0.000335	0.000335	0.000335	0.000335	0.000335	0.000335	0.000335	0.000335	0.000335	0.000335	0.000335	0.000335	0.000335	0.000335	0.000335	0.000335	0.000335	0.000335	0.000335	0.000335	0.000335	0.000335	0.000335	0.000335	0.000335	0.000335	0.000335	0.000335	0.000335	0.000335	0.000335	0.000335	0.000335	0.000335	0.000335	0.000335	0.000335	0.000335	0.000335	0.000335	0.000335	0.000335	0.000335	0.000335	0.000335	0.000335	0.000335	0.000335	0.000335	0.000335	0.000335	0.000335	0.000335	0.000335	0.000335	0.000335	0.000335	0.000335	0.000335	0.000335	0.000335	0.000335	0.000335	0.000335	0.000335	0.000335	0.000335	0.000335	0.000335	0.000335	0.000335	0.000335	0.000335	0.000335	0.000335	0.000335	0.000335	0.000335	0.000335	0.000335	0.000335	0.000335	0.000335	0.000335	0.000335	0.000335	0.000335	0.000335	0.000335	0.000335	0.000335	0.000335	0.000335	0.000335	0.000335	0.000335	0.000335	0.000335	0.000335	0.000335	0.000335	0.000335	0.000335	0.000335	0.000335	0.000335	0.000335	0.000335	0.000335	0.000335	0.000335	0.000335	0.000335	0.000335	0.000335	0.000335	0.000335	0.000335	0.000335	0.000335	0.000335	0.000335	0.000335	0.000335	0.000335	0.000335	0.000335	0.000335	0.000335	0.000335	0.000335	0.000335	0.000335	0.000335	0.000335	0.000335	0.000335	0.000335	0.000335	0.000335	0.000335	0.000335	0.000335	0.000335	0.000335	0.000335	0.000335	0.000335	0.000335	0.000335	0.000335	0.000335	0.000335	0.000335	0.000335	0.000335	0.000335	0.000335	0.000335	0.000335	0.000335	0.000335	0.000335	0.000335	0.000335	0.000335	0.000335	0.000335	0.000335	0.000335	0.000335	0.000335	0.000335	0.000335	0.000335	0.000335	0.000335	0.000335	0.000335	0.000335	0.000335	0.000335	0.000335	0.000335	0.000335	0.000335
Robotic Process Automation (RPA)			0	0	0	0	0	0	0	0	0	0	0	0	0	0	0	0	0	0	0	0	0	0	0	0	0	0	0	0	0	0	0	0	0	0	0	0	0	0	0	0	0	0	0	0	0	0	0	0	0	0	0	0	0	0	0	0	0	0	0	0	0	0	0	0	0	0	0	0	0	0	0	0	0	0	0	0	0	0	0	0	0	0	0	0	0	0	0	0	0	0	0	0	0	0	0	0	0	0	0	0	0	0	0	0	0	0	0	0	0	0	0	0	0	0	0	0	0	0	0	0	0	0	0	0	0	0	0	0	0	0	0	0	0	0	0	0	0	0	0	0	0	0	0	0	0	0	0	0	0	0	0	0	0	0	0	0	0	0	0	0	0	0	0	0	0	0	0	0	0	0	0	0	0	0	0	0	0	0	0	0	0	0	0	0	0	0	0	0	0	0	0	0	0	0	0	0	0	0	0	0	0	0	0	0	0	0	0	0	0	0	0	0	0	0	0	0	0	0	0	0	0	0	0	0	0	0	0	0	0	0	0	0	0	0	0	0	0	0	0	0	0	0	0	0	0	0	0	0	0	0	0	0.000335	0.000335	0.000335	0.000335	0.000335	0.000335	0.000335	0.000335	0.000335	0.000335	0.000335	0.000335	0.000335	0.000335	0.000335	0.000335	0.000335	0.000335	0.000335	0.000335	0.000335	0.000335	0.000335	0.000335	0.000335	0.000335	0.000335	0.000335	0.000335	0.000335	0.000335	0.000335	0.000335	0.000335	0.000335	0.000335	0.000335	0.000335	0.000335	0.000335	0.000335	0.000335	0.000335	0.000335	0.000335	0.000335	0.000335	0.000335	0.000335	0.000335	0.000335	0.000335	0.000335	0.000335	0.000335	0.000335	0.000335	0.000335	0.000335	0.000335	0.000335	0.000335	0.000335	0.000335	0.000335	0.000335	0.000335	0.000335	0.000335	0.000335	0.000335	0.000335	0.000335	0.000335	0.000335	0.000335	0.000335	0.000335	0.000335	0.000335	0.000335	0.000335	0.000335	0.000335	0.000335	0.000335	0.000335	0.000335	0.000335	0.000335	0.000335	0.000335	0.000335	0.000335	0.000335	0.000335	0.000335	0.000335	0.000335	0.000335	0.000335	0.000335	0.000335	0.000335	0.000335	0.000335	0.000335	0.000335	0.000335	0.000335	0.000335	0.000335	0.000335	0.000335
Web Design			0	0	0	0	0	0	0	0	0	0	0	0	0	0	0	0	0	0	0	0	0	0	0	0	0	0	0	0	0	0	0	0	0	0	0	0	0	0	0	0	0	0	0	0	0	0	0	0	0	0	0	0	0	0	0	0	0	0	0	0	0	0	0	0	0	0	0	0	0	0	0	0	0	0	0	0	0	0	0	0	0	0	0	0	0	0	0	0	0	0	0	0	0	0	0.000335	0.000335	0.000335	0.000335	0.000335	0.000335	0.000335	0.000335	0.000335	0.000335	0.000335	0.000335	0.000335	0.000335	0.000335	0.000335	0.000335	0.000335	0.000335	0.000335	0.000335	0.000335	0.000335	0.000335	0.000335	0.000335	0.000335	0.000335	0.000335	0.000335	0.000335	0.000335	0.000335	0.000335	0.000335	0.000335	0.000335	0.000335	0.000335	0.000335	0.000335	0.000335	0.000335	0.000335	0.000335	0.000335	0.000335	0.000335	0.000335	0.000335	0.000335	0.000335	0.000335	0.000335	0.000335	0.000335	0.000335	0.000335	0.000335	0.000335	0.000335	0.000335	0.000335	0.000335	0.000335	0.000335	0.000335	0.000335	0.000335	0.000335	0.000335	0.000335	0.000335	0.000335	0.000335	0.000335	0.000335	0.000335	0.000335	0.000335	0.000335	0.000335	0.000335	0.000335	0.000335	0.000335	0.000335	0.000335	0.000335	0.000335	0.000335	0.000335	0.000335	0.000335	0.000335	0.000335	0.000335	0.000335	0.000335	0.000335	0.000335	0.000335	0.000335	0.000335	0.000335	0.000335	0.000335	0.000335	0.000335	0.000335	0.000335	0.000335	0.000335	0.000335	0.000335	0.000335	0.000335	0.000335	0.000335	0.000335	0.000335	0.000335	0.000335	0.000335	0.000335	0.000335	0.000335	0.000335	0.000335	0.000335	0.000335	0.000335	0.000335	0.000335	0.000335	0.000335	0.000335	0.000335	0.000335	0.000335	0.000335	0.000335	0.000335	0.000335	0.000335	0.000335	0.000335	0.000335	0.000335	0.000335	0.000335	0.000335	0.000335	0.000335	0.000335	0.000335	0.000335	0.000335	0.000335	0.000335	0.000335	0.000335	0.000335	0.000335	0.000335	0.000335	0.000335	0.000335	0.000335	0.000335	0.000335	0.000335	0.000335	0.000335	0.000335	0.000335	0.000335	0.000335	0.000335	0.000335	0.000335	0.000335	0.000335	0.000335	0.000335	0.000335	0.000335	0.000335	0.000335	0.000335	0.000335	0.000335	0.000335	0.000335	0.000335	0.000335	0.000335	0.000335	0.000335	0.000335	0.000335	0.000335	0.000335	0.000335	0.000335	0.000335	0.000335	0.000335	0.000335	0.000335	0.000335	0.000335	0.000335	0.000335	0.000335	0.000335	0.000335	0.000335	0.000335	0.000335	0.000335	0.000335	0.000335	0.000335	0.000335	0.000335	0.000335	0.000335	0.000335	0.000335	0.000335	0.000335	0.000335	0.000335	0.000335	0.000335	0.000335	0.000335	0.000335	0.000335	0.000335	0.000335	0.000335	0.000335	0.000335	0.000335	0.000335	0.000335	0.000335	0.000335	0.000335	0.000335	0.000335	0.000335	0.000335	0.000335	0.000335	0.000335	0.000335	0.000335	0.000335	0.000335	0.000335	0.000335	0.000335	0.000335	0.000335	0.000335	0.000335	0.000335	0.000335
Chemical			0	0	0	0	0	0	0	0	0	0	0	0	0	0	0	0	0	0	0	0	0	0	0	0	0	0	0	0	0	0	0	0	0	0	0	0	0	0	0	0	0	0	0	0	0	0	0	0	0	0	0	0	0	0	0	0	0	0	0	0	0	0	0	0	0	0	0	0	0	0	0	0	0	0	0	0	0	0	0	0	0	0	0	0	0	0	0	0	0	0	0	0	0	0	0	0	0	0	0	0	0	0	0	0	0	0	0	0	0	0	0	0	0	0	0	0	0	0	0	0	0	0	0	0	0	0	0	0	0	0	0	0	0	0	0	0	0	0	0	0	0	0	0	0	0	0	0	0	0	0	0	0	0	0	0	0	0	0	0	0	0	0.000239	0.000239	0.000239	0.000239	0.000239	0.000239	0.000239	0.000239	0.000239	0.000239	0.000239	0.000239	0.000239	0.000239	0.000239	0.000239	0.000239	0.000239	0.000239	0.000239	0.000239	0.000239	0.000239	0.000239	0.000239	0.000239	0.000239	0.000239	0.000239	0.000239	0.000239	0.000239	0.000239	0.000239	0.000239	0.000239	0.000239	0.000239	0.000239	0.000239	0.000239	0.000239	0.000239	0.000239	0.000239	0.000239	0.000239	0.000239	0.000239	0.000239	0.000239	0.000239	0.000239	0.000239	0.000239	0.000239	0.000239	0.000239	0.000239	0.000239	0.000239	0.000239	0.000239	0.000239	0.000239	0.000239	0.000239	0.000239	0.000239	0.000239	0.000239	0.000239	0.000239	0.000239	0.000239	0.000239	0.000239	0.000239	0.000239	0.000239	0.000239	0.000239	0.000239	0.000239	0.000239	0.000239	0.000239	0.000239	0.000239	0.000239	0.000239	0.000239	0.000239	0.000239	0.000239	0.000239	0.000239	0.000239	0.000239	0.000239	0.000239	0.000239	0.000239	0.000239	0.000239	0.000239	0.000239	0.000239	0.000239	0.000239	0.000239	0.000239	0.000239	0.000239	0.000239	0.000239	0.000239	0.000239	0.000239	0.000239	0.000239	0.000239	0.000239	0.000239	0.000239	0.000239	0.000239	0.000239	0.000239	0.000239	0.000239	0.000239	0.000239	0.000239	0.000239	0.000239	0.000239	0.000239	0.000239	0.000239	0.000239	0.000239	0.000239	0.000239	0.000239	0.000239	0.000239	0.000239	0.000239	0.000239	0.000239	0.000239	0.000239	0.000239	0.000239	0.000239	0.000239	0.000239	0.000239	0.000239	0.000239	0.000239	0.000239	0.000239	0.000239	0.000239	0.000239	0.000239	0.000239	0.000239	0.000239	0.000239	0.000239	0.000239	0.000239	0.000239	0.000239	0.000239	0.000239	0.000239	0.000239	0.000239	0.000239	0.000239	0.000239	0.000239	0.000239	0.000239	0.000239	0.000239	0.000239	0.000239	0.000239	0.000239	0.000239	0.000239	0.000239	0.000239	0.000239	0.000239	0.000239	0.000239	0.000239	0.000239
Biopharma			0	0	0	0	0	0	0	0	0	0	0	0	0	0	0	0	0	0	0	0	0	0	0	0	0	0	0	0	0	0	0	0	0	0	0	0	0	0	0	0	0	0	0	0	0	0	0	0	0	0	0	0	0	0	0	0	0	0	0	0	0	0	0	0	0	0	0	0	0	0	0	0	0	0	0	0	0	0	0	0	0	0	0	0	0	0	0	0	0	0	0	0	0	0	0	0	0	0	0	0	0	0	0	0	0	0	0	0	0	0	0	0	0	0	0	0	0	0	0	0	0	0	0	0	0	0	0	0	0	0	0	0	0	0	0	0	0	0	0	0	0	0	0	0	0	0	0	0	0	0	0	0	0	0	0	0	0	0	0	0	0	0	0	0	0	0	0	0	0	0	0	0	0	0	0	0	0	0	0	0	0	0	0	0	0	0	0	0	0	0	0	0	0	0	0	0	0	0	0	0	0	0	0	0	0	0	0	0	0	0	0	0	0	0	0	0	0	0	0	0	0	0	0	0	0	0.000134	0.000134	0.000134	0.000134	0.000134	0.000134	0.000134	0.000134	0.000134	0.000134	0.000134	0.000134	0.000134	0.000134	0.000134	0.000134	0.000134	0.000134	0.000134	0.000134	0.000134	0.000134	0.000134	0.000134	0.000134	0.000134	0.000134	0.000134	0.000134	0.000134	0.000134	0.000134	0.000134	0.000134	0.000134	0.000134	0.000134	0.000134	0.000134	0.000134	0.000134	0.000134	0.000134	0.000134	0.000134	0.000134	0.000134	0.000134	0.000134	0.000134	0.000134	0.000134	0.000134	0.000134	0.000134	0.000134	0.000134	0.000134	0.000134	0.000134	0.000134	0.000134	0.000134	0.000134	0.000134	0.000134	0.000134	0.000134	0.000134	0.000134	0.000134	0.000134	0.000134	0.000134	0.000134	0.000134	0.000134	0.000134	0.000134	0.000134	0.000134	0.000134	0.000134	0.000134	0.000134	0.000134	0.000134	0.000134	0.000134	0.000134	0.000134	0.000134	0.000134	0.000134	0.000134	0.000134	0.000134	0.000134	0.000134	0.000134	0.000134	0.000134	0.000134	0.000134	0.000134	0.000134	0.000134	0.000134	0.000134	0.000134	0.000134	0.000134	0.000134	0.000134	0.000134	0.000134	0.000134	0.000134	0.000134	0.000134	0.000134	0.000134	0.000134	0.000134	0.000134	0.000134	0.000134	0.000134	0.000134	0.000134	0.000134	0.000134	0.000134	0.000134	0.000134	0.000134	0.000134	0.000134	0.000134	0.000134
Data Mining			0	0	0	0	0	0	0	0	0	0	0	0	0	0	0	0	0	0	0	0	0	0	0	0	0	0	0	0	0	0	0	0	0	0	0	0	0	0	0	0	0	0	0	0	0	0	0	0	0	0	0	0	0	0	0	0	0	0	0	0	0	0	0	0	0.000028	0.000028	0.000028	0.000028	0.000028	0.000028	0.000028	0.000028	0.000028	0.000028	0.000028	0.000028	0.000028	0.000028	0.000028	0.000028	0.000028	0.000028	0.000028	0.000028	0.000028	0.000028	0.000028	0.000028	0.000028	0.000028	0.000028	0.000028	0.000028	0.000028	0.000028	0.000028	0.000028	0.000028	0.000028	0.000028	0.000028	0.000028	0.000028	0.000028	0.000028	0.000028	0.000028	0.000028	0.000028	0.000028	0.000028	0.000028	0.000028	0.000028	0.000028	0.000028	0.000028	0.000028	0.000028	0.000028	0.000028	0.000028	0.000028	0.000028	0.000028	0.000028	0.000028	0.000028	0.000028	0.000028	0.000028	0.000028	0.000028	0.000028	0.000028	0.000028	0.000028	0.000028	0.000028	0.000028	0.000028	0.000028	0.000028	0.000028	0.000028	0.000028	0.000028	0.000028	0.000028	0.000028	0.000028	0.000028	0.000028	0.000028	0.000028	0.000028	0.000028	0.000028	0.000028	0.000028	0.000028	0.000028	0.000028	0.000028	0.000028	0.000028	0.000028	0.000028	0.000028	0.000028	0.000028	0.000028	0.000028	0.000028	0.000028	0.000028	0.000028	0.000028	0.000028	0.000028	0.000028	0.000028	0.000028	0.000028	0.000028	0.000028	0.000028	0.000028	0.000028	0.000028	0.000028	0.000028	0.000028	0.000028	0.000028	0.000028	0.000028	0.000028	0.000028	0.000028	0.000028	0.000028	0.000028	0.000028	0.000028	0.000028	0.000028	0.000028	0.000028	0.000028	0.000028	0.000028	0.000028	0.000028	0.000028	0.000028	0.000028	0.000028	0.000028	0.000028	0.000028	0.000028	0.000028	0.000028	0.000028	0.000028	0.000028	0.000028	0.000028	0.000028	0.000028	0.000028	0.000028	0.000028	0.000028	0.000028	0.000028	0.000028	0.000028	0.000028	0.000028	0.000028	0.000028	0.000028	0.000028	0.000028	0.000028	0.000028	0.000028	0.000028	0.000028	0.000028	0.000028	0.000028	0.000028	0.000028	0.000028	0.000028	0.000028	0.000028	0.000028	0.000028	0.000028	0.000028	0.000028	0.000028	0.000028	0.000028	0.000028	0.000028	0.000028	0.000028	0.000028	0.000028	0.000028	0.000028	0.000028	0.000028	0.000028	0.000028	0.000028	0.000028	0.000028	0.000028	0.000028	0.000028	0.000028	0.000028	0.000028	0.000028	0.000028	0.000028	0.000028	0.000028	0.000028	0.000028	0.000028	0.000028	0.000028	0.000028	0.000028	0.000028	0.000028	0.000028	0.000028	0.000028	0.000028	0.000028	0.000028	0.000028	0.000028	0.000028	0.000028	0.000028	0.000028	0.000028	0.000028	0.000028	0.000028	0.000028	0.000028	0.000028	0.000028	0.000028	0.000028	0.000028	0.000028	0.000028	0.000028	0.000028	0.000028	0.000028	0.000028	0.000028	0.000028	0.000028	0.000028	0.000028	0.000028	0.000028	0.000028	0.000028	0.000028	0.000028	0.000028	0.000028	0.000028	0.000028	0.000028	0.000028	0.000028	0.000028	0.000028	0.000028	0.000028	0.000028	0.000028	0.000028	0.000028	0.000028	0.000028	0.000028	0.000028	0.000028	0.000028
mHealth			0	0	0	0	0	0	0	0	0	0	0	0	0	0	0	0	0	0	0	0	0	0	0	0	0	0	0	0	0	0	0	0	0	0	0	0	0	0	0	0	0	0	0	0	0	0	0	0	0	0	0	0	0	0	0	0	0	0	0	0	0	0	0	0	0	0	0	0	0	0	0	0	0	0	0	0	0	0	0	0	0	0	0	0	0	0	0	0	0	0	0	0	0	0	0	0	0	0	0	0	0	0	0	0	0	0	0	0	0	0	0	0	0	0	0	0	0	0	0	0	0	0	0	0	0	0	0	0	0	0	0	0	0	0	0	0	0	0	0	0	0	0	0	0	0	0	0	0	0	0	0	0	0	0	0	0	0	0	0	0	0	0	0	0	0	0	0	0	0	0	0	0	0	0	0	0	0	0	0	0	0	0	0	0	0	0	0	0	0	0	0	0	0	0	0	0	0	0	0	0	0	0	0	0	0	0	0	0	0	0	0	0	0	0	0	0	0	0	0	0	0	0	0	0	0	0	0	0	0	0	0	0	0	0	0	0	0	0	0	0	0	0	0	0	0	0	0	0	0	0	0	0	0	0	0	0	0	0	0.000021	0.000021	0.000021	0.000021	0.000021	0.000021	0.000021	0.000021	0.000021	0.000021	0.000021	0.000021	0.000021	0.000021	0.000021	0.000021	0.000021	0.000021	0.000021	0.000021	0.000021	0.000021	0.000021	0.000021	0.000021	0.000021	0.000021	0.000021	0.000021	0.000021	0.000021	0.000021	0.000021	0.000021	0.000021	0.000021	0.000021	0.000021	0.000021	0.000021	0.000021	0.000021	0.000021	0.000021	0.000021	0.000021	0.000021	0.000021	0.000021	0.000021	0.000021	0.000021	0.000021	0.000021	0.000021	0.000021	0.000021	0.000021	0.000021	0.000021	0.000021	0.000021	0.000021	0.000021	0.000021	0.000021	0.000021	0.000021	0.000021	0.000021	0.000021	0.000021	0.000021	0.000021	0.000021	0.000021	0.000021	0.000021	0.000021	0.000021	0.000021	0.000021	0.000021	0.000021	0.000021	0.000021	0.000021	0.000021	0.000021	0.000021	0.000021	0.000021	0.000021	0.000021	0.000021	0.000021	0.000021	0.000021	0.000021	0.000021	0.000021	0.000021	0.000021	0.000021	0.000021	0.000021	0.000021
