Industry,Category,Image,"Jan 1, 2025","Jan 8, 2025","Jan 15, 2025","Jan 22, 2025","Jan 29, 2025","Feb 5, 2025","Feb 12, 2025","Feb 19, 2025","Feb 26, 2025","Mar 5, 2025","Mar 12, 2025","Mar 19, 2025","Mar 26, 2025","Apr 2, 2025","Apr 9, 2025","Apr 16, 2025","Apr 23, 2025","Apr 30, 2025","May 7, 2025","May 14, 2025","May 21, 2025","May 28, 2025","Jun 4, 2025","Jun 11, 2025","Jun 18, 2025","Jun 25, 2025","Jul 2, 2025","Jul 9, 2025","Jul 16, 2025","Jul 23, 2025","Jul 30, 2025","Aug 6, 2025","Aug 13, 2025","Aug 20, 2025","Aug 27, 2025","Sep 3, 2025","Sep 10, 2025","Sep 17, 2025","Sep 24, 2025","Oct 1, 2025","Oct 8, 2025","Oct 15, 2025","Oct 22, 2025","Oct 29, 2025","Nov 5, 2025","Nov 12, 2025","Nov 19, 2025","Nov 26, 2025","Dec 3, 2025","Dec 10, 2025","Dec 17, 2025","Dec 24, 2025","Dec 31, 2025"
Artificial Intelligence (AI),,,0.000016667,0.000183333,0.002540556,0.008650159,0.016224048,0.025869048,0.035595715,0.043151271,0.050202541,0.054670568,0.062150319,0.067343217,0.073821349,0.081142104,0.087328207,0.097210203,0.105579236,0.114352423,0.12345423,0.127358674,0.133695768,0.140197284,0.145996719,0.290634767,0.788958537,1.286370258,1.783499338,2.279389289,2.285103915,2.287549103,2.295225006,2.309406742,2.324901811,2.340285589,2.353054326,2.359908659,2.366974658,2.375285012,2.385798838,2.395838799,2.402873983,2.409991111,2.415034706,2.41969765,2.42522565,2.430655928,2.435131761,2.440159816,2.44429815,2.449503526,2.455909987,2.464686231,2.473090327
Machine Learning,,,0,0,0.0021,0.007,0.0119,0.0168,0.021,0.021,0.021,0.021074,0.021249444,0.021441555,0.021633666,0.021801111,0.023463412,0.027299523,0.031132857,0.03496619,0.038251904,0.038348571,0.041065109,0.044121069,0.04717703,0.186433189,0.6642838,1.141018522,1.617753244,2.094487967,2.094497689,2.094544356,2.094591022,2.094637689,2.094684356,2.094697689,2.094811975,2.094945308,2.095145308,2.095511975,2.095802451,2.096035785,2.096269118,2.096269118,2.096269118,2.096667451,2.098061618,2.099455785,2.100849951,2.102544118,2.103244118,2.103944118,2.1049806,2.107986865,2.110904316
Agentic AI,,,0,0,0,0.000019048,0.000152381,0.000285715,0.00049881,0.001190477,0.001767858,0.002326191,0.002884524,0.002964286,0.002964286,0.002964286,0.003103175,0.004108731,0.005360953,0.006648175,0.007935397,0.008389286,0.008480953,0.008480953,0.008480953,0.144671429,0.624456787,1.104242145,1.584027503,2.06381286,2.064703915,2.064703915,2.065745582,2.073037248,2.080328915,2.087620582,2.094912248,2.095953915,2.095953915,2.095953915,2.095953915,2.095953915,2.095953915,2.095953915,2.095953915,2.095953915,2.095953915,2.095953915,2.095953915,2.095953915,2.095953915,2.095953915,2.095953915,2.095953915,2.095953915
Generative AI,,,0,0,0,0,0.000116667,0.000233333,0.00035,0.000466667,0.00052,0.000543333,0.000978889,0.001414445,0.001836667,0.002248889,0.002366667,0.002366667,0.002825,0.006033334,0.009280834,0.012588334,0.015899167,0.01646,0.016541667,0.15275381,0.629479763,1.106204763,1.582929763,2.059654763,2.059663096,2.059709763,2.059756429,2.059803096,2.059849763,2.060563096,2.061263096,2.062256429,2.065493096,2.068736429,2.071979763,2.075731096,2.077735429,2.078849763,2.079679096,2.080195096,2.080329763,2.080639763,2.082536429,2.084403096,2.086269763,2.088136429,2.088403096,2.088403096,2.088403096
Autonomous Vehicles,,,0,0,0,0,0,0,0,0,0,0,0,0,0,0,0,0,0,0,0,0,0,0,0.000324611,0.136839698,0.613830975,1.090822253,1.567581665,2.044248332,2.044248332,2.044248332,2.044248332,2.044248332,2.044248332,2.044248332,2.044248332,2.044248332,2.044248332,2.044248332,2.044248332,2.044248332,2.044248332,2.044248332,2.044248332,2.044248332,2.044248332,2.044248332,2.044248332,2.044248332,2.044248332,2.044248332,2.044248332,2.044248332,2.044248332
Data Collection and Labeling,,,0,0,0,0,0,0,0,0,0,0,0,0,0,0,0,0,0,0,0,0,0,0,0,0.136190476,0.612857143,1.08952381,1.566190476,2.042857143,2.042857143,2.042857143,2.042857143,2.042857143,2.042857143,2.042857143,2.042857143,2.042857143,2.042857143,2.042857143,2.042857143,2.042857143,2.042857143,2.042857143,2.042857143,2.042857143,2.042857143,2.042857143,2.042857143,2.042857143,2.042857143,2.042857143,2.042857143,2.042857143,2.042857143
Image Recognition,,,0,0,0,0,0,0,0,0,0,0,0,0,0,0,0,0,0,0,0,0,0,0,0,0.136190476,0.612857143,1.08952381,1.566190476,2.042857143,2.042857143,2.042857143,2.042857143,2.042857143,2.042857143,2.042857143,2.042857143,2.042857143,2.042857143,2.042857143,2.042857143,2.042857143,2.042857143,2.042857143,2.042857143,2.042857143,2.042857143,2.042857143,2.042857143,2.042857143,2.042857143,2.042857143,2.042857143,2.042857143,2.042857143
FinTech,,,0,0,0.004766667,0.015966667,0.030433333,0.045341667,0.060145278,0.065315555,0.0681525,0.070173472,0.070786111,0.071296527,0.071840277,0.07275125,0.073314232,0.074752469,0.077185455,0.081667495,0.086068424,0.089665626,0.093558041,0.095743624,0.09824312,0.10564851,0.123994717,0.156534256,0.200959797,0.243240302,0.273769191,0.290125858,0.295193636,0.327278081,0.432884747,0.537845858,0.641556969,0.745825997,0.748282803,0.751214518,0.757566063,0.765455802,0.771686374,0.790113613,0.810155652,0.826547319,0.846827874,0.85905843,0.863047319,0.913602875,0.961630652,1.009172319,1.056713986,1.078338986,1.086630652
Payments,,,0,0,0,0,0.003266667,0.010308333,0.0267875,0.043266667,0.0574125,0.070713889,0.071025,0.071706481,0.073313889,0.074921296,0.076217593,0.077513889,0.077513889,0.077513889,0.077513889,0.077513889,0.077513889,0.077513889,0.077680556,0.078963788,0.083377558,0.087791328,0.092205099,0.095541159,0.096430048,0.096430048,0.096430048,0.12585227,0.228830048,0.331807826,0.434785603,0.537763381,0.537763381,0.537763381,0.537763381,0.537763381,0.537763381,0.537763381,0.549430048,0.561096714,0.572763381,0.584430048,0.587763381,0.587763381,0.588013381,0.588888381,0.589763381,0.590638381,0.591513381
Financial Services,,,0,0,0.0047,0.015666667,0.0299,0.044575,0.0587875,0.0636,0.066079167,0.067625,0.067625,0.067625,0.067658333,0.068058889,0.068593399,0.070044969,0.072523206,0.076761998,0.080936346,0.084319467,0.0875428,0.088834467,0.090479796,0.097010186,0.114456393,0.145945932,0.189321473,0.230535311,0.259790867,0.275313089,0.277879756,0.277879756,0.277879756,0.277879756,0.277879756,0.277906423,0.277999756,0.278287999,0.281996071,0.287891644,0.293693883,0.312295288,0.332354827,0.348763994,0.36906205,0.381249272,0.385138161,0.435693717,0.483471494,0.530138161,0.576804828,0.590138161,0.590138161
SaaS,,,0,0.000163333,0.001228889,0.002994445,0.00476,0.006586667,0.007746429,0.008738096,0.009549762,0.010467234,0.01142504,0.012299645,0.01400708,0.015679849,0.017212339,0.019558025,0.02126158,0.025715136,0.030169525,0.033833414,0.037486747,0.038356747,0.039215466,0.041218503,0.045379277,0.049493266,0.053485032,0.056392532,0.057027691,0.05769658,0.058365469,0.059034358,0.059683247,0.059983247,0.06205408,0.064162414,0.066537414,0.07016908,0.07330158,0.076363247,0.07942158,0.082639914,0.084393247,0.086398247,0.089430747,0.092063247,0.09525908,0.100457136,0.120465623,0.234811695,0.349130361,0.46114767,0.572564978
Trading Platform,,,0,0,0,0,0,0,0,0,0,0.000088889,0.0004,0.000711111,0.001022222,0.001333333,0.001333333,0.001333333,0.00168,0.004106666,0.00655,0.009005833,0.011461666,0.0118375,0.011858333,0.014525,0.023858333,0.033191666,0.042525,0.051858333,0.051858333,0.051858333,0.051858333,0.080747222,0.181858333,0.282969444,0.384080555,0.485191666,0.485191666,0.485191666,0.485191666,0.485191666,0.485191666,0.485191666,0.485191666,0.485191666,0.485191666,0.485191666,0.485191666,0.485191666,0.485191666,0.485191666,0.485191666,0.485191666,0.485191666
E-Commerce Platforms,,,0,0,0,0,0.008666667,0.028888889,0.049111111,0.069333334,0.086666667,0.086666667,0.086666667,0.086666667,0.086666667,0.086666667,0.086666667,0.086666667,0.086666667,0.086666667,0.086666667,0.086666667,0.086666667,0.112857143,0.20452381,0.296190477,0.387857143,0.47952381,0.47952381,0.47952381,0.47952381,0.47952381,0.47952381,0.47952381,0.47952381,0.47952381,0.47952381,0.47952381,0.47952381,0.47952381,0.47952381,0.47952381,0.47952381,0.47952381,0.47952381,0.47952381,0.47952381,0.47952381,0.47952381,0.47952381,0.47952381,0.47952381,0.47952381,0.47952381,0.47952381
Construction,,,0,0,0,0,0,0,0,0,0,0.0005,0.004,0.0075,0.011,0.0145,0.015,0.015,0.015,0.015,0.015,0.015,0.015,0.015,0.015,0.015,0.015,0.015,0.015,0.015,0.015,0.015,0.015,0.015,0.015,0.015,0.015,0.015,0.015,0.015,0.015,0.015,0.015,0.015,0.015,0.015,0.015,0.015,0.015,0.015,0.030804598,0.141436782,0.25273073,0.364907032,0.477083333
Fleet Management,,,0,0,0,0,0,0,0,0,0,0,0,0,0,0,0,0,0,0,0,0,0,0,0,0,0,0,0,0,0,0,0,0,0,0,0,0,0,0,0,0,0,0,0,0,0,0,0,0,0.015804598,0.126436782,0.237068965,0.347701149,0.458333333
Rental,,,0,0,0,0,0,0,0,0,0,0,0,0,0,0,0,0,0,0,0,0,0,0,0,0,0,0,0,0,0,0,0,0,0,0,0,0,0,0,0,0,0,0,0,0,0,0,0,0,0.015804598,0.126436782,0.237068965,0.347701149,0.458333333
Cryptocurrency,,,0,0,0,0,0,0,0,0,0,0.000088889,0.0004,0.000711111,0.001022222,0.001333333,0.001333333,0.001333333,0.00168,0.004106666,0.006533333,0.00896,0.011386666,0.011733333,0.011733333,0.011733333,0.011733333,0.011733333,0.011733333,0.011733333,0.011733333,0.011733333,0.011733333,0.040622222,0.141733333,0.242844444,0.343955555,0.445066666,0.445066666,0.445066666,0.445066666,0.445066666,0.445066666,0.445066666,0.445066666,0.445066666,0.445066666,0.445066666,0.445066666,0.445066666,0.445066666,0.445066666,0.445066666,0.445066666,0.445066666
Blockchain,,,0,0,0,0,0,0,0,0,0,0.000088889,0.0004,0.000711111,0.001022222,0.001333333,0.001333333,0.001333333,0.001333333,0.001333333,0.001333333,0.001333333,0.001333333,0.001333333,0.001333333,0.001333333,0.001333333,0.001333333,0.001333333,0.001333333,0.001333333,0.001333333,0.003083333,0.033722222,0.136583333,0.239444444,0.341055555,0.442166666,0.442166666,0.442166666,0.442166666,0.442166666,0.442166666,0.442166666,0.442166666,0.442166666,0.442166666,0.442166666,0.442166666,0.442166666,0.442166666,0.442166666,0.442166666,0.442166666,0.442166666
Bitcoin,,,0,0,0,0,0,0,0,0,0,0.000088889,0.0004,0.000711111,0.001022222,0.001333333,0.001333333,0.001333333,0.001333333,0.001333333,0.001333333,0.001333333,0.001333333,0.001333333,0.001333333,0.001333333,0.001333333,0.001333333,0.001333333,0.001333333,0.001333333,0.001333333,0.001333333,0.030222222,0.131333333,0.232444444,0.333555555,0.434666666,0.434666666,0.434666666,0.434666666,0.434666666,0.434666666,0.434666666,0.434666666,0.434666666,0.434666666,0.434666666,0.434666666,0.434666666,0.434916666,0.435791666,0.436666666,0.437541666,0.438416666
Food Delivery,,,0,0,0,0,0,0,0,0,0,0,0,0,0,0,0,0,0,0,0,0,0,0.026190476,0.117857143,0.20952381,0.301190476,0.392857143,0.392857143,0.392857143,0.392857143,0.392857143,0.39289881,0.393190476,0.393482143,0.394329365,0.398509921,0.402440476,0.406746032,0.411607143,0.413134921,0.414107144,0.414940477,0.414940477,0.414940477,0.414940477,0.414940477,0.414940477,0.414940477,0.414940477,0.414940477,0.414940477,0.414940477,0.414940477,0.414940477
Delivery,,,0,0,0,0,0,0,0,0,0,0,0,0,0,0,0,0,0,0,0,0,0,0.026190476,0.117857143,0.20952381,0.301190476,0.392857143,0.392857143,0.392857143,0.392857143,0.392857143,0.392857143,0.392857143,0.392857143,0.393412699,0.397301588,0.401190477,0.405496032,0.410357143,0.411884921,0.412857144,0.413690477,0.413690477,0.413690477,0.413690477,0.413690477,0.413690477,0.413690477,0.413690477,0.413690477,0.413690477,0.413690477,0.413690477,0.413690477
Marketplace,,,0,0,0,0,0,0,0,0,0,0,0,0,0,0,0,0,0.000023333,0.000046667,0.00007,0.000093333,0.0001,0.026290476,0.117957143,0.20962381,0.301290476,0.392957143,0.392957143,0.392957143,0.392957143,0.392957143,0.394707143,0.396457143,0.398207143,0.399957143,0.400571429,0.400704762,0.400838096,0.400971429,0.401028572,0.401028572,0.401161905,0.402095239,0.403028572,0.403961905,0.404895239,0.405028572,0.405028572,0.405028572,0.405028572,0.405028572,0.40516269,0.405475631,0.405788572
Online Portals,,,0,0,0,0,0,0,0,0,0,0,0,0,0,0,0,0,0,0,0,0,0,0.026190476,0.117857143,0.20952381,0.301190476,0.392857143,0.392857143,0.392857143,0.392857143,0.392857143,0.392857143,0.392857143,0.392857143,0.392857143,0.392857143,0.392857143,0.392857143,0.392857143,0.392857143,0.392857143,0.392857143,0.392857143,0.392857143,0.392857143,0.392857143,0.392857143,0.392857143,0.392857143,0.392857143,0.392857143,0.392857143,0.392857143,0.392857143
Enterprise Software,,,0,0,0,0.0007,0.0014,0.0021,0.0028,0.003,0.003,0.003074,0.003246667,0.003419333,0.003792,0.004406667,0.00651619,0.01081619,0.015049524,0.018882857,0.022168571,0.044668571,0.070918571,0.097946349,0.124974126,0.137004285,0.140909841,0.144259841,0.147387618,0.150515396,0.151406666,0.151406666,0.152448333,0.159739999,0.167031666,0.174323333,0.181614999,0.182987499,0.192264999,0.219687409,0.249559279,0.279885315,0.308141351,0.311950721,0.312670631,0.312862297,0.312920631,0.315158964,0.320595631,0.326915631,0.333635631,0.339612297,0.341128964,0.341728964,0.341728964
Prediction Markets,,,0,0,0,0,0,0,0,0,0,0,0,0,0,0,0,0,0,0,0,0,0,0,0,0,0,0.001233333,0.009866667,0.0185,0.027133333,0.035766667,0.037,0.037,0.0376,0.03865,0.0397,0.040776667,0.04162,0.041713333,0.041806667,0.0419,0.0419,0.0539,0.0679,0.0819,0.0959,0.1019,0.1019,0.148566667,0.195233333,0.2419,0.288566667,0.3019,0.3019
Financial Exchanges,,,0,0,0,0,0,0,0,0,0,0,0,0,0,0,0,0,0,0,0.000016667,0.000045833,0.000075,0.000104167,0.000125,0.000125,0.000125,0.001358333,0.009991667,0.018625,0.027442778,0.036721667,0.038600556,0.039246111,0.039891667,0.039891667,0.039891667,0.039918334,0.040011667,0.040105,0.040198334,0.040291667,0.040291667,0.052291667,0.066291667,0.080291667,0.094291667,0.100291667,0.100291667,0.146958334,0.193625,0.240291667,0.286958334,0.300291667,0.300291667
Predictive Analytics,,,0,0,0,0,0,0,0,0,0,0,0,0,0,0,0,0,0,0,0,0,0,0,0,0,0.00013,0.001493333,0.010256667,0.01902,0.027690476,0.03632381,0.037557143,0.037557143,0.037557143,0.037557143,0.037557143,0.03758381,0.037677143,0.037770476,0.03786381,0.037957143,0.037957143,0.049957143,0.063957143,0.077957143,0.091957143,0.097957143,0.097957143,0.14462381,0.191290476,0.237957143,0.28462381,0.297957143,0.297957143
Human Resources,,,0,0,0,0,0,0.003333333,0.015,0.026666667,0.038333333,0.050261806,0.050694445,0.051127084,0.051559722,0.051825695,0.051854167,0.051854167,0.051854167,0.051854167,0.051854167,0.074408334,0.103141161,0.132381218,0.161621275,0.175861332,0.177318697,0.178368697,0.179418697,0.180468697,0.181518697,0.181668697,0.181878874,0.18212408,0.182369286,0.182614493,0.182719581,0.182719581,0.182730692,0.182769581,0.18280847,0.182847359,0.182886248,0.182886248,0.194552915,0.206219581,0.217886248,0.229552915,0.232886248,0.232886248,0.232886248,0.232886248,0.232886248,0.232886248,0.232886248
Bookkeeping and Payroll,,,0,0,0,0,0,0.003333333,0.015,0.026666667,0.038333333,0.05,0.05,0.05,0.05,0.05,0.05,0.05,0.05,0.05,0.05,0.0725,0.09875,0.125,0.15125,0.1625,0.1625,0.1625,0.1625,0.162516667,0.162555556,0.162594445,0.162633334,0.162666667,0.162666667,0.162666667,0.162666667,0.162666667,0.162666667,0.162666667,0.162666667,0.162666667,0.162666667,0.162666667,0.174333334,0.186,0.197666667,0.209333334,0.212666667,0.212666667,0.212666667,0.212666667,0.212666667,0.212666667,0.212666667
Productivity Tools,,,0,0,0,0,0.000666667,0.003,0.005333333,0.007666667,0.01002,0.010043333,0.010066667,0.01009,0.0101,0.0101,0.0101,0.0101,0.0101,0.0101,0.0101,0.0101,0.0101,0.0101,0.0101,0.0101,0.013682739,0.017894317,0.026829227,0.035839694,0.042470728,0.047269617,0.048716284,0.049249617,0.051116284,0.052982951,0.054849617,0.056716284,0.063382951,0.086716284,0.110924617,0.137320451,0.163716284,0.166778784,0.169841284,0.169841284,0.169841284,0.169841284,0.169841284,0.169841284,0.169841284,0.169841284,0.169841284,0.169841284,0.169841284
Energy,,,0,0.000146667,0.001173333,0.0022,0.01031,0.036128333,0.061066667,0.085858333,0.11065,0.11065,0.11065,0.11065,0.11065,0.11065,0.11065,0.11065,0.11065,0.11065,0.11065,0.11065,0.11065,0.11065,0.11065,0.110652381,0.110669048,0.110685715,0.110702381,0.110719048,0.110721429,0.110721429,0.110721429,0.110721429,0.110721429,0.110721429,0.110721429,0.110721429,0.110721429,0.110721429,0.110721429,0.110721429,0.110721429,0.110721429,0.111054762,0.112221429,0.113388096,0.114554762,0.116638096,0.118776985,0.120915874,0.126781471,0.141658282,0.154701761,0.167745239
E-Commerce,,,0.000222222,0.001777778,0.003333334,0.004888889,0.015111111,0.035997223,0.057765278,0.079533334,0.098412501,0.101011667,0.104698334,0.108755371,0.113738334,0.118721297,0.120017594,0.12131389,0.12131389,0.12131389,0.12131389,0.12131389,0.12131389,0.12131389,0.12131389,0.12131389,0.12131389,0.12131389,0.12131389,0.121368057,0.121747223,0.12212639,0.122547223,0.123218057,0.12356389,0.124411112,0.128591668,0.132522224,0.136827779,0.14168889,0.143216668,0.144188891,0.145155557,0.146188891,0.147822224,0.149455557,0.151088891,0.151922224,0.152022224,0.152022224,0.152022224,0.152022224,0.152022224,0.152022224,0.152022224
Compliance,,,0,0.000029167,0.000058333,0.0000875,0.000116667,0.003458333,0.015125,0.026791667,0.038458333,0.050153472,0.050352778,0.050552083,0.050751389,0.051117917,0.051313612,0.051480834,0.051648056,0.051695834,0.051695834,0.051695834,0.051695834,0.051695834,0.051695834,0.051695834,0.051695834,0.051695834,0.051695834,0.051695834,0.051695834,0.05241012,0.05741012,0.062410119,0.067410119,0.072410119,0.073124405,0.073124405,0.073124405,0.073124405,0.073124405,0.073124405,0.073124405,0.073124405,0.084791072,0.096457738,0.108124405,0.119791072,0.123124405,0.123124405,0.123124405,0.123124405,0.123124405,0.123124405,0.123124405
Collaboration,,,0,0,0,0,0.000169391,0.000762258,0.001355125,0.001947993,0.00256086,0.002584193,0.002607527,0.00263086,0.00264086,0.00264086,0.00264086,0.00264086,0.00264086,0.00264086,0.00264086,0.00264086,0.00264086,0.00264086,0.00264086,0.00264086,0.00264086,0.00264086,0.00264086,0.00264086,0.00264086,0.00264086,0.00264086,0.00264086,0.00264086,0.00264086,0.00264086,0.00264086,0.009307527,0.03264086,0.056849193,0.083245027,0.10964086,0.11270336,0.11576586,0.11576586,0.11576586,0.11576586,0.11576586,0.11576586,0.11576586,0.11576586,0.11576586,0.11576586,0.11576586
Employment,,,0,0,0,0,0,0,0,0,0,0.000233333,0.000466667,0.0007,0.000933333,0.001,0.001,0.001,0.001,0.001,0.001,0.0235,0.04975,0.076,0.10225,0.1135,0.1135,0.1135,0.1135,0.1135,0.1135,0.1135,0.113710177,0.113955383,0.114200589,0.114445796,0.114550884,0.114550884,0.114550884,0.114550884,0.114550884,0.114550884,0.114550884,0.114550884,0.114550884,0.114550884,0.114550884,0.114550884,0.114550884,0.114550884,0.114550884,0.114550884,0.114550884,0.114550884,0.114550884
Recruiting,,,0,0,0,0,0,0.003333333,0.015,0.026666667,0.038333333,0.05,0.050004167,0.050033333,0.0500625,0.050091667,0.050120833,0.050125,0.050125,0.050125,0.050125,0.050125,0.052228661,0.054839551,0.057450441,0.060061332,0.06131453,0.06131453,0.06131453,0.06131453,0.06131453,0.06131453,0.06131453,0.06131453,0.06131453,0.06131453,0.06131453,0.06131453,0.061325641,0.06136453,0.061403419,0.061442308,0.061481197,0.061481197,0.073147864,0.08481453,0.096481197,0.108147864,0.111481197,0.111481197,0.111481197,0.111481197,0.111481197,0.111481197,0.111481197
Renewable Energy,,,0,0,0,0,0.007083333,0.031875,0.056666667,0.081458333,0.10625,0.10625,0.10625,0.10625,0.10625,0.10625,0.10625,0.10625,0.10625,0.10625,0.10625,0.10625,0.10625,0.10625,0.10625,0.10625,0.10625,0.10625,0.10625,0.10625,0.10625,0.10625,0.10625,0.10625,0.10625,0.10625,0.10625,0.10625,0.10625,0.10625,0.10625,0.10625,0.10625,0.10625,0.106583333,0.10775,0.108916667,0.110083333,0.11125,0.11125,0.11125,0.11125,0.11125,0.11125,0.11125
Manufacturing,,,0,0,0,0,0,0,0,0,0,0,0,0.010694444,0.021388889,0.034083333,0.047111111,0.0525,0.054833333,0.055833333,0.055833333,0.055833333,0.055833333,0.055833333,0.056456251,0.057912108,0.059382251,0.060852394,0.062114897,0.062131564,0.062133945,0.062133945,0.062133945,0.062133945,0.062133945,0.062133945,0.062133945,0.062133945,0.062133945,0.062133945,0.062133945,0.062133945,0.062133945,0.062133945,0.062133945,0.062133945,0.062133945,0.062133945,0.062295278,0.062859945,0.063424612,0.067715986,0.081324131,0.09436761,0.107411088
Environmental Engineering,,,0,0,0,0,0.007083333,0.031875,0.056666667,0.081458333,0.10625,0.10625,0.10625,0.10625,0.10625,0.10625,0.10625,0.10625,0.10625,0.10625,0.10625,0.10625,0.10625,0.10625,0.10625,0.106252381,0.106276628,0.106300874,0.106325121,0.106349367,0.106353914,0.106353914,0.106353914,0.106353914,0.106353914,0.106353914,0.106353914,0.106353914,0.106353914,0.106353914,0.106353914,0.106353914,0.106353914,0.106353914,0.106353914,0.106353914,0.106353914,0.106353914,0.106353914,0.106353914,0.106353914,0.106353914,0.106353914,0.106353914,0.106353914
Nuclear,,,0,0,0,0,0.007083333,0.031875,0.056666667,0.081458333,0.10625,0.10625,0.10625,0.10625,0.10625,0.10625,0.10625,0.10625,0.10625,0.10625,0.10625,0.10625,0.10625,0.10625,0.10625,0.10625,0.10625,0.10625,0.10625,0.10625,0.10625,0.10625,0.10625,0.10625,0.10625,0.10625,0.10625,0.10625,0.10625,0.10625,0.10625,0.10625,0.10625,0.10625,0.10625,0.10625,0.10625,0.10625,0.10625,0.10625,0.10625,0.10625,0.10625,0.10625,0.10625
Information Services,,,0,0,0,0,0,0.0034,0.0153,0.0272,0.0391,0.051,0.051,0.051,0.051,0.051,0.051,0.051,0.051,0.051,0.051,0.051,0.051,0.05103,0.05124,0.051832857,0.052489524,0.053146191,0.053622857,0.053814286,0.053814286,0.053814286,0.053814286,0.053814286,0.053814286,0.053814286,0.053814286,0.053814286,0.053814286,0.053814286,0.053814286,0.053814286,0.053814286,0.053814286,0.065480953,0.077147619,0.088814286,0.100480953,0.103814286,0.103814286,0.103814286,0.103814286,0.103814286,0.103814286,0.103814286
Health Care,,,0,0.000029167,0.002158333,0.007154167,0.012316667,0.017521606,0.022309879,0.02483263,0.02758324,0.030288655,0.032975993,0.035316093,0.036812608,0.038431635,0.040050662,0.040722001,0.041391348,0.043626681,0.045841596,0.04805651,0.057063092,0.064360508,0.071472508,0.078972921,0.081570476,0.082168032,0.082669588,0.082899905,0.082912128,0.083435461,0.084252304,0.085104177,0.08595605,0.086452257,0.086558512,0.086559678,0.086560845,0.086561762,0.08656322,0.086573012,0.086632803,0.086692595,0.086750928,0.089520246,0.092239564,0.094950548,0.097661532,0.098491655,0.098686099,0.098880543,0.099074988,0.099473906,0.100189566
Web Hosting,,,0,0,0,0,0,0,0,0,0,0,0,0,0,0,0.000016667,0.00004,0.000063333,0.000086667,0.0001,0.0001,0.0001,0.0001,0.0001,0.0001,0.0001,0.0001,0.0001,0.0001,0.0001,0.0001,0.0001,0.0001,0.0001,0.0001,0.0001,0.0001,0.006766667,0.0301,0.053433333,0.076766667,0.1001,0.1001,0.1001,0.1001,0.1001,0.1001,0.1001,0.1001,0.1001,0.1001,0.1001,0.1001,0.1001
Developer Tools,,,0,0,0,0,0,0,0,0,0,0,0.000002778,0.000022222,0.000041666,0.000061111,0.000080555,0.000433333,0.000783333,0.001133333,0.00151,0.001796666,0.001983333,0.004503333,0.007023333,0.010797222,0.016494444,0.020525,0.024292179,0.028581474,0.029987436,0.031379508,0.033807692,0.041099358,0.048391025,0.055762692,0.063614358,0.065216025,0.065821025,0.066538525,0.066776025,0.069145969,0.074275025,0.079319914,0.084804803,0.089456359,0.090011025,0.090524359,0.091226025,0.093425189,0.095624353,0.097823518,0.100022682,0.100022682,0.100022682
File Sharing,,,0,0,0,0,0,0,0,0,0,0,0,0,0,0,0,0,0,0,0,0,0,0,0,0,0,0,0,0,0,0,0,0,0,0,0,0,0.006666667,0.03,0.053333333,0.076666667,0.1,0.1,0.1,0.1,0.1,0.1,0.1,0.1,0.1,0.1,0.1,0.1,0.1
Private Cloud,,,0,0,0,0,0,0,0,0,0,0,0,0,0,0,0,0,0,0,0,0,0,0,0,0,0,0,0,0,0,0,0,0,0,0,0,0,0.006666667,0.03,0.053333333,0.076666667,0.1,0.1,0.1,0.1,0.1,0.1,0.1,0.1,0.1,0.1,0.1,0.1,0.1
Fashion,,,0,0,0,0,0.008666667,0.028888889,0.049111111,0.069333334,0.086666667,0.086666667,0.086666667,0.086666667,0.086666667,0.088666667,0.091,0.093333334,0.095666667,0.096666667,0.096666667,0.096666667,0.096666667,0.096666667,0.096666667,0.096666667,0.096666667,0.096666667,0.096666667,0.096666667,0.096666667,0.096666667,0.096666667,0.096666667,0.096666667,0.096666667,0.096666667,0.096666667,0.096666667,0.096666667,0.096666667,0.096666667,0.096666667,0.096666667,0.096666667,0.096666667,0.096666667,0.096666667,0.096666667,0.096666667,0.096666667,0.096666667,0.096666667,0.096666667,0.096666667
Big Data,,,0,0,0,0.000019048,0.000152381,0.000285715,0.000419048,0.000552381,0.000571429,0.001624762,0.005313373,0.009001984,0.012690595,0.016379206,0.016379762,0.016379762,0.016379762,0.016546429,0.017713095,0.018879762,0.020046429,0.023546429,0.026046429,0.030432064,0.044898175,0.057697619,0.069830397,0.081707937,0.083377381,0.083377381,0.083377381,0.083377381,0.083377381,0.083377381,0.083377381,0.083377381,0.083377381,0.083377381,0.083377381,0.083377381,0.083377381,0.083377381,0.083377381,0.083377381,0.083377381,0.083377381,0.083377381,0.083377381,0.083377381,0.083377381,0.083377381,0.083377381,0.083377381
Analytics,,,0,0,0.0021,0.007019048,0.012052381,0.017085715,0.021419048,0.021552381,0.021571429,0.021571429,0.021571429,0.021571429,0.021771429,0.022238096,0.024347619,0.028660953,0.032987619,0.036914286,0.040293333,0.040386667,0.040403333,0.040406667,0.04041,0.042203135,0.045966032,0.049727976,0.053489921,0.056529961,0.056536905,0.056536905,0.056536905,0.056536905,0.056536905,0.056546238,0.056555572,0.056858238,0.058920905,0.060976905,0.063030238,0.066583572,0.070376905,0.073876905,0.077376905,0.080376905,0.080376905,0.080376905,0.080376905,0.080376905,0.080376905,0.080376905,0.080376905,0.080376905,0.080376905
Hardware,,,0,0.000146667,0.001173333,0.0022,0.003626667,0.005586667,0.006666667,0.0076,0.0084,0.0084,0.0084,0.0084,0.0084,0.0084,0.0084,0.0084,0.0084,0.008566667,0.009733333,0.0109,0.012066667,0.013233333,0.0134,0.015066667,0.026733333,0.0384,0.050066667,0.061733333,0.0634,0.0634,0.0634,0.0634,0.0634,0.0634,0.0634,0.0634,0.0634,0.0634,0.0634,0.0634,0.0634,0.0634,0.0634,0.0634,0.0634,0.0634,0.064316667,0.066455556,0.068594445,0.071699652,0.074660357,0.075787728,0.0769151
Real Estate,,,0,0,0,0,0.000169391,0.000762258,0.001355125,0.001947993,0.00254086,0.00254086,0.00254086,0.00254086,0.00254086,0.002551336,0.002588003,0.00262467,0.002661336,0.002698003,0.002698003,0.002698003,0.002698003,0.002698003,0.002698003,0.002698003,0.004920225,0.020475781,0.036031336,0.051586892,0.067142448,0.06936467,0.06936467,0.06936467,0.06936467,0.06936467,0.06936467,0.06936467,0.06936467,0.06936467,0.06936467,0.06936467,0.06936467,0.06936467,0.06936467,0.06936467,0.06936467,0.06936467,0.06936467,0.06936467,0.06936467,0.06936467,0.070026435,0.071570552,0.07311467
Aerospace,,,0,0,0,0,0,0,0.000166667,0.000555556,0.000944445,0.001333334,0.001666667,0.001666667,0.001666667,0.001666667,0.001666667,0.001666667,0.001666667,0.001666667,0.001666667,0.001666667,0.001666667,0.001666667,0.001766667,0.002623334,0.004596667,0.00657,0.008843334,0.010997778,0.011579365,0.01212381,0.012457143,0.012457143,0.012457143,0.012457143,0.012457143,0.012457143,0.012457143,0.012457143,0.012457143,0.012457143,0.012457143,0.012612699,0.013157143,0.013701587,0.014496032,0.015623809,0.016207143,0.016790476,0.018000476,0.023383851,0.038083996,0.052784141,0.067247619
AI Infrastructure,,,0,0,0,0,0,0,0,0,0,0,0,0,0,0,0,0,0.000233333,0.002033333,0.004833333,0.007633333,0.010433333,0.011833333,0.012,0.013666667,0.025333333,0.037,0.048666667,0.060333333,0.062,0.062,0.062,0.062,0.062,0.062,0.062,0.062,0.062,0.062,0.062,0.062,0.062,0.062,0.062,0.062,0.062,0.062,0.062,0.062,0.062,0.062,0.062,0.062,0.062
Power Grid,,,0,0.000146667,0.001173333,0.0022,0.003226667,0.004253333,0.0044,0.0044,0.0044,0.0044,0.0044,0.0044,0.0044,0.0044,0.0044,0.0044,0.0044,0.0044,0.0044,0.0044,0.0044,0.0044,0.0044,0.0044,0.0044,0.0044,0.0044,0.0044,0.0044,0.0044,0.0044,0.0044,0.0044,0.0044,0.0044,0.0044,0.0044,0.0044,0.0044,0.0044,0.0044,0.0044,0.0044,0.0044,0.0044,0.0044,0.005316667,0.007455556,0.009594445,0.015460042,0.030336853,0.043380332,0.05642381
Finance,,,0,0,0,0,0,0.000441667,0.0019875,0.003533333,0.005079167,0.006625,0.006625,0.006625,0.006658333,0.006891667,0.008581177,0.011174413,0.01436765,0.017360887,0.019376346,0.0202763,0.021184467,0.0222543,0.023324133,0.024371967,0.0248953,0.0248953,0.0248953,0.0248953,0.0248953,0.0248953,0.024961967,0.0251953,0.025428633,0.025661967,0.0258953,0.0258953,0.0258953,0.0258953,0.0267703,0.0298328,0.0328953,0.0359578,0.0390203,0.0390203,0.042909189,0.046798078,0.050686967,0.054575856,0.055686967,0.055686967,0.055686967,0.055686967,0.055686967
Semiconductor,,,0,0,0,0,0,0,0,0,0,0,0,0,0,0,0,0,0,0.000166667,0.001333333,0.0025,0.003666667,0.004833333,0.005,0.006666667,0.018374556,0.0301855,0.041996444,0.053807389,0.055618333,0.055618333,0.055618333,0.055618333,0.055618333,0.055618333,0.055618333,0.055618333,0.055618333,0.055618333,0.055618333,0.055618333,0.055618333,0.055618333,0.055618333,0.055618333,0.055618333,0.055618333,0.055618333,0.055618333,0.055618333,0.055618333,0.055618333,0.055618333,0.055618333
Quantum Computing,,,0,0,0,0,0,0,0,0,0,0,0,0,0,0,0,0,0,0.000166667,0.001333333,0.0025,0.003666667,0.004833333,0.005,0.006666667,0.018333333,0.03,0.041666667,0.053333333,0.055,0.055,0.055,0.055,0.055,0.055,0.055,0.055,0.055,0.055,0.055,0.055,0.055,0.055,0.055,0.055,0.055,0.055,0.055,0.055,0.055,0.055,0.055,0.055,0.055
Video,,,0,0,0,0,0,0,0,0,0,0,0,0.010694444,0.021388889,0.032083333,0.042777777,0.045833333,0.045833333,0.045833333,0.045833333,0.045833333,0.045833333,0.045833333,0.045833333,0.045833333,0.045833333,0.045833333,0.045833333,0.045833333,0.045833333,0.045833333,0.045833333,0.045833333,0.045833333,0.045833333,0.045833333,0.045833333,0.045833333,0.045833333,0.045833333,0.045833333,0.045833333,0.045833333,0.045833333,0.045833333,0.045833333,0.0461,0.047966666,0.049833333,0.0517,0.053566666,0.053833333,0.053833333,0.053833333
Banking,,,0,0,0.004766667,0.015966667,0.027166667,0.038366667,0.048,0.048,0.048,0.048,0.048,0.048,0.048,0.048,0.048,0.0481,0.0488,0.0495,0.0502,0.0509,0.051,0.051,0.051,0.051116565,0.051252558,0.051388551,0.051524543,0.051582826,0.051582826,0.051582826,0.051582826,0.051582826,0.051582826,0.051582826,0.051582826,0.051582826,0.051582826,0.051582826,0.051582826,0.051582826,0.051582826,0.051582826,0.051582826,0.051582826,0.051582826,0.051582826,0.051582826,0.051582826,0.051582826,0.051582826,0.051582826,0.051582826,0.051582826
Supply Chain Management,,,0,0,0,0,0,0,0.000008333,0.000066667,0.000125,0.002916667,0.012541667,0.022487037,0.03335,0.044212963,0.04550926,0.046805556,0.046805556,0.046805556,0.046805556,0.046805556,0.046805556,0.046805556,0.046805556,0.046805556,0.046805556,0.046805556,0.046805556,0.046805556,0.046805556,0.046805556,0.046805556,0.046805556,0.046805556,0.046805556,0.046805556,0.046805556,0.046805556,0.046805556,0.046805556,0.046805556,0.046805556,0.046805556,0.046805556,0.046805556,0.046805556,0.046805556,0.046966889,0.047531556,0.048096223,0.048660889,0.049225556,0.049225556,0.049225556
Security,,,0,0,0,0,0,0,0,0.000184477,0.000830148,0.001475819,0.002121489,0.013461604,0.024156049,0.034850493,0.045544937,0.048600493,0.048600493,0.048600493,0.048600493,0.048600493,0.048600493,0.048600493,0.048600493,0.048600493,0.048600493,0.048600493,0.048600493,0.048600493,0.048600493,0.048600493,0.048600493,0.048600493,0.048600493,0.048600493,0.048600493,0.048600493,0.048600493,0.048600493,0.048600493,0.048600493,0.048600493,0.048600493,0.048600493,0.048600493,0.048600493,0.048600493,0.048600493,0.048600493,0.048600493,0.048600493,0.048600493,0.048600493,0.048600493
Business Travel,,,0,0,0.0047,0.015666667,0.026633333,0.0376,0.047,0.047,0.047,0.047,0.047,0.047,0.047,0.047,0.047,0.047,0.047,0.047,0.047,0.047,0.047,0.047,0.047,0.047,0.047,0.047,0.047,0.047,0.047,0.047,0.047,0.047,0.047,0.047,0.047,0.047,0.047,0.047,0.047,0.047,0.047,0.047,0.047,0.047,0.047,0.047,0.047,0.047,0.047,0.047,0.047,0.047,0.047
Credit Cards,,,0,0,0.0047,0.015666667,0.026633333,0.0376,0.047,0.047,0.047,0.047,0.047,0.047,0.047,0.047,0.047,0.047,0.047,0.047,0.047,0.047,0.047,0.047,0.047,0.047,0.047,0.047,0.047,0.047,0.047,0.047,0.047,0.047,0.047,0.047,0.047,0.047,0.047,0.047,0.047,0.047,0.047,0.047,0.047,0.047,0.047,0.047,0.047,0.047,0.047,0.047,0.047,0.047,0.047
Law Enforcement,,,0,0,0,0,0,0,0,0,0,0,0,0.010694444,0.021388889,0.032083333,0.042777777,0.045833333,0.045833333,0.045833333,0.045833333,0.045833333,0.045833333,0.045833333,0.045833333,0.045833333,0.045833333,0.045833333,0.045833333,0.045833333,0.045833333,0.045833333,0.045833333,0.045833333,0.045833333,0.045833333,0.045833333,0.045833333,0.045833333,0.045833333,0.045833333,0.045833333,0.045833333,0.045833333,0.045833333,0.045833333,0.045833333,0.045833333,0.045833333,0.045833333,0.045833333,0.045833333,0.045833333,0.045833333,0.045833333
Public Safety,,,0,0,0,0,0,0,0,0,0,0,0,0.010694444,0.021388889,0.032083333,0.042777777,0.045833333,0.045833333,0.045833333,0.045833333,0.045833333,0.045833333,0.045833333,0.045833333,0.045833333,0.045833333,0.045833333,0.045833333,0.045833333,0.045833333,0.045833333,0.045833333,0.045833333,0.045833333,0.045833333,0.045833333,0.045833333,0.045833333,0.045833333,0.045833333,0.045833333,0.045833333,0.045833333,0.045833333,0.045833333,0.045833333,0.045833333,0.045833333,0.045833333,0.045833333,0.045833333,0.045833333,0.045833333,0.045833333
Sensor,,,0,0,0,0,0,0,0,0,0,0,0,0.010694444,0.021388889,0.032083333,0.042777777,0.045833333,0.045833333,0.045833333,0.045833333,0.045833333,0.045833333,0.045833333,0.045833333,0.045833333,0.045833333,0.045833333,0.045833333,0.045833333,0.045833333,0.045833333,0.045833333,0.045833333,0.045833333,0.045833333,0.045833333,0.045833333,0.045833333,0.045833333,0.045833333,0.045833333,0.045833333,0.045833333,0.045833333,0.045833333,0.045833333,0.045833333,0.045833333,0.045833333,0.045833333,0.045833333,0.045833333,0.045833333,0.045833333
Software Engineering,,,0,0,0,0,0,0,0,0,0,0,0,0,0,0,0.001642857,0.00547619,0.009309524,0.013142857,0.016428571,0.016428571,0.016428571,0.016428571,0.016428571,0.017828571,0.021095238,0.024361904,0.027628571,0.030428571,0.030428571,0.030475238,0.030521904,0.030568571,0.030615238,0.030628571,0.030628571,0.030628571,0.030628571,0.030628571,0.030628571,0.032128571,0.035628571,0.039128571,0.042628571,0.045628571,0.045628571,0.045628571,0.045628571,0.045628571,0.045628571,0.045628571,0.045628571,0.045628571,0.045628571
Biotechnology,,,0,0,0,0,0,0,0,0,0,0,0,0,0,0,0,0,0,0,0,0,0,0,0,0.000557857,0.002305714,0.004244048,0.006182381,0.007865476,0.00831381,0.008337143,0.008360476,0.00838381,0.008407143,0.008417476,0.008427976,0.008438476,0.008448976,0.008452143,0.008452143,0.00896825,0.013647669,0.020993754,0.028339839,0.035685924,0.039935365,0.039935365,0.039935365,0.039935365,0.039935365,0.040829509,0.041872677,0.04312032,0.044879148
Impact Investing,,,0,0,0,0,0,0,0,0,0,0,0,0,0,0,0.000133954,0.001071635,0.002009316,0.002946998,0.003884679,0.004018633,0.004018633,0.004018633,0.004018633,0.0066853,0.016018633,0.025351966,0.0346853,0.044018633,0.044018633,0.044018633,0.044018633,0.044018633,0.044018633,0.044018633,0.044018633,0.044018633,0.044018633,0.044018633,0.044018633,0.044018633,0.044018633,0.044018633,0.044018633,0.044018633,0.044018633,0.044018633,0.044018633,0.044018633,0.044018633,0.044018633,0.044018633,0.044018633,0.044018633
Advanced Materials,,,0,0,0,0,0,0,0,0,0,0,0,0,0,0,0,0,0,0,0,0,0,0,0,0,0,0,0,0,0,0,0,0,0,0,0,0,0,0,0,0,0,0,0,0,0,0,0,0,0,0.003726708,0.016770186,0.029813665,0.042857143
Air Transportation,,,0,0,0,0,0,0,0,0,0,0,0,0,0,0,0,0,0,0,0,0,0,0,0,0,0,0,0,0,0,0,0,0,0,0,0,0,0,0,0,0,0,0,0,0,0,0,0,0,0,0.003726708,0.016770186,0.029813665,0.042857143
Energy Management,,,0,0,0,0,0,0,0,0,0,0,0,0,0,0,0,0,0,0,0,0,0,0,0,0,0,0,0,0,0,0,0,0,0,0,0,0,0,0,0,0,0,0,0,0,0,0,0,0,0,0.003726708,0.016770186,0.029813665,0.042857143
Developer Platform,,,0,0,0,0,0,0.000066667,0.0003,0.000533333,0.000766667,0.001,0.001,0.001,0.001,0.001,0.001,0.001,0.001,0.001,0.00101,0.00108,0.00115,0.00122,0.00129,0.0027,0.005966667,0.009233333,0.0125,0.0153,0.0153,0.0153,0.0153,0.0153,0.0153,0.0153,0.0153,0.0153,0.015373333,0.01563,0.015886667,0.018151333,0.022664,0.02692,0.031176,0.034598667,0.03464,0.034906667,0.036773333,0.03864,0.040506667,0.042373333,0.04264,0.04264,0.04264
Cloud Computing,,,0,0,0,0,0,0,0,0,0,0,0,0,0,0,0,0,0,0,0,0,0,0,0,0,0.000041222,0.0001855,0.000329778,0.000474055,0.000618333,0.000618333,0.00166,0.008951666,0.016243333,0.023535,0.030826666,0.031868333,0.031868333,0.031868333,0.031868333,0.031868333,0.031868333,0.031868333,0.031868333,0.031868333,0.031868333,0.031868333,0.032496666,0.03469583,0.036894994,0.039094159,0.041293323,0.041293323,0.041293323
Robotics,,,0.000016667,0.000133333,0.00025,0.000433333,0.000783333,0.001033333,0.001418889,0.002717778,0.003783334,0.004848889,0.005914445,0.007233334,0.0084,0.009566667,0.010733334,0.011066667,0.011066667,0.011066667,0.011066667,0.011066667,0.011066667,0.011066667,0.011689585,0.013143061,0.018763204,0.024383347,0.02979585,0.033962517,0.035152993,0.035152993,0.035152993,0.035152993,0.035152993,0.035152993,0.035152993,0.035152993,0.035152993,0.035152993,0.035152993,0.035152993,0.035152993,0.035152993,0.035152993,0.035152993,0.035152993,0.035152993,0.035152993,0.035208549,0.035402993,0.036563756,0.037885572,0.039207387,0.040334759
Funding Platform,,,0,0,0,0,0,0,0,0,0,0,0,0,0,0,0,0,0,0,0,0,0,0,0,0.002666667,0.012,0.021333333,0.030666667,0.04,0.04,0.04,0.04,0.04,0.04,0.04,0.04,0.04,0.04,0.04,0.04,0.04,0.04,0.04,0.04,0.04,0.04,0.04,0.04,0.04,0.04,0.04,0.04,0.04,0.04
Identity Management,,,0,0,0,0,0,0.000441667,0.0019875,0.003533333,0.005079167,0.006625,0.006625,0.006625,0.006625,0.006625,0.006629991,0.006634982,0.006639972,0.006644963,0.006646389,0.006646389,0.006646389,0.006646389,0.006646389,0.006646389,0.006646389,0.006646389,0.006646389,0.006646389,0.006646389,0.006646389,0.007688056,0.014979722,0.022271389,0.029563056,0.036854722,0.037896389,0.037896389,0.037896389,0.037896389,0.037896389,0.037896389,0.037896389,0.037896389,0.037896389,0.037896389,0.037896389,0.037896389,0.037896389,0.037896389,0.037896389,0.037896389,0.037896389,0.037896389
Open Source,,,0,0,0,0,0,0,0,0,0,0,0.000005556,0.000044445,0.001027778,0.002388889,0.003750001,0.005427778,0.006533334,0.006883334,0.007233334,0.007333334,0.007333334,0.007333334,0.007333334,0.008733334,0.012000001,0.015266667,0.01858889,0.021583334,0.021777778,0.021972223,0.022166667,0.022166667,0.022166667,0.022166667,0.022166667,0.022166667,0.022166667,0.022166667,0.022166667,0.023666667,0.027166667,0.030666667,0.034166667,0.037166667,0.037166667,0.037166667,0.037166667,0.037166667,0.037166667,0.037166667,0.037166667,0.037166667,0.037166667
Therapeutics,,,0,0,0,0,0,0,0,0,0,0,0,0,0,0,0,0,0,0,0,0,0,0,0,0.000175,0.0014,0.002625,0.00385,0.005075,0.00525,0.00525,0.00525,0.00525,0.00525,0.005251,0.005252167,0.005253333,0.0052545,0.005255,0.005255,0.005771107,0.010450526,0.017796611,0.025142696,0.032488781,0.036738222,0.036738222,0.036738222,0.036738222,0.036738222,0.036738222,0.036738222,0.036738222,0.036738222
Developer APIs,,,0,0,0,0,0,0,0,0,0,0,0,0,0,0,0,0.00045,0.001846667,0.005323333,0.0088,0.012026667,0.016589871,0.021645832,0.026355126,0.031180985,0.03466858,0.03547124,0.035607232,0.035665515,0.035665515,0.035665515,0.035665515,0.035665515,0.035665515,0.035665515,0.035665515,0.035665515,0.035665515,0.035665515,0.035665515,0.035665515,0.035665515,0.035665515,0.035665515,0.035665515,0.035665515,0.035665515,0.035665515,0.035665515,0.035665515,0.035665515,0.035665515,0.035665515,0.035665515
Military,,,0,0,0,0,0.000666667,0.003,0.005333333,0.007666667,0.01,0.01,0.01,0.01,0.01,0.01,0.01,0.01,0.01,0.01,0.01,0.01,0.01,0.01,0.01,0.01,0.014638295,0.019905428,0.025172561,0.030439694,0.032573427,0.032573427,0.032573427,0.032573427,0.032573427,0.032573427,0.032573427,0.032573427,0.032573427,0.032573427,0.032573427,0.032573427,0.032573427,0.032573427,0.032573427,0.032573427,0.032573427,0.032573427,0.032573427,0.032573427,0.032573427,0.032573427,0.032573427,0.032573427,0.032573427
Food and Beverage,,,0,0,0,0.0007,0.0014,0.0021,0.0028,0.003,0.003,0.003,0.003,0.00337037,0.004666667,0.005962963,0.00725926,0.008555556,0.008555556,0.008555556,0.008555556,0.008555556,0.008555556,0.008555556,0.008555556,0.008555556,0.008555556,0.008555556,0.008555556,0.008555556,0.008555556,0.008555556,0.008597223,0.008888889,0.009180556,0.010027778,0.014208334,0.01813889,0.022452778,0.027343056,0.028900001,0.030196946,0.031355001,0.031650557,0.031946113,0.032030557,0.032030557,0.032030557,0.032030557,0.032030557,0.032030557,0.032102731,0.032186934,0.032271138,0.032355341
Wealth Management,,,0,0,0,0,0,0,0,0,0,0,0,0,0,0,0,0,0,0,0,0,0,0,0,0,0,0,0.004666667,0.009333333,0.014,0.018666667,0.02,0.02,0.02,0.02,0.02,0.02,0.02,0.02,0.021375369,0.022750739,0.024126108,0.025501477,0.02589444,0.02589444,0.02589444,0.02589444,0.02589444,0.02589444,0.02589444,0.02589444,0.02589444,0.027311107,0.028727773
Data Management,,,0,0,0,0,0,0,0,0.000043333,0.000346667,0.00065,0.000953333,0.001256667,0.0013,0.0013,0.001533333,0.002713333,0.003973333,0.005233333,0.006493333,0.006686667,0.0067,0.0067,0.007489585,0.010109728,0.01272987,0.015350013,0.017762516,0.017929183,0.017929183,0.017929183,0.017929183,0.017929183,0.017929183,0.017929183,0.017929183,0.017929183,0.017929183,0.017929183,0.017929183,0.017929183,0.017929183,0.017929183,0.017929183,0.017929183,0.017929183,0.017929183,0.017929183,0.017929183,0.017929183,0.018798748,0.021842226,0.024885705,0.027929183
Cyber Security,,,0,0.000004167,0.00001,0.000015833,0.000021667,0.000025,0.000025,0.000025,0.000025,0.000025,0.000025,0.000025,0.000025,0.000057,0.000169,0.000281,0.000439667,0.000633333,0.000744167,0.000855,0.0009425,0.000971667,0.00098,0.00098,0.00098,0.00098,0.00098,0.00098,0.00098,0.001694286,0.006694286,0.011694286,0.016694285,0.021694285,0.022408571,0.022408571,0.022408571,0.022408571,0.022408571,0.022408571,0.022408571,0.022408571,0.022408571,0.022408571,0.022408571,0.022408571,0.022641904,0.023458571,0.024275238,0.025091904,0.025908571,0.025908571,0.025908571
Business Development,,,0,0,0,0,0,0,0,0,0,0.00168,0.00756,0.01344,0.01932,0.0252,0.0252,0.0252,0.0252,0.0252,0.0252,0.025266,0.02542,0.025574,0.025728,0.02586,0.02586,0.02586,0.02586,0.02586,0.02586,0.02586,0.02586,0.02586,0.02586,0.02586,0.02586,0.02586,0.02586,0.02586,0.02586,0.02586,0.02586,0.02586,0.02586,0.02586,0.02586,0.02586,0.02586,0.02586,0.02586,0.02586,0.02586,0.02586,0.02586
Legal Tech,,,0,0,0,0,0,0,0,0,0,0,0,0,0,0,0.0001,0.0008,0.0015,0.0022,0.0029,0.003,0.005103661,0.007714551,0.010325441,0.012941887,0.014233975,0.014272863,0.014311752,0.014350641,0.014356197,0.014356197,0.014356197,0.014356197,0.014356197,0.014356197,0.014356197,0.014356197,0.014356197,0.014356197,0.014356197,0.014356197,0.014356197,0.014356197,0.014356197,0.014356197,0.014356197,0.014356197,0.014356197,0.014356197,0.014356197,0.015225762,0.01826924,0.021312719,0.024356197
Drones,,,0,0,0,0,0,0,0,0,0,0.0005,0.004,0.0075,0.011,0.0145,0.015,0.015,0.015,0.015,0.015,0.015,0.015,0.015,0.015,0.01574,0.017466667,0.019193333,0.021153333,0.022866667,0.0231,0.023333333,0.0234,0.0234,0.0234,0.0234,0.0234,0.0234,0.0234,0.0234,0.0234,0.0234,0.0234,0.0234,0.0234,0.0234,0.0234,0.0234,0.0234,0.0234,0.0234,0.0234,0.0234,0.0234,0.0234
Business Process Automation (BPA),,,0,0,0,0,0,0,0.000291667,0.002333333,0.004375,0.006416667,0.008463889,0.008794445,0.009777778,0.011138889,0.012500001,0.013827778,0.014583334,0.014583334,0.014583334,0.014583334,0.014583334,0.014583334,0.014583334,0.014583334,0.014583334,0.014583334,0.014583334,0.014583334,0.014583334,0.014583334,0.014583334,0.014583334,0.014583334,0.014583334,0.014583334,0.014876667,0.016930001,0.018983334,0.021036667,0.023090001,0.023383334,0.023383334,0.023383334,0.023383334,0.023383334,0.023383334,0.023383334,0.023383334,0.023383334,0.023383334,0.023383334,0.023383334,0.023383334
Subscription Service,,,0.000222222,0.001777778,0.003333334,0.004888889,0.006444445,0.006666667,0.006666667,0.006666667,0.006666667,0.006666667,0.006666667,0.006666667,0.006666667,0.006666667,0.006666667,0.006666667,0.006666667,0.006666667,0.006666667,0.006666667,0.006666667,0.006666667,0.006666667,0.006666667,0.006666667,0.006666667,0.006666667,0.006666667,0.006666667,0.010555556,0.014444445,0.018333334,0.022222223,0.023333334,0.023333334,0.023333334,0.023333334,0.023333334,0.023333334,0.023333334,0.023333334,0.023333334,0.023333334,0.023333334,0.023333334,0.023333334,0.023333334,0.023333334,0.023333334,0.023333334,0.023333334,0.023333334,0.023333334
Life Science,,,0,0,0,0,0,0,0,0,0,0,0,0,0,0,0,0,0,0,0,0,0,0,0,0.000175,0.00147619,0.002967857,0.004459524,0.00595119,0.006399524,0.006422857,0.00644619,0.006469524,0.006492857,0.00650219,0.006511524,0.006520857,0.00653019,0.006532857,0.006532857,0.007048964,0.010661716,0.014274468,0.01788722,0.021499972,0.022016079,0.022016079,0.022016079,0.022016079,0.022016079,0.022016079,0.022016079,0.022220553,0.022936213
Legal,,,0,0,0,0,0,0,0,0,0,0,0,0,0,0,0,0,0,0,0,0,0.000067123,0.000302052,0.000536982,0.000777467,0.001051286,0.001090174,0.001129063,0.001167952,0.001173508,0.001887794,0.006887794,0.011887794,0.016887793,0.021887793,0.022602079,0.022602079,0.022602079,0.022602079,0.022602079,0.022602079,0.022602079,0.022602079,0.022602079,0.022602079,0.022602079,0.022602079,0.022602079,0.022602079,0.022602079,0.022602079,0.022602079,0.022602079,0.022602079
Consumer Goods,,,0,0,0,0,0,0,0,0,0,0,0,0,0,0,0,0,0,0,0,0,0,0,0,0,0,0,0,0.000054167,0.000433333,0.0008125,0.001191667,0.001570833,0.001625,0.002180556,0.006069445,0.009958333,0.014263889,0.019125,0.020652778,0.021625001,0.022458334,0.022458334,0.022458334,0.022458334,0.022458334,0.022458334,0.022458334,0.022458334,0.022458334,0.022458334,0.022458334,0.022458334,0.022458334
Computer,,,0,0,0,0,0,0,0,0,0,0,0,0,0,0,0,0,0,0,0,0,0,0,0,0,0,0,0,0,0,0,0,0,0,0,0,0,0,0,0,0,0,0,0,0,0,0.00223,0.007433333,0.012636667,0.01784,0.0223,0.0223,0.0223,0.0223
Mobile Payments,,,0,0,0,0,0,0.000441667,0.0019875,0.003533333,0.005079167,0.006625,0.006625,0.006625,0.006625,0.006625,0.007947222,0.009269445,0.010591667,0.011913889,0.012291667,0.012291667,0.012291667,0.014625,0.016958334,0.019291667,0.021625,0.022291667,0.022291667,0.022291667,0.022291667,0.022291667,0.022291667,0.022291667,0.022291667,0.022291667,0.022291667,0.022291667,0.022291667,0.022291667,0.022291667,0.022291667,0.022291667,0.022291667,0.022291667,0.022291667,0.022291667,0.022291667,0.022291667,0.022291667,0.022291667,0.022291667,0.022291667,0.022291667,0.022291667
Pharmaceutical,,,0,0,0,0,0,0,0,0,0,0,0,0,0,0,0,0,0,0,0,0,0,0,0,0.000175,0.0014,0.002625,0.00385,0.005075,0.00525,0.00525,0.00525,0.00525,0.00525,0.00525,0.00525,0.00525,0.00525,0.00525,0.00525,0.00525,0.006316667,0.01005,0.013783333,0.017516667,0.02125,0.02125,0.02125,0.02125,0.02125,0.02125,0.02125,0.021454474,0.022170134
Risk Management,,,0,0,0,0,0,0,0,0,0,0,0,0,0,0,0,0,0,0,0,0,0,0,0,0,0.00000758,0.00001516,0.00002274,0.000030319,0.000032485,0.000746771,0.005746771,0.010746771,0.01574677,0.02074677,0.021461056,0.021461056,0.021461056,0.021461056,0.021461056,0.021461056,0.021461056,0.021461056,0.021461056,0.021461056,0.021461056,0.021461056,0.021461056,0.021461056,0.021461056,0.021461056,0.021461056,0.021461056,0.021461056
Hospital,,,0,0,0.0021,0.007,0.0119,0.0168,0.021,0.021,0.021,0.021,0.021,0.021,0.021,0.021,0.021,0.021,0.021,0.021,0.021,0.021,0.021,0.021,0.021,0.021,0.021,0.021,0.021,0.021,0.021,0.021,0.021,0.021,0.021,0.021,0.021,0.021,0.021,0.021000417,0.021001875,0.021003333,0.021004792,0.02100625,0.02100625,0.02100625,0.02100625,0.02100625,0.02100625,0.02100625,0.02100625,0.02100625,0.02100625,0.02100625,0.02100625
Health Diagnostics,,,0,0,0,0,0,0,0,0,0,0,0,0.001347763,0.002695526,0.004043289,0.005391052,0.005776127,0.00600946,0.007642794,0.009276127,0.01090946,0.012542794,0.012776127,0.012776127,0.012776127,0.012776127,0.012776127,0.012776127,0.012776127,0.012776127,0.012776127,0.012776127,0.012776127,0.012776127,0.012776127,0.012776127,0.012776127,0.012776127,0.012776127,0.012776127,0.012776127,0.012776127,0.012776127,0.012776127,0.012776127,0.012776127,0.012776127,0.012776127,0.012831683,0.013026127,0.013550117,0.016051379,0.018552642,0.02085946
Small and Medium Businesses,,,0,0,0,0,0,0,0,0,0,0,0,0,0,0,0,0,0,0,0,0,0,0,0,0,0,0,0.004666667,0.009333333,0.014,0.018666667,0.02,0.02,0.02,0.02,0.02,0.02,0.02,0.02,0.02,0.02,0.02,0.02,0.02,0.02,0.02,0.02,0.02,0.02,0.02,0.02,0.02,0.02,0.02
Email Marketing,,,0,0,0,0,0,0,0,0,0,0,0,0,0,0,0,0,0,0,0,0,0,0,0,0,0,0,0,0,0,0.003888889,0.007777778,0.011666667,0.015555556,0.017366667,0.018066667,0.018766667,0.019466667,0.019666667,0.019666667,0.019666667,0.019666667,0.019666667,0.019666667,0.019666667,0.019666667,0.019666667,0.019666667,0.019666667,0.019666667,0.019666667,0.019666667,0.019666667,0.019666667
Logistics,,,0,0,0,0,0,0,0.000041667,0.000138889,0.000236111,0.00162,0.005615,0.009543334,0.013463334,0.017216667,0.017216667,0.017216667,0.017216667,0.017216667,0.017216667,0.017216667,0.017216667,0.017216667,0.017216667,0.017216667,0.017216667,0.017216667,0.017216667,0.017216667,0.017216667,0.017216667,0.017258334,0.01755,0.017841667,0.018133334,0.018539286,0.018714286,0.01884762,0.018980953,0.019038096,0.019038096,0.019038096,0.019038096,0.019038096,0.019038096,0.019038096,0.019038096,0.019038096,0.019038096,0.019038096,0.019038096,0.019038096,0.019038096,0.019038096
Retail,,,0,0,0,0,0,0,0,0,0,0.001053333,0.00474,0.008426667,0.012113333,0.0158,0.0158,0.0158,0.0158,0.0158,0.0158,0.0158,0.0158,0.0158,0.0158,0.0158,0.0158,0.0158,0.0158,0.0158,0.0158,0.0158,0.0158,0.0158,0.0158,0.0158,0.0158,0.0158,0.0158,0.0158,0.0158,0.0158,0.0158,0.0159,0.0166,0.0173,0.018,0.0187,0.0188,0.0188,0.0188,0.0188,0.0188,0.0188,0.0188
Industrial Engineering,,,0,0,0,0,0,0,0,0,0,0,0,0,0,0,0,0,0,0,0,0,0,0,0,0,0.004166667,0.008333333,0.0125,0.016666667,0.017857143,0.017857143,0.017857143,0.017857143,0.017857143,0.017857143,0.017857143,0.017857143,0.017857143,0.017857143,0.017857143,0.017857143,0.017857143,0.017857143,0.017857143,0.017857143,0.017857143,0.017857143,0.017857143,0.017857143,0.017857143,0.017857143,0.017857143,0.017857143,0.017857143
Infrastructure,,,0,0,0,0,0,0,0,0,0,0,0,0,0,0,0,0,0,0,0,0,0,0,0,0,0.004166667,0.008333333,0.0125,0.016666667,0.017857143,0.017857143,0.017857143,0.017857143,0.017857143,0.017857143,0.017857143,0.017857143,0.017857143,0.017857143,0.017857143,0.017857143,0.017857143,0.017857143,0.017857143,0.017857143,0.017857143,0.017857143,0.017857143,0.017857143,0.017857143,0.017857143,0.017857143,0.017857143,0.017857143
Transportation,,,0,0,0,0,0,0,0.000208333,0.000857778,0.001915556,0.002973334,0.003953334,0.004533334,0.004533334,0.004533334,0.004533334,0.004533334,0.004533334,0.004533334,0.004533334,0.004533334,0.004533334,0.004533334,0.004633334,0.005490001,0.007333334,0.009176667,0.011320001,0.013344445,0.013888889,0.014433334,0.014766667,0.014766667,0.014766667,0.014766667,0.014766667,0.014766667,0.014766667,0.014766667,0.014766667,0.014766667,0.014766667,0.014922223,0.015466667,0.016011111,0.016555556,0.0171,0.0171,0.0171,0.0171,0.0171,0.0171,0.0171,0.0171
Content Creators,,,0,0,0,0,0,0,0,0,0,0,0,0,0,0,0,0,0,0,0,0,0,0,0,0,0,0,0,0,0,0.003888889,0.007777778,0.011666667,0.015555556,0.016666667,0.016666667,0.016666667,0.016666667,0.016666667,0.016666667,0.016666667,0.016666667,0.016666667,0.016666667,0.016666667,0.016666667,0.016666667,0.016666667,0.016666667,0.016666667,0.016666667,0.016666667,0.016666667,0.016666667
Media and Entertainment,,,0,0,0,0,0,0,0,0,0,0,0,0,0,0,0,0,0,0,0,0,0,0,0,0,0,0,0,0,0,0.003888889,0.007777778,0.011666667,0.015555556,0.016666667,0.016666667,0.016666667,0.016666667,0.016666667,0.016666667,0.016666667,0.016666667,0.016666667,0.016666667,0.016666667,0.016666667,0.016666667,0.016666667,0.016666667,0.016666667,0.016666667,0.016666667,0.016666667,0.016666667
News,,,0,0,0,0,0,0,0,0,0,0,0,0,0,0,0,0,0,0,0,0,0,0,0,0,0,0,0,0,0,0.003888889,0.007777778,0.011666667,0.015555556,0.016666667,0.016666667,0.016666667,0.016666667,0.016666667,0.016666667,0.016666667,0.016666667,0.016666667,0.016666667,0.016666667,0.016666667,0.016666667,0.016666667,0.016666667,0.016666667,0.016666667,0.016666667,0.016666667,0.016666667
Publishing,,,0,0,0,0,0,0,0,0,0,0,0,0,0,0,0,0,0,0,0,0,0,0,0,0,0,0,0,0,0,0.003888889,0.007777778,0.011666667,0.015555556,0.016666667,0.016666667,0.016666667,0.016666667,0.016666667,0.016666667,0.016666667,0.016666667,0.016666667,0.016666667,0.016666667,0.016666667,0.016666667,0.016666667,0.016666667,0.016666667,0.016666667,0.016666667,0.016666667,0.016666667
Simulation,,,0,0,0,0,0,0,0,0,0,0,0,0,0,0,0.001642857,0.00547619,0.009309524,0.013142857,0.016428571,0.016428571,0.016428571,0.016428571,0.016428571,0.016428571,0.016428571,0.016428571,0.016428571,0.016428571,0.016428571,0.016428571,0.016428571,0.016428571,0.016428571,0.016428571,0.016428571,0.016428571,0.016428571,0.016428571,0.016428571,0.016428571,0.016428571,0.016428571,0.016428571,0.016428571,0.016428571,0.016428571,0.016428571,0.016428571,0.016428571,0.016428571,0.016428571,0.016428571,0.016428571
Medical,,,0,0,0,0,0,0.000063273,0.000126546,0.000189819,0.000253092,0.00027117,0.00027117,0.001673933,0.003150029,0.004626126,0.006102222,0.006597297,0.00683063,0.008463964,0.010108408,0.01178063,0.013452853,0.013741075,0.013891964,0.014003964,0.014115964,0.014227964,0.014243964,0.014243964,0.014243964,0.014243964,0.014243964,0.014243964,0.014243964,0.014244964,0.014246131,0.014247297,0.014248464,0.014248964,0.014248964,0.014248964,0.014248964,0.014248964,0.014248964,0.014248964,0.014352297,0.014593408,0.014834519,0.01507563,0.015282297,0.015282297,0.015282297,0.015282297,0.015282297
Mapping Services,,,0,0,0,0,0,0,0,0,0,0.0005,0.004,0.0075,0.011,0.0145,0.015,0.015,0.015,0.015,0.015,0.015,0.015,0.015,0.015,0.015,0.015,0.015,0.015,0.015,0.015,0.015,0.015,0.015,0.015,0.015,0.015,0.015,0.015,0.015,0.015,0.015,0.015,0.015,0.015,0.015,0.015,0.015,0.015,0.015,0.015,0.015,0.015,0.015,0.015
Wellness,,,0,0,0,0,0,0.000063273,0.000126546,0.000189819,0.000253092,0.00027117,0.00027117,0.001618933,0.002966696,0.004314459,0.005662222,0.006047297,0.006047297,0.006047297,0.006047297,0.006047297,0.006047297,0.006047297,0.006047297,0.006047297,0.006047297,0.006047297,0.006047297,0.006047297,0.006047297,0.006047297,0.006047297,0.006047297,0.006047297,0.006338964,0.00838063,0.010422297,0.012463964,0.01450563,0.014797297,0.014797297,0.014797297,0.014797297,0.014797297,0.014797297,0.014797297,0.014797297,0.014797297,0.014797297,0.014797297,0.014797297,0.014797297,0.014797297,0.014797297
Drone Management,,,0,0,0,0,0,0,0,0,0,0,0,0,0,0,0,0,0,0,0,0,0,0,0.000622918,0.002816394,0.005996537,0.00917668,0.012382516,0.01409585,0.014329183,0.014562516,0.014629183,0.014629183,0.014629183,0.014629183,0.014629183,0.014629183,0.014629183,0.014629183,0.014629183,0.014629183,0.014629183,0.014629183,0.014629183,0.014629183,0.014629183,0.014629183,0.014629183,0.014629183,0.014629183,0.014629183,0.014629183,0.014629183,0.014629183
Business Intelligence,,,0,0,0,0.000019048,0.000152381,0.000285715,0.000419048,0.000552381,0.000571429,0.000571429,0.000571429,0.000571429,0.000571429,0.000571429,0.000671429,0.001371429,0.002071429,0.002771429,0.003471429,0.003571429,0.003571429,0.003571429,0.003571429,0.003571429,0.003701429,0.003831429,0.003961429,0.004091429,0.004128572,0.004128572,0.004128572,0.004128572,0.004128572,0.004128572,0.004128572,0.004128572,0.004128572,0.004128572,0.004128572,0.004128572,0.004128572,0.004128572,0.004128572,0.004128572,0.004128572,0.004128572,0.004128572,0.004128572,0.004128572,0.004998137,0.008041615,0.011085094,0.014128572
Non Profit,,,0,0,0,0,0,0,0,0,0,0,0.000001944,0.000003889,0.000005833,0.000007777,0.000008333,0.000008333,0.000466666,0.003675,0.006883333,0.010091666,0.0133,0.013758333,0.013758333,0.013758333,0.013758333,0.013758333,0.013758333,0.013758333,0.013758333,0.013758333,0.013758333,0.013758333,0.013758333,0.013758333,0.013758333,0.013758333,0.013758333,0.013758333,0.013758333,0.013758333,0.013758333,0.013758333,0.013758333,0.013758333,0.013758333,0.013758333,0.013758333,0.013758333,0.013758333,0.013758333,0.013758333,0.013758333,0.013758333
Internet of Things,,,0,0.000146667,0.001173333,0.0022,0.003226667,0.004253333,0.0044,0.0044,0.0044,0.0044,0.0044,0.0044,0.0044,0.004410476,0.004447143,0.00448381,0.004520476,0.004557143,0.004557143,0.004557143,0.004557143,0.004557143,0.004557143,0.004557143,0.004557143,0.004557143,0.004557143,0.004557143,0.004557143,0.004557143,0.004557143,0.004557143,0.004557143,0.004557143,0.004557143,0.004557143,0.004557143,0.004557143,0.004557143,0.004557143,0.004557143,0.004557143,0.004557143,0.004557143,0.004557143,0.004557143,0.00547381,0.007612699,0.009751588,0.011890477,0.01372381,0.01372381,0.01372381
Hospitality,,,0,0,0,0,0,0,0,0,0,0,0,0,0,0.000010476,0.000047143,0.00008381,0.000120476,0.000157143,0.000157143,0.000157143,0.000157143,0.000157143,0.000157143,0.000157143,0.003268254,0.006379365,0.009490476,0.012601587,0.013490476,0.013490476,0.013490476,0.013490476,0.013490476,0.013490476,0.013490476,0.013490476,0.013490476,0.013490476,0.013490476,0.013490476,0.013490476,0.013490476,0.013490476,0.013490476,0.013490476,0.013490476,0.013490476,0.013490476,0.013490476,0.013490476,0.013490476,0.013490476,0.013490476
Hotel,,,0,0,0,0,0,0,0,0,0,0,0,0,0,0,0,0,0,0,0,0,0,0,0,0,0.003111111,0.006222222,0.009333333,0.012444444,0.013333333,0.013333333,0.013333333,0.013333333,0.013333333,0.013333333,0.013333333,0.013333333,0.013333333,0.013333333,0.013333333,0.013333333,0.013333333,0.013333333,0.013333333,0.013333333,0.013333333,0.013333333,0.013333333,0.013333333,0.013333333,0.013333333,0.013333333,0.013333333,0.013333333
Messaging,,,0,0,0,0,0,0,0,0,0,0,0,0,0,0,0,0,0,0,0,0,0,0,0,0,0,0,0,0,0,0,0,0,0,0,0,0,0,4.17e-7,0.000876875,0.003940833,0.007004792,0.01006875,0.01313125,0.01313125,0.01313125,0.01313125,0.01313125,0.01313125,0.01313125,0.01313125,0.01313125,0.01313125,0.01313125
Telehealth,,,0,0,0,0,0,0,0,0,0,0,0,0.001347763,0.002695526,0.004043289,0.005391052,0.005776127,0.00600946,0.007642794,0.009276127,0.01090946,0.012542794,0.012776127,0.012776127,0.012776127,0.012776127,0.012776127,0.012776127,0.012776127,0.012776127,0.012776127,0.012776127,0.012776127,0.012776127,0.012776127,0.012776127,0.012776127,0.012776127,0.012776127,0.012776127,0.012776127,0.012776127,0.012776127,0.012776127,0.012776127,0.012776127,0.012776127,0.012776127,0.012776127,0.012776127,0.012776127,0.012776127,0.012776127,0.012776127
Medical Device,,,0,0,0,0.000066667,0.0003,0.000596606,0.000893213,0.001374296,0.00208324,0.002746989,0.003392659,0.00403833,0.004058749,0.004201679,0.00434461,0.004487541,0.004630471,0.00465089,0.00465089,0.00465089,0.00465089,0.00465089,0.00465089,0.00465089,0.00465089,0.00465089,0.00465089,0.00465089,0.00465089,0.00465089,0.00465089,0.00465089,0.00465089,0.00465089,0.00465089,0.00465089,0.00465089,0.00465089,0.00465089,0.00465089,0.00465089,0.00465089,0.00465089,0.00465089,0.00465089,0.00465089,0.00465089,0.004706446,0.00490089,0.00542488,0.007926142,0.010427405,0.012734223
Consulting,,,0,0,0,0,0,0,0,0,0,0,0,0,0,0,0,0,0,0,0,0,0.000488889,0.0022,0.003911111,0.005622222,0.007333333,0.007333333,0.007333333,0.007333333,0.007333333,0.007333333,0.007333333,0.007333333,0.007333333,0.007333333,0.007333333,0.007333333,0.007333333,0.007333333,0.007333333,0.007333333,0.007333333,0.007333333,0.007333333,0.007333333,0.007333333,0.007333333,0.007333333,0.0085,0.009666666,0.010833333,0.012,0.012333333,0.012333333
Billing,,,0,0,0,0,0,0,0.000363095,0.002904762,0.005446429,0.007988095,0.010529762,0.010892857,0.010892857,0.010892857,0.010892857,0.010892857,0.010892857,0.010892857,0.010892857,0.010892857,0.010892857,0.010892857,0.010892857,0.010892857,0.010892857,0.010892857,0.010892857,0.010892857,0.010892857,0.010892857,0.010892857,0.010892857,0.010892857,0.010892857,0.010892857,0.010892857,0.010892857,0.010892857,0.010892857,0.01112619,0.011359524,0.011592857,0.01182619,0.011892857,0.011892857,0.011892857,0.011892857,0.011892857,0.011892857,0.011892857,0.011892857,0.011892857,0.011892857
Test and Measurement,,,0,0,0,0,0,0,0,0,0,0,0,0,0,0,0,0,0,0,0,0,0,0,0.000622918,0.002076394,0.00352987,0.004983346,0.006530807,0.00758649,0.008642174,0.009697857,0.010753541,0.010753541,0.010753541,0.010753541,0.010753541,0.010753541,0.010753541,0.010753541,0.010753541,0.010753541,0.010753541,0.010753541,0.010753541,0.010753541,0.010753541,0.010753541,0.010753541,0.010753541,0.010753541,0.010753541,0.010753541,0.010753541,0.010753541
Electronics,,,0.000222222,0.001777778,0.003333334,0.004888889,0.006444445,0.006666667,0.006666667,0.006666667,0.006666667,0.006666667,0.006666667,0.006666667,0.006666667,0.006666667,0.006666667,0.006666667,0.006666667,0.006666667,0.006666667,0.006666667,0.006666667,0.006666667,0.006666667,0.006666667,0.006666667,0.006666667,0.006666667,0.006666667,0.006666667,0.006666667,0.006666667,0.006666667,0.006666667,0.006666667,0.006666667,0.006666667,0.006666667,0.006666667,0.006666667,0.006666667,0.006666667,0.006666667,0.006666667,0.006666667,0.006666667,0.006666667,0.006666667,0.006666667,0.006666667,0.007560811,0.008603979,0.009647148,0.010690316
Women's,,,0,0,0,0,0,0,0,0,0,0,0,0,0,0.002,0.004333333,0.006666667,0.009,0.01,0.01,0.01,0.01,0.010016,0.010128,0.01024,0.010352,0.010464,0.01048,0.01048,0.01048,0.01048,0.01048,0.01048,0.01048,0.01048,0.01048,0.01048,0.010491111,0.01053,0.010568889,0.010607778,0.010646667,0.010646667,0.010646667,0.010646667,0.010646667,0.010646667,0.010646667,0.010646667,0.010646667,0.010646667,0.010646667,0.010646667,0.010646667
Beauty,,,0,0,0,0,0,0,0,0,0,0,0,0,0,0,0,0,0,0,0,0,0,0,0,0,0,0,0,0.000054167,0.000433333,0.0008125,0.001191667,0.001570833,0.001625,0.001916667,0.003958333,0.006,0.008041667,0.010083333,0.010375,0.010375,0.010375,0.010375,0.010375,0.010375,0.010375,0.010375,0.010375,0.010375,0.010375,0.010375,0.010375,0.010375,0.010375
Personal Health,,,0,0,0,0,0,0,0,0,0,0,0,0.000055,0.000183333,0.000311667,0.00044,0.00055,0.000783333,0.002416667,0.00405,0.005683333,0.007316667,0.00755,0.00755,0.00755,0.00755,0.00755,0.00755,0.00755,0.00755,0.00805,0.008633333,0.009216667,0.0098,0.01005,0.01005,0.01005,0.01005,0.01005,0.01005,0.01005,0.01005,0.01005,0.01005,0.01005,0.01005,0.01005,0.01005,0.01005,0.01005,0.01005,0.01005,0.01005,0.01005
Textiles,,,0,0,0,0,0,0,0,0,0,0,0,0,0,0.002,0.004333333,0.006666667,0.009,0.01,0.01,0.01,0.01,0.01,0.01,0.01,0.01,0.01,0.01,0.01,0.01,0.01,0.01,0.01,0.01,0.01,0.01,0.01,0.01,0.01,0.01,0.01,0.01,0.01,0.01,0.01,0.01,0.01,0.01,0.01,0.01,0.01,0.01,0.01,0.01
Fertility,,,0,0,0,0,0,0,0,0,0,0,0,0,0,0,0,0,0,0,0,0,0,0,0,0,0,0,0,0,0,0.0005,0.001083333,0.001666667,0.00225,0.0025,0.0025,0.0025,0.0025,0.0025,0.0025,0.0025,0.0025,0.0025,0.0025,0.0025,0.0025,0.0025,0.0025,0.0025,0.0025,0.002829545,0.005136364,0.007443182,0.00975
Intellectual Property,,,0,0,0,0,0,0,0,0,0,0,0,0,0,0,0,0,0,0,0,0,0,0,0,0,0,0,0,0,0,0,0,0,0,0,0,0,0,0.00096,0.0032,0.00544,0.00768,0.0096,0.0096,0.0096,0.0096,0.0096,0.0096,0.0096,0.0096,0.0096,0.0096,0.0096,0.0096
CRM,,,0,0,0,0,0,0,0,0,0,0,0.000003333,0.000026667,0.00005,0.000073333,0.000096667,0.0001,0.0001,0.0001,0.0001,0.0001,0.0001,0.0001,0.000466667,0.001322222,0.002177778,0.003033334,0.003766667,0.003766667,0.003766667,0.003766667,0.003766667,0.003766667,0.003766667,0.003938889,0.005144444,0.006349998,0.007555553,0.008761108,0.00893333,0.00893333,0.00893333,0.00893333,0.00893333,0.00893333,0.00893333,0.00893333,0.00893333,0.00893333,0.00893333,0.00893333,0.00893333,0.00893333,0.00893333
InsurTech,,,0,0,0,0,0,0,0,0,0,0,0,0,0,0,0,0,0,0,0,0,0,0,0,0,0,0,0,0,0.000184444,0.00083,0.001475556,0.002121111,0.002766667,0.002766667,0.002766667,0.003364584,0.003969167,0.004590417,0.005211667,0.005405834,0.005429167,0.005761667,0.0065375,0.007313334,0.008089167,0.008754167,0.008754167,0.008754167,0.008754167,0.008754167,0.008754167,0.008754167,0.008754167
Transaction Processing,,,0,0,0,0,0,0,0.000291667,0.002333333,0.004375,0.006416667,0.008458333,0.00875,0.00875,0.00875,0.00875,0.00875,0.00875,0.00875,0.00875,0.00875,0.00875,0.00875,0.00875,0.00875,0.00875,0.00875,0.00875,0.00875,0.00875,0.00875,0.00875,0.00875,0.00875,0.00875,0.00875,0.00875,0.00875,0.00875,0.00875,0.00875,0.00875,0.00875,0.00875,0.00875,0.00875,0.00875,0.00875,0.00875,0.00875,0.00875,0.00875,0.00875,0.00875
Data Integration,,,0,0,0,0,0,0,0,0,0,0,0,0,0,0,0,0.00035,0.0007,0.00105,0.0014,0.0015,0.0015,0.0015,0.0015,0.0015,0.0015,0.0015,0.0015,0.0015,0.0015,0.0015,0.0015,0.0015,0.0015,0.0015,0.0015,0.0015,0.0015,0.0015,0.0015,0.0015,0.0015,0.001966667,0.0036,0.005233333,0.006866667,0.0085,0.0085,0.0085,0.0085,0.0085,0.0085,0.0085,0.0085
Credit,,,0,0,0,0,0,0,0,0,0,0,0,0,0,0,0,0,0.000048083,0.000384664,0.000721245,0.001057827,0.001394408,0.001442491,0.001442491,0.001442491,0.001442491,0.001442491,0.001442491,0.001442491,0.001442491,0.001442491,0.001442491,0.001442491,0.001442491,0.001442491,0.001442491,0.001442491,0.001442491,0.001442491,0.001442491,0.001442491,0.001442491,0.001909158,0.003542491,0.005175824,0.006809158,0.008442491,0.008442491,0.008442491,0.008442491,0.008442491,0.008442491,0.008442491,0.008442491
Marketing Automation,,,0,0,0,0,0,0,0,0,0,0,0,0,0,0,0,0,0,0,0,0,0,0,0.000166667,0.001333333,0.0025,0.003666667,0.004833333,0.005,0.005,0.005,0.005,0.005,0.005,0.005,0.005,0.005,0.005,0.005,0.005,0.005,0.005,0.005,0.005015,0.00505,0.005085,0.00512,0.00515,0.00515,0.00515,0.00515,0.00515,0.006566667,0.007983333
Non-Fungible Token (NFT),,,0,0,0,0,0,0,0,0,0,0,0,0,0,0,0,0,0,0,0,0,0,0,0,0,0,0,0,0,0,0,0.00175,0.0035,0.00525,0.007,0.0075,0.0075,0.0075,0.0075,0.0075,0.0075,0.0075,0.0075,0.0075,0.0075,0.0075,0.0075,0.0075,0.0075,0.0075,0.0075,0.0075,0.0075,0.0075
Cloud Security,,,0,0,0,0,0,0,0,0,0,0,0,0,0,0,0,0,0,0,0,0,0,0,0,0.001066667,0.002311111,0.003555555,0.0048,0.005333333,0.005452083,0.005867708,0.006283333,0.006698958,0.007114583,0.007114583,0.007114583,0.007114583,0.007114583,0.007114583,0.007114583,0.007114583,0.007114583,0.007114583,0.007114583,0.007114583,0.007114583,0.007114583,0.007114583,0.007114583,0.007114583,0.007114583,0.007114583,0.007114583,0.007114583
Credit Bureau,,,0,0,0,0,0,0,0,0,0,0,0,0,0,0,0,0,0,0,0,0,0,0,0,0,0,0,0,0,0,0,0,0,0,0,0,0,0,0,0,0,0,0.000466667,0.0021,0.003733333,0.005366667,0.007,0.007,0.007,0.007,0.007,0.007,0.007,0.007
Nutrition,,,0,0,0,0,0,0,0,0,0,0,0,0,0,0,0,0,0.000233333,0.001866667,0.0035,0.005133333,0.006766667,0.007,0.007,0.007,0.007,0.007,0.007,0.007,0.007,0.007,0.007,0.007,0.007,0.007,0.007,0.007,0.007,0.007,0.007,0.007,0.007,0.007,0.007,0.007,0.007,0.007,0.007,0.007,0.007,0.007,0.007,0.007,0.007
Biometrics,,,0,0,0,0,0,0.000441667,0.0019875,0.003533333,0.005079167,0.006625,0.006625,0.006625,0.006625,0.006625,0.006625,0.006625,0.006625,0.006625,0.006625,0.006625,0.006625,0.006625,0.006625,0.006625,0.006625,0.006625,0.006625,0.006625,0.006625,0.006625,0.006625,0.006625,0.006625,0.006625,0.006625,0.006625,0.006625,0.006625,0.006625,0.006625,0.006625,0.006625,0.006625,0.006625,0.006625,0.006625,0.006625,0.006625,0.006625,0.006625,0.006625,0.006625,0.006625
Advertising,,,0,0,0,0,0,0,0.00044,0.001466667,0.002493333,0.00352,0.0044,0.0044,0.0044,0.0044,0.0044,0.0044,0.0044,0.0044,0.004528333,0.004656667,0.004785,0.004913333,0.00495,0.005105,0.005466667,0.005828333,0.00619,0.0065,0.0065,0.0065,0.0065,0.0065,0.0065,0.0065,0.0065,0.0065,0.0065,0.0065,0.0065,0.0065,0.0065,0.0065,0.0065,0.0065,0.0065,0.0065,0.0065,0.0065,0.0065,0.0065,0.0065,0.0065,0.0065
Customer Service,,,0,0,0,0,0,0,0,0,0,0,0,0,0,0,0,0,0,0,0,0,0,0,0,0,0,0,0,0,0,0,0,0,0,0.000172222,0.001377777,0.002583332,0.004048886,0.005557774,0.00603333,0.006336663,0.006466663,0.006466663,0.006466663,0.006466663,0.006466663,0.006466663,0.006466663,0.006466663,0.006466663,0.006466663,0.006466663,0.006466663,0.006466663
Technical Support,,,0,0,0,0,0,0,0,0,0,0,0,0,0,0,0,0,0,0,0,0,0,0,0,0,0,0,0,0,0,0,0,0,0,0.000172222,0.001377777,0.002583332,0.004048886,0.005557774,0.00603333,0.006336663,0.006466663,0.006466663,0.006466663,0.006466663,0.006466663,0.006466663,0.006466663,0.006466663,0.006466663,0.006466663,0.006466663,0.006466663,0.006466663
Employee Benefits,,,0,0,0,0,0,0,0,0,0,0.000233333,0.000466667,0.0007,0.000933333,0.001,0.001,0.001,0.001,0.001,0.001,0.001,0.001,0.001,0.001541996,0.002806654,0.004071312,0.00533597,0.006419963,0.006419963,0.006419963,0.006419963,0.006419963,0.006419963,0.006419963,0.006419963,0.006419963,0.006419963,0.006419963,0.006419963,0.006419963,0.006419963,0.006419963,0.006419963,0.006419963,0.006419963,0.006419963,0.006419963,0.006419963,0.006419963,0.006419963,0.006419963,0.006419963,0.006419963,0.006419963
Retail Technology,,,0,0,0,0,0,0,0.00044,0.001466667,0.002493333,0.00352,0.0044,0.0044,0.0044,0.0044,0.004533333,0.005,0.005466667,0.005933333,0.0064,0.0064,0.0064,0.0064,0.0064,0.0064,0.0064,0.0064,0.0064,0.0064,0.0064,0.0064,0.0064,0.0064,0.0064,0.0064,0.0064,0.0064,0.0064,0.0064,0.0064,0.0064,0.0064,0.0064,0.0064,0.0064,0.0064,0.0064,0.0064,0.0064,0.0064,0.0064,0.0064,0.0064,0.0064
Insurance,,,0,0,0,0,0,0,0,0,0,0,0,0,0,0,0,0,0,0,0,0,0,0,0,0,0.00000758,0.00001516,0.00002274,0.000030319,0.000032485,0.000032485,0.000032485,0.000032485,0.000032485,0.000032485,0.000032485,0.000667902,0.001359985,0.002068735,0.002777485,0.003046652,0.003069985,0.003402485,0.004178318,0.004954152,0.005729985,0.006394985,0.006394985,0.006394985,0.006394985,0.006394985,0.006394985,0.006394985,0.006394985
Clean Energy,,,0,0,0,0,0,0,0,0,0,0,0,0,0,0,0,0,0,0,0,0,0,0,0.000622918,0.002076394,0.00352987,0.004983346,0.006229183,0.006229183,0.006229183,0.006229183,0.006229183,0.006229183,0.006229183,0.006229183,0.006229183,0.006229183,0.006229183,0.006229183,0.006229183,0.006229183,0.006229183,0.006229183,0.006229183,0.006229183,0.006229183,0.006229183,0.006229183,0.006229183,0.006229183,0.006229183,0.006229183,0.006229183,0.006229183
Professional Services,,,0,0,0,0,0,0,0,0,0,0,0,0,0,0,0,0,0,0,0,0,0,0,0.000622918,0.002076394,0.00352987,0.004983346,0.006229183,0.006229183,0.006229183,0.006229183,0.006229183,0.006229183,0.006229183,0.006229183,0.006229183,0.006229183,0.006229183,0.006229183,0.006229183,0.006229183,0.006229183,0.006229183,0.006229183,0.006229183,0.006229183,0.006229183,0.006229183,0.006229183,0.006229183,0.006229183,0.006229183,0.006229183,0.006229183
Wind Energy,,,0,0,0,0,0,0,0,0,0,0,0,0,0,0,0,0,0,0,0,0,0,0,0.000622918,0.002076394,0.00352987,0.004983346,0.006229183,0.006229183,0.006229183,0.006229183,0.006229183,0.006229183,0.006229183,0.006229183,0.006229183,0.006229183,0.006229183,0.006229183,0.006229183,0.006229183,0.006229183,0.006229183,0.006229183,0.006229183,0.006229183,0.006229183,0.006229183,0.006229183,0.006229183,0.006229183,0.006229183,0.006229183,0.006229183
Personal Finance,,,0,0,0,0,0,0,0,0,0,0,0,0,0,0,0,0,0,0,0,0,0,0,0,0,0,0,0,0,0,0,0,0,0,0,0,0,0,0,0.001375369,0.002750739,0.004126108,0.005501477,0.00589444,0.00589444,0.00589444,0.00589444,0.00589444,0.00589444,0.00589444,0.00589444,0.00589444,0.00589444,0.00589444
Cloud Data Services,,,0,0,0,0,0,0,0,0,0,0,0,0,0,0,0,0,0,0,0,0,0,0,0,0,0,0,0,0,0,0,0,0,0,0,0,0,0,0.00019491,0.001559279,0.002923649,0.004288019,0.005652388,0.005847298,0.005847298,0.005847298,0.005847298,0.005847298,0.005847298,0.005847298,0.005847298,0.005847298,0.005847298,0.005847298
Space Travel,,,0,0,0,0,0,0,0.000166667,0.000555556,0.000944445,0.001333334,0.001666667,0.001666667,0.001666667,0.001666667,0.001666667,0.001666667,0.001666667,0.001666667,0.001666667,0.001666667,0.001666667,0.001666667,0.001766667,0.001883334,0.002,0.002116667,0.0023,0.002611111,0.002922222,0.003233333,0.0035,0.0035,0.0035,0.0035,0.0035,0.0035,0.0035,0.0035,0.0035,0.0035,0.0035,0.003655556,0.0042,0.004744444,0.005288889,0.005833333,0.005833333,0.005833333,0.005833333,0.005833333,0.005833333,0.005833333,0.005833333
Men's,,,0,0,0,0,0,0,0,0,0,0,0,0.001347763,0.002695526,0.004043289,0.005391052,0.005776127,0.005776127,0.005776127,0.005776127,0.005776127,0.005776127,0.005776127,0.005776127,0.005776127,0.005776127,0.005776127,0.005776127,0.005776127,0.005776127,0.005776127,0.005776127,0.005776127,0.005776127,0.005776127,0.005776127,0.005776127,0.005776127,0.005776127,0.005776127,0.005776127,0.005776127,0.005776127,0.005776127,0.005776127,0.005776127,0.005776127,0.005776127,0.005776127,0.005776127,0.005776127,0.005776127,0.005776127,0.005776127
Enterprise Resource Planning (ERP),,,0,0,0,0,0,0,0,0,0,0,0.000003333,0.000397037,0.001716667,0.003036297,0.004355926,0.005655556,0.005655556,0.005655556,0.005655556,0.005655556,0.005655556,0.005655556,0.005655556,0.005655556,0.005655556,0.005655556,0.005655556,0.005655556,0.005655556,0.005655556,0.005655556,0.005655556,0.005655556,0.005655556,0.005655556,0.005655556,0.005655556,0.005655556,0.005655556,0.005655556,0.005655556,0.005655556,0.005655556,0.005655556,0.005655556,0.005655556,0.005655556,0.005655556,0.005655556,0.005655556,0.005655556,0.005655556,0.005655556
Network Security,,,0,0,0,0,0,0,0,0,0,0,0,0,0,0,0.000004991,0.000009982,0.000014972,0.000019963,0.000021389,0.000021389,0.000021389,0.000021389,0.000021389,0.001088056,0.0023325,0.003576944,0.004821389,0.005354722,0.005354722,0.005354722,0.005354722,0.005354722,0.005354722,0.005354722,0.005354722,0.005354722,0.005354722,0.005354722,0.005354722,0.005354722,0.005354722,0.005354722,0.005354722,0.005354722,0.005354722,0.005354722,0.005354722,0.005354722,0.005354722,0.005354722,0.005354722,0.005354722,0.005354722
Privacy,,,0,0,0,0,0,0,0,0,0,0,0,0,0,0,0,0,0,0,0,0,0,0,0,0,0,0,0,0,0.00011875,0.000534375,0.00095,0.001365625,0.00178125,0.00178125,0.00178125,0.00178125,0.00178125,0.00178125,0.00178125,0.00178125,0.00178125,0.00178125,0.00178125,0.00178125,0.00178125,0.00178125,0.002014583,0.00283125,0.003647917,0.004464583,0.00528125,0.00528125,0.00528125
Solar,,,0,0,0,0,0,0,0,0,0,0,0,0,0,0.000010476,0.000047143,0.00008381,0.000120476,0.000157143,0.000157143,0.000157143,0.000157143,0.000157143,0.000157143,0.000157143,0.000157143,0.000157143,0.000157143,0.000157143,0.000157143,0.000157143,0.000157143,0.000157143,0.000157143,0.000157143,0.000157143,0.000157143,0.000157143,0.000157143,0.000157143,0.000157143,0.000157143,0.000157143,0.000490476,0.001657143,0.00282381,0.003990476,0.005157143,0.005157143,0.005157143,0.005157143,0.005157143,0.005157143,0.005157143
Sales Automation,,,0,0,0,0,0,0,0,0,0,0,0.000003333,0.000026667,0.00005,0.000073333,0.00023,0.0007,0.001166667,0.001633333,0.0021,0.0021,0.0021,0.0021,0.0021,0.0021,0.0021,0.0021,0.0021,0.0021,0.0021,0.0021,0.0021,0.0021,0.0021,0.0021,0.0021,0.0021,0.00236,0.002813333,0.003466667,0.00412,0.0046,0.0049,0.004915,0.00495,0.004985,0.00502,0.00505,0.00505,0.00505,0.00505,0.00505,0.00505,0.00505
Lead Generation,,,0.000016667,0.000133333,0.00025,0.000366667,0.000483333,0.0005,0.0005,0.0005,0.0005,0.0005,0.0005,0.0005,0.0005,0.0005,0.0005,0.0005,0.0005,0.0005,0.0005,0.0005,0.0005,0.0005,0.0005,0.0005,0.0005,0.0005,0.0005,0.0005,0.0005,0.0005,0.0005,0.0005,0.0005,0.0005,0.0005,0.0005,0.0005,0.00065,0.001,0.00135,0.0017,0.002,0.002015,0.00205,0.002085,0.00212,0.00215,0.00215,0.00215,0.00215,0.00215,0.003566667,0.004983333
Data Storage,,,0,0,0,0,0,0,0,0,0,0,0,0,0,0,0.000133333,0.0006,0.001066667,0.001533333,0.002,0.002,0.002,0.002,0.002,0.002,0.002,0.002,0.002,0.002,0.002,0.002,0.002,0.002,0.002,0.002,0.002,0.002,0.002,0.002,0.002,0.002,0.002,0.002,0.002,0.002,0.002,0.002,0.002088889,0.002711111,0.003333334,0.003955556,0.004577778,0.004666667,0.004666667
Web Development,,,0,0,0,0,0,0,0,0,0,0,0,0,0,0.000011111,0.000066667,0.000128889,0.000191111,0.000253334,0.000266667,0.000266667,0.000266667,0.000266667,0.000266667,0.000266667,0.000266667,0.000266667,0.000266667,0.000266667,0.000266667,0.000266667,0.000266667,0.000266667,0.000266667,0.000966667,0.001711111,0.002722222,0.003733333,0.004244445,0.004555556,0.0046,0.0046,0.0046,0.0046,0.0046,0.0046,0.0046,0.0046,0.0046,0.0046,0.0046,0.0046,0.0046,0.0046
Consumer Electronics,,,0,0,0,0,0,0,0.000152222,0.001217778,0.002283333,0.003348889,0.004414445,0.004566667,0.004566667,0.004566667,0.004566667,0.004566667,0.004566667,0.004566667,0.004566667,0.004566667,0.004566667,0.004566667,0.004566667,0.004566667,0.004566667,0.004566667,0.004566667,0.004566667,0.004566667,0.004566667,0.004566667,0.004566667,0.004566667,0.004566667,0.004566667,0.004566667,0.004566667,0.004566667,0.004566667,0.004566667,0.004566667,0.004566667,0.004566667,0.004566667,0.004566667,0.004566667,0.004566667,0.004566667,0.004566667,0.004566667,0.004566667,0.004566667,0.004566667
A/B Testing,,,0,0,0,0,0,0,0,0,0,0,0,0,0,0,0,0,0,0,0,0,0,0,0,0,0,0,0.000301624,0.001357307,0.002412991,0.003468674,0.004524358,0.004524358,0.004524358,0.004524358,0.004524358,0.004524358,0.004524358,0.004524358,0.004524358,0.004524358,0.004524358,0.004524358,0.004524358,0.004524358,0.004524358,0.004524358,0.004524358,0.004524358,0.004524358,0.004524358,0.004524358,0.004524358,0.004524358
Gambling,,,0,0,0,0,0,0,0,0,0,0,0,0,0,0,0,0,0,0,0,0,0,0,0,0,0,0,0,0,0,0,0,0,0.0006,0.00165,0.0027,0.00375,0.0045,0.0045,0.0045,0.0045,0.0045,0.0045,0.0045,0.0045,0.0045,0.0045,0.0045,0.0045,0.0045,0.0045,0.0045,0.0045,0.0045
Sports,,,0,0,0,0,0,0,0,0,0,0,0,0,0,0,0,0,0,0,0,0,0,0,0,0,0,0,0,0,0,0,0,0,0.0006,0.00165,0.0027,0.00375,0.0045,0.0045,0.0045,0.0045,0.0045,0.0045,0.0045,0.0045,0.0045,0.0045,0.0045,0.0045,0.0045,0.0045,0.0045,0.0045,0.0045
Mobile Advertising,,,0,0,0,0,0,0,0.00044,0.001466667,0.002493333,0.00352,0.0044,0.0044,0.0044,0.0044,0.0044,0.0044,0.0044,0.0044,0.0044,0.0044,0.0044,0.0044,0.0044,0.0044,0.0044,0.0044,0.0044,0.0044,0.0044,0.0044,0.0044,0.0044,0.0044,0.0044,0.0044,0.0044,0.0044,0.0044,0.0044,0.0044,0.0044,0.0044,0.0044,0.0044,0.0044,0.0044,0.0044,0.0044,0.0044,0.0044,0.0044,0.0044,0.0044
SMS,,,0,0,0,0,0,0,0.00044,0.001466667,0.002493333,0.00352,0.0044,0.0044,0.0044,0.0044,0.0044,0.0044,0.0044,0.0044,0.0044,0.0044,0.0044,0.0044,0.0044,0.0044,0.0044,0.0044,0.0044,0.0044,0.0044,0.0044,0.0044,0.0044,0.0044,0.0044,0.0044,0.0044,0.0044,0.0044,0.0044,0.0044,0.0044,0.0044,0.0044,0.0044,0.0044,0.0044,0.0044,0.0044,0.0044,0.0044,0.0044,0.0044,0.0044
Mining Technology,,,0,0,0,0,0.0004,0.001333333,0.002266667,0.0032,0.004,0.004,0.004,0.004,0.004,0.004,0.004,0.004,0.004,0.004,0.004,0.004,0.004,0.004,0.004,0.004,0.00400758,0.00401516,0.004022739,0.004030319,0.004032485,0.004032485,0.004032485,0.004032485,0.004032485,0.004032485,0.004032485,0.004032485,0.004032485,0.004032485,0.004032485,0.004032485,0.004032485,0.004032485,0.004032485,0.004032485,0.004032485,0.004032485,0.004032485,0.004032485,0.004032485,0.004032485,0.004032485,0.004032485,0.004032485
Mineral,,,0,0,0,0,0.0004,0.001333333,0.002266667,0.0032,0.004,0.004,0.004,0.004,0.004,0.004,0.004,0.004,0.004,0.004,0.004,0.004,0.004,0.004,0.004,0.004,0.004,0.004,0.004,0.004,0.004,0.004,0.004,0.004,0.004,0.004,0.004,0.004,0.004,0.004,0.004,0.004,0.004,0.004,0.004,0.004,0.004,0.004,0.004,0.004,0.004,0.004,0.004,0.004,0.004
Mining,,,0,0,0,0,0.0004,0.001333333,0.002266667,0.0032,0.004,0.004,0.004,0.004,0.004,0.004,0.004,0.004,0.004,0.004,0.004,0.004,0.004,0.004,0.004,0.004,0.004,0.004,0.004,0.004,0.004,0.004,0.004,0.004,0.004,0.004,0.004,0.004,0.004,0.004,0.004,0.004,0.004,0.004,0.004,0.004,0.004,0.004,0.004,0.004,0.004,0.004,0.004,0.004,0.004
Photo Editing,,,0,0,0,0,0,0,0,0,0,0,0,0,0,0,0,0,0,0,0,0,0,0,0,0,0,0,0,0,0,0,0,0,0,0,0,0,0,0,0,0,0.000133333,0.001066667,0.002,0.002933333,0.003866667,0.004,0.004,0.004,0.004,0.004,0.004,0.004,0.004
Photography,,,0,0,0,0,0,0,0,0,0,0,0,0,0,0,0,0,0,0,0,0,0,0,0,0,0,0,0,0,0,0,0,0,0,0,0,0,0,0,0,0,0.000133333,0.001066667,0.002,0.002933333,0.003866667,0.004,0.004,0.004,0.004,0.004,0.004,0.004,0.004
Sales Enablement,,,0,0,0,0,0,0,0.000071429,0.000571429,0.001071429,0.001571428,0.002071428,0.002142857,0.002142857,0.002142857,0.002142857,0.002142857,0.002142857,0.002142857,0.002142857,0.002142857,0.002142857,0.002142857,0.002142857,0.002142857,0.002142857,0.002142857,0.002142857,0.002142857,0.002142857,0.002170635,0.002209524,0.002248413,0.002287302,0.002309524,0.002309524,0.002309524,0.002309524,0.002459524,0.002809524,0.003159524,0.003509524,0.003809524,0.003809524,0.003809524,0.003809524,0.003809524,0.003809524,0.003809524,0.003809524,0.003809524,0.003809524,0.003809524,0.003809524
Architecture,,,0,0,0,0,0,0,0,0,0,0,0,0,0,0,0,0,0,0,0,0,0,0,0,0,0,0,0,0,0,0,0,0,0,0,0,0,0,0,0,0,0,0,0,0,0,0,0,0,0,0,0.000661765,0.002205882,0.00375
Civil Engineering,,,0,0,0,0,0,0,0,0,0,0,0,0,0,0,0,0,0,0,0,0,0,0,0,0,0,0,0,0,0,0,0,0,0,0,0,0,0,0,0,0,0,0,0,0,0,0,0,0,0,0,0.000661765,0.002205882,0.00375
Lending,,,0,0,0,0,0,0,0,0,0,0,0,0,0,0,0,0,0,0,0,0,0.000375,0.00125,0.002125,0.003,0.00375,0.00375,0.00375,0.00375,0.00375,0.00375,0.00375,0.00375,0.00375,0.00375,0.00375,0.00375,0.00375,0.00375,0.00375,0.00375,0.00375,0.00375,0.00375,0.00375,0.00375,0.00375,0.00375,0.00375,0.00375,0.00375,0.00375,0.00375,0.00375
EdTech,,,0,0,0,0,0,0,0,0,0,0,0.000004167,0.000033333,0.0000625,0.000091667,0.0001605,0.000204333,0.000244,0.000283667,0.000295,0.000295,0.000295,0.000295,0.000295,0.000295,0.000295,0.000295,0.000295,0.000298333,0.000321667,0.000345,0.000368333,0.000391667,0.000395,0.000395,0.000395,0.000395,0.000406111,0.000445,0.000483889,0.000522778,0.000561667,0.000561667,0.000561667,0.000561667,0.000561667,0.000561667,0.000561667,0.000561667,0.000561667,0.000561667,0.000761667,0.002161665,0.003561664
Education,,,0,0,0,0,0,0,0,0,0,0,0.000004167,0.000033333,0.0000625,0.000091667,0.0001605,0.000204333,0.000244,0.000283667,0.000295,0.000295,0.000295,0.000295,0.000295,0.000295,0.000295,0.000295,0.000295,0.000298333,0.000321667,0.000345,0.000368333,0.000391667,0.000395,0.000395,0.000395,0.000395,0.000406111,0.000445,0.000483889,0.000522778,0.000561667,0.000561667,0.000561667,0.000561667,0.000561667,0.000561667,0.000561667,0.000561667,0.000561667,0.000561667,0.000761667,0.002161665,0.003561664
Natural Language Processing,,,0,0,0,0,0,0,0,0,0,0,0,0,0,0,0,0,0,0,0,0,0.000003333,0.000006667,0.00001,0.000013334,0.000014286,0.000014286,0.000014286,0.000014286,0.000014286,0.000014286,0.000014286,0.000014286,0.000014286,0.000014286,0.000014286,0.000014286,0.000014286,0.000164286,0.000514286,0.000864286,0.001214286,0.001514286,0.001514286,0.001514286,0.001514286,0.001514286,0.001514286,0.001514286,0.001514286,0.001514286,0.001850768,0.002635892,0.003421017
Search Engine,,,0,0,0,0,0,0,0,0,0,0,0,0,0.0002,0.000666667,0.001133333,0.0016,0.002,0.002,0.002,0.002,0.002,0.002,0.002,0.002,0.002,0.002,0.002,0.002,0.002,0.002,0.002,0.002,0.002,0.002,0.002,0.002,0.00226,0.002563333,0.002866667,0.00317,0.0033,0.0033,0.0033,0.0033,0.0033,0.0033,0.0033,0.0033,0.0033,0.0033,0.0033,0.0033,0.0033
E-Learning,,,0,0,0,0,0,0,0,0,0,0,0,0,0,0,0.000039667,0.000079333,0.000119,0.000158667,0.00017,0.00017,0.00017,0.00017,0.00017,0.00017,0.00017,0.00017,0.00017,0.000173333,0.000196667,0.00022,0.000243333,0.000266667,0.00027,0.00027,0.00027,0.00027,0.00027,0.00027,0.00027,0.00027,0.00027,0.00027,0.00027,0.00027,0.00027,0.00027,0.00027,0.00027,0.00027,0.00027,0.00047,0.001869998,0.003269997
DevOps,,,0,0,0,0,0,0,0,0,0,0,0,0,0,0,0,0,0,0,0,0,0,0.00003,0.00024,0.00045,0.00066,0.00087,0.0009,0.0009,0.0009,0.0009,0.0009,0.0009,0.0009,0.0009,0.0009,0.0009,0.000906667,0.00093,0.000953333,0.000976667,0.001,0.001073333,0.001586667,0.0021,0.002613333,0.003126667,0.0032,0.0032,0.0032,0.0032,0.0032,0.0032,0.0032
Procurement,,,0,0,0,0,0,0,0,0,0,0,0,0,0,0,0,0,0,0,0,0.000066,0.00022,0.000374,0.000528,0.00066,0.00066,0.00066,0.00066,0.00066,0.00066,0.00066,0.00066,0.00066,0.00066,0.00066,0.00066,0.00066,0.00066,0.00066,0.00066,0.00066,0.00066,0.00066,0.00066,0.00066,0.00066,0.00066,0.000821333,0.001386,0.001950667,0.002515333,0.00308,0.00308,0.00308
Graphic Design,,,0,0,0,0,0,0,0,0,0,0,0,0,0,0,0,0,0,0,0,0,0,0,0,0,0,0,0,0,0,0,0,0,0,0,0,0,0,0,0,0.000204444,0.00092,0.001635556,0.002351111,0.003066667,0.003066667,0.003066667,0.003066667,0.003066667,0.003066667,0.003066667,0.003066667,0.003066667,0.003066667
Ride Sharing,,,0,0,0,0,0,0,0,0.000163333,0.000735,0.001306667,0.001878333,0.00245,0.00245,0.00245,0.00245,0.00245,0.00245,0.00245,0.00245,0.00245,0.00245,0.00245,0.00245,0.00245,0.00245,0.00245,0.00245,0.00245,0.00245,0.00245,0.00245,0.00245,0.00245,0.00245,0.002564286,0.002697619,0.002830953,0.002964286,0.003021429,0.003021429,0.003021429,0.003021429,0.003021429,0.003021429,0.003021429,0.003021429,0.003021429,0.003021429,0.003021429,0.003021429,0.003021429,0.003021429,0.003021429
Home Services,,,0,0,0,0,0,0,0,0,0,0,0,0,0,0,0,0,0,0,0,0,0,0,0,0,0,0,0,0,0,0,0,0,0,0.0007,0.0014,0.0021,0.0028,0.003,0.003,0.003,0.003,0.003,0.003,0.003,0.003,0.003,0.003,0.003,0.003,0.003,0.003,0.003,0.003
Reputation,,,0,0,0,0,0,0,0,0,0,0,0,0,0,0,0,0,0,0,0,0,0,0,0,0,0,0,0,0,0,0,0,0,0,0.0007,0.0014,0.0021,0.0028,0.003,0.003,0.003,0.003,0.003,0.003,0.003,0.003,0.003,0.003,0.003,0.003,0.003,0.003,0.003,0.003
Restaurants,,,0,0,0,0.0007,0.0014,0.0021,0.0028,0.003,0.003,0.003,0.003,0.003,0.003,0.003,0.003,0.003,0.003,0.003,0.003,0.003,0.003,0.003,0.003,0.003,0.003,0.003,0.003,0.003,0.003,0.003,0.003,0.003,0.003,0.003,0.003,0.003,0.003,0.003,0.003,0.003,0.003,0.003,0.003,0.003,0.003,0.003,0.003,0.003,0.003,0.003,0.003,0.003,0.003
Language Learning,,,0,0,0,0,0,0,0,0,0,0,0,0,0,0,0,0,0,0,0,0,0,0,0,0,0,0,0,0,0,0,0,0,0,0,0,0,0,0,0,0,0,0,0,0,0,0,0,0,0,0,0.0002,0.001599998,0.002999997
Quality Assurance,,,0,0,0,0,0,0,0,0,0,0,0,0,0,0,0,0,0,0,0,0.000096667,0.000773333,0.00145,0.002126667,0.002803333,0.0029,0.0029,0.0029,0.0029,0.0029,0.0029,0.0029,0.0029,0.0029,0.0029,0.0029,0.0029,0.0029,0.0029,0.0029,0.0029,0.0029,0.0029,0.0029,0.0029,0.0029,0.0029,0.0029,0.0029,0.0029,0.0029,0.0029,0.0029,0.0029
Sales,,,0,0,0,0,0,0.000066667,0.0003,0.000533333,0.000766667,0.001,0.001,0.001,0.001,0.001,0.001016667,0.001055556,0.001094445,0.001133334,0.001166667,0.001166667,0.001166667,0.001166667,0.001166667,0.001166667,0.001166667,0.001166667,0.001166667,0.001166667,0.001166667,0.001194445,0.001233334,0.001272223,0.001311112,0.001333334,0.001333334,0.001333334,0.001333334,0.001483334,0.001833334,0.002183334,0.002533334,0.002833334,0.002833334,0.002833334,0.002833334,0.002833334,0.002833334,0.002833334,0.002833334,0.002833334,0.002833334,0.002833334,0.002833334
Document Management,,,0,0,0,0,0,0,0,0,0,0,0,0,0,0,0,0,0,0,0,0,0,0,0,0,0,0,0,0,0.000184444,0.00083,0.001475556,0.002121111,0.002766667,0.002766667,0.002766667,0.002766667,0.002766667,0.002766667,0.002766667,0.002766667,0.002766667,0.002766667,0.002766667,0.002766667,0.002766667,0.002766667,0.002766667,0.002766667,0.002766667,0.002766667,0.002766667,0.002766667,0.002766667
Cloud Storage,,,0,0,0,0,0,0,0,0,0,0,0,0,0,0,0,0,0,0,0,0,0,0,0,0,0,0,0,0,0,0,0,0,0,0,0,0,0,0,0,0,0,0,0,0,0,0,0.000088889,0.000711111,0.001333334,0.001955556,0.002577778,0.002666667,0.002666667
Auto Insurance,,,0,0,0,0,0,0,0,0,0,0,0,0,0,0,0,0,0,0,0,0,0,0,0,0,0,0,0,0,0,0,0,0,0,0,0,0.000597917,0.001195833,0.00179375,0.002391667,0.0025625,0.0025625,0.0025625,0.0025625,0.0025625,0.0025625,0.0025625,0.0025625,0.0025625,0.0025625,0.0025625,0.0025625,0.0025625,0.0025625
Communities,,,0,0,0,0,0.000169391,0.000762258,0.001355125,0.001947993,0.00254086,0.00254086,0.00254086,0.00254086,0.00254086,0.00254086,0.00254086,0.00254086,0.00254086,0.00254086,0.00254086,0.00254086,0.00254086,0.00254086,0.00254086,0.00254086,0.00254086,0.00254086,0.00254086,0.00254086,0.00254086,0.00254086,0.00254086,0.00254086,0.00254086,0.00254086,0.00254086,0.00254086,0.00254086,0.00254086,0.00254086,0.00254086,0.00254086,0.00254086,0.00254086,0.00254086,0.00254086,0.00254086,0.00254086,0.00254086,0.00254086,0.00254086,0.00254086,0.00254086,0.00254086
Coworking,,,0,0,0,0,0.000169391,0.000762258,0.001355125,0.001947993,0.00254086,0.00254086,0.00254086,0.00254086,0.00254086,0.00254086,0.00254086,0.00254086,0.00254086,0.00254086,0.00254086,0.00254086,0.00254086,0.00254086,0.00254086,0.00254086,0.00254086,0.00254086,0.00254086,0.00254086,0.00254086,0.00254086,0.00254086,0.00254086,0.00254086,0.00254086,0.00254086,0.00254086,0.00254086,0.00254086,0.00254086,0.00254086,0.00254086,0.00254086,0.00254086,0.00254086,0.00254086,0.00254086,0.00254086,0.00254086,0.00254086,0.00254086,0.00254086,0.00254086,0.00254086
PropTech,,,0,0,0,0,0.000169391,0.000762258,0.001355125,0.001947993,0.00254086,0.00254086,0.00254086,0.00254086,0.00254086,0.00254086,0.00254086,0.00254086,0.00254086,0.00254086,0.00254086,0.00254086,0.00254086,0.00254086,0.00254086,0.00254086,0.00254086,0.00254086,0.00254086,0.00254086,0.00254086,0.00254086,0.00254086,0.00254086,0.00254086,0.00254086,0.00254086,0.00254086,0.00254086,0.00254086,0.00254086,0.00254086,0.00254086,0.00254086,0.00254086,0.00254086,0.00254086,0.00254086,0.00254086,0.00254086,0.00254086,0.00254086,0.00254086,0.00254086,0.00254086
Genetics,,,0,0,0,0,0,0,0,0,0,0,0,0,0,0,0,0,0,0,0,0,0,0,0,0,0,0,0,0,0,0.0005,0.001083333,0.001666667,0.00225,0.0025,0.0025,0.0025,0.0025,0.0025,0.0025,0.0025,0.0025,0.0025,0.0025,0.0025,0.0025,0.0025,0.0025,0.0025,0.0025,0.0025,0.0025,0.0025,0.0025
Satellite Communication,,,0,0,0,0,0,0,0,0,0,0,0,0,0,0,0,0,0,0,0,0,0,0,0,0,0,0,0,0,0,0,0,0,0,0,0,0,0,0,0,0,0,0,0,0,0.00025,0.000833333,0.001416667,0.002,0.0025,0.0025,0.0025,0.0025,0.0025
Telecommunications,,,0,0,0,0,0,0,0,0,0,0,0,0,0,0,0,0,0,0,0,0,0,0,0,0,0,0,0,0,0,0,0,0,0,0,0,0,0,0,0,0,0,0,0,0,0.00025,0.000833333,0.001416667,0.002,0.0025,0.0025,0.0025,0.0025,0.0025
Taxi Service,,,0,0,0,0,0,0,0.000071429,0.000571429,0.001071429,0.001571428,0.002071428,0.002142857,0.002142857,0.002142857,0.002142857,0.002142857,0.002142857,0.002142857,0.002142857,0.002142857,0.002142857,0.002142857,0.002142857,0.002142857,0.002142857,0.002142857,0.002142857,0.002142857,0.002142857,0.002142857,0.002142857,0.002142857,0.002142857,0.002142857,0.002142857,0.002142857,0.002142857,0.002142857,0.002142857,0.002142857,0.002142857,0.002142857,0.002142857,0.002142857,0.002142857,0.002142857,0.002142857,0.002142857,0.002142857,0.002142857,0.002142857,0.002142857,0.002142857
Advertising Platforms,,,0,0,0,0,0,0,0,0,0,0,0,0,0,0,0,0,0,0,0.000128333,0.000256667,0.000385,0.000513333,0.00055,0.000705,0.001066667,0.001428333,0.00179,0.0021,0.0021,0.0021,0.0021,0.0021,0.0021,0.0021,0.0021,0.0021,0.0021,0.0021,0.0021,0.0021,0.0021,0.0021,0.0021,0.0021,0.0021,0.0021,0.0021,0.0021,0.0021,0.0021,0.0021,0.0021,0.0021
Digital Marketing,,,0,0,0,0,0,0,0,0,0,0,0,0,0,0,0,0,0,0,0.000128333,0.000256667,0.000385,0.000513333,0.00055,0.000705,0.001066667,0.001428333,0.00179,0.0021,0.0021,0.0021,0.0021,0.0021,0.0021,0.0021,0.0021,0.0021,0.0021,0.0021,0.0021,0.0021,0.0021,0.0021,0.0021,0.0021,0.0021,0.0021,0.0021,0.0021,0.0021,0.0021,0.0021,0.0021,0.0021
Digital Signage,,,0,0,0,0,0,0,0,0,0,0,0,0,0,0,0,0,0,0,0.000128333,0.000256667,0.000385,0.000513333,0.00055,0.000705,0.001066667,0.001428333,0.00179,0.0021,0.0021,0.0021,0.0021,0.0021,0.0021,0.0021,0.0021,0.0021,0.0021,0.0021,0.0021,0.0021,0.0021,0.0021,0.0021,0.0021,0.0021,0.0021,0.0021,0.0021,0.0021,0.0021,0.0021,0.0021,0.0021
Data Governance,,,0,0,0,0,0,0,0,0,0,0,0,0,0,0,0,0,0,0,0,0,0,0,0,0,0,0,0,0,0,0,0,0,0,0,0,0,0,0,0,0.000466667,0.000933333,0.0014,0.001866667,0.002,0.002,0.002,0.002,0.002,0.002,0.002,0.002,0.002,0.002
Database,,,0,0,0,0,0,0,0,0,0,0,0,0,0.0002,0.000666667,0.001133333,0.0016,0.002,0.002,0.002,0.002,0.002,0.002,0.002,0.002,0.002,0.002,0.002,0.002,0.002,0.002,0.002,0.002,0.002,0.002,0.002,0.002,0.002,0.002,0.002,0.002,0.002,0.002,0.002,0.002,0.002,0.002,0.002,0.002,0.002,0.002,0.002,0.002,0.002
Semantic Search,,,0,0,0,0,0,0,0,0,0,0,0,0,0.0002,0.000666667,0.001133333,0.0016,0.002,0.002,0.002,0.002,0.002,0.002,0.002,0.002,0.002,0.002,0.002,0.002,0.002,0.002,0.002,0.002,0.002,0.002,0.002,0.002,0.002,0.002,0.002,0.002,0.002,0.002,0.002,0.002,0.002,0.002,0.002,0.002,0.002,0.002,0.002,0.002,0.002
Water,,,0,0,0,0,0,0,0,0,0,0,0,0,0,0,0,0,0,0,0,0,0,0,0,0.000382857,0.000829524,0.001276191,0.001722857,0.001914286,0.001914286,0.001914286,0.001914286,0.001914286,0.001914286,0.001914286,0.001914286,0.001914286,0.001914286,0.001914286,0.001914286,0.001914286,0.001914286,0.001914286,0.001914286,0.001914286,0.001914286,0.001914286,0.001914286,0.001914286,0.001914286,0.001914286,0.001914286,0.001914286,0.001914286
Computer Vision,,,0,0,0,0,0,0,0,0,0,0,0,0,0,0,0,0,0,0,0,0,0,0,0,0,0,0,0,0,0,0,0,0,0,0,0,0,0,0,0,0,0,0,0,0,0,0,0,0,0,0,0.000336482,0.001121606,0.001906731
Market Research,,,0,0,0,0,0,0,0,0,0,0,0.000412222,0.000824445,0.001236667,0.001648889,0.001766667,0.001766667,0.001766667,0.001766667,0.001766667,0.001766667,0.001766667,0.001766667,0.001766667,0.001766667,0.001766667,0.001766667,0.001766667,0.001766667,0.001766667,0.001766667,0.001766667,0.001766667,0.001766667,0.001766667,0.001766667,0.001766667,0.001766667,0.001766667,0.001766667,0.001766667,0.001766667,0.001766667,0.001766667,0.001766667,0.001766667,0.001766667,0.001766667,0.001766667,0.001766667,0.001766667,0.001766667,0.001766667,0.001766667
Cosmetics,,,0,0,0,0,0,0,0,0,0,0,0,0,0,0,0,0,0,0,0,0,0,0,0,0,0,0,0,0.000054167,0.000433333,0.0008125,0.001191667,0.001570833,0.001625,0.001625,0.001625,0.001625,0.001625,0.001625,0.001625,0.001625,0.001625,0.001625,0.001625,0.001625,0.001625,0.001625,0.001625,0.001625,0.001625,0.001625,0.001625,0.001625,0.001625
Travel,,,0,0,0,0,0,0,0,0,0,0,0,0,0,0.000010476,0.000047143,0.00008381,0.000120476,0.000157143,0.000157143,0.000157143,0.000157143,0.000157143,0.000481754,0.000806365,0.001130975,0.001455586,0.001548332,0.001548332,0.001548332,0.001548332,0.001548332,0.001548332,0.001548332,0.001548332,0.001548332,0.001548332,0.001548332,0.001548332,0.001548332,0.001548332,0.001548332,0.001548332,0.001548332,0.001548332,0.001548332,0.001548332,0.001548332,0.001548332,0.001548332,0.001548332,0.001548332,0.001548332,0.001548332
Tax Preparation,,,0,0,0,0,0,0,0.000357778,0.000715555,0.001073333,0.001431111,0.001533333,0.001533333,0.001533333,0.001533333,0.001533333,0.001533333,0.001533333,0.001533333,0.001533333,0.001533333,0.001533333,0.001533333,0.001533333,0.001533333,0.001533333,0.001533333,0.001533333,0.001533333,0.001533333,0.001533333,0.001533333,0.001533333,0.001533333,0.001533333,0.001533333,0.001533333,0.001533333,0.001533333,0.001533333,0.001533333,0.001533333,0.001533333,0.001533333,0.001533333,0.001533333,0.001533333,0.001533333,0.001533333,0.001533333,0.001533333,0.001533333,0.001533333,0.001533333
Crowdfunding,,,0,0,0,0,0,0,0,0,0,0,0,0,0,0,0,0,0,0,0,0,0,0,0.000101219,0.000455485,0.000809751,0.001164018,0.001518284,0.001518284,0.001518284,0.001518284,0.001518284,0.001518284,0.001518284,0.001518284,0.001518284,0.001518284,0.001518284,0.001518284,0.001518284,0.001518284,0.001518284,0.001518284,0.001518284,0.001518284,0.001518284,0.001518284,0.001518284,0.001518284,0.001518284,0.001518284,0.001518284,0.001518284,0.001518284
Corporate Training,,,0,0,0,0,0,0,0,0,0,0,0,0,0,0,0,0,0,0,0,0,0,0,0,0,0,0,0,0,0,0,0,0,0,0,0,0,0,0.00015,0.0005,0.00085,0.0012,0.0015,0.0015,0.0015,0.0015,0.0015,0.0015,0.0015,0.0015,0.0015,0.0015,0.0015,0.0015
Training,,,0,0,0,0,0,0,0,0,0,0,0,0,0,0,0,0,0,0,0,0,0,0,0,0,0,0,0,0,0,0,0,0,0,0,0,0,0,0.00015,0.0005,0.00085,0.0012,0.0015,0.0015,0.0015,0.0015,0.0015,0.0015,0.0015,0.0015,0.0015,0.0015,0.0015,0.0015
Delivery Service,,,0,0,0,0,0,0,0.000033333,0.000072222,0.000111111,0.00015,0.000166667,0.000166667,0.000166667,0.000166667,0.000166667,0.000166667,0.000166667,0.000166667,0.000166667,0.000166667,0.000166667,0.000166667,0.000166667,0.000166667,0.000166667,0.000166667,0.000166667,0.000166667,0.000166667,0.000166667,0.000208334,0.0005,0.000791667,0.001083334,0.001375,0.001416667,0.001416667,0.001416667,0.001416667,0.001416667,0.001416667,0.001416667,0.001416667,0.001416667,0.001416667,0.001416667,0.001416667,0.001416667,0.001416667,0.001416667,0.001416667,0.001416667,0.001416667
Automotive,,,0,0,0,0,0,0,0,0,0,0,0,0,0,0,0,0,0,0,0,0,0,0,0.000324611,0.000649222,0.000973832,0.001298443,0.001391189,0.001391189,0.001391189,0.001391189,0.001391189,0.001391189,0.001391189,0.001391189,0.001391189,0.001391189,0.001391189,0.001391189,0.001391189,0.001391189,0.001391189,0.001391189,0.001391189,0.001391189,0.001391189,0.001391189,0.001391189,0.001391189,0.001391189,0.001391189,0.001391189,0.001391189,0.001391189
Public Transportation,,,0,0,0,0,0,0,0,0,0,0,0,0,0,0,0,0,0,0,0,0,0,0,0.000324611,0.000649222,0.000973832,0.001298443,0.001391189,0.001391189,0.001391189,0.001391189,0.001391189,0.001391189,0.001391189,0.001391189,0.001391189,0.001391189,0.001391189,0.001391189,0.001391189,0.001391189,0.001391189,0.001391189,0.001391189,0.001391189,0.001391189,0.001391189,0.001391189,0.001391189,0.001391189,0.001391189,0.001391189,0.001391189,0.001391189
Virtual Workforce,,,0,0,0,0,0,0,0,0,0,0,0,0,0,0,0,0,0,0,0,0,0,0,0,0,0,0,0,0,0,0,0,0,0,0,0,0,0.00026,0.000563333,0.000866667,0.00117,0.0013,0.0013,0.0013,0.0013,0.0013,0.0013,0.0013,0.0013,0.0013,0.0013,0.0013,0.0013,0.0013
Product Design,,,0,0,0,0,0,0,0,0,0,0,0,0,0,0,0,0,0,0,0,0,0,0,0,0,0,0,0.000085,0.0003825,0.00068,0.0009775,0.001275,0.001275,0.001275,0.001275,0.001275,0.001275,0.001275,0.001275,0.001275,0.001275,0.001275,0.001275,0.001275,0.001275,0.001275,0.001275,0.001275,0.001275,0.001275,0.001275,0.001275,0.001275,0.001275
Bakery,,,0,0,0,0,0,0,0,0,0,0,0,0,0,0,0,0,0,0,0,0,0,0,0,0,0,0,0,0,0,0,0.000041667,0.000333333,0.000625,0.000916667,0.001208333,0.00125,0.00125,0.00125,0.00125,0.00125,0.00125,0.00125,0.00125,0.00125,0.00125,0.00125,0.00125,0.00125,0.00125,0.00125,0.00125,0.00125,0.00125
Grocery,,,0,0,0,0,0,0,0,0,0,0,0,0,0,0,0,0,0,0,0,0,0,0,0,0,0,0,0,0,0,0,0.000041667,0.000333333,0.000625,0.000916667,0.001208333,0.00125,0.00125,0.00125,0.00125,0.00125,0.00125,0.00125,0.00125,0.00125,0.00125,0.00125,0.00125,0.00125,0.00125,0.00125,0.00125,0.00125,0.00125
Electronic Health Record (EHR),,,0,0,0,0,0,0,0,0,0,0,0,0,0,0,0,0,0,0,0.000011111,0.00005,0.000088889,0.000127778,0.000166667,0.000166667,0.000166667,0.000166667,0.000166667,0.000166667,0.000166667,0.000166667,0.000166667,0.000166667,0.000166667,0.000166667,0.000166667,0.000166667,0.000166667,0.000166667,0.000166667,0.000166667,0.000166667,0.000166667,0.000166667,0.000166667,0.00027,0.000511111,0.000752222,0.000993333,0.0012,0.0012,0.0012,0.0012,0.0012
Government,,,0,0.000004167,0.00001,0.000015833,0.000021667,0.000025,0.000025,0.000025,0.000025,0.000025,0.000025,0.000025,0.000025,0.000057,0.000169,0.000281,0.000393,0.000505,0.000505,0.000571,0.000725,0.000879,0.001033,0.001165,0.001165,0.001165,0.001165,0.001165,0.001165,0.001165,0.001165,0.001165,0.001165,0.001165,0.001165,0.001165,0.001165,0.001165,0.001165,0.001165,0.001165,0.001165,0.001165,0.001165,0.001165,0.001165,0.001165,0.001165,0.001165,0.001165,0.001165,0.001165,0.001165
Agriculture,,,0,0,0,0,0,0,0,0,0,0,0,0,0,0,0,0,0,0,0,0,0,0,0,0,0.00007619,0.000342857,0.000609524,0.00087619,0.001142857,0.001142857,0.001142857,0.001142857,0.001142857,0.001142857,0.001142857,0.001142857,0.001142857,0.001142857,0.001142857,0.001142857,0.001142857,0.001142857,0.001142857,0.001142857,0.001142857,0.001142857,0.001142857,0.001142857,0.001142857,0.001142857,0.001142857,0.001142857,0.001142857
AgTech,,,0,0,0,0,0,0,0,0,0,0,0,0,0,0,0,0,0,0,0,0,0,0,0,0,0.00007619,0.000342857,0.000609524,0.00087619,0.001142857,0.001142857,0.001142857,0.001142857,0.001142857,0.001142857,0.001142857,0.001142857,0.001142857,0.001142857,0.001142857,0.001142857,0.001142857,0.001142857,0.001142857,0.001142857,0.001142857,0.001142857,0.001142857,0.001142857,0.001142857,0.001142857,0.001142857,0.001142857,0.001142857
Alternative Protein,,,0,0,0,0,0,0,0,0,0,0,0,0,0,0,0,0,0,0,0,0,0,0,0,0,0.00007619,0.000342857,0.000609524,0.00087619,0.001142857,0.001142857,0.001142857,0.001142857,0.001142857,0.001142857,0.001142857,0.001142857,0.001142857,0.001142857,0.001142857,0.001142857,0.001142857,0.001142857,0.001142857,0.001142857,0.001142857,0.001142857,0.001142857,0.001142857,0.001142857,0.001142857,0.001142857,0.001142857,0.001142857
CleanTech,,,0,0,0,0,0,0,0,0,0,0,0,0,0,0,0,0,0,0,0,0,0,0,0,0,0.00007619,0.000342857,0.000609524,0.00087619,0.001142857,0.001142857,0.001142857,0.001142857,0.001142857,0.001142857,0.001142857,0.001142857,0.001142857,0.001142857,0.001142857,0.001142857,0.001142857,0.001142857,0.001142857,0.001142857,0.001142857,0.001142857,0.001142857,0.001142857,0.001142857,0.001142857,0.001142857,0.001142857,0.001142857
Farming,,,0,0,0,0,0,0,0,0,0,0,0,0,0,0,0,0,0,0,0,0,0,0,0,0,0.00007619,0.000342857,0.000609524,0.00087619,0.001142857,0.001142857,0.001142857,0.001142857,0.001142857,0.001142857,0.001142857,0.001142857,0.001142857,0.001142857,0.001142857,0.001142857,0.001142857,0.001142857,0.001142857,0.001142857,0.001142857,0.001142857,0.001142857,0.001142857,0.001142857,0.001142857,0.001142857,0.001142857,0.001142857
Cloud Infrastructure,,,0,0.000004167,0.00001,0.000015833,0.000138333,0.000258333,0.000375,0.000491667,0.000525,0.000525,0.000525,0.000525,0.000525,0.000557,0.000669,0.000781,0.000893,0.001005,0.001005,0.001005,0.001005,0.001005,0.001005,0.001007778,0.001027222,0.001046667,0.001066111,0.001085555,0.001088333,0.001088333,0.001088333,0.001088333,0.001088333,0.001088333,0.001088333,0.001088333,0.001088333,0.001088333,0.001088333,0.001088333,0.001088333,0.001088333,0.001088333,0.001088333,0.001088333,0.001088333,0.001088333,0.001088333,0.001088333,0.001088333,0.001088333,0.001088333,0.001088333
Staffing Agency,,,0,0,0,0,0,0,0,0,0,0,0,0,0,0,0,0,0,0,0,0,0,0,0,0,0,0,0,0,0,0,0.000210177,0.000455383,0.000700589,0.000945796,0.001050884,0.001050884,0.001050884,0.001050884,0.001050884,0.001050884,0.001050884,0.001050884,0.001050884,0.001050884,0.001050884,0.001050884,0.001050884,0.001050884,0.001050884,0.001050884,0.001050884,0.001050884,0.001050884
College Recruiting,,,0,0,0,0,0,0,0,0,0,0,0,0,0,0,0,0,0,0,0,0,0.000067123,0.000302052,0.000536982,0.000771911,0.001006841,0.001006841,0.001006841,0.001006841,0.001006841,0.001006841,0.001006841,0.001006841,0.001006841,0.001006841,0.001006841,0.001006841,0.001006841,0.001006841,0.001006841,0.001006841,0.001006841,0.001006841,0.001006841,0.001006841,0.001006841,0.001006841,0.001006841,0.001006841,0.001006841,0.001006841,0.001006841,0.001006841,0.001006841
Augmented Reality,,,0,0,0,0.000066667,0.0003,0.000533333,0.000766667,0.001,0.001,0.001,0.001,0.001,0.001,0.001,0.001,0.001,0.001,0.001,0.001,0.001,0.001,0.001,0.001,0.001,0.001,0.001,0.001,0.001,0.001,0.001,0.001,0.001,0.001,0.001,0.001,0.001,0.001,0.001,0.001,0.001,0.001,0.001,0.001,0.001,0.001,0.001,0.001,0.001,0.001,0.001,0.001,0.001,0.001
Enterprise Applications,,,0,0,0,0,0,0,0,0,0,0,0,0,0,0,0,0,0,0,0,0,0,0,0,0,0,0,0,0,0,0,0.000066667,0.0003,0.000533333,0.000766667,0.001,0.001,0.001,0.001,0.001,0.001,0.001,0.001,0.001,0.001,0.001,0.001,0.001,0.001,0.001,0.001,0.001,0.001,0.001
Scheduling,,,0,0,0,0,0,0,0,0,0,0,0,0,0,0,0,0.000033333,0.000266667,0.0005,0.000733333,0.000966667,0.001,0.001,0.001,0.001,0.001,0.001,0.001,0.001,0.001,0.001,0.001,0.001,0.001,0.001,0.001,0.001,0.001,0.001,0.001,0.001,0.001,0.001,0.001,0.001,0.001,0.001,0.001,0.001,0.001,0.001,0.001,0.001,0.001
Cloud Management,,,0,0,0,0,0,0,0,0,0,0,0,0,0,0,0,0,0,0,0,0,0,0.00003,0.00024,0.00045,0.00066,0.00087,0.0009,0.0009,0.0009,0.0009,0.0009,0.0009,0.0009,0.0009,0.0009,0.0009,0.0009,0.0009,0.0009,0.0009,0.0009,0.0009,0.0009,0.0009,0.0009,0.0009,0.0009,0.0009,0.0009,0.0009,0.0009,0.0009,0.0009
Gaming,,,0,0,0,0,0,0,0,0,0,0,0,0,0,0,0,0,0.000023333,0.000046667,0.00007,0.000093333,0.0001,0.0001,0.0001,0.0001,0.0001,0.0001,0.0001,0.0001,0.0001,0.0001,0.0001,0.0001,0.0001,0.0001,0.0001,0.0001,0.0001,0.0001,0.0001,0.0001,0.0001,0.0001,0.0001,0.0001,0.0001,0.0001,0.0001,0.0001,0.0001,0.0001,0.000234118,0.000547059,0.00086
Shipping,,,0,0,0,0,0,0,0.000033333,0.000072222,0.000111111,0.00015,0.000166667,0.000166667,0.000166667,0.000166667,0.000166667,0.000166667,0.000166667,0.000166667,0.000166667,0.000166667,0.000166667,0.000166667,0.000166667,0.000166667,0.000166667,0.000166667,0.000166667,0.000166667,0.000166667,0.000166667,0.000166667,0.000166667,0.000166667,0.000166667,0.000280953,0.000414286,0.00054762,0.000680953,0.000738096,0.000738096,0.000738096,0.000738096,0.000738096,0.000738096,0.000738096,0.000738096,0.000738096,0.000738096,0.000738096,0.000738096,0.000738096,0.000738096,0.000738096
Fraud Detection,,,0,0,0,0,0,0,0,0,0,0,0,0,0,0.000167222,0.000339435,0.000511648,0.000683861,0.00073663,0.000738056,0.000738056,0.000738056,0.000738056,0.000738056,0.000738056,0.000738056,0.000738056,0.000738056,0.000738056,0.000738056,0.000738056,0.000738056,0.000738056,0.000738056,0.000738056,0.000738056,0.000738056,0.000738056,0.000738056,0.000738056,0.000738056,0.000738056,0.000738056,0.000738056,0.000738056,0.000738056,0.000738056,0.000738056,0.000738056,0.000738056,0.000738056,0.000738056,0.000738056,0.000738056
PaaS,,,0,0,0,0,0,0,0,0,0,0,0,0,0,0,0,0,0,0,0,0,0,0,0,0,0.00013,0.00026,0.00039,0.00052,0.000557143,0.000557143,0.000557143,0.000557143,0.000557143,0.000557143,0.000557143,0.000557143,0.000565476,0.000594643,0.00062381,0.000652976,0.000682143,0.000682143,0.000682143,0.000682143,0.000682143,0.000682143,0.000682143,0.000682143,0.000682143,0.000682143,0.000682143,0.000682143,0.000682143
Field-Programmable Gate Array (FPGA),,,0,0,0,0,0,0,0,0,0,0,0,0,0,0,0,0,0,0,0,0,0,0,0,0,0.000041222,0.0001855,0.000329778,0.000474055,0.000618333,0.000618333,0.000618333,0.000618333,0.000618333,0.000618333,0.000618333,0.000618333,0.000618333,0.000618333,0.000618333,0.000618333,0.000618333,0.000618333,0.000618333,0.000618333,0.000618333,0.000618333,0.000618333,0.000618333,0.000618333,0.000618333,0.000618333,0.000618333,0.000618333
Geospatial,,,0,0,0,0,0,0,0,0,0,0,0,0,0,0,0,0,0,0,0,0,0,0,0,0,0.00013758,0.00027516,0.00041274,0.000550319,0.000589628,0.000589628,0.000589628,0.000589628,0.000589628,0.000589628,0.000589628,0.000589628,0.000589628,0.000589628,0.000589628,0.000589628,0.000589628,0.000589628,0.000589628,0.000589628,0.000589628,0.000589628,0.000589628,0.000589628,0.000589628,0.000589628,0.000589628,0.000589628,0.000589628
Consumer Software,,,0,0,0,0,0,0,0,0,0,0,0,0,0,0,0,0,0,0,0,0,0,0,0,0,0,0,0.000056667,0.000188889,0.000321111,0.000453334,0.000566667,0.000566667,0.000566667,0.000566667,0.000566667,0.000566667,0.000566667,0.000566667,0.000566667,0.000566667,0.000566667,0.000566667,0.000566667,0.000566667,0.000566667,0.000566667,0.000566667,0.000566667,0.000566667,0.000566667,0.000566667,0.000566667,0.000566667
Industrial,,,0,0,0,0,0,0,0,0,0,0,0,0,0,0,0,0,0,0,0,0,0,0,0,0,0.00013,0.00026,0.00039,0.00052,0.000557143,0.000557143,0.000557143,0.000557143,0.000557143,0.000557143,0.000557143,0.000557143,0.000557143,0.000557143,0.000557143,0.000557143,0.000557143,0.000557143,0.000557143,0.000557143,0.000557143,0.000557143,0.000557143,0.000557143,0.000557143,0.000557143,0.000557143,0.000557143,0.000557143
Marketing,,,0.000016667,0.000133333,0.00025,0.000366667,0.000483333,0.0005,0.0005,0.0005,0.0005,0.0005,0.0005,0.0005,0.0005,0.0005,0.0005,0.0005,0.0005,0.0005,0.0005,0.0005,0.0005,0.0005,0.0005,0.0005,0.0005,0.0005,0.0005,0.0005,0.0005,0.0005,0.0005,0.0005,0.0005,0.0005,0.0005,0.0005,0.0005,0.0005,0.0005,0.0005,0.0005,0.0005,0.0005,0.0005,0.0005,0.0005,0.0005,0.0005,0.0005,0.0005,0.0005,0.0005,0.0005
Penetration Testing,,,0,0,0,0,0,0,0,0,0,0,0,0,0,0,0,0,0,0,0.000016667,0.000133333,0.00025,0.000366667,0.000483333,0.0005,0.0005,0.0005,0.0005,0.0005,0.0005,0.0005,0.0005,0.0005,0.0005,0.0005,0.0005,0.0005,0.0005,0.0005,0.0005,0.0005,0.0005,0.0005,0.0005,0.0005,0.0005,0.0005,0.0005,0.0005,0.0005,0.0005,0.0005,0.0005,0.0005
Home Health Care,,,0,0,0,0,0,0,0,0,0,0,0,0,0,0,0,0,0,0,0,0,0,0.000016,0.000128,0.00024,0.000352,0.000464,0.00048,0.00048,0.00048,0.00048,0.00048,0.00048,0.00048,0.00048,0.00048,0.00048,0.00048,0.00048,0.00048,0.00048,0.00048,0.00048,0.00048,0.00048,0.00048,0.00048,0.00048,0.00048,0.00048,0.00048,0.00048,0.00048,0.00048
Alternative Medicine,,,0,0,0,0,0,0,0,0,0,0,0,0,0,0,0,0,0.000011667,0.000023333,0.000035,0.000046667,0.00005,0.00005,0.00005,0.00005,0.00005,0.00005,0.00005,0.00005,0.00005,0.00005,0.00005,0.00005,0.00005,0.00005,0.00005,0.00005,0.00005,0.00005,0.00005,0.000058333,0.000116667,0.000175,0.000233333,0.000291667,0.0003,0.0003,0.0003,0.0003,0.0003,0.0003,0.0003,0.0003,0.0003
Freight Service,,,0,0,0,0,0,0,0.000008333,0.000066667,0.000125,0.000183333,0.000241667,0.00025,0.00025,0.00025,0.00025,0.00025,0.00025,0.00025,0.00025,0.00025,0.00025,0.00025,0.00025,0.00025,0.00025,0.00025,0.00025,0.00025,0.00025,0.00025,0.00025,0.00025,0.00025,0.00025,0.00025,0.00025,0.00025,0.00025,0.00025,0.00025,0.00025,0.00025,0.00025,0.00025,0.00025,0.00025,0.00025,0.00025,0.00025,0.00025,0.00025,0.00025,0.00025
Email,,,0,0,0,0,0,0,0,0,0,0,0,0,0,0,0,0,0,0,0,0,0,0,0,0,0,0,0,0,0,0,0,0,0,0,0,0,0.000011111,0.00005,0.000088889,0.000127778,0.000166667,0.000166667,0.000166667,0.000166667,0.000166667,0.000166667,0.000166667,0.000166667,0.000166667,0.000166667,0.000166667,0.000166667,0.000166667
Emergency Medicine,,,0,0,0,0,0,0,0,0,0,0,0,0,0,0,0,0,0,0,0,0,0,0.000038889,0.000077778,0.000116667,0.000155556,0.000166667,0.000166667,0.000166667,0.000166667,0.000166667,0.000166667,0.000166667,0.000166667,0.000166667,0.000166667,0.000166667,0.000166667,0.000166667,0.000166667,0.000166667,0.000166667,0.000166667,0.000166667,0.000166667,0.000166667,0.000166667,0.000166667,0.000166667,0.000166667,0.000166667,0.000166667,0.000166667,0.000166667
Nursing and Residential Care,,,0,0,0,0,0,0,0,0,0,0,0,0,0,0,0,0,0,0,0,0,0,0,0,0.000005556,0.000044445,0.000083334,0.000122222,0.000161111,0.000166667,0.000166667,0.000166667,0.000166667,0.000166667,0.000166667,0.000166667,0.000166667,0.000166667,0.000166667,0.000166667,0.000166667,0.000166667,0.000166667,0.000166667,0.000166667,0.000166667,0.000166667,0.000166667,0.000166667,0.000166667,0.000166667,0.000166667,0.000166667,0.000166667
Social,,,0,0,0,0,0,0,0,0,0,0,0,0,0,0,0,0,0,0,0,0,0,0,0,0,0,0,0,0,0,0,0,0,0,0,0,0,0.000011111,0.00005,0.000088889,0.000127778,0.000166667,0.000166667,0.000166667,0.000166667,0.000166667,0.000166667,0.000166667,0.000166667,0.000166667,0.000166667,0.000166667,0.000166667,0.000166667
STEM Education,,,0,0,0,0,0,0,0,0,0,0,0,0,0,0,0,0,0,0,0,0,0,0,0,0,0,0,0,0,0,0,0,0,0,0,0,0,0.000011111,0.00005,0.000088889,0.000127778,0.000166667,0.000166667,0.000166667,0.000166667,0.000166667,0.000166667,0.000166667,0.000166667,0.000166667,0.000166667,0.000166667,0.000166667,0.000166667
GreenTech,,,0,0,0,0,0,0,0,0,0,0,0,0,0,0.000010476,0.000047143,0.00008381,0.000120476,0.000157143,0.000157143,0.000157143,0.000157143,0.000157143,0.000157143,0.000157143,0.000157143,0.000157143,0.000157143,0.000157143,0.000157143,0.000157143,0.000157143,0.000157143,0.000157143,0.000157143,0.000157143,0.000157143,0.000157143,0.000157143,0.000157143,0.000157143,0.000157143,0.000157143,0.000157143,0.000157143,0.000157143,0.000157143,0.000157143,0.000157143,0.000157143,0.000157143,0.000157143,0.000157143,0.000157143
Outdoors,,,0,0,0,0,0,0,0,0,0,0,0,0,0,0.000010476,0.000047143,0.00008381,0.000120476,0.000157143,0.000157143,0.000157143,0.000157143,0.000157143,0.000157143,0.000157143,0.000157143,0.000157143,0.000157143,0.000157143,0.000157143,0.000157143,0.000157143,0.000157143,0.000157143,0.000157143,0.000157143,0.000157143,0.000157143,0.000157143,0.000157143,0.000157143,0.000157143,0.000157143,0.000157143,0.000157143,0.000157143,0.000157143,0.000157143,0.000157143,0.000157143,0.000157143,0.000157143,0.000157143,0.000157143
Chatbot,,,0,0,0,0,0,0,0,0,0,0,0,0,0,0,0,0,0,0,0,0,0,0,0,0,0,0,0,0,0,0,0,0,0,0,0,0,0,0,0,0,0,0,0.000015,0.00005,0.000085,0.00012,0.00015,0.00015,0.00015,0.00015,0.00015,0.00015,0.00015
Social Media,,,0,0,0,0,0,0,0,0,0,0,0,0,0,0,0,0,0,0,0,0,0,0,0,0,0,0,0,0,0,0,0,0,0,0,0,0,0,0,0,0,0,0,0.000015,0.00005,0.000085,0.00012,0.00015,0.00015,0.00015,0.00015,0.00015,0.00015,0.00015
GovTech,,,0,0,0,0,0,0,0,0,0,0,0,0,0,0,0,0,0,0,0,0,0,0,0,0,0,0,0,0,0,0,0,0,0,0.000008333,0.0000375,0.000066667,0.000095833,0.000125,0.000125,0.000125,0.000125,0.000125,0.000125,0.000125,0.000125,0.000125,0.000125,0.000125,0.000125,0.000125,0.000125,0.000125,0.000125
Stock Exchanges,,,0,0,0,0,0,0,0,0,0,0,0,0,0,0,0,0,0,0,0.000016667,0.000045833,0.000075,0.000104167,0.000125,0.000125,0.000125,0.000125,0.000125,0.000125,0.000125,0.000125,0.000125,0.000125,0.000125,0.000125,0.000125,0.000125,0.000125,0.000125,0.000125,0.000125,0.000125,0.000125,0.000125,0.000125,0.000125,0.000125,0.000125,0.000125,0.000125,0.000125,0.000125,0.000125,0.000125
Wholesale,,,0,0,0,0,0,0,0,0,0,0,0,0,0,0,0,0,0,0,0,0,0,0,0,0,0,0,0,0,0,0,0,0,0,0,0,0,0.000008333,0.0000375,0.000066667,0.000095833,0.000125,0.000125,0.000125,0.000125,0.000125,0.000125,0.000125,0.000125,0.000125,0.000125,0.000125,0.000125,0.000125
Assistive Technology,,,0,0,0,0,0,0,0,0,0,0,0,0,0,0,0,0,0,0,0,0,0,0,0,0,0,0,0,0,0,0,0,0,0,0,0,0,0.000006667,0.00003,0.000053333,0.000076667,0.0001,0.0001,0.0001,0.0001,0.0001,0.0001,0.0001,0.0001,0.0001,0.0001,0.0001,0.0001,0.0001
Bioinformatics,,,0,0,0,0,0,0,0,0,0,0,0,0,0,0,0,0,0,0,0,0,0,0,0,0,0,0,0,0,0.000006667,0.00003,0.000053333,0.000076667,0.0001,0.0001,0.0001,0.0001,0.0001,0.0001,0.0001,0.0001,0.0001,0.0001,0.0001,0.0001,0.0001,0.0001,0.0001,0.0001,0.0001,0.0001,0.0001,0.0001,0.0001
CMS,,,0,0,0,0,0,0,0,0,0,0,0,0,0,0,0.000016667,0.00004,0.000063333,0.000086667,0.0001,0.0001,0.0001,0.0001,0.0001,0.0001,0.0001,0.0001,0.0001,0.0001,0.0001,0.0001,0.0001,0.0001,0.0001,0.0001,0.0001,0.0001,0.0001,0.0001,0.0001,0.0001,0.0001,0.0001,0.0001,0.0001,0.0001,0.0001,0.0001,0.0001,0.0001,0.0001,0.0001,0.0001,0.0001
Robotic Process Automation (RPA),,,0,0,0,0,0,0,0,0,0,0,0,0,0,0,0,0,0,0,0,0,0,0,0,0,0,0,0,0,0,0,0,0,0,0,0,0,0.000006667,0.00003,0.000053333,0.000076667,0.0001,0.0001,0.0001,0.0001,0.0001,0.0001,0.0001,0.0001,0.0001,0.0001,0.0001,0.0001,0.0001
Web Design,,,0,0,0,0,0,0,0,0,0,0,0,0,0,0,0.000016667,0.00004,0.000063333,0.000086667,0.0001,0.0001,0.0001,0.0001,0.0001,0.0001,0.0001,0.0001,0.0001,0.0001,0.0001,0.0001,0.0001,0.0001,0.0001,0.0001,0.0001,0.0001,0.0001,0.0001,0.0001,0.0001,0.0001,0.0001,0.0001,0.0001,0.0001,0.0001,0.0001,0.0001,0.0001,0.0001,0.0001,0.0001,0.0001
Chemical,,,0,0,0,0,0,0,0,0,0,0,0,0,0,0,0,0,0,0,0,0,0,0,0,0.000002381,0.000019048,0.000035714,0.000052381,0.000069048,0.000071429,0.000071429,0.000071429,0.000071429,0.000071429,0.000071429,0.000071429,0.000071429,0.000071429,0.000071429,0.000071429,0.000071429,0.000071429,0.000071429,0.000071429,0.000071429,0.000071429,0.000071429,0.000071429,0.000071429,0.000071429,0.000071429,0.000071429,0.000071429,0.000071429
Biopharma,,,0,0,0,0,0,0,0,0,0,0,0,0,0,0,0,0,0,0,0,0,0,0,0,0,0,0,0,0,0,0,0,0,0,0.000009333,0.000018667,0.000028,0.000037333,0.00004,0.00004,0.00004,0.00004,0.00004,0.00004,0.00004,0.00004,0.00004,0.00004,0.00004,0.00004,0.00004,0.00004,0.00004,0.00004
Data Mining,,,0,0,0,0,0,0,0,0,0,0,0.000001944,0.000003889,0.000005833,0.000007777,0.000008333,0.000008333,0.000008333,0.000008333,0.000008333,0.000008333,0.000008333,0.000008333,0.000008333,0.000008333,0.000008333,0.000008333,0.000008333,0.000008333,0.000008333,0.000008333,0.000008333,0.000008333,0.000008333,0.000008333,0.000008333,0.000008333,0.000008333,0.000008333,0.000008333,0.000008333,0.000008333,0.000008333,0.000008333,0.000008333,0.000008333,0.000008333,0.000008333,0.000008333,0.000008333,0.000008333,0.000008333,0.000008333,0.000008333
mHealth,,,0,0,0,0,0,0,0,0,0,0,0,0,0,0,0,0,0,0,0,0,0,0,0,0,0,0,0,0,0,0,0,0,0,0,0,0,0,4.17e-7,0.000001875,0.000003333,0.000004792,0.00000625,0.00000625,0.00000625,0.00000625,0.00000625,0.00000625,0.00000625,0.00000625,0.00000625,0.00000625,0.00000625,0.00000625
