"yc_id","name","slug","batch","status","launched_at","website","yc_profile_url"
"29391","Abel","abel","W24","Inactive","2023-12-19T23:10:42.000Z","https://www.tryabel.com","https://www.ycombinator.com/companies/abel"
"29443","Adapted","adapted","W24","Active","2023-12-12T23:44:31.000Z","https://adapted.app","https://www.ycombinator.com/companies/adapted"
"29358","Aedilic","aedilic","W24","Inactive","2024-03-18T20:13:13.000Z","https://www.nonescape.com","https://www.ycombinator.com/companies/aedilic"
"29383","Aftercare","aftercare","W24","Active","2024-02-29T19:03:34.000Z","https://getaftercare.com","https://www.ycombinator.com/companies/aftercare"
"29275","Agentic Labs","agentic-labs-2","W24","Active","2024-02-22T07:54:17.000Z","https://agenticlabs.com","https://www.ycombinator.com/companies/agentic-labs-2"
"29272","Aidy","aidy","W24","Active","2024-01-18T22:23:42.000Z","https://www.aidyhq.com/","https://www.ycombinator.com/companies/aidy"
"29420","Alai","alai","W24","Active","2024-01-30T21:25:59.000Z","https://getalai.com","https://www.ycombinator.com/companies/alai"
"29263","Alex","alex-com","W24","Active","2023-12-20T20:17:25.000Z","https://alex.com","https://www.ycombinator.com/companies/alex-com"
"29253","Andon Labs","andon-labs","W24","Active","2023-11-07T18:02:54.000Z","https://andonlabs.com/","https://www.ycombinator.com/companies/andon-labs"
"29386","Andy AI","andy-ai","W24","Active","2024-02-08T01:15:39.000Z","https://with-andy.com","https://www.ycombinator.com/companies/andy-ai"
"29450","Aqua Voice","aqua-voice","W24","Active","2024-03-22T00:42:27.000Z","https://aquavoice.com","https://www.ycombinator.com/companies/aqua-voice"
"29464","Arcane","arcane","W24","Acquired","2024-01-26T03:51:49.000Z","","https://www.ycombinator.com/companies/arcane"
"29267","Argon AI, Inc.","argon-ai-inc","W24","Active","2024-02-09T17:27:54.000Z","https://www.argon-ai.com/","https://www.ycombinator.com/companies/argon-ai-inc"
"29288","Arini","arini","W24","Active","2024-02-19T17:54:10.000Z","https://www.arini.ai","https://www.ycombinator.com/companies/arini"
"29295","Artisan","artisan","W24","Active","2023-10-26T12:32:15.000Z","https://artisan.co/?utm_source=ycombinator","https://www.ycombinator.com/companies/artisan"
"29411","Artos","artos","W24","Active","2024-01-29T16:01:56.000Z","https://www.artosai.com/","https://www.ycombinator.com/companies/artos"
"29369","Astro Mechanica","astro-mechanica","W24","Active","2024-03-29T19:21:37.000Z","https://astromecha.co/","https://www.ycombinator.com/companies/astro-mechanica"
"29308","atopile","atopile","W24","Active","2024-02-28T17:51:09.000Z","http://atopile.io","https://www.ycombinator.com/companies/atopile"
"29315","Attunement","attunement","W24","Active","2024-01-30T00:33:15.000Z","http://attunement.ai","https://www.ycombinator.com/companies/attunement"
"29284","AveryIQ","averyiq","W24","Active","2024-01-16T19:59:17.000Z","https://averyiq.com","https://www.ycombinator.com/companies/averyiq"
"29277","Basalt","basalt","W24","Active","2024-01-30T02:55:23.000Z","https://basalt.space/","https://www.ycombinator.com/companies/basalt"
"29451","Basepilot","basepilot","W24","Active","2024-01-04T15:10:24.000Z","https://www.basepilot.com/","https://www.ycombinator.com/companies/basepilot"
"29409","BetterBasket","betterbasket","W24","Active","2024-01-25T03:34:35.000Z","http://www.betterbasket.com","https://www.ycombinator.com/companies/betterbasket"
"29373","Bilanc","bilanc","W24","Active","2023-11-27T13:57:08.000Z","https://www.bilanc.co","https://www.ycombinator.com/companies/bilanc"
"29430","BiteSight","bitesight","W24","Active","2024-02-20T19:55:00.000Z","http://bitesight.com","https://www.ycombinator.com/companies/bitesight"
"29509","Blacksmith","blacksmith","W24","Active","2024-02-13T17:42:00.000Z","https://blacksmith.sh/","https://www.ycombinator.com/companies/blacksmith"
"29307","Blume Benefits","blume-benefits","W24","Inactive","2024-01-30T17:06:46.000Z","https://www.blumebenefits.com/","https://www.ycombinator.com/companies/blume-benefits"
"29417","Brainbase Labs","brainbase-labs","W24","Active","2024-02-08T00:06:57.000Z","https://brainbaselabs.com","https://www.ycombinator.com/companies/brainbase-labs"
"29281","Breez Labs","breez-labs","W24","Active","2024-03-11T00:55:31.000Z","https://www.breezlabs.com/","https://www.ycombinator.com/companies/breez-labs"
"29370","Browser Buddy","browser-buddy","W24","Acquired","2023-11-29T08:20:38.000Z","https://www.browserbuddy.com/","https://www.ycombinator.com/companies/browser-buddy"
"29439","camelAI","camelai","W24","Active","2023-12-01T22:14:25.000Z","https://camelai.com/","https://www.ycombinator.com/companies/camelai"
"29376","Carma","carma","W24","Active","2023-11-27T06:10:45.000Z","https://www.joincarma.com/","https://www.ycombinator.com/companies/carma"
"29276","Carousel Technologies","carousel-technologies","W24","Active","2024-02-13T00:07:57.000Z","https://usecarousel.com","https://www.ycombinator.com/companies/carousel-technologies"
"29320","Celest","celest","W24","Inactive","2023-12-07T19:44:33.000Z","https://celest.dev","https://www.ycombinator.com/companies/celest"
"29399","Centauri AI","centauri-ai","W24","Active","2024-03-25T01:03:50.000Z","https://centauri-ai.tech","https://www.ycombinator.com/companies/centauri-ai"
"29356","Centralize","centralize","W24","Active","2023-11-09T01:37:05.000Z","https://www.usecentralize.com/","https://www.ycombinator.com/companies/centralize"
"29408","Circleback","circleback","W24","Active","2024-01-17T19:19:03.000Z","https://circleback.ai","https://www.ycombinator.com/companies/circleback"
"29339","Clarion","clarion","W24","Active","2024-03-05T05:32:37.000Z","https://clarionhealth.com","https://www.ycombinator.com/companies/clarion"
"29395","Clarum","clarum","W24","Active","2024-03-11T16:29:56.000Z","https://clarum.ai","https://www.ycombinator.com/companies/clarum"
"29414","Cleva","cleva","W24","Active","2024-01-06T10:06:23.000Z","https://www.getcleva.com","https://www.ycombinator.com/companies/cleva"
"29317","CloudCruise","cloudcruise","W24","Active","2024-02-22T19:32:06.000Z","https://cloudcruise.com","https://www.ycombinator.com/companies/cloudcruise"
"29481","CoCrafter","cocrafter","W24","Active","2024-03-13T03:11:17.000Z","https://cocrafter.com/","https://www.ycombinator.com/companies/cocrafter"
"29368","CodeAnt AI","codeant-ai","W24","Active","2023-11-22T09:15:08.000Z","https://codeant.ai/","https://www.ycombinator.com/companies/codeant-ai"
"29455","CommodityAI","commodityai","W24","Active","2024-03-11T16:46:22.000Z","https://commodityai.io/","https://www.ycombinator.com/companies/commodityai"
"29380","Conduit","conduit-ai","W24","Active","2024-02-12T21:57:48.000Z","https://conduit.ai/","https://www.ycombinator.com/companies/conduit-ai"
"29338","Consul","consul","W24","Active","2024-03-01T21:56:11.000Z","https://onconsul.com","https://www.ycombinator.com/companies/consul"
"29306","Copper Health","copper-health","W24","Active","2024-03-09T22:39:54.000Z","https://www.copperhealth.co/","https://www.ycombinator.com/companies/copper-health"
"29207","Cora","cora","W24","Active","2024-02-05T19:37:07.000Z","https://www.corahealth.app/download","https://www.ycombinator.com/companies/cora"
"29354","crmCopilot","crmcopilot","W24","Inactive","2024-02-27T03:58:55.000Z","https://www.crmcopilot.co?utm_source=yc","https://www.ycombinator.com/companies/crmcopilot"
"29508","CrowdVolt","crowdvolt","W24","Active","2024-02-20T04:07:16.000Z","https://crowdvolt.com/","https://www.ycombinator.com/companies/crowdvolt"
"29457","Datacurve","datacurve","W24","Active","2024-03-03T20:39:18.000Z","https://datacurve.ai/","https://www.ycombinator.com/companies/datacurve"
"29334","Decipher AI","decipher-ai","W24","Active","2024-02-24T01:34:46.000Z","https://getdecipher.com","https://www.ycombinator.com/companies/decipher-ai"
"29422","Deep24","deep24","W24","Active","2024-03-06T04:42:15.000Z","https://deep24.com","https://www.ycombinator.com/companies/deep24"
"29447","Deepnight","deepnight","W24","Active","2024-03-05T09:07:18.000Z","https://www.deepnight.com","https://www.ycombinator.com/companies/deepnight"
"29271","DGI Apparel","dgi-apparel","W24","Inactive","2024-02-03T20:51:16.000Z","https://www.dgiapparel.com/","https://www.ycombinator.com/companies/dgi-apparel"
"29404","Diana","diana","W24","Active","2024-01-28T20:54:20.000Z","https://getdiana.com/","https://www.ycombinator.com/companies/diana"
"29364","Dime","dime-2","W24","Active","2024-03-08T20:19:55.000Z","https://www.dimehealth.ai/","https://www.ycombinator.com/companies/dime-2"
"29436","Downlink","downlink","W24","Active","2024-02-24T02:04:04.000Z","https://downlink.dev/","https://www.ycombinator.com/companies/downlink"
"29367","Draftaid","draftaid","W24","Active","2024-01-10T02:24:26.000Z","https://draftaid.io/","https://www.ycombinator.com/companies/draftaid"
"29503","Dragoneye","dragoneye","W24","Active","2024-01-23T05:15:23.000Z","https://dragoneye.ai/","https://www.ycombinator.com/companies/dragoneye"
"29179","Driver","driver","W24","Active","2024-02-02T14:56:46.000Z","https://www.driver.ai/","https://www.ycombinator.com/companies/driver"
"29518","Dropback","dropback","W24","Active","2024-03-01T20:18:41.000Z","https://www.dropback.com","https://www.ycombinator.com/companies/dropback"
"29184","DryMerge","drymerge","W24","Active","2023-11-28T19:11:54.000Z","https://www.drymerge.com","https://www.ycombinator.com/companies/drymerge"
"29238","Duckie","duckie","W24","Active","2023-10-14T18:46:07.000Z","https://duckie.ai/","https://www.ycombinator.com/companies/duckie"
"29299","Ecliptor","ecliptor","W24","Active","2024-02-20T18:57:26.000Z","https://ecliptor.ai","https://www.ycombinator.com/companies/ecliptor"
"29396","EdgeTrace","edgetrace","W24","Active","2024-03-14T23:56:48.000Z","https://edgetrace.ai","https://www.ycombinator.com/companies/edgetrace"
"29297","Eggnog","eggnog","W24","Active","2024-03-18T23:10:54.000Z","https://www.eggnog.ai","https://www.ycombinator.com/companies/eggnog"
"29205","ego","ego","W24","Active","2024-03-08T05:37:45.000Z","https://egoai.com","https://www.ycombinator.com/companies/ego"
"29365","Ellipsis","ellipsis","W24","Active","2024-01-26T17:00:52.000Z","https://ellipsis.dev","https://www.ycombinator.com/companies/ellipsis"
"29381","Elodin","elodin","W24","Active","2024-01-16T05:08:07.000Z","https://elodin.systems/","https://www.ycombinator.com/companies/elodin"
"29311","Engines","engines","W24","Inactive","2024-03-04T22:18:15.000Z","https://engines.dev","https://www.ycombinator.com/companies/engines"
"29470","Eris Biotech","eris-biotech","W24","Active","2024-01-26T05:28:24.000Z","http://www.erisbio.com","https://www.ycombinator.com/companies/eris-biotech"
"29181","Event Horizon Labs","event-horizon-labs","W24","Active","2024-03-11T04:49:47.000Z","https://www.ehl.markets/","https://www.ycombinator.com/companies/event-horizon-labs"
"29350","Feldy","feldy","W24","Active","2024-03-03T01:34:53.000Z","https://feldy.ai","https://www.ycombinator.com/companies/feldy"
"29449","Fileforge","fileforge","W24","Inactive","2023-12-11T15:47:17.000Z","https://www.fileforge.com/","https://www.ycombinator.com/companies/fileforge"
"29352","Firebender","firebender","W24","Active","2024-02-05T00:48:30.000Z","https://firebender.com","https://www.ycombinator.com/companies/firebender"
"29400","floatingpoint","floatingpoint","W24","Active","2024-01-09T06:16:23.000Z","https://floatingpoint.ai","https://www.ycombinator.com/companies/floatingpoint"
"29452","Fluently","fluently","W24","Active","2024-01-15T17:06:39.000Z","https://getfluently.app/","https://www.ycombinator.com/companies/fluently"
"29416","Focal","focal","W24","Active","2024-03-01T19:35:43.000Z","https://focalml.com","https://www.ycombinator.com/companies/focal"
"29499","Forge","forge","W24","Active","2024-01-17T18:30:48.000Z","https://www.forgehq.com/","https://www.ycombinator.com/companies/forge"
"29519","Forge Rewards","forge-rewards","W24","Active","2024-03-11T19:06:53.000Z","https://www.joinforge.app/","https://www.ycombinator.com/companies/forge-rewards"
"29274","Fractal Labs","fractal-labs","W24","Active","2024-01-14T18:00:39.000Z","https://fractal-labs.gg/","https://www.ycombinator.com/companies/fractal-labs"
"29290","FurtherAI","furtherai","W24","Active","2024-06-25T23:12:30.000Z","https://www.furtherai.com/","https://www.ycombinator.com/companies/furtherai"
"29269","Garage","garage-2","W24","Active","2024-02-28T19:00:34.000Z","https://www.shopgarage.com/","https://www.ycombinator.com/companies/garage-2"
"29513","GetCrux","getcrux","W24","Active","2024-01-25T18:18:48.000Z","http://getcrux.ai/","https://www.ycombinator.com/companies/getcrux"
"29415","Givefront","givefront","W24","Active","2024-02-23T16:13:18.000Z","https://givefront.com","https://www.ycombinator.com/companies/givefront"
"29322","Glimmer","glimmer","W24","Inactive","2024-03-07T16:24:17.000Z","https://www.withglimmer.com/","https://www.ycombinator.com/companies/glimmer"
"29341","GloGlo","gloglo","W24","Active","2023-11-24T23:12:15.000Z","https://gloglo.com","https://www.ycombinator.com/companies/gloglo"
"28896","GovernGPT","governgpt","W24","Active","2023-11-09T22:35:47.000Z","https://www.governgpt.com/","https://www.ycombinator.com/companies/governgpt"
"29485","Granza Bio","granza-bio","W24","Active","2024-02-28T01:10:58.000Z","https://www.granzabio.com/","https://www.ycombinator.com/companies/granza-bio"
"29298","Greenboard","greenboard","W24","Active","2023-11-20T16:33:40.000Z","https://www.greenboard.com","https://www.ycombinator.com/companies/greenboard"
"29226","Greptile","greptile","W24","Active","2023-09-25T19:01:32.000Z","https://www.greptile.com","https://www.ycombinator.com/companies/greptile"
"29328","Guide Labs","guide-labs","W24","Active","2024-03-07T10:22:21.000Z","https://www.guidelabs.ai/","https://www.ycombinator.com/companies/guide-labs"
"29180","Gumloop","gumloop","W24","Active","2023-07-22T05:39:03.000Z","https://www.gumloop.com/","https://www.ycombinator.com/companies/gumloop"
"29484","Haplotype Labs","haplotype-labs","W24","Active","2024-02-07T19:44:19.000Z","https://www.haplotypelabs.com/","https://www.ycombinator.com/companies/haplotype-labs"
"29233","Happenstance","happenstance","W24","Active","2024-03-29T18:53:36.000Z","https://happenstance.ai","https://www.ycombinator.com/companies/happenstance"
"29433","Hatchet","hatchet-run","W24","Active","2024-03-01T17:07:29.000Z","https://hatchet.run","https://www.ycombinator.com/companies/hatchet-run"
"29385","Hazel","hazel-2","W24","Active","2024-01-16T18:41:06.000Z","https://hazelai.com","https://www.ycombinator.com/companies/hazel-2"
"29483","Healia","healia","W24","Active","2024-02-15T03:22:25.000Z","https://www.healiahealth.com/","https://www.ycombinator.com/companies/healia"
"29403","HeartByte","heartbyte","W24","Active","2024-03-11T21:51:28.000Z","https://www.storioai.com","https://www.ycombinator.com/companies/heartbyte"
"29533","Indemni","indemni","W24","Active","2024-02-15T20:40:36.000Z","http://www.indemni.com","https://www.ycombinator.com/companies/indemni"
"29343","Infinity","infinity","W24","Active","2024-01-27T01:06:33.000Z","https://www.infinityapp.in/","https://www.ycombinator.com/companies/infinity"
"29342","InQuery","inquery-2","W24","Active","2024-01-08T18:05:22.000Z","https://www.inquery.ai/","https://www.ycombinator.com/companies/inquery-2"
"29511","InspectMind AI","inspectmind-ai","W24","Active","2024-01-13T06:40:56.000Z","https://www.inspectmind.ai","https://www.ycombinator.com/companies/inspectmind-ai"
"29498","Integuru","integuru","W24","Active","2024-02-28T20:59:36.000Z","https://www.integuru.com","https://www.ycombinator.com/companies/integuru"
"29239","ion design","ion-design","W24","Active","2023-10-31T21:21:08.000Z","https://www.ion.design/","https://www.ycombinator.com/companies/ion-design"
"29476","Junction Bioscience","junction-bioscience","W24","Active","2024-03-18T18:04:36.000Z","https://www.junction.bio/","https://www.ycombinator.com/companies/junction-bioscience"
"29407","JustAI","justai","W24","Active","2024-01-09T22:43:22.000Z","https://getjust.ai","https://www.ycombinator.com/companies/justai"
"29523","K-Scale Labs","k-scale-labs","W24","Inactive","2024-03-27T22:58:52.000Z","https://kscale.dev/","https://www.ycombinator.com/companies/k-scale-labs"
"29245","Kabilah","kabilah","W24","Active","2024-02-19T20:25:27.000Z","https://www.kabilah.com","https://www.ycombinator.com/companies/kabilah"
"29507","kater.ai","kater-ai","W24","Active","2024-01-26T22:32:33.000Z","https://www.kater.ai","https://www.ycombinator.com/companies/kater-ai"
"29270","Keystroke","keystroke","W24","Active","2023-10-31T18:21:35.000Z","http://keystroke.ai","https://www.ycombinator.com/companies/keystroke"
"29178","Lantern","lantern-2","W24","Inactive","2023-07-28T22:29:13.000Z","http://lantern.dev","https://www.ycombinator.com/companies/lantern-2"
"29501","Latted","latted","W24","Active","2024-01-21T07:27:00.000Z","https://latted.com","https://www.ycombinator.com/companies/latted"
"29278","Leaping","leaping","W24","Active","2024-03-13T08:59:10.000Z","https://www.leaping.io/","https://www.ycombinator.com/companies/leaping"
"29201","Legora","legora","W24","Active","2023-09-25T11:34:15.000Z","https://www.legora.com/","https://www.ycombinator.com/companies/legora"
"29333","LemonSlice","lemonslice","W24","Active","2024-03-01T19:10:42.000Z","https://www.lemonslice.com","https://www.ycombinator.com/companies/lemonslice"
"29314","Lucite","lucite","W24","Active","2024-01-12T17:40:11.000Z","https://www.lucite.ai/","https://www.ycombinator.com/companies/lucite"
"29419","Lumetric","lumetric","W24","Acquired","2024-01-19T01:22:16.000Z","https://www.lumetric.ai","https://www.ycombinator.com/companies/lumetric"
"29459","Lumona","lumona","W24","Inactive","2023-12-31T23:36:12.000Z","https://www.lumona.ai","https://www.ycombinator.com/companies/lumona"
"29461","Magic Hour","magic-hour","W24","Active","2023-12-09T03:43:22.000Z","https://magichour.ai","https://www.ycombinator.com/companies/magic-hour"
"29252","Maia","maia","W24","Active","2024-02-06T01:38:14.000Z","https://www.ourmaia.com/","https://www.ycombinator.com/companies/maia"
"29261","malibou","malibou","W24","Active","2024-02-22T16:33:19.000Z","https://www.malibou.co","https://www.ycombinator.com/companies/malibou"
"29268","Mango Health","mango-health","W24","Inactive","2024-02-09T11:16:44.000Z","https://themangohealth.com","https://www.ycombinator.com/companies/mango-health"
"29397","Manifold Freight","manifold-freight","W24","Active","2024-02-02T19:08:23.000Z","https://www.manifoldfreight.com/","https://www.ycombinator.com/companies/manifold-freight"
"29456","Marblism","marblism","W24","Active","2024-01-13T21:16:11.000Z","https://marblism.com","https://www.ycombinator.com/companies/marblism"
"29522","Marr Labs","marr-labs","W24","Active","2024-03-06T21:31:42.000Z","https://www.marrlabs.com/","https://www.ycombinator.com/companies/marr-labs"
"29506","Mathos","mathos","W24","Active","2024-04-02T05:49:35.000Z","https://info.mathos.ai/","https://www.ycombinator.com/companies/mathos"
"29319","Meticulate","meticulate","W24","Active","2024-02-27T07:21:24.000Z","https://meticulate.ai/","https://www.ycombinator.com/companies/meticulate"
"29366","Metofico","metofico","W24","Active","2024-03-18T22:33:23.000Z","https://metofico.com/","https://www.ycombinator.com/companies/metofico"
"29453","Miden","miden","W24","Active","2024-01-28T16:08:42.000Z","http://www.miden.co","https://www.ycombinator.com/companies/miden"
"29516","Million","million","W24","Active","2023-12-30T00:36:30.000Z","https://million.dev","https://www.ycombinator.com/companies/million"
"29410","Model ML","model-ml","W24","Active","2023-11-20T11:44:36.000Z","https://www.modelml.com/","https://www.ycombinator.com/companies/model-ml"
"29256","Momentic","momentic","W24","Active","2023-11-19T01:01:36.000Z","https://momentic.ai","https://www.ycombinator.com/companies/momentic"
"29326","Monumint","monumint","W24","Active","2023-11-10T21:32:11.000Z","https://monumint.com","https://www.ycombinator.com/companies/monumint"
"29355","NanoCorp","nanocorp","W24","Active","2024-01-05T16:28:13.000Z","https://nanocorp.so","https://www.ycombinator.com/companies/nanocorp"
"29183","Navier AI","navier-ai","W24","Active","2024-02-21T17:27:41.000Z","http://navier.ai","https://www.ycombinator.com/companies/navier-ai"
"29266","nCompass Technologies","ncompass-technologies","W24","Active","2024-02-18T22:52:06.000Z","https://www.ncompass.tech","https://www.ycombinator.com/companies/ncompass-technologies"
"29259","Newton","newton","W24","Active","2024-01-02T04:42:18.000Z","https://joinnewton.com","https://www.ycombinator.com/companies/newton"
"29249","Nuanced","nuanced","W24","Active","2024-01-19T22:24:58.000Z","https://www.nuanced.dev/","https://www.ycombinator.com/companies/nuanced"
"29294","Octolane AI","octolane-ai","W24","Active","2024-01-14T16:27:04.000Z","https://www.octolane.com","https://www.ycombinator.com/companies/octolane-ai"
"29442","Ocular AI","ocular-ai","W24","Active","2024-01-25T20:58:24.000Z","https://useocular.com","https://www.ycombinator.com/companies/ocular-ai"
"29473","OddsView","oddsview","W24","Active","2024-03-08T00:01:13.000Z","https://oddsview.com","https://www.ycombinator.com/companies/oddsview"
"29390","OffDeal","offdeal","W24","Active","2024-03-05T08:13:14.000Z","https://offdeal.io","https://www.ycombinator.com/companies/offdeal"
"29413","Oma Care","oma-care","W24","Active","2024-03-07T23:23:46.000Z","https://www.omacare.com","https://www.ycombinator.com/companies/oma-care"
"29312","OneGrep","onegrep","W24","Active","2024-01-24T19:39:20.000Z","https://www.onegrep.dev","https://www.ycombinator.com/companies/onegrep"
"29177","Onyx","onyx","W24","Active","2024-01-08T14:38:25.000Z","https://www.onyx.app/","https://www.ycombinator.com/companies/onyx"
"29360","Open","open","W24","Active","2023-11-29T19:58:31.000Z","https://open.cx","https://www.ycombinator.com/companies/open"
"29394","Opencall","opencall","W24","Active","2024-03-08T20:19:56.000Z","https://opencall.ai","https://www.ycombinator.com/companies/opencall"
"29466","OpenFoundry","openfoundry","W24","Active","2024-03-21T16:23:18.000Z","https://www.openfoundry.ai/","https://www.ycombinator.com/companies/openfoundry"
"29424","Openmart","openmart","W24","Active","2024-01-09T00:34:09.000Z","https://www.openmart.com","https://www.ycombinator.com/companies/openmart"
"29345","PandasAI","pandasai","W24","Active","2024-04-15T21:57:34.000Z","https://pandas-ai.com","https://www.ycombinator.com/companies/pandasai"
"29303","Panelytic","panelytic","W24","Active","2024-03-27T21:42:42.000Z","https://panelytic.com/","https://www.ycombinator.com/companies/panelytic"
"29287","Paradigm","paradigm","W24","Active","2023-12-11T17:32:15.000Z","https://www.paradigmai.com/","https://www.ycombinator.com/companies/paradigm"
"29348","Parallel","parallel","W24","Active","2024-02-15T00:37:58.000Z","https://www.beparallel.com/?utm_source=ycombinator&utm_medium=directory","https://www.ycombinator.com/companies/parallel"
"29527","ParcelBio","parcelbio","W24","Active","2024-02-07T21:57:00.000Z","https://parcelbio.com/","https://www.ycombinator.com/companies/parcelbio"
"29309","PartnerHQ","partnerhq","W24","Active","2024-03-03T04:55:50.000Z","https://trypartnerhq.com","https://www.ycombinator.com/companies/partnerhq"
"29285","Patchwork","patchwork","W24","Inactive","2024-02-27T00:23:15.000Z","https://atpatchwork.com/","https://www.ycombinator.com/companies/patchwork"
"29362","Pazi","pazi","W24","Active","2024-03-01T06:25:50.000Z","https://pazi.ai/","https://www.ycombinator.com/companies/pazi"
"29463","Penciled","penciled","W24","Active","2024-02-16T02:57:55.000Z","https://penciled.com","https://www.ycombinator.com/companies/penciled"
"29477","Piramidal","piramidal","W24","Active","2024-02-28T02:57:46.000Z","https://piramidal.ai","https://www.ycombinator.com/companies/piramidal"
"29273","Pivot Robotics","pivot-robotics","W24","Active","2024-03-04T20:28:22.000Z","https://pivotrobotics.com","https://www.ycombinator.com/companies/pivot-robotics"
"29286","PointOne","pointone","W24","Active","2024-01-13T20:30:45.000Z","https://pointone.com/","https://www.ycombinator.com/companies/pointone"
"29465","Polar","polar","W24","Active","2024-02-23T02:33:29.000Z","https://www.polarfi.com","https://www.ycombinator.com/companies/polar"
"29332","Polished","polished","W24","Active","2023-12-05T04:31:27.000Z","https://polished.ad","https://www.ycombinator.com/companies/polished"
"29467","Powder","powder","W24","Active","2024-01-22T04:45:35.000Z","https://www.powderfi.com/","https://www.ycombinator.com/companies/powder"
"29247","Precip","precip","W24","Active","2023-12-21T19:46:30.000Z","https://precip.ai","https://www.ycombinator.com/companies/precip"
"29375","Preloop","preloop","W24","Active","2023-12-15T15:37:26.000Z","https://www.preloop.com","https://www.ycombinator.com/companies/preloop"
"29265","Pretzel AI","pretzel-ai","W24","Active","2024-03-19T16:16:11.000Z","https://withpretzel.com","https://www.ycombinator.com/companies/pretzel-ai"
"29324","PromptArmor","promptarmor","W24","Active","2023-12-09T00:56:37.000Z","https://promptarmor.com/","https://www.ycombinator.com/companies/promptarmor"
"29398","ProSights","prosights","W24","Active","2024-03-25T06:33:10.000Z","https://prosights.co/","https://www.ycombinator.com/companies/prosights"
"29260","Quary","quary","W24","Inactive","2024-02-05T15:56:08.000Z","https://www.quary.dev","https://www.ycombinator.com/companies/quary"
"29504","Quivr","quivr","W24","Active","2024-02-01T05:56:14.000Z","https://www.quivr.app/","https://www.ycombinator.com/companies/quivr"
"29189","RadMate AI","radmate-ai","W24","Inactive","2024-01-29T22:58:30.000Z","https://www.radmate.ai","https://www.ycombinator.com/companies/radmate-ai"
"29401","Raindrop","raindrop","W24","Active","2024-03-21T01:46:57.000Z","https://www.raindrop.ai","https://www.ycombinator.com/companies/raindrop"
"29254","Reducto","reducto","W24","Active","2024-01-07T21:53:15.000Z","https://reducto.ai","https://www.ycombinator.com/companies/reducto"
"29478","Reform","reform","W24","Active","2024-01-29T19:26:24.000Z","https://www.reformhq.com","https://www.ycombinator.com/companies/reform"
"29185","Relari","relari","W24","Active","2024-03-08T06:39:20.000Z","https://www.relari.ai/","https://www.ycombinator.com/companies/relari"
"29502","renderlet","renderlet","W24","Active","2024-02-23T02:27:57.000Z","http://renderlet.com","https://www.ycombinator.com/companies/renderlet"
"29512","Reprompt","reprompt","W24","Active","2024-01-17T23:06:28.000Z","https://repromptai.com","https://www.ycombinator.com/companies/reprompt"
"29353","Resonance","resonance","W24","Acquired","2024-03-01T22:28:25.000Z","https://www.useresonance.com/","https://www.ycombinator.com/companies/resonance"
"29325","Respan","respan","W24","Active","2024-03-22T19:49:22.000Z","https://respan.ai","https://www.ycombinator.com/companies/respan"
"29517","RetailReady","retailready","W24","Active","2024-01-16T16:52:04.000Z","https://www.retailreadyai.com/","https://www.ycombinator.com/companies/retailready"
"29441","Retell AI","retell-ai","W24","Active","2023-11-20T20:46:37.000Z","https://retellai.com","https://www.ycombinator.com/companies/retell-ai"
"29405","Risotto","risotto","W24","Active","2024-02-29T23:09:27.000Z","https://tryrisotto.com","https://www.ycombinator.com/companies/risotto"
"29291","ROE","roe","W24","Active","2024-01-18T06:21:33.000Z","https://getroe.ai","https://www.ycombinator.com/companies/roe"
"29440","Rove","rove","W24","Active","2023-12-03T01:53:02.000Z","https://rove.com","https://www.ycombinator.com/companies/rove"
"29460","Ryse","ryse","W24","Active","2024-03-27T01:17:40.000Z","https://www.rysemarket.com/","https://www.ycombinator.com/companies/ryse"
"29258","Saga AI","saga-ai","W24","Active","2024-03-11T14:33:13.000Z","https://usesaga.ai","https://www.ycombinator.com/companies/saga-ai"
"29372","Sagaland","sagaland","W24","Active","2023-12-30T16:53:25.000Z","https://sagaland.ai/","https://www.ycombinator.com/companies/sagaland"
"29357","Salvy","salvy","W24","Active","2023-11-06T23:28:57.000Z","https://www.salvy.com.br","https://www.ycombinator.com/companies/salvy"
"29418","Sample","sample","W24","Acquired","2024-07-17T19:44:49.000Z","https://samplehc.com","https://www.ycombinator.com/companies/sample"
"29336","Scout","cpgscout","W24","Active","2024-03-01T01:33:22.000Z","https://cpgscout.ai/","https://www.ycombinator.com/companies/cpgscout"
"29196","Scritch","scritch","W24","Active","2024-02-09T04:44:06.000Z","https://www.scritchai.com","https://www.ycombinator.com/companies/scritch"
"29313","Selera Medical","selera-medical","W24","Inactive","2024-02-28T17:12:58.000Z","http://www.seleramedical.com","https://www.ycombinator.com/companies/selera-medical"
"29471","Senso","senso","W24","Active","2024-01-05T11:29:55.000Z","http://www.senso.ai","https://www.ycombinator.com/companies/senso"
"29432","Shepherd","shepherd-2","W24","Active","2024-01-18T21:19:45.000Z","https://www.shepherd.study","https://www.ycombinator.com/companies/shepherd-2"
"29384","Shiboleth","shiboleth","W24","Active","2023-12-13T19:59:48.000Z","https://www.shiboleth.ai/","https://www.ycombinator.com/companies/shiboleth"
"29472","Silogy","silogy","W24","Active","2023-12-27T15:44:30.000Z","https://silogy.io","https://www.ycombinator.com/companies/silogy"
"29363","Solari AI","solari-ai","W24","Active","2024-03-16T02:01:28.000Z","https://www.usesolari.ai/","https://www.ycombinator.com/companies/solari-ai"
"29431","Sonauto","sonauto","W24","Active","2024-03-07T18:39:27.000Z","https://sonauto.ai/","https://www.ycombinator.com/companies/sonauto"
"29244","Sonia","sonia","W24","Active","2024-01-28T20:26:08.000Z","https://soniahealth.com","https://www.ycombinator.com/companies/sonia"
"29382","Soundry AI","soundry-ai","W24","Acquired","2024-02-06T04:12:32.000Z","https://soundry.ai/","https://www.ycombinator.com/companies/soundry-ai"
"29438","Spark","spark","W24","Active","2024-02-16T05:12:06.000Z","https://www.sparkhq.ai","https://www.ycombinator.com/companies/spark"
"29330","Speck","speck","W24","Acquired","2024-01-11T20:20:48.000Z","https://speck.sh","https://www.ycombinator.com/companies/speck"
"29434","Stacksync","stacksync","W24","Active","2023-12-11T17:54:13.000Z","https://www.stacksync.com/","https://www.ycombinator.com/companies/stacksync"
"29318","StarJar","starjar","W24","Acquired","2025-03-15T06:18:12.000Z","https://www.starjar.io/","https://www.ycombinator.com/companies/starjar"
"29206","Stitch Technologies","stitch-technologies","W24","Inactive","2023-12-04T18:02:54.000Z","https://www.stitch.tech","https://www.ycombinator.com/companies/stitch-technologies"
"29374","Superagent","superagent","W24","Active","2023-12-01T15:36:43.000Z","https://superagent.sh/","https://www.ycombinator.com/companies/superagent"
"29293","SuretyNow","suretynow","W24","Active","2024-01-31T20:56:06.000Z","https://suretynow.com/","https://www.ycombinator.com/companies/suretynow"
"29346","sync.","sync-2","W24","Active","2024-03-08T00:36:44.000Z","https://sync.so/","https://www.ycombinator.com/companies/sync-2"
"29305","SynsoryBio","synsorybio","W24","Active","2024-02-08T19:53:59.000Z","https://www.synsorybio.com/","https://www.ycombinator.com/companies/synsorybio"
"29340","Tamarind Bio","tamarind-bio","W24","Active","2023-12-18T00:29:05.000Z","https://www.tamarind.bio","https://www.ycombinator.com/companies/tamarind-bio"
"29241","Tekton Dynamics","tekton-dynamics","W24","Active","2024-01-26T01:59:44.000Z","https://www.tekton-dynamics.com","https://www.ycombinator.com/companies/tekton-dynamics"
"29435","Terrakotta","terrakotta","W24","Active","2024-01-04T01:47:00.000Z","https://www.terrakotta.ai/","https://www.ycombinator.com/companies/terrakotta"
"29186","Tesseral","tesseral","W24","Inactive","2024-02-20T03:29:05.000Z","https://tesseral.com","https://www.ycombinator.com/companies/tesseral"
"29500","The New Money Company","the-new-money-company","W24","Active","2024-03-19T15:55:29.000Z","https://newmoneycompany.com","https://www.ycombinator.com/companies/the-new-money-company"
"29421","Thorntale","thorntale","W24","Inactive","2024-02-27T07:08:32.000Z","https://thorntale.com","https://www.ycombinator.com/companies/thorntale"
"29377","Toma","toma","W24","Active","2023-12-12T22:10:18.000Z","http://www.toma.com/","https://www.ycombinator.com/companies/toma"
"29335","Toolify","toolify","W24","Inactive","2024-01-24T19:05:40.000Z","https://toolify.sh","https://www.ycombinator.com/companies/toolify"
"29301","Topo","topo","W24","Active","2023-11-20T15:32:13.000Z","https://www.topo.io/","https://www.ycombinator.com/companies/topo"
"29505","Tower","tower","W24","Active","2024-05-14T17:32:39.000Z","https://withtower.com","https://www.ycombinator.com/companies/tower"
"29246","Tracecat","tracecat","W24","Active","2024-01-04T15:40:41.000Z","https://tracecat.com","https://www.ycombinator.com/companies/tracecat"
"29300","Trellis AI","trellis-ai","W24","Active","2024-03-01T01:16:49.000Z","https://runtrellis.com/","https://www.ycombinator.com/companies/trellis-ai"
"29379","Trieve","trieve","W24","Acquired","2024-02-29T19:04:57.000Z","https://trieve.ai","https://www.ycombinator.com/companies/trieve"
"29423","Triply","triply","W24","Active","2024-03-29T19:40:50.000Z","https://business.triply.co/","https://www.ycombinator.com/companies/triply"
"29482","TrueClaim","trueclaim","W24","Active","2024-01-05T23:51:07.000Z","https://www.trytrueclaim.com","https://www.ycombinator.com/companies/trueclaim"
"29257","Tuesday Labs","tuesday-labs","W24","Active","2024-01-31T05:28:41.000Z","https://www.tuesdaylabs.com","https://www.ycombinator.com/companies/tuesday-labs"
"29310","Tusk","tusk","W24","Acquired","2023-11-17T21:38:37.000Z","https://usetusk.ai","https://www.ycombinator.com/companies/tusk"
"29231","Ubicloud","ubicloud","W24","Active","2023-11-20T11:54:55.000Z","https://www.ubicloud.com","https://www.ycombinator.com/companies/ubicloud"
"29182","Upsolve AI","upsolve-ai","W24","Active","2023-11-07T01:35:05.000Z","https://upsolve.ai/","https://www.ycombinator.com/companies/upsolve-ai"
"29454","Veles","veles","W24","Active","2024-02-23T19:34:31.000Z","http://www.getveles.com","https://www.ycombinator.com/companies/veles"
"29429","Velorum Therapeutics","velorum-therapeutics","W24","Active","2024-01-31T16:41:44.000Z","https://www.velorumtx.com/","https://www.ycombinator.com/companies/velorum-therapeutics"
"29302","Verse Therapy","verse-therapy","W24","Acquired","2024-01-24T15:55:57.000Z","https://versetherapy.com","https://www.ycombinator.com/companies/verse-therapy"
"29347","Vibrant Labs","vibrant-labs","W24","Active","2024-03-05T02:35:47.000Z","https://vibrantlabs.com/","https://www.ycombinator.com/companies/vibrant-labs"
"29444","Vista Power","vista-power","W24","Active","2024-01-30T06:14:57.000Z","https://vistapower.com","https://www.ycombinator.com/companies/vista-power"
"29393","Voicepanel","voicepanel","W24","Active","2023-12-14T15:29:52.000Z","https://voicepanel.com","https://www.ycombinator.com/companies/voicepanel"
"29496","VoxOps AI","voxops-ai","W24","Active","2023-12-23T13:02:54.000Z","https://www.voxopsai.com/","https://www.ycombinator.com/companies/voxops-ai"
"29283","Wavelength","wavelength","W24","Active","2023-12-21T00:38:13.000Z","https://wavelength.cx/","https://www.ycombinator.com/companies/wavelength"
"29378","Whip","whip","W24","Active","2024-02-15T16:19:30.000Z","https://whip.run/","https://www.ycombinator.com/companies/whip"
"29361","Wuri","wuri","W24","Inactive","2024-03-06T07:36:12.000Z","https://www.wuri.in/","https://www.ycombinator.com/companies/wuri"
"29448","xPay","xpay","W24","Active","2024-03-08T18:25:04.000Z","https://www.xpaycheckout.com/","https://www.ycombinator.com/companies/xpay"
"29510","Yarn","yarn-2","W24","Active","2024-02-20T18:45:42.000Z","https://www.yarn.so","https://www.ycombinator.com/companies/yarn-2"
"28965","Yenmo","yenmo","W24","Active","2024-02-25T22:44:01.000Z","https://yenmo.in/","https://www.ycombinator.com/companies/yenmo"
"29402","Yondu","yondu","W24","Active","2024-03-01T08:16:23.000Z","https://yondu.ai/","https://www.ycombinator.com/companies/yondu"
"29304","Yoneda Labs","yoneda-labs","W24","Active","2024-01-05T02:22:46.000Z","https://www.yonedalabs.com","https://www.ycombinator.com/companies/yoneda-labs"
"29323","Zaymo","zaymo","W24","Active","2023-11-30T18:55:59.000Z","https://zaymo.com","https://www.ycombinator.com/companies/zaymo"
"29425","Zep AI","zep-ai","W24","Active","2024-03-05T23:32:40.000Z","https://www.getzep.com/","https://www.ycombinator.com/companies/zep-ai"
"29798","&AI","ai-2","S24","Active","2024-07-02T16:44:07.000Z","https://www.tryandai.com/","https://www.ycombinator.com/companies/ai-2"
"29733","1849 bio","1849-bio","S24","Active","2024-07-09T20:48:55.000Z","https://www.1849.bio","https://www.ycombinator.com/companies/1849-bio"
"29558","Abel Police","abel-police","S24","Active","2024-08-29T23:45:31.000Z","http://abelpolice.com","https://www.ycombinator.com/companies/abel-police"
"29406","ACX","acx","S24","Active","2024-07-25T19:57:05.000Z","https://www.acxtherapeutics.com/","https://www.ycombinator.com/companies/acx"
"29972","Affil.ai","affil-ai","S24","Active","2024-08-18T18:00:01.000Z","https://affil.ai/","https://www.ycombinator.com/companies/affil-ai"
"29723","Aluna","aluna","S24","Active","2024-08-15T23:10:54.000Z","https://alunadata.com","https://www.ycombinator.com/companies/aluna"
"29694","AminoAnalytica","aminoanalytica","S24","Active","2024-05-17T16:13:54.000Z","https://www.aminoanalytica.com","https://www.ycombinator.com/companies/aminoanalytica"
"29738","Anara","anara","S24","Active","2024-05-13T15:54:15.000Z","https://anara.com","https://www.ycombinator.com/companies/anara"
"29957","Anglera","anglera","S24","Active","2024-07-01T23:08:24.000Z","https://www.anglera.com/","https://www.ycombinator.com/companies/anglera"
"29532","Ångström AI","angstrom-ai","S24","Active","2024-06-25T21:23:09.000Z","https://www.angstrom-ai.com","https://www.ycombinator.com/companies/angstrom-ai"
"29713","Anthrogen","anthrogen","S24","Active","2024-06-07T19:54:25.000Z","https://anthrogen.com","https://www.ycombinator.com/companies/anthrogen"
"29571","Apten","apten","S24","Active","2024-05-15T15:37:23.000Z","https://www.apten.ai/","https://www.ycombinator.com/companies/apten"
"29680","Ares Industries","ares-industries","S24","Active","2024-08-20T22:46:18.000Z","https://aresindustries.com","https://www.ycombinator.com/companies/ares-industries"
"29813","Argil","argil","S24","Active","2024-07-04T16:47:13.000Z","https://www.argil.ai/","https://www.ycombinator.com/companies/argil"
"29973","Arva AI","arva-ai","S24","Active","2024-07-17T06:16:33.000Z","https://www.arva.ai","https://www.ycombinator.com/companies/arva-ai"
"29824","Assembly HOA","assembly-hoa","S24","Active","2024-07-08T18:40:41.000Z","https://assemblyhoa.com","https://www.ycombinator.com/companies/assembly-hoa"
"29823","autarc","autarc","S24","Active","2024-07-11T16:21:10.000Z","https://www.autarc.energy/global","https://www.ycombinator.com/companies/autarc"
"29698","AutoPallet Robotics","autopallet-robotics","S24","Active","2024-08-12T21:05:00.000Z","https://autopallet.bot","https://www.ycombinator.com/companies/autopallet-robotics"
"29753","Autumn Labs","autumn-labs","S24","Active","2024-08-28T03:51:15.000Z","https://www.autumnlabs.io/","https://www.ycombinator.com/companies/autumn-labs"
"29657","Azalea Robotics Corporation","azalea-robotics-corporation","S24","Active","2024-08-14T20:41:46.000Z","https://azalearobotics.com/","https://www.ycombinator.com/companies/azalea-robotics-corporation"
"29794","Baseline AI","baseline-ai","S24","Inactive","2024-08-21T00:17:57.000Z","https://www.baselinetrials.com/","https://www.ycombinator.com/companies/baseline-ai"
"29636","Bayesline","bayesline","S24","Active","2024-08-01T20:13:43.000Z","https://bayesline.com","https://www.ycombinator.com/companies/bayesline"
"29758","BeeBettor","beebettor","S24","Active","2024-06-17T17:56:53.000Z","https://beebettor.com","https://www.ycombinator.com/companies/beebettor"
"29712","Benchify","benchify","S24","Active","2024-08-01T20:33:45.000Z","https://www.benchify.com","https://www.ycombinator.com/companies/benchify"
"29749","Biocartesian","biocartesian","S24","Active","2024-08-29T07:10:15.000Z","https://www.biocartesian.com","https://www.ycombinator.com/companies/biocartesian"
"29982","Bits to Atoms","bits-to-atoms","S24","Active","2024-08-20T04:40:54.000Z","https://bitstoatoms.com/","https://www.ycombinator.com/companies/bits-to-atoms"
"29840","Blaze","blaze-2","S24","Active","2024-08-30T01:26:46.000Z","https://blaze.money","https://www.ycombinator.com/companies/blaze-2"
"29810","bluedoor","bluedoor","S24","Active","2024-08-11T20:26:53.000Z","https://bluedoor.sh/","https://www.ycombinator.com/companies/bluedoor"
"29775","Brighterway","brighterway","S24","Active","2024-07-16T23:35:01.000Z","https://www.brighterway.ai/","https://www.ycombinator.com/companies/brighterway"
"29955","BrowserOS","browseros","S24","Active","2024-07-31T23:36:38.000Z","https://BrowserOS.com/","https://www.ycombinator.com/companies/browseros"
"29847","Bucket Robotics","bucket-robotics","S24","Active","2024-06-21T20:24:51.000Z","https://bucket.bot","https://www.ycombinator.com/companies/bucket-robotics"
"29639","Callback","callback","S24","Active","2024-08-13T23:11:33.000Z","https://getcallback.ai","https://www.ycombinator.com/companies/callback"
"29688","camfer","camfer","S24","Active","2024-09-10T22:47:06.000Z","https://www.camfer.dev/","https://www.ycombinator.com/companies/camfer"
"29963","Capitol AI","capitol-ai","S24","Active","2024-08-27T02:12:41.000Z","https://www.capitol.ai/","https://www.ycombinator.com/companies/capitol-ai"
"29791","Cartage","cartage","S24","Active","2024-05-28T16:50:52.000Z","https://cartage.ai","https://www.ycombinator.com/companies/cartage"
"29327","Central","central","S24","Acquired","2024-05-24T14:30:30.000Z","https://centralhq.com","https://www.ycombinator.com/companies/central"
"29781","Cerulion","cerulion","S24","Active","2024-07-08T23:09:48.000Z","https://www.cerulion.com","https://www.ycombinator.com/companies/cerulion"
"29582","Cheers","cheers","S24","Active","2024-07-19T18:30:14.000Z","https://www.cheers.tech","https://www.ycombinator.com/companies/cheers"
"29613","ClaimSorted","claimsorted","S24","Active","2024-05-14T18:38:20.000Z","https://claimsorted.com","https://www.ycombinator.com/companies/claimsorted"
"29729","Clearly AI","clearly-ai","S24","Active","2024-07-29T16:06:11.000Z","https://clearly-ai.com","https://www.ycombinator.com/companies/clearly-ai"
"29665","Cloudglue","cloudglue","S24","Active","2024-08-08T19:53:38.000Z","https://cloudglue.dev","https://www.ycombinator.com/companies/cloudglue"
"29719","cmux","cmux","S24","Active","2024-05-18T00:31:35.000Z","https://www.cmux.com","https://www.ycombinator.com/companies/cmux"
"29627","Codes Health","codes-health","S24","Active","2024-07-26T00:35:21.000Z","https://www.codeshealth.com/","https://www.ycombinator.com/companies/codes-health"
"29683","CodeViz","codeviz","S24","Active","2024-08-14T03:56:49.000Z","https://www.codeviz.ai/","https://www.ycombinator.com/companies/codeviz"
"29596","Comfy Deploy","comfy-deploy","S24","Active","2024-07-21T18:28:51.000Z","https://comfydeploy.com","https://www.ycombinator.com/companies/comfy-deploy"
"29989","Conductor","conductor","S24","Active","2024-09-02T18:16:52.000Z","https://conductor.build","https://www.ycombinator.com/companies/conductor"
"29754","Conductor Quantum","conductor-quantum","S24","Active","2024-06-12T19:08:36.000Z","https://www.conductorquantum.com","https://www.ycombinator.com/companies/conductor-quantum"
"29717","Conveo","conveo","S24","Active","2024-06-20T13:24:53.000Z","https://conveo.ai/","https://www.ycombinator.com/companies/conveo"
"29646","Corgi Insurance","corgi-insurance","S24","Active","2024-07-10T20:45:16.000Z","https://corgi.com","https://www.ycombinator.com/companies/corgi-insurance"
"29524","Coval","coval","S24","Active","2024-09-03T05:36:56.000Z","https://coval.dev","https://www.ycombinator.com/companies/coval"
"29716","CreativeMode","creativemode","S24","Active","2024-08-07T23:31:06.000Z","https://creativemode.net","https://www.ycombinator.com/companies/creativemode"
"29703","d_model","d_model","S24","Active","2024-08-30T17:52:33.000Z","https://www.dmodel.ai","https://www.ycombinator.com/companies/d_model"
"29807","Dataleap","dataleap","S24","Active","2024-07-29T02:08:53.000Z","https://dataleap.ai/","https://www.ycombinator.com/companies/dataleap"
"29759","David AI","david-ai","S24","Active","2024-07-11T01:38:23.000Z","https://www.withdavid.ai/","https://www.ycombinator.com/companies/david-ai"
"29852","Dayflow","dayflow","S24","Active","2024-09-03T00:26:28.000Z","https://www.dayflow.so","https://www.ycombinator.com/companies/dayflow"
"29655","Decisional AI","decisional-ai","S24","Active","2024-08-13T07:10:13.000Z","https://www.decisional.com/","https://www.ycombinator.com/companies/decisional-ai"
"29747","deepsilicon","deepsilicon","S24","Inactive","2024-08-26T04:44:38.000Z","https://www.deepsilicon.net/","https://www.ycombinator.com/companies/deepsilicon"
"29672","DeepSim, Inc.","deepsim-inc","S24","Active","2024-08-15T20:46:15.000Z","https://www.deepsim.io","https://www.ycombinator.com/companies/deepsim-inc"
"29695","Dench.com","dench-com","S24","Active","2024-07-07T06:33:52.000Z","https://dench.com","https://www.ycombinator.com/companies/dench-com"
"29635","DigitalCarbon","digitalcarbon","S24","Active","2024-09-02T18:16:15.000Z","https://www.digitalcarbon.ai","https://www.ycombinator.com/companies/digitalcarbon"
"29741","Dimely","dimely","S24","Active","2024-08-08T08:05:43.000Z","https://dimely.com/","https://www.ycombinator.com/companies/dimely"
"29851","Diode Computers, Inc.","diode-computers-inc","S24","Active","2024-08-01T18:15:01.000Z","https://diode.computer","https://www.ycombinator.com/companies/diode-computers-inc"
"29761","Distro","distro","S24","Active","2024-05-12T22:52:13.000Z","https://distro.app","https://www.ycombinator.com/companies/distro"
"29679","Dodo","dodo","S24","Active","2024-08-07T15:22:33.000Z","https://www.dodo.ai/","https://www.ycombinator.com/companies/dodo"
"29572","Domu Technology Inc.","domu-technology-inc","S24","Active","2024-06-22T20:06:11.000Z","https://www.domu.ai/","https://www.ycombinator.com/companies/domu-technology-inc"
"29575","Doublezero","doublezero","S24","Active","2024-08-20T14:20:37.000Z","https://doublezero.tech","https://www.ycombinator.com/companies/doublezero"
"29828","Draft The Record","draft-the-record","S24","Active","2024-08-30T03:25:57.000Z","https://www.drafttherecord.com/","https://www.ycombinator.com/companies/draft-the-record"
"29990","DreamRP","dreamrp","S24","Active","2024-08-30T06:23:43.000Z","https://www.dreamrp.com/","https://www.ycombinator.com/companies/dreamrp"
"29746","Drillbit","drillbit","S24","Active","2024-07-21T18:31:03.000Z","https://www.drillbit.com","https://www.ycombinator.com/companies/drillbit"
"29605","Educato","educato","S24","Active","2024-07-29T16:06:39.000Z","https://www.educato.com/","https://www.ycombinator.com/companies/educato"
"29841","Elayne","elayne","S24","Active","2024-06-19T23:18:18.000Z","https://www.elayne.com/","https://www.ycombinator.com/companies/elayne"
"29676","Elevate","elevate-2","S24","Active","2024-06-11T22:56:02.000Z","https://www.useelevate.dev/","https://www.ycombinator.com/companies/elevate-2"
"29768","Ember Robotics","ember-robotics","S24","Active","2024-08-02T07:31:05.000Z","https://www.emberrobotics.com","https://www.ycombinator.com/companies/ember-robotics"
"29765","Emergent","emergent","S24","Active","2025-02-17T08:27:43.000Z","https://emergent.sh","https://www.ycombinator.com/companies/emergent"
"29623","Entangl","entangl","S24","Active","2024-05-20T15:32:44.000Z","https://www.entangl.com/","https://www.ycombinator.com/companies/entangl"
"29818","Entropy","entropy","S24","Active","2024-07-04T05:47:20.000Z","https://www.withentropy.ai/","https://www.ycombinator.com/companies/entropy"
"29856","et al.","et-al","S24","Active","2024-09-08T00:03:42.000Z","https://www.et-al.io","https://www.ycombinator.com/companies/et-al"
"29475","Evolvere BioSciences","evolvere-biosciences","S24","Active","2024-08-16T18:43:47.000Z","https://www.evolverebiosciences.com/","https://www.ycombinator.com/companies/evolvere-biosciences"
"29728","expand.ai","expand-ai","S24","Active","2024-09-07T18:43:15.000Z","https://expand.ai/","https://www.ycombinator.com/companies/expand-ai"
"29711","Fazeshift","fazeshift","S24","Active","2024-05-21T01:40:04.000Z","https://www.fazeshift.com/","https://www.ycombinator.com/companies/fazeshift"
"29952","Ficra","ficra","S24","Active","2024-09-03T18:34:09.000Z","https://ficra.ai/","https://www.ycombinator.com/companies/ficra"
"29735","FINNY AI","finny-ai","S24","Active","2024-05-27T23:36:29.000Z","https://www.finny.com/","https://www.ycombinator.com/companies/finny-ai"
"29796","Finosu","finosu","S24","Active","2024-08-15T22:48:54.000Z","https://www.finosu.com","https://www.ycombinator.com/companies/finosu"
"29651","FirstWork","firstwork","S24","Active","2024-07-24T19:56:45.000Z","https://firstwork.com","https://www.ycombinator.com/companies/firstwork"
"29637","Flyflow","flyflow","S24","Inactive","2024-06-20T19:07:33.000Z","https://flyflow.ai","https://www.ycombinator.com/companies/flyflow"
"29965","Formula Insight","formula-insight","S24","Active","2024-07-24T06:28:22.000Z","https://www.formulainsight.io/","https://www.ycombinator.com/companies/formula-insight"
"29976","Freestyle","freestyle","S24","Active","2024-06-23T04:05:01.000Z","https://www.freestyle.sh","https://www.ycombinator.com/companies/freestyle"
"29349","Fuse","fuse-2","S24","Active","2024-08-20T14:01:41.000Z","http://www.fuseinsight.com","https://www.ycombinator.com/companies/fuse-2"
"29693","Gauge","gauge","S24","Active","2024-06-04T17:55:21.000Z","https://withgauge.com","https://www.ycombinator.com/companies/gauge"
"29586","Glasskube","glasskube","S24","Active","2024-06-07T13:05:43.000Z","https://distr.sh/","https://www.ycombinator.com/companies/glasskube"
"29783","Guardian RF","guardian-rf","S24","Active","2024-06-14T17:11:39.000Z","https://guardianrf.com/","https://www.ycombinator.com/companies/guardian-rf"
"29610","Hamming AI","hamming-ai","S24","Active","2024-05-06T15:02:57.000Z","https://hamming.ai/","https://www.ycombinator.com/companies/hamming-ai"
"29805","Handled","handled","S24","Active","2024-06-26T17:38:00.000Z","https://www.itshandled.ai","https://www.ycombinator.com/companies/handled"
"29797","Haystack","haystackeditor","S24","Active","2024-07-30T05:05:32.000Z","https://tryhaystack.dev/","https://www.ycombinator.com/companies/haystackeditor"
"29799","Helium","helium","S24","Active","2024-08-06T18:28:16.000Z","https://tryhelium.com","https://www.ycombinator.com/companies/helium"
"29954","Henry","henry-2","S24","Active","2024-06-19T05:33:19.000Z","http://www.henry.ai","https://www.ycombinator.com/companies/henry-2"
"29800","HeroUI","heroui","S24","Active","2024-05-21T14:23:55.000Z","https://heroui.com","https://www.ycombinator.com/companies/heroui"
"29737","Hestus, Inc.","hestus-inc","S24","Active","2024-07-29T19:55:32.000Z","https://www.hestus.co","https://www.ycombinator.com/companies/hestus-inc"
"29642","Hexclave","hexclave","S24","Active","2024-05-21T12:48:06.000Z","https://hexclave.com","https://www.ycombinator.com/companies/hexclave"
"29953","Hey Revia","hey-revia","S24","Acquired","2024-09-06T22:21:04.000Z","https://heyrevia.ai","https://www.ycombinator.com/companies/hey-revia"
"29660","Hyrex","hyrex","S24","Active","2024-08-21T00:30:48.000Z","https://www.hyrex.io","https://www.ycombinator.com/companies/hyrex"
"29653","ideate.xyz","ideate-xyz","S24","Active","2024-08-26T09:17:21.000Z","https://ideate.xyz","https://www.ycombinator.com/companies/ideate-xyz"
"29770","Intryc","intryc","S24","Active","2024-07-16T19:31:14.000Z","https://intryc.com","https://www.ycombinator.com/companies/intryc"
"29641","Invaria","invaria","S24","Inactive","2024-08-11T15:30:01.000Z","https://invaria.com","https://www.ycombinator.com/companies/invaria"
"29803","Ionworks","ionworks","S24","Active","2024-07-24T01:42:32.000Z","https://ionworks.com/","https://www.ycombinator.com/companies/ionworks"
"29715","Kastle","kastle","S24","Active","2024-07-07T05:39:43.000Z","https://kastle.ai/","https://www.ycombinator.com/companies/kastle"
"29854","Keet","keet","S24","Active","2024-08-28T20:47:04.000Z","https://trykeet.com","https://www.ycombinator.com/companies/keet"
"29690","Kenley","kenley","S24","Active","2024-05-28T15:45:30.000Z","https://kenley.ai/","https://www.ycombinator.com/companies/kenley"
"29820","Kontigo","kontigo","S24","Active","2024-06-13T00:41:46.000Z","https://kontigo.lat/","https://www.ycombinator.com/companies/kontigo"
"29714","Kopra Bio","kopra-bio","S24","Active","2024-08-20T05:07:01.000Z","https://kopra.bio","https://www.ycombinator.com/companies/kopra-bio"
"29766","Kura AI","kura-ai","S24","Active","2024-11-14T17:21:10.000Z","https://trykura.com","https://www.ycombinator.com/companies/kura-ai"
"29782","Laminar","laminar","S24","Active","2024-07-18T21:23:43.000Z","https://laminar.sh","https://www.ycombinator.com/companies/laminar"
"29702","LedgerUp","ledgerup","S24","Active","2024-08-02T17:01:04.000Z","https://ledgerup.ai/","https://www.ycombinator.com/companies/ledgerup"
"29705","Lighthouz AI","lighthouz-ai","S24","Active","2024-08-21T18:23:56.000Z","https://lighthouz.ai/","https://www.ycombinator.com/companies/lighthouz-ai"
"29412","Ligo Biosciences","ligo-biosciences","S24","Active","2024-08-09T03:10:17.000Z","https://www.ligo.bio","https://www.ycombinator.com/companies/ligo-biosciences"
"29787","Lilac Labs","lilac-labs","S24","Inactive","2024-07-23T01:30:16.000Z","https://www.drive-thru.ai/","https://www.ycombinator.com/companies/lilac-labs"
"29685","Lore","joinlore","S24","Active","2024-06-25T18:09:01.000Z","https://joinlore.app/","https://www.ycombinator.com/companies/joinlore"
"29678","Lucible","lucible","S24","Active","2024-08-13T22:26:24.000Z","https://luciblefi.com","https://www.ycombinator.com/companies/lucible"
"29760","Mage Legal","mage-legal","S24","Active","2024-07-19T21:54:42.000Z","https://magelegal.com","https://www.ycombinator.com/companies/mage-legal"
"29736","MagiCode","magicode","S24","Active","2024-08-30T00:29:09.000Z","https://www.magicode.ai/","https://www.ycombinator.com/companies/magicode"
"29647","Maitai","maitai","S24","Active","2024-05-28T16:34:54.000Z","https://trymaitai.com","https://www.ycombinator.com/companies/maitai"
"29611","mdhub","mdhub","S24","Active","2024-07-09T00:05:54.000Z","https://www.mdhub.ai/","https://www.ycombinator.com/companies/mdhub"
"29585","Mem0","mem0","S24","Active","2024-05-24T00:50:17.000Z","https://mem0.ai","https://www.ycombinator.com/companies/mem0"
"29977","Merlin AI","merlin-ai","S24","Active","2024-07-27T00:08:35.000Z","https://www.merlinai.co","https://www.ycombinator.com/companies/merlin-ai"
"29966","Mica AI","mica-ai","S24","Active","2024-07-13T00:52:38.000Z","https://usemica.com/","https://www.ycombinator.com/companies/mica-ai"
"29980","Midship","midship","S24","Acquired","2024-07-30T23:49:39.000Z","https://midship.ai/","https://www.ycombinator.com/companies/midship"
"29774","Mineflow","mineflow","S24","Active","2024-08-13T07:31:32.000Z","http://mineflow.ai/","https://www.ycombinator.com/companies/mineflow"
"29687","MinusX","minusx","S24","Active","2024-07-26T20:12:16.000Z","https://minusx.ai","https://www.ycombinator.com/companies/minusx"
"29569","Miru","miru-ml","S24","Active","2024-07-27T21:52:25.000Z","https://www.mirurobotics.com","https://www.ycombinator.com/companies/miru-ml"
"29706","Mito Health","mito-health","S24","Active","2024-07-16T23:38:13.000Z","https://mitohealth.com/","https://www.ycombinator.com/companies/mito-health"
"29704","Modus","modus","S24","Active","2024-08-13T21:31:07.000Z","https://himodus.com","https://www.ycombinator.com/companies/modus"
"29829","Moreta","moreta","S24","Active","2024-08-22T20:58:39.000Z","https://moretapay.com","https://www.ycombinator.com/companies/moreta"
"29663","NetworkOcean","networkocean","S24","Active","2024-08-05T20:54:26.000Z","https://networkocean.io/","https://www.ycombinator.com/companies/networkocean"
"29853","No Logo","no-logo","S24","Active","2024-07-08T21:28:31.000Z","https://nologo.com/","https://www.ycombinator.com/companies/no-logo"
"29795","Odo","odo","S24","Active","2024-05-29T22:47:44.000Z","https://useodo.com/","https://www.ycombinator.com/companies/odo"
"29675","Offstream","offstream","S24","Active","2024-07-08T19:07:11.000Z","https://www.useoffstream.com/","https://www.ycombinator.com/companies/offstream"
"29822","omnidock","omnidock","S24","Active","2024-08-16T06:41:45.000Z","https://www.omnidock.com","https://www.ycombinator.com/companies/omnidock"
"29724","Ontra Mobility","ontra-mobility","S24","Active","2024-07-04T01:04:32.000Z","https://www.ontramobility.com","https://www.ycombinator.com/companies/ontra-mobility"
"29751","Opslane","opslane","S24","Active","2024-07-25T16:43:09.000Z","https://opslane.com","https://www.ycombinator.com/companies/opslane"
"29826","Orca Client","orca-client","S24","Active","2024-08-12T22:26:03.000Z","https://orcaclient.com","https://www.ycombinator.com/companies/orca-client"
"29969","OrgOrg","orgorg","S24","Active","2024-08-06T06:49:03.000Z","https://orgorg.com","https://www.ycombinator.com/companies/orgorg"
"29992","Outerport","outerport","S24","Active","2024-07-22T18:42:36.000Z","https://outerport.com","https://www.ycombinator.com/companies/outerport"
"29387","Overeasy","overeasy","S24","Active","2024-08-01T23:41:50.000Z","https://overeasy.sh/","https://www.ycombinator.com/companies/overeasy"
"29964","Overlap","overlap","S24","Active","2024-07-23T20:35:05.000Z","https://www.overlap.ai","https://www.ycombinator.com/companies/overlap"
"29844","Oway","oway","S24","Active","2024-06-05T15:27:33.000Z","https://www.shipoway.com","https://www.ycombinator.com/companies/oway"
"29789","Paasa","paasa","S24","Active","2024-08-17T20:28:14.000Z","https://paasa.com","https://www.ycombinator.com/companies/paasa"
"29786","Palmier","palmier","S24","Active","2024-08-23T21:56:48.000Z","https://www.palmier.io","https://www.ycombinator.com/companies/palmier"
"29721","Panora","panora","S24","Active","2024-05-17T01:05:13.000Z","https://getpanora.com","https://www.ycombinator.com/companies/panora"
"29839","pap!","pap","S24","Active","2024-08-27T23:59:03.000Z","https://joinpap.com/","https://www.ycombinator.com/companies/pap"
"29684","Parahelp","parahelp","S24","Active","2024-07-05T22:51:04.000Z","https://parahelp.com/","https://www.ycombinator.com/companies/parahelp"
"29772","Parley","parley","S24","Active","2024-06-27T19:37:41.000Z","https://parley.so","https://www.ycombinator.com/companies/parley"
"29968","Patched","patched","S24","Active","2024-07-18T00:41:23.000Z","https://patched.codes","https://www.ycombinator.com/companies/patched"
"29983","PathPilot","pathpilot","S24","Active","2024-08-29T00:39:35.000Z","https://www.getpathpilot.com/","https://www.ycombinator.com/companies/pathpilot"
"29755","Pax","pax","S24","Active","2024-07-23T21:36:52.000Z","https://paxai.com/","https://www.ycombinator.com/companies/pax"
"29857","Pharos","pharos","S24","Active","2024-08-03T00:33:42.000Z","https://pharos.health/","https://www.ycombinator.com/companies/pharos"
"29645","Phonely","phonely","S24","Active","2024-05-24T17:41:10.000Z","https://phonely.ai","https://www.ycombinator.com/companies/phonely"
"29769","Pinnacle","pinnacle","S24","Active","2024-09-03T23:34:36.000Z","https://pinnacle.sh/","https://www.ycombinator.com/companies/pinnacle"
"29950","Pipeshift","pipeshift","S24","Active","2024-05-31T23:56:34.000Z","https://pipeshift.com","https://www.ycombinator.com/companies/pipeshift"
"29739","Planbase","planbase","S24","Active","2024-08-13T06:00:37.000Z","https://www.joinplanbase.com/","https://www.ycombinator.com/companies/planbase"
"29701","Plume","plume","S24","Active","2024-08-24T19:22:18.000Z","http://www.plumefinder.com","https://www.ycombinator.com/companies/plume"
"29251","Poka Labs","poka-labs","S24","Active","2024-07-18T15:57:29.000Z","https://www.pokalabs.com/","https://www.ycombinator.com/companies/poka-labs"
"29821","Polymet","polymet","S24","Active","2024-07-01T17:13:21.000Z","https://polymet.ai","https://www.ycombinator.com/companies/polymet"
"29778","Praxos","praxos","S24","Active","2024-08-09T02:24:35.000Z","https://praxos.ai","https://www.ycombinator.com/companies/praxos"
"29608","Pre","pre","S24","Inactive","2024-07-26T15:27:29.000Z","https://buildwithpre.com","https://www.ycombinator.com/companies/pre"
"29780","Presti AI","presti-ai","S24","Active","2024-08-26T19:23:17.000Z","https://www.presti.ai/","https://www.ycombinator.com/companies/presti-ai"
"29607","ProhostAI","prohostai","S24","Active","2024-08-02T06:58:37.000Z","https://www.prohost.ai/","https://www.ycombinator.com/companies/prohostai"
"29725","Promi","promi","S24","Active","2024-07-29T03:35:33.000Z","https://www.trypromi.com/","https://www.ycombinator.com/companies/promi"
"29815","Propaya","propaya","S24","Active","2024-08-01T02:37:22.000Z","https://www.propaya.com","https://www.ycombinator.com/companies/propaya"
"29668","Proxis","proxis","S24","Active","2024-08-30T21:46:26.000Z","https://www.proxis.ai/","https://www.ycombinator.com/companies/proxis"
"29699","Pulse","pulse-3","S24","Active","2024-07-12T21:55:38.000Z","https://www.runpulse.com/","https://www.ycombinator.com/companies/pulse-3"
"29833","Quetzal","quetzal","S24","Active","2024-07-22T08:22:31.000Z","https://getquetzal.com/","https://www.ycombinator.com/companies/quetzal"
"29634","Random Labs","random-labs","S24","Active","2024-09-06T05:16:28.000Z","https://randomlabs.ai","https://www.ycombinator.com/companies/random-labs"
"29834","Rastro","rastro","S24","Active","2024-07-18T06:30:35.000Z","https://rastro.ai","https://www.ycombinator.com/companies/rastro"
"29732","ReactWise","reactwise","S24","Active","2024-05-28T21:27:33.000Z","https://www.reactwise.com/","https://www.ycombinator.com/companies/reactwise"
"29740","Redouble AI","redouble-ai","S24","Active","2024-08-26T19:40:02.000Z","https://redouble.ai/","https://www.ycombinator.com/companies/redouble-ai"
"29788","Refactor","refactor","S24","Active","2024-08-26T04:52:32.000Z","https://refactor.co","https://www.ycombinator.com/companies/refactor"
"29762","Remade","remade","S24","Acquired","2024-07-17T07:28:18.000Z","https://www.remade.ai/?utm_source=YC&utm_medium=YC&utm_campaign=YC_profile&utm_content=YC_profile","https://www.ycombinator.com/companies/remade"
"29837","RentFlow","rentflow","S24","Active","2024-08-03T21:13:56.000Z","https://www.therentflow.com","https://www.ycombinator.com/companies/rentflow"
"29801","Rescript","rescript","S24","Active","2024-09-03T23:40:00.000Z","https://rescript.ai/","https://www.ycombinator.com/companies/rescript"
"29658","RetroFix","retrofix","S24","Active","2024-07-29T22:29:54.000Z","https://www.retrofix.ai/","https://www.ycombinator.com/companies/retrofix"
"29667","Rewbi","rewbi","S24","Active","2024-08-28T19:52:41.000Z","https://www.rewbi.com/","https://www.ycombinator.com/companies/rewbi"
"29793","RiskAngle","riskangle","S24","Inactive","2024-07-24T23:11:43.000Z","https://www.riskangle.com/","https://www.ycombinator.com/companies/riskangle"
"29568","Roger","roger-2","S24","Active","2024-07-12T22:09:02.000Z","https://hireroger.com","https://www.ycombinator.com/companies/roger-2"
"29951","Rowboat Labs","rowboat-labs","S24","Active","2024-08-14T06:04:40.000Z","https://www.rowboatlabs.com","https://www.ycombinator.com/companies/rowboat-labs"
"29682","RunLocal AI","runlocal-ai","S24","Active","2024-08-02T16:58:27.000Z","https://runlocal.ai","https://www.ycombinator.com/companies/runlocal-ai"
"29643","Sage Care","sagecare","S24","Active","2024-08-04T01:24:14.000Z","https://sagecare.ai","https://www.ycombinator.com/companies/sagecare"
"29848","Saldor","saldor","S24","Active","2024-08-06T05:14:15.000Z","https://saldor.com/","https://www.ycombinator.com/companies/saldor"
"29588","Saphira AI","saphira-ai","S24","Active","2024-06-01T18:33:47.000Z","https://saphira.ai","https://www.ycombinator.com/companies/saphira-ai"
"29730","Saturn","saturn","S24","Active","2024-08-22T13:04:50.000Z","https://www.SaturnOS.com","https://www.ycombinator.com/companies/saturn"
"29671","Scape","scape","S24","Active","2024-08-21T20:34:43.000Z","https://scape.app","https://www.ycombinator.com/companies/scape"
"29776","SchemeFlow","schemeflow","S24","Active","2024-05-30T11:05:57.000Z","https://www.schemeflow.com","https://www.ycombinator.com/companies/schemeflow"
"29748","Seals AI","seals-ai","S24","Active","2024-09-07T04:32:29.000Z","https://www.titanio.ai/","https://www.ycombinator.com/companies/seals-ai"
"29784","Sensei","sensei","S24","Active","2024-08-26T07:49:14.000Z","https://senseirobotics.com","https://www.ycombinator.com/companies/sensei"
"29825","Sepal AI","sepal-ai","S24","Acquired","2024-08-06T17:45:51.000Z","https://www.sepalai.com","https://www.ycombinator.com/companies/sepal-ai"
"29745","Sharpe","sharpe","S24","Active","2024-08-02T22:49:10.000Z","https://sharpe.sh","https://www.ycombinator.com/companies/sharpe"
"29661","Silurian","silurian","S24","Active","2024-08-14T00:20:39.000Z","https://silurian.ai/","https://www.ycombinator.com/companies/silurian"
"29978","SimCare","simcare","S24","Active","2024-06-28T04:09:42.000Z","https://simcare.ai","https://www.ycombinator.com/companies/simcare"
"29785","Simple AI","simple-ai","S24","Active","2024-08-13T19:00:08.000Z","https://www.usesimple.ai","https://www.ycombinator.com/companies/simple-ai"
"29296","Simplex","simplex","S24","Active","2024-08-15T08:13:14.000Z","https://simplex.sh","https://www.ycombinator.com/companies/simplex"
"29773","Soff","soff","S24","Active","2024-07-23T15:29:58.000Z","https://soff.ai","https://www.ycombinator.com/companies/soff"
"29792","Sonatoria","sonatoria","S24","Active","2024-08-05T17:30:25.000Z","https://sonatoria.com","https://www.ycombinator.com/companies/sonatoria"
"29650","Sorcerer","sorcerer","S24","Active","2024-07-10T16:56:04.000Z","https://sorcerer.earth","https://www.ycombinator.com/companies/sorcerer"
"29597","Spaceium Inc","spaceium-inc","S24","Active","2024-05-15T14:32:49.000Z","https://spaceium.com","https://www.ycombinator.com/companies/spaceium-inc"
"29570","Spherecast","spherecast","S24","Active","2024-07-23T00:35:29.000Z","https://www.spherecast.ai/","https://www.ycombinator.com/companies/spherecast"
"29474","Spur","spur","S24","Active","2024-08-20T04:09:52.000Z","https://www.spurtest.com/","https://www.ycombinator.com/companies/spur"
"29808","Starcloud","starcloud","S24","Active","2024-06-19T23:52:59.000Z","https://www.starcloud.com/","https://www.ycombinator.com/companies/starcloud"
"29654","Stardrift","stardrift","S24","Active","2024-07-25T00:49:27.000Z","https://stardrift.ai","https://www.ycombinator.com/companies/stardrift"
"29756","Stempad","stempad","S24","Active","2024-07-02T17:22:57.000Z","https://www.stempad.com","https://www.ycombinator.com/companies/stempad"
"29673","Storia AI","storia-ai","S24","Active","2024-08-25T23:47:25.000Z","https://storia.ai","https://www.ycombinator.com/companies/storia-ai"
"29709","Substrate","substrate","S24","Active","2024-09-20T08:10:51.000Z","https://www.substrate.cc/","https://www.ycombinator.com/companies/substrate"
"29574","Superunit","superunit","S24","Active","2024-06-25T00:56:34.000Z","http://superunit.com","https://www.ycombinator.com/companies/superunit"
"29850","SureBright","surebright","S24","Active","2024-07-06T20:41:57.000Z","https://surebright.com/","https://www.ycombinator.com/companies/surebright"
"29591","Synnax","synnax","S24","Active","2024-07-15T19:38:52.000Z","https://www.synnaxlabs.com/","https://www.ycombinator.com/companies/synnax"
"29987","Syntra","syntra","S24","Active","2024-08-15T14:53:02.000Z","https://www.syntra.com","https://www.ycombinator.com/companies/syntra"
"29640","Tabula","tabula","S24","Active","2024-08-19T19:37:53.000Z","https://www.tabula.de","https://www.ycombinator.com/companies/tabula"
"29691","Tandem","tandem-2","S24","Active","2024-05-29T23:59:54.000Z","https://tandemspace.com/","https://www.ycombinator.com/companies/tandem-2"
"29710","TaxGPT","taxgpt","S24","Active","2024-08-22T04:00:54.000Z","https://www.taxgpt.com","https://www.ycombinator.com/companies/taxgpt"
"29779","The Forecasting Company","the-forecasting-company","S24","Active","2024-07-26T01:47:55.000Z","https://www.theforecastingcompany.com","https://www.ycombinator.com/companies/the-forecasting-company"
"29708","The Synthesis Company","the-synthesis-company","S24","Active","2024-07-11T22:13:06.000Z","https://thesynthesis.company","https://www.ycombinator.com/companies/the-synthesis-company"
"29589","Theseus","theseus","S24","Active","2024-09-03T23:32:15.000Z","https://theseus.us","https://www.ycombinator.com/companies/theseus"
"29767","Thunder Compute","thunder-compute","S24","Active","2024-08-09T23:25:36.000Z","https://www.thundercompute.com","https://www.ycombinator.com/companies/thunder-compute"
"29804","Thyme","thyme","S24","Acquired","2024-07-19T22:50:40.000Z","https://www.meetthyme.com/","https://www.ycombinator.com/companies/thyme"
"29689","Tivara","tivara","S24","Active","2024-07-29T23:25:29.000Z","https://tivara.com","https://www.ycombinator.com/companies/tivara"
"29836","TradeFlow","tradeflow","S24","Active","2024-07-25T16:39:38.000Z","https://www.tradeflowai.com/","https://www.ycombinator.com/companies/tradeflow"
"29830","Typa","typa","S24","Active","2024-06-20T05:27:30.000Z","https://typa.ai","https://www.ycombinator.com/companies/typa"
"29557","Ultra","ultra","S24","Active","2024-08-15T21:59:58.000Z","https://ultra.tech","https://www.ycombinator.com/companies/ultra"
"29659","Unbound","unbound","S24","Active","2024-05-15T22:31:18.000Z","https://getunbound.ai/","https://www.ycombinator.com/companies/unbound"
"29573","Undermind","undermind","S24","Active","2024-06-17T13:50:51.000Z","https://www.undermind.ai","https://www.ycombinator.com/companies/undermind"
"29579","Understood Care","understood-care","S24","Active","2024-05-16T16:27:12.000Z","https://understoodcare.com","https://www.ycombinator.com/companies/understood-care"
"29633","Unsloth AI","unsloth-ai","S24","Active","2024-09-04T04:59:56.000Z","https://unsloth.ai/","https://www.ycombinator.com/companies/unsloth-ai"
"29849","Usul","usul","S24","Active","2024-07-29T17:37:15.000Z","https://www.usul.com","https://www.ycombinator.com/companies/usul"
"29814","Vendra","vendra","S24","Active","2024-08-19T16:20:07.000Z","https://vendra.io/","https://www.ycombinator.com/companies/vendra"
"29858","Vera Health","vera-health","S24","Active","2024-08-08T07:59:34.000Z","https://www.vera-health.ai","https://www.ycombinator.com/companies/vera-health"
"29734","Vibe","vibe","S24","Active","2024-07-08T21:45:45.000Z","https://vibe.codes","https://www.ycombinator.com/companies/vibe"
"29644","VideoGen","videogen","S24","Active","2024-09-04T06:33:33.000Z","https://videogen.io","https://www.ycombinator.com/companies/videogen"
"29967","Village Labs","village-labs","S24","Active","2024-09-05T01:00:40.000Z","https://villagelabs.app/","https://www.ycombinator.com/companies/village-labs"
"29960","Void","void","S24","Active","2024-09-13T17:59:52.000Z","https://useglass.ai","https://www.ycombinator.com/companies/void"
"29835","Voker","voker","S24","Active","2024-08-05T19:48:24.000Z","https://voker.ai","https://www.ycombinator.com/companies/voker"
"29692","Weave Robotics","weave-robotics","S24","Active","2024-08-21T07:35:48.000Z","https://www.weaverobots.com","https://www.ycombinator.com/companies/weave-robotics"
"29819","Weel","weel","S24","Active","2025-03-12T16:02:12.000Z","https://weel.live/","https://www.ycombinator.com/companies/weel"
"29750","winfunc","winfunc","S24","Active","2024-08-08T05:27:27.000Z","https://winfunc.com","https://www.ycombinator.com/companies/winfunc"
"29649","Wordware","wordware","S24","Active","2024-05-14T19:00:32.000Z","https://wordware.ai/","https://www.ycombinator.com/companies/wordware"
"29956","XTraffic","xtraffic","S24","Active","2024-08-22T21:57:06.000Z","https://XTraffic.com/","https://www.ycombinator.com/companies/xtraffic"
"29764","Zeit AI","zeit-ai","S24","Active","2024-07-30T03:57:15.000Z","https://zeit-ai.com/","https://www.ycombinator.com/companies/zeit-ai"
"29812","ZeroPath","zeropath","S24","Active","2024-06-12T20:04:01.000Z","https://zeropath.com","https://www.ycombinator.com/companies/zeropath"
"29777","Zettascale","zettascale","S24","Active","2024-08-02T20:39:00.000Z","https://zscc.ai","https://www.ycombinator.com/companies/zettascale"
"29731","Zoa Research","zoa-research","S24","Active","2024-08-28T15:33:01.000Z","https://zoaresearch.com","https://www.ycombinator.com/companies/zoa-research"
"29670","Zuni","zuni","S24","Active","2024-07-22T23:06:51.000Z","https://zuni.app","https://www.ycombinator.com/companies/zuni"
"30078","Abundant","abundant","F24","Active","2024-11-18T19:40:41.000Z","https://www.abundant.ai/","https://www.ycombinator.com/companies/abundant"
"30037","Afternoon.co","afternoon-co","F24","Active","2024-11-01T20:41:17.000Z","https://afternoon.co","https://www.ycombinator.com/companies/afternoon-co"
"30100","Alex","alex","F24","Active","2024-10-12T07:33:52.000Z","https://alexcodes.app","https://www.ycombinator.com/companies/alex"
"30130","Apolink","apolink","F24","Active","2024-10-02T22:30:50.000Z","https://apolink.space","https://www.ycombinator.com/companies/apolink"
"30045","Archil","archil","F24","Active","2024-09-24T16:44:37.000Z","https://archil.com","https://www.ycombinator.com/companies/archil"
"30105","ArchiLabs","archilabs","F24","Active","2024-11-19T17:47:37.000Z","https://archilabs.ai","https://www.ycombinator.com/companies/archilabs"
"30131","Asha Health","asha-health","F24","Active","2024-11-10T21:00:55.000Z","https://asha.health","https://www.ycombinator.com/companies/asha-health"
"30051","attimet","attimet","F24","Active","2024-10-08T23:46:39.000Z","https://attimet.com/","https://www.ycombinator.com/companies/attimet"
"30077","AutoComputer","autocomputer","F24","Active","2024-11-12T22:22:24.000Z","https://www.autocomputer.ai/","https://www.ycombinator.com/companies/autocomputer"
"30019","Avora","avora","F24","Active","2024-11-19T20:08:49.000Z","https://www.getavora.ai","https://www.ycombinator.com/companies/avora"
"30067","Beglaubigt.de","beglaubigtde","F24","Active","2024-11-14T07:27:18.000Z","https://beglaubigt.de/en-us","https://www.ycombinator.com/companies/beglaubigtde"
"30030","Candle","candle","F24","Active","2024-11-08T21:52:27.000Z","https://www.trycandle.app/","https://www.ycombinator.com/companies/candle"
"30119","Canvas","canvas","F24","Active","2024-11-14T04:28:58.000Z","https://www.canvas.inc/","https://www.ycombinator.com/companies/canvas"
"30096","Capy","capy","F24","Active","2024-10-30T04:11:25.000Z","https://capy.ai","https://www.ycombinator.com/companies/capy"
"30124","Careforce","careforce","F24","Active","2024-11-04T19:06:39.000Z","https://careforce.ai/","https://www.ycombinator.com/companies/careforce"
"30046","Cekura","cekura-ai","F24","Active","2024-10-11T03:21:25.000Z","https://www.cekura.ai/","https://www.ycombinator.com/companies/cekura-ai"
"30065","Charm","withcharm","F24","Active","2024-10-16T06:15:42.000Z","https://withcharm.app","https://www.ycombinator.com/companies/withcharm"
"30014","Clarus","clarus","F24","Active","2024-11-13T03:34:17.000Z","https://www.clarus.finance","https://www.ycombinator.com/companies/clarus"
"30091","CollectWise","collectwise","F24","Active","2024-10-24T17:50:05.000Z","https://collectwise.com/","https://www.ycombinator.com/companies/collectwise"
"30095","Consus","consus","F24","Active","2024-11-21T20:52:28.000Z","https://www.consus.io","https://www.ycombinator.com/companies/consus"
"30024","Crouton","crouton","F24","Active","2024-11-04T17:05:31.000Z","https://usecrouton.com","https://www.ycombinator.com/companies/crouton"
"30076","Crustdata","crustdata","F24","Active","2024-10-21T21:39:05.000Z","https://crustdata.com","https://www.ycombinator.com/companies/crustdata"
"30054","CTGT","ctgt","F24","Active","2024-10-27T14:55:50.000Z","https://www.ctgt.ai/","https://www.ycombinator.com/companies/ctgt"
"30083","Curo","curo","F24","Active","2024-10-08T02:10:35.000Z","https://www.curocharging.com/","https://www.ycombinator.com/companies/curo"
"30032","Darkgrade","darkgrade","F24","Active","2024-11-11T12:39:21.000Z","https://darkgrade.com","https://www.ycombinator.com/companies/darkgrade"
"30080","Dexter","dexter","F24","Active","2024-10-02T23:56:14.000Z","https://www.getdexter.co/","https://www.ycombinator.com/companies/dexter"
"30102","Diffusion Studio","diffusion-studio","F24","Active","2024-11-13T18:34:04.000Z","https://diffusion.studio/","https://www.ycombinator.com/companies/diffusion-studio"
"30027","Durate","durate","F24","Active","2024-10-08T12:55:31.000Z","https://www.durate.com/","https://www.ycombinator.com/companies/durate"
"30118","Ember","ember","F24","Active","2024-10-10T04:59:35.000Z","https://www.embercopilot.ai","https://www.ycombinator.com/companies/ember"
"30047","Endstack","endstack","F24","Active","2024-11-17T20:12:06.000Z","https://www.endstack.com","https://www.ycombinator.com/companies/endstack"
"30110","Forerunner AI","forerunner-ai","F24","Active","2024-10-29T06:03:03.000Z","https://tryforerunner.com","https://www.ycombinator.com/companies/forerunner-ai"
"30063","Freebuff","freebuff","F24","Active","2024-10-11T22:24:35.000Z","https://freebuff.com","https://www.ycombinator.com/companies/freebuff"
"30116","Freestyle","freestyle-ai","F24","Active","2024-11-08T22:57:52.000Z","https://www.freestyle.ai","https://www.ycombinator.com/companies/freestyle-ai"
"30089","Fresco","fresco","F24","Active","2024-10-23T20:44:40.000Z","https://fresco-ai.com/","https://www.ycombinator.com/companies/fresco"
"30109","FutureClinic","futureclinic","F24","Active","2024-11-12T19:19:40.000Z","https://www.futureclinic.com","https://www.ycombinator.com/companies/futureclinic"
"30028","Gait","gait","F24","Inactive","2024-10-15T05:20:33.000Z","https://getgait.com","https://www.ycombinator.com/companies/gait"
"30018","Galini","galini","F24","Active","2024-10-30T03:50:42.000Z","https://www.galini.ai/","https://www.ycombinator.com/companies/galini"
"30099","Gander","gander","F24","Acquired","2024-11-18T15:48:26.000Z","https://usegander.com","https://www.ycombinator.com/companies/gander"
"30087","Gecko Security","gecko-security","F24","Active","2024-10-15T17:53:06.000Z","https://gecko.security","https://www.ycombinator.com/companies/gecko-security"
"30053","General Learning","general-learning","F24","Active","2024-11-14T04:47:07.000Z","https://generallearning.com","https://www.ycombinator.com/companies/general-learning"
"30031","Getcho","getcho","F24","Active","2024-09-09T00:09:11.000Z","https://getcho.app/","https://www.ycombinator.com/companies/getcho"
"30034","HealthSpark","healthspark","F24","Active","2024-11-16T08:36:21.000Z","https://www.joinhealthspark.com","https://www.ycombinator.com/companies/healthspark"
"30129","HumanLayer","humanlayer","F24","Active","2024-10-03T02:06:07.000Z","https://humanlayer.com","https://www.ycombinator.com/companies/humanlayer"
"30064","HYBRD","hybrd","F24","Active","2024-10-31T19:30:41.000Z","https://www.hybrd.com/","https://www.ycombinator.com/companies/hybrd"
"30097","Innate","innate","F24","Active","2024-10-31T09:00:27.000Z","https://innate.bot","https://www.ycombinator.com/companies/innate"
"30052","ISSEN","issen","F24","Active","2024-10-23T18:13:35.000Z","https://issen.com","https://www.ycombinator.com/companies/issen"
"30062","Karmen","karmen","F24","Active","2024-11-08T00:01:55.000Z","https://www.karmenai.com","https://www.ycombinator.com/companies/karmen"
"30056","Keye","keye","F24","Active","2024-11-13T17:35:31.000Z","https://www.keye.co","https://www.ycombinator.com/companies/keye"
"30101","Kilvin","kilvin","F24","Active","2024-11-14T18:35:44.000Z","https://www.kilvin.ai","https://www.ycombinator.com/companies/kilvin"
"30115","Laminar","laminar-com","F24","Active","2024-11-09T23:58:05.000Z","https://laminar.com","https://www.ycombinator.com/companies/laminar-com"
"30038","Lightscreen AI","lightscreen-ai","F24","Active","2024-10-23T22:14:11.000Z","https://lightscreen.ai","https://www.ycombinator.com/companies/lightscreen-ai"
"30060","Lingo.dev","lingodotdev","F24","Active","2024-10-08T12:11:59.000Z","https://lingo.dev","https://www.ycombinator.com/companies/lingodotdev"
"30127","Loombotic","loombotic","F24","Active","2024-11-19T04:57:08.000Z","https://www.loombotic.com","https://www.ycombinator.com/companies/loombotic"
"30057","Luthor","luthor","F24","Active","2024-10-28T18:25:32.000Z","https://luthor.ai","https://www.ycombinator.com/companies/luthor"
"30048","Matcha","astrix-health","F24","Active","2024-10-07T19:06:35.000Z","https://www.matcha-health.com","https://www.ycombinator.com/companies/astrix-health"
"30113","Melder","melder","F24","Active","2024-11-12T18:45:13.000Z","https://melder.io","https://www.ycombinator.com/companies/melder"
"30103","Metreecs","metreecs","F24","Active","2024-10-15T17:22:38.000Z","https://www.metreecs.com","https://www.ycombinator.com/companies/metreecs"
"30029","Moonset Health","moonset-health","F24","Active","2024-11-17T22:32:27.000Z","https://www.moonsethealth.com/","https://www.ycombinator.com/companies/moonset-health"
"30079","Moonshine","moonshine","F24","Active","2024-10-21T21:30:53.000Z","https://usemoonshine.com","https://www.ycombinator.com/companies/moonshine"
"30033","Openbenchmarks","openbenchmarks","F24","Active","2024-10-08T04:29:36.000Z","https://openbenchmarks.com","https://www.ycombinator.com/companies/openbenchmarks"
"30090","Origami","origami-2","F24","Active","2024-11-09T20:13:00.000Z","https://origami.chat/","https://www.ycombinator.com/companies/origami-2"
"30073","Pearson Labs","pearson-labs","F24","Active","2024-11-18T03:53:02.000Z","http://www.pearsonlabs.ai","https://www.ycombinator.com/companies/pearson-labs"
"30088","PermitPortal","permitportal","F24","Active","2024-11-12T00:12:24.000Z","https://permitportalapp.com/","https://www.ycombinator.com/companies/permitportal"
"30039","Raycaster","raycaster","F24","Active","2024-10-25T01:48:34.000Z","https://raycaster.ai","https://www.ycombinator.com/companies/raycaster"
"30117","Relvy AI","relvy-ai","F24","Active","2024-10-15T22:44:51.000Z","https://www.relvy.ai","https://www.ycombinator.com/companies/relvy-ai"
"30049","Reticular","reticular","F24","Active","2024-11-07T23:55:20.000Z","https://reticular.com","https://www.ycombinator.com/companies/reticular"
"30104","Revi","revi","F24","Active","2024-11-18T04:40:30.000Z","https://www.revi.ai/","https://www.ycombinator.com/companies/revi"
"30041","Revyl","revyl","F24","Active","2024-10-23T00:26:45.000Z","https://www.revyl.com","https://www.ycombinator.com/companies/revyl"
"30055","RiskCube","riskcube","F24","Active","2024-11-16T18:34:12.000Z","https://riskcube.com","https://www.ycombinator.com/companies/riskcube"
"30017","Riveter","riveter","F24","Active","2024-11-08T04:00:23.000Z","https://www.riveterhq.com/","https://www.ycombinator.com/companies/riveter"
"30126","Roundabout Technologies","roundabout-technologies","F24","Active","2024-10-28T23:23:33.000Z","https://roundabout.tech","https://www.ycombinator.com/companies/roundabout-technologies"
"30036","Rulebase","rulebase","F24","Active","2024-10-09T17:28:06.000Z","https://rulebase.co","https://www.ycombinator.com/companies/rulebase"
"30114","Ryvn","ryvn","F24","Active","2024-11-04T00:27:06.000Z","https://ryvn.ai","https://www.ycombinator.com/companies/ryvn"
"30044","Sandra AI","sandra-ai","F24","Active","2024-10-02T23:18:26.000Z","https://www.sandra-ai.com","https://www.ycombinator.com/companies/sandra-ai"
"30050","Smooth","smooth","F24","Active","2024-10-17T00:33:16.000Z","https://smooth.sh","https://www.ycombinator.com/companies/smooth"
"30059","Sphinx","sphinx","F24","Active","2024-10-31T01:17:37.000Z","https://sphinxhq.com/","https://www.ycombinator.com/companies/sphinx"
"30068","Stewdio","stewdio","F24","Active","2024-11-21T02:01:11.000Z","https://www.stewdio.ai","https://www.ycombinator.com/companies/stewdio"
"30023","Streamable","streamable","F24","Active","2024-09-28T00:45:39.000Z","https://streamable.run","https://www.ycombinator.com/companies/streamable"
"30108","Struct","struct-ai","F24","Active","2024-09-26T21:36:19.000Z","https://struct.ai","https://www.ycombinator.com/companies/struct-ai"
"30106","Sunset","sunset","F24","Active","2024-10-24T04:01:45.000Z","https://www.hellosunset.com/","https://www.ycombinator.com/companies/sunset"
"30040","supercontrast","supercontrast","F24","Inactive","2024-09-25T16:46:43.000Z","https://supercontrast.com/","https://www.ycombinator.com/companies/supercontrast"
"30107","Surge","surge","F24","Active","2024-11-14T22:13:21.000Z","https://surge.app","https://www.ycombinator.com/companies/surge"
"30022","Symphony","symphony","F24","Active","2024-10-31T21:35:20.000Z","https://getsymphony.co","https://www.ycombinator.com/companies/symphony"
"30125","Synth","synth-3","F24","Active","2024-10-15T19:40:21.000Z","https://www.usesynth.ai","https://www.ycombinator.com/companies/synth-3"
"30021","telli","telli","F24","Active","2024-12-01T19:50:30.000Z","https://telli.com","https://www.ycombinator.com/companies/telli"
"30075","Tiny","tiny","F24","Active","2024-11-10T03:27:29.000Z","https://andtiny.com","https://www.ycombinator.com/companies/tiny"
"30066","Unusual","unusual","F24","Active","2024-11-05T00:42:10.000Z","https://unusual.ai","https://www.ycombinator.com/companies/unusual"
"29577","Variant","variant","F24","Active","2024-11-22T21:20:13.000Z","https://variant.com","https://www.ycombinator.com/companies/variant"
"30112","Vaya","vaya","F24","Active","2024-10-29T18:38:40.000Z","https://flyvaya.com","https://www.ycombinator.com/companies/vaya"
"30043","Vespper","vespper","F24","Active","2024-10-22T00:03:19.000Z","https://vespper.com/?utm_source=ycombinator.com","https://www.ycombinator.com/companies/vespper"
"30074","vly.ai","vly-ai-2","F24","Active","2024-11-04T01:38:10.000Z","https://vly.ai","https://www.ycombinator.com/companies/vly-ai-2"
"30042","Vortexify","vortexify","F24","Active","2024-11-21T00:17:37.000Z","https://www.vortexify.ai","https://www.ycombinator.com/companies/vortexify"
"30111","x1","x1","F24","Active","2024-11-18T20:56:27.000Z","https://x1.new/","https://www.ycombinator.com/companies/x1"
"30016","Zeroframe","zeroframe","F24","Inactive","2024-10-30T21:30:19.000Z","https://zeroframe.ai","https://www.ycombinator.com/companies/zeroframe"
"30250","10x","10x","W25","Active","2025-01-06T04:34:04.000Z","https://www.10xdental.com/","https://www.ycombinator.com/companies/10x"
"30223","a0.dev","a0-dev","W25","Active","2025-01-19T23:00:18.000Z","https://a0.dev","https://www.ycombinator.com/companies/a0-dev"
"30221","A1Zap by A1Base","a1zap-by-a1base","W25","Active","2025-02-21T03:50:34.000Z","https://www.a1zap.com/","https://www.ycombinator.com/companies/a1zap-by-a1base"
"30234","Adam","adam","W25","Active","2025-01-16T19:49:52.000Z","https://adam.new/","https://www.ycombinator.com/companies/adam"
"30303","AfterQuery","afterquery","W25","Active","2025-01-30T06:50:47.000Z","https://afterquery.com","https://www.ycombinator.com/companies/afterquery"
"30278","Agentin AI","agentin-ai","W25","Active","2025-02-20T06:29:06.000Z","https://www.agentin.ai","https://www.ycombinator.com/companies/agentin-ai"
"30197","Alice.tech","alice-tech","W25","Active","2025-01-15T16:49:07.000Z","https://www.alice.tech/","https://www.ycombinator.com/companies/alice-tech"
"30222","Altrina","altrina","W25","Inactive","2025-01-06T17:41:10.000Z","https://altrina.com","https://www.ycombinator.com/companies/altrina"
"30238","Amby Health","amby-health","W25","Active","2025-02-02T01:09:15.000Z","https://tryamby.com","https://www.ycombinator.com/companies/amby-health"
"30307","Archon","archon","W25","Active","2025-01-28T20:21:16.000Z","https://archon.inc","https://www.ycombinator.com/companies/archon"
"30354","Artifact","artifact-2","W25","Active","2025-02-04T07:27:02.000Z","https://www.artifact.engineer/","https://www.ycombinator.com/companies/artifact-2"
"30298","Artificial Societies","artificial-societies","W25","Active","2025-02-18T01:45:43.000Z","https://societies.io","https://www.ycombinator.com/companies/artificial-societies"
"30355","assistant-ui","assistant-ui","W25","Active","2025-02-06T20:25:28.000Z","https://assistant-ui.com","https://www.ycombinator.com/companies/assistant-ui"
"30259","Asteroid","asteroid","W25","Active","2024-12-19T20:17:47.000Z","https://asteroid.ai","https://www.ycombinator.com/companies/asteroid"
"30202","Astro","astro","W25","Active","2025-02-17T17:31:45.000Z","https://www.astroenergy.ai/","https://www.ycombinator.com/companies/astro"
"30268","AthenaHQ","athenahq","W25","Active","2025-02-10T08:15:59.000Z","https://www.athenahq.ai","https://www.ycombinator.com/companies/athenahq"
"30199","awen","awen","W25","Active","2025-02-28T02:50:23.000Z","https://www.awen.ai/","https://www.ycombinator.com/companies/awen"
"30353","Axal","axal","W25","Active","2025-01-14T21:55:37.000Z","https://www.axal.ai/","https://www.ycombinator.com/companies/axal"
"30192","Axiom","axiom","W25","Active","2025-01-31T03:54:47.000Z","https://axiom.trade","https://www.ycombinator.com/companies/axiom"
"30240","Bezel","bezel","W25","Active","2025-08-19T15:59:14.000Z","https://www.trybezel.com/","https://www.ycombinator.com/companies/bezel"
"30177","Bild AI","bild-ai","W25","Active","2025-02-06T20:43:50.000Z","https://www.bild.ai","https://www.ycombinator.com/companies/bild-ai"
"30263","Bindwell","bindwell","W25","Active","2025-02-24T10:26:52.000Z","https://www.bindwell.ai/","https://www.ycombinator.com/companies/bindwell"
"30363","BlindPay","blindpay","W25","Active","2025-01-21T03:28:14.000Z","https://blindpay.com/","https://www.ycombinator.com/companies/blindpay"
"30334","Bluebook","bluebook","W25","Active","2025-02-13T12:34:23.000Z","https://getbluebook.com","https://www.ycombinator.com/companies/bluebook"
"30341","Browser Use","browser-use","W25","Active","2024-12-20T16:41:28.000Z","https://browser-use.com","https://www.ycombinator.com/companies/browser-use"
"30193","Bud","bud","W25","Active","2025-01-21T20:18:28.000Z","https://bud.app/","https://www.ycombinator.com/companies/bud"
"30335","Butter","butter","W25","Active","2025-01-24T19:42:18.000Z","https://butter.dev","https://www.ycombinator.com/companies/butter"
"30279","Bystreet","bystreet","W25","Active","2025-02-21T05:29:19.000Z","http://www.bystreet.com","https://www.ycombinator.com/companies/bystreet"
"30287","Calltree","calltree","W25","Active","2025-01-30T20:46:58.000Z","https://calltree.ai","https://www.ycombinator.com/companies/calltree"
"30273","Candor","candor-security","W25","Active","2025-02-20T02:12:06.000Z","https://candor.security/","https://www.ycombinator.com/companies/candor-security"
"30178","Candor","candor","W25","Active","2025-02-08T22:48:07.000Z","https://www.usecandor.ai","https://www.ycombinator.com/companies/candor"
"30239","Cardamon","cardamon","W25","Active","2025-02-19T23:59:25.000Z","https://cardamon.ai/","https://www.ycombinator.com/companies/cardamon"
"30232","careCycle","carecycle","W25","Active","2025-02-22T21:51:00.000Z","https://www.careCycle.ai","https://www.ycombinator.com/companies/carecycle"
"30227","Caseflood.ai","caseflood-ai","W25","Active","2025-01-10T05:41:25.000Z","https://caseflood.ai","https://www.ycombinator.com/companies/caseflood-ai"
"30343","Cedar","cedar","W25","Active","2025-02-11T17:05:49.000Z","https://mail.cedarcopilot.com/","https://www.ycombinator.com/companies/cedar"
"30266","Cenote","cenote","W25","Active","2025-01-21T02:54:08.000Z","https://www.joincenote.com/","https://www.ycombinator.com/companies/cenote"
"30243","Cifrato","cifrato","W25","Active","2025-07-03T03:28:00.000Z","https://cifrato.ai","https://www.ycombinator.com/companies/cifrato"
"30209","Closure","closure","W25","Active","2025-02-18T07:12:20.000Z","https://closure-intel.com/","https://www.ycombinator.com/companies/closure"
"30283","Confident AI","confident-ai","W25","Active","2025-01-13T19:02:46.000Z","https://confident-ai.com","https://www.ycombinator.com/companies/confident-ai"
"30210","Conntour","conntour","W25","Active","2025-01-31T00:44:12.000Z","https://www.conntour.com/","https://www.ycombinator.com/companies/conntour"
"30215","Contrario","contrario","W25","Active","2025-02-20T07:08:21.000Z","https://contrario.ai","https://www.ycombinator.com/companies/contrario"
"30338","CopyCat","copycat","W25","Active","2024-12-19T03:53:49.000Z","https://runcopycat.com","https://www.ycombinator.com/companies/copycat"
"30319","Corsair","corsair","W25","Active","2025-02-10T22:46:32.000Z","https://www.corsair.dev","https://www.ycombinator.com/companies/corsair"
"30252","Cuckoo Labs","cuckoo-labs","W25","Active","2025-01-10T03:27:02.000Z","https://www.cuckoo.so/","https://www.ycombinator.com/companies/cuckoo-labs"
"30328","Dalus","dalus","W25","Active","2025-01-16T02:26:08.000Z","https://dalus.io","https://www.ycombinator.com/companies/dalus"
"30201","Dartboard","dartboard","W25","Active","2025-02-14T00:20:08.000Z","https://dartboard.ai","https://www.ycombinator.com/companies/dartboard"
"29988","Delineate","delineate","W25","Active","2025-02-11T21:42:36.000Z","https://delineate.pro/","https://www.ycombinator.com/companies/delineate"
"30351","Dex","joindex","W25","Active","2025-01-18T16:29:49.000Z","https://joindex.com","https://www.ycombinator.com/companies/joindex"
"30198","Dollyglot","dollyglot","W25","Active","2025-03-06T22:28:39.000Z","https://www.dollyglot.com/","https://www.ycombinator.com/companies/dollyglot"
"30165","Edexia","edexia","W25","Active","2024-12-11T05:57:10.000Z","https://www.edexia.com/","https://www.ycombinator.com/companies/edexia"
"28922","Egress Health","egress-health","W25","Acquired","2023-08-01T15:59:13.000Z","https://tryegress.com","https://www.ycombinator.com/companies/egress-health"
"30226","Elip AI","elip-ai","W25","Active","2025-03-01T17:54:04.000Z","https://www.tryelip.ai/","https://www.ycombinator.com/companies/elip-ai"
"30172","Enhanced Radar","enhanced-radar","W25","Active","2025-02-27T02:17:37.000Z","https://www.enhancedradar.com/","https://www.ycombinator.com/companies/enhanced-radar"
"30339","Ergo","ergo","W25","Active","2025-01-21T18:36:08.000Z","https://joinergo.com","https://www.ycombinator.com/companies/ergo"
"30185","Excellence Learning","excellence-learning","W25","Active","2025-02-17T15:13:13.000Z","https://excellence-ai.com/","https://www.ycombinator.com/companies/excellence-learning"
"29986","Exin Therapeutics","exin-therapeutics","W25","Active","2025-01-14T07:19:15.000Z","https://www.exintherapeutics.com/","https://www.ycombinator.com/companies/exin-therapeutics"
"30284","Exla","exla","W25","Active","2025-02-20T00:46:52.000Z","https://exla.ai/","https://www.ycombinator.com/companies/exla"
"30253","finbar","finbar","W25","Active","2025-01-11T17:59:17.000Z","https://finbar.com","https://www.ycombinator.com/companies/finbar"
"30356","Fira","fira","W25","Active","2025-01-13T20:40:06.000Z","https://firaresearch.com/","https://www.ycombinator.com/companies/fira"
"30182","Flowtel","flowtel","W25","Active","2025-01-29T00:50:51.000Z","https://flowtel.ai","https://www.ycombinator.com/companies/flowtel"
"30305","Forge Automation","forge-automation","W25","Active","2025-01-12T02:06:06.000Z","https://www.forgeautomation.ca","https://www.ycombinator.com/companies/forge-automation"
"30301","Fuse AI","fuse-ai","W25","Active","2025-01-30T06:16:47.000Z","https://fuseai.com/","https://www.ycombinator.com/companies/fuse-ai"
"30270","G LNK","g-lnk","W25","Active","2025-02-07T11:51:37.000Z","https://glnkco.com/","https://www.ycombinator.com/companies/g-lnk"
"30258","Gale","gale","W25","Active","2025-01-19T05:50:35.000Z","https://galevisa.com","https://www.ycombinator.com/companies/gale"
"30276","General Trajectory","general-trajectory","W25","Active","2025-02-03T01:24:50.000Z","https://www.generaltrajectory.com/","https://www.ycombinator.com/companies/general-trajectory"
"30265","Harbera","harbera","W25","Active","2025-02-13T07:36:37.000Z","https://harbera.com/","https://www.ycombinator.com/companies/harbera"
"30288","Harper","harper","W25","Active","2024-12-26T17:49:58.000Z","https://www.harperinsure.com/","https://www.ycombinator.com/companies/harper"
"30249","HealthKey","healthkey","W25","Active","2025-01-19T02:04:21.000Z","https://gethealthkey.com/","https://www.ycombinator.com/companies/healthkey"
"30188","Hey Telo","hey-telo","W25","Active","2025-02-10T07:15:11.000Z","https://www.heytelo.com","https://www.ycombinator.com/companies/hey-telo"
"30254","HUD","hud","W25","Active","2025-03-02T15:49:06.000Z","https://www.hud.ai","https://www.ycombinator.com/companies/hud"
"30295","Infinite","infinite","W25","Active","2025-02-18T09:14:42.000Z","https://infinite.dev","https://www.ycombinator.com/companies/infinite"
"30347","Instinct Space","instinct-space","W25","Active","2025-02-17T01:15:08.000Z","https://www.instinct-space.com/","https://www.ycombinator.com/companies/instinct-space"
"30233","Inversion Semiconductor","inversion-semiconductor","W25","Active","2025-02-20T02:43:22.000Z","https://www.inversionsemi.com","https://www.ycombinator.com/companies/inversion-semiconductor"
"30020","Invo","invo","W25","Active","2025-02-13T17:36:24.000Z","https://www.tryinvo.com/","https://www.ycombinator.com/companies/invo"
"30200","Karoo","karoo","W25","Active","2025-01-14T21:30:24.000Z","https://www.karoo.ca","https://www.ycombinator.com/companies/karoo"
"30285","Karsa","karsa","W25","Active","2025-01-20T07:33:46.000Z","https://gokarsa.com/","https://www.ycombinator.com/companies/karsa"
"30181","Leaping AI","leaping-ai","W25","Active","2025-01-13T15:09:11.000Z","https://www.leapingai.com","https://www.ycombinator.com/companies/leaping-ai"
"30269","Liquid Compute","liquid-compute","W25","Active","2025-02-25T22:37:48.000Z","https://www.liquidcompute.com","https://www.ycombinator.com/companies/liquid-compute"
"30267","Lopus","lopus","W25","Active","2025-02-25T00:29:12.000Z","https://lopus.ai","https://www.ycombinator.com/companies/lopus"
"30261","Lucid","lucid","W25","Active","2025-02-03T00:17:40.000Z","https://lucid.ai","https://www.ycombinator.com/companies/lucid"
"30272","Lucidic AI","lucidic-ai","W25","Active","2025-01-15T01:32:50.000Z","https://lucidic.ai","https://www.ycombinator.com/companies/lucidic-ai"
"30260","Macadamia","macadamia","W25","Active","2025-01-24T15:37:43.000Z","https://macadamialabs.com","https://www.ycombinator.com/companies/macadamia"
"30229","Maive","maive","W25","Active","2025-02-21T02:07:22.000Z","https://maive.ai","https://www.ycombinator.com/companies/maive"
"30224","Maritime Fusion","maritime-fusion","W25","Active","2025-02-14T22:40:30.000Z","https://maritimefusion.com","https://www.ycombinator.com/companies/maritime-fusion"
"30304","Mastra","mastra","W25","Active","2025-01-17T17:59:28.000Z","https://mastra.ai","https://www.ycombinator.com/companies/mastra"
"30251","Mecha Health","mecha-health","W25","Active","2025-01-17T22:34:58.000Z","https://www.mecha-health.ai/","https://www.ycombinator.com/companies/mecha-health"
"30365","Mentra","mentra","W25","Active","2025-01-31T21:17:03.000Z","https://mentra.glass","https://www.ycombinator.com/companies/mentra"
"30346","Mercura","mercura","W25","Active","2025-02-15T01:46:36.000Z","https://www.mercura.ai","https://www.ycombinator.com/companies/mercura"
"30292","Mesh","mesh-2","W25","Active","2025-01-15T07:51:42.000Z","http://www.usemesh.com","https://www.ycombinator.com/companies/mesh-2"
"30302","Misprint","misprint","W25","Active","2025-01-18T21:46:14.000Z","https://www.misprint.com","https://www.ycombinator.com/companies/misprint"
"30299","Miyagi Labs","miyagi-labs","W25","Active","2025-02-18T18:48:16.000Z","https://miyagilabs.ai","https://www.ycombinator.com/companies/miyagi-labs"
"30244","Mosaic","mosaic-2","W25","Active","2025-02-27T14:18:53.000Z","https://mosaic.so","https://www.ycombinator.com/companies/mosaic-2"
"30271","Mundo AI","mundo-ai","W25","Active","2025-02-18T02:58:59.000Z","https://mundoai.world","https://www.ycombinator.com/companies/mundo-ai"
"30286","Nitrode","nitrode","W25","Active","2025-01-29T09:52:46.000Z","https://www.nitrode.com","https://www.ycombinator.com/companies/nitrode"
"30242","Oki","oki","W25","Active","2025-02-11T19:59:37.000Z","https://okihome.ai","https://www.ycombinator.com/companies/oki"
"30255","Olive","olive","W25","Active","2025-02-20T02:31:58.000Z","https://fromolive.com","https://www.ycombinator.com/companies/olive"
"29999","Onlook","onlook","W25","Active","2025-01-22T19:05:36.000Z","https://onlook.com/","https://www.ycombinator.com/companies/onlook"
"30297","OpenIntake","openintake","W25","Active","2025-02-12T00:26:08.000Z","https://www.openintake.ai/","https://www.ycombinator.com/companies/openintake"
"30248","Operand","operand","W25","Active","2025-01-30T03:15:06.000Z","https://www.operand.com/","https://www.ycombinator.com/companies/operand"
"30315","Optifye.ai","optifye-ai","W25","Active","2025-02-14T21:06:24.000Z","https://www.optifye.ai","https://www.ycombinator.com/companies/optifye-ai"
"30293","Orbital Operations","orbital-operations","W25","Active","2025-01-08T16:30:30.000Z","https://www.orbitalops.tech/","https://www.ycombinator.com/companies/orbital-operations"
"30247","Osmosis","osmosis","W25","Active","2025-01-23T18:23:18.000Z","https://osmosis.ai/","https://www.ycombinator.com/companies/osmosis"
"30291","Outlit","outlit","W25","Active","2025-01-12T05:07:27.000Z","https://outlit.ai/","https://www.ycombinator.com/companies/outlit"
"30176","Outship","outship","W25","Active","2025-02-04T09:49:28.000Z","https://outship.ai","https://www.ycombinator.com/companies/outship"
"29727","Overstand Labs","overstand-labs","W25","Active","2024-08-22T23:37:25.000Z","https://overstandlabs.com","https://www.ycombinator.com/companies/overstand-labs"
"30214","Ovlo","ovlo","W25","Active","2025-02-26T16:11:20.000Z","https://ovlo.ai","https://www.ycombinator.com/companies/ovlo"
"30231","Paragon","deployparagon","W25","Active","2025-01-23T20:04:34.000Z","https://www.runparagon.com","https://www.ycombinator.com/companies/deployparagon"
"30337","Paratus Health","paratus-health","W25","Active","2025-02-19T08:45:07.000Z","https://paratushealth.org/","https://www.ycombinator.com/companies/paratus-health"
"30257","Pave Robotics","pave-robotics","W25","Active","2025-02-04T01:01:50.000Z","https://pave-robotics.com","https://www.ycombinator.com/companies/pave-robotics"
"30256","PAX Markets","pax-markets","W25","Active","2025-02-03T20:18:56.000Z","https://pax.markets/","https://www.ycombinator.com/companies/pax-markets"
"30296","Peppr AI","peppr-ai","W25","Active","2025-02-13T22:23:19.000Z","https://www.usepeppr.ai/","https://www.ycombinator.com/companies/peppr-ai"
"30317","Permitify","permitify","W25","Active","2025-01-23T00:56:59.000Z","https://permitify.com","https://www.ycombinator.com/companies/permitify"
"30262","Pickle","pickle-2","W25","Active","2025-01-30T19:24:59.000Z","https://www.pickle.com","https://www.ycombinator.com/companies/pickle-2"
"30314","Pinch","pinch","W25","Active","2025-01-23T01:58:18.000Z","https://startpinch.com","https://www.ycombinator.com/companies/pinch"
"30187","Praxim","praxim","W25","Active","2025-02-28T12:36:36.000Z","https://www.praxim.ai/","https://www.ycombinator.com/companies/praxim"
"30320","Proception Inc","proception-inc","W25","Active","2025-02-12T23:28:35.000Z","https://proception.ai/","https://www.ycombinator.com/companies/proception-inc"
"30207","Promptless","promptless","W25","Active","2024-12-17T14:25:01.000Z","https://promptless.ai/","https://www.ycombinator.com/companies/promptless"
"30160","Quantstruct","quantstruct","W25","Active","2025-01-12T07:50:32.000Z","https://quantstruct.com","https://www.ycombinator.com/companies/quantstruct"
"30235","Rally","rally-3","W25","Active","2025-02-16T00:40:20.000Z","https://www.getrally.com/","https://www.ycombinator.com/companies/rally-3"
"30324","Rebolt","rebolt","W25","Active","2025-02-22T03:54:40.000Z","https://rebolt.ai","https://www.ycombinator.com/companies/rebolt"
"30368","Red Barn Robotics","red-barn-robotics","W25","Active","2025-02-17T21:27:31.000Z","https://www.redbarnrobotics.com","https://www.ycombinator.com/companies/red-barn-robotics"
"30316","Reditus Space","reditus-space","W25","Active","2025-02-12T06:10:12.000Z","https://www.reditus.space/","https://www.ycombinator.com/companies/reditus-space"
"30277","ReJot","rejot","W25","Active","2025-01-24T23:20:30.000Z","https://rejot.dev","https://www.ycombinator.com/companies/rejot"
"30312","Retrofit","retrofit","W25","Active","2025-01-21T22:47:07.000Z","https://www.retrofit.shop/","https://www.ycombinator.com/companies/retrofit"
"30174","Revise Robotics","revise-robotics","W25","Active","2025-01-16T22:56:40.000Z","https://www.reviserobotics.com/","https://www.ycombinator.com/companies/revise-robotics"
"30282","Riviera","riviera","W25","Active","2025-01-19T21:41:40.000Z","https://www.withriviera.com","https://www.ycombinator.com/companies/riviera"
"30325","Roark","roark","W25","Active","2025-01-25T09:38:25.000Z","https://roark.ai","https://www.ycombinator.com/companies/roark"
"30217","Rocketable","rocketable","W25","Active","2025-01-23T17:24:17.000Z","https://www.rocketable.com","https://www.ycombinator.com/companies/rocketable"
"30230","SalesPatriot","salespatriot","W25","Active","2025-03-09T21:59:49.000Z","https://www.salespatriot.com/","https://www.ycombinator.com/companies/salespatriot"
"30348","SAMMY Labs","sammy-labs","W25","Active","2025-02-14T23:11:07.000Z","https://www.sammylabs.com","https://www.ycombinator.com/companies/sammy-labs"
"30205","Scout","scout-4","W25","Active","2025-01-27T06:52:30.000Z","https://scoutforschools.com/","https://www.ycombinator.com/companies/scout-4"
"30294","Sennu AI","sennu-ai","W25","Active","2025-01-24T20:21:29.000Z","https://www.sennu.ai","https://www.ycombinator.com/companies/sennu-ai"
"30275","Solidroad","solidroad","W25","Active","2024-12-16T16:06:20.000Z","https://solidroad.com","https://www.ycombinator.com/companies/solidroad"
"30194","Splash Inc.","splash-inc","W25","Active","2025-02-17T20:03:45.000Z","https://splash9.com/","https://www.ycombinator.com/companies/splash-inc"
"30322","Spott","spott","W25","Active","2025-01-18T07:06:50.000Z","https://spott.io","https://www.ycombinator.com/companies/spott"
"30196","Stamp","stamp","W25","Active","2025-02-11T19:34:25.000Z","https://www.stampmail.ai/","https://www.ycombinator.com/companies/stamp"
"30190","Steinmetz","steinmetz","W25","Active","2025-02-24T07:18:28.000Z","https://steinmetzmotors.com/","https://www.ycombinator.com/companies/steinmetz"
"30264","Stillwind","stillwind","W25","Active","2025-02-24T18:27:14.000Z","https://stillwind.ai","https://www.ycombinator.com/companies/stillwind"
"30189","SubImage","subimage","W25","Active","2025-01-13T20:19:05.000Z","https://subimage.io","https://www.ycombinator.com/companies/subimage"
"30216","Sublingual","sublingual","W25","Inactive","2025-02-26T23:45:27.000Z","https://sublingual.ai/","https://www.ycombinator.com/companies/sublingual"
"30204","Subtrace","subtrace","W25","Active","2024-12-02T21:48:37.000Z","https://subtrace.dev","https://www.ycombinator.com/companies/subtrace"
"30212","superglue","superglue","W25","Active","2025-01-24T23:25:36.000Z","https://superglue.ai/","https://www.ycombinator.com/companies/superglue"
"30246","Swerve","swerve","W25","Active","2025-07-24T21:28:11.000Z","https://www.getswerve.com/","https://www.ycombinator.com/companies/swerve"
"30340","TamLabs","tamlabs","W25","Active","2025-02-21T22:26:12.000Z","https://tamlabs.ai","https://www.ycombinator.com/companies/tamlabs"
"30345","Tee Time Tommy","tee-time-tommy","W25","Active","2025-02-26T04:07:01.000Z","https://teetimetommy.com/","https://www.ycombinator.com/companies/tee-time-tommy"
"30333","TensorPool","tensorpool","W25","Acquired","2025-02-04T00:33:11.000Z","https://tensorpool.dev","https://www.ycombinator.com/companies/tensorpool"
"30236","Tergle","tergle","W25","Active","2025-02-26T23:19:54.000Z","https://tergle.com","https://www.ycombinator.com/companies/tergle"
"30290","Tire Swing","tire-swing","W25","Active","2025-02-25T08:53:00.000Z","https://gettireswing.com","https://www.ycombinator.com/companies/tire-swing"
"30218","Toothy AI","toothy-ai","W25","Active","2025-01-07T18:04:00.000Z","https://www.toothy.ai/","https://www.ycombinator.com/companies/toothy-ai"
"30350","TrainLoop","trainloop","W25","Active","2025-02-04T20:16:30.000Z","http://trainloop.ai","https://www.ycombinator.com/companies/trainloop"
"30274","Trata","trata","W25","Active","2025-01-30T21:57:22.000Z","https://www.trytrata.com/","https://www.ycombinator.com/companies/trata"
"30225","Trava","trava","W25","Active","2025-01-28T20:23:43.000Z","https://www.usetrava.com/","https://www.ycombinator.com/companies/trava"
"30237","Trim","trim","W25","Active","2025-02-25T06:30:52.000Z","https://trimresearch.com","https://www.ycombinator.com/companies/trim"
"30213","Truffle AI","truffle-ai","W25","Active","2025-02-25T18:51:10.000Z","https://www.trytruffle.ai/","https://www.ycombinator.com/companies/truffle-ai"
"30183","Tweeks.io","tweeksio","W25","Active","2025-02-06T02:20:49.000Z","https://tweeks.io","https://www.ycombinator.com/companies/tweeksio"
"29959","Uncommon Therapeutics","uncommon-therapeutics","W25","Active","2025-02-21T19:39:32.000Z","https://uncommontherapeutics.com","https://www.ycombinator.com/companies/uncommon-therapeutics"
"30357","Vantel","vantel","W25","Active","2025-01-28T11:59:52.000Z","https://vantel.com/","https://www.ycombinator.com/companies/vantel"
"30220","Verbiflow","verbiflow","W25","Active","2025-02-21T14:16:27.000Z","https://verbiflow.com","https://www.ycombinator.com/companies/verbiflow"
"30179","Vetnio","vetnio","W25","Active","2025-01-29T21:56:44.000Z","https://vetnio.com/","https://www.ycombinator.com/companies/vetnio"
"30203","Vocality Health","vocality-health","W25","Active","2025-02-27T10:35:26.000Z","https://www.vocalityhealth.com","https://www.ycombinator.com/companies/vocality-health"
"30281","Waypoint Transit","waypoint-transit","W25","Active","2025-02-06T21:34:37.000Z","https://waypointtransit.com","https://www.ycombinator.com/companies/waypoint-transit"
"30228","Weave","weave-3","W25","Active","2025-02-04T15:33:22.000Z","https://weaveos.com","https://www.ycombinator.com/companies/weave-3"
"30318","Wildcard","wildcard","W25","Active","2025-01-31T07:32:31.000Z","https://wild-card.ai","https://www.ycombinator.com/companies/wildcard"
"30321","Woz","woz","W25","Active","2025-01-20T20:55:23.000Z","https://www.wozcode.com/","https://www.ycombinator.com/companies/woz"
"29790","YouShift","youshift","W25","Active","2025-02-06T23:14:36.000Z","https://www.you-shift.com/","https://www.ycombinator.com/companies/youshift"
"30241","ZeroEntropy","zeroentropy","W25","Acquired","2024-12-17T18:06:53.000Z","https://www.zeroentropy.dev","https://www.ycombinator.com/companies/zeroentropy"
"30427","Acolite","acolite","P25","Active","2025-05-13T19:59:53.000Z","https://acolite.ai","https://www.ycombinator.com/companies/acolite"
"30529","Adentris","adentris","P25","Active","2025-04-28T01:32:42.000Z","https://www.adentris.com","https://www.ycombinator.com/companies/adentris"
"30557","Aegis","aegis","P25","Active","2025-04-30T02:38:55.000Z","https://aegishealth.us/","https://www.ycombinator.com/companies/aegis"
"30549","Airweave","airweave","P25","Active","2025-04-14T01:37:01.000Z","https://airweave.ai","https://www.ycombinator.com/companies/airweave"
"30498","Alkali","alkali","P25","Active","2025-05-12T17:09:34.000Z","https://alkali.engineering","https://www.ycombinator.com/companies/alkali"
"30430","Almond","almond-2","P25","Active","2025-04-23T18:27:54.000Z","https://almond.bot/","https://www.ycombinator.com/companies/almond-2"
"30435","Alpha Research","alpha-research","P25","Active","2025-05-18T18:05:33.000Z","https://alpharesearch.nyc/","https://www.ycombinator.com/companies/alpha-research"
"30485","Anana","anana","P25","Active","2025-05-29T04:10:33.000Z","https://getanana.com","https://www.ycombinator.com/companies/anana"
"30403","Aravolta","aravolta","P25","Active","2025-05-06T22:10:09.000Z","https://www.aravolta.com/","https://www.ycombinator.com/companies/aravolta"
"30336","Atlog","atlog","P25","Active","2025-05-26T15:18:53.000Z","https://atlog.ai","https://www.ycombinator.com/companies/atlog"
"30449","Attune","attune","P25","Active","2025-05-12T22:37:44.000Z","https://attunehq.com","https://www.ycombinator.com/companies/attune"
"29662","Atum Works","atum-works","P25","Active","2025-04-22T18:24:28.000Z","https://atum.works/","https://www.ycombinator.com/companies/atum-works"
"30425","Auctor","auctor","P25","Active","2025-04-15T08:50:28.000Z","https://getauctor.com","https://www.ycombinator.com/companies/auctor"
"30415","Avallon AI","avallon-ai","P25","Active","2025-04-10T20:57:43.000Z","https://www.avallon.ai/","https://www.ycombinator.com/companies/avallon-ai"
"30173","Aviro","aviro","P25","Active","2025-05-07T06:57:45.000Z","https://www.aviro.ai/","https://www.ycombinator.com/companies/aviro"
"30438","Beluga","beluga","P25","Active","2025-05-24T23:36:24.000Z","https://www.trybeluga.ai/","https://www.ycombinator.com/companies/beluga"
"30500","Besimple AI","besimple-ai","P25","Active","2025-05-21T21:10:43.000Z","https://besimple.ai","https://www.ycombinator.com/companies/besimple-ai"
"30452","Better Auth","better-auth","P25","Active","2025-04-17T11:15:06.000Z","https://better-auth.com/","https://www.ycombinator.com/companies/better-auth"
"30406","BitBoard","bitboard","P25","Active","2025-05-11T19:38:52.000Z","https://bitboard.work","https://www.ycombinator.com/companies/bitboard"
"30558","BitPatrol","bitpatrol","P25","Acquired","2025-05-16T19:14:19.000Z","https://www.bitpatrol.io/","https://www.ycombinator.com/companies/bitpatrol"
"30366","Blaxel","blaxel","P25","Active","2025-04-21T22:58:58.000Z","https://blaxel.ai","https://www.ycombinator.com/companies/blaxel"
"30412","Bloom","bloom-4","P25","Active","2025-05-26T20:52:31.000Z","https://bloom.diy/","https://www.ycombinator.com/companies/bloom-4"
"30451","Bluejay","bluejay","P25","Active","2025-05-09T23:37:47.000Z","https://getbluejay.ai/","https://www.ycombinator.com/companies/bluejay"
"30553","Blueshoe","blueshoe","P25","Active","2025-05-01T04:56:51.000Z","https://blueshoe.com","https://www.ycombinator.com/companies/blueshoe"
"30554","Bond","bond","P25","Active","2025-05-26T20:18:34.000Z","https://www.bondapp.io/","https://www.ycombinator.com/companies/bond"
"30509","Boost Robotics","boost-robotics","P25","Active","2025-06-03T20:56:14.000Z","https://www.boostrobotics.ai","https://www.ycombinator.com/companies/boost-robotics"
"30516","Bramante","bramante","P25","Active","2025-05-21T16:47:19.000Z","https://www.bramantebio.com","https://www.ycombinator.com/companies/bramante"
"30543","Cactus","oncactus","P25","Active","2025-05-06T22:40:39.000Z","https://oncactus.com","https://www.ycombinator.com/companies/oncactus"
"30428","Capacitive","capacitive","P25","Active","2025-05-04T22:57:49.000Z","https://capacitive.ai/","https://www.ycombinator.com/companies/capacitive"
"30501","Cartpole","cartpole","P25","Active","2025-04-14T03:15:45.000Z","https://cartpole.com","https://www.ycombinator.com/companies/cartpole"
"30556","Cascade Space","cascade-space","P25","Active","2025-05-07T19:58:01.000Z","https://cascadespace.com","https://www.ycombinator.com/companies/cascade-space"
"30477","Casco","casco","P25","Active","2025-05-19T21:43:39.000Z","https://casco.com","https://www.ycombinator.com/companies/casco"
"30447","Caucus","caucus","P25","Inactive","2025-04-29T21:51:47.000Z","https://www.usecaucus.com/","https://www.ycombinator.com/companies/caucus"
"30384","Chestnut","chestnut","P25","Active","2025-05-20T18:42:04.000Z","https://chestnutmortgage.com/","https://www.ycombinator.com/companies/chestnut"
"30459","Chiron","chiron","P25","Active","2025-05-24T06:46:42.000Z","https://projectchiron.org","https://www.ycombinator.com/companies/chiron"
"30526","chrt","chrt","P25","Active","2025-05-13T16:12:25.000Z","https://chrt.com","https://www.ycombinator.com/companies/chrt"
"30429","Claim Health","claim-health","P25","Active","2025-04-29T04:46:54.000Z","https://www.claimhealth.com","https://www.ycombinator.com/companies/claim-health"
"30439","Clarm","clarm","P25","Active","2025-05-23T05:37:13.000Z","https://www.clarm.com","https://www.ycombinator.com/companies/clarm"
"30468","Clidey","clidey","P25","Active","2025-05-21T04:40:59.000Z","https://clidey.com","https://www.ycombinator.com/companies/clidey"
"30541","Code Four","code-four","P25","Active","2025-04-11T01:38:09.000Z","https://codefour.us/","https://www.ycombinator.com/companies/code-four"
"30565","Cohesive","cohesive","P25","Active","2025-05-14T01:22:37.000Z","https://getcohesiveai.com","https://www.ycombinator.com/companies/cohesive"
"30461","Combinely","combinely","P25","Active","2025-05-01T13:00:17.000Z","https://combinely.ai","https://www.ycombinator.com/companies/combinely"
"30535","Cotool","cotool","P25","Active","2025-05-13T04:22:22.000Z","https://cotool.ai","https://www.ycombinator.com/companies/cotool"
"30479","Crimson","crimson","P25","Active","2025-05-01T17:28:32.000Z","https://crimson.law","https://www.ycombinator.com/companies/crimson"
"30420","Cua","cua","P25","Active","2025-04-11T17:23:54.000Z","https://cua.ai","https://www.ycombinator.com/companies/cua"
"30411","cubic","cubic","P25","Active","2025-03-29T11:37:42.000Z","https://cubic.dev/","https://www.ycombinator.com/companies/cubic"
"30538","Den","den","P25","Active","2025-04-20T05:03:10.000Z","https://getden.io","https://www.ycombinator.com/companies/den"
"30562","Docket","docket","P25","Active","2025-05-13T03:38:05.000Z","https://docketqa.com","https://www.ycombinator.com/companies/docket"
"30513","Eloquent AI","eloquent-ai","P25","Active","2025-04-06T16:12:55.000Z","https://www.eloquentai.co/","https://www.ycombinator.com/companies/eloquent-ai"
"30431","Feyn","feyn","P25","Active","2025-03-08T08:05:45.000Z","https://www.usefeyn.com","https://www.ycombinator.com/companies/feyn"
"30480","Flott HQ","flott-hq","P25","Active","2025-05-06T04:51:09.000Z","https://www.flotthq.com","https://www.ycombinator.com/companies/flott-hq"
"30560","Foundation Industries","foundation-industries","P25","Active","2025-05-06T06:20:49.000Z","https://www.foundation-industries.com/","https://www.ycombinator.com/companies/foundation-industries"
"30462","Freesolo","freesolo","P25","Active","2025-03-23T09:33:23.000Z","https://freesolo.co","https://www.ycombinator.com/companies/freesolo"
"30399","Frekil","frekil","P25","Active","2025-04-12T06:41:50.000Z","https://www.frekil.com","https://www.ycombinator.com/companies/frekil"
"30422","Galen AI","galen-ai","P25","Acquired","2025-05-13T07:22:48.000Z","https://www.galenai.com/","https://www.ycombinator.com/companies/galen-ai"
"30559","Godela","godela","P25","Active","2025-05-16T16:39:56.000Z","http://godela.ai","https://www.ycombinator.com/companies/godela"
"30407","Golf","golf","P25","Active","2025-04-21T17:13:27.000Z","https://golf.dev/","https://www.ycombinator.com/companies/golf"
"30417","GroundControl","groundcontrol","P25","Active","2025-04-09T04:34:48.000Z","https://rungroundcontrol.com/","https://www.ycombinator.com/companies/groundcontrol"
"30469","HABIT","habit","P25","Active","2025-05-20T19:08:10.000Z","https://habitrobotics.com","https://www.ycombinator.com/companies/habit"
"30442","Hanji","hanji","P25","Active","2025-04-25T17:57:40.000Z","https://hanji.dev/","https://www.ycombinator.com/companies/hanji"
"30432","HelixDB","helixdb","P25","Active","2025-05-23T05:40:20.000Z","https://helix-db.com","https://www.ycombinator.com/companies/helixdb"
"30519","Hemut","hemut","P25","Active","2025-05-14T22:20:39.000Z","https://www.hemut.com/","https://www.ycombinator.com/companies/hemut"
"30497","Human Behavior","human-behavior","P25","Active","2025-04-16T04:54:31.000Z","https://www.humanbehavior.co/","https://www.ycombinator.com/companies/human-behavior"
"30487","IRBC","irbc","P25","Active","2025-05-05T04:02:39.000Z","https://irbc.com/","https://www.ycombinator.com/companies/irbc"
"30458","Jeevy Fabrication","jeevy-fabrication","P25","Active","2025-05-09T06:37:02.000Z","https://www.jeevyfabrication.com/","https://www.ycombinator.com/companies/jeevy-fabrication"
"30437","Kaelio","kaelio","P25","Active","2025-05-14T05:22:26.000Z","https://kaelio.com/","https://www.ycombinator.com/companies/kaelio"
"30521","Kairos","kairos","P25","Active","2025-05-28T21:15:33.000Z","https://www.withkairos.co/","https://www.ycombinator.com/companies/kairos"
"30471","Kaizen","kaizen","P25","Active","2025-05-19T03:46:04.000Z","https://kaizenautomation.com","https://www.ycombinator.com/companies/kaizen"
"30418","Kanava AI","kanava-ai","P25","Inactive","2025-05-20T18:20:11.000Z","https://kanava.ai/","https://www.ycombinator.com/companies/kanava-ai"
"30402","Kashikoi","kashikoi","P25","Active","2025-05-28T17:42:00.000Z","https://www.getkashikoi.com","https://www.ycombinator.com/companies/kashikoi"
"30450","Kestral","kestral","P25","Active","2025-05-09T21:59:42.000Z","https://kestral.ai","https://www.ycombinator.com/companies/kestral"
"30446","Kirana AI","kirana-ai","P25","Active","2025-05-16T00:23:09.000Z","https://www.kirana-ai.com","https://www.ycombinator.com/companies/kirana-ai"
"30506","Klavis AI","klavis-ai","P25","Active","2025-04-10T19:48:42.000Z","https://www.klavis.ai/","https://www.ycombinator.com/companies/klavis-ai"
"30466","Labric","labric","P25","Active","2025-05-12T21:50:10.000Z","https://labric.co","https://www.ycombinator.com/companies/labric"
"29656","Leeroo","leeroo","P25","Active","2024-11-22T16:33:27.000Z","https://www.leeroo.com/","https://www.ycombinator.com/companies/leeroo"
"30515","Libretto","libretto","P25","Active","2025-11-04T16:05:08.000Z","https://libretto.sh","https://www.ycombinator.com/companies/libretto"
"30482","Lucis","lucis","P25","Active","2025-04-22T23:16:33.000Z","https://www.lucis.life","https://www.ycombinator.com/companies/lucis"
"30540","Lumari","lumari","P25","Active","2025-05-12T21:14:32.000Z","https://www.lumari.ai/","https://www.ycombinator.com/companies/lumari"
"30445","Mbodi AI","mbodi-ai","P25","Active","2025-05-19T16:03:48.000Z","https://www.mbodi.ai/","https://www.ycombinator.com/companies/mbodi-ai"
"30523","Mesmer","mesmer","P25","Active","2025-05-13T14:46:58.000Z","https://mesmer.co","https://www.ycombinator.com/companies/mesmer"
"30527","MindFort","mindfort","P25","Active","2025-05-14T17:56:13.000Z","https://mindfort.ai/?utm_source=ycombinator&utm_medium=referral&utm_campaign=yc","https://www.ycombinator.com/companies/mindfort"
"30419","Minerva","minerva","P25","Active","2025-05-10T21:51:40.000Z","https://joinminerva.ai","https://www.ycombinator.com/companies/minerva"
"30539","mlop","mlop","P25","Active","2025-05-09T21:28:52.000Z","https://mlop.ai","https://www.ycombinator.com/companies/mlop"
"30531","Moby Analytics","moby-analytics","P25","Active","2025-05-13T18:32:43.000Z","https://www.mobyanalytics.com/","https://www.ycombinator.com/companies/moby-analytics"
"30475","Morphik","morphik","P25","Active","2025-04-21T19:57:46.000Z","https://morphik.ai","https://www.ycombinator.com/companies/morphik"
"30512","MorphoAI","morphoai","P25","Active","2025-05-08T15:27:15.000Z","https://morpho.ai/","https://www.ycombinator.com/companies/morphoai"
"30522","Naïve","naive","P25","Active","2025-05-16T19:46:48.000Z","https://usenaive.ai","https://www.ycombinator.com/companies/naive"
"30405","nao Labs","nao-labs","P25","Active","2025-04-18T06:39:21.000Z","https://getnao.io/","https://www.ycombinator.com/companies/nao-labs"
"30423","neoncoral","neoncoral","P25","Active","2025-05-27T18:46:33.000Z","http://neoncoral.inc","https://www.ycombinator.com/companies/neoncoral"
"30532","Nimbic AI","nimbic-ai","P25","Active","2025-05-28T03:28:55.000Z","https://nimbic-ai.com","https://www.ycombinator.com/companies/nimbic-ai"
"30502","NODI Energy","nodi-energy","P25","Active","2025-05-29T19:17:12.000Z","https://www.nodienergy.com","https://www.ycombinator.com/companies/nodi-energy"
"30476","Nomi","nomi","P25","Active","2025-05-21T15:31:17.000Z","https://www.nomi.so","https://www.ycombinator.com/companies/nomi"
"30491","Novoflow","novoflow","P25","Active","2025-05-06T19:41:25.000Z","https://www.novoflow.io/","https://www.ycombinator.com/companies/novoflow"
"30467","Opusense AI","opusense-ai","P25","Active","2025-05-05T14:54:32.000Z","https://www.opusense.com/","https://www.ycombinator.com/companies/opusense-ai"
"30518","Orchid","orchid-ai","P25","Active","2025-05-08T19:44:03.000Z","https://orchid.ai","https://www.ycombinator.com/companies/orchid-ai"
"30455","Paper Instruments","paper-instruments","P25","Active","2025-05-21T00:28:46.000Z","https://www.paperinstruments.com/","https://www.ycombinator.com/companies/paper-instruments"
"30507","ParaQuery","paraquery","P25","Active","2025-04-25T17:51:44.000Z","https://paraquery.com","https://www.ycombinator.com/companies/paraquery"
"30453","Parsewise","parsewise","P25","Active","2025-04-19T20:57:48.000Z","https://parsewise.ai","https://www.ycombinator.com/companies/parsewise"
"30191","Partcl","partcl","P25","Active","2025-03-27T06:41:55.000Z","https://partcl.com/","https://www.ycombinator.com/companies/partcl"
"30533","Pelica","pelica","P25","Active","2025-05-11T06:32:24.000Z","https://www.pelica.com/","https://www.ycombinator.com/companies/pelica"
"30444","Percival","percival","P25","Inactive","2025-04-29T23:28:08.000Z","https://percy.tech","https://www.ycombinator.com/companies/percival"
"30448","PgDog","pgdog","P25","Active","2025-04-18T20:53:02.000Z","https://pgdog.dev","https://www.ycombinator.com/companies/pgdog"
"30465","Photonium","photonium","P25","Active","2025-05-27T23:29:38.000Z","https://www.photoniumoptics.com/","https://www.ycombinator.com/companies/photonium"
"30400","Plexe","plexe","P25","Active","2025-04-19T02:51:58.000Z","https://plexe.ai","https://www.ycombinator.com/companies/plexe"
"30492","Prism","prism","P25","Active","2025-04-21T18:46:36.000Z","https://herm.run","https://www.ycombinator.com/companies/prism"
"30528","Probo","probo","P25","Active","2025-05-23T05:39:44.000Z","https://www.probo.com?utm_source=yc-bookface","https://www.ycombinator.com/companies/probo"
"30536","Propolis","propolis","P25","Acquired","2025-05-14T19:06:03.000Z","https://propolis.tech/","https://www.ycombinator.com/companies/propolis"
"30367","QFEX","qfex","P25","Active","2025-05-12T17:08:54.000Z","https://qfex.com","https://www.ycombinator.com/companies/qfex"
"30496","QualGent","qualgent","P25","Active","2025-05-14T21:15:05.000Z","https://www.qualgent.ai","https://www.ycombinator.com/companies/qualgent"
"30426","Ralo","ralo","P25","Active","2025-04-17T03:52:00.000Z","https://www.ralo.com/","https://www.ycombinator.com/companies/ralo"
"30454","Refresh","refresh","P25","Active","2025-04-28T19:17:36.000Z","https://www.refresh.dev","https://www.ycombinator.com/companies/refresh"
"30530","Rimba","rimba","P25","Active","2025-04-11T04:01:06.000Z","https://rimba.ai","https://www.ycombinator.com/companies/rimba"
"30474","RunRL","runrl","P25","Active","2025-04-02T08:32:19.000Z","https://runrl.com","https://www.ycombinator.com/companies/runrl"
"30514","Scalar Field","scalar-field","P25","Active","2025-05-01T08:08:13.000Z","https://www.scalarfield.io/","https://www.ycombinator.com/companies/scalar-field"
"30552","sieve","sieveai","P25","Active","2025-05-19T03:07:53.000Z","https://usesieve.com/","https://www.ycombinator.com/companies/sieveai"
"30440","Sim","sim","P25","Active","2025-05-05T20:50:34.000Z","https://sim.ai","https://www.ycombinator.com/companies/sim"
"30464","Sixtyfour","sixtyfour","P25","Active","2025-05-16T21:51:07.000Z","https://www.sixtyfour.ai/","https://www.ycombinator.com/companies/sixtyfour"
"30545","StarSling","starsling","P25","Active","2025-05-16T07:52:51.000Z","https://starsling.dev/","https://www.ycombinator.com/companies/starsling"
"30441","stratify","stratify","P25","Active","2025-05-22T18:03:10.000Z","https://www.trystratify.com","https://www.ycombinator.com/companies/stratify"
"30561","Sureform","sureform","P25","Active","2025-04-10T08:48:05.000Z","https://www.sureformhq.com/","https://www.ycombinator.com/companies/sureform"
"30508","Sygaldry Technologies","sygaldry-technologies","P25","Active","2025-05-27T15:51:47.000Z","https://www.sygaldry.com","https://www.ycombinator.com/companies/sygaldry-technologies"
"30421","Synthio Labs","synthio-labs","P25","Active","2025-04-12T04:00:33.000Z","https://synthiolabs.com/","https://www.ycombinator.com/companies/synthio-labs"
"30463","Tegore","tegore","P25","Active","2025-05-20T22:45:22.000Z","https://tegore.ai/","https://www.ycombinator.com/companies/tegore"
"30547","Text.ai","text-ai","P25","Active","2025-04-14T16:57:01.000Z","https://www.text.ai/","https://www.ycombinator.com/companies/text-ai"
"30433","The Robot Learning Company","the-robot-learning-company","P25","Active","2025-05-18T07:44:49.000Z","https://www.robot-learning.co/","https://www.ycombinator.com/companies/the-robot-learning-company"
"30548","Theorem","theorem-2","P25","Active","2025-05-19T19:10:41.000Z","https://theorem.dev","https://www.ycombinator.com/companies/theorem-2"
"30488","Theta","theta","P25","Active","2025-05-08T19:04:59.000Z","https://thetasoftware.com","https://www.ycombinator.com/companies/theta"
"30504","Third Chair","third-chair","P25","Active","2025-05-29T02:40:27.000Z","https://usethirdchair.com","https://www.ycombinator.com/companies/third-chair"
"30484","throxy","throxy","P25","Active","2025-04-24T19:06:12.000Z","https://throxy.com/","https://www.ycombinator.com/companies/throxy"
"30472","Ticket Wallet","ticket-wallet","P25","Active","2025-05-21T02:50:33.000Z","https://www.ticketwallet.com","https://www.ycombinator.com/companies/ticket-wallet"
"30456","Tinfoil","tinfoil","P25","Active","2025-04-16T23:24:55.000Z","https://tinfoil.sh","https://www.ycombinator.com/companies/tinfoil"
"30457","Trapeze","trapeze","P25","Active","2025-05-28T20:09:15.000Z","https://www.trapezehealth.com","https://www.ycombinator.com/companies/trapeze"
"30443","Units","units","P25","Active","2025-04-20T08:21:42.000Z","https://units.school","https://www.ycombinator.com/companies/units"
"30517","ValueMate","valuemate","P25","Active","2025-05-14T17:59:10.000Z","https://valuemate.ai","https://www.ycombinator.com/companies/valuemate"
"30511","Vassar Robotics","vassar-robotics","P25","Active","2025-04-18T19:37:41.000Z","https://www.vassarrobotics.com","https://www.ycombinator.com/companies/vassar-robotics"
"30503","Vesence","vesence","P25","Active","2025-05-13T10:47:02.000Z","https://vesence.com","https://www.ycombinator.com/companies/vesence"
"30542","Vision Lab","vision-lab","P25","Active","2025-03-27T00:48:16.000Z","https://thevisionlab.ai/","https://www.ycombinator.com/companies/vision-lab"
"30460","VoiceOS","voiceos","P25","Active","2025-05-27T04:20:46.000Z","https://voiceos.com","https://www.ycombinator.com/companies/voiceos"
"30404","Vybe","vybe","P25","Active","2025-04-23T06:47:16.000Z","https://www.vybe.build","https://www.ycombinator.com/companies/vybe"
"30329","Waffle","waffle","P25","Active","2025-02-21T18:33:37.000Z","https://www.waffle.ai","https://www.ycombinator.com/companies/waffle"
"30544","Wavedash","wavedash","P25","Active","2025-04-10T19:10:09.000Z","https://wavedash.com","https://www.ycombinator.com/companies/wavedash"
"29666","Willow","willow","P25","Active","2024-08-25T10:09:20.000Z","https://willowvoice.com/","https://www.ycombinator.com/companies/willow"
"30434","Zeon Systems","zeon-systems","P25","Active","2025-04-23T17:20:48.000Z","https://www.zeonsystems.ai/","https://www.ycombinator.com/companies/zeon-systems"
"30606","Acrely","acrely","S25","Active","2025-07-14T18:19:57.000Z","https://www.acrely.ai","https://www.ycombinator.com/companies/acrely"
"30596","Adaptional","adaptional","S25","Active","2025-09-23T01:10:41.000Z","https://www.adaptional.com/","https://www.ycombinator.com/companies/adaptional"
"30611","AgentMail","agentmail","S25","Active","2025-06-27T02:11:56.000Z","https://agentmail.to","https://www.ycombinator.com/companies/agentmail"
"30727","Alara","alara","S25","Active","2025-08-15T01:57:40.000Z","http://alaradental.com","https://www.ycombinator.com/companies/alara"
"30704","Albacore Inc.","albacore-inc","S25","Active","2025-07-29T03:45:56.000Z","https://www.albacore.inc","https://www.ycombinator.com/companies/albacore-inc"
"30651","Alter","alter","S25","Active","2025-07-14T06:53:22.000Z","https://alterauth.com","https://www.ycombinator.com/companies/alter"
"30738","Altur","altur","S25","Active","2025-06-22T20:09:24.000Z","https://altur.io","https://www.ycombinator.com/companies/altur"
"30362","Ambral","ambral","S25","Active","2025-07-30T21:27:13.000Z","https://www.ambral.com/","https://www.ycombinator.com/companies/ambral"
"30616","args","args","S25","Active","2025-07-16T01:54:29.000Z","https://args.io/","https://www.ycombinator.com/companies/args"
"30614","Astor","astor","S25","Active","2025-08-07T23:05:17.000Z","https://astor.app/","https://www.ycombinator.com/companies/astor"
"30720","Autosana","autosana","S25","Active","2025-07-02T00:36:15.000Z","https://autosana.ai","https://www.ycombinator.com/companies/autosana"
"30086","Autumn","autumn","S25","Active","2024-11-01T03:13:55.000Z","https://useautumn.com","https://www.ycombinator.com/companies/autumn"
"30734","Avelis Health","avelis-health","S25","Active","2025-07-28T16:07:44.000Z","https://avelishealth.com","https://www.ycombinator.com/companies/avelis-health"
"30799","Avent","avent","S25","Active","2025-08-13T18:25:12.000Z","https://www.aventindustrial.com","https://www.ycombinator.com/companies/avent"
"30689","b12 Labs","b12-labs","S25","Active","2025-07-20T09:44:07.000Z","https://b12-labs.com/","https://www.ycombinator.com/companies/b12-labs"
"30634","bitrig","bitrig","S25","Active","2025-08-19T17:54:36.000Z","https://bitrig.com","https://www.ycombinator.com/companies/bitrig"
"30792","Bizzy AI","geo-ai","S25","Active","2026-01-13T02:56:54.000Z","https://www.usebizzy.com/","https://www.ycombinator.com/companies/geo-ai"
"30613","Blank Bio","blank-bio","S25","Active","2025-08-05T22:29:15.000Z","http://blank.bio/","https://www.ycombinator.com/companies/blank-bio"
"30813","Blue","blue","S25","Active","2025-07-30T00:49:06.000Z","https://heyblue.com/","https://www.ycombinator.com/companies/blue"
"30675","BootLoop","bootloop","S25","Active","2025-07-10T21:55:30.000Z","https://bootloop.ai/","https://www.ycombinator.com/companies/bootloop"
"30801","burnt","burnt","S25","Active","2025-08-07T19:14:11.000Z","https://getburnt.ai/","https://www.ycombinator.com/companies/burnt"
"30510","Cactus Compute","cactus-compute","S25","Active","2025-07-10T23:25:35.000Z","https://www.cactuscompute.com/","https://www.ycombinator.com/companies/cactus-compute"
"30666","CareSwift","careswift","S25","Active","2025-06-28T23:35:34.000Z","https://www.careswift.com/","https://www.ycombinator.com/companies/careswift"
"30759","Certus AI","certus-ai","S25","Active","2025-07-21T22:07:42.000Z","https://www.certus-ai.com/","https://www.ycombinator.com/companies/certus-ai"
"30695","Channel3","channel3","S25","Active","2025-07-10T21:28:58.000Z","https://trychannel3.com","https://www.ycombinator.com/companies/channel3"
"30711","Char","char","S25","Active","2025-08-16T00:00:45.000Z","https://char.com","https://www.ycombinator.com/companies/char"
"30774","CLODO","clodo","S25","Active","2025-08-06T10:25:03.000Z","https://clodo.ai","https://www.ycombinator.com/companies/clodo"
"30603","Closera","closera","S25","Active","2025-07-07T00:22:20.000Z","https://closera.com","https://www.ycombinator.com/companies/closera"
"30670","cocreate","cocreate","S25","Active","2025-08-15T19:55:19.000Z","https://cocreate.so","https://www.ycombinator.com/companies/cocreate"
"30698","Comena","comena","S25","Active","2025-07-20T08:28:24.000Z","https://comena.ai","https://www.ycombinator.com/companies/comena"
"30626","ContextFort","contextfort","S25","Active","2025-07-31T08:51:38.000Z","https://contextfort.ai/","https://www.ycombinator.com/companies/contextfort"
"30747","Convexia","convexia","S25","Active","2025-07-12T06:19:43.000Z","https://convexia.bio","https://www.ycombinator.com/companies/convexia"
"30681","Conviction","conviction","S25","Active","2025-07-14T22:55:52.000Z","https://convictiontrade.ai","https://www.ycombinator.com/companies/conviction"
"30692","Costream","costream","S25","Active","2025-06-30T00:52:17.000Z","https://www.costream.ai","https://www.ycombinator.com/companies/costream"
"30647","Cyberdesk","cyberdesk","S25","Active","2025-06-11T16:30:33.000Z","https://www.cyberdesk.io","https://www.ycombinator.com/companies/cyberdesk"
"30628","Datafruit","datafruit","S25","Active","2025-08-13T01:25:08.000Z","https://datafruit.ai/","https://www.ycombinator.com/companies/datafruit"
"30605","Dedalus Labs","dedalus-labs","S25","Active","2025-08-28T16:37:49.000Z","https://www.dedaluslabs.ai/","https://www.ycombinator.com/companies/dedalus-labs"
"30662","DeepAware AI (Robotics Center of Silicon Valley)","deepaware-ai-robotics-center-of-silicon-valley","S25","Active","2025-07-20T16:41:44.000Z","https://roboticscenter.ai/","https://www.ycombinator.com/companies/deepaware-ai-robotics-center-of-silicon-valley"
"30656","DeepGrove","deepgrove","S25","Active","2025-07-27T20:07:20.000Z","https://deepgrove.ai","https://www.ycombinator.com/companies/deepgrove"
"30637","Design Arena","design-arena","S25","Active","2025-07-30T06:39:20.000Z","https://www.designarena.ai/","https://www.ycombinator.com/companies/design-arena"
"30684","Doe","doe","S25","Active","2025-07-27T20:44:07.000Z","https://doe.so/","https://www.ycombinator.com/companies/doe"
"30781","Duranium","duranium","S25","Active","2025-09-06T20:41:57.000Z","https://www.duranium.co/","https://www.ycombinator.com/companies/duranium"
"30636","EffiGov","effigov","S25","Active","2025-08-19T05:46:39.000Z","https://effigov.com","https://www.ycombinator.com/companies/effigov"
"30691","Embedder","embedder","S25","Active","2025-07-11T18:21:44.000Z","https://www.embedder.com","https://www.ycombinator.com/companies/embedder"
"30694","Epicenter","epicenter","S25","Active","2025-08-01T17:50:42.000Z","https://epicenter.so","https://www.ycombinator.com/companies/epicenter"
"30832","F2","f2","S25","Active","2025-11-10T15:49:41.000Z","http://f2.ai","https://www.ycombinator.com/companies/f2"
"30741","F4 Industries","f4-industries","S25","Active","2025-07-16T15:55:59.000Z","https://f4.dev/","https://www.ycombinator.com/companies/f4-industries"
"30716","Finto","finto-de","S25","Active","2025-06-29T17:29:39.000Z","https://www.gofinto.com/","https://www.ycombinator.com/companies/finto-de"
"30690","Flai","flai","S25","Active","2025-07-03T18:32:02.000Z","https://www.useflai.com/","https://www.ycombinator.com/companies/flai"
"30775","Fleetline","fleetline","S25","Active","2025-08-04T19:31:05.000Z","https://fleetline.ai","https://www.ycombinator.com/companies/fleetline"
"30729","Floot","floot","S25","Active","2025-07-28T16:48:42.000Z","https://floot.com","https://www.ycombinator.com/companies/floot"
"30771","Flywheel AI","flywheel-ai","S25","Active","2025-06-17T10:28:48.000Z","https://useflywheel.ai/","https://www.ycombinator.com/companies/flywheel-ai"
"30802","Freya","freya","S25","Active","2025-08-08T08:23:28.000Z","https://freyavoice.ai/","https://www.ycombinator.com/companies/freya"
"30655","Frizzle","frizzle","S25","Active","2025-08-06T20:41:08.000Z","https://www.frizzle.com","https://www.ycombinator.com/companies/frizzle"
"30688","Fulcrum","fulcrum","S25","Active","2025-08-30T01:37:20.000Z","https://fulcrumresearch.ai","https://www.ycombinator.com/companies/fulcrum"
"30598","GETASAP","getasap","S25","Active","2025-08-19T01:32:22.000Z","https://www.getasap.us","https://www.ycombinator.com/companies/getasap"
"30696","GhostEye","ghosteye","S25","Active","2025-07-23T00:36:26.000Z","https://ghosteye.ai","https://www.ycombinator.com/companies/ghosteye"
"30618","Golpo","golpo","S25","Active","2025-07-21T23:52:54.000Z","https://video.golpoai.com/","https://www.ycombinator.com/companies/golpo"
"30609","Halluminate","halluminate","S25","Active","2025-06-18T18:10:35.000Z","https://halluminate.ai/","https://www.ycombinator.com/companies/halluminate"
"30758","Hera","hera-video","S25","Active","2025-07-04T01:17:29.000Z","https://hera.video/","https://www.ycombinator.com/companies/hera-video"
"30732","Humoniq","humoniq","S25","Active","2025-07-06T03:34:24.000Z","https://humoniq.ai","https://www.ycombinator.com/companies/humoniq"
"30730","idler","idler","S25","Active","2025-06-12T17:47:29.000Z","https://idler.ai/","https://www.ycombinator.com/companies/idler"
"30650","Imprezia","imprezia","S25","Active","2025-07-24T17:31:35.000Z","https://imprezia.ai","https://www.ycombinator.com/companies/imprezia"
"30686","Interface","theinterface","S25","Active","2025-08-12T03:08:08.000Z","https://www.theinterface.com","https://www.ycombinator.com/companies/theinterface"
"30789","Interfere","interfere","S25","Active","2025-07-09T21:03:06.000Z","https://interfere.com","https://www.ycombinator.com/companies/interfere"
"30717","Iron Grid","iron-grid","S25","Active","2025-08-01T16:14:04.000Z","https://getirongrid.com/","https://www.ycombinator.com/companies/iron-grid"
"30685","IronLedger.ai","ironledger-ai","S25","Active","2025-07-30T13:41:09.000Z","https://ironledger.ai","https://www.ycombinator.com/companies/ironledger-ai"
"30648","Janet AI","tryjanet","S25","Active","2025-07-18T17:58:40.000Z","https://janet.ai","https://www.ycombinator.com/companies/tryjanet"
"30769","Juxta","juxta","S25","Active","2025-07-07T17:16:54.000Z","https://juxta.com","https://www.ycombinator.com/companies/juxta"
"30677","Kalinda","kalinda","S25","Active","2025-08-17T20:29:18.000Z","https://www.kalinda.ai/","https://www.ycombinator.com/companies/kalinda"
"30762","KERNEL","kernel","S25","Active","2025-07-23T00:15:01.000Z","https://www.kernel.sh","https://www.ycombinator.com/companies/kernel"
"30664","Kestroll","kestroll","S25","Active","2025-07-06T21:45:48.000Z","","https://www.ycombinator.com/companies/kestroll"
"30721","Knowlify","knowlify","S25","Active","2025-08-11T18:39:03.000Z","https://www.knowlify.com/","https://www.ycombinator.com/companies/knowlify"
"30615","Lanesurf","lanesurf","S25","Active","2025-07-22T21:01:55.000Z","https://www.lanesurf.com/","https://www.ycombinator.com/companies/lanesurf"
"30630","Lark","lark","S25","Active","2025-08-15T18:03:57.000Z","https://getlark.ai/","https://www.ycombinator.com/companies/lark"
"30649","Lilac","lilac","S25","Active","2025-08-04T22:09:31.000Z","https://getlilac.com","https://www.ycombinator.com/companies/lilac"
"30622","Liva AI","liva-ai","S25","Active","2025-07-24T23:53:46.000Z","https://www.theliva.ai","https://www.ycombinator.com/companies/liva-ai"
"30625","LLM Stats","llm-stats","S25","Active","2025-08-13T02:28:11.000Z","https://llm-stats.com","https://www.ycombinator.com/companies/llm-stats"
"30754","Locata","locata","S25","Active","2025-07-25T23:33:50.000Z","https://www.locatahealth.com/","https://www.ycombinator.com/companies/locata"
"30638","Lotas","lotas","S25","Active","2025-08-05T06:14:10.000Z","https://www.lotas.ai","https://www.ycombinator.com/companies/lotas"
"30804","Luminal","luminal","S25","Active","2025-07-12T04:53:02.000Z","https://luminal.com","https://www.ycombinator.com/companies/luminal"
"30776","Magnetic","magnetic","S25","Active","2025-06-21T03:48:01.000Z","https://www.magnetictax.com","https://www.ycombinator.com/companies/magnetic"
"30660","Magnitude","magnitude","S25","Active","2025-07-07T16:29:04.000Z","https://magnitude.dev","https://www.ycombinator.com/companies/magnitude"
"30608","MangoDesk","mangodesk","S25","Active","2025-07-29T01:29:21.000Z","https://www.mangodesk.com/","https://www.ycombinator.com/companies/mangodesk"
"30710","Manufact","manufact","S25","Active","2025-07-18T17:59:04.000Z","https://manufact.com","https://www.ycombinator.com/companies/manufact"
"30731","Maximal","maximal","S25","Active","2025-08-13T14:48:55.000Z","https://www.trymaximal.com","https://www.ycombinator.com/companies/maximal"
"30602","Meteor","meteor","S25","Active","2025-08-06T08:42:12.000Z","https://browse.dev","https://www.ycombinator.com/companies/meteor"
"30740","Metis","metis","S25","Acquired","2025-09-06T22:09:08.000Z","https://withmetis.ai","https://www.ycombinator.com/companies/metis"
"30701","Mimos","mimos","S25","Active","2025-07-23T21:55:50.000Z","https://www.trymimos.com/","https://www.ycombinator.com/companies/mimos"
"30725","Minimal AI","minimal-ai","S25","Active","2025-08-13T01:36:38.000Z","https://gominimal.ai/","https://www.ycombinator.com/companies/minimal-ai"
"30777","Modelence","modelence","S25","Active","2025-07-17T18:46:44.000Z","https://modelence.com","https://www.ycombinator.com/companies/modelence"
"30640","Monarcha","monarcha","S25","Active","2025-07-22T22:09:55.000Z","https://monarcha.ai","https://www.ycombinator.com/companies/monarcha"
"30352","Monte","monte","S25","Active","2025-07-31T20:37:30.000Z","https://trymonte.ai","https://www.ycombinator.com/companies/monte"
"30713","Motives","motives","S25","Active","2025-07-11T19:55:41.000Z","https://motives.ai/","https://www.ycombinator.com/companies/motives"
"30786","Munify","munify","S25","Active","2025-08-22T13:09:24.000Z","https://munify.ai","https://www.ycombinator.com/companies/munify"
"30733","Nautilus","nautilus","S25","Active","2025-08-20T02:55:54.000Z","https://nautilus.co","https://www.ycombinator.com/companies/nautilus"
"30673","Nexa Labs","nexa-labs","S25","Acquired","2025-08-12T14:30:56.000Z","https://nexa.farm/","https://www.ycombinator.com/companies/nexa-labs"
"30494","Nixo","nixo","S25","Active","2025-07-11T07:36:43.000Z","https://withnixo.com/","https://www.ycombinator.com/companies/nixo"
"30697","Normal","normal","S25","Active","2025-08-11T23:27:51.000Z","https://www.normalfactory.com/","https://www.ycombinator.com/companies/normal"
"30795","NOSO LABS","noso-labs","S25","Active","2025-08-07T04:03:35.000Z","https://noso.so","https://www.ycombinator.com/companies/noso-labs"
"30756","Notte","notte","S25","Active","2025-07-14T18:35:56.000Z","https://www.notte.cc/","https://www.ycombinator.com/companies/notte"
"30709","Novaflow","novaflow","S25","Active","2025-07-24T20:56:52.000Z","https://www.novaflow.ai","https://www.ycombinator.com/companies/novaflow"
"30818","Nox Metals","nox-metals","S25","Active","2025-07-05T21:41:07.000Z","https://noxmetals.co/","https://www.ycombinator.com/companies/nox-metals"
"30700","Nozomio","nozomio","S25","Active","2025-06-30T17:02:51.000Z","https://www.nozomio.com/","https://www.ycombinator.com/companies/nozomio"
"30643","Nuntius","nuntius","S25","Inactive","2025-08-08T22:42:15.000Z","https://www.nuntius.ai","https://www.ycombinator.com/companies/nuntius"
"30768","Okibi","okibi","S25","Active","2025-07-16T23:12:46.000Z","https://okibi.ai","https://www.ycombinator.com/companies/okibi"
"30722","Omnara","omnara","S25","Active","2025-07-28T04:19:52.000Z","https://omnara.com","https://www.ycombinator.com/companies/omnara"
"30652","OnDeck AI","ondeck-ai","S25","Active","2025-08-18T03:49:20.000Z","https://www.ondeckai.com","https://www.ycombinator.com/companies/ondeck-ai"
"30743","Opennote","opennote","S25","Acquired","2025-07-08T23:41:48.000Z","https://opennote.com","https://www.ycombinator.com/companies/opennote"
"30642","Orange Slice","orange-slice","S25","Active","2025-07-04T20:56:56.000Z","https://orangeslice.ai","https://www.ycombinator.com/companies/orange-slice"
"30755","Pally","pally","S25","Active","2025-06-19T15:21:46.000Z","https://pally.com","https://www.ycombinator.com/companies/pally"
"30807","Paloma","paloma","S25","Active","2025-08-07T06:01:22.000Z","https://getpaloma.ai/","https://www.ycombinator.com/companies/paloma"
"30645","Panels","panels","S25","Active","2025-08-19T17:53:03.000Z","https://www.usepanels.com/","https://www.ycombinator.com/companies/panels"
"30665","Pangolin","pangolin","S25","Active","2025-07-18T01:11:13.000Z","https://pangolin.net","https://www.ycombinator.com/companies/pangolin"
"30671","Panoptive","panoptive","S25","Active","2025-07-24T20:35:26.000Z","https://www.panoptive.com","https://www.ycombinator.com/companies/panoptive"
"30736","PARES AI","pares-ai","S25","Active","2025-07-09T18:07:33.000Z","https://www.pares.ai/","https://www.ycombinator.com/companies/pares-ai"
"30708","Perseus Defense","perseus-defense","S25","Active","2025-06-16T04:39:22.000Z","https://perseusdefense.com","https://www.ycombinator.com/companies/perseus-defense"
"30778","Perspectives Health","perspectives-health","S25","Active","2025-07-02T08:54:15.000Z","https://perspectiveshealth.ai/","https://www.ycombinator.com/companies/perspectives-health"
"30707","Phases","phases","S25","Active","2025-07-08T18:18:31.000Z","https://phases.ai","https://www.ycombinator.com/companies/phases"
"30703","Physical Turing","physical-turing","S25","Active","2025-07-12T01:19:32.000Z","https://physicalturing.ai/","https://www.ycombinator.com/companies/physical-turing"
"30582","Pingo","pingo","S25","Active","2025-07-28T22:29:49.000Z","https://pingo.ai","https://www.ycombinator.com/companies/pingo"
"30623","Playgent","playgent","S25","Active","2025-08-06T05:14:58.000Z","https://useplaygent.com","https://www.ycombinator.com/companies/playgent"
"30748","Pleom","pleom","S25","Active","2025-08-19T14:47:54.000Z","https://pleom.com","https://www.ycombinator.com/companies/pleom"
"30566","Preseen","preseen","S25","Active","2025-08-04T02:00:42.000Z","https://preseen.com","https://www.ycombinator.com/companies/preseen"
"30719","ProcIndex","procindex","S25","Active","2025-07-25T00:57:38.000Z","https://procindex.com/","https://www.ycombinator.com/companies/procindex"
"30659","Proliferate","proliferate","S25","Active","2025-06-11T20:20:05.000Z","https://proliferate.com?utm_source=yc&utm_medium=referral&utm_campaign=profile","https://www.ycombinator.com/companies/proliferate"
"30739","Quotain","quotain","S25","Active","2025-07-30T20:32:36.000Z","https://quotain.com","https://www.ycombinator.com/companies/quotain"
"30761","Reacher","reacher","S25","Active","2025-06-17T20:10:46.000Z","https://reacherapp.com/","https://www.ycombinator.com/companies/reacher"
"30805","RealRoots","realroots","S25","Active","2025-06-24T01:52:24.000Z","http://www.realroots.com","https://www.ycombinator.com/companies/realroots"
"30763","Rebulk","rebulk","S25","Active","2025-07-08T23:33:15.000Z","https://www.rebulk.com","https://www.ycombinator.com/companies/rebulk"
"30712","Relling","relling","S25","Active","2025-08-24T21:20:13.000Z","https://relling.co","https://www.ycombinator.com/companies/relling"
"30724","Risely AI","risely-ai","S25","Active","2025-07-28T21:45:40.000Z","https://www.risely.ai/","https://www.ycombinator.com/companies/risely-ai"
"30680","Riverbank","riverbank","S25","Active","2025-08-06T07:25:08.000Z","https://www.riverbank.sh/","https://www.ycombinator.com/companies/riverbank"
"30785","RowFlow","rowflow","S25","Active","2025-08-26T03:07:25.000Z","https://rowflow.ai","https://www.ycombinator.com/companies/rowflow"
"30798","Ruvo","ruvo","S25","Active","2025-08-11T03:17:51.000Z","https://ruvo.com/","https://www.ycombinator.com/companies/ruvo"
"30796","Sapien","outrove","S25","Active","2025-07-22T04:38:04.000Z","https://www.asksapien.ai/","https://www.ycombinator.com/companies/outrove"
"30413","Serafis","serafis","S25","Active","2025-08-15T16:44:27.000Z","https://serafis.ai","https://www.ycombinator.com/companies/serafis"
"30619","Shor","shor","S25","Active","2025-07-30T22:57:25.000Z","https://www.shorpay.com","https://www.ycombinator.com/companies/shor"
"30744","SigmanticAI","sigmanticai","S25","Active","2025-07-16T17:46:56.000Z","https://www.sigmanticai.com","https://www.ycombinator.com/companies/sigmanticai"
"30742","Sira","sira","S25","Active","2025-07-11T20:07:00.000Z","https://sira.team","https://www.ycombinator.com/companies/sira"
"30669","Slashy","slashy","S25","Active","2025-06-24T17:32:22.000Z","https://www.slashy.com/","https://www.ycombinator.com/companies/slashy"
"30726","Socratix AI","socratix-ai","S25","Active","2025-07-17T18:54:48.000Z","https://getsocratix.ai","https://www.ycombinator.com/companies/socratix-ai"
"30706","Solva","solva","S25","Active","2025-08-05T02:14:08.000Z","https://solvatechnology.com","https://www.ycombinator.com/companies/solva"
"30791","Spotlight Realty","spotlight-realty","S25","Active","2025-08-12T18:29:51.000Z","https://www.spotlight.realty","https://www.ycombinator.com/companies/spotlight-realty"
"30772","stagewise","stagewise","S25","Active","2025-07-08T17:55:18.000Z","https://stagewise.io","https://www.ycombinator.com/companies/stagewise"
"30676","Stellon Labs","stellon-labs","S25","Active","2025-08-20T04:40:51.000Z","https://stellonlabs.com/","https://www.ycombinator.com/companies/stellon-labs"
"30661","Stockline","stockline","S25","Active","2025-07-24T11:19:24.000Z","https://stockline.ai","https://www.ycombinator.com/companies/stockline"
"29697","Stormy","stormy","S25","Active","2024-08-09T21:27:19.000Z","https://stormy.ai","https://www.ycombinator.com/companies/stormy"
"30520","Synthetic Society","synthetic-society","S25","Active","2025-07-16T04:11:52.000Z","https://syntheticsociety.ai/","https://www.ycombinator.com/companies/synthetic-society"
"30782","TectoAI","tectoai","S25","Active","2025-07-13T21:15:21.000Z","https://www.tecto.ai/","https://www.ycombinator.com/companies/tectoai"
"30663","Tesora","tesora","S25","Active","2025-08-19T02:52:16.000Z","https://tesora.ai","https://www.ycombinator.com/companies/tesora"
"30607","The Prompting Company","the-prompting-company","S25","Active","2025-08-21T18:58:22.000Z","https://www.promptingcompany.com","https://www.ycombinator.com/companies/the-prompting-company"
"30683","Theora","theora","S25","Active","2025-08-02T20:32:35.000Z","https://www.theorahq.com","https://www.ycombinator.com/companies/theora"
"30629","Topological","topological","S25","Active","2025-08-20T22:32:56.000Z","https://www.topological.com","https://www.ycombinator.com/companies/topological"
"30687","Trace","trace-so","S25","Active","2025-08-11T13:45:32.000Z","https://www.trace.so/","https://www.ycombinator.com/companies/trace-so"
"30610","TraceRoot.AI","traceroot-ai","S25","Active","2025-07-24T00:50:46.000Z","https://traceroot.ai","https://www.ycombinator.com/companies/traceroot-ai"
"30612","truthsystems","truthsystems","S25","Active","2025-07-23T00:18:02.000Z","https://www.truthsystems.ai","https://www.ycombinator.com/companies/truthsystems"
"30702","TwentyTwo","twentytwo","S25","Active","2025-07-23T09:22:15.000Z","https://twentytwo.bio/","https://www.ycombinator.com/companies/twentytwo"
"30806","Uplift AI","uplift-ai","S25","Active","2025-06-22T11:08:53.000Z","https://upliftai.org/","https://www.ycombinator.com/companies/uplift-ai"
"30797","Veritus","veritus","S25","Active","2025-07-28T20:38:29.000Z","https://www.veritus.com","https://www.ycombinator.com/companies/veritus"
"30624","Verne Robotics","verne-robotics","S25","Active","2025-07-25T21:52:18.000Z","https://vernerobotics.com/","https://www.ycombinator.com/companies/verne-robotics"
"30699","VibeFlow","vibeflow","S25","Active","2025-07-21T06:16:59.000Z","https://vibeflow.ai/","https://www.ycombinator.com/companies/vibeflow"
"30794","Vulcan Technologies","vulcan-technologies","S25","Active","2025-06-18T22:48:46.000Z","https://vulcan.ai/","https://www.ycombinator.com/companies/vulcan-technologies"
"30644","Wafer","wafer","S25","Active","2025-07-03T08:10:42.000Z","https://www.wafer.ai","https://www.ycombinator.com/companies/wafer"
"30364","Wayline","wayline","S25","Active","2025-08-07T02:34:10.000Z","https://wayline.com","https://www.ycombinator.com/companies/wayline"
"30668","Wedge","wedge","S25","Active","2025-07-29T20:56:48.000Z","https://www.wedge.health","https://www.ycombinator.com/companies/wedge"
"30958","Absurd","absurd","F25","Active","2025-10-14T12:48:54.000Z","https://absurd.com/","https://www.ycombinator.com/companies/absurd"
"30837","AirCaps","aircaps","F25","Active","2025-10-15T23:41:19.000Z","https://aircaps.com","https://www.ycombinator.com/companies/aircaps"
"30910","Aleph Lab","aleph-lab","F25","Active","2025-10-25T06:29:23.000Z","http://alephlab.ai/","https://www.ycombinator.com/companies/aleph-lab"
"30895","Allus AI","allus-ai","F25","Active","2025-10-22T04:53:40.000Z","https://allus.ai","https://www.ycombinator.com/companies/allus-ai"
"30992","Amera","amera","F25","Active","2025-11-05T20:13:32.000Z","https://amerahealthsolutions.com/","https://www.ycombinator.com/companies/amera"
"31010","Amika","amika","F25","Active","2025-10-06T03:47:22.000Z","https://www.amika.dev/","https://www.ycombinator.com/companies/amika"
"30890","AnswerThis","answerthis","F25","Active","2025-09-27T16:35:37.000Z","https://answerthis.io/","https://www.ycombinator.com/companies/answerthis"
"30999","Antigen","antigen","F25","Active","2025-10-09T03:11:06.000Z","https://antigen.sh/","https://www.ycombinator.com/companies/antigen"
"30937","Anto Biosciences","anto-biosciences","F25","Active","2025-10-31T22:05:52.000Z","https://www.anto.bio/","https://www.ycombinator.com/companies/anto-biosciences"
"30943","Aside","aside","F25","Active","2025-10-14T23:45:53.000Z","https://aside.com","https://www.ycombinator.com/companies/aside"
"30857","Aspect","aspect-inc","F25","Active","2025-10-27T23:27:35.000Z","https://aspect.inc","https://www.ycombinator.com/companies/aspect-inc"
"30882","AtlasGrid","atlasgrid","F25","Active","2025-11-13T18:10:38.000Z","https://atlasgrid.ai","https://www.ycombinator.com/companies/atlasgrid"
"30956","Automax.ai","automax-ai","F25","Active","2025-10-17T19:27:38.000Z","https://automax.ai","https://www.ycombinator.com/companies/automax-ai"
"30591","Autonomous Technologies Group","autonomous-technologies-group","F25","Active","2025-12-03T23:55:09.000Z","https://becomeautonomous.com/","https://www.ycombinator.com/companies/autonomous-technologies-group"
"30996","Axial","axial","F25","Active","2025-09-06T04:18:56.000Z","https://axialcompute.com","https://www.ycombinator.com/companies/axial"
"30989","Bluma","bluma","F25","Active","2025-09-27T00:42:45.000Z","https://www.getbluma.com","https://www.ycombinator.com/companies/bluma"
"30853","Bolna AI","bolna-ai","F25","Active","2025-09-26T15:23:47.000Z","https://bolna.ai","https://www.ycombinator.com/companies/bolna-ai"
"30982","Boom AI","boom-ai","F25","Active","2025-10-19T00:46:08.000Z","https://useboom.ai","https://www.ycombinator.com/companies/boom-ai"
"30917","Bravi","bravi","F25","Active","2025-10-07T21:18:52.000Z","https://www.bravi.app/","https://www.ycombinator.com/companies/bravi"
"30835","Brickanta","brickanta","F25","Active","2025-09-28T20:56:46.000Z","https://www.brickanta.com","https://www.ycombinator.com/companies/brickanta"
"30847","Brickwise","brickwise","F25","Active","2025-11-03T02:32:44.000Z","https://www.brickwiseai.com","https://www.ycombinator.com/companies/brickwise"
"30871","Bron","bron","F25","Active","2025-10-27T15:40:19.000Z","https://askbron.ai/","https://www.ycombinator.com/companies/bron"
"30861","Caddy","caddy","F25","Active","2025-10-22T17:19:27.000Z","https://caddy.app/","https://www.ycombinator.com/companies/caddy"
"30924","Casey","casey","F25","Active","2025-10-08T16:46:59.000Z","https://caseyinsure.com/","https://www.ycombinator.com/companies/casey"
"30957","Clad Labs","clad-labs","F25","Active","2025-10-23T23:46:10.000Z","https://cladlabs.ai","https://www.ycombinator.com/companies/clad-labs"
"30886","Clerked","clerked","F25","Active","2025-09-29T18:52:52.000Z","https://clerked.ai","https://www.ycombinator.com/companies/clerked"
"31002","Clicks Health","clicks-health","F25","Active","2025-09-29T19:26:27.000Z","https://www.goclicks.ai/","https://www.ycombinator.com/companies/clicks-health"
"31022","Coasts","coasts","F25","Active","2025-11-07T21:08:26.000Z","https://coasts.dev","https://www.ycombinator.com/companies/coasts"
"30919","Codyco","codyco","F25","Active","2025-10-16T20:14:27.000Z","https://www.codyco.ai/en","https://www.ycombinator.com/companies/codyco"
"30918","ComplyDo","complydo","F25","Active","2025-10-03T02:57:58.000Z","https://www.complydo.io/","https://www.ycombinator.com/companies/complydo"
"30921","Compyle","compyle","F25","Active","2025-10-10T16:56:30.000Z","https://compyle.ai","https://www.ycombinator.com/companies/compyle"
"30930","Cortex AI","cortex-ai","F25","Active","2025-10-09T21:30:30.000Z","https://cortexrobot.ai/","https://www.ycombinator.com/companies/cortex-ai"
"30878","Cranston AI","cranston-ai","F25","Active","2025-10-06T06:31:30.000Z","https://www.cranston.ai","https://www.ycombinator.com/companies/cranston-ai"
"30949","Crunched","crunched","F25","Active","2025-10-19T19:28:34.000Z","https://usecrunched.com/","https://www.ycombinator.com/companies/crunched"
"30864","dari.dev","daridev","F25","Active","2025-09-29T23:34:45.000Z","https://dari.dev","https://www.ycombinator.com/companies/daridev"
"30858","Deeptrace","deeptrace","F25","Active","2025-09-29T15:37:01.000Z","https://deeptrace.com/","https://www.ycombinator.com/companies/deeptrace"
"30962","Denki","denki","F25","Active","2025-10-08T00:47:46.000Z","https://denki.ai","https://www.ycombinator.com/companies/denki"
"30816","Digipals","digipals","F25","Active","2025-11-03T23:38:26.000Z","https://www.digipals.app/","https://www.ycombinator.com/companies/digipals"
"30993","DiligenceSquared","diligencesquared-inc","F25","Active","2025-11-05T18:16:04.000Z","https://diligencesquared.com/","https://www.ycombinator.com/companies/diligencesquared-inc"
"31004","Dome","dome","F25","Inactive","2025-10-02T07:19:16.000Z","https://domeapi.io","https://www.ycombinator.com/companies/dome"
"30821","Efference","efference","F25","Active","2025-11-04T12:26:54.000Z","https://efference.ai","https://www.ycombinator.com/companies/efference"
"30940","Everest","everest","F25","Active","2025-08-24T22:05:55.000Z","https://everestagi.com/","https://www.ycombinator.com/companies/everest"
"30970","Exonic","exonic","F25","Active","2025-11-09T04:51:33.000Z","https://exonic.ai","https://www.ycombinator.com/companies/exonic"
"30939","Expected Parrot","expected-parrot","F25","Active","2025-10-16T11:27:56.000Z","https://www.expectedparrot.com","https://www.ycombinator.com/companies/expected-parrot"
"31001","Fastshot","fastshot","F25","Active","2025-10-08T22:22:08.000Z","https://www.fastshot.ai/","https://www.ycombinator.com/companies/fastshot"
"30749","Fernstone","fernstone","F25","Active","2025-10-06T18:34:03.000Z","https://www.fernstone.com","https://www.ycombinator.com/companies/fernstone"
"30569","Fifth Door","fifth-door","F25","Active","2025-11-24T19:54:52.000Z","https://fifthdoor.com","https://www.ycombinator.com/companies/fifth-door"
"30884","Flick","flick","F25","Active","2025-10-08T04:17:14.000Z","https://flick.art","https://www.ycombinator.com/companies/flick"
"30991","Forge Robotics","forge-robotics","F25","Active","2025-11-09T03:41:55.000Z","https://forge-robotics.com","https://www.ycombinator.com/companies/forge-robotics"
"30981","Freeport Markets","freeport-markets","F25","Active","2025-09-23T23:46:15.000Z","https://www.freeportmarkets.com/","https://www.ycombinator.com/companies/freeport-markets"
"29161","Goldbridge","goldbridge","F25","Active","2025-11-15T07:56:58.000Z","https://www.goldbridgebanking.com/","https://www.ycombinator.com/companies/goldbridge"
"30911","Helonic","helonic","F25","Active","2025-10-10T21:19:09.000Z","https://helonic.com","https://www.ycombinator.com/companies/helonic"
"30883","hillclimb","hillclimb","F25","Active","2025-10-02T06:09:42.000Z","https://hillclimb.com","https://www.ycombinator.com/companies/hillclimb"
"30879","Hypercubic","hypercubic","F25","Active","2025-09-27T00:12:59.000Z","https://www.hypercubic.ai/","https://www.ycombinator.com/companies/hypercubic"
"30854","Hyperspell","hyperspell","F25","Active","2025-10-15T13:21:53.000Z","https://hyperspell.com","https://www.ycombinator.com/companies/hyperspell"
"30965","Icarus","icarus","F25","Active","2025-10-04T17:38:39.000Z","https://www.icarus.one/","https://www.ycombinator.com/companies/icarus"
"30938","Imagine AI","imagine-ai","F25","Active","2025-09-12T16:41:49.000Z","https://imagineai.me","https://www.ycombinator.com/companies/imagine-ai"
"31018","item","item","F25","Active","2025-11-03T22:42:26.000Z","https://item.app","https://www.ycombinator.com/companies/item"
"30972","Jarmin","jarmin","F25","Active","2025-11-05T00:58:30.000Z","https://jarmin.ai/","https://www.ycombinator.com/companies/jarmin"
"30869","Kaigo Health","kaigo-health","F25","Active","2025-10-31T01:18:14.000Z","https://www.kaigohealth.ai/","https://www.ycombinator.com/companies/kaigo-health"
"30959","Kalpa Labs","kalpa-labs","F25","Active","2025-10-05T23:01:18.000Z","https://kalpalabs.ai/","https://www.ycombinator.com/companies/kalpa-labs"
"30966","Karumi","karumi","F25","Active","2025-10-29T07:35:46.000Z","https://www.karumi.ai/","https://www.ycombinator.com/companies/karumi"
"30903","Kestrel AI","kestrel-ai","F25","Active","2025-10-23T02:41:23.000Z","https://usekestrel.ai/","https://www.ycombinator.com/companies/kestrel-ai"
"30870","Koyal","koyal","F25","Active","2025-09-30T20:19:07.000Z","https://koyal.ai","https://www.ycombinator.com/companies/koyal"
"30888","Lakonia","lakonia","F25","Active","2025-11-03T05:59:13.000Z","https://lakonia.us.com","https://www.ycombinator.com/companies/lakonia"
"30822","Lapis","lapis","F25","Active","2025-10-15T19:19:57.000Z","https://www.trylapis.com/","https://www.ycombinator.com/companies/lapis"
"30983","Layers","layers","F25","Active","2025-10-07T03:23:46.000Z","https://www.layers.bio/","https://www.ycombinator.com/companies/layers"
"30932","Leadbay","leadbay","F25","Active","2025-10-09T22:04:54.000Z","https://leadbay.ai/","https://www.ycombinator.com/companies/leadbay"
"30969","Lemma","uselemma","F25","Active","2025-10-29T02:01:28.000Z","https://www.uselemma.ai/","https://www.ycombinator.com/companies/uselemma"
"30920","Lexi","lexi","F25","Active","2025-09-26T04:35:04.000Z","https://getlexi.io/","https://www.ycombinator.com/companies/lexi"
"30987","Lightberry","lightberry","F25","Active","2025-10-24T22:04:19.000Z","https://lightberry.com","https://www.ycombinator.com/companies/lightberry"
"30859","Locus","locus","F25","Active","2025-10-24T21:45:37.000Z","https://paywithlocus.com","https://www.ycombinator.com/companies/locus"
"30907","Logical","logical","F25","Active","2025-10-28T09:26:57.000Z","https://logical.io","https://www.ycombinator.com/companies/logical"
"30900","LogosGuard","logosguard","F25","Active","2025-11-10T21:36:47.000Z","https://logosguard.com/","https://www.ycombinator.com/companies/logosguard"
"30948","Lua Global Inc","lua-global-inc","F25","Active","2025-09-16T07:57:44.000Z","https://heylua.ai/","https://www.ycombinator.com/companies/lua-global-inc"
"30997","LunaBill","lunabill","F25","Active","2025-10-07T19:36:55.000Z","https://lunabill.com/","https://www.ycombinator.com/companies/lunabill"
"30865","Lunavo","lunavo","F25","Active","2025-11-03T05:48:16.000Z","https://lunavo.ai","https://www.ycombinator.com/companies/lunavo"
"30975","MadeThis","madethis","F25","Active","2025-11-06T02:08:11.000Z","https://madethis.com","https://www.ycombinator.com/companies/madethis"
"31005","MarkIt","markit","F25","Active","2025-10-02T21:55:58.000Z","https://markittrade.com","https://www.ycombinator.com/companies/markit"
"31020","Mayflower","mayflower","F25","Active","2025-11-11T19:42:56.000Z","https://mayflowervisa.com","https://www.ycombinator.com/companies/mayflower"
"30960","Metorial","metorial","F25","Active","2025-10-02T21:22:12.000Z","https://metorial.com","https://www.ycombinator.com/companies/metorial"
"30978","Miniswap","miniswap","F25","Active","2025-10-20T05:04:25.000Z","https://miniswap.gg/","https://www.ycombinator.com/companies/miniswap"
"30874","Minro","minro","F25","Active","2025-11-06T05:00:47.000Z","https://minro.com/","https://www.ycombinator.com/companies/minro"
"30812","Mixy","mixy","F25","Active","2025-09-18T00:33:48.000Z","https://usemixy.com","https://www.ycombinator.com/companies/mixy"
"31008","Moss","moss","F25","Active","2025-10-27T18:37:38.000Z","https://moss.dev","https://www.ycombinator.com/companies/moss"
"30849","MOVEdot","movedot","F25","Active","2025-10-02T18:55:40.000Z","https://www.movedot.ai/","https://www.ycombinator.com/companies/movedot"
"26144","MSPilot","mspilot","F25","Active","2023-03-31T17:41:40.000Z","https://mspilot.io","https://www.ycombinator.com/companies/mspilot"
"30896","Multifactor","multifactor","F25","Active","2025-09-19T21:41:25.000Z","https://multifactor.com","https://www.ycombinator.com/companies/multifactor"
"30950","Narrative","usenarrative","F25","Active","2025-10-01T17:12:54.000Z","http://www.narrative-sports.com","https://www.ycombinator.com/companies/usenarrative"
"30880","Nessie","nessie","F25","Active","2025-11-05T23:01:45.000Z","https://nessielabs.com/","https://www.ycombinator.com/companies/nessie"
"30852","Nexus","gpt","F25","Active","2025-10-03T00:16:19.000Z","https://agent.nexus","https://www.ycombinator.com/companies/gpt"
"30657","Nori","nori","F25","Active","2025-10-20T19:08:25.000Z","https://nori.ai","https://www.ycombinator.com/companies/nori"
"30868","Norra","norra","F25","Active","2025-10-31T00:47:06.000Z","https://www.norra.io","https://www.ycombinator.com/companies/norra"
"30933","Nucleo","nucleo","F25","Active","2025-10-23T00:39:14.000Z","https://nucleoresearch.com/","https://www.ycombinator.com/companies/nucleo"
"30631","Null Labs","null-labs","F25","Active","2025-11-14T02:13:16.000Z","https://n0labs.com","https://www.ycombinator.com/companies/null-labs"
"31011","Openroll","openroll","F25","Active","2025-09-23T21:49:39.000Z","https://www.openroll.com","https://www.ycombinator.com/companies/openroll"
"30604","Parametric","parametric","F25","Active","2025-08-08T23:40:14.000Z","https://parametric.company/","https://www.ycombinator.com/companies/parametric"
"30848","Parrot","parrot","F25","Active","2025-09-22T21:44:25.000Z","https://parrotapp.com/","https://www.ycombinator.com/companies/parrot"
"30846","Parse","parse-bot","F25","Active","2025-10-27T18:45:39.000Z","https://parse.bot","https://www.ycombinator.com/companies/parse-bot"
"30936","Patent Watch","patent-watch","F25","Active","2025-09-21T21:53:24.000Z","https://www.patentwatch.ai/","https://www.ycombinator.com/companies/patent-watch"
"30967","Perseus","perseus","F25","Active","2025-10-24T22:11:30.000Z","https://perseus.computer","https://www.ycombinator.com/companies/perseus"
"30947","Philon","philon","F25","Active","2025-10-21T17:31:25.000Z","https://philon.ai/","https://www.ycombinator.com/companies/philon"
"29763","Piggy Robotics","piggy-robotics","F25","Active","2025-08-28T13:55:16.000Z","https://piggyrobotics.com","https://www.ycombinator.com/companies/piggy-robotics"
"30931","Pixley AI","pixley-ai","F25","Active","2025-10-03T21:14:08.000Z","https://pixleyai.com","https://www.ycombinator.com/companies/pixley-ai"
"30925","Play Health","play-health","F25","Active","2025-10-14T16:01:24.000Z","http://playhealth.com","https://www.ycombinator.com/companies/play-health"
"30592","Prox","prox","F25","Active","2025-10-01T16:56:40.000Z","https://useprox.com","https://www.ycombinator.com/companies/prox"
"30929","Radius","radiusbrowser","F25","Active","2025-11-04T09:21:16.000Z","https://www.radiusbrowser.com","https://www.ycombinator.com/companies/radiusbrowser"
"30912","Redapto","redapto","F25","Active","2025-10-08T17:13:17.000Z","https://www.redapto.com/","https://www.ycombinator.com/companies/redapto"
"30953","Relaw","relaw","F25","Active","2025-10-01T16:54:08.000Z","https://www.relaw.ai","https://www.ycombinator.com/companies/relaw"
"30829","Remedy","remedy","F25","Acquired","2025-09-26T02:43:49.000Z","http://www.useremedy.co","https://www.ycombinator.com/companies/remedy"
"31013","Rivet","rivet-design","F25","Active","2025-10-02T19:30:21.000Z","https://rivet.design/","https://www.ycombinator.com/companies/rivet-design"
"30977","Rovi Health","rovi-health","F25","Active","2025-10-26T21:10:33.000Z","https://www.rovi.health","https://www.ycombinator.com/companies/rovi-health"
"30916","Rovr","rovr","F25","Inactive","2025-10-28T22:30:18.000Z","https://www.withrovr.com/","https://www.ycombinator.com/companies/rovr"
"30935","s2.dev","s2-dev","F25","Active","2025-09-29T19:42:25.000Z","https://s2.dev","https://www.ycombinator.com/companies/s2-dev"
"30964","Sava","savahq","F25","Active","2025-11-03T18:55:27.000Z","https://www.savahq.com","https://www.ycombinator.com/companies/savahq"
"30899","Sciloop","sciloop","F25","Active","2025-10-23T19:44:23.000Z","https://sciloop.dev","https://www.ycombinator.com/companies/sciloop"
"30856","Scoop","scoop","F25","Active","2025-11-09T21:57:26.000Z","https://scooplabs.ai","https://www.ycombinator.com/companies/scoop"
"30942","Scott AI","scott-ai","F25","Active","2025-11-03T19:56:53.000Z","https://tryscott.ai","https://www.ycombinator.com/companies/scott-ai"
"30922","Selfin","selfin","F25","Active","2025-10-06T17:14:40.000Z","https://selfin.app","https://www.ycombinator.com/companies/selfin"
"30887","SellRaze","sellraze","F25","Active","2025-09-30T02:03:23.000Z","https://sellraze.com","https://www.ycombinator.com/companies/sellraze"
"30885","Semble","semble","F25","Active","2025-09-24T22:54:33.000Z","https://www.sembleai.com","https://www.ycombinator.com/companies/semble"
"30828","Semiotic","semiotic","F25","Active","2025-10-15T04:18:56.000Z","http://semiotic.com","https://www.ycombinator.com/companies/semiotic"
"30891","SF Tensor","sf-tensor","F25","Active","2025-10-07T20:39:59.000Z","https://sf-tensor.com","https://www.ycombinator.com/companies/sf-tensor"
"30862","Sorce","sorce","F25","Active","2025-09-28T04:48:34.000Z","https://sorce.jobs","https://www.ycombinator.com/companies/sorce"
"30867","Soren","soren","F25","Active","2025-10-02T07:41:57.000Z","https://usesoren.com","https://www.ycombinator.com/companies/soren"
"30946","Sourcebot","sourcebot","F25","Active","2025-10-04T19:31:53.000Z","https://www.sourcebot.dev/","https://www.ycombinator.com/companies/sourcebot"
"30954","Specific","specific","F25","Active","2025-09-25T05:03:25.000Z","https://specific.dev","https://www.ycombinator.com/companies/specific"
"31009","Specific Labs","specific-labs","F25","Active","2025-09-14T04:46:30.000Z","https://withspecific.com","https://www.ycombinator.com/companies/specific-labs"
"30845","Structured AI","structured-ai","F25","Active","2025-09-30T06:06:46.000Z","https://www.getstructured.ai/","https://www.ycombinator.com/companies/structured-ai"
"30851","Sylvian","sylvian","F25","Inactive","2025-11-03T18:52:18.000Z","https://sylvian.ai","https://www.ycombinator.com/companies/sylvian"
"30873","Tell if AI","tell-if-ai","F25","Active","2025-10-10T01:40:42.000Z","https://tellif.ai","https://www.ycombinator.com/companies/tell-if-ai"
"30889","Terrain","terrain","F25","Active","2025-10-21T20:07:22.000Z","https://getnivara.com/","https://www.ycombinator.com/companies/terrain"
"30863","The Context Company","the-context-company","F25","Active","2025-10-08T20:04:58.000Z","https://www.thecontextcompany.com","https://www.ycombinator.com/companies/the-context-company"
"30986","The Hog","the-hog","F25","Active","2025-10-31T21:22:36.000Z","https://thehog.ai/","https://www.ycombinator.com/companies/the-hog"
"30928","Thesis","thesis","F25","Active","2025-11-07T00:50:16.000Z","https://thesislabs.ai","https://www.ycombinator.com/companies/thesis"
"30934","Tornyol","tornyol","F25","Active","2025-11-01T08:36:34.000Z","https://tornyol.com/","https://www.ycombinator.com/companies/tornyol"
"30877","Trelium","trelium","F25","Active","2025-10-01T00:15:52.000Z","https://www.trelium.com","https://www.ycombinator.com/companies/trelium"
"30894","Unsiloed AI","unsiloed-ai","F25","Active","2025-09-29T04:18:23.000Z","https://www.unsiloed.ai/","https://www.ycombinator.com/companies/unsiloed-ai"
"30844","Uplane","uplane","F25","Active","2025-09-30T16:44:06.000Z","https://uplane.com","https://www.ycombinator.com/companies/uplane"
"30995","Velvet","velvet","F25","Active","2025-10-23T16:17:17.000Z","https://velvetlab.ai","https://www.ycombinator.com/companies/velvet"
"30875","Veria Labs","veria-labs","F25","Active","2025-09-23T16:17:29.000Z","https://verialabs.com","https://www.ycombinator.com/companies/veria-labs"
"30881","Wardstone","wardstone","F25","Active","2025-09-23T15:46:28.000Z","https://www.wardstone.us","https://www.ycombinator.com/companies/wardstone"
"30945","Zalos","zalos","F25","Active","2025-09-28T23:58:27.000Z","https://www.zalos.ai/","https://www.ycombinator.com/companies/zalos"
"31007","Zarna","zarna","F25","Active","2025-11-06T01:14:49.000Z","https://www.zarnaai.com/","https://www.ycombinator.com/companies/zarna"
"30850","Zavo","zavo","F25","Active","2025-09-21T19:29:05.000Z","https://zavopay.com","https://www.ycombinator.com/companies/zavo"
"31021","Zephyr Fusion","zephyr-fusion","F25","Active","2025-11-07T16:16:19.000Z","https://www.zephyrfusion.com","https://www.ycombinator.com/companies/zephyr-fusion"
"31118","/dev/fast","devfast","W26","Active","2026-02-24T08:10:41.000Z","https://dev.fast","https://www.ycombinator.com/companies/devfast"
"31098","10x Science","10x-science","W26","Active","2026-01-13T13:57:48.000Z","https://10xscience.com","https://www.ycombinator.com/companies/10x-science"
"31123","21st","21st","W26","Active","2025-12-11T03:08:47.000Z","https://21st.dev","https://www.ycombinator.com/companies/21st"
"31138","Aemon","aemon","W26","Active","2026-02-25T21:08:18.000Z","https://aemon.ai/","https://www.ycombinator.com/companies/aemon"
"30906","Agentic Fabriq","agentic-fabriq","W26","Active","2025-11-04T22:07:09.000Z","https://www.agenticfabriq.com","https://www.ycombinator.com/companies/agentic-fabriq"
"30860","Alt-X","alt-x","W26","Active","2025-10-22T23:09:51.000Z","https://alt-x.co","https://www.ycombinator.com/companies/alt-x"
"31231","Anchorhead","anchorhead","W26","Active","2026-03-06T21:06:02.000Z","https://buildwithglue.com","https://www.ycombinator.com/companies/anchorhead"
"31192","Approxima","approxima","W26","Active","2026-01-05T06:14:37.000Z","https://approxima.ai","https://www.ycombinator.com/companies/approxima"
"31054","ARC Prize Foundation","arc-prize-foundation","W26","Active","2026-01-22T17:46:02.000Z","https://arcprize.org/","https://www.ycombinator.com/companies/arc-prize-foundation"
"31139","Ashr","ashr","W26","Active","2026-02-19T21:09:31.000Z","https://ashr.io","https://www.ycombinator.com/companies/ashr"
"31095","Asimov","asimov","W26","Active","2026-02-13T09:27:24.000Z","https://tryasimov.ai/","https://www.ycombinator.com/companies/asimov"
"31292","Aurorin CAD","aurorin-cad","W26","Active","2026-01-22T19:20:12.000Z","https://aurorincad.com","https://www.ycombinator.com/companies/aurorin-cad"
"31130","AutoSitu","autositu","W26","Active","2025-12-10T16:32:39.000Z","https://autositu.com/","https://www.ycombinator.com/companies/autositu"
"30715","Autumn AI","autumn-ai","W26","Active","2026-02-05T17:49:52.000Z","https://autumnai.com","https://www.ycombinator.com/companies/autumn-ai"
"31121","Avoice","avoice","W26","Active","2025-11-24T14:38:30.000Z","https://avoice.co/","https://www.ycombinator.com/companies/avoice"
"31209","AxionOrbital Space","axionorbital-space","W26","Active","2025-12-18T05:22:31.000Z","https://axionorbital.space/","https://www.ycombinator.com/companies/axionorbital-space"
"31092","Axis","axis-2","W26","Active","2026-01-22T22:29:53.000Z","https://axisanalysis.com","https://www.ycombinator.com/companies/axis-2"
"31236","Balance","getbalance","W26","Active","2026-01-21T06:21:12.000Z","https://getbalance.ai","https://www.ycombinator.com/companies/getbalance"
"31107","BaseFrame","baseframe","W26","Active","2026-01-15T23:10:55.000Z","https://baseframe.co","https://www.ycombinator.com/companies/baseframe"
"31109","Beacon Health","beacon-health","W26","Active","2026-02-06T22:47:54.000Z","https://www.beaconhealth.ai/","https://www.ycombinator.com/companies/beacon-health"
"31248","BeeSafe AI","beesafe-ai","W26","Active","2026-02-05T21:31:55.000Z","https://beesafe.ai/","https://www.ycombinator.com/companies/beesafe-ai"
"31142","Beyond Reach Labs","beyond-reach-labs","W26","Active","2026-02-03T00:52:47.000Z","https://www.beyondreachlabs.com","https://www.ycombinator.com/companies/beyond-reach-labs"
"30620","Bidflow","bidflow","W26","Active","2025-08-04T05:38:56.000Z","https://usebidflow.com","https://www.ycombinator.com/companies/bidflow"
"31242","Booko","booko","W26","Active","2026-01-23T20:16:33.000Z","https://bookoapp.com","https://www.ycombinator.com/companies/booko"
"31285","Brumby (Formerly GrazeMate)","brumby","W26","Active","2026-01-14T23:30:44.000Z","https://brumby","https://www.ycombinator.com/companies/brumby"
"31215","Bubble Lab","bubble-lab","W26","Active","2025-12-04T20:50:55.000Z","https://bubblelab.ai/","https://www.ycombinator.com/companies/bubble-lab"
"31112","Burt","burt","W26","Active","2025-12-29T01:25:40.000Z","https://www.burthq.com/","https://www.ycombinator.com/companies/burt"
"30770","Button Computer","button-computer","W26","Active","2025-08-18T19:51:21.000Z","https://buttoncomputer.com","https://www.ycombinator.com/companies/button-computer"
"31213","Byteport","byteport","W26","Active","2026-01-15T17:34:59.000Z","https://byteport.com/","https://www.ycombinator.com/companies/byteport"
"31170","Cajal","cajal-technologies","W26","Active","2026-02-24T00:25:44.000Z","https://caj.al/","https://www.ycombinator.com/companies/cajal-technologies"
"31256","Canary","canary","W26","Active","2026-02-13T03:52:34.000Z","https://www.runcanary.ai","https://www.ycombinator.com/companies/canary"
"30913","Captain","captain","W26","Active","2025-11-07T05:19:46.000Z","https://captain.dev","https://www.ycombinator.com/companies/captain"
"31178","Cardboard","cardboard","W26","Active","2026-01-11T20:16:05.000Z","https://cardboard.ai","https://www.ycombinator.com/companies/cardboard"
"31311","Cardinal","trycardinal-ai","W26","Active","2026-02-11T01:42:44.000Z","https://trycardinal.com","https://www.ycombinator.com/companies/trycardinal-ai"
"31207","Caretta","caretta","W26","Active","2025-12-11T09:57:19.000Z","https://www.caretta.so","https://www.ycombinator.com/companies/caretta"
"31295","Carrot Labs","carrot-labs","W26","Active","2026-03-03T06:03:51.000Z","https://superpenguin.ai/","https://www.ycombinator.com/companies/carrot-labs"
"31110","Cascade","cascade","W26","Active","2026-02-10T12:26:33.000Z","https://runcascade.com/","https://www.ycombinator.com/companies/cascade"
"31040","CatchBack Cards","catchback-cards","W26","Active","2026-01-26T05:18:08.000Z","https://catchbackcards.com","https://www.ycombinator.com/companies/catchback-cards"
"31113","CellType","celltype","W26","Active","2026-02-17T02:30:25.000Z","https://www.celltype.com","https://www.ycombinator.com/companies/celltype"
"31185","Chamber","chamber","W26","Active","2026-01-10T20:53:43.000Z","https://www.usechamber.io","https://www.ycombinator.com/companies/chamber"
"31233","Chasi","chasi","W26","Active","2025-12-10T05:05:51.000Z","https://chasi.ai/","https://www.ycombinator.com/companies/chasi"
"31025","ClaimGlide","claimglide","W26","Active","2026-03-03T07:10:20.000Z","https://claimglide.com/","https://www.ycombinator.com/companies/claimglide"
"31140","CodeWisp","codewisp","W26","Active","2026-01-21T22:39:09.000Z","https://codewisp.ai/","https://www.ycombinator.com/companies/codewisp"
"31104","Cofia","cofia","W26","Active","2026-02-27T21:03:09.000Z","https://cofia.ai","https://www.ycombinator.com/companies/cofia"
"31164","Compresr","compresr","W26","Active","2026-01-19T08:54:45.000Z","https://compresr.ai","https://www.ycombinator.com/companies/compresr"
"31303","Condor Energy","condor-energy","W26","Active","2026-02-03T15:38:51.000Z","https://www.condor.energy","https://www.ycombinator.com/companies/condor-energy"
"31162","Confluence Labs","confluence-labs","W26","Active","2026-02-22T01:48:23.000Z","https://confluence.sh","https://www.ycombinator.com/companies/confluence-labs"
"31196","Congruent","congruent","W26","Active","2026-02-19T21:55:11.000Z","https://congruent.io","https://www.ycombinator.com/companies/congruent"
"31212","Constellation Space","constellation-space","W26","Active","2025-12-20T23:32:33.000Z","https://constellation.space/","https://www.ycombinator.com/companies/constellation-space"
"31260","Copperlane","copperlane","W26","Active","2026-01-12T21:31:37.000Z","https://www.copperlane.ai","https://www.ycombinator.com/companies/copperlane"
"31241","Corelayer","corelayer","W26","Active","2026-01-06T15:29:06.000Z","https://www.corelayer.com","https://www.ycombinator.com/companies/corelayer"
"31051","Corvera","corvera","W26","Active","2025-11-14T17:26:47.000Z","https://corvera.ai/","https://www.ycombinator.com/companies/corvera"
"31016","Crosslayer Labs","crosslayer-labs","W26","Active","2026-02-09T21:41:45.000Z","https://www.crosslayerlabs.com/","https://www.ycombinator.com/companies/crosslayer-labs"
"31128","Cumulus Labs","cumulus-labs","W26","Active","2026-01-14T21:54:47.000Z","https://cumuluslabs.io","https://www.ycombinator.com/companies/cumulus-labs"
"31287","DAIVIN!","daivin","W26","Active","2026-01-20T08:34:53.000Z","https://www.daivin.tech/","https://www.ycombinator.com/companies/daivin"
"31080","Didit","didit","W26","Active","2025-12-01T14:58:22.000Z","https://didit.me/","https://www.ycombinator.com/companies/didit"
"31225","Ditto Biosciences","ditto-biosciences","W26","Active","2026-02-04T19:49:05.000Z","https://www.dittobio.com/","https://www.ycombinator.com/companies/ditto-biosciences"
"31090","Docura Health","docura-health","W26","Active","2026-02-23T03:03:14.000Z","https://docurahealth.com","https://www.ycombinator.com/companies/docura-health"
"31229","Doomersion","doomersion","W26","Active","2026-02-24T23:15:25.000Z","https://doomersion.com/","https://www.ycombinator.com/companies/doomersion"
"31149","EigenPal","eigenpal","W26","Active","2026-01-18T01:01:05.000Z","https://www.eigenpal.com/","https://www.ycombinator.com/companies/eigenpal"
"31199","Emdash","emdash","W26","Active","2026-02-09T18:29:08.000Z","https://emdash.com","https://www.ycombinator.com/companies/emdash"
"31186","End Close","end-close","W26","Active","2026-02-19T00:10:57.000Z","https://endclose.com","https://www.ycombinator.com/companies/end-close"
"31111","Envariant","envariant","W26","Active","2026-02-28T15:06:04.000Z","https://envariant.ai/","https://www.ycombinator.com/companies/envariant"
"31058","Eos AI","eos-ai","W26","Active","2026-02-28T21:09:56.000Z","https://www.helloeos.ai/","https://www.ycombinator.com/companies/eos-ai"
"31247","Fed10","fed10","W26","Active","2026-01-11T07:58:08.000Z","https://www.fed10.ai","https://www.ycombinator.com/companies/fed10"
"31187","Fenrock AI","fenrock-ai","W26","Active","2026-01-26T05:51:44.000Z","https://fenrock.ai/","https://www.ycombinator.com/companies/fenrock-ai"
"31152","Fern","fern-bot","W26","Active","2026-01-13T09:49:46.000Z","https://fern.bot","https://www.ycombinator.com/companies/fern-bot"
"31289","Fixture","fixture","W26","Active","2026-03-20T17:22:05.000Z","https://fixture.app","https://www.ycombinator.com/companies/fixture"
"31243","Foreman","foreman","W26","Active","2026-01-13T22:36:31.000Z","https://foreman.co","https://www.ycombinator.com/companies/foreman"
"31239","Fort","fort","W26","Active","2026-02-02T00:30:31.000Z","https://fort.cx","https://www.ycombinator.com/companies/fort"
"31204","Forum","forum","W26","Active","2026-01-19T07:59:13.000Z","https://www.forum.market/","https://www.ycombinator.com/companies/forum"
"31048","FullSeam","fullseam","W26","Active","2026-01-29T19:02:02.000Z","https://fullseam.com","https://www.ycombinator.com/companies/fullseam"
"30635","Galactic Resource Utilization Space, Inc. (GRU Space)","galactic-resource-utilization-space-inc-gru-space","W26","Active","2026-01-06T22:58:49.000Z","https://gru.space","https://www.ycombinator.com/companies/galactic-resource-utilization-space-inc-gru-space"
"30973","General Astronautics","generalastro","W26","Active","2026-02-26T05:39:23.000Z","https://generalastro.com/","https://www.ycombinator.com/companies/generalastro"
"31240","General Legal","general-legal","W26","Active","2026-01-30T04:06:57.000Z","https://general.legal","https://www.ycombinator.com/companies/general-legal"
"31255","Grade","grade","W26","Active","2026-01-20T22:25:33.000Z","https://usegrade.com","https://www.ycombinator.com/companies/grade"
"31030","Haladir","haladir","W26","Active","2025-12-22T03:33:14.000Z","https://www.haladir.com/","https://www.ycombinator.com/companies/haladir"
"31062","Hlabs","hlabs","W26","Active","2025-11-17T23:34:03.000Z","https://www.hlaboratories.com","https://www.ycombinator.com/companies/hlabs"
"31205","Human Archive","human-archive","W26","Active","2026-01-04T09:19:26.000Z","https://www.humanarchive.ai/","https://www.ycombinator.com/companies/human-archive"
"31165","IncidentFox","brownie","W26","Active","2026-02-17T18:33:44.000Z","https://incidentfox.ai","https://www.ycombinator.com/companies/brownie"
"31168","Instinct","instinct-xyz","W26","Active","2026-05-28T07:23:22.000Z","https://instinct.xyz","https://www.ycombinator.com/companies/instinct-xyz"
"31197","InventoryQuant","inventoryquant","W26","Active","2026-03-25T22:23:03.000Z","https://www.inventoryquant.com","https://www.ycombinator.com/companies/inventoryquant"
"31023","Inviscid AI","inviscid-ai","W26","Active","2026-01-24T08:42:29.000Z","https://inviscidai.com/","https://www.ycombinator.com/companies/inviscid-ai"
"31179","Jinba","jinba","W26","Active","2026-01-17T18:09:04.000Z","https://jinba.io","https://www.ycombinator.com/companies/jinba"
"31274","Khotan (formerly Pollinate)","khotan","W26","Active","2026-01-24T00:56:19.000Z","https://www.khotan.com/","https://www.ycombinator.com/companies/khotan"
"31083","Kita","kita","W26","Active","2026-01-06T22:32:13.000Z","https://www.kita.ai/","https://www.ycombinator.com/companies/kita"
"31084","Klaus AI","klaus-ai","W26","Active","2026-02-02T16:58:55.000Z","https://klausai.com","https://www.ycombinator.com/companies/klaus-ai"
"31120","Kyten Technologies","kyten-technologies","W26","Inactive","2026-01-27T17:30:29.000Z","https://kytentech.com","https://www.ycombinator.com/companies/kyten-technologies"
"31089","Lance","lance","W26","Active","2026-01-20T07:51:38.000Z","https://www.lance.live","https://www.ycombinator.com/companies/lance"
"31173","Laurence","laurence","W26","Active","2026-01-09T00:46:14.000Z","https://laurence.com","https://www.ycombinator.com/companies/laurence"
"31101","LegalOS","legalos","W26","Active","2025-12-12T00:44:26.000Z","https://www.legalos.ai","https://www.ycombinator.com/companies/legalos"
"31094","Lexius","lexius","W26","Active","2025-12-27T11:10:04.000Z","https://www.lexius.ai","https://www.ycombinator.com/companies/lexius"
"31087","Lucent","lucent","W26","Active","2026-02-05T14:50:04.000Z","https://lucenthq.com","https://www.ycombinator.com/companies/lucent"
"31137","Luel","luel","W26","Active","2025-11-24T06:27:57.000Z","https://luel.ai","https://www.ycombinator.com/companies/luel"
"31160","Mango Medical","mango-medical-inc","W26","Active","2026-02-27T07:25:33.000Z","https://mangomedical.io","https://www.ycombinator.com/companies/mango-medical-inc"
"31036","Mantis","mantis","W26","Active","2025-12-19T17:42:46.000Z","https://mantisbiotech.com/","https://www.ycombinator.com/companies/mantis"
"31306","Martini","martini","W26","Active","2026-01-15T01:36:12.000Z","https://martini.film","https://www.ycombinator.com/companies/martini"
"31253","Maven","maven","W26","Active","2026-02-07T00:01:30.000Z","https://trymaven.com","https://www.ycombinator.com/companies/maven"
"31188","Maywood","maywood","W26","Active","2026-02-04T23:31:05.000Z","https://maywoodai.com/","https://www.ycombinator.com/companies/maywood"
"31210","Mendral","mendral","W26","Inactive","2026-01-22T23:09:02.000Z","https://mendral.com/","https://www.ycombinator.com/companies/mendral"
"28879","Menza","menza","W26","Active","2023-08-02T23:38:42.000Z","https://menza.ai/","https://www.ycombinator.com/companies/menza"
"31144","Milliray","milliray","W26","Active","2026-01-19T23:04:54.000Z","https://milliray.com/","https://www.ycombinator.com/companies/milliray"
"31091","Mirabelle","mirabelle","W26","Active","2025-12-11T22:36:02.000Z","https://meetmirabelle.com","https://www.ycombinator.com/companies/mirabelle"
"31269","MochaCare","mochacare","W26","Active","2026-02-21T06:15:00.000Z","https://www.mochacare.com/","https://www.ycombinator.com/companies/mochacare"
"31252","Moda","moda","W26","Active","2026-01-22T22:34:57.000Z","https://moda.dev","https://www.ycombinator.com/companies/moda"
"31146","Moritz","moritz","W26","Active","2026-01-09T16:43:08.000Z","http://moritzlegal.com/","https://www.ycombinator.com/companies/moritz"
"31132","MouseCat","mousecat","W26","Active","2026-01-22T18:59:43.000Z","https://www.mousecat.ai","https://www.ycombinator.com/companies/mousecat"
"31019","Ndea","ndea-com","W26","Active","2026-03-05T00:18:37.000Z","https://ndea.com","https://www.ycombinator.com/companies/ndea-com"
"31230","o11","o11","W26","Active","2025-12-09T05:34:28.000Z","https://o11.ai","https://www.ycombinator.com/companies/o11"
"31141","OctaPulse","octapulse","W26","Active","2025-12-22T15:32:10.000Z","https://www.tryoctapulse.com/","https://www.ycombinator.com/companies/octapulse"
"31081","One Robot","one-robot","W26","Active","2026-02-24T01:45:45.000Z","https://www.onerobot.io/","https://www.ycombinator.com/companies/one-robot"
"31163","Opalite Health","opalite-health","W26","Active","2026-01-13T17:27:04.000Z","http://opalitehealth.com/","https://www.ycombinator.com/companies/opalite-health"
"31116","OpenSpec","openspec","W26","Active","2026-03-05T20:24:27.000Z","http://openspec.dev","https://www.ycombinator.com/companies/openspec"
"31284","Origami Robotics","origami-robotics","W26","Active","2026-02-09T04:28:37.000Z","https://www.origami-robotics.com","https://www.ycombinator.com/companies/origami-robotics"
"31064","Origin","origin-bio","W26","Active","2026-02-04T01:04:04.000Z","https://origin.bio/","https://www.ycombinator.com/companies/origin-bio"
"31154","Orthogonal","orthogonal","W26","Active","2026-01-26T22:21:41.000Z","https://orthogonal.com","https://www.ycombinator.com/companies/orthogonal"
"31283","Ossus","ossus","W26","Active","2026-01-25T01:06:43.000Z","https://www.ossus.com","https://www.ycombinator.com/companies/ossus"
"30641","Overdrive Health","overdrive-health","W26","Active","2025-10-31T14:55:27.000Z","https://overdrive.health","https://www.ycombinator.com/companies/overdrive-health"
"31171","Overshoot","overshoot","W26","Active","2026-02-10T06:30:31.000Z","https://overshoot.ai","https://www.ycombinator.com/companies/overshoot"
"31208","Oximy","oximy","W26","Active","2026-01-27T16:18:43.000Z","https://oximy.com","https://www.ycombinator.com/companies/oximy"
"30927","Oxus","oxus","W26","Active","2025-12-14T05:02:35.000Z","https://oxus-ai.com/","https://www.ycombinator.com/companies/oxus"
"31126","Palus Finance","palus-finance","W26","Active","2026-03-09T19:25:49.000Z","https://palus.finance","https://www.ycombinator.com/companies/palus-finance"
"31077","Panta","panta","W26","Active","2025-12-28T21:08:01.000Z","https://pantainsure.com","https://www.ycombinator.com/companies/panta"
"31174","Parameter","parameter","W26","Active","2026-01-20T21:19:47.000Z","https://parameter.ai?utm_source=ycombinator&utm_medium=referral&utm_campaign=parameter-profile","https://www.ycombinator.com/companies/parameter"
"31183","Patientdesk.ai","patientdeskai","W26","Active","2025-11-25T12:41:28.000Z","https://patientdesk.ai/","https://www.ycombinator.com/companies/patientdeskai"
"31175","Pax Historia","pax-historia","W26","Active","2025-12-25T00:03:44.000Z","https://www.paxhistoria.co","https://www.ycombinator.com/companies/pax-historia"
"31066","Payna","payna","W26","Active","2026-02-25T21:20:41.000Z","https://payna.com/","https://www.ycombinator.com/companies/payna"
"31153","Perfectly","perfectly","W26","Active","2026-01-16T03:30:30.000Z","https://www.perfectly.so/","https://www.ycombinator.com/companies/perfectly"
"31114","Piris Labs","pirislabs","W26","Active","2026-02-12T00:43:28.000Z","https://pirislabs.io/","https://www.ycombinator.com/companies/pirislabs"
"31214","Pocket","pocket","W26","Active","2025-12-06T04:54:20.000Z","https://heypocket.com/now","https://www.ycombinator.com/companies/pocket"
"30765","Pollen","pollen","W26","Active","2025-08-07T18:50:38.000Z","https://www.pollen.cx/","https://www.ycombinator.com/companies/pollen"
"31217","Polymath","polymath","W26","Active","2026-01-22T17:43:00.000Z","https://polymathlabs.ai/","https://www.ycombinator.com/companies/polymath"
"31275","Polymorph","polymorph","W26","Active","2026-02-17T01:14:39.000Z","https://usepolymorph.com/","https://www.ycombinator.com/companies/polymorph"
"31177","Prana","prana-health","W26","Active","2025-12-18T02:23:25.000Z","https://pranadoc.com","https://www.ycombinator.com/companies/prana-health"
"31106","Protent","protent","W26","Active","2026-01-05T02:19:47.000Z","https://protent.ai","https://www.ycombinator.com/companies/protent"
"31169","Proximitty","proximitty","W26","Active","2026-02-18T21:47:57.000Z","https://proximitty.ai","https://www.ycombinator.com/companies/proximitty"
"31155","Q2Q","q2q","W26","Inactive","2026-01-14T19:59:52.000Z","https://www.tryq2q.com/","https://www.ycombinator.com/companies/q2q"
"31145","RamAIn","ramain","W26","Active","2026-01-06T01:33:28.000Z","https://ramain.ai","https://www.ycombinator.com/companies/ramain"
"31195","Reframe","usereframe","W26","Active","2026-02-12T22:28:33.000Z","http://usereframe.ai","https://www.ycombinator.com/companies/usereframe"
"31302","Remix","remix-3","W26","Active","2026-02-05T00:20:05.000Z","https://remix.re","https://www.ycombinator.com/companies/remix-3"
"31232","Remy AI","remy-ai","W26","Active","2026-02-12T22:06:59.000Z","https://www.tryremy.ai/","https://www.ycombinator.com/companies/remy-ai"
"31200","Ressl AI","ressl-ai","W26","Active","2025-12-17T12:40:23.000Z","https://ressl.ai","https://www.ycombinator.com/companies/ressl-ai"
"31097","REV1","rev1","W26","Active","2026-02-02T00:49:36.000Z","https://rev1.so","https://www.ycombinator.com/companies/rev1"
"31189","Revion","revion","W26","Active","2026-02-23T22:54:23.000Z","https://revion.inc","https://www.ycombinator.com/companies/revion"
"31176","Rhizome AI","rhizome-ai","W26","Active","2026-01-27T21:52:32.000Z","https://rhizomeai.com/","https://www.ycombinator.com/companies/rhizome-ai"
"31276","Ritivel","ritivel","W26","Active","2026-01-14T15:00:32.000Z","https://www.ritivel.com","https://www.ycombinator.com/companies/ritivel"
"31201","Robby","robby","W26","Active","2026-02-06T20:52:41.000Z","https://tryrobby.com","https://www.ycombinator.com/companies/robby"
"31135","RoboDock","robodock","W26","Active","2026-01-22T22:11:34.000Z","https://www.robodock.tech/","https://www.ycombinator.com/companies/robodock"
"31280","Rubric AI","rubric-ai","W26","Active","2026-03-02T04:51:41.000Z","","https://www.ycombinator.com/companies/rubric-ai"
"31085","Ruma Care","ruma-care","W26","Active","2026-01-28T00:44:14.000Z","https://rumacare.com","https://www.ycombinator.com/companies/ruma-care"
"31088","RunAnywhere","runanywhere","W26","Active","2026-01-01T19:34:39.000Z","https://www.runanywhere.ai/","https://www.ycombinator.com/companies/runanywhere"
"31147","Salus","salus","W26","Active","2026-02-06T05:14:10.000Z","https://www.usesalus.ai/","https://www.ycombinator.com/companies/salus"
"31206","Samora AI","samora-ai","W26","Active","2026-02-03T14:49:42.000Z","https://samora.ai/","https://www.ycombinator.com/companies/samora-ai"
"31136","Scheduling Wizard","scheduling-wizard","W26","Active","2026-03-11T16:02:55.000Z","https://www.schedulingwiz.com","https://www.ycombinator.com/companies/scheduling-wizard"
"31180","Seeing Systems","seeing-systems","W26","Active","2026-01-14T20:25:48.000Z","https://www.seeing-systems.com","https://www.ycombinator.com/companies/seeing-systems"
"31100","Sentrial","sentrial","W26","Active","2026-02-03T01:45:12.000Z","https://sentrial.com/","https://www.ycombinator.com/companies/sentrial"
"31227","Sequence Markets","sequence-markets","W26","Active","2026-01-07T22:53:22.000Z","https://sequencemkts.com/","https://www.ycombinator.com/companies/sequence-markets"
"31224","Servo7","servo7","W26","Active","2026-01-26T00:00:53.000Z","https://servo7.com","https://www.ycombinator.com/companies/servo7"
"31300","Shofo","shofo","W26","Active","2026-01-14T23:20:06.000Z","https://shofo.ai/","https://www.ycombinator.com/companies/shofo"
"31096","shortkit","shortkit","W26","Active","2026-02-25T02:09:35.000Z","https://www.shortkit.dev","https://www.ycombinator.com/companies/shortkit"
"30639","Signals","signals","W26","Active","2026-02-13T19:04:21.000Z","https://www.returnsignals.com","https://www.ycombinator.com/companies/signals"
"31254","Sila","sila","W26","Active","2026-02-27T22:31:06.000Z","https://silahq.com","https://www.ycombinator.com/companies/sila"
"31203","Sitefire","sitefire","W26","Active","2026-02-04T04:22:16.000Z","https://sitefire.ai","https://www.ycombinator.com/companies/sitefire"
"31133","Skillsync","skillsync","W26","Active","2025-12-10T08:55:52.000Z","https://skillsync.com","https://www.ycombinator.com/companies/skillsync"
"31151","Sparkles","sparkles","W26","Active","2026-01-15T00:28:02.000Z","https://sparkles.dev","https://www.ycombinator.com/companies/sparkles"
"31159","Sponge","sponge","W26","Active","2026-02-16T22:26:14.000Z","https://paysponge.com/","https://www.ycombinator.com/companies/sponge"
"31273","SpotPay","spotpay","W26","Active","2026-01-09T04:01:44.000Z","https://www.spotpay.ai/","https://www.ycombinator.com/companies/spotpay"
"31245","Squid","squid","W26","Active","2026-01-14T20:34:42.000Z","https://squid.energy","https://www.ycombinator.com/companies/squid"
"31167","Stilta","stilta","W26","Active","2026-01-31T16:27:29.000Z","https://stilta.com","https://www.ycombinator.com/companies/stilta"
"31108","Strand AI","strand-ai","W26","Active","2026-01-26T05:48:14.000Z","https://strandai.com","https://www.ycombinator.com/companies/strand-ai"
"31181","Synthetic Sciences","synthetic-sciences","W26","Active","2026-02-07T18:40:45.000Z","https://syntheticsciences.ai/","https://www.ycombinator.com/companies/synthetic-sciences"
"31082","Syntropy","syntropy","W26","Active","2026-03-03T06:10:50.000Z","https://syntropy.io","https://www.ycombinator.com/companies/syntropy"
"31262","Talking Computers","talking-computers","W26","Active","2026-03-03T18:43:43.000Z","https://talkingcomputers.ai","https://www.ycombinator.com/companies/talking-computers"
"31127","Tepali","tepali","W26","Active","2026-02-26T20:11:16.000Z","https://tepali.com","https://www.ycombinator.com/companies/tepali"
"31172","Terminal Use","terminal-use","W26","Active","2026-02-12T03:14:35.000Z","https://www.terminaluse.com/","https://www.ycombinator.com/companies/terminal-use"
"31158","Terranox AI","terranox-ai","W26","Active","2026-02-23T21:26:34.000Z","https://terranox.ai","https://www.ycombinator.com/companies/terranox-ai"
"31250","The Token Company","the-token-company","W26","Active","2026-03-03T08:16:18.000Z","https://thetokencompany.com","https://www.ycombinator.com/companies/the-token-company"
"31191","Traverse","traverse","W26","Active","2026-01-01T09:42:38.000Z","https://www.traverse.so","https://www.ycombinator.com/companies/traverse"
"30905","Travo","travo","W26","Active","2025-12-18T03:06:36.000Z","https://www.travoai.com/","https://www.ycombinator.com/companies/travo"
"31244","Turnstone","turnstone","W26","Active","2026-01-19T22:44:35.000Z","https://myturnstone.ai","https://www.ycombinator.com/companies/turnstone"
"31296","Unifold","unifold","W26","Active","2026-02-13T18:52:12.000Z","https://unifold.io","https://www.ycombinator.com/companies/unifold"
"31166","Unisson","unisson","W26","Active","2026-02-06T06:25:34.000Z","https://www.unisson.ai","https://www.ycombinator.com/companies/unisson"
"31194","Valence","valence","W26","Active","2026-03-03T00:25:37.000Z","https://valence.trade","https://www.ycombinator.com/companies/valence"
"31057","Valgo","valgo","W26","Active","2025-11-19T20:29:02.000Z","https://valgo.ai","https://www.ycombinator.com/companies/valgo"
"31000","Vector Legal","vector-legal","W26","Active","2026-02-19T18:42:44.000Z","https://vectorlegal.com","https://www.ycombinator.com/companies/vector-legal"
"31264","Vela","vela","W26","Active","2026-02-03T18:20:27.000Z","https://tryvela.ai","https://www.ycombinator.com/companies/vela"
"30876","Velum Labs","velum-labs","W26","Active","2025-11-11T07:58:02.000Z","https://www.velum-labs.com/","https://www.ycombinator.com/companies/velum-labs"
"31156","Ventura","ventura","W26","Active","2026-03-08T04:54:57.000Z","https://www.ventura.ai","https://www.ycombinator.com/companies/ventura"
"31129","Verdex","verdex","W26","Active","2026-01-12T17:42:54.000Z","https://www.verdexai.com/","https://www.ycombinator.com/companies/verdex"
"31263","Veriad","veriad","W26","Active","2026-01-03T06:11:55.000Z","https://veriad.com","https://www.ycombinator.com/companies/veriad"
"31182","Visibl Semiconductors","visibl-semiconductors","W26","Active","2026-01-05T18:22:18.000Z","https://visiblsemi.com","https://www.ycombinator.com/companies/visibl-semiconductors"
"31003","Voltair","voltair","W26","Active","2025-12-20T00:28:29.000Z","https://voltairlabs.com/","https://www.ycombinator.com/companies/voltair"
"31219","Voxel Energy","voxel-energy","W26","Active","2026-01-16T15:19:23.000Z","https://voxelenergy.com/","https://www.ycombinator.com/companies/voxel-energy"
"31271","VOYGR","voygr","W26","Active","2026-01-30T17:25:09.000Z","https://voygr.tech","https://www.ycombinator.com/companies/voygr"
"31299","Wayco","wayco","W26","Active","2026-02-08T18:45:14.000Z","https://wayco.ai","https://www.ycombinator.com/companies/wayco"
"31307","Wideframe","wideframe","W26","Active","2026-02-17T05:57:31.000Z","https://wideframe.com","https://www.ycombinator.com/companies/wideframe"
"31131","Zatanna","zatanna","W26","Active","2026-02-12T18:01:45.000Z","https://www.zatanna.ai/","https://www.ycombinator.com/companies/zatanna"
"31119","ZeroSettle","zerosettle","W26","Active","2026-02-05T00:45:25.000Z","https://zerosettle.io","https://www.ycombinator.com/companies/zerosettle"
"31278","Zymbly","zymbly","W26","Active","2026-01-20T00:34:05.000Z","https://www.zymbly.com","https://www.ycombinator.com/companies/zymbly"
"31193","9 Mothers","9-mothers-corporation","P26","Active","2026-03-01T16:37:51.000Z","https://9mothers.com","https://www.ycombinator.com/companies/9-mothers-corporation"
"31484","AbInitio Bio","abinitio-bio","P26","Active","2026-05-13T20:15:13.000Z","https://www.abinitio-bio.com","https://www.ycombinator.com/companies/abinitio-bio"
"31434","Adialante","adialante","P26","Active","2026-03-16T23:10:31.000Z","http://www.adialante.com","https://www.ycombinator.com/companies/adialante"
"31043","Advanced Metal Research","advanced-metal-research","P26","Active","2026-05-14T23:31:17.000Z","https://advancedmetalresearch.com/","https://www.ycombinator.com/companies/advanced-metal-research"
"31524","AgentPhone","agentphone","P26","Active","2026-05-05T19:40:09.000Z","https://agentphone.ai/","https://www.ycombinator.com/companies/agentphone"
"31442","AICE","aice","P26","Active","2026-04-01T18:15:17.000Z","https://aicepower.com","https://www.ycombinator.com/companies/aice"
"31576","Akkari","akkari","P26","Active","2026-06-04T17:40:06.000Z","https://akkari.io/","https://www.ycombinator.com/companies/akkari"
"31444","Alchemize","alchemize","P26","Active","2026-05-11T19:10:00.000Z","https://tryalchemize.com","https://www.ycombinator.com/companies/alchemize"
"31447","Allowance","allowance","P26","Active","2026-05-18T20:34:15.000Z","https://useallowance.com/","https://www.ycombinator.com/companies/allowance"
"31497","Amboras","amboras","P26","Active","2026-03-24T03:33:37.000Z","https://amboras.com","https://www.ycombinator.com/companies/amboras"
"31411","Andco","andco","P26","Active","2026-04-29T03:43:43.000Z","http://www.useandco.com","https://www.ycombinator.com/companies/andco"
"31485","ANORIA","anoria","P26","Active","2026-05-05T04:05:45.000Z","https://www.anoria.com","https://www.ycombinator.com/companies/anoria"
"31503","Apollo Atomics, Inc.","apollo-atomics-inc","P26","Active","2026-05-22T11:58:03.000Z","https://apolloatomics.com/","https://www.ycombinator.com/companies/apollo-atomics-inc"
"31487","AquaShield","aquashield","P26","Active","2026-05-17T04:40:25.000Z","https://aquashieldai.com","https://www.ycombinator.com/companies/aquashield"
"31458","Ara","ara","P26","Active","2026-04-02T20:05:52.000Z","https://ara.so","https://www.ycombinator.com/companies/ara"
"31451","Archer","archer","P26","Active","2026-04-23T20:54:16.000Z","https://archermoney.com/","https://www.ycombinator.com/companies/archer"
"31552","Arctic Health","arctic-health","P26","Active","2026-05-10T02:26:23.000Z","https://arctic.health","https://www.ycombinator.com/companies/arctic-health"
"31525","Arden","arden","P26","Active","2026-05-06T09:20:06.000Z","https://ardentech.ai/","https://www.ycombinator.com/companies/arden"
"31475","Ardent","ardent","P26","Active","2026-04-08T22:00:42.000Z","https://tryardent.com","https://www.ycombinator.com/companies/ardent"
"31413","Arga Labs","arga-labs","P26","Active","2026-02-24T03:03:34.000Z","https://www.argalabs.com/","https://www.ycombinator.com/companies/arga-labs"
"31535","Arlo Industries","arlo-industries","P26","Active","2026-05-16T03:15:42.000Z","https://arlo1.com/","https://www.ycombinator.com/companies/arlo-industries"
"31463","Armature","armature","P26","Active","2026-05-07T03:59:29.000Z","https://armature.tech","https://www.ycombinator.com/companies/armature"
"31511","Arzana","arzana","P26","Active","2026-03-09T23:13:33.000Z","https://www.arzana.com/","https://www.ycombinator.com/companies/arzana"
"31528","Asendia AI","asendia-ai","P26","Active","2026-03-15T16:33:09.000Z","https://asendia.ai/","https://www.ycombinator.com/companies/asendia-ai"
"31465","Aseon Labs","aseon-labs","P26","Active","2026-05-11T18:18:05.000Z","https://www.aseonlabs.com/","https://www.ycombinator.com/companies/aseon-labs"
"31498","Aster","asterlab","P26","Active","2026-04-08T16:21:27.000Z","https://www.asterlab.ai/","https://www.ycombinator.com/companies/asterlab"
"31534","Astraea","astraea","P26","Active","2026-05-12T20:18:40.000Z","https://tryastraea.com","https://www.ycombinator.com/companies/astraea"
"31373","Atrisa","atrisa","P26","Active","2026-03-29T00:17:23.000Z","https://atrisa.ai","https://www.ycombinator.com/companies/atrisa"
"30408","Autostep","autostep","P26","Active","2026-02-27T06:28:17.000Z","https://autostep.ai/","https://www.ycombinator.com/companies/autostep"
"31510","Auxos","auxos","P26","Active","2026-05-13T21:28:50.000Z","https://www.useauxos.com","https://www.ycombinator.com/companies/auxos"
"31530","Avea Robotics","avea-robotics","P26","Active","2026-05-19T04:32:49.000Z","https://www.avearobotics.com","https://www.ycombinator.com/companies/avea-robotics"
"31423","BentoLabs AI","bentolabs-ai","P26","Active","2026-05-27T03:33:00.000Z","https://bentolabs.ai/","https://www.ycombinator.com/companies/bentolabs-ai"
"31477","BioStack Platforms","biostack-platforms","P26","Active","2026-03-26T09:52:56.000Z","https://www.getbiostack.com/","https://www.ycombinator.com/companies/biostack-platforms"
"31293","Bloom","trybloom","P26","Active","2026-04-15T17:58:08.000Z","https://trybloom.ai","https://www.ycombinator.com/companies/trybloom"
"31416","Callab AI","callab-ai","P26","Active","2026-03-13T15:47:49.000Z","https://callab.ai","https://www.ycombinator.com/companies/callab-ai"
"31543","CentralComs","centralcoms","P26","Active","2026-05-28T17:28:26.000Z","https://centralcoms.com","https://www.ycombinator.com/companies/centralcoms"
"31513","CharacterQuilt","characterquilt","P26","Active","2026-05-10T23:16:55.000Z","https://characterquilt.com","https://www.ycombinator.com/companies/characterquilt"
"31364","Chert","chert","P26","Active","2026-04-25T22:18:35.000Z","https://www.trychert.com/","https://www.ycombinator.com/companies/chert"
"31468","Chronicle Labs","chronicle-labs","P26","Active","2026-05-05T17:18:06.000Z","https://chronicle-labs.com","https://www.ycombinator.com/companies/chronicle-labs"
"31117","Cignara","cignara","P26","Active","2025-12-24T05:14:44.000Z","https://cignara.com/","https://www.ycombinator.com/companies/cignara"
"31063","Clara","clara-2","P26","Active","2026-03-20T18:30:25.000Z","http://askclara.com","https://www.ycombinator.com/companies/clara-2"
"31554","Clawvisor","clawvisor","P26","Active","2026-05-06T15:34:08.000Z","https://clawvisor.com","https://www.ycombinator.com/companies/clawvisor"
"31562","Cohesion","cohesion","P26","Active","2026-04-14T02:05:40.000Z","https://cohesionplatform.com/","https://www.ycombinator.com/companies/cohesion"
"31443","Complir","complir","P26","Active","2026-03-31T05:09:43.000Z","https://complir.io/","https://www.ycombinator.com/companies/complir"
"31370","Dayjob","dayjob","P26","Active","2026-04-05T16:43:30.000Z","https://www.getdayjob.ai","https://www.ycombinator.com/companies/dayjob"
"31395","Deep Interactions","deep-interactions","P26","Active","2026-05-16T22:29:50.000Z","https://deepinteractions.ai/","https://www.ycombinator.com/companies/deep-interactions"
"31362","Discovered Materials","discovered-materials","P26","Active","2026-03-18T22:58:39.000Z","https://discoveredmaterials.com","https://www.ycombinator.com/companies/discovered-materials"
"31294","Dispatch","dispatch","P26","Active","2026-03-10T18:17:19.000Z","https://dispatch.space/","https://www.ycombinator.com/companies/dispatch"
"31157","Drafted","drafted","P26","Active","2026-05-29T00:14:20.000Z","https://www.drafted.ai/","https://www.ycombinator.com/companies/drafted"
"31414","Dreach","dreach","P26","Active","2026-04-24T16:45:03.000Z","https://dreach.ai","https://www.ycombinator.com/companies/dreach"
"31454","ED1TH","ed1th","P26","Active","2026-03-02T21:54:29.000Z","https://www.ed1th.com","https://www.ycombinator.com/companies/ed1th"
"31489","Eden Robotics","eden-robotics","P26","Active","2026-04-06T03:43:57.000Z","https://www.edenrobotics.ai","https://www.ycombinator.com/companies/eden-robotics"
"31388","Elyra","elyra","P26","Active","2026-04-14T08:51:48.000Z","https://www.elyrasystems.com/","https://www.ycombinator.com/companies/elyra"
"31549","Enjamb Labs","enjamb-labs","P26","Active","2026-05-28T00:47:06.000Z","https://www.enjamb.ai","https://www.ycombinator.com/companies/enjamb-labs"
"31516","Expanse","expanse","P26","Active","2026-05-03T23:11:06.000Z","https://expanse.sh","https://www.ycombinator.com/companies/expanse"
"30915","FinalDose","finaldose","P26","Active","2026-05-11T23:53:17.000Z","https://finaldose.ai/","https://www.ycombinator.com/companies/finaldose"
"31538","flowscope","flowscope","P26","Active","2026-05-10T23:53:15.000Z","https://flowscope.com","https://www.ycombinator.com/companies/flowscope"
"31488","Foaster","foaster","P26","Active","2026-03-17T10:40:30.000Z","https://foaster.ai","https://www.ycombinator.com/companies/foaster"
"30737","Foresight","foresight","P26","Active","2026-05-07T13:31:17.000Z","https://foresight.tt/","https://www.ycombinator.com/companies/foresight"
"31553","Framewise Health","framewise-health","P26","Active","2026-04-08T21:12:17.000Z","https://framewisehealth.com","https://www.ycombinator.com/companies/framewise-health"
"31102","Fuchsia","fuchsia","P26","Active","2026-03-09T00:55:25.000Z","https://getfuchsia.ai/","https://www.ycombinator.com/companies/fuchsia"
"31501","General Aviation","general-aviation","P26","Active","2026-05-14T07:12:02.000Z","https://generalaviation.com","https://www.ycombinator.com/companies/general-aviation"
"31456","General Instinct","general-instinct","P26","Active","2026-05-18T07:15:48.000Z","https://general-instinct.com/","https://www.ycombinator.com/companies/general-instinct"
"31536","Gigacatalyst","gigacatalyst","P26","Active","2026-04-03T05:09:16.000Z","https://gigacatalyst.com/","https://www.ycombinator.com/companies/gigacatalyst"
"31426","Gojiberry AI","gojiberry-ai","P26","Active","2026-03-25T09:15:48.000Z","https://www.gojiberry.ai","https://www.ycombinator.com/companies/gojiberry-ai"
"31381","GovGuard","govguard","P26","Active","2026-04-21T21:33:52.000Z","https://govguard.com","https://www.ycombinator.com/companies/govguard"
"31522","Gravy","gravy","P26","Active","2026-05-26T15:57:50.000Z","https://gravy.finance","https://www.ycombinator.com/companies/gravy"
"31445","Harbor","runharbor","P26","Active","2026-03-12T18:39:17.000Z","https://runharbor.com/","https://www.ycombinator.com/companies/runharbor"
"31323","Hedge","hedge","P26","Active","2026-04-30T21:56:22.000Z","https://www.hedgespecialty.com/","https://www.ycombinator.com/companies/hedge"
"31496","Hessian","hessian","P26","Active","2026-05-19T06:54:46.000Z","https://hessian.sh","https://www.ycombinator.com/companies/hessian"
"31391","HEVN, inc","hevn-inc","P26","Active","2026-04-29T21:38:25.000Z","https://gethevn.com","https://www.ycombinator.com/companies/hevn-inc"
"31350","Hexa","hexa","P26","Active","2026-05-15T01:15:56.000Z","https://www.hexaagents.com","https://www.ycombinator.com/companies/hexa"
"31574","HeyClicky","heyclicky","P26","Active","2026-05-12T19:45:42.000Z","https://heyclicky.com/","https://www.ycombinator.com/companies/heyclicky"
"31375","Hub","hub","P26","Active","2026-03-13T19:10:14.000Z","https://hub.xyz","https://www.ycombinator.com/companies/hub"
"30646","Humwork","humwork","P26","Active","2025-07-30T02:44:08.000Z","https://humwork.ai","https://www.ycombinator.com/companies/humwork"
"31564","Huscarl","huscarl","P26","Active","2026-04-21T18:56:13.000Z","https://www.huscarl.io/","https://www.ycombinator.com/companies/huscarl"
"31548","Hyper","hyper-4","P26","Active","2026-05-07T07:53:43.000Z","https://heyhyper.ai","https://www.ycombinator.com/companies/hyper-4"
"31076","Imperfect","imperfect","P26","Active","2026-04-14T23:01:57.000Z","https://imperfect.co","https://www.ycombinator.com/companies/imperfect"
"31365","Incandor","incandor","P26","Active","2026-05-15T05:26:35.000Z","https://www.incandor.com","https://www.ycombinator.com/companies/incandor"
"31441","Infera","infera","P26","Active","2026-05-27T21:19:07.000Z","https://www.infera.bio","https://www.ycombinator.com/companies/infera"
"31369","InLoop Robotics","inloop-robotics","P26","Active","2026-03-29T16:24:48.000Z","https://inloop-robotics.com/","https://www.ycombinator.com/companies/inloop-robotics"
"31547","InsForge","insforge","P26","Active","2026-04-15T06:31:16.000Z","https://insforge.dev/","https://www.ycombinator.com/companies/insforge"
"31409","InstaAgent","instaagent","P26","Active","2026-05-07T21:04:43.000Z","https://instaagent.com","https://www.ycombinator.com/companies/instaagent"
"31560","Intelligence Factory","intelligence-factory","P26","Active","2026-04-29T21:53:38.000Z","https://intelligence-factory.com","https://www.ycombinator.com/companies/intelligence-factory"
"31386","Interfaze","interfaze","P26","Active","2026-03-29T19:22:07.000Z","https://interfaze.ai","https://www.ycombinator.com/companies/interfaze"
"31246","Inth","inth","P26","Active","2026-04-13T15:59:01.000Z","https://inth.com","https://www.ycombinator.com/companies/inth"
"29155","jo","jo","P26","Active","2024-12-20T00:29:45.000Z","https://askjo.ai","https://www.ycombinator.com/companies/jo"
"31383","Juno","juno-chat","P26","Active","2026-04-21T06:06:21.000Z","https://junocompanion.com/","https://www.ycombinator.com/companies/juno-chat"
"31393","KelAI","kelai","P26","Active","2026-05-18T04:12:33.000Z","https://kelaitech.com/","https://www.ycombinator.com/companies/kelai"
"31432","Keyframe Labs","keyframe-labs","P26","Active","2026-03-23T18:21:25.000Z","https://keyframelabs.com","https://www.ycombinator.com/companies/keyframe-labs"
"31420","Kimpton AI","kimpton-ai","P26","Active","2026-03-20T20:48:36.000Z","https://kimpton.ai","https://www.ycombinator.com/companies/kimpton-ai"
"31520","Kinect","kinect","P26","Active","2026-04-19T18:54:09.000Z","https://www.trykinect.ai/","https://www.ycombinator.com/companies/kinect"
"31382","Kinro","kinro","P26","Active","2026-03-19T18:28:58.000Z","https://www.kinro.com/","https://www.ycombinator.com/companies/kinro"
"31539","Klaimee","klaimee","P26","Active","2026-04-06T06:20:12.000Z","https://www.klaimee.ai","https://www.ycombinator.com/companies/klaimee"
"31326","Klarify","klarify","P26","Active","2026-05-08T19:17:11.000Z","https://www.klarify.ca/","https://www.ycombinator.com/companies/klarify"
"31327","Korso","korso","P26","Active","2026-03-12T18:14:15.000Z","https://korsoai.com/","https://www.ycombinator.com/companies/korso"
"31540","KugelAudio","kugelaudio","P26","Active","2026-04-30T23:09:52.000Z","https://kugelaudio.com/en","https://www.ycombinator.com/companies/kugelaudio"
"31473","Kuli","kuli","P26","Active","2026-04-06T20:46:28.000Z","https://kuli.one","https://www.ycombinator.com/companies/kuli"
"31424","Lab0","lab0","P26","Active","2026-04-03T03:50:46.000Z","https://lab0.ai","https://www.ycombinator.com/companies/lab0"
"31421","Lamina Labs","lamina-labs","P26","Active","2026-03-11T03:25:17.000Z","https://laminalabs.ai","https://www.ycombinator.com/companies/lamina-labs"
"31533","Lattice Health","lattice-health","P26","Active","2026-05-21T16:01:10.000Z","https://www.latticehealthai.com/","https://www.ycombinator.com/companies/lattice-health"
"31376","Light Anchor","light-anchor","P26","Active","2026-04-30T18:58:12.000Z","https://lightanchor.ai","https://www.ycombinator.com/companies/light-anchor"
"31360","Lightsprint","lightsprint","P26","Active","2026-04-18T18:38:41.000Z","https://lightsprint.ai","https://www.ycombinator.com/companies/lightsprint"
"31377","Limrun","limrun","P26","Active","2026-05-19T22:48:15.000Z","https://lim.run","https://www.ycombinator.com/companies/limrun"
"31046","Linzumi","linzumi","P26","Active","2026-06-11T21:59:35.000Z","https://linzumi.com","https://www.ycombinator.com/companies/linzumi"
"31435","Lumius","lumius","P26","Active","2026-04-02T21:24:37.000Z","https://www.lumius-imaging.com","https://www.ycombinator.com/companies/lumius"
"31399","Madrone","madrone","P26","Active","2026-05-11T17:27:15.000Z","https://madrone.cool/","https://www.ycombinator.com/companies/madrone"
"31531","Manicule","manicule","P26","Active","2026-03-14T10:42:10.000Z","https://manicule.com","https://www.ycombinator.com/companies/manicule"
"31561","Maquoketa Research","maquoketa-research","P26","Active","2026-03-26T02:08:33.000Z","https://www.maquoketa.net","https://www.ycombinator.com/companies/maquoketa-research"
"31335","Memoir","memoir","P26","Active","2026-05-15T02:34:36.000Z","https://www.trymemoir.ai/","https://www.ycombinator.com/companies/memoir"
"31482","Memory Store","memory-store","P26","Active","2026-04-26T06:26:27.000Z","https://memory.store","https://www.ycombinator.com/companies/memory-store"
"31453","Minicor","minicor","P26","Active","2026-03-06T00:13:48.000Z","https://minicor.com","https://www.ycombinator.com/companies/minicor"
"30723","Miso Labs","miso-labs","P26","Active","2026-05-30T21:26:33.000Z","https://misolabs.ai","https://www.ycombinator.com/companies/miso-labs"
"31529","Mochatrade","mochatrade","P26","Active","2026-04-02T20:43:09.000Z","https://www.mochatrade.com","https://www.ycombinator.com/companies/mochatrade"
"31545","Modern","modern","P26","Active","2026-04-11T14:35:36.000Z","https://getmodern.ai","https://www.ycombinator.com/companies/modern"
"31440","Mount","mount","P26","Active","2026-04-07T23:40:48.000Z","https://mount.insure","https://www.ycombinator.com/companies/mount"
"31343","Multiplier","multiplier","P26","Active","2026-05-11T19:17:54.000Z","https://multiplier.ai","https://www.ycombinator.com/companies/multiplier"
"31427","Napkin Math","napkin-math","P26","Active","2026-04-09T02:12:30.000Z","https://napkinmath.club","https://www.ycombinator.com/companies/napkin-math"
"31221","Netter","netter","P26","Active","2026-05-06T00:49:10.000Z","https://netter.ai","https://www.ycombinator.com/companies/netter"
"31366","Nine Fives","nine-fives","P26","Active","2026-04-03T23:47:16.000Z","https://ninefives.com/","https://www.ycombinator.com/companies/nine-fives"
"31429","Oddpool","oddpool","P26","Active","2026-03-18T18:47:40.000Z","https://www.oddpool.com","https://www.ycombinator.com/companies/oddpool"
"31428","Ontora","ontora","P26","Active","2026-03-14T11:28:14.000Z","https://ontora.com","https://www.ycombinator.com/companies/ontora"
"31500","OpenProse","openprose","P26","Active","2026-05-19T14:05:33.000Z","https://prose.md","https://www.ycombinator.com/companies/openprose"
"31505","OpenWork","openwork","P26","Active","2026-03-23T14:51:04.000Z","https://openworklabs.com","https://www.ycombinator.com/companies/openwork"
"31486","Ornadyne","ornadyne","P26","Active","2026-04-28T02:17:20.000Z","https://ornadyne.com/","https://www.ycombinator.com/companies/ornadyne"
"31417","Pairio","pairio","P26","Active","2026-04-17T01:54:59.000Z","https://pairio.com","https://www.ycombinator.com/companies/pairio"
"31544","Panacea","panacea","P26","Active","2026-05-16T21:53:03.000Z","https://withpanacea.com","https://www.ycombinator.com/companies/panacea"
"31439","Parrot","useparrot","P26","Active","2026-03-25T13:38:42.000Z","https://www.useparrot.com/","https://www.ycombinator.com/companies/useparrot"
"31398","Pavoot","pavoot","P26","Active","2026-05-06T16:26:24.000Z","https://pavoot.com","https://www.ycombinator.com/companies/pavoot"
"31512","Pentagon","pentagon","P26","Active","2026-04-04T14:17:01.000Z","https://pentagon.run","https://www.ycombinator.com/companies/pentagon"
"31333","PerfectBit, Inc.","perfectbit-inc","P26","Active","2026-03-12T23:48:26.000Z","https://perfectbit.ai","https://www.ycombinator.com/companies/perfectbit-inc"
"31460","PLAN0 AI","plan0-ai","P26","Active","2026-04-29T23:12:59.000Z","https://plan0.ai/","https://www.ycombinator.com/companies/plan0-ai"
"31550","Playabl.ai","playablai","P26","Active","2026-03-17T21:33:00.000Z","https://playabl.ai","https://www.ycombinator.com/companies/playablai"
"31493","Plena Health","plena-health","P26","Active","2026-05-30T02:00:06.000Z","https://www.plena.health/","https://www.ycombinator.com/companies/plena-health"
"31041","Ploy","ploy","P26","Active","2026-06-08T22:42:36.000Z","https://ploy.ai","https://www.ycombinator.com/companies/ploy"
"31480","Pops","pops","P26","Active","2026-05-05T23:11:20.000Z","https://pops.fyi","https://www.ycombinator.com/companies/pops"
"31329","primitive","primitive","P26","Active","2026-03-10T05:49:47.000Z","https://primitive.dev","https://www.ycombinator.com/companies/primitive"
"30944","Prism","tryprism","P26","Active","2025-11-04T22:24:08.000Z","https://tryprism.com/","https://www.ycombinator.com/companies/tryprism"
"31507","ProjectX","projectx","P26","Active","2026-03-14T01:51:20.000Z","https://www.projectx.cloud/","https://www.ycombinator.com/companies/projectx"
"31436","Prototyping.io","prototypingio","P26","Active","2026-03-25T08:00:08.000Z","https://www.prototyping.io","https://www.ycombinator.com/companies/prototypingio"
"31396","qomplement","qomplement","P26","Active","2026-02-24T04:32:44.000Z","https://qomplement.com","https://www.ycombinator.com/companies/qomplement"
"31494","RASPIRE","raspire","P26","Active","2026-05-28T20:45:40.000Z","https://raspire.com/","https://www.ycombinator.com/companies/raspire"
"31546","ReasonBlocks","reasonblocks","P26","Active","2026-04-27T09:38:33.000Z","https://reasonblocks.com/","https://www.ycombinator.com/companies/reasonblocks"
"31279","Regbase","regbase","P26","Active","2026-04-13T20:42:59.000Z","https://regbase.com","https://www.ycombinator.com/companies/regbase"
"31410","RentAHuman","rentahuman","P26","Active","2026-04-20T23:28:50.000Z","https://rentahuman.ai","https://www.ycombinator.com/companies/rentahuman"
"31345","Replicas","replicas","P26","Active","2026-03-12T22:52:16.000Z","https://replicas.dev","https://www.ycombinator.com/companies/replicas"
"31438","Result","result","P26","Active","2026-05-20T03:42:29.000Z","https://result.dev/","https://www.ycombinator.com/companies/result"
"31527","Revnu","revnu","P26","Active","2026-04-22T14:54:23.000Z","https://revnu.com","https://www.ycombinator.com/companies/revnu"
"31450","River Markets","river-markets","P26","Active","2026-05-20T22:14:17.000Z","https://www.rivermarkets.com","https://www.ycombinator.com/companies/river-markets"
"31346","Rudus","rudus","P26","Active","2026-05-04T07:31:28.000Z","http://rudus.ai/","https://www.ycombinator.com/companies/rudus"
"31518","Runtime","runtime","P26","Active","2026-03-19T20:10:01.000Z","https://www.runtm.com/","https://www.ycombinator.com/companies/runtime"
"31363","Saffron","saffron","P26","Active","2026-03-18T05:12:48.000Z","https://www.trysaffron.ai/","https://www.ycombinator.com/companies/saffron"
"31408","Salesgraph","salesgraph","P26","Active","2026-04-03T23:42:35.000Z","https://www.salesgraph.com/","https://www.ycombinator.com/companies/salesgraph"
"31481","Saudara AI","saudara-ai","P26","Active","2026-03-30T16:17:43.000Z","https://saudara.ai","https://www.ycombinator.com/companies/saudara-ai"
"31433","Savant","savant","P26","Active","2026-06-12T17:13:58.000Z","https://heysavant.com/","https://www.ycombinator.com/companies/savant"
"31211","Sazabi","sazabi","P26","Active","2026-03-26T01:35:44.000Z","https://www.sazabi.com/","https://www.ycombinator.com/companies/sazabi"
"31351","Scope","scope","P26","Active","2026-05-06T00:13:38.000Z","https://tryscope.app","https://www.ycombinator.com/companies/scope"
"31407","Sherpa","sherpa","P26","Active","2026-03-30T20:14:56.000Z","https://www.withsherpa.ai/","https://www.ycombinator.com/companies/sherpa"
"31400","shotwell.ai","shotwellai","P26","Active","2026-06-01T18:55:27.000Z","http://shotwell.ai/","https://www.ycombinator.com/companies/shotwellai"
"31478","Silmaril","silmaril","P26","Active","2026-04-09T14:37:24.000Z","https://silmaril.dev","https://www.ycombinator.com/companies/silmaril"
"30779","Smartbase","smartbase","P26","Active","2025-07-29T03:03:41.000Z","https://www.smartbase.so/","https://www.ycombinator.com/companies/smartbase"
"31448","smol machines","smol-machines","P26","Active","2026-04-02T16:46:50.000Z","https://smolmachines.com/","https://www.ycombinator.com/companies/smol-machines"
"31464","Soria","soria","P26","Active","2026-05-26T22:46:23.000Z","https://www.soriaanalytics.com/","https://www.ycombinator.com/companies/soria"
"31419","StableBrowse","stablebrowse","P26","Active","2026-03-30T04:01:55.000Z","https://stablebrowse.ai/","https://www.ycombinator.com/companies/stablebrowse"
"31332","Stage","stage","P26","Active","2026-03-23T20:31:50.000Z","https://www.tryluke.dev/","https://www.ycombinator.com/companies/stage"
"31330","Standard Signal","standard-signal","P26","Active","2026-04-02T19:59:25.000Z","https://standardsignal.com","https://www.ycombinator.com/companies/standard-signal"
"31402","Standout","standout","P26","Active","2026-03-13T15:17:37.000Z","https://standout.work","https://www.ycombinator.com/companies/standout"
"31380","Superlog","superlog","P26","Active","2026-04-03T14:04:09.000Z","https://superlog.sh/","https://www.ycombinator.com/companies/superlog"
"31222","Superset","superset","P26","Active","2026-03-05T07:45:52.000Z","https://www.superset.sh/","https://www.ycombinator.com/companies/superset"
"31325","Surtr Defense Systems","surtr-defense-systems","P26","Active","2026-05-12T08:07:38.000Z","https://surtrdefense.com","https://www.ycombinator.com/companies/surtr-defense-systems"
"31415","Synphony","synphony","P26","Active","2026-05-08T20:33:00.000Z","https://www.synphony.co/","https://www.ycombinator.com/companies/synphony"
"31418","Taiga","taiga","P26","Active","2026-04-06T21:40:30.000Z","https://taigabilling.com","https://www.ycombinator.com/companies/taiga"
"30963","TakeCareOS","takecareos","P26","Active","2025-10-16T20:04:06.000Z","https://takecareos.com","https://www.ycombinator.com/companies/takecareos"
"31470","Tasklet","tasklet-2","P26","Active","2026-04-03T21:29:57.000Z","https://tasklet.ai","https://www.ycombinator.com/companies/tasklet-2"
"31455","tday.com","tdaycom","P26","Active","2026-06-01T08:26:46.000Z","https://tday.com","https://www.ycombinator.com/companies/tdaycom"
"31374","Tenet Industries","tenet-industries","P26","Active","2026-04-02T23:40:31.000Z","https://www.tenetindustries.com","https://www.ycombinator.com/companies/tenet-industries"
"31491","TesterArmy","testerarmy","P26","Active","2026-03-17T17:06:11.000Z","https://tester.army","https://www.ycombinator.com/companies/testerarmy"
"31371","The Company Company","the-company-company","P26","Active","2026-05-11T06:02:22.000Z","https://www.thecompany.company","https://www.ycombinator.com/companies/the-company-company"
"31563","Thomas","thomas","P26","Active","2026-05-29T00:55:01.000Z","https://madebythomas.ai","https://www.ycombinator.com/companies/thomas"
"31506","Tolmo","tolmo","P26","Active","2026-06-17T19:58:46.000Z","https://www.tolmo.com","https://www.ycombinator.com/companies/tolmo"
"31344","Totalis","totalis","P26","Active","2026-03-29T00:39:26.000Z","https://www.totalis.trade","https://www.ycombinator.com/companies/totalis"
"31403","transload","transload","P26","Active","2026-05-16T01:53:50.000Z","https://www.transload.ai","https://www.ycombinator.com/companies/transload"
"31372","Trellis","trellistech","P26","Active","2026-04-06T23:54:19.000Z","https://trellistech.com","https://www.ycombinator.com/companies/trellistech"
"31359","Twolabs","twolabs","P26","Active","2026-05-26T00:27:00.000Z","https://www.twolabs.ai","https://www.ycombinator.com/companies/twolabs"
"31526","Uno Wallet","uno-wallet","P26","Active","2026-05-26T22:28:13.000Z","https://myunowallet.com/","https://www.ycombinator.com/companies/uno-wallet"
"31404","Userlens","userlens","P26","Active","2026-04-02T19:14:28.000Z","https://userlens.io","https://www.ycombinator.com/companies/userlens"
"31457","ValCtrl","valctrl","P26","Active","2026-05-27T22:47:39.000Z","https://valctrl.com","https://www.ycombinator.com/companies/valctrl"
"31430","Voquill","voquill","P26","Active","2026-05-20T13:35:37.000Z","https://voquill.com/","https://www.ycombinator.com/companies/voquill"
"31466","Walter","walter","P26","Active","2026-05-27T22:10:38.000Z","https://www.walter.one","https://www.ycombinator.com/companies/walter"
"31472","Wato","wato","P26","Active","2026-05-17T23:10:09.000Z","https://www.watolabs.com/","https://www.ycombinator.com/companies/wato"
"31390","Wealor","wealor","P26","Active","2026-05-28T07:00:03.000Z","https://wealor.ai/","https://www.ycombinator.com/companies/wealor"
"31517","YouArt","youart","P26","Active","2026-05-01T23:00:28.000Z","https://youart.ai","https://www.ycombinator.com/companies/youart"
"31368","Zenbu","zenbu-2","P26","Active","2026-06-03T03:42:45.000Z","https://www.zenbu.dev/","https://www.ycombinator.com/companies/zenbu-2"
"31459","Zibra Labs","zibra-labs","P26","Active","2026-05-02T00:43:53.000Z","https://zibralabs.ai/","https://www.ycombinator.com/companies/zibra-labs"
"31385","Zolvo","zolvo","P26","Active","2026-03-13T01:07:42.000Z","https://zolvo.com/","https://www.ycombinator.com/companies/zolvo"
"32552","6thSense","6thsense","S26","Active","2026-06-26T04:49:24.000Z","https://6thsense.dev","https://www.ycombinator.com/companies/6thsense"
"33056","83 Sciences","83-sciences","S26","Active","2026-07-06T18:33:08.000Z","https://83sciences.ai","https://www.ycombinator.com/companies/83-sciences"
"32584","Aerogen Systems","aerogen-systems","S26","Active","2026-08-16T17:08:46.000Z","https://www.aerogensystems.com/","https://www.ycombinator.com/companies/aerogen-systems"
"32518","Agency Tool Company","agency-tool-company","S26","Active","2026-07-24T17:30:07.000Z","https://agencytool.com","https://www.ycombinator.com/companies/agency-tool-company"
"33250","Agent FM","agent-fm","S26","Active","2026-08-05T00:48:06.000Z","https://www.agentfm.ai/","https://www.ycombinator.com/companies/agent-fm"
"33018","Agentcard","agentcard","S26","Active","2026-06-05T18:05:46.000Z","https://agentcard.sh","https://www.ycombinator.com/companies/agentcard"
"33019","Agnost AI","agnost-ai","S26","Active","2026-07-08T03:29:35.000Z","https://agnost.ai","https://www.ycombinator.com/companies/agnost-ai"
"32619","Akon Labs","akon-labs","S26","Active","2026-08-14T01:01:21.000Z","https://akonlabs.com","https://www.ycombinator.com/companies/akon-labs"
"32621","Aktoria Robotics","aktoria-robotics","S26","Active","2026-07-16T04:20:37.000Z","https://aktoria.com/","https://www.ycombinator.com/companies/aktoria-robotics"
"32262","Alkera AI","alkera-ai","S26","Active","2026-07-10T15:39:29.000Z","https://alkera.ai","https://www.ycombinator.com/companies/alkera-ai"
"33441","Allia Health","allia-health","S26","Active","2026-08-19T19:37:55.000Z","https://allia.health/","https://www.ycombinator.com/companies/allia-health"
"32204","Alloovium","alloovium","S26","Active","2026-07-09T07:10:07.000Z","https://www.alloovium.com/en","https://www.ycombinator.com/companies/alloovium"
"32588","Almanac","almanac","S26","Active","2026-07-16T21:00:32.000Z","https://usealmanac.com","https://www.ycombinator.com/companies/almanac"
"31557","Amorphic Labs","amorphic-labs","S26","Active","2026-07-31T22:29:23.000Z","https://www.agentmuxer.com","https://www.ycombinator.com/companies/amorphic-labs"
"33315","Amulet","amulet","S26","Active","2026-07-07T05:55:22.000Z","https://amulet.so/","https://www.ycombinator.com/companies/amulet"
"31298","Applied Electrodynamics, Inc.","applied-electrodynamics-inc","S26","Active","2026-07-28T01:39:35.000Z","https://www.ae-dyn.com/","https://www.ycombinator.com/companies/applied-electrodynamics-inc"
"32749","Arbital","arbital","S26","Active","2026-08-05T01:16:57.000Z","https://www.arbital.xyz","https://www.ycombinator.com/companies/arbital"
"31216","Archal","archal","S26","Active","2026-04-20T18:17:09.000Z","https://www.archal.ai/","https://www.ycombinator.com/companies/archal"
"31184","Assemble","assemble","S26","Active","2026-07-12T22:18:44.000Z","https://www.assemble.ai/","https://www.ycombinator.com/companies/assemble"
"30653","Async","withasync","S26","Active","2025-06-25T19:18:46.000Z","https://withasync.com","https://www.ycombinator.com/companies/withasync"
"31532","Atlas Discovery","atlas-discovery","S26","Active","2026-06-23T20:40:31.000Z","https://atlasdiscovery.bio","https://www.ycombinator.com/companies/atlas-discovery"
"31257","Atlia","atlia","S26","Active","2026-07-29T05:29:13.000Z","https://www.atlia.com","https://www.ycombinator.com/companies/atlia"
"33607","Atomarine","atomarine","S26","Active","2026-07-25T16:42:55.000Z","https://atomarine.co","https://www.ycombinator.com/companies/atomarine"
"32222","Audun","audun","S26","Active","2026-08-07T09:11:50.000Z","https://audun.co","https://www.ycombinator.com/companies/audun"
"33314","Avoca Systems","avoca-systems","S26","Active","2026-07-23T21:55:16.000Z","https://avocasystems.com","https://www.ycombinator.com/companies/avoca-systems"
"33045","Axelrod","axelrod","S26","Active","2026-07-16T21:06:54.000Z","https://axelrod.live/","https://www.ycombinator.com/companies/axelrod"
"28841","Baud","baud","S26","Active","2023-07-05T05:16:16.000Z","https://baudlabs.ai","https://www.ycombinator.com/companies/baud"
"32133","Belvedir","belvedir","S26","Active","2026-07-17T20:22:34.000Z","https://belvedir.ai/","https://www.ycombinator.com/companies/belvedir"
"32161","Bernard","bernard","S26","Active","2026-08-13T23:48:22.000Z","https://bernardhq.com/","https://www.ycombinator.com/companies/bernard"
"33606","Billow AI Labs","billow-ai-labs","S26","Active","2026-07-17T22:27:47.000Z","https://thebillow.ai/","https://www.ycombinator.com/companies/billow-ai-labs"
"32200","Bizmark","bizmark","S26","Active","2026-07-17T23:41:50.000Z","https://bizmark.ai","https://www.ycombinator.com/companies/bizmark"
"32551","Bloomy","bloomy","S26","Active","2026-06-23T02:43:30.000Z","https://bloomylearning.com/","https://www.ycombinator.com/companies/bloomy"
"32197","Buildbox","buildbox","S26","Active","2026-07-28T10:46:39.000Z","https://heybuildbox.com","https://www.ycombinator.com/companies/buildbox"
"32288","Callbook AI","callbook-ai","S26","Active","2026-08-18T03:17:57.000Z","https://callbook.ai","https://www.ycombinator.com/companies/callbook-ai"
"33021","Care GP","care-gp","S26","Active","2026-06-04T10:30:41.000Z","https://caregp.com.au/","https://www.ycombinator.com/companies/care-gp"
"33046","CarSignal","carsignal","S26","Active","2026-08-02T06:55:42.000Z","https://www.trycarsignal.com","https://www.ycombinator.com/companies/carsignal"
"33673","Caution","caution","S26","Active","2026-08-03T01:15:03.000Z","https://caution.co","https://www.ycombinator.com/companies/caution"
"32520","Cerenovus","cerenovus","S26","Active","2026-06-08T06:37:10.000Z","https://www.cerenovus.ai/","https://www.ycombinator.com/companies/cerenovus"
"33055","Chromie","chromie","S26","Active","2026-08-04T23:50:06.000Z","https://chromie.dev","https://www.ycombinator.com/companies/chromie"
"32618","Click","click","S26","Active","2026-08-05T20:59:46.000Z","https://www.useclick.ai","https://www.ycombinator.com/companies/click"
"32220","COACH","ai-coach","S26","Active","2026-07-29T19:34:57.000Z","https://www.getcoach.com/","https://www.ycombinator.com/companies/ai-coach"
"33738","CoArena","coarena","S26","Active","2026-06-24T09:41:23.000Z","http://coarena.ai","https://www.ycombinator.com/companies/coarena"
"32230","Codag","codag","S26","Active","2026-05-24T03:34:41.000Z","https://codag.ai/","https://www.ycombinator.com/companies/codag"
"32814","Computable","computable","S26","Active","2026-07-21T05:45:30.000Z","https://getcomputable.com","https://www.ycombinator.com/companies/computable"
"33936","Conifer","conifer","S26","Active","2026-07-08T15:27:20.000Z","https://www.conifer.build","https://www.ycombinator.com/companies/conifer"
"32227","Context.dev","contextdev","S26","Active","2026-06-01T14:12:06.000Z","https://context.dev","https://www.ycombinator.com/companies/contextdev"
"31261","Control Seat","control-seat","S26","Active","2026-04-29T07:36:05.000Z","https://www.controlseat.com","https://www.ycombinator.com/companies/control-seat"
"33012","Cosmic Robotics","cosmic-robotics","S26","Active","2026-07-03T19:17:33.000Z","https://www.cosmicrobotics.com/","https://www.ycombinator.com/companies/cosmic-robotics"
"31268","Cova","cova","S26","Active","2026-06-22T21:03:17.000Z","https://cova.care/","https://www.ycombinator.com/companies/cova"
"32649","Daqstra","daqstra","S26","Active","2026-07-17T08:29:51.000Z","https://www.daqstra.com","https://www.ycombinator.com/companies/daqstra"
"31223","Datoric","datoric","S26","Active","2025-12-31T04:07:15.000Z","https://www.datoric.com","https://www.ycombinator.com/companies/datoric"
"33344","Dawn Industries","dawn-industries","S26","Active","2026-08-08T01:01:13.000Z","https://www.dawnxr.com","https://www.ycombinator.com/companies/dawn-industries"
"33047","Decawork","decawork","S26","Active","2026-07-28T19:07:10.000Z","https://decawork.ai/","https://www.ycombinator.com/companies/decawork"
"32206","DeepReach Inc.","deepreach-inc","S26","Active","2026-08-12T19:45:14.000Z","http://www.deepreach.ai","https://www.ycombinator.com/companies/deepreach-inc"
"32286","Definite","definite","S26","Active","2026-06-28T21:13:44.000Z","https://www.usedefinite.com","https://www.ycombinator.com/companies/definite"
"32782","Denta","denta","S26","Active","2026-06-25T17:05:43.000Z","https://denta.com","https://www.ycombinator.com/companies/denta"
"33050","Derya","derya","S26","Active","2026-07-23T20:47:07.000Z","http://usederya.com","https://www.ycombinator.com/companies/derya"
"32202","Dialogus","dialogus","S26","Active","2026-06-27T02:55:23.000Z","https://www.dialoguslabs.com/","https://www.ycombinator.com/companies/dialogus"
"31277","Dipole Labs","dipole-labs","S26","Active","2026-08-12T18:46:39.000Z","https://dipolelabs.com/","https://www.ycombinator.com/companies/dipole-labs"
"33248","Dock","dock","S26","Active","2026-07-29T00:56:06.000Z","https://trydock.ai","https://www.ycombinator.com/companies/dock"
"32122","Donkey","donkey","S26","Active","2026-07-17T19:12:18.000Z","https://donkey.trade","https://www.ycombinator.com/companies/donkey"
"31258","Dream","dream","S26","Active","2026-08-13T18:38:36.000Z","https://www.pingdream.com/","https://www.ycombinator.com/companies/dream"
"33281","Earendil Robotics","earendil-robotics","S26","Active","2026-07-09T20:25:48.000Z","https://earendil.io","https://www.ycombinator.com/companies/earendil-robotics"
"31582","Edgerun","edgerun","S26","Active","2026-08-21T20:22:39.000Z","https://edgerun.com","https://www.ycombinator.com/companies/edgerun"
"32484","EdotEnv","edotenv","S26","Active","2026-08-12T02:58:27.000Z","https://edotenv.com","https://www.ycombinator.com/companies/edotenv"
"33805","Edviro","edviro","S26","Active","2026-06-30T08:19:13.000Z","https://edviroenergy.com","https://www.ycombinator.com/companies/edviro"
"32129","Egoist Machines","egoist-machines","S26","Active","2026-07-22T06:24:29.000Z","https://ego.ist/","https://www.ycombinator.com/companies/egoist-machines"
"32753","Ekho Labs","ekho-labs","S26","Active","2026-07-29T05:09:06.000Z","https://ekholabs.com/","https://www.ycombinator.com/companies/ekho-labs"
"31234","Ekpa","ekpa","S26","Active","2026-07-03T20:06:58.000Z","https://goekpa.com/","https://www.ycombinator.com/companies/ekpa"
"32156","Enact","enact","S26","Active","2026-08-09T21:31:30.000Z","https://enact.company","https://www.ycombinator.com/companies/enact"
"32124","Erinys","erinys","S26","Active","2026-08-09T06:51:11.000Z","https://erinys.ai","https://www.ycombinator.com/companies/erinys"
"33312","Ethos Space Resources","ethos-space-resources","S26","Active","2026-08-23T23:49:21.000Z","https://ethos-space.com","https://www.ycombinator.com/companies/ethos-space-resources"
"30735","Evergrove","evergrove","S26","Active","2026-08-13T16:09:53.000Z","https://www.evergrovelabs.com/","https://www.ycombinator.com/companies/evergrove"
"32947","Executor","executor","S26","Active","2026-07-29T17:25:07.000Z","https://executor.sh","https://www.ycombinator.com/companies/executor"
"32233","Exosat","exosat","S26","Active","2026-08-06T22:56:21.000Z","https://www.exosat.com","https://www.ycombinator.com/companies/exosat"
"33806","Experiential Labs","experiential-labs","S26","Active","2026-06-28T00:42:27.000Z","https://experientiallabs.ai","https://www.ycombinator.com/companies/experiential-labs"
"32624","Fabraix","fabraix","S26","Active","2026-07-13T03:28:51.000Z","https://fabraix.com","https://www.ycombinator.com/companies/fabraix"
"32987","Familiar","familiar","S26","Active","2026-08-12T23:49:31.000Z","https://thefamiliarlab.com","https://www.ycombinator.com/companies/familiar"
"32816","Financial Datasets","financial-datasets","S26","Active","2026-08-10T17:13:23.000Z","https://financialdatasets.ai/","https://www.ycombinator.com/companies/financial-datasets"
"32193","Floracene","floracene","S26","Active","2026-07-07T18:24:54.000Z","https://www.floracene.com/","https://www.ycombinator.com/companies/floracene"
"33282","Florin","florin","S26","Active","2026-06-25T04:16:27.000Z","https://florin.inc","https://www.ycombinator.com/companies/florin"
"32525","FlowManual","flowmanual","S26","Active","2026-06-25T05:55:13.000Z","https://flowmanual.com/","https://www.ycombinator.com/companies/flowmanual"
"33016","Gamgee","gamgee","S26","Active","2026-07-22T19:23:32.000Z","https://gamgee.io/","https://www.ycombinator.com/companies/gamgee"
"31592","GitCafe","gitcafe","S26","Active","2026-07-29T05:01:09.000Z","https://git.cafe","https://www.ycombinator.com/companies/gitcafe"
"32226","Glen","glen","S26","Active","2026-06-10T18:01:54.000Z","https://www.tryglen.com/","https://www.ycombinator.com/companies/glen"
"32583","Graphify Labs","graphify-labs","S26","Active","2026-07-26T22:51:37.000Z","https://www.graphify.com/","https://www.ycombinator.com/companies/graphify-labs"
"32586","Greypoint Industries","greypoint-industries","S26","Active","2026-06-29T20:33:41.000Z","https://greypointindustries.com/","https://www.ycombinator.com/companies/greypoint-industries"
"33144","Grip","grip","S26","Active","2026-07-28T16:04:29.000Z","https://www.griprobotics.ai","https://www.ycombinator.com/companies/grip"
"32221","Grocalo","grocalo","S26","Active","2026-08-18T03:07:45.000Z","https://grocalo.com/","https://www.ycombinator.com/companies/grocalo"
"32194","GUILD","guild","S26","Active","2026-05-15T18:31:02.000Z","https://www.guildai.co","https://www.ycombinator.com/companies/guild"
"32170","Gutgutgoose","gutgutgoose","S26","Active","2026-07-27T22:22:44.000Z","https://gutgutgoose.com/","https://www.ycombinator.com/companies/gutgutgoose"
"33573","hardware intelligence","hardware-intelligence","S26","Active","2026-07-14T18:09:11.000Z","https://hardwareintelligence.ai","https://www.ycombinator.com/companies/hardware-intelligence"
"33279","Hebbian Robotics","hebbian-robotics","S26","Active","2026-08-07T17:21:16.000Z","https://hebbianrobotics.com/","https://www.ycombinator.com/companies/hebbian-robotics"
"32123","HERA","manufacturingintelligence","S26","Active","2026-07-18T23:08:37.000Z","https://www.manufacturingintelligence.org","https://www.ycombinator.com/companies/manufacturingintelligence"
"33348","hiloop","hiloop","S26","Active","2026-07-29T18:01:34.000Z","https://hiloop.ai","https://www.ycombinator.com/companies/hiloop"
"32585","Hilstart","hilstart","S26","Active","2026-08-18T19:23:10.000Z","https://hilstart.io/","https://www.ycombinator.com/companies/hilstart"
"33277","Hop Aero","hop-aero","S26","Active","2026-06-09T18:25:29.000Z","https://hopaero.com","https://www.ycombinator.com/companies/hop-aero"
"32089","Hoplite","hoplite","S26","Active","2026-06-23T07:18:23.000Z","https://hoplite.sh","https://www.ycombinator.com/companies/hoplite"
"33062","Hubble","hubble-ai","S26","Active","2026-07-21T15:36:54.000Z","https://hubble.ai/","https://www.ycombinator.com/companies/hubble-ai"
"33177","HyperProbe","hyperprobe","S26","Active","2026-07-07T20:17:36.000Z","https://hyperprobe.co","https://www.ycombinator.com/companies/hyperprobe"
"31340","Illume Labs","illume-labs","S26","Active","2026-07-15T08:32:01.000Z","https://www.illumelabs.ai","https://www.ycombinator.com/companies/illume-labs"
"32188","IMPACT Drones","impact-drones","S26","Active","2026-08-02T20:25:45.000Z","https://www.impact-drones.com","https://www.ycombinator.com/companies/impact-drones"
"30672","Induction Labs","induction-labs","S26","Active","2025-08-19T19:36:22.000Z","https://inductionlabs.com","https://www.ycombinator.com/companies/induction-labs"
"33014","Inkbox","inkbox","S26","Active","2026-07-01T04:53:32.000Z","https://inkbox.ai","https://www.ycombinator.com/companies/inkbox"
"32190","Instaplay","instaplay","S26","Active","2026-07-16T07:57:31.000Z","https://instaplay.ai","https://www.ycombinator.com/companies/instaplay"
"32187","Insurf","insurf","S26","Active","2026-06-24T07:30:26.000Z","https://www.insurf.io","https://www.ycombinator.com/companies/insurf"
"32781","Isengard Industries Inc","isengard-industries-inc","S26","Active","2026-06-25T16:29:05.000Z","http://isengardindustries.com/","https://www.ycombinator.com/companies/isengard-industries-inc"
"32172","Jcode","jcode","S26","Active","2026-08-06T10:40:52.000Z","https://jcode.sh/","https://www.ycombinator.com/companies/jcode"
"32137","Kara","kara","S26","Active","2026-07-29T18:17:01.000Z","https://karalabs.ai/","https://www.ycombinator.com/companies/kara"
"31825","Kebra","kebra","S26","Active","2026-07-18T18:37:12.000Z","https://kebra.com","https://www.ycombinator.com/companies/kebra"
"33054","Lamb Labs","lamb-labs","S26","Active","2026-07-29T01:35:21.000Z","http://lamb-labs.com","https://www.ycombinator.com/companies/lamb-labs"
"32914","Last Accounting Company","last-accounting-company","S26","Active","2026-07-20T19:16:55.000Z","https://lastaccountingcompany.com/","https://www.ycombinator.com/companies/last-accounting-company"
"32682","LATO","lato","S26","Active","2026-06-23T04:49:00.000Z","https://www.latolabs.io/","https://www.ycombinator.com/companies/lato"
"32171","LemonLime","lemonlime","S26","Active","2026-07-06T19:58:10.000Z","https://www.lemonlime.com/","https://www.ycombinator.com/companies/lemonlime"
"33023","Levocred AI","levocred-ai","S26","Active","2026-06-21T06:13:18.000Z","https://levocred.com/","https://www.ycombinator.com/companies/levocred-ai"
"31226","Libra Robotics","libra-robotics","S26","Active","2026-07-10T01:38:51.000Z","https://www.librabots.com/","https://www.ycombinator.com/companies/libra-robotics"
"31304","Litmus","litmus-hiring","S26","Active","2026-07-08T18:58:24.000Z","https://litmushiring.com/","https://www.ycombinator.com/companies/litmus-hiring"
"33283","Locke","locke","S26","Active","2026-07-05T23:18:39.000Z","https://locke.inc","https://www.ycombinator.com/companies/locke"
"32848","Luca IQ","luca-iq","S26","Active","2026-07-29T22:32:29.000Z","https://lucaiq.com/","https://www.ycombinator.com/companies/luca-iq"
"32985","Lumeria","lumeria","S26","Active","2026-07-25T19:46:27.000Z","https://lumeria.skin","https://www.ycombinator.com/companies/lumeria"
"32191","Lyon","lyon","S26","Active","2026-08-14T08:09:47.000Z","https://lyon.so","https://www.ycombinator.com/companies/lyon"
"32527","machine0","machine0","S26","Active","2026-06-09T06:51:53.000Z","https://machine0.io","https://www.ycombinator.com/companies/machine0"
"33639","Magma","magma","S26","Active","2026-08-13T07:40:34.000Z","https://magmahq.ai","https://www.ycombinator.com/companies/magma"
"32157","Maingen","maingen","S26","Active","2026-07-22T02:43:59.000Z","https://www.maingen.ai/","https://www.ycombinator.com/companies/maingen"
"32260","Manifold","manifold-2","S26","Active","2026-07-20T09:55:43.000Z","https://www.manifoldindustries.ai/","https://www.ycombinator.com/companies/manifold-2"
"32223","Marble","joinmarble","S26","Active","2026-06-21T22:00:17.000Z","https://joinmarble.ai/","https://www.ycombinator.com/companies/joinmarble"
"32981","Marengo","marengo","S26","Active","2026-08-08T09:35:08.000Z","https://marengox.com","https://www.ycombinator.com/companies/marengo"
"31352","Marker","marker","S26","Active","2026-08-18T01:36:31.000Z","https://onmarker.com","https://www.ycombinator.com/companies/marker"
"32988","Markov","markov","S26","Active","2026-06-24T05:10:33.000Z","https://www.markovstudios.com/","https://www.ycombinator.com/companies/markov"
"32128","Mass Magnetics","mass-magnetics","S26","Active","2026-08-14T19:30:39.000Z","https://massmagnetics.com/","https://www.ycombinator.com/companies/mass-magnetics"
"31495","Mentlio","mentlio","S26","Active","2026-08-13T02:49:50.000Z","https://mentlio.com","https://www.ycombinator.com/companies/mentlio"
"31249","Meteoric","meteoric","S26","Active","2026-08-13T06:17:59.000Z","https://meteoric.earth/","https://www.ycombinator.com/companies/meteoric"
"33052","Mireye","mireye","S26","Active","2026-06-14T01:04:38.000Z","https://www.mireye.com/","https://www.ycombinator.com/companies/mireye"
"32205","MOCHI.TV","mochitv","S26","Active","2026-08-13T06:30:22.000Z","https://www.mochi.tv/","https://www.ycombinator.com/companies/mochitv"
"32521","Molagri","molagri","S26","Active","2026-06-29T21:53:30.000Z","https://molagri.com","https://www.ycombinator.com/companies/molagri"
"32201","Mosaic","mosaic-inc","S26","Active","2026-08-09T20:57:36.000Z","https://mosaic.inc","https://www.ycombinator.com/companies/mosaic-inc"
"31341","Most Robotic","most-robotic","S26","Active","2026-06-29T19:25:02.000Z","https://mostrobotic.com/","https://www.ycombinator.com/companies/most-robotic"
"32752","Moving Atoms","moving-atoms","S26","Active","2026-08-11T20:46:40.000Z","https://movingatoms.ai/","https://www.ycombinator.com/companies/moving-atoms"
"32138","Nebula Security","nebula-security","S26","Active","2026-07-02T15:47:21.000Z","https://nebusec.ai","https://www.ycombinator.com/companies/nebula-security"
"32716","Neuromorphic","neuromorphic","S26","Active","2026-08-06T22:49:04.000Z","https://www.neuromorphic.vision/","https://www.ycombinator.com/companies/neuromorphic"
"32717","Neuron Industries","neuron-industries","S26","Active","2026-07-23T19:41:40.000Z","https://neuronindustries.com","https://www.ycombinator.com/companies/neuron-industries"
"33342","Nex","nex","S26","Active","2026-07-16T07:34:22.000Z","https://nex.ai","https://www.ycombinator.com/companies/nex"
"32553","Nori","noril1","S26","Active","2026-07-03T17:24:11.000Z","http://norirobotics.com","https://www.ycombinator.com/companies/noril1"
"32130","Olam Labs","olam-labs","S26","Active","2026-07-20T20:05:01.000Z","https://olamlabs.ai","https://www.ycombinator.com/companies/olam-labs"
"32623","Omanta","omanta","S26","Active","2026-08-03T21:40:52.000Z","https://omanta.com/","https://www.ycombinator.com/companies/omanta"
"33320","OneCLI","onecli","S26","Active","2026-07-12T20:42:36.000Z","https://onecli.sh","https://www.ycombinator.com/companies/onecli"
"31074","OneTriangle","onetriangle","S26","Active","2026-07-06T22:52:32.000Z","https://onetriangle.ai/","https://www.ycombinator.com/companies/onetriangle"
"32554","Ooak Data","ooak-data","S26","Active","2026-07-13T05:58:21.000Z","https://ooakdata.com/","https://www.ycombinator.com/companies/ooak-data"
"33249","OpenRelay","openrelay","S26","Active","2026-07-09T02:44:11.000Z","https://www.openrelay.inc","https://www.ycombinator.com/companies/openrelay"
"33969","OpenTag","opentag","S26","Active","2026-08-18T22:54:31.000Z","https://www.tryopentag.com/","https://www.ycombinator.com/companies/opentag"
"32121","OpenTrade","opentrade","S26","Active","2026-07-09T04:51:00.000Z","https://opentrade.live/","https://www.ycombinator.com/companies/opentrade"
"31301","OpenVector","openvector","S26","Active","2026-07-29T23:57:48.000Z","https://openvector.com","https://www.ycombinator.com/companies/openvector"
"30728","OS3","os3","S26","Active","2025-07-23T19:11:36.000Z","https://os3robotics.com/","https://www.ycombinator.com/companies/os3"
"31342","Osmaura","osmaura","S26","Active","2026-06-20T22:31:40.000Z","https://osmaura.com","https://www.ycombinator.com/companies/osmaura"
"33540","Osseus","osseus","S26","Active","2026-07-11T03:21:09.000Z","https://osseus.ai/","https://www.ycombinator.com/companies/osseus"
"32913","Pacific","pacific","S26","Active","2026-08-09T18:37:12.000Z","https://gopacific.ai/","https://www.ycombinator.com/companies/pacific"
"31349","Palette","palette-2","S26","Active","2026-07-10T22:26:21.000Z","https://palettelabs.com/","https://www.ycombinator.com/companies/palette-2"
"32136","Palisade","palisade","S26","Active","2026-08-13T14:58:02.000Z","https://palisade.run","https://www.ycombinator.com/companies/palisade"
"33059","Palisade","palisade-2","S26","Active","2026-07-22T17:47:12.000Z","https://palisade-ai.com/","https://www.ycombinator.com/companies/palisade-2"
"31989","Pango","pango","S26","Active","2026-06-18T06:33:14.000Z","https://pango.ai/","https://www.ycombinator.com/companies/pango"
"32134","Parasma","parasma","S26","Active","2026-06-24T07:14:20.000Z","https://parasma.com","https://www.ycombinator.com/companies/parasma"
"32522","Peer","peer","S26","Active","2026-08-10T04:40:32.000Z","https://peer-freight.com","https://www.ycombinator.com/companies/peer"
"33048","Pennant","pennant","S26","Active","2026-08-13T01:33:52.000Z","https://www.getpennant.ai","https://www.ycombinator.com/companies/pennant"
"32127","Perceptron ML","perceptron-ml","S26","Active","2026-06-26T19:02:07.000Z","https://perceptronml.com","https://www.ycombinator.com/companies/perceptron-ml"
"33310","Petrarch","petrarch","S26","Active","2026-07-02T04:12:02.000Z","https://petrarch.co/","https://www.ycombinator.com/companies/petrarch"
"32526","Pluto","talentpluto","S26","Active","2026-06-23T16:07:47.000Z","https://talentpluto.com","https://www.ycombinator.com/companies/talentpluto"
"32748","PokerClubHub","pokerclubhub","S26","Active","2026-07-26T01:19:51.000Z","https://www.pokerclubhub.com","https://www.ycombinator.com/companies/pokerclubhub"
"31272","Poth Labs","poth-labs","S26","Active","2026-06-24T18:37:53.000Z","https://pothlabs.com","https://www.ycombinator.com/companies/poth-labs"
"33022","Praxis Robotics","praxis-robotics","S26","Active","2026-07-01T23:28:48.000Z","https://www.praxisrobotics.io","https://www.ycombinator.com/companies/praxis-robotics"
"31086","Prescience, Inc.","prescience-inc","S26","Active","2026-06-08T19:41:23.000Z","https://www.getprescience.com/","https://www.ycombinator.com/companies/prescience-inc"
"33278","PRINCEPS","princeps","S26","Active","2026-08-13T05:54:38.000Z","https://princeps.dev","https://www.ycombinator.com/companies/princeps"
"32164","Prized","prized","S26","Active","2026-06-30T06:23:38.000Z","https://prized.dev","https://www.ycombinator.com/companies/prized"
"32254","Prodigy Research","prodigy-research","S26","Active","2026-08-08T01:44:08.000Z","https://prodigy.markets","https://www.ycombinator.com/companies/prodigy-research"
"31569","Proprio Robotics","proprio-robotics","S26","Active","2026-07-21T10:42:42.000Z","https://www.propriorobotics.com/","https://www.ycombinator.com/companies/proprio-robotics"
"33017","ProvenMetal","provenmetal","S26","Active","2026-07-09T21:33:50.000Z","https://provenmetal.com","https://www.ycombinator.com/companies/provenmetal"
"32625","Qlo","qlo","S26","Active","2026-08-07T05:25:12.000Z","https://www.getqlo.com/","https://www.ycombinator.com/companies/qlo"
"33020","Radley","radley","S26","Active","2026-08-07T00:06:08.000Z","https://radley.health/","https://www.ycombinator.com/companies/radley"
"31161","Rapidfolio","rapidfolio","S26","Active","2026-07-16T20:35:37.000Z","https://rapidfolio.com/","https://www.ycombinator.com/companies/rapidfolio"
"32261","Rasyn","rasyn","S26","Active","2026-08-03T05:47:10.000Z","https://www.rasyn.ai/","https://www.ycombinator.com/companies/rasyn"
"32622","Rational","rational","S26","Active","2026-07-16T03:28:35.000Z","https://rational.to","https://www.ycombinator.com/companies/rational"
"32195","RealPact","realpact","S26","Active","2026-06-03T03:02:13.000Z","https://realpact.ai","https://www.ycombinator.com/companies/realpact"
"31555","rekursiv.ai","rekursivai","S26","Active","2026-07-19T02:43:11.000Z","https://rekursiv.ai","https://www.ycombinator.com/companies/rekursivai"
"32155","Rex","rex-inc","S26","Active","2026-05-27T17:43:51.000Z","https://www.rex.inc","https://www.ycombinator.com/companies/rex-inc"
"32198","Riften","riften","S26","Active","2026-08-04T19:49:55.000Z","https://riften.ai","https://www.ycombinator.com/companies/riften"
"31570","Rindler","rindler","S26","Active","2026-07-07T07:19:59.000Z","https://rindler.ai","https://www.ycombinator.com/companies/rindler"
"32192","Rise Reforming","rise-reforming","S26","Active","2026-07-07T22:45:55.000Z","https://rise-reforming.com/home","https://www.ycombinator.com/companies/rise-reforming"
"32650","Risklytics","risklytics","S26","Active","2026-07-03T23:59:57.000Z","https://www.risklytics.ai/","https://www.ycombinator.com/companies/risklytics"
"33349","Robocurve","robocurve","S26","Active","2026-07-06T22:48:08.000Z","https://robocurve.org","https://www.ycombinator.com/companies/robocurve"
"32979","RonanRx Inc.","ronanrx-inc","S26","Active","2026-07-24T15:58:07.000Z","https://ronanrx.com/","https://www.ycombinator.com/companies/ronanrx-inc"
"33408","Salem Robotics Inc","salem-robotics-inc","S26","Active","2026-07-03T04:17:01.000Z","https://salemroboticsinc.com","https://www.ycombinator.com/companies/salem-robotics-inc"
"32259","screenpipe","screenpipe","S26","Active","2026-07-07T01:10:50.000Z","https://screenpipe.com","https://www.ycombinator.com/companies/screenpipe"
"32131","Shielded","shielded","S26","Active","2026-07-21T04:07:03.000Z","https://www.shieldedglobal.com/","https://www.ycombinator.com/companies/shielded"
"33053","Shiraz AI","shiraz-ai","S26","Active","2026-08-12T06:59:50.000Z","https://shiraz.ai","https://www.ycombinator.com/companies/shiraz-ai"
"31437","Sidekick","textsidekick","S26","Active","2026-04-07T18:00:01.000Z","https://textsidekick.com/","https://www.ycombinator.com/companies/textsidekick"
"33111","Skymerse","skymerse","S26","Active","2026-07-09T23:35:55.000Z","https://skymerse.com","https://www.ycombinator.com/companies/skymerse"
"33345","Snap Poker","snap-poker","S26","Active","2026-08-14T22:01:16.000Z","https://playsnappoker.com","https://www.ycombinator.com/companies/snap-poker"
"33311","SpaceFlow Technologies, Inc.","spaceflow-technologies-inc","S26","Active","2026-08-02T04:22:37.000Z","https://spaceflow.tech","https://www.ycombinator.com/companies/spaceflow-technologies-inc"
"32257","Spectre Intelligence","spectre-intelligence","S26","Active","2026-08-22T17:50:48.000Z","https://www.spectreintelligence.ai","https://www.ycombinator.com/companies/spectre-intelligence"
"32169","Speko","speko","S26","Active","2026-07-07T02:58:19.000Z","https://speko.ai/?utm_source=ycombinator&utm_medium=profile","https://www.ycombinator.com/companies/speko"
"32517","Standard Machines","standard-machines","S26","Active","2026-08-01T22:25:38.000Z","https://standardmachines.com","https://www.ycombinator.com/companies/standard-machines"
"32225","Stoa","stoa","S26","Active","2026-07-29T23:30:11.000Z","https://www.stoaexchange.com","https://www.ycombinator.com/companies/stoa"
"32523","Stratum Industries","stratum-industries","S26","Active","2026-07-29T22:47:30.000Z","https://stratumindustries.co/","https://www.ycombinator.com/companies/stratum-industries"
"32162","Studio","studio","S26","Active","2026-08-19T04:40:00.000Z","https://trystudio.ai","https://www.ycombinator.com/companies/studio"
"33313","SubVysion","subvysion","S26","Active","2026-07-13T16:32:54.000Z","https://subvysion.com","https://www.ycombinator.com/companies/subvysion"
"30914","Sunflower","sunflower","S26","Active","2025-09-11T02:45:29.000Z","https://sunflowerclinic.com/","https://www.ycombinator.com/companies/sunflower"
"32168","Synapse Semiconductor","synapse-semiconductor","S26","Active","2026-07-26T23:38:19.000Z","https://synapsesemi.org","https://www.ycombinator.com/companies/synapse-semiconductor"
"32587","TareBio","tarebio","S26","Active","2026-07-31T01:52:34.000Z","https://tarebio.com/","https://www.ycombinator.com/companies/tarebio"
"32319","Tarifflo Inc.","tarifflo-inc","S26","Active","2026-08-14T02:31:58.000Z","https://www.tarifflo.com","https://www.ycombinator.com/companies/tarifflo-inc"
"31923","tash","tash","S26","Active","2026-07-31T18:22:17.000Z","https://www.tash.cards/","https://www.ycombinator.com/companies/tash"
"32627","Tenor","tenor","S26","Active","2026-08-11T20:40:56.000Z","https://heytenor.com/","https://www.ycombinator.com/companies/tenor"
"30904","Tensr","tensr","S26","Active","2025-11-13T20:24:06.000Z","https://tensr.com/","https://www.ycombinator.com/companies/tensr"
"31858","Torus","torus","S26","Active","2026-07-08T23:09:59.000Z","https://www.usetorus.com","https://www.ycombinator.com/companies/torus"
"32253","Touchmark","touchmark","S26","Active","2026-06-13T01:06:41.000Z","https://touchmark.ai","https://www.ycombinator.com/companies/touchmark"
"33051","Touchy","touchy","S26","Active","2026-08-14T18:34:57.000Z","https://touchyapp.com","https://www.ycombinator.com/companies/touchy"
"33178","TovenAI","tovenai","S26","Active","2026-08-12T18:45:17.000Z","https://toven.ai","https://www.ycombinator.com/companies/tovenai"
"32418","Traceforce","traceforce","S26","Active","2026-07-25T21:40:08.000Z","https://www.traceforce.ai","https://www.ycombinator.com/companies/traceforce"
"33316","Tracer","tracer","S26","Active","2026-07-29T02:11:56.000Z","https://tracerml.ai","https://www.ycombinator.com/companies/tracer"
"31537","Trident","trident","S26","Active","2026-07-29T21:52:02.000Z","https://tridentsecurity.io/","https://www.ycombinator.com/companies/trident"
"32135","Trope","trope","S26","Active","2026-07-07T18:00:20.000Z","https://trope.ai","https://www.ycombinator.com/companies/trope"
"32815","TryNearby","trynearby","S26","Active","2026-08-11T22:48:00.000Z","https://trynearby.com","https://www.ycombinator.com/companies/trynearby"
"31259","Tsenta","tsenta","S26","Active","2026-01-29T23:27:32.000Z","https://tsenta.com","https://www.ycombinator.com/companies/tsenta"
"32750","Ultrasonium","ultrasonium","S26","Active","2026-08-04T19:05:10.000Z","https://ultrasonium.com/","https://www.ycombinator.com/companies/ultrasonium"
"32167","Understudy Labs","understudy-labs","S26","Active","2026-07-11T03:29:27.000Z","https://understudylabs.com/","https://www.ycombinator.com/companies/understudy-labs"
"32352","Veltha","veltha","S26","Active","2026-08-13T19:44:25.000Z","https://veltha.ai/","https://www.ycombinator.com/companies/veltha"
"32620","Vendo","vendo","S26","Active","2026-07-19T06:58:04.000Z","https://vendo.run/","https://www.ycombinator.com/companies/vendo"
"32189","Verdant","verdant","S26","Active","2026-06-29T23:09:01.000Z","https://www.verdantapp.com/","https://www.ycombinator.com/companies/verdant"
"33179","Verdict Machine","verdict-machine","S26","Active","2026-08-10T15:12:17.000Z","https://verdictmachine.com","https://www.ycombinator.com/companies/verdict-machine"
"33319","Vernius Systems, Inc.","vernius-systems-inc","S26","Active","2026-08-15T16:55:46.000Z","https://www.vernius.systems","https://www.ycombinator.com/companies/vernius-systems-inc"
"32751","Vestris","vestris","S26","Active","2026-07-07T03:41:45.000Z","https://vestris.ai/","https://www.ycombinator.com/companies/vestris"
"31047","Waddle Labs","waddle-labs","S26","Active","2026-07-24T10:54:58.000Z","https://www.waddlelabs.ai/","https://www.ycombinator.com/companies/waddle-labs"
"32948","Waybill","waybill","S26","Active","2026-08-14T07:02:16.000Z","https://www.waybill.to/","https://www.ycombinator.com/companies/waybill"
"32617","Whitespace","whitespace","S26","Active","2026-06-25T12:03:57.000Z","https://whitespacehq.ai/","https://www.ycombinator.com/companies/whitespace"
"33317","Wondering","wondering","S26","Active","2026-07-27T06:59:46.000Z","https://wondering.app","https://www.ycombinator.com/companies/wondering"
"31425","WonderTx","wondertx","S26","Active","2026-08-13T19:20:12.000Z","https://wondertx.ai/","https://www.ycombinator.com/companies/wondertx"
"32256","Zaplar","zaplar","S26","Active","2026-07-23T16:10:49.000Z","https://zaplar.com","https://www.ycombinator.com/companies/zaplar"
"32154","Zomma","zomma","S26","Active","2026-07-09T04:48:46.000Z","https://zommalabs.com","https://www.ycombinator.com/companies/zomma"
"36348","antimattr","antimattr","F26","Active","2026-08-16T23:20:49.000Z","https://antimattr.one/","https://www.ycombinator.com/companies/antimattr"
"35290","Antropi Robotics","antropi-robotics","F26","Active","2026-08-09T14:15:17.000Z","https://www.antropi.world/","https://www.ycombinator.com/companies/antropi-robotics"
"35058","Capveon","capveon","F26","Active","2026-08-19T17:36:28.000Z","https://capveon.ai","https://www.ycombinator.com/companies/capveon"
"31461","Collar","collar","F26","Active","2026-04-25T09:57:03.000Z","https://usecollarai.com","https://www.ycombinator.com/companies/collar"
"36084","Covera","covera","F26","Active","2026-08-21T14:58:58.000Z","https://www.covera-agents.com/","https://www.ycombinator.com/companies/covera"
"31452","Degla Inc","degla-inc","F26","Active","2026-04-07T14:06:47.000Z","https://degla.ai","https://www.ycombinator.com/companies/degla-inc"
"35094","Forward","useforward","F26","Active","2026-08-06T00:26:11.000Z","https://www.useforward.co/","https://www.ycombinator.com/companies/useforward"
"31378","GodHands","godhands","F26","Active","2026-04-25T21:09:59.000Z","https://godhands.dev","https://www.ycombinator.com/companies/godhands"
"35522","Hemlock","hemlock","F26","Active","2026-08-11T23:35:05.000Z","https://hemlock.info","https://www.ycombinator.com/companies/hemlock"
"34464","herdr","herdr","F26","Active","2026-08-06T17:52:18.000Z","https://herdr.dev/","https://www.ycombinator.com/companies/herdr"
"34365","Lambda Robotics","lambda-robotics","F26","Active","2026-07-30T04:26:51.000Z","https://lambdarobotics.ai","https://www.ycombinator.com/companies/lambda-robotics"
"35190","Lantern AI","lantern-ai","F26","Active","2026-08-18T05:16:46.000Z","https://www.lantern.md","https://www.ycombinator.com/companies/lantern-ai"
"33804","Lightfield","lightfield","F26","Active","2026-08-15T23:12:12.000Z","https://trylightfield.ai","https://www.ycombinator.com/companies/lightfield"
"34794","Qokedas","qokedas","F26","Active","2026-08-03T22:11:13.000Z","https://qokedas.com/","https://www.ycombinator.com/companies/qokedas"
"36940","Quippy","quippy","F26","Active","2026-08-26T16:13:52.000Z","https://quippyapp.com","https://www.ycombinator.com/companies/quippy"
"37600","Redoubt Insurance","redoubt-insurance","F26","Active","2026-08-26T01:29:24.000Z","https://www.redoubt.agency","https://www.ycombinator.com/companies/redoubt-insurance"
"31591","RightNow","rightnow","F26","Active","2026-05-22T18:32:36.000Z","https://runinfra.ai/","https://www.ycombinator.com/companies/rightnow"
"34597","Sentient OS","sentient-os","F26","Active","2026-08-24T11:45:28.000Z","https://sentient-os.ai","https://www.ycombinator.com/companies/sentient-os"
"33838","Simantic","simantic","F26","Active","2026-06-24T18:58:05.000Z","https://simantic.dev","https://www.ycombinator.com/companies/simantic"
"34629","Simulithic","simulithic","F26","Active","2026-08-11T17:20:33.000Z","https://simulithic.com","https://www.ycombinator.com/companies/simulithic"
"35128","Talos","talos-us","F26","Active","2026-08-26T16:57:46.000Z","https://www.talos-us.com/","https://www.ycombinator.com/companies/talos-us"
"34761","Veeza AI","veeza-ai","F26","Active","2026-08-16T05:35:36.000Z","https://veeza.ai","https://www.ycombinator.com/companies/veeza-ai"
"35784","Vorelios","vorelios","F26","Active","2026-08-11T03:09:29.000Z","https://vorelios.com","https://www.ycombinator.com/companies/vorelios"
