yc_id,name,yc_slug,batch,status,website,yc_profile_url,roster_source,historical_only,link_status,evidence,crunchbase_slug,crunchbase_url,invalid_source_value,risk_categories,risk_count,risk_unverified_candidate,risk_archive_observed_candidate,risk_source_conflict,risk_url_collision,risk_invalid_source_value,risk_historical_only,risk_invalid_company_website,risk_slug_only_source,risk_sample_validation_failed,risk_sample_validation_unresolved,collision_yc_ids,conflict_datahive_url,conflict_radema_url,manual_validation_status,validated_crunchbase_url,manual_validation_note
1700,10 By 10,10-by-10,Summer 2017,Active,https://10by10.io,https://www.ycombinator.com/companies/10-by-10,yc_oss_current,false,publicly_sourced,datahive_cb_url,10-by-10,https://www.crunchbase.com/organization/10-by-10,,,0,false,false,false,false,false,false,false,false,false,false,,,,,,
30250,10x,10x,Winter 2025,Active,https://www.10xdental.com/,https://www.ycombinator.com/companies/10x,yc_oss_current,false,publicly_sourced,datahive_cb_url,gradewiz,https://www.crunchbase.com/organization/gradewiz,,,0,false,false,false,false,false,false,false,false,false,false,,,,,,
747,20n,20n,Winter 2015,Inactive,http://20n.com,https://www.ycombinator.com/companies/20n,yc_oss_current,false,publicly_sourced,datahive_cb_url,20n,https://www.crunchbase.com/organization/20n,,,0,false,false,false,false,false,false,false,false,false,false,,,,,,
312,280 North,280-north,Winter 2008,Acquired,http://280north.com,https://www.ycombinator.com/companies/280-north,yc_oss_current,false,publicly_sourced,datahive_cb_url,280-north,https://www.crunchbase.com/organization/280-north,,,0,false,false,false,false,false,false,false,false,false,false,,,,,,
571,42,42,Winter 2014,Active,https://42technologies.com,https://www.ycombinator.com/companies/42,yc_oss_current,false,publicly_sourced,datahive_cb_url,42,https://www.crunchbase.com/organization/42,,,0,false,false,false,false,false,false,false,false,false,false,,,,,,
7,42Floors,42floors,Winter 2012,Acquired,http://42floors.com,https://www.ycombinator.com/companies/42floors,yc_oss_current,false,publicly_sourced,datahive_cb_url,42floors,https://www.crunchbase.com/organization/42floors,,,0,false,false,false,false,false,false,false,false,false,false,,,,,,
213,500Friends,500friends,Winter 2010,Acquired,http://500friends.com,https://www.ycombinator.com/companies/500friends,yc_oss_current,false,publicly_sourced,datahive_cb_url,500friends,https://www.crunchbase.com/organization/500friends,,,0,false,false,false,false,false,false,false,false,false,false,,,,,,
12252,54Gene,54gene,Winter 2019,Inactive,http://www.54gene.com,https://www.ycombinator.com/companies/54gene,yc_oss_current,false,publicly_sourced,datahive_cb_url,54gene,https://www.crunchbase.com/organization/54gene,,,0,false,false,false,false,false,false,false,false,false,false,,,,,,
517,7cups,7cups,Summer 2013,Active,http://7cups.com,https://www.ycombinator.com/companies/7cups,yc_oss_current,false,publicly_sourced,datahive_cb_url,7-cups-of-tea,https://www.crunchbase.com/organization/7-cups-of-tea,,,0,false,false,false,false,false,false,false,false,false,false,,,,,,
941,"80,000 Hours",80-000-hours,Summer 2015,Active,http://80000hours.org,https://www.ycombinator.com/companies/80-000-hours,yc_oss_current,false,publicly_sourced,datahive_cb_url,80-000-hours,https://www.crunchbase.com/organization/80-000-hours,,,0,false,false,false,false,false,false,false,false,false,false,,,,,,
48,99dresses,99dresses,Winter 2012,Inactive,http://99dresses.com,https://www.ycombinator.com/companies/99dresses,yc_oss_current,false,publicly_sourced,datahive_cb_url,99dresses,https://www.crunchbase.com/organization/99dresses,,,0,false,false,false,false,false,false,false,false,false,false,,,,,,
13523,99minutos,99minutos,Winter 2020,Active,https://99minutos.com,https://www.ycombinator.com/companies/99minutos,yc_oss_current,false,publicly_sourced,datahive_cb_url,99-minutos,https://www.crunchbase.com/organization/99-minutos,,,0,false,false,false,false,false,false,false,false,false,false,,,,,,
469,9gag,9gag,Summer 2012,Active,http://9gag.com,https://www.ycombinator.com/companies/9gag,yc_oss_current,false,publicly_sourced,datahive_cb_url,9gag,https://www.crunchbase.com/organization/9gag,,,0,false,false,false,false,false,false,false,false,false,false,,,,,,
305,A Thinking Ape,a-thinking-ape,Winter 2008,Acquired,http://athinkingape.com,https://www.ycombinator.com/companies/a-thinking-ape,yc_oss_current,false,publicly_sourced,datahive_cb_url,a-thinking-ape,https://www.crunchbase.com/organization/a-thinking-ape,,,0,false,false,false,false,false,false,false,false,false,false,,,,,,
22579,Abacum,abacum,Winter 2021,Active,https://www.abacum.ai/,https://www.ycombinator.com/companies/abacum,yc_oss_current,false,publicly_sourced,datahive_cb_url,abacum,https://www.crunchbase.com/organization/abacum,,,0,false,false,false,false,false,false,false,false,false,false,,,,,,
572,Abacus,abacus,Winter 2014,Acquired,http://abacus.com,https://www.ycombinator.com/companies/abacus,yc_oss_current,false,publicly_sourced,radema_cb_url,abacus-labs,https://www.crunchbase.com/organization/abacus-labs,,,0,false,false,false,false,false,false,false,false,false,false,,,,,,
13081,Abalone Bio,abalone-bio,Winter 2020,Active,https://www.abalonebio.com,https://www.ycombinator.com/companies/abalone-bio,yc_oss_current,false,publicly_sourced,datahive_cb_url,abalone-bio-inc,https://www.crunchbase.com/organization/abalone-bio-inc,,,0,false,false,false,false,false,false,false,false,false,false,,,,,,
24147,Abbot,abbot,Summer 2021,Inactive,https://ab.bot,https://www.ycombinator.com/companies/abbot,yc_oss_current,false,publicly_sourced,datahive_cb_url,a-serious-business,https://www.crunchbase.com/organization/a-serious-business,,,0,false,false,false,false,false,false,false,false,false,false,,,,,,
24685,Abhi,abhi,Summer 2021,Active,https://abhi.com.pk/,https://www.ycombinator.com/companies/abhi,yc_oss_current,false,publicly_sourced,datahive_cb_url,abhi,https://www.crunchbase.com/organization/abhi,,,0,false,false,false,false,false,false,false,false,false,false,,,,,,
1004,Able Health,able-health,Winter 2016,Acquired,http://ablehealth.com,https://www.ycombinator.com/companies/able-health,yc_oss_current,false,publicly_sourced,datahive_cb_url,able-health,https://www.crunchbase.com/organization/able-health,,,0,false,false,false,false,false,false,false,false,false,false,,,,,,
23958,Abstra,abstra,Summer 2021,Active,https://abstra.io,https://www.ycombinator.com/companies/abstra,yc_oss_current,false,publicly_sourced,datahive_cb_url,abstra,https://www.crunchbase.com/organization/abstra,,,0,false,false,false,false,false,false,false,false,false,false,,,,,,
1283,Abundance Labs,abundance-labs,Summer 2016,Inactive,http://abundancelabs.io,https://www.ycombinator.com/companies/abundance-labs,yc_oss_current,false,publicly_sourced,datahive_cb_url,heysimbi,https://www.crunchbase.com/organization/heysimbi,,,0,false,false,false,false,false,false,false,false,false,false,,,,,,
12344,Accept.inc (formerly BoardRE),accept-inc,Winter 2019,Acquired,http://www.accept.inc,https://www.ycombinator.com/companies/accept-inc,yc_oss_current,false,publicly_sourced,datahive_cb_url,board-live,https://www.crunchbase.com/organization/board-live,,,0,false,false,false,false,false,false,false,false,false,false,,,,,,
12242,AccioJob,acciojob,Winter 2019,Active,http://www.acciojob.com,https://www.ycombinator.com/companies/acciojob,yc_oss_current,false,publicly_sourced,datahive_cb_url,acciojob,https://www.crunchbase.com/organization/acciojob,,,0,false,false,false,false,false,false,false,false,false,false,,,,,,
1809,Acely,acely,Winter 2018,Active,https://acely.com,https://www.ycombinator.com/companies/acely,yc_oss_current,false,publicly_sourced,datahive_cb_url,juni-learning,https://www.crunchbase.com/organization/juni-learning,,,0,false,false,false,false,false,false,false,false,false,false,,,,,,
1575,ACLU,aclu,Winter 2017,Active,https://www.aclu.org/,https://www.ycombinator.com/companies/aclu,yc_oss_current,false,publicly_sourced,datahive_cb_url,american-civil-liberties-union,https://www.crunchbase.com/organization/american-civil-liberties-union,,,0,false,false,false,false,false,false,false,false,false,false,,,,,,
1910,Activeloop,activeloop,Summer 2018,Active,https://activeloop.ai/,https://www.ycombinator.com/companies/activeloop,yc_oss_current,false,publicly_sourced,datahive_cb_url,snark-ai,https://www.crunchbase.com/organization/snark-ai,,,0,false,false,false,false,false,false,false,false,false,false,,,,,,
26792,Activepieces,activepieces,Summer 2022,Active,https://www.activepieces.com,https://www.ycombinator.com/companies/activepieces,yc_oss_current,false,publicly_sourced,datahive_cb_url,activepieces,https://www.crunchbase.com/organization/activepieces,,,0,false,false,false,false,false,false,false,false,false,false,,,,,,
143,Acunote,acunote,Winter 2011,Active,http://acunote.com,https://www.ycombinator.com/companies/acunote,yc_oss_current,false,publicly_sourced,datahive_cb_url,acunote,https://www.crunchbase.com/organization/acunote,,,0,false,false,false,false,false,false,false,false,false,false,,,,,,
13141,Aden,aden,Winter 2020,Active,https://adenhq.com/,https://www.ycombinator.com/companies/aden,yc_oss_current,false,publicly_sourced,datahive_cb_url,acho,https://www.crunchbase.com/organization/acho,,,0,false,false,false,false,false,false,false,false,false,false,,,,,,
209,AdGrok,adgrok,Summer 2010,Acquired,http://adgrok.com,https://www.ycombinator.com/companies/adgrok,yc_oss_current,false,publicly_sourced,datahive_cb_url,adgrok,https://www.crunchbase.com/organization/adgrok,,,0,false,false,false,false,false,false,false,false,false,false,,,,,,
261,AdThrow,adthrow,Summer 2009,Inactive,http://adthrow.com,https://www.ycombinator.com/companies/adthrow,yc_oss_current,false,publicly_sourced,datahive_cb_url,adthrow,https://www.crunchbase.com/organization/adthrow,,,0,false,false,false,false,false,false,false,false,false,false,,,,,,
1621,Advano,advano,Summer 2017,Active,http://www.advano.io,https://www.ycombinator.com/companies/advano,yc_oss_current,false,publicly_sourced,datahive_cb_url,advano,https://www.crunchbase.com/organization/advano,,,0,false,false,false,false,false,false,false,false,false,false,,,,,,
24086,Advantage Club,advantage-club,Summer 2021,Active,https://www.advantageclub.co,https://www.ycombinator.com/companies/advantage-club,yc_oss_current,false,publicly_sourced,datahive_cb_url,advantage-club,https://www.crunchbase.com/organization/advantage-club,,,0,false,false,false,false,false,false,false,false,false,false,,,,,,
11990,Adventurous Co,adventurous-co,Winter 2019,Inactive,http://adventurous.co,https://www.ycombinator.com/companies/adventurous-co,yc_oss_current,false,publicly_sourced,datahive_cb_url,adventurous-co,https://www.crunchbase.com/organization/adventurous-co,,,0,false,false,false,false,false,false,false,false,false,false,,,,,,
183,AeroFS,aerofs,Summer 2010,Acquired,http://aerofs.com,https://www.ycombinator.com/companies/aerofs,yc_oss_current,false,publicly_sourced,datahive_cb_url,aerofs,https://www.crunchbase.com/organization/aerofs,,,0,false,false,false,false,false,false,false,false,false,false,,,,,,
1875,Aerones,aerones,Winter 2018,Active,http://www.aerones.com,https://www.ycombinator.com/companies/aerones,yc_oss_current,false,publicly_sourced,datahive_cb_url,aerones,https://www.crunchbase.com/organization/aerones,,,0,false,false,false,false,false,false,false,false,false,false,,,,,,
23096,Aerotime,aerotime,Winter 2021,Inactive,https://www.aerotime.com,https://www.ycombinator.com/companies/aerotime,yc_oss_current,false,publicly_sourced,datahive_cb_url,aerotime,https://www.crunchbase.com/organization/aerotime,,,0,false,false,false,false,false,false,false,false,false,false,,,,,,
1777,AesculaTech,aesculatech,Winter 2018,Active,https://www.aesculatech.com/,https://www.ycombinator.com/companies/aesculatech,yc_oss_current,false,publicly_sourced,datahive_cb_url,aesculatech,https://www.crunchbase.com/organization/aesculatech,,,0,false,false,false,false,false,false,false,false,false,false,,,,,,
2034,Aesthetic,aesthetic,Summer 2018,Active,https://www.aesthetic.com,https://www.ycombinator.com/companies/aesthetic,yc_oss_current,false,publicly_sourced,datahive_cb_url,plato-design,https://www.crunchbase.com/organization/plato-design,,,0,false,false,false,false,false,false,false,false,false,false,,,,,,
903,Afrostream,afrostream,Summer 2015,Inactive,http://afrostream.tv,https://www.ycombinator.com/companies/afrostream,yc_oss_current,false,publicly_sourced,datahive_cb_url,afrostream,https://www.crunchbase.com/organization/afrostream,,,0,false,false,false,false,false,false,false,false,false,false,,,,,,
25273,Agave,agave,Winter 2022,Active,https://www.useagave.com,https://www.ycombinator.com/companies/agave,yc_oss_current,false,publicly_sourced,datahive_cb_url,agave-api,https://www.crunchbase.com/organization/agave-api,,,0,false,false,false,false,false,false,false,false,false,false,,,,,,
23292,AgendaPro,agendapro,Winter 2021,Active,https://www.agendapro.com,https://www.ycombinator.com/companies/agendapro,yc_oss_current,false,publicly_sourced,datahive_cb_url,agendapro,https://www.crunchbase.com/organization/agendapro,,,0,false,false,false,false,false,false,false,false,false,false,,,,,,
28932,AgentCollect,agentcollect,Summer 2023,Active,https://www.agentcollect.com,https://www.ycombinator.com/companies/agentcollect,yc_oss_current,false,publicly_sourced,datahive_cb_url,respaid,https://www.crunchbase.com/organization/respaid,,,0,false,false,false,false,false,false,false,false,false,false,,,,,,
30278,Agentin AI,agentin-ai,Winter 2025,Active,https://www.agentin.ai,https://www.ycombinator.com/companies/agentin-ai,yc_oss_current,false,publicly_sourced,datahive_cb_url,de1aaf20-8ab6-4c76-bf26-fb6dfbb2d0de,https://www.crunchbase.com/organization/de1aaf20-8ab6-4c76-bf26-fb6dfbb2d0de,,,0,false,false,false,false,false,false,false,false,false,false,,,,,,
30611,AgentMail,agentmail,Summer 2025,Active,https://agentmail.to,https://www.ycombinator.com/companies/agentmail,yc_oss_current,false,publicly_sourced,datahive_cb_url,agentmail-10e0,https://www.crunchbase.com/organization/agentmail-10e0,,,0,false,false,false,false,false,false,false,false,false,false,,,,,,
90,AgileMD,agilemd,Summer 2011,Active,https://agilemd.com,https://www.ycombinator.com/companies/agilemd,yc_oss_current,false,publicly_sourced,datahive_cb_url,agilemd,https://www.crunchbase.com/organization/agilemd,,,0,false,false,false,false,false,false,false,false,false,false,,,,,,
12006,AI Insurance,ai-insurance,Winter 2019,Active,https://www.aiinsurance.io,https://www.ycombinator.com/companies/ai-insurance,yc_oss_current,false,publicly_sourced,datahive_cb_url,ai-insurance,https://www.crunchbase.com/organization/ai-insurance,,,0,false,false,false,false,false,false,false,false,false,false,,,,,,
13316,AIOS,aios,Winter 2020,Active,https://www.aiosmedical.com/,https://www.ycombinator.com/companies/aios,yc_oss_current,false,publicly_sourced,datahive_cb_url,fella,https://www.crunchbase.com/organization/fella,,,0,false,false,false,false,false,false,false,false,false,false,,,,,,
271,Airbnb,airbnb,Winter 2009,Public,http://airbnb.com,https://www.ycombinator.com/companies/airbnb,yc_oss_current,false,publicly_sourced,datahive_cb_url,airbnb,https://www.crunchbase.com/organization/airbnb,,,0,false,false,false,false,false,false,false,false,false,false,,,,confirmed,https://www.crunchbase.com/organization/airbnb,Name and airbnb.com domain match
13549,Airbyte,airbyte,Winter 2020,Active,https://airbyte.com/,https://www.ycombinator.com/companies/airbyte,yc_oss_current,false,publicly_sourced,datahive_cb_url,airbyte-b3bb,https://www.crunchbase.com/organization/airbyte-b3bb,,,0,false,false,false,false,false,false,false,false,false,false,,,,,,
1274,Airfordable,airfordable,Summer 2016,Active,http://www.airfordable.com,https://www.ycombinator.com/companies/airfordable,yc_oss_current,false,publicly_sourced,datahive_cb_url,airfordable,https://www.crunchbase.com/organization/airfordable,,,0,false,false,false,false,false,false,false,false,false,false,,,,,,
574,AirHelp,airhelp,Winter 2014,Active,http://www.airhelp.com,https://www.ycombinator.com/companies/airhelp,yc_oss_current,false,publicly_sourced,datahive_cb_url,airhelp,https://www.crunchbase.com/organization/airhelp,,,0,false,false,false,false,false,false,false,false,false,false,,,,,,
885,Airmada,airmada,Summer 2015,Inactive,http://www.airmada.com,https://www.ycombinator.com/companies/airmada,yc_oss_current,false,publicly_sourced,datahive_cb_url,airmada,https://www.crunchbase.com/organization/airmada,,,0,false,false,false,false,false,false,false,false,false,false,,,,,,
1250,Airo Health,airo-health,Summer 2016,Inactive,http://www.airohealth.com,https://www.ycombinator.com/companies/airo-health,yc_oss_current,false,publicly_sourced,datahive_cb_url,airo-health,https://www.crunchbase.com/organization/airo-health,,,0,false,false,false,false,false,false,false,false,false,false,,,,,,
638,AirPair,airpair,Winter 2014,Inactive,http://airpair.com,https://www.ycombinator.com/companies/airpair,yc_oss_current,false,publicly_sourced,radema_cb_url,airpair,https://www.crunchbase.com/organization/airpair,,,0,false,false,false,false,false,false,false,false,false,false,,,,,,
408,Airshared,airshared,Summer 2012,Inactive,http://getcycle.com,https://www.ycombinator.com/companies/airshared,yc_oss_current,false,publicly_sourced,datahive_cb_url,cycle-f016,https://www.crunchbase.com/organization/cycle-f016,,,0,false,false,false,false,false,false,false,false,false,false,,,,,,
1651,Airthium,airthium,Summer 2017,Active,http://www.airthium.com,https://www.ycombinator.com/companies/airthium,yc_oss_current,false,publicly_sourced,datahive_cb_url,airthium,https://www.crunchbase.com/organization/airthium,,,0,false,false,false,false,false,false,false,false,false,false,,,,,,
513,Airware,airware,Winter 2013,Inactive,http://airware.com,https://www.ycombinator.com/companies/airware,yc_oss_current,false,publicly_sourced,datahive_cb_url,airware,https://www.crunchbase.com/organization/airware,,,0,false,false,false,false,false,false,false,false,false,false,,,,,,
25753,Airwork,airwork,Winter 2022,Active,https://www.airworkhq.com,https://www.ycombinator.com/companies/airwork,yc_oss_current,false,publicly_sourced,datahive_cb_url,airworkhq,https://www.crunchbase.com/organization/airworkhq,,,0,false,false,false,false,false,false,false,false,false,false,,,,,,
79,Aisle50,aisle50,Summer 2011,Acquired,http://aisle50.com,https://www.ycombinator.com/companies/aisle50,yc_oss_current,false,publicly_sourced,datahive_cb_url,aisle50,https://www.crunchbase.com/organization/aisle50,,,0,false,false,false,false,false,false,false,false,false,false,,,,,,
1960,Ajaib,ajaib,Summer 2018,Active,https://www.ajaib.co.id/,https://www.ycombinator.com/companies/ajaib,yc_oss_current,false,publicly_sourced,datahive_cb_url,ajaib,https://www.crunchbase.com/organization/ajaib,,,0,false,false,false,false,false,false,false,false,false,false,,,,,,
748,Akido Labs,akido-labs,Winter 2015,Active,http://akidolabs.com,https://www.ycombinator.com/companies/akido-labs,yc_oss_current,false,publicly_sourced,datahive_cb_url,akido-labs,https://www.crunchbase.com/organization/akido-labs,,,0,false,false,false,false,false,false,false,false,false,false,,,,,,
24525,Akute Health,akute-health,Summer 2021,Active,https://www.akutehealth.com,https://www.ycombinator.com/companies/akute-health,yc_oss_current,false,publicly_sourced,datahive_cb_url,akute-health,https://www.crunchbase.com/organization/akute-health,,,0,false,false,false,false,false,false,false,false,false,false,,,,,,
27968,Alaan,alaan,Winter 2023,Active,https://www.alaan.com/,https://www.ycombinator.com/companies/alaan,yc_oss_current,false,publicly_sourced,datahive_cb_url,alaan,https://www.crunchbase.com/organization/alaan,,,0,false,false,false,false,false,false,false,false,false,false,,,,,,
12844,Alana,alana,Summer 2019,Inactive,https://www.alana.jobs,https://www.ycombinator.com/companies/alana,yc_oss_current,false,publicly_sourced,datahive_cb_url,alana,https://www.crunchbase.com/organization/alana,,,0,false,false,false,false,false,false,false,false,false,false,,,,,,
22630,Alba Orbital,alba-orbital,Winter 2021,Active,https://www.albaorbital.com,https://www.ycombinator.com/companies/alba-orbital,yc_oss_current,false,publicly_sourced,datahive_cb_url,alba-orbital,https://www.crunchbase.com/organization/alba-orbital,,,0,false,false,false,false,false,false,false,false,false,false,,,,,,
22640,Albedo,albedo,Winter 2021,Active,https://albedo.com,https://www.ycombinator.com/companies/albedo,yc_oss_current,false,publicly_sourced,datahive_cb_url,albedo,https://www.crunchbase.com/organization/albedo,,,0,false,false,false,false,false,false,false,false,false,false,,,,,,
26501,Albiware Inc.,albiware-inc,Summer 2022,Active,https://www.albiware.com,https://www.ycombinator.com/companies/albiware-inc,yc_oss_current,false,publicly_sourced,datahive_cb_url,albiware,https://www.crunchbase.com/organization/albiware,,,0,false,false,false,false,false,false,false,false,false,false,,,,,,
1509,AlemHealth,alemhealth,Winter 2017,Active,https://www.alemhealth.com,https://www.ycombinator.com/companies/alemhealth,yc_oss_current,false,publicly_sourced,datahive_cb_url,alemhealth,https://www.crunchbase.com/organization/alemhealth,,,0,false,false,false,false,false,false,false,false,false,false,,,,,,
24428,Aleph,aleph,Summer 2021,Active,https://getaleph.com/,https://www.ycombinator.com/companies/aleph,yc_oss_current,false,publicly_sourced,datahive_cb_url,aleph-labs,https://www.crunchbase.com/organization/aleph-labs,,,0,false,false,false,false,false,false,false,false,false,false,,,,,,
24422,Aleph Solutions (Alephee),aleph-solutions-alephee,Summer 2021,Active,https://www.alephee.com,https://www.ycombinator.com/companies/aleph-solutions-alephee,yc_oss_current,false,publicly_sourced,datahive_cb_url,alephcrm,https://www.crunchbase.com/organization/alephcrm,,,0,false,false,false,false,false,false,false,false,false,false,,,,,,
25700,Alga Biosciences,alga-biosciences,Winter 2022,Active,https://www.alga.bio/,https://www.ycombinator.com/companies/alga-biosciences,yc_oss_current,false,publicly_sourced,datahive_cb_url,alga-biosciences,https://www.crunchbase.com/organization/alga-biosciences,,,0,false,false,false,false,false,false,false,false,false,false,,,,,,
636,Algolia,algolia,Winter 2014,Active,http://www.algolia.com,https://www.ycombinator.com/companies/algolia,yc_oss_current,false,publicly_sourced,datahive_cb_url,algolia,https://www.crunchbase.com/organization/algolia,,,0,false,false,false,false,false,false,false,false,false,false,,,,,,
998,Algoriz,algoriz,Winter 2016,Inactive,http://www.algoriz.com,https://www.ycombinator.com/companies/algoriz,yc_oss_current,false,publicly_sourced,datahive_cb_url,algoriz,https://www.crunchbase.com/organization/algoriz,,,0,false,false,false,false,false,false,false,false,false,false,,,,,,
1842,AlgoSurg Inc,algosurg-inc,Winter 2018,Active,http://www.algosurg.com,https://www.ycombinator.com/companies/algosurg-inc,yc_oss_current,false,publicly_sourced,datahive_cb_url,algosurg,https://www.crunchbase.com/organization/algosurg,,,0,false,false,false,false,false,false,false,false,false,false,,,,,,
27191,AlgoTest,algotest,Summer 2022,Active,https://algotest.in,https://www.ycombinator.com/companies/algotest,yc_oss_current,false,publicly_sourced,datahive_cb_url,fintrix,https://www.crunchbase.com/organization/fintrix,,,0,false,false,false,false,false,false,false,false,false,false,,,,,,
24229,AlgoViral,algoviral,Summer 2021,Active,https://algoviral.com,https://www.ycombinator.com/companies/algoviral,yc_oss_current,false,publicly_sourced,datahive_cb_url,iona-mind,https://www.crunchbase.com/organization/iona-mind,,,0,false,false,false,false,false,false,false,false,false,false,,,,,,
28844,Alguna,alguna,Summer 2023,Active,https://alguna.com,https://www.ycombinator.com/companies/alguna,yc_oss_current,false,publicly_sourced,datahive_cb_url,alguna,https://www.crunchbase.com/organization/alguna,,,0,false,false,false,false,false,false,false,false,false,false,,,,,,
26210,Alima,alima,Winter 2022,Inactive,https://alima.la,https://www.ycombinator.com/companies/alima,yc_oss_current,false,publicly_sourced,datahive_cb_url,alima,https://www.crunchbase.com/organization/alima,,,0,false,false,false,false,false,false,false,false,false,false,,,,,,
22834,Alinea,alinea,Winter 2021,Active,https://alinea-invest.com/,https://www.ycombinator.com/companies/alinea,yc_oss_current,false,publicly_sourced,datahive_cb_url,alinea-34ff,https://www.crunchbase.com/organization/alinea-34ff,,,0,false,false,false,false,false,false,false,false,false,false,,,,,,
214,All Screen,all-screen,Winter 2010,Acquired,http://140fire.com,https://www.ycombinator.com/companies/all-screen,yc_oss_current,false,publicly_sourced,datahive_cb_url,140fire,https://www.crunchbase.com/organization/140fire,,,0,false,false,false,false,false,false,false,false,false,false,,,,,,
11923,Allo,allo,Winter 2019,Inactive,https://www.allocommunity.com/,https://www.ycombinator.com/companies/allo,yc_oss_current,false,publicly_sourced,datahive_cb_url,allo,https://www.crunchbase.com/organization/allo,,,0,false,false,false,false,false,false,false,false,false,false,,,,,,
1883,Allotrope Medical,allotrope-medical,Summer 2018,Acquired,http://www.allotropemed.com,https://www.ycombinator.com/companies/allotrope-medical,yc_oss_current,false,publicly_sourced,datahive_cb_url,allotrope-medical,https://www.crunchbase.com/organization/allotrope-medical,,,0,false,false,false,false,false,false,false,false,false,false,,,,,,
27840,Alloy,alloy,Winter 2023,Active,https://alloy.app,https://www.ycombinator.com/companies/alloy,yc_oss_current,false,publicly_sourced,datahive_cb_url,index-4dfe,https://www.crunchbase.com/organization/index-4dfe,,,0,false,false,false,false,false,false,false,false,false,false,,,,,,
11935,AllSome Fulfillment,allsome-fulfillment,Winter 2019,Active,https://www.allsome.com,https://www.ycombinator.com/companies/allsome-fulfillment,yc_oss_current,false,publicly_sourced,datahive_cb_url,5688-global-limited,https://www.crunchbase.com/organization/5688-global-limited,,,0,false,false,false,false,false,false,false,false,false,false,,,,,,
12271,Allure Systems,allure-systems,Winter 2019,Acquired,http://www.alluresystems.com/,https://www.ycombinator.com/companies/allure-systems,yc_oss_current,false,publicly_sourced,datahive_cb_url,allure-systems,https://www.crunchbase.com/organization/allure-systems,,,0,false,false,false,false,false,false,false,false,false,false,,,,,,
23270,Alokai,alokai,Winter 2021,Active,https://www.alokai.com,https://www.ycombinator.com/companies/alokai,yc_oss_current,false,publicly_sourced,datahive_cb_url,vue-storefront,https://www.crunchbase.com/organization/vue-storefront,,,0,false,false,false,false,false,false,false,false,false,false,,,,,,
12119,Alpaca,alpaca,Winter 2019,Active,https://alpaca.markets/,https://www.ycombinator.com/companies/alpaca,yc_oss_current,false,publicly_sourced,datahive_cb_url,alpacadb,https://www.crunchbase.com/organization/alpacadb,,,0,false,false,false,false,false,false,false,false,false,false,,,,,,
1970,Alpha Vantage,alpha-vantage,Summer 2018,Active,https://www.alphavantage.co/,https://www.ycombinator.com/companies/alpha-vantage,yc_oss_current,false,publicly_sourced,datahive_cb_url,alpha-vantage,https://www.crunchbase.com/organization/alpha-vantage,,,0,false,false,false,false,false,false,false,false,false,false,,,,,,
986,AlphaFlow,alphaflow,Winter 2016,Inactive,http://www.alphaflow.com,https://www.ycombinator.com/companies/alphaflow,yc_oss_current,false,publicly_sourced,datahive_cb_url,alphaflow,https://www.crunchbase.com/organization/alphaflow,,,0,false,false,false,false,false,false,false,false,false,false,,,,,,
19888,Altro,altro,Summer 2020,Acquired,https://altro.io,https://www.ycombinator.com/companies/altro,yc_oss_current,false,publicly_sourced,datahive_cb_url,perch-0bce,https://www.crunchbase.com/organization/perch-0bce,,,0,false,false,false,false,false,false,false,false,false,false,,,,,,
29723,Aluna,aluna,Summer 2024,Active,https://alunadata.com,https://www.ycombinator.com/companies/aluna,yc_oss_current,false,publicly_sourced,datahive_cb_url,fetchflow,https://www.crunchbase.com/organization/fetchflow,,,0,false,false,false,false,false,false,false,false,false,false,,,,,,
1214,AmberBox Gunshot Detection,amberbox-gunshot-detection,Winter 2016,Active,https://amberbox.com,https://www.ycombinator.com/companies/amberbox-gunshot-detection,yc_oss_current,false,publicly_sourced,datahive_cb_url,amberbox,https://www.crunchbase.com/organization/amberbox,,,0,false,false,false,false,false,false,false,false,false,false,,,,,,
1487,Ambient.ai,ambient-ai,Winter 2017,Active,https://ambient.ai,https://www.ycombinator.com/companies/ambient-ai,yc_oss_current,false,publicly_sourced,datahive_cb_url,ambient-ai,https://www.crunchbase.com/organization/ambient-ai,,,0,false,false,false,false,false,false,false,false,false,false,,,,,,
576,Ambition,ambition,Winter 2014,Active,https://ambition.com,https://www.ycombinator.com/companies/ambition,yc_oss_current,false,publicly_sourced,datahive_cb_url,ambition-inc,https://www.crunchbase.com/organization/ambition-inc,,,0,false,false,false,false,false,false,false,false,false,false,,,,,,
40,Amplitude,amplitude,Winter 2012,Public,https://amplitude.com,https://www.ycombinator.com/companies/amplitude,yc_oss_current,false,publicly_sourced,datahive_cb_url,amplitude,https://www.crunchbase.com/organization/amplitude,,,0,false,false,false,false,false,false,false,false,false,false,,,,,,
12136,AmpUp,ampup,Winter 2019,Active,https://ampup.io,https://www.ycombinator.com/companies/ampup,yc_oss_current,false,publicly_sourced,datahive_cb_url,ampup,https://www.crunchbase.com/organization/ampup,,,0,false,false,false,false,false,false,false,false,false,false,,,,,,
553,Amulyte,amulyte,Summer 2013,Inactive,http://amulyte.com,https://www.ycombinator.com/companies/amulyte,yc_oss_current,false,publicly_sourced,datahive_cb_url,amulyte,https://www.crunchbase.com/organization/amulyte,,,0,false,false,false,false,false,false,false,false,false,false,,,,,,
24141,Anakin,anakin,Summer 2021,Active,https://anakin.io,https://www.ycombinator.com/companies/anakin,yc_oss_current,false,publicly_sourced,datahive_cb_url,anakin,https://www.crunchbase.com/organization/anakin,,,0,false,false,false,false,false,false,false,false,false,false,,,,,,
1550,Anasen,anasen,Winter 2017,Inactive,http://www.anasen.com,https://www.ycombinator.com/companies/anasen,yc_oss_current,false,publicly_sourced,datahive_cb_url,vize-software,https://www.crunchbase.com/organization/vize-software,,,0,false,false,false,false,false,false,false,false,false,false,,,,,,
24549,Ancana,ancana,Summer 2021,Active,https://ancanaliving.com/,https://www.ycombinator.com/companies/ancana,yc_oss_current,false,publicly_sourced,datahive_cb_url,ancana,https://www.crunchbase.com/organization/ancana,,,0,false,false,false,false,false,false,false,false,false,false,,,,,,
1661,And Comfort,and-comfort,Summer 2017,Inactive,http://andcomfort.com,https://www.ycombinator.com/companies/and-comfort,yc_oss_current,false,publicly_sourced,datahive_cb_url,and-comfort-san-francisco-california,https://www.crunchbase.com/organization/and-comfort-san-francisco-california,,,0,false,false,false,false,false,false,false,false,false,false,,,,,,
25058,Andi,andi,Winter 2022,Active,https://AndiAI.com,https://www.ycombinator.com/companies/andi,yc_oss_current,false,publicly_sourced,datahive_cb_url,andi,https://www.crunchbase.com/organization/andi,,,0,false,false,false,false,false,false,false,false,false,false,,,,,,
25655,Anfin,anfin,Winter 2022,Active,https://anfin.vn/,https://www.ycombinator.com/companies/anfin,yc_oss_current,false,publicly_sourced,datahive_cb_url,anfin,https://www.crunchbase.com/organization/anfin,,,0,false,false,false,false,false,false,false,false,false,false,,,,,,
29957,Anglera,anglera,Summer 2024,Active,https://www.anglera.com/,https://www.ycombinator.com/companies/anglera,yc_oss_current,false,publicly_sourced,datahive_cb_url,anglera,https://www.crunchbase.com/organization/anglera,,,0,false,false,false,false,false,false,false,false,false,false,,,,,,
1940,Anima App,anima-app,Summer 2018,Active,https://www.animaapp.com,https://www.ycombinator.com/companies/anima-app,yc_oss_current,false,publicly_sourced,datahive_cb_url,anima-app,https://www.crunchbase.com/organization/anima-app,,,0,false,false,false,false,false,false,false,false,false,false,,,,,,
1863,Anjuna,anjuna,Winter 2018,Active,https://www.anjuna.io,https://www.ycombinator.com/companies/anjuna,yc_oss_current,false,publicly_sourced,datahive_cb_url,anjuna,https://www.crunchbase.com/organization/anjuna,,,0,false,false,false,false,false,false,false,false,false,false,,,,,,
2018,AnnieCannons,anniecannons,Summer 2018,Active,https://www.anniecannons.com,https://www.ycombinator.com/companies/anniecannons,yc_oss_current,false,publicly_sourced,datahive_cb_url,anniecannons,https://www.crunchbase.com/organization/anniecannons,,,0,false,false,false,false,false,false,false,false,false,false,,,,,,
13671,Ansa Biotechnologies,ansa-biotechnologies,Winter 2020,Active,http://ansabio.com,https://www.ycombinator.com/companies/ansa-biotechnologies,yc_oss_current,false,publicly_sourced,datahive_cb_url,ansa-biotechnologies,https://www.crunchbase.com/organization/ansa-biotechnologies,,,0,false,false,false,false,false,false,false,false,false,false,,,,,,
188,AnyList,anylist,Summer 2010,Active,https://www.anylist.com,https://www.ycombinator.com/companies/anylist,yc_oss_current,false,publicly_sourced,datahive_cb_url,anylist,https://www.crunchbase.com/organization/anylist,,,0,false,false,false,false,false,false,false,false,false,false,,,,,,
287,Anyvite,anyvite,Summer 2008,Inactive,http://anyvite.com,https://www.ycombinator.com/companies/anyvite,yc_oss_current,false,publicly_sourced,datahive_cb_url,anyvite,https://www.crunchbase.com/organization/anyvite,,,0,false,false,false,false,false,false,false,false,false,false,,,,,,
337,Anywhere.FM,anywhere-fm,Summer 2007,Acquired,http://anywhere.fm,https://www.ycombinator.com/companies/anywhere-fm,yc_oss_current,false,publicly_sourced,datahive_cb_url,anywhere-fm,https://www.crunchbase.com/organization/anywhere-fm,,,0,false,false,false,false,false,false,false,false,false,false,,,,,,
1524,AON3D,aon3d,Winter 2017,Active,https://www.aon3d.com,https://www.ycombinator.com/companies/aon3d,yc_oss_current,false,publicly_sourced,datahive_cb_url,aon3d,https://www.crunchbase.com/organization/aon3d,,,0,false,false,false,false,false,false,false,false,false,false,,,,,,
30130,Apolink,apolink,Fall 2024,Active,https://apolink.space,https://www.ycombinator.com/companies/apolink,yc_oss_current,false,publicly_sourced,datahive_cb_url,apolink,https://www.crunchbase.com/organization/apolink,,,0,false,false,false,false,false,false,false,false,false,false,,,,,,
904,Apollo Health,apollo-health,Summer 2015,Inactive,http://apollo.com,https://www.ycombinator.com/companies/apollo-health,yc_oss_current,false,publicly_sourced,datahive_cb_url,apollo-health,https://www.crunchbase.com/organization/apollo-health,,,0,false,false,false,false,false,false,false,false,false,false,,,,,,
1044,Apollo.io,apollo-io,Winter 2016,Active,https://www.apollo.io/,https://www.ycombinator.com/companies/apollo-io,yc_oss_current,false,publicly_sourced,datahive_cb_url,zenprospect,https://www.crunchbase.com/organization/zenprospect,,,0,false,false,false,false,false,false,false,false,false,false,,,,,,
1300,ApolloShield,apolloshield,Summer 2016,Active,https://www.apolloshield.com,https://www.ycombinator.com/companies/apolloshield,yc_oss_current,false,publicly_sourced,datahive_cb_url,apollo-shield,https://www.crunchbase.com/organization/apollo-shield,,,0,false,false,false,false,false,false,false,false,false,false,,,,,,
909,Appcanary,appcanary,Summer 2015,Acquired,http://appcanary.com,https://www.ycombinator.com/companies/appcanary,yc_oss_current,false,publicly_sourced,datahive_cb_url,appcanary,https://www.crunchbase.com/organization/appcanary,,,0,false,false,false,false,false,false,false,false,false,false,,,,,,
474,Appcubator,appcubator,Winter 2013,Inactive,http://appcubator.com,https://www.ycombinator.com/companies/appcubator,yc_oss_current,false,publicly_sourced,datahive_cb_url,appcubator,https://www.crunchbase.com/organization/appcubator,,,0,false,false,false,false,false,false,false,false,false,false,,,,,,
140,AppHarbor,appharbor,Winter 2011,Inactive,https://appharbor.com,https://www.ycombinator.com/companies/appharbor,yc_oss_current,false,publicly_sourced,datahive_cb_url,appharbor,https://www.crunchbase.com/organization/appharbor,,,0,false,false,false,false,false,false,false,false,false,false,,,,,,
336,Appjet,appjet,Summer 2007,Acquired,http://appjet.com,https://www.ycombinator.com/companies/appjet,yc_oss_current,false,publicly_sourced,datahive_cb_url,appjet,https://www.crunchbase.com/organization/appjet,,,0,false,false,false,false,false,false,false,false,false,false,,,,,,
26802,Apply Design,apply-design,Summer 2022,Active,http://www.applydesign.io,https://www.ycombinator.com/companies/apply-design,yc_oss_current,false,publicly_sourced,datahive_cb_url,apply-design,https://www.crunchbase.com/organization/apply-design,,,0,false,false,false,false,false,false,false,false,false,false,,,,,,
159,Apportable,apportable,Winter 2011,Acquired,http://apportable.com,https://www.ycombinator.com/companies/apportable,yc_oss_current,false,publicly_sourced,datahive_cb_url,apportable,https://www.crunchbase.com/organization/apportable,,,0,false,false,false,false,false,false,false,false,false,false,,,,,,
521,Apptimize,apptimize,Summer 2013,Acquired,http://apptimize.com,https://www.ycombinator.com/companies/apptimize,yc_oss_current,false,publicly_sourced,datahive_cb_url,apptimize,https://www.crunchbase.com/organization/apptimize,,,0,false,false,false,false,false,false,false,false,false,false,,,,,,
578,AptDeco,aptdeco,Winter 2014,Active,https://www.aptdeco.com/,https://www.ycombinator.com/companies/aptdeco,yc_oss_current,false,publicly_sourced,datahive_cb_url,aptdeco,https://www.crunchbase.com/organization/aptdeco,,,0,false,false,false,false,false,false,false,false,false,false,,,,,,
651,Aptible,aptible,Summer 2014,Acquired,https://www.aptible.com,https://www.ycombinator.com/companies/aptible,yc_oss_current,false,publicly_sourced,datahive_cb_url,aptible,https://www.crunchbase.com/organization/aptible,,,0,false,false,false,false,false,false,false,false,false,false,,,,,,
704,Apto Payments,apto-payments,Summer 2014,Acquired,https://www.aptopayments.com/,https://www.ycombinator.com/companies/apto-payments,yc_oss_current,false,publicly_sourced,datahive_cb_url,shift-payments,https://www.crunchbase.com/organization/shift-payments,,,0,false,false,false,false,false,false,false,false,false,false,,,,,,
12897,Apurata,apurata,Summer 2019,Active,https://apurata.com,https://www.ycombinator.com/companies/apurata,yc_oss_current,false,publicly_sourced,datahive_cb_url,apurata,https://www.crunchbase.com/organization/apurata,,,0,false,false,false,false,false,false,false,false,false,false,,,,,,
399,Arc,arc,Summer 2012,Inactive,http://arccameras.com,https://www.ycombinator.com/companies/arc,yc_oss_current,false,publicly_sourced,datahive_cb_url,arc-56a9,https://www.crunchbase.com/organization/arc-56a9,,,0,false,false,false,false,false,false,false,false,false,false,,,,,,
25118,Arc,arc-2,Winter 2022,Acquired,https://www.joinarc.com/,https://www.ycombinator.com/companies/arc-2,yc_oss_current,false,publicly_sourced,datahive_cb_url,arc-technologies-245d,https://www.crunchbase.com/organization/arc-technologies-245d,,,0,false,false,false,false,false,false,false,false,false,false,,,,,,
30307,Archon,archon,Winter 2025,Active,https://archon.inc,https://www.ycombinator.com/companies/archon,yc_oss_current,false,publicly_sourced,datahive_cb_url,archon-technologies-9074,https://www.crunchbase.com/organization/archon-technologies-9074,,,0,false,false,false,false,false,false,false,false,false,false,,,,,,
556,Arcus,arcus,Summer 2013,Acquired,http://arcusfi.com,https://www.ycombinator.com/companies/arcus,yc_oss_current,false,publicly_sourced,datahive_cb_url,regalii,https://www.crunchbase.com/organization/regalii,,,0,false,false,false,false,false,false,false,false,false,false,,,,,,
24398,Arengu,arengu,Summer 2021,Acquired,https://www.arengu.com,https://www.ycombinator.com/companies/arengu,yc_oss_current,false,publicly_sourced,datahive_cb_url,arengu,https://www.crunchbase.com/organization/arengu,,,0,false,false,false,false,false,false,false,false,false,false,,,,,,
29288,Arini,arini,Winter 2024,Active,https://www.arini.ai,https://www.ycombinator.com/companies/arini,yc_oss_current,false,publicly_sourced,datahive_cb_url,arini,https://www.crunchbase.com/organization/arini,,,0,false,false,false,false,false,false,false,false,false,false,,,,,,
56,Ark,ark,Winter 2012,Inactive,http://ark.com,https://www.ycombinator.com/companies/ark,yc_oss_current,false,publicly_sourced,datahive_cb_url,ark,https://www.crunchbase.com/organization/ark,,,0,false,false,false,false,false,false,false,false,false,false,,,,,,
25585,Armilla AI,armilla-ai,Winter 2022,Active,http://www.armilla.ai,https://www.ycombinator.com/companies/armilla-ai,yc_oss_current,false,publicly_sourced,datahive_cb_url,armilla-ai,https://www.crunchbase.com/organization/armilla-ai,,,0,false,false,false,false,false,false,false,false,false,false,,,,,,
1486,Armory,armory,Winter 2017,Acquired,http://armory.io,https://www.ycombinator.com/companies/armory,yc_oss_current,false,publicly_sourced,datahive_cb_url,armory,https://www.crunchbase.com/organization/armory,,,0,false,false,false,false,false,false,false,false,false,false,,,,,,
1454,Arthena,arthena,Winter 2017,Acquired,https://www.arthena.com,https://www.ycombinator.com/companies/arthena,yc_oss_current,false,publicly_sourced,datahive_cb_url,arthena,https://www.crunchbase.com/organization/arthena,,,0,false,false,false,false,false,false,false,false,false,false,,,,,,
28650,Artie,artie,Summer 2023,Active,https://www.artie.com/,https://www.ycombinator.com/companies/artie,yc_oss_current,false,publicly_sourced,datahive_cb_url,artie-a438,https://www.crunchbase.com/organization/artie-a438,,,0,false,false,false,false,false,false,false,false,false,false,,,,,,
29295,Artisan,artisan,Winter 2024,Active,https://artisan.co/?utm_source=ycombinator,https://www.ycombinator.com/companies/artisan,yc_oss_current,false,publicly_sourced,datahive_cb_url,artisan-ai,https://www.crunchbase.com/organization/artisan-ai,,,0,false,false,false,false,false,false,false,false,false,false,,,,,,
29973,Arva AI,arva-ai,Summer 2024,Active,https://www.arva.ai,https://www.ycombinator.com/companies/arva-ai,yc_oss_current,false,publicly_sourced,datahive_cb_url,arva-ai,https://www.crunchbase.com/organization/arva-ai,,,0,false,false,false,false,false,false,false,false,false,false,,,,,,
1504,Arylla,arylla,Winter 2017,Inactive,http://www.arylla.com,https://www.ycombinator.com/companies/arylla,yc_oss_current,false,publicly_sourced,datahive_cb_url,arylla,https://www.crunchbase.com/organization/arylla,,,0,false,false,false,false,false,false,false,false,false,false,,,,,,
11967,Ascen,ascen,Winter 2019,Acquired,https://ascen.com,https://www.ycombinator.com/companies/ascen,yc_oss_current,false,publicly_sourced,datahive_cb_url,ascen-inc,https://www.crunchbase.com/organization/ascen-inc,,,0,false,false,false,false,false,false,false,false,false,false,,,,,,
12034,Askdata,askdata,Winter 2019,Acquired,http://www.askdata.com,https://www.ycombinator.com/companies/askdata,yc_oss_current,false,publicly_sourced,datahive_cb_url,innaas,https://www.crunchbase.com/organization/innaas,,,0,false,false,false,false,false,false,false,false,false,false,,,,,,
1927,"AskMyClass, now Soundkins",askmyclass-now-soundkins,Summer 2018,Active,https://soundkins.com/,https://www.ycombinator.com/companies/askmyclass-now-soundkins,yc_oss_current,false,publicly_sourced,datahive_cb_url,askmyclass,https://www.crunchbase.com/organization/askmyclass,,,0,false,false,false,false,false,false,false,false,false,false,,,,,,
29824,Assembly HOA,assembly-hoa,Summer 2024,Active,https://assemblyhoa.com,https://www.ycombinator.com/companies/assembly-hoa,yc_oss_current,false,publicly_sourced,datahive_cb_url,assembly-ad9b,https://www.crunchbase.com/organization/assembly-ad9b,,,0,false,false,false,false,false,false,false,false,false,false,,,,,,
522,Asseta,asseta,Summer 2013,Active,http://www.asseta.com,https://www.ycombinator.com/companies/asseta,yc_oss_current,false,publicly_sourced,datahive_cb_url,asseta,https://www.crunchbase.com/organization/asseta,,,0,false,false,false,false,false,false,false,false,false,false,,,,,,
1093,Astranis,astranis,Winter 2016,Active,http://www.astranis.com,https://www.ycombinator.com/companies/astranis,yc_oss_current,false,publicly_sourced,datahive_cb_url,astranis,https://www.crunchbase.com/organization/astranis,,,0,false,false,false,false,false,false,false,false,false,false,,,,,,
1272,Athelas,athelas,Summer 2016,Active,http://athelas.com,https://www.ycombinator.com/companies/athelas,yc_oss_current,false,publicly_sourced,datahive_cb_url,athelas,https://www.crunchbase.com/organization/athelas,,,0,false,false,false,false,false,false,false,false,false,false,,,,,,
28815,Atla,atla,Summer 2023,Inactive,https://www.atla-ai.com/,https://www.ycombinator.com/companies/atla,yc_oss_current,false,publicly_sourced,datahive_cb_url,atla-037f,https://www.crunchbase.com/organization/atla-037f,,,0,false,false,false,false,false,false,false,false,false,false,,,,,,
13522,Atmo,atmo,Winter 2020,Active,http://atmo.ai,https://www.ycombinator.com/companies/atmo,yc_oss_current,false,publicly_sourced,datahive_cb_url,atmo-ai,https://www.crunchbase.com/organization/atmo-ai,,,0,false,false,false,false,false,false,false,false,false,false,,,,,,
21791,AtoB,atob,Summer 2020,Active,https://atob.com/,https://www.ycombinator.com/companies/atob,yc_oss_current,false,publicly_sourced,datahive_cb_url,atob,https://www.crunchbase.com/organization/atob,,,0,false,false,false,false,false,false,false,false,false,false,,,,,,
12012,Atomic Alchemy,atomic-alchemy,Winter 2019,Acquired,https://atomicalchemy.us,https://www.ycombinator.com/companies/atomic-alchemy,yc_oss_current,false,publicly_sourced,datahive_cb_url,atomic-alchemy,https://www.crunchbase.com/organization/atomic-alchemy,,,0,false,false,false,false,false,false,false,false,false,false,,,,,,
22581,Atrato,atrato,Winter 2021,Active,https://www.atratopago.com,https://www.ycombinator.com/companies/atrato,yc_oss_current,false,publicly_sourced,datahive_cb_url,atrato-pago,https://www.crunchbase.com/organization/atrato-pago,,,0,false,false,false,false,false,false,false,false,false,false,,,,,,
1845,Atrium,atrium,Winter 2018,Inactive,http://www.atrium.co,https://www.ycombinator.com/companies/atrium,yc_oss_current,false,publicly_sourced,datahive_cb_url,atrium-lts,https://www.crunchbase.com/organization/atrium-lts,,,0,false,false,false,false,false,false,false,false,false,false,,,,,,
349,Auctomatic,auctomatic,Winter 2007,Acquired,http://auctomatic.com,https://www.ycombinator.com/companies/auctomatic,yc_oss_current,false,publicly_sourced,datahive_cb_url,auctomatic,https://www.crunchbase.com/organization/auctomatic,,,0,false,false,false,false,false,false,false,false,false,false,,,,,,
30425,Auctor,auctor,Spring 2025,Active,https://getauctor.com,https://www.ycombinator.com/companies/auctor,yc_oss_current,false,publicly_sourced,datahive_cb_url,auctor,https://www.crunchbase.com/organization/auctor,,,0,false,false,false,false,false,false,false,false,false,false,,,,,,
1591,Audm,audm,Summer 2017,Acquired,https://www.audm.com,https://www.ycombinator.com/companies/audm,yc_oss_current,false,publicly_sourced,datahive_cb_url,audm,https://www.crunchbase.com/organization/audm,,,0,false,false,false,false,false,false,false,false,false,false,,,,,,
557,Audobox,audobox,Summer 2013,Inactive,http://audobox.com,https://www.ycombinator.com/companies/audobox,yc_oss_current,false,publicly_sourced,datahive_cb_url,audobox,https://www.crunchbase.com/organization/audobox,,,0,false,false,false,false,false,false,false,false,false,false,,,,,,
12080,Aura Vision,aura-vision,Winter 2019,Active,https://auravision.ai,https://www.ycombinator.com/companies/aura-vision,yc_oss_current,false,publicly_sourced,datahive_cb_url,aura-vision-labs,https://www.crunchbase.com/organization/aura-vision-labs,,,0,false,false,false,false,false,false,false,false,false,false,,,,,,
954,Auro Robotics,auro-robotics,Summer 2015,Acquired,http://www.auro.ai/,https://www.ycombinator.com/companies/auro-robotics,yc_oss_current,false,publicly_sourced,datahive_cb_url,auro-robotics,https://www.crunchbase.com/organization/auro-robotics,,,0,false,false,false,false,false,false,false,false,false,false,,,,,,
29823,autarc,autarc,Summer 2024,Active,https://www.autarc.energy/global,https://www.ycombinator.com/companies/autarc,yc_oss_current,false,publicly_sourced,datahive_cb_url,autarc,https://www.crunchbase.com/organization/autarc,,,0,false,false,false,false,false,false,false,false,false,false,,,,,,
49,Authy,authy,Winter 2012,Acquired,http://authy.com,https://www.ycombinator.com/companies/authy,yc_oss_current,false,publicly_sourced,datahive_cb_url,authy-inc,https://www.crunchbase.com/organization/authy-inc,,,0,false,false,false,false,false,false,false,false,false,false,,,,,,
22632,authzed,authzed,Winter 2021,Active,https://authzed.com,https://www.ycombinator.com/companies/authzed,yc_oss_current,false,publicly_sourced,datahive_cb_url,authzed,https://www.crunchbase.com/organization/authzed,,,0,false,false,false,false,false,false,false,false,false,false,,,,,,
12062,Autodial prev Qwest,autodial-prev-qwest,Winter 2019,Active,https://www.autodial.com,https://www.ycombinator.com/companies/autodial-prev-qwest,yc_oss_current,false,publicly_sourced,radema_cb_url,qwst,https://www.crunchbase.com/organization/qwst,,,0,false,false,false,false,false,false,false,false,false,false,,,,,,
1588,AutoHub,autohub,Summer 2017,Acquired,https://www.autohub.io,https://www.ycombinator.com/companies/autohub,yc_oss_current,false,publicly_sourced,datahive_cb_url,autohub,https://www.crunchbase.com/organization/autohub,,,0,false,false,false,false,false,false,false,false,false,false,,,,,,
850,Automate Ads,automate-ads,Winter 2015,Inactive,http://kuhcoon.com,https://www.ycombinator.com/companies/automate-ads,yc_oss_current,false,publicly_sourced,datahive_cb_url,kuhcoon-ba0b,https://www.crunchbase.com/organization/kuhcoon-ba0b,,,0,false,false,false,false,false,false,false,false,false,false,,,,,,
130,Automatic,automatic,Summer 2011,Acquired,http://automatic.com,https://www.ycombinator.com/companies/automatic,yc_oss_current,false,publicly_sourced,datahive_cb_url,automatic-com,https://www.crunchbase.com/organization/automatic-com,,,0,false,false,false,false,false,false,false,false,false,false,,,,,,
30720,Autosana,autosana,Summer 2025,Active,https://autosana.ai,https://www.ycombinator.com/companies/autosana,yc_oss_current,false,publicly_sourced,datahive_cb_url,autosana,https://www.crunchbase.com/organization/autosana,,,0,false,false,false,false,false,false,false,false,false,false,,,,,,
25892,AvairSense,avairsense,Winter 2022,Inactive,https://www.avairsense.com/,https://www.ycombinator.com/companies/avairsense,yc_oss_current,false,publicly_sourced,datahive_cb_url,oureye-ai,https://www.crunchbase.com/organization/oureye-ai,,,0,false,false,false,false,false,false,false,false,false,false,,,,,,
11978,Avalanche,avalanche,Winter 2019,Inactive,https://useavalanche.com,https://www.ycombinator.com/companies/avalanche,yc_oss_current,false,publicly_sourced,datahive_cb_url,geopredict,https://www.crunchbase.com/organization/geopredict,,,0,false,false,false,false,false,false,false,false,false,false,,,,,,
645,Avametric,avametric,Winter 2014,Acquired,http://www.Avametric.com,https://www.ycombinator.com/companies/avametric,yc_oss_current,false,publicly_sourced,datahive_cb_url,avametric,https://www.crunchbase.com/organization/avametric,,,0,false,false,false,false,false,false,false,false,false,false,,,,,,
12003,Avo,avo,Winter 2019,Active,https://www.avo.app/,https://www.ycombinator.com/companies/avo,yc_oss_current,false,publicly_sourced,datahive_cb_url,avo-9a0c,https://www.crunchbase.com/organization/avo-9a0c,,,0,false,false,false,false,false,false,false,false,false,false,,,,,,
26004,Avocademy,avocademy,Winter 2022,Active,http://www.Avocademy.com,https://www.ycombinator.com/companies/avocademy,yc_oss_current,false,publicly_sourced,datahive_cb_url,avocademy,https://www.crunchbase.com/organization/avocademy,,,0,false,false,false,false,false,false,false,false,false,false,,,,,,
1757,Avro Life Science,avro-life-science,Winter 2018,Active,http://avrolifesci.com,https://www.ycombinator.com/companies/avro-life-science,yc_oss_current,false,publicly_sourced,datahive_cb_url,avro-life-science,https://www.crunchbase.com/organization/avro-life-science,,,0,false,false,false,false,false,false,false,false,false,false,,,,,,
23423,Awari,awari,Winter 2021,Acquired,https://awari.com/,https://www.ycombinator.com/companies/awari,yc_oss_current,false,publicly_sourced,datahive_cb_url,awari,https://www.crunchbase.com/organization/awari,,,0,false,false,false,false,false,false,false,false,false,false,,,,,,
579,Awesometalk,awesometalk,Winter 2014,Inactive,http://awesometalk.com,https://www.ycombinator.com/companies/awesometalk,yc_oss_current,false,publicly_sourced,radema_cb_url,awesometalk,https://www.crunchbase.com/organization/awesometalk,,,0,false,false,false,false,false,false,false,false,false,false,,,,,,
24170,Awesomic,awesomic,Summer 2021,Active,https://www.awesomic.com/?ref=yc,https://www.ycombinator.com/companies/awesomic,yc_oss_current,false,publicly_sourced,datahive_cb_url,awesomic,https://www.crunchbase.com/organization/awesomic,,,0,false,false,false,false,false,false,false,false,false,false,,,,,,
12260,AXDRAFT,axdraft,Winter 2019,Acquired,https://axdraft.com,https://www.ycombinator.com/companies/axdraft,yc_oss_current,false,publicly_sourced,datahive_cb_url,axdraft,https://www.crunchbase.com/organization/axdraft,,,0,false,false,false,false,false,false,false,false,false,false,,,,,,
12065,Axel Travel,axel-travel,Winter 2019,Active,https://helloaxel.com/,https://www.ycombinator.com/companies/axel-travel,yc_oss_current,false,publicly_sourced,datahive_cb_url,gordian-software,https://www.crunchbase.com/organization/gordian-software,,,0,false,false,false,false,false,false,false,false,false,false,,,,,,
27250,Axle,axle,Summer 2022,Active,https://axle.insure,https://www.ycombinator.com/companies/axle,yc_oss_current,false,publicly_sourced,datahive_cb_url,axle-f2b6,https://www.crunchbase.com/organization/axle-f2b6,,,0,false,false,false,false,false,false,false,false,false,false,,,,,,
22779,Axle Health,axle-health,Winter 2021,Active,https://www.axlehealth.com,https://www.ycombinator.com/companies/axle-health,yc_oss_current,false,publicly_sourced,datahive_cb_url,axle-health,https://www.crunchbase.com/organization/axle-health,,,0,false,false,false,false,false,false,false,false,false,false,,,,,,
597,Axoni,axoni,Winter 2014,Acquired,https://axoni.com,https://www.ycombinator.com/companies/axoni,yc_oss_current,false,publicly_sourced,datahive_cb_url,axoni,https://www.crunchbase.com/organization/axoni,,,0,false,false,false,false,false,false,false,false,false,false,,,,,,
27701,Backdrop,backdrop,Winter 2023,Active,https://www.backdropagent.com,https://www.ycombinator.com/companies/backdrop,yc_oss_current,false,publicly_sourced,datahive_cb_url,twig-25f4,https://www.crunchbase.com/organization/twig-25f4,,,0,false,false,false,false,false,false,false,false,false,false,,,,,,
444,BackerKit,backerkit,Summer 2012,Active,https://backerkit.com,https://www.ycombinator.com/companies/backerkit,yc_oss_current,false,publicly_sourced,datahive_cb_url,backerkit,https://www.crunchbase.com/organization/backerkit,,,0,false,false,false,false,false,false,false,false,false,false,,,,,,
653,Backpack,backpack,Summer 2014,Active,http://backpackbang.com,https://www.ycombinator.com/companies/backpack,yc_oss_current,false,publicly_sourced,datahive_cb_url,backpack,https://www.crunchbase.com/organization/backpack,,,0,false,false,false,false,false,false,false,false,false,false,,,,,,
291,BackType,backtype,Summer 2008,Acquired,http://backtype.com,https://www.ycombinator.com/companies/backtype,yc_oss_current,false,publicly_sourced,datahive_cb_url,backtype,https://www.crunchbase.com/organization/backtype,,,0,false,false,false,false,false,false,false,false,false,false,,,,,,
843,Bagaveev Corporation,bagaveev-corporation,Winter 2015,Inactive,http://bagaveev.com,https://www.ycombinator.com/companies/bagaveev-corporation,yc_oss_current,false,publicly_sourced,datahive_cb_url,bagaveev-corporation,https://www.crunchbase.com/organization/bagaveev-corporation,,,0,false,false,false,false,false,false,false,false,false,false,,,,,,
21988,Balance,balance,Summer 2020,Active,https://www.getbalance.com,https://www.ycombinator.com/companies/balance,yc_oss_current,false,publicly_sourced,datahive_cb_url,balance-98c2,https://www.crunchbase.com/organization/balance-98c2,,,0,false,false,false,false,false,false,false,false,false,false,,,,,,
161,Balanced,balanced,Winter 2011,Inactive,http://balancedpayments.com,https://www.ycombinator.com/companies/balanced,yc_oss_current,false,publicly_sourced,datahive_cb_url,balanced,https://www.crunchbase.com/organization/balanced,,,0,false,false,false,false,false,false,false,false,false,false,,,,,,
12372,Balto,balto,Winter 2019,Acquired,http://playbalto.com,https://www.ycombinator.com/companies/balto,yc_oss_current,false,publicly_sourced,datahive_cb_url,balto,https://www.crunchbase.com/organization/balto,,,0,false,false,false,false,false,false,false,false,false,false,,,,,,
763,Bankjoy,bankjoy,Winter 2015,Active,http://bankjoy.com,https://www.ycombinator.com/companies/bankjoy,yc_oss_current,false,publicly_sourced,datahive_cb_url,bankjoy,https://www.crunchbase.com/organization/bankjoy,,,0,false,false,false,false,false,false,false,false,false,false,,,,,,
23969,Baraka,baraka,Summer 2021,Active,https://www.getbaraka.com/,https://www.ycombinator.com/companies/baraka,yc_oss_current,false,publicly_sourced,datahive_cb_url,baraka,https://www.crunchbase.com/organization/baraka,,,0,false,false,false,false,false,false,false,false,false,false,,,,,,
46,BarSense,barsense,Winter 2012,Inactive,http://kytephone.com,https://www.ycombinator.com/companies/barsense,yc_oss_current,false,publicly_sourced,datahive_cb_url,kytephone,https://www.crunchbase.com/organization/kytephone,,,0,false,false,false,false,false,false,false,false,false,false,,,,,,
13150,Basedash,basedash,Summer 2020,Active,https://www.basedash.com,https://www.ycombinator.com/companies/basedash,yc_oss_current,false,publicly_sourced,datahive_cb_url,basedash,https://www.crunchbase.com/organization/basedash,,,0,false,false,false,false,false,false,false,false,false,false,,,,,,
12284,Basement,basement,Winter 2019,Inactive,http://basement.social,https://www.ycombinator.com/companies/basement,yc_oss_current,false,publicly_sourced,datahive_cb_url,basement-app,https://www.crunchbase.com/organization/basement-app,,,0,false,false,false,false,false,false,false,false,false,false,,,,,,
11992,Basilica,basilica,Winter 2019,Inactive,https://www.basilica.ai,https://www.ycombinator.com/companies/basilica,yc_oss_current,false,publicly_sourced,datahive_cb_url,basilica,https://www.crunchbase.com/organization/basilica,,,0,false,false,false,false,false,false,false,false,false,false,,,,,,
24666,Baubap,baubap,Summer 2021,Active,https://www.baubap.com,https://www.ycombinator.com/companies/baubap,yc_oss_current,false,publicly_sourced,datahive_cb_url,baubap,https://www.crunchbase.com/organization/baubap,,,0,false,false,false,false,false,false,false,false,false,false,,,,,,
732,Bayes Impact,bayes-impact,Summer 2014,Active,http://bayesimpact.org,https://www.ycombinator.com/companies/bayes-impact,yc_oss_current,false,publicly_sourced,datahive_cb_url,bayes-impact,https://www.crunchbase.com/organization/bayes-impact,,,0,false,false,false,false,false,false,false,false,false,false,,,,,,
12243,Beacons,beacons,Summer 2019,Active,https://beacons.ai/,https://www.ycombinator.com/companies/beacons,yc_oss_current,false,publicly_sourced,datahive_cb_url,beacons-ai,https://www.crunchbase.com/organization/beacons-ai,,,0,false,false,false,false,false,false,false,false,false,false,,,,,,
1730,Beanstalk,beanstalk,Winter 2018,Active,http://beanstalk.farm,https://www.ycombinator.com/companies/beanstalk,yc_oss_current,false,publicly_sourced,datahive_cb_url,beanstalk-16c1,https://www.crunchbase.com/organization/beanstalk-16c1,,,0,false,false,false,false,false,false,false,false,false,false,,,,,,
1743,Bear Flag Robotics,bear-flag-robotics,Winter 2018,Acquired,http://bearflagrobotics.com/,https://www.ycombinator.com/companies/bear-flag-robotics,yc_oss_current,false,publicly_sourced,datahive_cb_url,bear-flag-robotics,https://www.crunchbase.com/organization/bear-flag-robotics,,,0,false,false,false,false,false,false,false,false,false,false,,,,,,
495,BeatDeck,beatdeck,Winter 2013,Inactive,http://beatdeck.com,https://www.ycombinator.com/companies/beatdeck,yc_oss_current,false,publicly_sourced,datahive_cb_url,beatdeck,https://www.crunchbase.com/organization/beatdeck,,,0,false,false,false,false,false,false,false,false,false,false,,,,,,
24913,Beau,beau,Summer 2021,Active,https://beau.to,https://www.ycombinator.com/companies/beau,yc_oss_current,false,publicly_sourced,datahive_cb_url,beau-f3f7,https://www.crunchbase.com/organization/beau-f3f7,,,0,false,false,false,false,false,false,false,false,false,false,,,,,,
1472,Beek,beek,Winter 2017,Inactive,https://www.beek.io,https://www.ycombinator.com/companies/beek,yc_oss_current,false,publicly_sourced,datahive_cb_url,beek-2,https://www.crunchbase.com/organization/beek-2,,,0,false,false,false,false,false,false,false,false,false,false,,,,,,
726,Beep,beep,Summer 2014,Inactive,http://www.beepnetworks.com,https://www.ycombinator.com/companies/beep,yc_oss_current,false,publicly_sourced,datahive_cb_url,beep-2,https://www.crunchbase.com/organization/beep-2,,,0,false,false,false,false,false,false,false,false,false,false,,,,,,
135,Beetailer,beetailer,Winter 2011,Inactive,http://beetailer.com,https://www.ycombinator.com/companies/beetailer,yc_oss_current,false,publicly_sourced,datahive_cb_url,beetailer,https://www.crunchbase.com/organization/beetailer,,,0,false,false,false,false,false,false,false,false,false,false,,,,,,
580,Bellabeat,bellabeat,Winter 2014,Active,http://bellabeat.com,https://www.ycombinator.com/companies/bellabeat,yc_oss_current,false,publicly_sourced,datahive_cb_url,bellabeat,https://www.crunchbase.com/organization/bellabeat,,,0,false,false,false,false,false,false,false,false,false,false,,,,,,
13610,Belvo,belvo,Winter 2020,Active,https://belvo.com,https://www.ycombinator.com/companies/belvo,yc_oss_current,false,publicly_sourced,datahive_cb_url,belvo,https://www.crunchbase.com/organization/belvo,,,0,false,false,false,false,false,false,false,false,false,false,,,,,,
25825,Bemlo,bemlo,Winter 2022,Active,https://www.bemlo.com/en,https://www.ycombinator.com/companies/bemlo,yc_oss_current,false,publicly_sourced,datahive_cb_url,bemlo,https://www.crunchbase.com/organization/bemlo,,,0,false,false,false,false,false,false,false,false,false,false,,,,,,
1855,Ben,ben,Winter 2018,Inactive,https://ben.co,https://www.ycombinator.com/companies/ben,yc_oss_current,false,publicly_sourced,datahive_cb_url,ben,https://www.crunchbase.com/organization/ben,,,0,false,false,false,false,false,false,false,false,false,false,,,,,,
445,Benchling,benchling,Summer 2012,Active,http://benchling.com,https://www.ycombinator.com/companies/benchling,yc_oss_current,false,publicly_sourced,datahive_cb_url,benchling,https://www.crunchbase.com/organization/benchling,,,0,false,false,false,false,false,false,false,false,false,false,,,,,,
13170,Benepass,benepass,Winter 2020,Active,http://www.getbenepass.com,https://www.ycombinator.com/companies/benepass,yc_oss_current,false,publicly_sourced,datahive_cb_url,benepass,https://www.crunchbase.com/organization/benepass,,,0,false,false,false,false,false,false,false,false,false,false,,,,,,
12020,Bensen,bensen,Winter 2019,Inactive,http://www.bensen.ai,https://www.ycombinator.com/companies/bensen,yc_oss_current,false,publicly_sourced,datahive_cb_url,bensen-ai,https://www.crunchbase.com/organization/bensen-ai,,,0,false,false,false,false,false,false,false,false,false,false,,,,,,
1951,Berbix,berbix,Summer 2018,Acquired,https://www.berbix.com,https://www.ycombinator.com/companies/berbix,yc_oss_current,false,publicly_sourced,datahive_cb_url,berbix,https://www.crunchbase.com/organization/berbix,,,0,false,false,false,false,false,false,false,false,false,false,,,,,,
25924,Better Opinions,better-opinions,Winter 2022,Active,https://betteropinions.in/,https://www.ycombinator.com/companies/better-opinions,yc_oss_current,false,publicly_sourced,datahive_cb_url,better-opinions,https://www.crunchbase.com/organization/better-opinions,,,0,false,false,false,false,false,false,false,false,false,false,,,,,,
23175,Betterhalf,betterhalf,Winter 2021,Active,https://betterhalf.ai,https://www.ycombinator.com/companies/betterhalf,yc_oss_current,false,publicly_sourced,datahive_cb_url,betterhalf,https://www.crunchbase.com/organization/betterhalf,,,0,false,false,false,false,false,false,false,false,false,false,,,,,,
26134,Beyond Aero,beyond-aero,Winter 2022,Active,https://www.beyond-aero.com/,https://www.ycombinator.com/companies/beyond-aero,yc_oss_current,false,publicly_sourced,datahive_cb_url,beyond-aero,https://www.crunchbase.com/organization/beyond-aero,,,0,false,false,false,false,false,false,false,false,false,false,,,,,,
25615,BharatX,bharatx,Winter 2022,Acquired,https://bharatx.tech/,https://www.ycombinator.com/companies/bharatx,yc_oss_current,false,publicly_sourced,datahive_cb_url,bharatx,https://www.crunchbase.com/organization/bharatx,,,0,false,false,false,false,false,false,false,false,false,false,,,,,,
1972,BHRD,bhrd,Summer 2018,Inactive,http://bhrdglobal.com,https://www.ycombinator.com/companies/bhrd,yc_oss_current,false,publicly_sourced,datahive_cb_url,bhrd,https://www.crunchbase.com/organization/bhrd,,,0,false,false,false,false,false,false,false,false,false,false,,,,,,
1534,Bicycle AI,bicycle-ai,Winter 2017,Inactive,http://bicycleai.com,https://www.ycombinator.com/companies/bicycle-ai,yc_oss_current,false,publicly_sourced,datahive_cb_url,bicycle-ai,https://www.crunchbase.com/organization/bicycle-ai,,,0,false,false,false,false,false,false,false,false,false,false,,,,,,
22002,BIK,bik,Summer 2020,Active,https://bik.ai/,https://www.ycombinator.com/companies/bik,yc_oss_current,false,publicly_sourced,datahive_cb_url,bikglobal,https://www.crunchbase.com/organization/bikglobal,,,0,false,false,false,false,false,false,false,false,false,false,,,,,,
657,Bikanta,bikanta,Summer 2014,Inactive,http://bikanta.com,https://www.ycombinator.com/companies/bikanta,yc_oss_current,false,publicly_sourced,datahive_cb_url,bikanta,https://www.crunchbase.com/organization/bikanta,,,0,false,false,false,false,false,false,false,false,false,false,,,,,,
13372,Bikry,bikry,Winter 2020,Active,https://bikry.com/,https://www.ycombinator.com/companies/bikry,yc_oss_current,false,publicly_sourced,datahive_cb_url,nearpe,https://www.crunchbase.com/organization/nearpe,,,0,false,false,false,false,false,false,false,false,false,false,,,,,,
658,Billforward,billforward,Summer 2014,Inactive,https://www.billforward.io/,https://www.ycombinator.com/companies/billforward,yc_oss_current,false,publicly_sourced,datahive_cb_url,billforward,https://www.crunchbase.com/organization/billforward,,,0,false,false,false,false,false,false,false,false,false,false,,,,,,
1109,BillionToOne,billiontoone,Summer 2017,Public,https://www.billiontoone.com,https://www.ycombinator.com/companies/billiontoone,yc_oss_current,false,publicly_sourced,datahive_cb_url,billiontoone,https://www.crunchbase.com/organization/billiontoone,,,0,false,false,false,false,false,false,false,false,false,false,,,,,,
1763,Biobot Analytics,biobot-analytics,Winter 2018,Active,http://biobot.io,https://www.ycombinator.com/companies/biobot-analytics,yc_oss_current,false,publicly_sourced,datahive_cb_url,biobot-analytics,https://www.crunchbase.com/organization/biobot-analytics,,,0,false,false,false,false,false,false,false,false,false,false,,,,,,
342,Biographicon,biographicon,Summer 2007,Inactive,http://biographicon.com,https://www.ycombinator.com/companies/biographicon,yc_oss_current,false,publicly_sourced,datahive_cb_url,biographicon,https://www.crunchbase.com/organization/biographicon,,,0,false,false,false,false,false,false,false,false,false,false,,,,,,
1790,BioRender,biorender,Winter 2018,Active,https://www.biorender.com,https://www.ycombinator.com/companies/biorender,yc_oss_current,false,publicly_sourced,datahive_cb_url,biorender-inc,https://www.crunchbase.com/organization/biorender-inc,,,0,false,false,false,false,false,false,false,false,false,false,,,,,,
26675,Birch Biosciences,birch-biosciences,Summer 2022,Active,http://www.birchbiosciences.com,https://www.ycombinator.com/companies/birch-biosciences,yc_oss_current,false,publicly_sourced,datahive_cb_url,birch-biosciences,https://www.crunchbase.com/organization/birch-biosciences,,,0,false,false,false,false,false,false,false,false,false,false,,,,,,
1433,Bird,bird,Summer 2016,Active,http://bird.com,https://www.ycombinator.com/companies/bird,yc_oss_current,false,publicly_sourced,datahive_cb_url,messagebird,https://www.crunchbase.com/organization/messagebird,,,0,false,false,false,false,false,false,false,false,false,false,,,,,,
906,Bistrobot,bistrobot,Summer 2015,Inactive,http://bistrobot.com,https://www.ycombinator.com/companies/bistrobot,yc_oss_current,false,publicly_sourced,datahive_cb_url,bistrobot,https://www.crunchbase.com/organization/bistrobot,,,0,false,false,false,false,false,false,false,false,false,false,,,,,,
659,Bitaccess,bitaccess,Summer 2014,Acquired,http://bitaccess.com,https://www.ycombinator.com/companies/bitaccess,yc_oss_current,false,publicly_sourced,datahive_cb_url,bitaccess,https://www.crunchbase.com/organization/bitaccess,,,0,false,false,false,false,false,false,false,false,false,false,,,,,,
24140,Bite Ninja,bite-ninja,Summer 2021,Active,http://www.biteninja.com,https://www.ycombinator.com/companies/bite-ninja,yc_oss_current,false,publicly_sourced,datahive_cb_url,bite-ninja,https://www.crunchbase.com/organization/bite-ninja,,,0,false,false,false,false,false,false,false,false,false,false,,,,,,
29430,BiteSight,bitesight,Winter 2024,Active,http://bitesight.com,https://www.ycombinator.com/companies/bitesight,yc_oss_current,false,publicly_sourced,datahive_cb_url,bitesight,https://www.crunchbase.com/organization/bitesight,,,0,false,false,false,false,false,false,false,false,false,false,,,,,,
960,Bitmovin,bitmovin,Summer 2015,Active,http://bitmovin.com,https://www.ycombinator.com/companies/bitmovin,yc_oss_current,false,publicly_sourced,datahive_cb_url,bitmovin,https://www.crunchbase.com/organization/bitmovin,,,0,false,false,false,false,false,false,false,false,false,false,,,,,,
485,Bitnami,bitnami,Winter 2013,Acquired,https://bitnami.com,https://www.ycombinator.com/companies/bitnami,yc_oss_current,false,publicly_sourced,datahive_cb_url,bitnami,https://www.crunchbase.com/organization/bitnami,,,0,false,false,false,false,false,false,false,false,false,false,,,,,,
216,Bitplay,bitplay,Winter 2010,Acquired,http://meetings.io,https://www.ycombinator.com/companies/bitplay,yc_oss_current,false,publicly_sourced,datahive_cb_url,meetings-io,https://www.crunchbase.com/organization/meetings-io,,,0,false,false,false,false,false,false,false,false,false,false,,,,,,
1515,Bitrise,bitrise,Winter 2017,Active,https://bitrise.io,https://www.ycombinator.com/companies/bitrise,yc_oss_current,false,publicly_sourced,datahive_cb_url,bitrise,https://www.crunchbase.com/organization/bitrise,,,0,false,false,false,false,false,false,false,false,false,false,,,,,,
21914,Bits,bits,Summer 2020,Active,https://www.getbits.app,https://www.ycombinator.com/companies/bits,yc_oss_current,false,publicly_sourced,datahive_cb_url,fea-card,https://www.crunchbase.com/organization/fea-card,,,0,false,false,false,false,false,false,false,false,false,false,,,,,,
26881,Bitstack,bitstack,Summer 2022,Active,https://www.bitstack-app.com,https://www.ycombinator.com/companies/bitstack,yc_oss_current,false,publicly_sourced,datahive_cb_url,bitstack,https://www.crunchbase.com/organization/bitstack,,,0,false,false,false,false,false,false,false,false,false,false,,,,,,
752,Bizzy,bizzy,Winter 2015,Acquired,http://bizzy.io,https://www.ycombinator.com/companies/bizzy,yc_oss_current,false,publicly_sourced,datahive_cb_url,bizzy-2,https://www.crunchbase.com/organization/bizzy-2,,,0,false,false,false,false,false,false,false,false,false,false,,,,,,
12658,Blair,blair,Summer 2019,Inactive,https://joinblair.com/,https://www.ycombinator.com/companies/blair,yc_oss_current,false,publicly_sourced,datahive_cb_url,blair,https://www.crunchbase.com/organization/blair,,,0,false,false,false,false,false,false,false,false,false,false,,,,,,
29840,Blaze,blaze-2,Summer 2024,Active,https://blaze.money,https://www.ycombinator.com/companies/blaze-2,yc_oss_current,false,publicly_sourced,datahive_cb_url,blaze-payments,https://www.crunchbase.com/organization/blaze-payments,,,0,false,false,false,false,false,false,false,false,false,false,,,,,,
23445,Blink,blink,Winter 2021,Inactive,https://www.blinklastmile.com/en/,https://www.ycombinator.com/companies/blink,yc_oss_current,false,publicly_sourced,datahive_cb_url,blink-8353,https://www.crunchbase.com/organization/blink-8353,,,0,false,false,false,false,false,false,false,false,false,false,,,,,,
25989,Blink,blink-new,Winter 2022,Active,https://blink.new,https://www.ycombinator.com/companies/blink-new,yc_oss_current,false,publicly_sourced,radema_cb_url,1flow,https://www.crunchbase.com/organization/1flow,,,0,false,false,false,false,false,false,false,false,false,false,,,,,,
948,Blitz Esports,blitz-esports,Summer 2015,Acquired,http://blitzesports.com,https://www.ycombinator.com/companies/blitz-esports,yc_oss_current,false,publicly_sourced,datahive_cb_url,instant-esports,https://www.crunchbase.com/organization/instant-esports,,,0,false,false,false,false,false,false,false,false,false,false,,,,,,
676,Blockspring,blockspring,Summer 2014,Acquired,http://blockspring.com,https://www.ycombinator.com/companies/blockspring,yc_oss_current,false,publicly_sourced,datahive_cb_url,blockspring,https://www.crunchbase.com/organization/blockspring,,,0,false,false,false,false,false,false,false,false,false,false,,,,,,
1594,Bloom Institute of Technology,bloom-institute-of-technology,Summer 2017,Active,https://www.bloomtech.com,https://www.ycombinator.com/companies/bloom-institute-of-technology,yc_oss_current,false,publicly_sourced,datahive_cb_url,lambda-school,https://www.crunchbase.com/organization/lambda-school,,,0,false,false,false,false,false,false,false,false,false,false,,,,,,
524,BloomThat,bloomthat,Summer 2013,Acquired,http://bloomthat.com,https://www.ycombinator.com/companies/bloomthat,yc_oss_current,false,publicly_sourced,datahive_cb_url,bloomthat,https://www.crunchbase.com/organization/bloomthat,,,0,false,false,false,false,false,false,false,false,false,false,,,,,,
30813,Blue,blue,Summer 2025,Active,https://heyblue.com/,https://www.ycombinator.com/companies/blue,yc_oss_current,false,publicly_sourced,datahive_cb_url,blue-13c9,https://www.crunchbase.com/organization/blue-13c9,,,0,false,false,false,false,false,false,false,false,false,false,,,,,,
326,Blue Frog Gaming,blue-frog-gaming,Summer 2007,Active,http://bluefroggaming.com,https://www.ycombinator.com/companies/blue-frog-gaming,yc_oss_current,false,publicly_sourced,datahive_cb_url,draftmix,https://www.crunchbase.com/organization/draftmix,,,0,false,false,false,false,false,false,false,false,false,false,,,,,,
1731,Blueberry Pediatrics,blueberry-pediatrics,Winter 2018,Active,https://blueberrypediatrics.com,https://www.ycombinator.com/companies/blueberry-pediatrics,yc_oss_current,false,publicly_sourced,datahive_cb_url,blueberry-pediatrics,https://www.crunchbase.com/organization/blueberry-pediatrics,,,0,false,false,false,false,false,false,false,false,false,false,,,,,,
1969,BlueCargo,bluecargo,Summer 2018,Active,http://www.bluecargo.io/,https://www.ycombinator.com/companies/bluecargo,yc_oss_current,false,publicly_sourced,datahive_cb_url,bluecargo,https://www.crunchbase.com/organization/bluecargo,,,0,false,false,false,false,false,false,false,false,false,false,,,,,,
907,Bluecrew,bluecrew,Summer 2015,Acquired,http://bluecrewjobs.com,https://www.ycombinator.com/companies/bluecrew,yc_oss_current,false,publicly_sourced,datahive_cb_url,bluecrew,https://www.crunchbase.com/organization/bluecrew,,,0,false,false,false,false,false,false,false,false,false,false,,,,,,
29810,bluedoor,bluedoor,Summer 2024,Active,https://bluedoor.sh/,https://www.ycombinator.com/companies/bluedoor,yc_oss_current,false,publicly_sourced,datahive_cb_url,actionbase-2147,https://www.crunchbase.com/organization/actionbase-2147,,,0,false,false,false,false,false,false,false,false,false,false,,,,,,
26740,BlueHill Payments,bluehill-payments,Summer 2022,Active,https://www.useBlueHill.com/,https://www.ycombinator.com/companies/bluehill-payments,yc_oss_current,false,publicly_sourced,datahive_cb_url,bluehill-payments,https://www.crunchbase.com/organization/bluehill-payments,,,0,false,false,false,false,false,false,false,false,false,false,,,,,,
30451,Bluejay,bluejay,Spring 2025,Active,https://getbluejay.ai/,https://www.ycombinator.com/companies/bluejay,yc_oss_current,false,publicly_sourced,datahive_cb_url,bluejay-ai-486e,https://www.crunchbase.com/organization/bluejay-ai-486e,,,0,false,false,false,false,false,false,false,false,false,false,,,,,,
30553,Blueshoe,blueshoe,Spring 2025,Active,https://blueshoe.com,https://www.ycombinator.com/companies/blueshoe,yc_oss_current,false,publicly_sourced,datahive_cb_url,blueshoe-e8f8,https://www.crunchbase.com/organization/blueshoe-e8f8,,,0,false,false,false,false,false,false,false,false,false,false,,,,,,
753,Bluesmart,bluesmart,Winter 2015,Acquired,http://bluesmart.com,https://www.ycombinator.com/companies/bluesmart,yc_oss_current,false,publicly_sourced,datahive_cb_url,bluesmart,https://www.crunchbase.com/organization/bluesmart,,,0,false,false,false,false,false,false,false,false,false,false,,,,,,
25291,Boardcave,boardcave,Winter 2022,Active,http://www.boardcave.com,https://www.ycombinator.com/companies/boardcave,yc_oss_current,false,publicly_sourced,datahive_cb_url,boardcave-com,https://www.crunchbase.com/organization/boardcave-com,,,0,false,false,false,false,false,false,false,false,false,false,,,,,,
25491,Bobidi,bobidi,Winter 2022,Active,http://www.upswell.ai,https://www.ycombinator.com/companies/bobidi,yc_oss_current,false,publicly_sourced,datahive_cb_url,bobidi,https://www.crunchbase.com/organization/bobidi,,,0,false,false,false,false,false,false,false,false,false,false,,,,,,
908,Bodyport,bodyport,Summer 2015,Active,http://bodyport.com,https://www.ycombinator.com/companies/bodyport,yc_oss_current,false,publicly_sourced,datahive_cb_url,bodyport,https://www.crunchbase.com/organization/bodyport,,,0,false,false,false,false,false,false,false,false,false,false,,,,,,
23462,boitas.com,boitas-com,Winter 2021,Inactive,http://www.boitas.com,https://www.ycombinator.com/companies/boitas-com,yc_oss_current,false,publicly_sourced,datahive_cb_url,boitas-com,https://www.crunchbase.com/organization/boitas-com,,,0,false,false,false,false,false,false,false,false,false,false,,,,,,
24065,BoldVoice,boldvoice,Summer 2021,Active,https://boldvoice.com,https://www.ycombinator.com/companies/boldvoice,yc_oss_current,false,publicly_sourced,datahive_cb_url,boldvoice,https://www.crunchbase.com/organization/boldvoice,,,0,false,false,false,false,false,false,false,false,false,false,,,,,,
24543,Bolster,bolster,Summer 2021,Active,https://bolsterbuilt.com,https://www.ycombinator.com/companies/bolster,yc_oss_current,false,publicly_sourced,datahive_cb_url,costcertified,https://www.crunchbase.com/organization/costcertified,,,0,false,false,false,false,false,false,false,false,false,false,,,,,,
28976,Bolto,bolto,Summer 2023,Active,https://www.bolto.com,https://www.ycombinator.com/companies/bolto,yc_oss_current,false,publicly_sourced,datahive_cb_url,onnix-d36a,https://www.crunchbase.com/organization/onnix-d36a,,,0,false,false,false,false,false,false,false,false,false,false,,,,,,
800,Bonfire,bonfire,Winter 2015,Acquired,http://GoBonfire.com,https://www.ycombinator.com/companies/bonfire,yc_oss_current,false,publicly_sourced,datahive_cb_url,bonfire-interactive,https://www.crunchbase.com/organization/bonfire-interactive,,,0,false,false,false,false,false,false,false,false,false,false,,,,,,
1086,Bonsai,bonsai,Winter 2016,Acquired,https://www.hellobonsai.com,https://www.ycombinator.com/companies/bonsai,yc_oss_current,false,publicly_sourced,datahive_cb_url,bonsai-2,https://www.crunchbase.com/organization/bonsai-2,,,0,false,false,false,false,false,false,false,false,false,false,,,,,,
23,BookSolid,booksolid,Winter 2012,Inactive,http://booksolid.com,https://www.ycombinator.com/companies/booksolid,yc_oss_current,false,publicly_sourced,datahive_cb_url,booksolid,https://www.crunchbase.com/organization/booksolid,,,0,false,false,false,false,false,false,false,false,false,false,,,,,,
754,Booktrope,booktrope,Winter 2015,Inactive,http://booktrope.com,https://www.ycombinator.com/companies/booktrope,yc_oss_current,false,publicly_sourced,datahive_cb_url,booktrope,https://www.crunchbase.com/organization/booktrope,,,0,false,false,false,false,false,false,false,false,false,false,,,,,,
1081,Boom,boom,Winter 2016,Active,https://boomsupersonic.com/,https://www.ycombinator.com/companies/boom,yc_oss_current,false,publicly_sourced,datahive_cb_url,boom-technology,https://www.crunchbase.com/organization/boom-technology,,,0,false,false,false,false,false,false,false,false,false,false,,,,,,
12736,Boost Biomes,boost-biomes,Summer 2019,Inactive,http://boostbiomes.com,https://www.ycombinator.com/companies/boost-biomes,yc_oss_current,false,publicly_sourced,datahive_cb_url,boost-biomes,https://www.crunchbase.com/organization/boost-biomes,,,0,false,false,false,false,false,false,false,false,false,false,,,,,,
573,Boostable,boostable,Winter 2014,Acquired,http://boostable.com,https://www.ycombinator.com/companies/boostable,yc_oss_current,false,publicly_sourced,radema_cb_url,boostable,https://www.crunchbase.com/organization/boostable,,,0,false,false,false,false,false,false,false,false,false,false,,,,,,
389,Boosted,boosted,Summer 2012,Acquired,http://boostedboards.com,https://www.ycombinator.com/companies/boosted,yc_oss_current,false,publicly_sourced,datahive_cb_url,boosted-boards,https://www.crunchbase.com/organization/boosted-boards,,,0,false,false,false,false,false,false,false,false,false,false,,,,,,
26742,Boostly,boostly,Summer 2022,Active,https://boostly.com,https://www.ycombinator.com/companies/boostly,yc_oss_current,false,publicly_sourced,datahive_cb_url,boostly,https://www.crunchbase.com/organization/boostly,,,0,false,false,false,false,false,false,false,false,false,false,,,,,,
27894,Booth AI,booth-ai,Winter 2023,Acquired,https://booth.ai,https://www.ycombinator.com/companies/booth-ai,yc_oss_current,false,publicly_sourced,datahive_cb_url,booth-ai,https://www.crunchbase.com/organization/booth-ai,,,0,false,false,false,false,false,false,false,false,false,false,,,,,,
558,Bop.fm,bop-fm,Summer 2013,Acquired,http://bop.fm,https://www.ycombinator.com/companies/bop-fm,yc_oss_current,false,publicly_sourced,datahive_cb_url,bop-fm,https://www.crunchbase.com/organization/bop-fm,,,0,false,false,false,false,false,false,false,false,false,false,,,,,,
13520,borong,borong,Winter 2020,Active,https://www.borong.com/,https://www.ycombinator.com/companies/borong,yc_oss_current,false,publicly_sourced,datahive_cb_url,dropee-com,https://www.crunchbase.com/organization/dropee-com,,,0,false,false,false,false,false,false,false,false,false,false,,,,,,
1994,Bot MD,bot-md,Summer 2018,Active,https://www.botmd.io,https://www.ycombinator.com/companies/bot-md,yc_oss_current,false,publicly_sourced,datahive_cb_url,botmd,https://www.crunchbase.com/organization/botmd,,,0,false,false,false,false,false,false,false,false,false,false,,,,,,
25777,BotCity,botcity,Winter 2022,Active,https://botcity.dev,https://www.ycombinator.com/companies/botcity,yc_oss_current,false,publicly_sourced,datahive_cb_url,botcity-ce94,https://www.crunchbase.com/organization/botcity-ce94,,,0,false,false,false,false,false,false,false,false,false,false,,,,,,
25678,Botin,botin,Winter 2022,Inactive,https://www.botin.app,https://www.ycombinator.com/companies/botin,yc_oss_current,false,publicly_sourced,datahive_cb_url,botin,https://www.crunchbase.com/organization/botin,,,0,false,false,false,false,false,false,false,false,false,false,,,,,,
11944,Bottomless,bottomless,Winter 2019,Active,https://bottomless.com,https://www.ycombinator.com/companies/bottomless,yc_oss_current,false,publicly_sourced,datahive_cb_url,bottomless,https://www.crunchbase.com/organization/bottomless,,,0,false,false,false,false,false,false,false,false,false,false,,,,,,
1444,Bountiful,bountiful,Winter 2017,Active,https://bountiful.ag/,https://www.ycombinator.com/companies/bountiful,yc_oss_current,false,publicly_sourced,datahive_cb_url,vinsight,https://www.crunchbase.com/organization/vinsight,,,0,false,false,false,false,false,false,false,false,false,false,,,,,,
328,Bountii,bountii,Summer 2007,Inactive,http://bountii.com,https://www.ycombinator.com/companies/bountii,yc_oss_current,false,publicly_sourced,datahive_cb_url,bountii,https://www.crunchbase.com/organization/bountii,,,0,false,false,false,false,false,false,false,false,false,false,,,,,,
1440,boxouse,boxouse,Winter 2017,Inactive,http://boxouse.com,https://www.ycombinator.com/companies/boxouse,yc_oss_current,false,publicly_sourced,datahive_cb_url,boxouse,https://www.crunchbase.com/organization/boxouse,,,0,false,false,false,false,false,false,false,false,false,false,,,,,,
43,Brace,brace,Winter 2012,Inactive,http://brace.io,https://www.ycombinator.com/companies/brace,yc_oss_current,false,publicly_sourced,datahive_cb_url,brace,https://www.crunchbase.com/organization/brace,,,0,false,false,false,false,false,false,false,false,false,false,,,,,,
25871,Brainboard,brainboard,Winter 2022,Active,https://www.brainboard.co,https://www.ycombinator.com/companies/brainboard,yc_oss_current,false,publicly_sourced,datahive_cb_url,brainboard,https://www.crunchbase.com/organization/brainboard,,,0,false,false,false,false,false,false,false,false,false,false,,,,,,
2006,BrainHi,brainhi,Summer 2018,Active,https://www.brainhi.com,https://www.ycombinator.com/companies/brainhi,yc_oss_current,false,publicly_sourced,datahive_cb_url,brainhi,https://www.crunchbase.com/organization/brainhi,,,0,false,false,false,false,false,false,false,false,false,false,,,,,,
11976,BrainKey,brainkey,Winter 2019,Active,https://www.brainkey.ai/,https://www.ycombinator.com/companies/brainkey,yc_oss_current,false,publicly_sourced,datahive_cb_url,brain-key,https://www.crunchbase.com/organization/brain-key,,,0,false,false,false,false,false,false,false,false,false,false,,,,,,
419,BrainTripping,braintripping,Summer 2012,Inactive,https://braintripping.com,https://www.ycombinator.com/companies/braintripping,yc_oss_current,false,publicly_sourced,radema_cb_url,sparkboard,https://www.crunchbase.com/organization/sparkboard,,,0,false,false,false,false,false,false,false,false,false,false,,,,,,
888,Branch8,branch8,Summer 2015,Active,https://www.branch8.com,https://www.ycombinator.com/companies/branch8,yc_oss_current,false,publicly_sourced,datahive_cb_url,branch8,https://www.crunchbase.com/organization/branch8,,,0,false,false,false,false,false,false,false,false,false,false,,,,,,
24250,Breadcrumbs.io,breadcrumbs-io,Summer 2021,Acquired,http://www.breadcrumbs.io,https://www.ycombinator.com/companies/breadcrumbs-io,yc_oss_current,false,publicly_sourced,datahive_cb_url,breadcrumbs-io,https://www.crunchbase.com/organization/breadcrumbs-io,,,0,false,false,false,false,false,false,false,false,false,false,,,,,,
12903,Breadfast,breadfast,Summer 2019,Active,https://www.breadfast.com,https://www.ycombinator.com/companies/breadfast,yc_oss_current,false,publicly_sourced,datahive_cb_url,breadfast,https://www.crunchbase.com/organization/breadfast,,,0,false,false,false,false,false,false,false,false,false,false,,,,,,
1525,Breaker,breaker,Winter 2017,Acquired,https://www.breaker.audio,https://www.ycombinator.com/companies/breaker,yc_oss_current,false,publicly_sourced,datahive_cb_url,breaker-3,https://www.crunchbase.com/organization/breaker-3,,,0,false,false,false,false,false,false,false,false,false,false,,,,,,
13072,Breezeful,breezeful,Winter 2020,Active,https://breezeful.com/,https://www.ycombinator.com/companies/breezeful,yc_oss_current,false,publicly_sourced,datahive_cb_url,breezeful,https://www.crunchbase.com/organization/breezeful,,,0,false,false,false,false,false,false,false,false,false,false,,,,,,
1556,Brex,brex,Winter 2017,Acquired,https://www.brex.com,https://www.ycombinator.com/companies/brex,yc_oss_current,false,publicly_sourced,datahive_cb_url,brex,https://www.crunchbase.com/organization/brex,,,0,false,false,false,false,false,false,false,false,false,false,,,,,,
26770,Bridgecard,bridgecard,Summer 2022,Inactive,https://bridgecard.cards,https://www.ycombinator.com/companies/bridgecard,yc_oss_current,false,publicly_sourced,datahive_cb_url,bridgecard-82df,https://www.crunchbase.com/organization/bridgecard-82df,,,0,false,false,false,false,false,false,false,false,false,false,,,,,,
755,Bright,bright,Winter 2015,Active,https://www.thinkbright.mx,https://www.ycombinator.com/companies/bright,yc_oss_current,false,publicly_sourced,datahive_cb_url,bright-3,https://www.crunchbase.com/organization/bright-3,,,0,false,false,false,false,false,false,false,false,false,false,,,,,,
22881,BrioHR,briohr,Winter 2021,Active,https://briohr.com/,https://www.ycombinator.com/companies/briohr,yc_oss_current,false,publicly_sourced,datahive_cb_url,briohr,https://www.crunchbase.com/organization/briohr,,,0,false,false,false,false,false,false,false,false,false,false,,,,,,
28851,Bronco AI,bronco-ai,Summer 2023,Active,https://www.bronco.ai/,https://www.ycombinator.com/companies/bronco-ai,yc_oss_current,false,publicly_sourced,datahive_cb_url,bronco-ai,https://www.crunchbase.com/organization/bronco-ai,,,0,false,false,false,false,false,false,false,false,false,false,,,,,,
30341,Browser Use,browser-use,Winter 2025,Active,https://browser-use.com,https://www.ycombinator.com/companies/browser-use,yc_oss_current,false,publicly_sourced,datahive_cb_url,browser-use,https://www.crunchbase.com/organization/browser-use,,,0,false,false,false,false,false,false,false,false,false,false,,,,,,
189,Brushes,brushes,Summer 2010,Inactive,http://brushesapp.com,https://www.ycombinator.com/companies/brushes,yc_oss_current,false,publicly_sourced,datahive_cb_url,brushes,https://www.crunchbase.com/organization/brushes,,,0,false,false,false,false,false,false,false,false,false,false,,,,,,
433,BufferBox,bufferbox,Summer 2012,Acquired,http://bufferbox.com,https://www.ycombinator.com/companies/bufferbox,yc_oss_current,false,publicly_sourced,datahive_cb_url,bufferbox,https://www.crunchbase.com/organization/bufferbox,,,0,false,false,false,false,false,false,false,false,false,false,,,,,,
13239,BuildBuddy,buildbuddy,Winter 2020,Active,https://buildbuddy.io,https://www.ycombinator.com/companies/buildbuddy,yc_oss_current,false,publicly_sourced,datahive_cb_url,buildbuddy,https://www.crunchbase.com/organization/buildbuddy,,,0,false,false,false,false,false,false,false,false,false,false,,,,,,
781,BuildScience,buildscience,Winter 2015,Active,http://www.buildscience.com/,https://www.ycombinator.com/companies/buildscience,yc_oss_current,false,publicly_sourced,datahive_cb_url,buildscience,https://www.crunchbase.com/organization/buildscience,,,0,false,false,false,false,false,false,false,false,false,false,,,,,,
12547,BuildStream,buildstream,Summer 2019,Inactive,https://buildstream.co,https://www.ycombinator.com/companies/buildstream,yc_oss_current,false,publicly_sourced,datahive_cb_url,buildstream,https://www.crunchbase.com/organization/buildstream,,,0,false,false,false,false,false,false,false,false,false,false,,,,,,
479,BuildZoom,buildzoom,Winter 2013,Acquired,https://www.buildzoom.com,https://www.ycombinator.com/companies/buildzoom,yc_oss_current,false,publicly_sourced,datahive_cb_url,buildzoom,https://www.crunchbase.com/organization/buildzoom,,,0,false,false,false,false,false,false,false,false,false,false,,,,,,
1512,Bulk MRO Industrial Supply,bulk-mro-industrial-supply,Winter 2017,Active,http://www.bulkmro.com,https://www.ycombinator.com/companies/bulk-mro-industrial-supply,yc_oss_current,false,publicly_sourced,datahive_cb_url,bulk-mro,https://www.crunchbase.com/organization/bulk-mro,,,0,false,false,false,false,false,false,false,false,false,false,,,,,,
1265,Bulldozair,bulldozair,Summer 2016,Acquired,https://www.bulldozair.com,https://www.ycombinator.com/companies/bulldozair,yc_oss_current,false,publicly_sourced,datahive_cb_url,bulldozair,https://www.crunchbase.com/organization/bulldozair,,,0,false,false,false,false,false,false,false,false,false,false,,,,,,
1526,Bulletin,bulletin,Winter 2017,Acquired,https://bulletin.co,https://www.ycombinator.com/companies/bulletin,yc_oss_current,false,publicly_sourced,datahive_cb_url,bulletin,https://www.crunchbase.com/organization/bulletin,,,0,false,false,false,false,false,false,false,false,false,false,,,,,,
12042,Bunkerhill Health,bunkerhill-health,Winter 2019,Active,http://bunkerhillhealth.com,https://www.ycombinator.com/companies/bunkerhill-health,yc_oss_current,false,publicly_sourced,datahive_cb_url,bunkerhill-health,https://www.crunchbase.com/organization/bunkerhill-health,,,0,false,false,false,false,false,false,false,false,false,false,,,,,,
25583,Bunkyr,bunkyr,Winter 2022,Active,https://bunkyr.com,https://www.ycombinator.com/companies/bunkyr,yc_oss_current,false,publicly_sourced,datahive_cb_url,bunkyr,https://www.crunchbase.com/organization/bunkyr,,,0,false,false,false,false,false,false,false,false,false,false,,,,,,
30801,burnt,burnt,Summer 2025,Active,https://getburnt.ai/,https://www.ycombinator.com/companies/burnt,yc_oss_current,false,publicly_sourced,datahive_cb_url,burnt,https://www.crunchbase.com/organization/burnt,,,0,false,false,false,false,false,false,false,false,false,false,,,,,,
1239,Burrow,burrow,Summer 2016,Acquired,http://www.burrow.com,https://www.ycombinator.com/companies/burrow,yc_oss_current,false,publicly_sourced,datahive_cb_url,hiburrow,https://www.crunchbase.com/organization/hiburrow,,,0,false,false,false,false,false,false,false,false,false,false,,,,,,
1022,Bus.com,bus-com,Winter 2016,Inactive,http://www.bus.com,https://www.ycombinator.com/companies/bus-com,yc_oss_current,false,publicly_sourced,datahive_cb_url,sharethebus,https://www.crunchbase.com/organization/sharethebus,,,0,false,false,false,false,false,false,false,false,false,false,,,,,,
559,Butter Systems,butter-systems,Summer 2013,Inactive,http://buttersystems.com,https://www.ycombinator.com/companies/butter-systems,yc_oss_current,false,publicly_sourced,datahive_cb_url,butter-systems,https://www.crunchbase.com/organization/butter-systems,,,0,false,false,false,false,false,false,false,false,false,false,,,,,,
527,Buttercoin,buttercoin,Summer 2013,Inactive,http://buttercoin.com,https://www.ycombinator.com/companies/buttercoin,yc_oss_current,false,publicly_sourced,datahive_cb_url,buttercoin,https://www.crunchbase.com/organization/buttercoin,,,0,false,false,false,false,false,false,false,false,false,false,,,,,,
347,Buxfer,buxfer,Winter 2007,Active,https://www.buxfer.com,https://www.ycombinator.com/companies/buxfer,yc_oss_current,false,publicly_sourced,datahive_cb_url,buxfer,https://www.crunchbase.com/organization/buxfer,,,0,false,false,false,false,false,false,false,false,false,false,,,,,,
12371,Buy Me a Coffee,buy-me-a-coffee,Winter 2019,Active,https://www.buymeacoffee.com/,https://www.ycombinator.com/companies/buy-me-a-coffee,yc_oss_current,false,publicly_sourced,datahive_cb_url,buy-me-a-coffee,https://www.crunchbase.com/organization/buy-me-a-coffee,,,0,false,false,false,false,false,false,false,false,false,false,,,,,,
1522,BuyPower,buypower,Winter 2017,Active,http://www.buypower.ng,https://www.ycombinator.com/companies/buypower,yc_oss_current,false,publicly_sourced,datahive_cb_url,buypower,https://www.crunchbase.com/organization/buypower,,,0,false,false,false,false,false,false,false,false,false,false,,,,,,
1668,bxblue,bxblue,Summer 2017,Acquired,http://www.bxblue.com.br,https://www.ycombinator.com/companies/bxblue,yc_oss_current,false,publicly_sourced,datahive_cb_url,bxblue,https://www.crunchbase.com/organization/bxblue,,,0,false,false,false,false,false,false,false,false,false,false,,,,,,
1892,C16 Biosciences,c16-biosciences,Summer 2018,Active,https://www.c16bio.com/,https://www.ycombinator.com/companies/c16-biosciences,yc_oss_current,false,publicly_sourced,datahive_cb_url,c16-biosciences,https://www.crunchbase.com/organization/c16-biosciences,,,0,false,false,false,false,false,false,false,false,false,false,,,,,,
30543,Cactus,oncactus,Spring 2025,Active,https://oncactus.com,https://www.ycombinator.com/companies/oncactus,yc_oss_current,false,publicly_sourced,datahive_cb_url,cravd,https://www.crunchbase.com/organization/cravd,,,0,false,false,false,false,false,false,false,false,false,false,,,,,,
1634,Caelum Health,caelum-health,Summer 2017,Inactive,https://caelumhealth.com/,https://www.ycombinator.com/companies/caelum-health,yc_oss_current,false,publicly_sourced,datahive_cb_url,caelum-health,https://www.crunchbase.com/organization/caelum-health,,,0,false,false,false,false,false,false,false,false,false,false,,,,,,
1733,California Dreamin,california-dreamin,Winter 2018,Inactive,https://www.drinkdreamin.com/,https://www.ycombinator.com/companies/california-dreamin,yc_oss_current,false,publicly_sourced,datahive_cb_url,california-dreamin,https://www.crunchbase.com/organization/california-dreamin,,,0,false,false,false,false,false,false,false,false,false,false,,,,,,
1989,Calii,calii,Summer 2018,Active,https://calii.com,https://www.ycombinator.com/companies/calii,yc_oss_current,false,publicly_sourced,datahive_cb_url,calii,https://www.crunchbase.com/organization/calii,,,0,false,false,false,false,false,false,false,false,false,false,,,,,,
886,Call9,call9,Summer 2015,Inactive,http://callnine.com,https://www.ycombinator.com/companies/call9,yc_oss_current,false,publicly_sourced,datahive_cb_url,call9,https://www.crunchbase.com/organization/call9,,,0,false,false,false,false,false,false,false,false,false,false,,,,,,
583,Cambly,cambly,Winter 2014,Active,http://www.cambly.com,https://www.ycombinator.com/companies/cambly,yc_oss_current,false,publicly_sourced,datahive_cb_url,cambly,https://www.crunchbase.com/organization/cambly,,,0,false,false,false,false,false,false,false,false,false,false,,,,,,
1686,Cambridge Cancer Genomics,cambridge-cancer-genomics,Summer 2017,Inactive,http://ccg.ai,https://www.ycombinator.com/companies/cambridge-cancer-genomics,yc_oss_current,false,publicly_sourced,datahive_cb_url,cambridge-cancer-genomics,https://www.crunchbase.com/organization/cambridge-cancer-genomics,,,0,false,false,false,false,false,false,false,false,false,false,,,,,,
1979,Canary Technologies,canary-technologies,Summer 2018,Active,https://www.canarytechnologies.com,https://www.ycombinator.com/companies/canary-technologies,yc_oss_current,false,publicly_sourced,datahive_cb_url,canary-technologies,https://www.crunchbase.com/organization/canary-technologies,,,0,false,false,false,false,false,false,false,false,false,false,,,,,,
13290,Candid Health,candid-health,Winter 2020,Active,https://www.joincandidhealth.com,https://www.ycombinator.com/companies/candid-health,yc_oss_current,false,publicly_sourced,datahive_cb_url,candid-health,https://www.crunchbase.com/organization/candid-health,,,0,false,false,false,false,false,false,false,false,false,false,,,,,,
30030,Candle,candle,Fall 2024,Active,https://www.trycandle.app/,https://www.ycombinator.com/companies/candle,yc_oss_current,false,publicly_sourced,datahive_cb_url,encore-e27b,https://www.crunchbase.com/organization/encore-e27b,,,0,false,false,false,false,false,false,false,false,false,false,,,,,,
11927,Canopy (was Encarte),encarte,Winter 2019,Active,https://www.heycanopy.com/,https://www.ycombinator.com/companies/encarte,yc_oss_current,false,publicly_sourced,datahive_cb_url,encarte,https://www.crunchbase.com/organization/encarte,,,0,false,false,false,false,false,false,false,false,false,false,,,,,,
391,Canopy Labs,canopy-labs,Summer 2012,Inactive,http://canopylabs.com,https://www.ycombinator.com/companies/canopy-labs,yc_oss_current,false,publicly_sourced,datahive_cb_url,canopy-labs,https://www.crunchbase.com/organization/canopy-labs,,,0,false,false,false,false,false,false,false,false,false,false,,,,,,
1058,Caper,caper,Winter 2016,Acquired,https://www.caper.ai/,https://www.ycombinator.com/companies/caper,yc_oss_current,false,publicly_sourced,datahive_cb_url,queuehop,https://www.crunchbase.com/organization/queuehop,,,0,false,false,false,false,false,false,false,false,false,false,,,,,,
1867,CaptivateIQ,captivateiq,Winter 2018,Active,https://www.captivateiq.com,https://www.ycombinator.com/companies/captivateiq,yc_oss_current,false,publicly_sourced,datahive_cb_url,captivateiq,https://www.crunchbase.com/organization/captivateiq,,,0,false,false,false,false,false,false,false,false,false,false,,,,,,
22323,CapWay,capway,Summer 2020,Inactive,http://www.CapWay.com,https://www.ycombinator.com/companies/capway,yc_oss_current,false,publicly_sourced,datahive_cb_url,capway,https://www.crunchbase.com/organization/capway,,,0,false,false,false,false,false,false,false,false,false,false,,,,,,
13106,Carbon-12 Labs,carbon-12-labs,Winter 2020,Inactive,https://www.carbon.money,https://www.ycombinator.com/companies/carbon-12-labs,yc_oss_current,false,publicly_sourced,datahive_cb_url,carbon-12-labs,https://www.crunchbase.com/organization/carbon-12-labs,,,0,false,false,false,false,false,false,false,false,false,false,,,,,,
23960,Carbonfact,carbonfact,Summer 2021,Active,http://www.carbonfact.com,https://www.ycombinator.com/companies/carbonfact,yc_oss_current,false,publicly_sourced,datahive_cb_url,carbonfact,https://www.crunchbase.com/organization/carbonfact,,,0,false,false,false,false,false,false,false,false,false,false,,,,,,
1597,CarDash,cardash,Summer 2017,Acquired,https://www.repairsmith.com,https://www.ycombinator.com/companies/cardash,yc_oss_current,false,publicly_sourced,datahive_cb_url,cardash,https://www.crunchbase.com/organization/cardash,,,0,false,false,false,false,false,false,false,false,false,false,,,,,,
25593,Cardda,cardda,Winter 2022,Active,https://cardda.com,https://www.ycombinator.com/companies/cardda,yc_oss_current,false,publicly_sourced,datahive_cb_url,cardda,https://www.crunchbase.com/organization/cardda,,,0,false,false,false,false,false,false,false,false,false,false,,,,,,
230,Cardpool,cardpool,Winter 2010,Acquired,http://cardpool.com,https://www.ycombinator.com/companies/cardpool,yc_oss_current,false,publicly_sourced,datahive_cb_url,cardpool,https://www.crunchbase.com/organization/cardpool,,,0,false,false,false,false,false,false,false,false,false,false,,,,,,
22870,Care Weather,care-weather,Winter 2021,Active,https://www.careweather.com,https://www.ycombinator.com/companies/care-weather,yc_oss_current,false,publicly_sourced,datahive_cb_url,care-weather,https://www.crunchbase.com/organization/care-weather,,,0,false,false,false,false,false,false,false,false,false,false,,,,,,
25047,Careerist,careerist,Summer 2021,Active,http://careerist.cc/,https://www.ycombinator.com/companies/careerist,yc_oss_current,false,publicly_sourced,datahive_cb_url,jobeasy,https://www.crunchbase.com/organization/jobeasy,,,0,false,false,false,false,false,false,false,false,false,false,,,,,,
887,CareLedger,careledger,Summer 2015,Inactive,http://careledger.com,https://www.ycombinator.com/companies/careledger,yc_oss_current,false,publicly_sourced,datahive_cb_url,careledger,https://www.crunchbase.com/organization/careledger,,,0,false,false,false,false,false,false,false,false,false,false,,,,,,
577,CareMessage,caremessage,Winter 2014,Active,http://caremessage.org,https://www.ycombinator.com/companies/caremessage,yc_oss_current,false,publicly_sourced,datahive_cb_url,caremessage,https://www.crunchbase.com/organization/caremessage,,,0,false,false,false,false,false,false,false,false,false,false,,,,,,
1188,CareRev,carerev,Summer 2016,Acquired,https://www.carerev.com,https://www.ycombinator.com/companies/carerev,yc_oss_current,false,publicly_sourced,datahive_cb_url,care-revolutions,https://www.crunchbase.com/organization/care-revolutions,,,0,false,false,false,false,false,false,false,false,false,false,,,,,,
30666,CareSwift,careswift,Summer 2025,Active,https://www.careswift.com/,https://www.ycombinator.com/companies/careswift,yc_oss_current,false,publicly_sourced,datahive_cb_url,careswift,https://www.crunchbase.com/organization/careswift,,,0,false,false,false,false,false,false,false,false,false,false,,,,,,
12074,Caribou,caribou,Winter 2019,Active,https://usecaribou.com,https://www.ycombinator.com/companies/caribou,yc_oss_current,false,publicly_sourced,datahive_cb_url,caribou-80f4,https://www.crunchbase.com/organization/caribou-80f4,,,0,false,false,false,false,false,false,false,false,false,false,,,,,,
661,Carlypso,carlypso,Summer 2014,Acquired,http://carlypso.com,https://www.ycombinator.com/companies/carlypso,yc_oss_current,false,publicly_sourced,datahive_cb_url,carlypso,https://www.crunchbase.com/organization/carlypso,,,0,false,false,false,false,false,false,false,false,false,false,,,,,,
29376,Carma,carma,Winter 2024,Active,https://www.joincarma.com/,https://www.ycombinator.com/companies/carma,yc_oss_current,false,publicly_sourced,datahive_cb_url,carma-aa85,https://www.crunchbase.com/organization/carma-aa85,,,0,false,false,false,false,false,false,false,false,false,false,,,,,,
1619,Carrot Fertility,carrot-fertility,Summer 2017,Active,https://www.get-carrot.com/,https://www.ycombinator.com/companies/carrot-fertility,yc_oss_current,false,publicly_sourced,datahive_cb_url,carrot-fertility,https://www.crunchbase.com/organization/carrot-fertility,,,0,false,false,false,false,false,false,false,false,false,false,,,,,,
63,Carsabi,carsabi,Winter 2012,Inactive,http://carsabi.com,https://www.ycombinator.com/companies/carsabi,yc_oss_current,false,publicly_sourced,datahive_cb_url,carsabi,https://www.crunchbase.com/organization/carsabi,,,0,false,false,false,false,false,false,false,false,false,false,,,,,,
1467,Cartcam,cartcam,Winter 2017,Inactive,https://www.cartcam.com,https://www.ycombinator.com/companies/cartcam,yc_oss_current,false,publicly_sourced,datahive_cb_url,cartcam,https://www.crunchbase.com/organization/cartcam,,,0,false,false,false,false,false,false,false,false,false,false,,,,,,
13674,CARUPI,carupi,Winter 2020,Inactive,https://www.carupi.com/,https://www.ycombinator.com/companies/carupi,yc_oss_current,false,publicly_sourced,datahive_cb_url,carupi,https://www.crunchbase.com/organization/carupi,,,0,false,false,false,false,false,false,false,false,false,false,,,,,,
542,Casetext,casetext,Summer 2013,Acquired,http://casetext.com,https://www.ycombinator.com/companies/casetext,yc_oss_current,false,publicly_sourced,datahive_cb_url,casetext,https://www.crunchbase.com/organization/casetext,,,0,false,false,false,false,false,false,false,false,false,false,,,,,,
25754,Cash Flow Portal,cash-flow-portal,Winter 2022,Active,https://www.cashflowportal.com/,https://www.ycombinator.com/companies/cash-flow-portal,yc_oss_current,false,publicly_sourced,datahive_cb_url,cash-flow-portal,https://www.crunchbase.com/organization/cash-flow-portal,,,0,false,false,false,false,false,false,false,false,false,false,,,,,,
1713,Cashfree Payments,cashfree-payments,Summer 2017,Active,https://www.cashfree.com/,https://www.ycombinator.com/companies/cashfree-payments,yc_oss_current,false,publicly_sourced,datahive_cb_url,cashfree,https://www.crunchbase.com/organization/cashfree,,,0,false,false,false,false,false,false,false,false,false,false,,,,,,
26043,Cashmere,cashmere,Winter 2022,Inactive,https://cashmere.finance/,https://www.ycombinator.com/companies/cashmere,yc_oss_current,false,publicly_sourced,datahive_cb_url,cashmere-07f3,https://www.crunchbase.com/organization/cashmere-07f3,,,0,false,false,false,false,false,false,false,false,false,false,,,,,,
25404,Castia,castia,Winter 2022,Inactive,https://www.castia.com,https://www.ycombinator.com/companies/castia,yc_oss_current,false,publicly_sourced,datahive_cb_url,acasa,https://www.crunchbase.com/organization/acasa,,,0,false,false,false,false,false,false,false,false,false,false,,,,,,
1031,Castle,castle,Winter 2016,Inactive,http://entercastle.com,https://www.ycombinator.com/companies/castle,yc_oss_current,false,publicly_sourced,datahive_cb_url,castle,https://www.crunchbase.com/organization/castle,,,0,false,false,false,false,false,false,false,false,false,false,,,,,,
1032,Castle,castle-2,Winter 2016,Active,https://castle.io,https://www.ycombinator.com/companies/castle-2,yc_oss_current,false,publicly_sourced,datahive_cb_url,castle-2,https://www.crunchbase.com/organization/castle-2,,,0,false,false,false,false,false,false,false,false,false,false,,,,,,
25588,Castled.io,castled-io,Winter 2022,Inactive,https://castled.io/,https://www.ycombinator.com/companies/castled-io,yc_oss_current,false,publicly_sourced,datahive_cb_url,castled-data,https://www.crunchbase.com/organization/castled-data,,,0,false,false,false,false,false,false,false,false,false,false,,,,,,
12366,Catch,catch,Winter 2019,Acquired,http://www.catch.co,https://www.ycombinator.com/companies/catch,yc_oss_current,false,publicly_sourced,datahive_cb_url,catchco,https://www.crunchbase.com/organization/catchco,,,0,false,false,false,false,false,false,false,false,false,false,,,,,,
24008,Catena Biosciences,catena-biosciences,Summer 2021,Active,https://www.catenabiosciences.com/,https://www.ycombinator.com/companies/catena-biosciences,yc_oss_current,false,publicly_sourced,datahive_cb_url,catena-biosciences,https://www.crunchbase.com/organization/catena-biosciences,,,0,false,false,false,false,false,false,false,false,false,false,,,,,,
106,Caviar,caviar,Summer 2011,Acquired,http://trycaviar.com,https://www.ycombinator.com/companies/caviar,yc_oss_current,false,publicly_sourced,datahive_cb_url,caviar,https://www.crunchbase.com/organization/caviar,,,0,false,false,false,false,false,false,false,false,false,false,,,,,,
1964,CB Therapeutics,cb-therapeutics,Summer 2018,Active,http://www.cbthera.com,https://www.ycombinator.com/companies/cb-therapeutics,yc_oss_current,false,publicly_sourced,datahive_cb_url,cb-therapeutics,https://www.crunchbase.com/organization/cb-therapeutics,,,0,false,false,false,false,false,false,false,false,false,false,,,,,,
454,Celery,celery,Summer 2012,Inactive,https://trycelery.com,https://www.ycombinator.com/companies/celery,yc_oss_current,false,publicly_sourced,datahive_cb_url,celery,https://www.crunchbase.com/organization/celery,,,0,false,false,false,false,false,false,false,false,false,false,,,,,,
24737,CellChorus,cellchorus,Summer 2021,Active,https://cellchorus.com,https://www.ycombinator.com/companies/cellchorus,yc_oss_current,false,publicly_sourced,datahive_cb_url,cellchorus,https://www.crunchbase.com/organization/cellchorus,,,0,false,false,false,false,false,false,false,false,false,false,,,,,,
29072,Certainly Health,certainly-health,Summer 2023,Active,https://certainlyhealth.com,https://www.ycombinator.com/companies/certainly-health,yc_oss_current,false,publicly_sourced,datahive_cb_url,certainly-health,https://www.crunchbase.com/organization/certainly-health,,,0,false,false,false,false,false,false,false,false,false,false,,,,,,
910,Chaldal,chaldal,Summer 2015,Active,http://chaldal.com,https://www.ycombinator.com/companies/chaldal,yc_oss_current,false,publicly_sourced,datahive_cb_url,chaldal,https://www.crunchbase.com/organization/chaldal,,,0,false,false,false,false,false,false,false,false,false,false,,,,,,
12724,Chaos Genius,chaos-genius,Winter 2020,Acquired,http://www.chaosgenius.io,https://www.ycombinator.com/companies/chaos-genius,yc_oss_current,false,publicly_sourced,datahive_cb_url,chaos-genius,https://www.crunchbase.com/organization/chaos-genius,,,0,false,false,false,false,false,false,false,false,false,false,,,,confirmed,https://www.crunchbase.com/organization/chaos-genius,Name and chaosgenius.io domain match
22775,Charge Running,charge-running,Winter 2021,Inactive,http://www.chargerunning.com,https://www.ycombinator.com/companies/charge-running,yc_oss_current,false,publicly_sourced,datahive_cb_url,charge-running,https://www.crunchbase.com/organization/charge-running,,,0,false,false,false,false,false,false,false,false,false,false,,,,,,
581,Chargehound,chargehound,Winter 2014,Acquired,https://www.chargehound.com,https://www.ycombinator.com/companies/chargehound,yc_oss_current,false,publicly_sourced,radema_cb_url,chargehound,https://www.crunchbase.com/organization/chargehound,,,0,false,false,false,false,false,false,false,false,false,false,,,,,,
24563,Chari,chari,Summer 2021,Active,https://chari.com,https://www.ycombinator.com/companies/chari,yc_oss_current,false,publicly_sourced,datahive_cb_url,chari-ma,https://www.crunchbase.com/organization/chari-ma,,,0,false,false,false,false,false,false,false,false,false,false,,,,,,
21856,Charityvest,charityvest,Summer 2020,Acquired,https://www.charityvest.org,https://www.ycombinator.com/companies/charityvest,yc_oss_current,false,publicly_sourced,datahive_cb_url,charityvest,https://www.crunchbase.com/organization/charityvest,,,0,false,false,false,false,false,false,false,false,false,false,,,,,,
176,Chartio,chartio,Summer 2010,Acquired,https://chartio.com,https://www.ycombinator.com/companies/chartio,yc_oss_current,false,publicly_sourced,datahive_cb_url,chart-io,https://www.crunchbase.com/organization/chart-io,,,0,false,false,false,false,false,false,false,false,false,false,,,,,,
985,Chatfuel,chatfuel,Winter 2016,Active,http://chatfuel.com,https://www.ycombinator.com/companies/chatfuel,yc_oss_current,false,publicly_sourced,datahive_cb_url,chatfuel,https://www.crunchbase.com/organization/chatfuel,,,0,false,false,false,false,false,false,false,false,false,false,,,,,,
13503,Checkars,checkars,Winter 2020,Acquired,https://www.checkars.com,https://www.ycombinator.com/companies/checkars,yc_oss_current,false,publicly_sourced,datahive_cb_url,checkars,https://www.crunchbase.com/organization/checkars,,,0,false,false,false,false,false,false,false,false,false,false,,,,,,
662,Checkr,checkr,Summer 2014,Active,http://www.checkr.com,https://www.ycombinator.com/companies/checkr,yc_oss_current,false,publicly_sourced,datahive_cb_url,checkr,https://www.crunchbase.com/organization/checkr,,,0,false,false,false,false,false,false,false,false,false,false,,,,,,
486,Cheetah,cheetah,Winter 2013,Active,http://gocheetah.com,https://www.ycombinator.com/companies/cheetah,yc_oss_current,false,publicly_sourced,datahive_cb_url,sourcery,https://www.crunchbase.com/organization/sourcery,,,0,false,false,false,false,false,false,false,false,false,false,,,,,,
29100,CheqUPI,chequpi,Summer 2023,Acquired,https://www.cheq.money,https://www.ycombinator.com/companies/chequpi,yc_oss_current,false,publicly_sourced,datahive_cb_url,cheq-money,https://www.crunchbase.com/organization/cheq-money,,,0,false,false,false,false,false,false,false,false,false,false,,,,,,
12068,Cherry,cherry,Winter 2019,Inactive,http://www.startcherry.com,https://www.ycombinator.com/companies/cherry,yc_oss_current,false,publicly_sourced,datahive_cb_url,cherry-107e,https://www.crunchbase.com/organization/cherry-107e,,,0,false,false,false,false,false,false,false,false,false,false,,,,,,
27254,Chima,chima,Winter 2023,Active,https://www.withchima.com/,https://www.ycombinator.com/companies/chima,yc_oss_current,false,publicly_sourced,datahive_cb_url,chima,https://www.crunchbase.com/organization/chima,,,0,false,false,false,false,false,false,false,false,false,false,,,,,,
24884,Chipax,chipax,Summer 2021,Active,https://www.chipax.com,https://www.ycombinator.com/companies/chipax,yc_oss_current,false,publicly_sourced,datahive_cb_url,chipax,https://www.crunchbase.com/organization/chipax,,,0,false,false,false,false,false,false,false,false,false,false,,,,,,
184,Chirply,chirply,Summer 2010,Inactive,http://chirply.com,https://www.ycombinator.com/companies/chirply,yc_oss_current,false,publicly_sourced,datahive_cb_url,chirply,https://www.crunchbase.com/organization/chirply,,,0,false,false,false,false,false,false,false,false,false,false,,,,confirmed,https://www.crunchbase.com/organization/chirply,Name domain and founders match
29,Chute,chute,Winter 2012,Acquired,http://getchute.com,https://www.ycombinator.com/companies/chute,yc_oss_current,false,publicly_sourced,datahive_cb_url,chute,https://www.crunchbase.com/organization/chute,,,0,false,false,false,false,false,false,false,false,false,false,,,,,,
26121,Cinapse,cinapse,Winter 2022,Active,https://cinapse.io,https://www.ycombinator.com/companies/cinapse,yc_oss_current,false,publicly_sourced,datahive_cb_url,cinapse,https://www.crunchbase.com/organization/cinapse,,,0,false,false,false,false,false,false,false,false,false,false,,,,,,
1287,Circa,circa,Summer 2016,Active,http://www.circa.co,https://www.ycombinator.com/companies/circa,yc_oss_current,false,publicly_sourced,datahive_cb_url,eventgeek,https://www.crunchbase.com/organization/eventgeek,,,0,false,false,false,false,false,false,false,false,false,false,,,,,,
915,Circle Medical,circle-medical,Summer 2015,Active,https://circlemedical.com,https://www.ycombinator.com/companies/circle-medical,yc_oss_current,false,publicly_sourced,datahive_cb_url,circle-medical-2,https://www.crunchbase.com/organization/circle-medical-2,,,0,false,false,false,false,false,false,false,false,false,false,,,,,,
5,CircuitHub,circuithub,Winter 2012,Active,https://circuithub.com,https://www.ycombinator.com/companies/circuithub,yc_oss_current,false,publicly_sourced,datahive_cb_url,circuithub,https://www.crunchbase.com/organization/circuithub,,,0,false,false,false,false,false,false,false,false,false,false,,,,,,
471,CircuitLab,circuitlab,Winter 2013,Active,https://www.circuitlab.com/,https://www.ycombinator.com/companies/circuitlab,yc_oss_current,false,publicly_sourced,datahive_cb_url,pantelligent,https://www.crunchbase.com/organization/pantelligent,,,0,false,false,false,false,false,false,false,false,false,false,,,,,,
26054,Circular,circular,Winter 2022,Active,https://www.nowcircular.com,https://www.ycombinator.com/companies/circular,yc_oss_current,false,publicly_sourced,datahive_cb_url,circular-0280,https://www.crunchbase.com/organization/circular-0280,,,0,false,false,false,false,false,false,false,false,false,false,,,,,,
2029,Circumvent,circumvent,Summer 2018,Active,https://www.circumventpharmaceuticals.com/,https://www.ycombinator.com/companies/circumvent,yc_oss_current,false,publicly_sourced,datahive_cb_url,circumvent-pharmaceuticals,https://www.crunchbase.com/organization/circumvent-pharmaceuticals,,,0,false,false,false,false,false,false,false,false,false,false,,,,,,
89,Citus Data,citus-data,Summer 2011,Acquired,http://citusdata.com,https://www.ycombinator.com/companies/citus-data,yc_oss_current,false,publicly_sourced,datahive_cb_url,citus-data,https://www.crunchbase.com/organization/citus-data,,,0,false,false,false,false,false,false,false,false,false,false,,,,,,
12257,Cityfurnish,cityfurnish,Winter 2019,Active,https://cityfurnish.com/,https://www.ycombinator.com/companies/cityfurnish,yc_oss_current,false,publicly_sourced,datahive_cb_url,cityfurnish,https://www.crunchbase.com/organization/cityfurnish,,,0,false,false,false,false,false,false,false,false,false,false,,,,,,
29613,ClaimSorted,claimsorted,Summer 2024,Active,https://claimsorted.com,https://www.ycombinator.com/companies/claimsorted,yc_oss_current,false,publicly_sourced,datahive_cb_url,claimsorted,https://www.crunchbase.com/organization/claimsorted,,,0,false,false,false,false,false,false,false,false,false,false,,,,,,
663,Clara Labs,clara-labs,Summer 2014,Acquired,http://claralabs.com,https://www.ycombinator.com/companies/clara-labs,yc_oss_current,false,publicly_sourced,datahive_cb_url,clara-labs,https://www.crunchbase.com/organization/clara-labs,,,0,false,false,false,false,false,false,false,false,false,false,,,,,,
29395,Clarum,clarum,Winter 2024,Active,https://clarum.ai,https://www.ycombinator.com/companies/clarum,yc_oss_current,false,publicly_sourced,datahive_cb_url,clarum,https://www.crunchbase.com/organization/clarum,,,0,false,false,false,false,false,false,false,false,false,false,,,,,,
1360,ClassDojo,classdojo,Summer 2012,Active,http://www.classdojo.com,https://www.ycombinator.com/companies/classdojo,yc_oss_current,false,publicly_sourced,datahive_cb_url,classdojo,https://www.crunchbase.com/organization/classdojo,,,0,false,false,false,false,false,false,false,false,false,false,,,,,,
802,Cleanly,cleanly,Winter 2015,Active,https://cleanly.com,https://www.ycombinator.com/companies/cleanly,yc_oss_current,false,publicly_sourced,datahive_cb_url,cleanly,https://www.crunchbase.com/organization/cleanly,,,0,false,false,false,false,false,false,false,false,false,false,,,,,,
664,Clear,cleartax,Summer 2014,Active,https://clear.in/,https://www.ycombinator.com/companies/cleartax,yc_oss_current,false,publicly_sourced,datahive_cb_url,cleartax,https://www.crunchbase.com/organization/cleartax,,,0,false,false,false,false,false,false,false,false,false,false,,,,,,
23550,Clear,clear,Winter 2021,Active,https://getclearapp.com/,https://www.ycombinator.com/companies/clear,yc_oss_current,false,publicly_sourced,datahive_cb_url,clear-6311,https://www.crunchbase.com/organization/clear-6311,,,0,false,false,false,false,false,false,false,false,false,false,,,,,,
1441,Clear Genetics,clear-genetics,Winter 2017,Acquired,https://cleargenetics.com/,https://www.ycombinator.com/companies/clear-genetics,yc_oss_current,false,publicly_sourced,datahive_cb_url,clear-genetics,https://www.crunchbase.com/organization/clear-genetics,,,0,false,false,false,false,false,false,false,false,false,false,,,,,,
1751,ClearBrain,clearbrain,Winter 2018,Acquired,https://clearbrain.com/,https://www.ycombinator.com/companies/clearbrain,yc_oss_current,false,publicly_sourced,datahive_cb_url,clearbrain,https://www.crunchbase.com/organization/clearbrain,,,0,false,false,false,false,false,false,false,false,false,false,,,,,,
91,Clerky,clerky,Summer 2011,Active,https://www.clerky.com,https://www.ycombinator.com/companies/clerky,yc_oss_current,false,publicly_sourced,datahive_cb_url,clerky,https://www.crunchbase.com/organization/clerky,,,0,false,false,false,false,false,false,false,false,false,false,,,,,,
412,Clever,clever,Summer 2012,Acquired,https://clever.com,https://www.ycombinator.com/companies/clever,yc_oss_current,false,publicly_sourced,datahive_cb_url,clever,https://www.crunchbase.com/organization/clever,,,0,false,false,false,false,false,false,false,false,false,false,,,,,,
32,CleverDeck,cleverdeck,Winter 2012,Active,http://cleverdeck.com,https://www.ycombinator.com/companies/cleverdeck,yc_oss_current,false,publicly_sourced,datahive_cb_url,cleverdeck,https://www.crunchbase.com/organization/cleverdeck,,,0,false,false,false,false,false,false,false,false,false,false,,,,,,
375,Clickfacts,clickfacts,Summer 2005,Acquired,http://clickfacts.com,https://www.ycombinator.com/companies/clickfacts,yc_oss_current,false,publicly_sourced,datahive_cb_url,clickfacts,https://www.crunchbase.com/organization/clickfacts,,,0,false,false,false,false,false,false,false,false,false,false,,,,,,
335,Clickpass,clickpass,Summer 2007,Acquired,http://clickpass.com,https://www.ycombinator.com/companies/clickpass,yc_oss_current,false,publicly_sourced,datahive_cb_url,clickpass,https://www.crunchbase.com/organization/clickpass,,,0,false,false,false,false,false,false,false,false,false,false,,,,,,
23042,clicOH,clicoh,Winter 2021,Active,http://clicoh.com/,https://www.ycombinator.com/companies/clicoh,yc_oss_current,false,publicly_sourced,datahive_cb_url,clicoh,https://www.crunchbase.com/organization/clicoh,,,0,false,false,false,false,false,false,false,false,false,false,,,,,,
1480,Clipboard,clipboard,Winter 2017,Active,https://www.clipboardworks.com/careers,https://www.ycombinator.com/companies/clipboard,yc_oss_current,false,publicly_sourced,datahive_cb_url,clipboard-health,https://www.crunchbase.com/organization/clipboard-health,,,0,false,false,false,false,false,false,false,false,false,false,,,,,,
1758,Closer Sports,closer-sports,Winter 2018,Inactive,https://closersports.com,https://www.ycombinator.com/companies/closer-sports,yc_oss_current,false,publicly_sourced,datahive_cb_url,closer-sports,https://www.crunchbase.com/organization/closer-sports,,,0,false,false,false,false,false,false,false,false,false,false,,,,confirmed,https://www.crunchbase.com/organization/closer-sports,Name and closersports.com domain match
22608,cloud humans,cloud-humans,Winter 2021,Active,https://www.cloudhumans.com,https://www.ycombinator.com/companies/cloud-humans,yc_oss_current,false,publicly_sourced,datahive_cb_url,cloud-humans,https://www.crunchbase.com/organization/cloud-humans,,,0,false,false,false,false,false,false,false,false,false,false,,,,,,
24275,Cloudanix,cloudanix,Summer 2021,Active,https://www.cloudanix.com,https://www.ycombinator.com/companies/cloudanix,yc_oss_current,false,publicly_sourced,datahive_cb_url,cloudanix,https://www.crunchbase.com/organization/cloudanix,,,0,false,false,false,false,false,false,false,false,false,false,,,,,,
27844,Cloudchipr,cloudchipr,Winter 2023,Active,https://cloudchipr.com/,https://www.ycombinator.com/companies/cloudchipr,yc_oss_current,false,publicly_sourced,datahive_cb_url,cloudchipr,https://www.crunchbase.com/organization/cloudchipr,,,0,false,false,false,false,false,false,false,false,false,false,,,,,,
275,Cloudkick,cloudkick,Winter 2009,Acquired,http://cloudkick.com,https://www.ycombinator.com/companies/cloudkick,yc_oss_current,false,publicly_sourced,datahive_cb_url,cloudkick,https://www.crunchbase.com/organization/cloudkick,,,0,false,false,false,false,false,false,false,false,false,false,,,,,,
911,Cloudstitch,cloudstitch,Summer 2015,Acquired,http://cloudstitch.com,https://www.ycombinator.com/companies/cloudstitch,yc_oss_current,false,publicly_sourced,datahive_cb_url,cloudstitch,https://www.crunchbase.com/organization/cloudstitch,,,0,false,false,false,false,false,false,false,false,false,false,,,,,,
24348,Cloudthread,cloudthread,Summer 2021,Acquired,https://cloudthread.io,https://www.ycombinator.com/companies/cloudthread,yc_oss_current,false,publicly_sourced,datahive_cb_url,cloudthread,https://www.crunchbase.com/organization/cloudthread,,,0,false,false,false,false,false,false,false,false,false,false,,,,,,
25960,Clupp,clupp,Winter 2022,Active,http://clupp.com.mx/,https://www.ycombinator.com/companies/clupp,yc_oss_current,false,publicly_sourced,datahive_cb_url,clupp,https://www.crunchbase.com/organization/clupp,,,0,false,false,false,false,false,false,false,false,false,false,,,,,,
367,Clustrix,clustrix,Winter 2006,Acquired,http://clustrix.com,https://www.ycombinator.com/companies/clustrix,yc_oss_current,false,publicly_sourced,datahive_cb_url,clustrix,https://www.crunchbase.com/organization/clustrix,,,0,false,false,false,false,false,false,false,false,false,false,,,,,,
29719,cmux,cmux,Summer 2024,Active,https://www.cmux.com,https://www.ycombinator.com/companies/cmux,yc_oss_current,false,publicly_sourced,datahive_cb_url,manaflow,https://www.crunchbase.com/organization/manaflow,,,0,false,false,false,false,false,false,false,false,false,false,,,,confirmed,https://www.crunchbase.com/organization/manaflow,Crunchbase says Manaflow builds cmux and lists Y Combinator as investor
27869,co.dev,co-dev,Winter 2023,Active,https://co.dev/?ref=YC,https://www.ycombinator.com/companies/co-dev,yc_oss_current,false,publicly_sourced,radema_cb_url,finex-60f6,https://www.crunchbase.com/organization/finex-60f6,,,0,false,false,false,false,false,false,false,false,false,false,,,,,,
288,CO2Stats,co2stats,Summer 2008,Inactive,http://co2stats.com,https://www.ycombinator.com/companies/co2stats,yc_oss_current,false,publicly_sourced,datahive_cb_url,co2stats,https://www.crunchbase.com/organization/co2stats,,,0,false,false,false,false,false,false,false,false,false,false,,,,,,
24538,Coast,coast,Summer 2021,Active,https://trycoast.com,https://www.ycombinator.com/companies/coast,yc_oss_current,false,publicly_sourced,datahive_cb_url,coast-6c0f,https://www.crunchbase.com/organization/coast-6c0f,,,0,false,false,false,false,false,false,false,false,false,false,,,,,,
27039,Cobbery,cobbery,Summer 2022,Active,https://cobbery.com,https://www.ycombinator.com/companies/cobbery,yc_oss_current,false,publicly_sourced,datahive_cb_url,ultimate-tournament-inc,https://www.crunchbase.com/organization/ultimate-tournament-inc,,,0,false,false,false,false,false,false,false,false,false,false,,,,,,
23777,Cococart,cococart,Summer 2021,Active,https://www.cococart.co,https://www.ycombinator.com/companies/cococart,yc_oss_current,false,publicly_sourced,datahive_cb_url,cococart,https://www.crunchbase.com/organization/cococart,,,0,false,false,false,false,false,false,false,false,false,false,,,,,,
29481,CoCrafter,cocrafter,Winter 2024,Active,https://cocrafter.com/,https://www.ycombinator.com/companies/cocrafter,yc_oss_current,false,publicly_sourced,datahive_cb_url,cocrafter,https://www.crunchbase.com/organization/cocrafter,,,0,false,false,false,false,false,false,false,false,false,false,,,,,,
1615,CocuSocial,cocusocial,Summer 2017,Active,http://www.cocusocial.com,https://www.ycombinator.com/companies/cocusocial,yc_oss_current,false,publicly_sourced,datahive_cb_url,cocusocial,https://www.crunchbase.com/organization/cocusocial,,,0,false,false,false,false,false,false,false,false,false,false,,,,,,
29368,CodeAnt AI,codeant-ai,Winter 2024,Active,https://codeant.ai/,https://www.ycombinator.com/companies/codeant-ai,yc_oss_current,false,publicly_sourced,datahive_cb_url,codeant-ai,https://www.crunchbase.com/organization/codeant-ai,,,0,false,false,false,false,false,false,false,false,false,false,,,,,,
23276,Codeball,codeball,Winter 2021,Inactive,https://codeball.ai,https://www.ycombinator.com/companies/codeball,yc_oss_current,false,publicly_sourced,datahive_cb_url,sturdy-52b3,https://www.crunchbase.com/organization/sturdy-52b3,,,0,false,false,false,false,false,false,false,false,false,false,,,,,,
86,Codecademy,codecademy,Summer 2011,Acquired,http://codecademy.com,https://www.ycombinator.com/companies/codecademy,yc_oss_current,false,publicly_sourced,datahive_cb_url,codecademy,https://www.crunchbase.com/organization/codecademy,,,0,false,false,false,false,false,false,false,false,false,false,,,,,,
587,CodeCombat,codecombat,Winter 2014,Active,https://codecombat.com,https://www.ycombinator.com/companies/codecombat,yc_oss_current,false,publicly_sourced,datahive_cb_url,codecombat,https://www.crunchbase.com/organization/codecombat,,,0,false,false,false,false,false,false,false,false,false,false,,,,,,
588,CodeNow,codenow,Winter 2014,Active,http://codenow.org,https://www.ycombinator.com/companies/codenow,yc_oss_current,false,publicly_sourced,datahive_cb_url,codenow,https://www.crunchbase.com/organization/codenow,,,0,false,false,false,false,false,false,false,false,false,false,,,,,,
22955,Coderhouse,coderhouse,Winter 2021,Active,https://www.coderhouse.com/,https://www.ycombinator.com/companies/coderhouse,yc_oss_current,false,publicly_sourced,datahive_cb_url,coderhouse,https://www.crunchbase.com/organization/coderhouse,,,0,false,false,false,false,false,false,false,false,false,false,,,,,,
1766,CodeStream,codestream,Winter 2018,Acquired,http://codestream.com,https://www.ycombinator.com/companies/codestream,yc_oss_current,false,publicly_sourced,datahive_cb_url,codestream,https://www.crunchbase.com/organization/codestream,,,0,false,false,false,false,false,false,false,false,false,false,,,,,,
22997,Codingal,codingal,Winter 2021,Active,https://www.codingal.com/?utm_source=yc,https://www.ycombinator.com/companies/codingal,yc_oss_current,false,publicly_sourced,datahive_cb_url,codingal,https://www.crunchbase.com/organization/codingal,,,0,false,false,false,false,false,false,false,false,false,false,,,,,,
962,Cofactor Genomics,cofactor-genomics,Summer 2015,Active,http://cofactorgenomics.com,https://www.ycombinator.com/companies/cofactor-genomics,yc_oss_current,false,publicly_sourced,datahive_cb_url,cofactor-genomics,https://www.crunchbase.com/organization/cofactor-genomics,,,0,false,false,false,false,false,false,false,false,false,false,,,,,,
26147,Cofactr,cofactr,Winter 2022,Active,https://www.cofactr.com/,https://www.ycombinator.com/companies/cofactr,yc_oss_current,false,publicly_sourced,datahive_cb_url,cofactr,https://www.crunchbase.com/organization/cofactr,,,0,false,false,false,false,false,false,false,false,false,false,,,,,,
1818,Cognition IP,cognition-ip,Winter 2018,Active,https://www.cognitionip.com,https://www.ycombinator.com/companies/cognition-ip,yc_oss_current,false,publicly_sourced,datahive_cb_url,cognition-ip,https://www.crunchbase.com/organization/cognition-ip,,,0,false,false,false,false,false,false,false,false,false,false,,,,,,
728,Cognito,cognito,Summer 2014,Acquired,https://cognitohq.com,https://www.ycombinator.com/companies/cognito,yc_oss_current,false,publicly_sourced,datahive_cb_url,blockscore,https://www.crunchbase.com/organization/blockscore,,,0,false,false,false,false,false,false,false,false,false,false,,,,,,
504,Coin,coin,Winter 2013,Acquired,http://onlycoin.com,https://www.ycombinator.com/companies/coin,yc_oss_current,false,publicly_sourced,datahive_cb_url,coin,https://www.crunchbase.com/organization/coin,,,0,false,false,false,false,false,false,false,false,false,false,,,,,,
439,Coinbase,coinbase,Summer 2012,Public,https://www.coinbase.com,https://www.ycombinator.com/companies/coinbase,yc_oss_current,false,publicly_sourced,datahive_cb_url,coinbase,https://www.crunchbase.com/organization/coinbase,,,0,false,false,false,false,false,false,false,false,false,false,,,,,,
24374,Coinrule,coinrule,Summer 2021,Active,https://coinrule.com/,https://www.ycombinator.com/companies/coinrule,yc_oss_current,false,publicly_sourced,datahive_cb_url,coinrule,https://www.crunchbase.com/organization/coinrule,,,0,false,false,false,false,false,false,false,false,false,false,,,,,,
1231,CoinTent,cointent,Summer 2016,Inactive,https://cointent.com,https://www.ycombinator.com/companies/cointent,yc_oss_current,false,publicly_sourced,datahive_cb_url,cointent,https://www.crunchbase.com/organization/cointent,,,0,false,false,false,false,false,false,false,false,false,false,,,,,,
1749,CoinTracker,cointracker,Winter 2018,Active,https://cointracker.com,https://www.ycombinator.com/companies/cointracker,yc_oss_current,false,publicly_sourced,datahive_cb_url,cointracker,https://www.crunchbase.com/organization/cointracker,,,0,false,false,false,false,false,false,false,false,false,false,,,,,,
12682,CoLab,colab,Summer 2019,Active,http://colabsoftware.com,https://www.ycombinator.com/companies/colab,yc_oss_current,false,publicly_sourced,datahive_cb_url,colab-software,https://www.crunchbase.com/organization/colab-software,,,0,false,false,false,false,false,false,false,false,false,false,,,,,,
426,Collections,collections,Summer 2012,Inactive,http://collections.me,https://www.ycombinator.com/companies/collections,yc_oss_current,false,publicly_sourced,datahive_cb_url,collections,https://www.crunchbase.com/organization/collections,,,0,false,false,false,false,false,false,false,false,false,false,,,,,,
1506,Collectly,collectly,Winter 2017,Active,http://collectly.co/,https://www.ycombinator.com/companies/collectly,yc_oss_current,false,publicly_sourced,datahive_cb_url,collectly-inc,https://www.crunchbase.com/organization/collectly-inc,,,0,false,false,false,false,false,false,false,false,false,false,,,,,,
1923,College Pulse,college-pulse,Summer 2018,Active,https://collegepulse.com/,https://www.ycombinator.com/companies/college-pulse,yc_oss_current,false,publicly_sourced,datahive_cb_url,collegepulse,https://www.crunchbase.com/organization/collegepulse,,,0,false,false,false,false,false,false,false,false,false,false,,,,,,
21767,Command AI,command-ai,Summer 2020,Acquired,https://command.ai,https://www.ycombinator.com/companies/command-ai,yc_oss_current,false,publicly_sourced,datahive_cb_url,command-bar,https://www.crunchbase.com/organization/command-bar,,,0,false,false,false,false,false,false,false,false,false,false,,,,,,
24163,Commery,commery,Summer 2021,Inactive,http://trycommery.com,https://www.ycombinator.com/companies/commery,yc_oss_current,false,publicly_sourced,datahive_cb_url,commery,https://www.crunchbase.com/organization/commery,,,0,false,false,false,false,false,false,false,false,false,false,,,,,,
1683,Commissary Club (formerly 70 Million Jobs),commissary-club,Summer 2017,Inactive,https://www.Commissary.Club,https://www.ycombinator.com/companies/commissary-club,yc_oss_current,false,publicly_sourced,datahive_cb_url,70-million-jobs,https://www.crunchbase.com/organization/70-million-jobs,,,0,false,false,false,false,false,false,false,false,false,false,,,,,,
28093,Common Paper,common-paper,Winter 2023,Active,https://commonpaper.com/,https://www.ycombinator.com/companies/common-paper,yc_oss_current,false,publicly_sourced,datahive_cb_url,common-paper,https://www.crunchbase.com/organization/common-paper,,,0,false,false,false,false,false,false,false,false,false,false,,,,,,
11991,Community Phone Company,community-phone-company,Winter 2019,Active,https://www.communityphone.org/,https://www.ycombinator.com/companies/community-phone-company,yc_oss_current,false,publicly_sourced,datahive_cb_url,community-phone,https://www.crunchbase.com/organization/community-phone,,,0,false,false,false,false,false,false,false,false,false,false,,,,,,
976,Compgun,compgun,Winter 2016,Inactive,http://compgun.com,https://www.ycombinator.com/companies/compgun,yc_oss_current,false,publicly_sourced,datahive_cb_url,compgun,https://www.crunchbase.com/organization/compgun,,,0,false,false,false,false,false,false,false,false,false,false,,,,,,
25526,Complif,complif,Winter 2022,Active,https://complif.com,https://www.ycombinator.com/companies/complif,yc_oss_current,false,publicly_sourced,datahive_cb_url,celeri-19c5,https://www.crunchbase.com/organization/celeri-19c5,,,0,false,false,false,false,false,false,false,false,false,false,,,,,,
117,Compose,compose,Summer 2011,Acquired,http://mongohq.com,https://www.ycombinator.com/companies/compose,yc_oss_current,false,publicly_sourced,datahive_cb_url,mongohq,https://www.crunchbase.com/organization/mongohq,,,0,false,false,false,false,false,false,false,false,false,false,,,,,,
151,Comprehend,comprehend,Winter 2011,Acquired,http://comprehend.com,https://www.ycombinator.com/companies/comprehend,yc_oss_current,false,publicly_sourced,datahive_cb_url,comprehend-systems,https://www.crunchbase.com/organization/comprehend-systems,,,0,false,false,false,false,false,false,false,false,false,false,,,,,,
27090,CompUp,compup,Summer 2022,Active,https://www.compup.io,https://www.ycombinator.com/companies/compup,yc_oss_current,false,publicly_sourced,datahive_cb_url,hiresure,https://www.crunchbase.com/organization/hiresure,,,0,false,false,false,false,false,false,false,false,false,false,,,,,,
1035,ConstructVR,constructvr,Winter 2016,Inactive,https://www.constructvr.io,https://www.ycombinator.com/companies/constructvr,yc_oss_current,false,publicly_sourced,datahive_cb_url,constructvr,https://www.crunchbase.com/organization/constructvr,,,0,false,false,false,false,false,false,false,false,false,false,,,,,,
21799,Conta Simples,conta-simples,Summer 2020,Active,https://contasimples.com/,https://www.ycombinator.com/companies/conta-simples,yc_oss_current,false,publicly_sourced,datahive_cb_url,conta-simples,https://www.crunchbase.com/organization/conta-simples,,,0,false,false,false,false,false,false,false,false,false,false,,,,,,
23862,Contalink,contalink,Summer 2021,Active,https://www.contalink.com/,https://www.ycombinator.com/companies/contalink,yc_oss_current,false,publicly_sourced,datahive_cb_url,contalink,https://www.crunchbase.com/organization/contalink,,,0,false,false,false,false,false,false,false,false,false,false,,,,,,
332,ContestMachine,contestmachine,Summer 2007,Inactive,http://contestmachine.com,https://www.ycombinator.com/companies/contestmachine,yc_oss_current,false,publicly_sourced,datahive_cb_url,contestmachine,https://www.crunchbase.com/organization/contestmachine,,,0,false,false,false,false,false,false,false,false,false,false,,,,,,
24725,ContraForce,contraforce,Summer 2021,Active,https://www.contraforce.com,https://www.ycombinator.com/companies/contraforce,yc_oss_current,false,publicly_sourced,datahive_cb_url,contraforce,https://www.crunchbase.com/organization/contraforce,,,0,false,false,false,false,false,false,false,false,false,false,,,,,,
30215,Contrario,contrario,Winter 2025,Active,https://contrario.ai,https://www.ycombinator.com/companies/contrario,yc_oss_current,false,publicly_sourced,datahive_cb_url,contrario,https://www.crunchbase.com/organization/contrario,,,0,false,false,false,false,false,false,false,false,false,false,,,,,,
1911,Contrast,contrast,Summer 2018,Inactive,https://mismatch.app/,https://www.ycombinator.com/companies/contrast,yc_oss_current,false,publicly_sourced,datahive_cb_url,toybox-9a51,https://www.crunchbase.com/organization/toybox-9a51,,,0,false,false,false,false,false,false,false,false,false,false,,,,,,
29717,Conveo,conveo,Summer 2024,Active,https://conveo.ai/,https://www.ycombinator.com/companies/conveo,yc_oss_current,false,publicly_sourced,datahive_cb_url,conveo,https://www.crunchbase.com/organization/conveo,,,0,false,false,false,false,false,false,false,false,false,false,,,,,,
156,Convore,convore,Winter 2011,Inactive,http://convore.com,https://www.ycombinator.com/companies/convore,yc_oss_current,false,publicly_sourced,datahive_cb_url,convore,https://www.crunchbase.com/organization/convore,,,0,false,false,false,false,false,false,false,false,false,false,,,,,,
890,Convox,convox,Summer 2015,Acquired,http://convox.com,https://www.ycombinator.com/companies/convox,yc_oss_current,false,publicly_sourced,datahive_cb_url,convox,https://www.crunchbase.com/organization/convox,,,0,false,false,false,false,false,false,false,false,false,false,,,,,,
27824,Coperniq,coperniq,Winter 2023,Active,https://coperniq.io,https://www.ycombinator.com/companies/coperniq,yc_oss_current,false,publicly_sourced,datahive_cb_url,coperniq,https://www.crunchbase.com/organization/coperniq,,,0,false,false,false,false,false,false,false,false,false,false,,,,,,
1009,Copia,copia,Winter 2016,Active,http://www.gocopia.com,https://www.ycombinator.com/companies/copia,yc_oss_current,false,publicly_sourced,datahive_cb_url,copia-2,https://www.crunchbase.com/organization/copia-2,,,0,false,false,false,false,false,false,false,false,false,false,,,,,,
21882,CoreCare,corecare,Summer 2020,Active,https://corecare.ai,https://www.ycombinator.com/companies/corecare,yc_oss_current,false,publicly_sourced,datahive_cb_url,corecare,https://www.crunchbase.com/organization/corecare,,,0,false,false,false,false,false,false,false,false,false,false,,,,,,
528,CoreOS,coreos,Summer 2013,Acquired,http://coreos.com,https://www.ycombinator.com/companies/coreos,yc_oss_current,false,publicly_sourced,datahive_cb_url,coreos,https://www.crunchbase.com/organization/coreos,,,0,false,false,false,false,false,false,false,false,false,false,,,,,,
28862,Corgea,corgea,Summer 2023,Active,https://www.corgea.com/,https://www.ycombinator.com/companies/corgea,yc_oss_current,false,publicly_sourced,datahive_cb_url,corgea,https://www.crunchbase.com/organization/corgea,,,0,false,false,false,false,false,false,false,false,false,false,,,,,,
1791,Correlia Biosystems,correlia-biosystems,Winter 2018,Inactive,http://www.correliabio.com,https://www.ycombinator.com/companies/correlia-biosystems,yc_oss_current,false,publicly_sourced,datahive_cb_url,correlia-biosystems,https://www.crunchbase.com/organization/correlia-biosystems,,,0,false,false,false,false,false,false,false,false,false,false,,,,,,
13233,Cortex,cortex,Winter 2020,Active,https://cortex.io/,https://www.ycombinator.com/companies/cortex,yc_oss_current,false,publicly_sourced,datahive_cb_url,cortex-98f5,https://www.crunchbase.com/organization/cortex-98f5,,,0,false,false,false,false,false,false,false,false,false,false,,,,,,
27839,Cosine,cosine,Winter 2023,Active,http://www.cosine.sh,https://www.ycombinator.com/companies/cosine,yc_oss_current,false,publicly_sourced,datahive_cb_url,buildt,https://www.crunchbase.com/organization/buildt,,,0,false,false,false,false,false,false,false,false,false,false,,,,,,
12280,Cosmic,cosmic,Winter 2019,Active,https://www.cosmicjs.com,https://www.ycombinator.com/companies/cosmic,yc_oss_current,false,publicly_sourced,datahive_cb_url,cosmic-js,https://www.crunchbase.com/organization/cosmic-js,,,0,false,false,false,false,false,false,false,false,false,false,,,,,,
1242,Coub,coub,Summer 2016,Inactive,http://coub.com,https://www.ycombinator.com/companies/coub,yc_oss_current,false,publicly_sourced,datahive_cb_url,coub,https://www.crunchbase.com/organization/coub,,,0,false,false,false,false,false,false,false,false,false,false,,,,,,
26724,Coupl,coupl,Summer 2022,Active,https://coupl.money/,https://www.ycombinator.com/companies/coupl,yc_oss_current,false,publicly_sourced,datahive_cb_url,coupl,https://www.crunchbase.com/organization/coupl,,,0,false,false,false,false,false,false,false,false,false,false,,,,,,
17,Couple,couple,Winter 2012,Inactive,http://couple.me,https://www.ycombinator.com/companies/couple,yc_oss_current,false,publicly_sourced,datahive_cb_url,couple,https://www.crunchbase.com/organization/couple,,,0,false,false,false,false,false,false,false,false,false,false,,,,,,
12534,Courier,courier,Summer 2019,Active,https://www.courier.com,https://www.ycombinator.com/companies/courier,yc_oss_current,false,publicly_sourced,datahive_cb_url,try-courier,https://www.crunchbase.com/organization/try-courier,,,0,false,false,false,false,false,false,false,false,false,false,,,,,,
11985,Coursedog,coursedog,Winter 2019,Acquired,http://coursedog.com,https://www.ycombinator.com/companies/coursedog,yc_oss_current,false,publicly_sourced,datahive_cb_url,coursedog,https://www.crunchbase.com/organization/coursedog,,,0,false,false,false,false,false,false,false,false,false,false,,,,,,
25787,Courtyard.io,courtyard-io,Winter 2022,Active,https://courtyard.io,https://www.ycombinator.com/companies/courtyard-io,yc_oss_current,false,publicly_sourced,datahive_cb_url,courtyard,https://www.crunchbase.com/organization/courtyard,,,0,false,false,false,false,false,false,false,false,false,false,,,,,,
12868,Covela,covela,Summer 2019,Inactive,https://covela.mx/,https://www.ycombinator.com/companies/covela,yc_oss_current,false,publicly_sourced,datahive_cb_url,covela,https://www.crunchbase.com/organization/covela,,,0,false,false,false,false,false,false,false,false,false,false,,,,,,
1062,Cover,cover,Winter 2016,Inactive,http://cover.com,https://www.ycombinator.com/companies/cover,yc_oss_current,false,publicly_sourced,datahive_cb_url,cover-5,https://www.crunchbase.com/organization/cover-5,,,0,false,false,false,false,false,false,false,false,false,false,,,,,,
27260,Coverage Cat,coverage-cat,Summer 2022,Active,https://www.coveragecat.com/,https://www.ycombinator.com/companies/coverage-cat,yc_oss_current,false,publicly_sourced,datahive_cb_url,coverage-cat,https://www.crunchbase.com/organization/coverage-cat,,,0,false,false,false,false,false,false,false,false,false,false,,,,,,
22710,CoVerified,coverified,Winter 2021,Inactive,https://www.coverified.us/,https://www.ycombinator.com/companies/coverified,yc_oss_current,false,publicly_sourced,datahive_cb_url,coverified,https://www.crunchbase.com/organization/coverified,,,0,false,false,false,false,false,false,false,false,false,false,,,,,,
1628,Covetly,covetly,Summer 2017,Inactive,https://www.covetly.com/,https://www.ycombinator.com/companies/covetly,yc_oss_current,false,publicly_sourced,datahive_cb_url,covetly,https://www.crunchbase.com/organization/covetly,,,0,false,false,false,false,false,false,false,false,false,false,,,,,,
24257,Covie,covie,Summer 2021,Inactive,https://www.covie.com,https://www.ycombinator.com/companies/covie,yc_oss_current,false,publicly_sourced,datahive_cb_url,covie-systems,https://www.crunchbase.com/organization/covie-systems,,,0,false,false,false,false,false,false,false,false,false,false,,,,,,
1445,Cowlar,cowlar,Winter 2017,Inactive,http://www.cowlar.com,https://www.ycombinator.com/companies/cowlar,yc_oss_current,false,publicly_sourced,datahive_cb_url,cowlar,https://www.crunchbase.com/organization/cowlar,,,0,false,false,false,false,false,false,false,false,false,false,,,,,,
2012,Cowrywise,cowrywise,Summer 2018,Active,https://cowrywise.com,https://www.ycombinator.com/companies/cowrywise,yc_oss_current,false,publicly_sourced,datahive_cb_url,cowrywise,https://www.crunchbase.com/organization/cowrywise,,,0,false,false,false,false,false,false,false,false,false,false,,,,,,
28823,Craftwork,craftwork,Summer 2023,Active,https://craftwork.com/,https://www.ycombinator.com/companies/craftwork,yc_oss_current,false,publicly_sourced,datahive_cb_url,craftwork-be22,https://www.crunchbase.com/organization/craftwork-be22,,,0,false,false,false,false,false,false,false,false,false,false,,,,,,
540,Cratejoy,cratejoy,Summer 2013,Active,http://cratejoy.com,https://www.ycombinator.com/companies/cratejoy,yc_oss_current,false,publicly_sourced,datahive_cb_url,cratejoy,https://www.crunchbase.com/organization/cratejoy,,,0,false,false,false,false,false,false,false,false,false,false,,,,,,
219,Creative Market,creative-market,Winter 2010,Acquired,https://creativemarket.com,https://www.ycombinator.com/companies/creative-market,yc_oss_current,false,publicly_sourced,datahive_cb_url,creativemarket,https://www.crunchbase.com/organization/creativemarket,,,0,false,false,false,false,false,false,false,false,false,false,,,,,,
27690,Credal.ai,credal-ai,Winter 2023,Active,https://credal.ai,https://www.ycombinator.com/companies/credal-ai,yc_oss_current,false,publicly_sourced,datahive_cb_url,credal-ai,https://www.crunchbase.com/organization/credal-ai,,,0,false,false,false,false,false,false,false,false,false,false,,,,,,
26277,CrediBook,credibook,Winter 2022,Active,https://credibook.com/,https://www.ycombinator.com/companies/credibook,yc_oss_current,false,publicly_sourced,datahive_cb_url,credibook,https://www.crunchbase.com/organization/credibook,,,0,false,false,false,false,false,false,false,false,false,false,,,,,,
451,Credictive,credictive,Summer 2012,Inactive,http://credictive.com,https://www.ycombinator.com/companies/credictive,yc_oss_current,false,publicly_sourced,datahive_cb_url,credictive,https://www.crunchbase.com/organization/credictive,,,0,false,false,false,false,false,false,false,false,false,false,,,,,,
12248,CredPal,credpal,Winter 2019,Active,https://credpal.com,https://www.ycombinator.com/companies/credpal,yc_oss_current,false,publicly_sourced,datahive_cb_url,credpal,https://www.crunchbase.com/organization/credpal,,,0,false,false,false,false,false,false,false,false,false,false,,,,,,
25559,Creizer,creizer,Winter 2022,Active,https://www.creizer.com/,https://www.ycombinator.com/companies/creizer,yc_oss_current,false,publicly_sourced,datahive_cb_url,creizer,https://www.crunchbase.com/organization/creizer,,,0,false,false,false,false,false,false,false,false,false,false,,,,,,
758,Cribspot,cribspot,Winter 2015,Inactive,http://cribspot.com,https://www.ycombinator.com/companies/cribspot,yc_oss_current,false,publicly_sourced,datahive_cb_url,cribspot,https://www.crunchbase.com/organization/cribspot,,,0,false,false,false,false,false,false,false,false,false,false,,,,,,
25529,Criya,roomplays,Winter 2022,Inactive,https://criya.co,https://www.ycombinator.com/companies/roomplays,yc_oss_current,false,publicly_sourced,datahive_cb_url,roomplays,https://www.crunchbase.com/organization/roomplays,,,0,false,false,false,false,false,false,false,false,false,false,,,,,,
215,Crocodoc,crocodoc,Winter 2010,Acquired,https://crocodoc.com,https://www.ycombinator.com/companies/crocodoc,yc_oss_current,false,publicly_sourced,datahive_cb_url,crocodoc,https://www.crunchbase.com/organization/crocodoc,,,0,false,false,false,false,false,false,false,false,false,false,,,,,,
418,Crohnology (by Healthy Labs),crohnology-by-healthy-labs,Summer 2012,Inactive,http://crohnology.com,https://www.ycombinator.com/companies/crohnology-by-healthy-labs,yc_oss_current,false,publicly_sourced,datahive_cb_url,healthy-labs,https://www.crunchbase.com/organization/healthy-labs,,,0,false,false,false,false,false,false,false,false,false,false,,,,,,
13315,Cron,cron,Winter 2020,Acquired,https://cron.com,https://www.ycombinator.com/companies/cron,yc_oss_current,false,publicly_sourced,datahive_cb_url,cron,https://www.crunchbase.com/organization/cron,,,0,false,false,false,false,false,false,false,false,false,false,,,,,,
1285,CrowdAI,crowdai,Summer 2016,Acquired,https://crowdai.com/,https://www.ycombinator.com/companies/crowdai,yc_oss_current,false,publicly_sourced,datahive_cb_url,crowdai,https://www.crunchbase.com/organization/crowdai,,,0,false,false,false,false,false,false,false,false,false,false,,,,,,
529,Crowdery,crowdery,Summer 2013,Inactive,http://crowdery.com,https://www.ycombinator.com/companies/crowdery,yc_oss_current,false,publicly_sourced,datahive_cb_url,crowdery,https://www.crunchbase.com/organization/crowdery,,,0,false,false,false,false,false,false,false,false,false,false,,,,,,
502,CrowdMed,crowdmed,Winter 2013,Inactive,http://www.crowdmed.com,https://www.ycombinator.com/companies/crowdmed,yc_oss_current,false,publicly_sourced,datahive_cb_url,crowdmed,https://www.crunchbase.com/organization/crowdmed,,,0,false,false,false,false,false,false,false,false,false,false,,,,,,
590,Cruise,cruise,Winter 2014,Acquired,http://getcruise.com,https://www.ycombinator.com/companies/cruise,yc_oss_current,false,publicly_sourced,datahive_cb_url,cruise,https://www.crunchbase.com/organization/cruise,,,0,false,false,false,false,false,false,false,false,false,false,,,,,,
87,Cryptoseal,cryptoseal,Summer 2011,Acquired,http://cryptoseal.com,https://www.ycombinator.com/companies/cryptoseal,yc_oss_current,false,publicly_sourced,datahive_cb_url,cryptoseal,https://www.crunchbase.com/organization/cryptoseal,,,0,false,false,false,false,false,false,false,false,false,false,,,,,,
1955,CSPA,cspa,Summer 2018,Acquired,https://cspa.io,https://www.ycombinator.com/companies/cspa,yc_oss_current,false,publicly_sourced,datahive_cb_url,cspa,https://www.crunchbase.com/organization/cspa,,,0,false,false,false,false,false,false,false,false,false,false,,,,,,
12262,Cuanto,cuanto,Winter 2019,Active,https://www.cuanto.app,https://www.ycombinator.com/companies/cuanto,yc_oss_current,false,publicly_sourced,datahive_cb_url,cuanto,https://www.crunchbase.com/organization/cuanto,,,0,false,false,false,false,false,false,false,false,false,false,,,,,,
12530,Cuboh,cuboh,Summer 2019,Acquired,https://www.cuboh.com,https://www.ycombinator.com/companies/cuboh,yc_oss_current,false,publicly_sourced,datahive_cb_url,cuboh,https://www.crunchbase.com/organization/cuboh,,,0,false,false,false,false,false,false,false,false,false,false,,,,,,
30252,Cuckoo Labs,cuckoo-labs,Winter 2025,Active,https://www.cuckoo.so/,https://www.ycombinator.com/companies/cuckoo-labs,yc_oss_current,false,publicly_sourced,datahive_cb_url,cuckoo-27e2,https://www.crunchbase.com/organization/cuckoo-27e2,,,0,false,false,false,false,false,false,false,false,false,false,,,,,,
224,Cue,cue,Winter 2010,Acquired,http://cueup.com,https://www.ycombinator.com/companies/cue,yc_oss_current,false,publicly_sourced,datahive_cb_url,cue,https://www.crunchbase.com/organization/cue,,,0,false,false,false,false,false,false,false,false,false,false,,,,,,
2030,Culdesac,culdesac,Summer 2018,Active,http://culdesac.com,https://www.ycombinator.com/companies/culdesac,yc_oss_current,false,publicly_sourced,datahive_cb_url,culdesac-f070,https://www.crunchbase.com/organization/culdesac-f070,,,0,false,false,false,false,false,false,false,false,false,false,,,,,,
1856,Culture Biosciences,culture-biosciences,Winter 2018,Active,https://culturebiosciences.com,https://www.ycombinator.com/companies/culture-biosciences,yc_oss_current,false,publicly_sourced,datahive_cb_url,culture-robotics,https://www.crunchbase.com/organization/culture-robotics,,,0,false,false,false,false,false,false,false,false,false,false,,,,,,
24485,Cumbuca,cumbuca,Summer 2021,Active,https://www.cumbuca.com,https://www.ycombinator.com/companies/cumbuca,yc_oss_current,false,publicly_sourced,datahive_cb_url,comadre,https://www.crunchbase.com/organization/comadre,,,0,false,false,false,false,false,false,false,false,false,false,,,,,,
1884,Curebase,curebase,Summer 2018,Active,https://www.curebase.ai/,https://www.ycombinator.com/companies/curebase,yc_oss_current,false,publicly_sourced,datahive_cb_url,curebase,https://www.crunchbase.com/organization/curebase,,,0,false,false,false,false,false,false,false,false,false,false,,,,,,
1776,Curious Fictions,curious-fictions,Winter 2018,Inactive,http://curiousfictions.com,https://www.ycombinator.com/companies/curious-fictions,yc_oss_current,false,publicly_sourced,datahive_cb_url,curious-fictions,https://www.crunchbase.com/organization/curious-fictions,,,0,false,false,false,false,false,false,false,false,false,false,,,,,,
1276,Curtsy,curtsy,Summer 2016,Active,http://curtsyapp.com/,https://www.ycombinator.com/companies/curtsy,yc_oss_current,false,publicly_sourced,datahive_cb_url,curtsy,https://www.crunchbase.com/organization/curtsy,,,0,false,false,false,false,false,false,false,false,false,false,,,,,,
22706,Curvenote,curvenote,Winter 2021,Active,https://curvenote.com,https://www.ycombinator.com/companies/curvenote,yc_oss_current,false,publicly_sourced,datahive_cb_url,curvenote,https://www.crunchbase.com/organization/curvenote,,,0,false,false,false,false,false,false,false,false,false,false,,,,,,
26723,CustomerOS,customeros,Summer 2022,Inactive,https://customeros.ai,https://www.ycombinator.com/companies/customeros,yc_oss_current,false,publicly_sourced,datahive_cb_url,customer-os,https://www.crunchbase.com/organization/customer-os,,,0,false,false,false,false,false,false,false,false,false,false,,,,,,
23956,Customily,customily,Summer 2021,Active,http://www.customily.com/,https://www.ycombinator.com/companies/customily,yc_oss_current,false,publicly_sourced,datahive_cb_url,customily,https://www.crunchbase.com/organization/customily,,,0,false,false,false,false,false,false,false,false,false,false,,,,,,
150,Custora,custora,Winter 2011,Acquired,http://custora.com,https://www.ycombinator.com/companies/custora,yc_oss_current,false,publicly_sourced,datahive_cb_url,custora,https://www.crunchbase.com/organization/custora,,,0,false,false,false,false,false,false,false,false,false,false,,,,,,
30647,Cyberdesk,cyberdesk,Summer 2025,Active,https://www.cyberdesk.io,https://www.ycombinator.com/companies/cyberdesk,yc_oss_current,false,publicly_sourced,datahive_cb_url,cyberdesk-9e2a,https://www.crunchbase.com/organization/cyberdesk-9e2a,,,0,false,false,false,false,false,false,false,false,false,false,,,,,,
759,CyberFend,cyberfend,Winter 2015,Acquired,http://cyberfend.com,https://www.ycombinator.com/companies/cyberfend,yc_oss_current,false,publicly_sourced,datahive_cb_url,cyberfend,https://www.crunchbase.com/organization/cyberfend,,,0,false,false,false,false,false,false,false,false,false,false,,,,,,
22781,Cyble,cyble,Winter 2021,Active,https://cyble.com/,https://www.ycombinator.com/companies/cyble,yc_oss_current,false,publicly_sourced,datahive_cb_url,cyble,https://www.crunchbase.com/organization/cyble,,,0,false,false,false,false,false,false,false,false,false,false,,,,,,
891,Cymmetria,cymmetria,Summer 2015,Acquired,http://cymmetria.com,https://www.ycombinator.com/companies/cymmetria,yc_oss_current,false,publicly_sourced,datahive_cb_url,cymmetria,https://www.crunchbase.com/organization/cymmetria,,,0,false,false,false,false,false,false,false,false,false,false,,,,,,
996,Daily,daily,Winter 2016,Active,https://daily.co,https://www.ycombinator.com/companies/daily,yc_oss_current,false,publicly_sourced,datahive_cb_url,pluot,https://www.crunchbase.com/organization/pluot,,,0,false,false,false,false,false,false,false,false,false,false,,,,,,
242,DailyBooth,dailybooth,Summer 2009,Acquired,http://dailybooth.com,https://www.ycombinator.com/companies/dailybooth,yc_oss_current,false,publicly_sourced,datahive_cb_url,dailybooth,https://www.crunchbase.com/organization/dailybooth,,,0,false,false,false,false,false,false,false,false,false,false,,,,,,
24153,Dailybot,dailybot,Summer 2021,Active,https://www.dailybot.com/,https://www.ycombinator.com/companies/dailybot,yc_oss_current,false,publicly_sourced,datahive_cb_url,dailybot,https://www.crunchbase.com/organization/dailybot,,,0,false,false,false,false,false,false,false,false,false,false,,,,,,
1610,Darmiyan,darmiyan,Summer 2017,Active,https://www.darmiyan.com/,https://www.ycombinator.com/companies/darmiyan,yc_oss_current,false,publicly_sourced,datahive_cb_url,darmiyan,https://www.crunchbase.com/organization/darmiyan,,,0,false,false,false,false,false,false,false,false,false,false,,,,,,
22842,Dashlabs.ai,dashlabs-ai,Winter 2021,Active,https://dashlabs.ai,https://www.ycombinator.com/companies/dashlabs-ai,yc_oss_current,false,publicly_sourced,datahive_cb_url,dashlabs-ai,https://www.crunchbase.com/organization/dashlabs-ai,,,0,false,false,false,false,false,false,false,false,false,false,,,,,,
13145,Dashworks,dashworks,Winter 2020,Acquired,http://www.dashworks.ai,https://www.ycombinator.com/companies/dashworks,yc_oss_current,false,publicly_sourced,datahive_cb_url,dashworks,https://www.crunchbase.com/organization/dashworks,,,0,false,false,false,false,false,false,false,false,false,false,,,,,,
1916,Data Driven Bioscience,data-driven-bioscience,Summer 2018,Active,http://datadrivenbioscience.com,https://www.ycombinator.com/companies/data-driven-bioscience,yc_oss_current,false,publicly_sourced,datahive_cb_url,data-driven-bioscience,https://www.crunchbase.com/organization/data-driven-bioscience,,,0,false,false,false,false,false,false,false,false,false,false,,,,,,
233,Data Marketplace,data-marketplace,Winter 2010,Inactive,http://datamarketplace.com,https://www.ycombinator.com/companies/data-marketplace,yc_oss_current,false,publicly_sourced,datahive_cb_url,data-marketplace,https://www.crunchbase.com/organization/data-marketplace,,,0,false,false,false,false,false,false,false,false,false,false,,,,,,
1830,Dataform,dataform,Winter 2018,Acquired,https://dataform.co,https://www.ycombinator.com/companies/dataform,yc_oss_current,false,publicly_sourced,datahive_cb_url,dataform,https://www.crunchbase.com/organization/dataform,,,0,false,false,false,false,false,false,false,false,false,false,,,,,,
27812,Dataglade,dataglade,Winter 2023,Active,https://dataglade.com,https://www.ycombinator.com/companies/dataglade,yc_oss_current,false,publicly_sourced,radema_cb_url,feather-d441,https://www.crunchbase.com/organization/feather-d441,,,0,false,false,false,false,false,false,false,false,false,false,,,,,,
23303,Dataherald,dataherald,Winter 2021,Inactive,http://dataherald.com/,https://www.ycombinator.com/companies/dataherald,yc_oss_current,false,publicly_sourced,datahive_cb_url,reconnecting-labs-inc,https://www.crunchbase.com/organization/reconnecting-labs-inc,,,0,false,false,false,false,false,false,false,false,false,false,,,,,,
12258,Datamode,datamode,Winter 2019,Inactive,http://www.datamode.com,https://www.ycombinator.com/companies/datamode,yc_oss_current,false,publicly_sourced,datahive_cb_url,datamode,https://www.crunchbase.com/organization/datamode,,,0,false,false,false,false,false,false,false,false,false,false,,,,,,
411,DataNitro,datanitro,Summer 2012,Inactive,http://datanitro.com,https://www.ycombinator.com/companies/datanitro,yc_oss_current,false,publicly_sourced,datahive_cb_url,datanitro,https://www.crunchbase.com/organization/datanitro,,,0,false,false,false,false,false,false,false,false,false,false,,,,,,
564,Datarank,datarank,Summer 2013,Acquired,http://www.datarank.com,https://www.ycombinator.com/companies/datarank,yc_oss_current,false,publicly_sourced,datahive_cb_url,datarank,https://www.crunchbase.com/organization/datarank,,,0,false,false,false,false,false,false,false,false,false,false,,,,,,
13144,Datasaur,datasaur,Winter 2020,Active,https://datasaur.ai,https://www.ycombinator.com/companies/datasaur,yc_oss_current,false,publicly_sourced,datahive_cb_url,datasaur,https://www.crunchbase.com/organization/datasaur,,,0,false,false,false,false,false,false,false,false,false,false,,,,,,
591,Dating Ring,dating-ring,Winter 2014,Inactive,https://www.datingring.com/,https://www.ycombinator.com/companies/dating-ring,yc_oss_current,false,publicly_sourced,radema_cb_url,the-dating-ring,https://www.crunchbase.com/organization/the-dating-ring,,,0,false,false,false,false,false,false,false,false,false,false,,,,,,
13053,Datree,datree,Winter 2020,Inactive,https://datree.io,https://www.ycombinator.com/companies/datree,yc_oss_current,false,publicly_sourced,datahive_cb_url,datree-io,https://www.crunchbase.com/organization/datree-io,,,0,false,false,false,false,false,false,false,false,false,false,,,,,,
22951,Datrics,datrics,Winter 2021,Active,https://datrics.ai,https://www.ycombinator.com/companies/datrics,yc_oss_current,false,publicly_sourced,datahive_cb_url,datrics,https://www.crunchbase.com/organization/datrics,,,0,false,false,false,false,false,false,false,false,false,false,,,,,,
23405,Dayra,dayra,Winter 2021,Active,https://Dayra.co,https://www.ycombinator.com/companies/dayra,yc_oss_current,false,publicly_sourced,datahive_cb_url,dayra-f710,https://www.crunchbase.com/organization/dayra-f710,,,0,false,false,false,false,false,false,false,false,false,false,,,,,,
1007,Deako,deako,Winter 2016,Active,https://www.deako.com,https://www.ycombinator.com/companies/deako,yc_oss_current,false,publicly_sourced,datahive_cb_url,deako,https://www.crunchbase.com/organization/deako,,,0,false,false,false,false,false,false,false,false,false,false,,,,,,
804,Dealyze,dealyze,Winter 2015,Inactive,http://dealyze.com,https://www.ycombinator.com/companies/dealyze,yc_oss_current,false,publicly_sourced,datahive_cb_url,dealyze,https://www.crunchbase.com/organization/dealyze,,,0,false,false,false,false,false,false,false,false,false,false,,,,,,
1779,Dear Brightly,dear-brightly,Winter 2018,Active,https://www.dearbrightly.com,https://www.ycombinator.com/companies/dear-brightly,yc_oss_current,false,publicly_sourced,datahive_cb_url,dearbrightly,https://www.crunchbase.com/organization/dearbrightly,,,0,false,false,false,false,false,false,false,false,false,false,,,,,,
80,Debteye,debteye,Summer 2011,Acquired,http://debteye.com,https://www.ycombinator.com/companies/debteye,yc_oss_current,false,publicly_sourced,datahive_cb_url,debteye,https://www.crunchbase.com/organization/debteye,,,0,false,false,false,false,false,false,false,false,false,false,,,,,,
22003,Decentro,decentro,Summer 2020,Active,https://decentro.tech,https://www.ycombinator.com/companies/decentro,yc_oss_current,false,publicly_sourced,datahive_cb_url,decentro,https://www.crunchbase.com/organization/decentro,,,0,false,false,false,false,false,false,false,false,false,false,,,,,,
30605,Dedalus Labs,dedalus-labs,Summer 2025,Active,https://www.dedaluslabs.ai/,https://www.ycombinator.com/companies/dedalus-labs,yc_oss_current,false,publicly_sourced,datahive_cb_url,dedalus-labs,https://www.crunchbase.com/organization/dedalus-labs,,,0,false,false,false,false,false,false,false,false,false,false,,,,,,
24049,Deed,deed,Summer 2021,Acquired,https://www.joindeed.com,https://www.ycombinator.com/companies/deed,yc_oss_current,false,publicly_sourced,datahive_cb_url,deed-2,https://www.crunchbase.com/organization/deed-2,,,0,false,false,false,false,false,false,false,false,false,false,,,,,,
12064,Deel,deel,Winter 2019,Active,https://www.deel.com/,https://www.ycombinator.com/companies/deel,yc_oss_current,false,publicly_sourced,datahive_cb_url,deel,https://www.crunchbase.com/organization/deel,,,0,false,false,false,false,false,false,false,false,false,false,,,,,,
13120,Deep Meditate,deep-meditate,Winter 2020,Active,https://deepmeditate.com,https://www.ycombinator.com/companies/deep-meditate,yc_oss_current,false,publicly_sourced,datahive_cb_url,deep-meditate,https://www.crunchbase.com/organization/deep-meditate,,,0,false,false,false,false,false,false,false,false,false,false,,,,,,
30662,DeepAware AI (Robotics Center of Silicon Valley),deepaware-ai-robotics-center-of-silicon-valley,Summer 2025,Active,https://roboticscenter.ai/,https://www.ycombinator.com/companies/deepaware-ai-robotics-center-of-silicon-valley,yc_oss_current,false,publicly_sourced,datahive_cb_url,deepaware-ai,https://www.crunchbase.com/organization/deepaware-ai,,,0,false,false,false,false,false,false,false,false,false,false,,,,,,
977,Deepgram,deepgram,Winter 2016,Active,https://www.deepgram.com,https://www.ycombinator.com/companies/deepgram,yc_oss_current,false,publicly_sourced,datahive_cb_url,deepgram,https://www.crunchbase.com/organization/deepgram,,,0,false,false,false,false,false,false,false,false,false,false,,,,,,
12860,Deepnote,deepnote,Summer 2019,Active,https://www.deepnote.com/,https://www.ycombinator.com/companies/deepnote,yc_oss_current,false,publicly_sourced,datahive_cb_url,deepnote,https://www.crunchbase.com/organization/deepnote,,,0,false,false,false,false,false,false,false,false,false,false,,,,,,
13334,DeepSource,deepsource,Winter 2020,Active,https://deepsource.com/,https://www.ycombinator.com/companies/deepsource,yc_oss_current,false,publicly_sourced,datahive_cb_url,deepsource,https://www.crunchbase.com/organization/deepsource,,,0,false,false,false,false,false,false,false,false,false,false,,,,,,
27972,Defer,defer,Winter 2023,Inactive,https://www.defer.run,https://www.ycombinator.com/companies/defer,yc_oss_current,false,publicly_sourced,datahive_cb_url,defer,https://www.crunchbase.com/organization/defer,,,0,false,false,false,false,false,false,false,false,false,false,,,,,,
318,Deluux,deluux,Winter 2008,Inactive,http://deluux.com,https://www.ycombinator.com/companies/deluux,yc_oss_current,false,publicly_sourced,datahive_cb_url,deluux,https://www.crunchbase.com/organization/deluux,,,0,false,false,false,false,false,false,false,false,false,false,,,,,,
187,DemandSphere,demandsphere,Summer 2010,Active,https://www.demandsphere.com/,https://www.ycombinator.com/companies/demandsphere,yc_oss_current,false,publicly_sourced,datahive_cb_url,ginzametrics,https://www.crunchbase.com/organization/ginzametrics,,,0,false,false,false,false,false,false,false,false,false,false,,,,,,
1909,Demeanor.co,demeanor-co,Summer 2018,Acquired,https://www.demeanor.co,https://www.ycombinator.com/companies/demeanor-co,yc_oss_current,false,publicly_sourced,datahive_cb_url,splish-app-inc,https://www.crunchbase.com/organization/splish-app-inc,,,0,false,false,false,false,false,false,false,false,false,false,,,,,,
25731,Demo Gorilla,demo-gorilla,Winter 2022,Inactive,https://demogorilla.com/,https://www.ycombinator.com/companies/demo-gorilla,yc_oss_current,false,publicly_sourced,datahive_cb_url,demo-gorilla,https://www.crunchbase.com/organization/demo-gorilla,,,0,false,false,false,false,false,false,false,false,false,false,,,,,,
760,Democracy Earth,democracy-earth,Winter 2015,Active,http://democracy.earth/,https://www.ycombinator.com/companies/democracy-earth,yc_oss_current,false,publicly_sourced,datahive_cb_url,democracyos,https://www.crunchbase.com/organization/democracyos,,,0,false,false,false,false,false,false,false,false,false,false,,,,,,
1434,DemocracyOS,democracyos,Winter 2015,Active,http://www.democracyos.org,https://www.ycombinator.com/companies/democracyos,yc_oss_current,false,publicly_sourced,datahive_cb_url,democracyos-5751,https://www.crunchbase.com/organization/democracyos-5751,,,0,false,false,false,false,false,false,false,false,false,false,,,,,,
12005,Demodesk,demodesk,Winter 2019,Active,https://demodesk.com,https://www.ycombinator.com/companies/demodesk,yc_oss_current,false,publicly_sourced,datahive_cb_url,demodesk,https://www.crunchbase.com/organization/demodesk,,,0,false,false,false,false,false,false,false,false,false,false,,,,,,
27693,Depot,depot,Winter 2023,Active,https://depot.dev,https://www.ycombinator.com/companies/depot,yc_oss_current,false,publicly_sourced,datahive_cb_url,depot-2f77,https://www.crunchbase.com/organization/depot-2f77,,,0,false,false,false,false,false,false,false,false,false,false,,,,,,
23955,Deskimo,deskimo,Summer 2021,Active,http://www.deskimo.com,https://www.ycombinator.com/companies/deskimo,yc_oss_current,false,publicly_sourced,datahive_cb_url,deskimo,https://www.crunchbase.com/organization/deskimo,,,0,false,false,false,false,false,false,false,false,false,false,,,,,,
1098,DevColor,devcolor,Winter 2016,Active,http://www.devcolor.org/,https://www.ycombinator.com/companies/devcolor,yc_oss_current,false,publicly_sourced,datahive_cb_url,dev-color,https://www.crunchbase.com/organization/dev-color,,,0,false,false,false,false,false,false,false,false,false,false,,,,,,
600,DevCycle,devcycle,Winter 2014,Acquired,http://devcycle.com,https://www.ycombinator.com/companies/devcycle,yc_oss_current,false,publicly_sourced,datahive_cb_url,devcycle,https://www.crunchbase.com/organization/devcycle,,,0,false,false,false,false,false,false,false,false,false,false,,,,,,
11955,DevFlight,devflight,Winter 2019,Inactive,https://devflight.com,https://www.ycombinator.com/companies/devflight,yc_oss_current,false,publicly_sourced,datahive_cb_url,devflight,https://www.crunchbase.com/organization/devflight,,,0,false,false,false,false,false,false,false,false,false,false,,,,,,
1714,Dharma Labs,dharma-labs,Summer 2017,Acquired,https://dharma.io,https://www.ycombinator.com/companies/dharma-labs,yc_oss_current,false,publicly_sourced,datahive_cb_url,dharma-labs,https://www.crunchbase.com/organization/dharma-labs,,,0,false,false,false,false,false,false,false,false,false,false,,,,,,
28884,Dialtone,dialtone,Summer 2023,Active,https://usedialtone.com,https://www.ycombinator.com/companies/dialtone,yc_oss_current,false,publicly_sourced,radema_cb_url,anneal-bbf6,https://www.crunchbase.com/organization/anneal-bbf6,,,0,false,false,false,false,false,false,false,false,false,false,,,,,,
25662,digi,digi,Winter 2022,Active,https://www.digitech.la/,https://www.ycombinator.com/companies/digi,yc_oss_current,false,publicly_sourced,datahive_cb_url,digibank,https://www.crunchbase.com/organization/digibank,,,0,false,false,false,false,false,false,false,false,false,false,,,,,,
29092,dili,dili,Summer 2023,Active,https://www.dili.com,https://www.ycombinator.com/companies/dili,yc_oss_current,false,publicly_sourced,datahive_cb_url,dili-e466,https://www.crunchbase.com/organization/dili-e466,,,0,false,false,false,false,false,false,false,false,false,false,,,,,,
25788,DimOrder,dimorder,Winter 2022,Active,https://dimorder.com,https://www.ycombinator.com/companies/dimorder,yc_oss_current,false,publicly_sourced,datahive_cb_url,infinity-technology-corporation-limited,https://www.crunchbase.com/organization/infinity-technology-corporation-limited,,,0,false,false,false,false,false,false,false,false,false,false,,,,,,
245,Directed Edge,directed-edge,Summer 2009,Active,http://directededge.com,https://www.ycombinator.com/companies/directed-edge,yc_oss_current,false,publicly_sourced,datahive_cb_url,directed-edge,https://www.crunchbase.com/organization/directed-edge,,,0,false,false,false,false,false,false,false,false,false,false,,,,,,
26768,Disclo,disclo,Summer 2022,Active,http://www.disclo.com,https://www.ycombinator.com/companies/disclo,yc_oss_current,false,publicly_sourced,datahive_cb_url,disclo,https://www.crunchbase.com/organization/disclo,,,0,false,false,false,false,false,false,false,false,false,false,,,,,,
1695,disclosures.io,disclosures-io,Summer 2017,Acquired,https://disclosures.io,https://www.ycombinator.com/companies/disclosures-io,yc_oss_current,false,publicly_sourced,datahive_cb_url,disclosures-io,https://www.crunchbase.com/organization/disclosures-io,,,0,false,false,false,false,false,false,false,false,false,false,,,,,,
327,Disqus,disqus,Summer 2007,Acquired,http://disqus.com,https://www.ycombinator.com/companies/disqus,yc_oss_current,false,publicly_sourced,datahive_cb_url,disqus,https://www.crunchbase.com/organization/disqus,,,0,false,false,false,false,false,false,false,false,false,false,,,,,,
26898,Diversion,diversion,Summer 2022,Active,https://diversion.dev,https://www.ycombinator.com/companies/diversion,yc_oss_current,false,publicly_sourced,datahive_cb_url,diversion-company,https://www.crunchbase.com/organization/diversion-company,,,0,false,false,false,false,false,false,false,false,false,false,,,,,,
272,Divvyshot,divvyshot,Winter 2009,Acquired,http://divvyshot.com,https://www.ycombinator.com/companies/divvyshot,yc_oss_current,false,publicly_sourced,datahive_cb_url,divvyshot,https://www.crunchbase.com/organization/divvyshot,,,0,false,false,false,false,false,false,false,false,false,false,,,,,,
23458,Djamo,djamo,Winter 2021,Active,https://www.djamo.com,https://www.ycombinator.com/companies/djamo,yc_oss_current,false,publicly_sourced,datahive_cb_url,djamo,https://www.crunchbase.com/organization/djamo,,,0,false,false,false,false,false,false,false,false,false,false,,,,,,
12014,Docbot,docbot,Winter 2019,Acquired,https://www.docbot.co,https://www.ycombinator.com/companies/docbot,yc_oss_current,false,publicly_sourced,datahive_cb_url,docbot,https://www.crunchbase.com/organization/docbot,,,0,false,false,false,false,false,false,false,false,false,false,,,,,,
198,Docker,docker,Summer 2010,Active,http://docker.com,https://www.ycombinator.com/companies/docker,yc_oss_current,false,publicly_sourced,datahive_cb_url,docker,https://www.crunchbase.com/organization/docker,,,0,false,false,false,false,false,false,false,false,false,false,,,,,,
12266,Dockup,dockup,Winter 2019,Active,https://getdockup.com/,https://www.ycombinator.com/companies/dockup,yc_oss_current,false,publicly_sourced,datahive_cb_url,dockup,https://www.crunchbase.com/organization/dockup,,,0,false,false,false,false,false,false,false,false,false,false,,,,,,
12015,Docucharm,docucharm,Winter 2019,Inactive,http://www.docucharm.com,https://www.ycombinator.com/companies/docucharm,yc_oss_current,false,publicly_sourced,datahive_cb_url,docucharm,https://www.crunchbase.com/organization/docucharm,,,0,false,false,false,false,false,false,false,false,false,false,,,,,,
55,Documents.Me,documents-me,Winter 2012,Inactive,http://documents.me,https://www.ycombinator.com/companies/documents-me,yc_oss_current,false,publicly_sourced,datahive_cb_url,nouvou-inc,https://www.crunchbase.com/organization/nouvou-inc,,,0,false,false,false,false,false,false,false,false,false,false,,,,,,
21903,doola,doola,Summer 2020,Active,https://www.doola.com/,https://www.ycombinator.com/companies/doola,yc_oss_current,false,publicly_sourced,datahive_cb_url,doola,https://www.crunchbase.com/organization/doola,,,0,false,false,false,false,false,false,false,false,false,false,,,,,,
531,DoorDash,doordash,Summer 2013,Public,http://doordash.com,https://www.ycombinator.com/companies/doordash,yc_oss_current,false,publicly_sourced,datahive_cb_url,doordash,https://www.crunchbase.com/organization/doordash,,,0,false,false,false,false,false,false,false,false,false,false,,,,,,
12038,Doorport,doorport,Winter 2019,Acquired,https://www.doorport.com,https://www.ycombinator.com/companies/doorport,yc_oss_current,false,publicly_sourced,datahive_cb_url,doorport-3,https://www.crunchbase.com/organization/doorport-3,,,0,false,false,false,false,false,false,false,false,false,false,,,,,,
12070,Doppler,doppler,Winter 2019,Active,https://doppler.com,https://www.ycombinator.com/companies/doppler,yc_oss_current,false,publicly_sourced,datahive_cb_url,doppler,https://www.crunchbase.com/organization/doppler,,,0,false,false,false,false,false,false,false,false,false,false,,,,,,
1008,DoseDr,dosedr,Winter 2016,Inactive,https://www.dosedr.com,https://www.ycombinator.com/companies/dosedr,yc_oss_current,false,publicly_sourced,datahive_cb_url,dosedr,https://www.crunchbase.com/organization/dosedr,,,0,false,false,false,false,false,false,false,false,false,false,,,,,,
1555,Dost Education,dost-education,Winter 2017,Active,http://www.dosteducation.com/,https://www.ycombinator.com/companies/dost-education,yc_oss_current,false,publicly_sourced,datahive_cb_url,dost-education,https://www.crunchbase.com/organization/dost-education,,,0,false,false,false,false,false,false,false,false,false,false,,,,,,
461,Double Robotics,double-robotics,Summer 2012,Active,https://doublerobotics.com,https://www.ycombinator.com/companies/double-robotics,yc_oss_current,false,publicly_sourced,datahive_cb_url,double-robotics,https://www.crunchbase.com/organization/double-robotics,,,0,false,false,false,false,false,false,false,false,false,false,,,,,,
12129,Dover,dover,Summer 2019,Active,https://dover.com,https://www.ycombinator.com/companies/dover,yc_oss_current,false,publicly_sourced,datahive_cb_url,dover-37be,https://www.crunchbase.com/organization/dover-37be,,,0,false,false,false,false,false,false,false,false,false,false,,,,,,
126,Draft,draft,Summer 2011,Inactive,http://draftin.com,https://www.ycombinator.com/companies/draft,yc_oss_current,false,publicly_sourced,datahive_cb_url,draft,https://www.crunchbase.com/organization/draft,,,0,false,false,false,false,false,false,false,false,false,false,,,,,,
1784,Draftbit,draftbit,Winter 2018,Active,https://draftbit.com,https://www.ycombinator.com/companies/draftbit,yc_oss_current,false,publicly_sourced,datahive_cb_url,draftbit,https://www.crunchbase.com/organization/draftbit,,,0,false,false,false,false,false,false,false,false,false,false,,,,,,
22131,Draftwise,draftwise,Summer 2020,Active,https://www.draftwise.com/,https://www.ycombinator.com/companies/draftwise,yc_oss_current,false,publicly_sourced,datahive_cb_url,draftwise,https://www.crunchbase.com/organization/draftwise,,,0,false,false,false,false,false,false,false,false,false,false,,,,,,
170,DrChrono,drchrono,Winter 2011,Acquired,https://www.drchrono.com,https://www.ycombinator.com/companies/drchrono,yc_oss_current,false,publicly_sourced,datahive_cb_url,drchrono,https://www.crunchbase.com/organization/drchrono,,,0,false,false,false,false,false,false,false,false,false,false,,,,,,
1961,"DreamCraft Entertainment, Inc.",dreamcraft-entertainment-inc,Summer 2018,Active,https://www.dreamcraft.com/,https://www.ycombinator.com/companies/dreamcraft-entertainment-inc,yc_oss_current,false,publicly_sourced,datahive_cb_url,dreamcraft,https://www.crunchbase.com/organization/dreamcraft,,,0,false,false,false,false,false,false,false,false,false,false,,,,,,
427,Dreamforge,dreamforge,Summer 2012,Inactive,http://dreamforge.me,https://www.ycombinator.com/companies/dreamforge,yc_oss_current,false,publicly_sourced,datahive_cb_url,dreamforge,https://www.crunchbase.com/organization/dreamforge,,,0,false,false,false,false,false,false,false,false,false,false,,,,,,
913,Drip Capital,drip-capital,Summer 2015,Active,http://dripcapital.com,https://www.ycombinator.com/companies/drip-capital,yc_oss_current,false,publicly_sourced,datahive_cb_url,drip-capital,https://www.crunchbase.com/organization/drip-capital,,,0,false,false,false,false,false,false,false,false,false,false,,,,,,
21790,Dripos,dripos,Summer 2020,Active,https://dripos.com,https://www.ycombinator.com/companies/dripos,yc_oss_current,false,publicly_sourced,datahive_cb_url,drip-650c,https://www.crunchbase.com/organization/drip-650c,,,0,false,false,false,false,false,false,false,false,false,false,,,,,,
593,Drive Pulse,drive-pulse,Winter 2014,Inactive,http://drivepulseapp.com,https://www.ycombinator.com/companies/drive-pulse,yc_oss_current,false,publicly_sourced,radema_cb_url,drive-pulse,https://www.crunchbase.com/organization/drive-pulse,,,0,false,false,false,false,false,false,false,false,false,false,,,,,,
325,Dropbox,dropbox,Summer 2007,Public,http://dropbox.com,https://www.ycombinator.com/companies/dropbox,yc_oss_current,false,publicly_sourced,datahive_cb_url,dropbox,https://www.crunchbase.com/organization/dropbox,,,0,false,false,false,false,false,false,false,false,false,false,,,,,,
1605,Dropleaf,dropleaf,Summer 2017,Inactive,https://dropleaf.io,https://www.ycombinator.com/companies/dropleaf,yc_oss_current,false,publicly_sourced,datahive_cb_url,dropleaf,https://www.crunchbase.com/organization/dropleaf,,,0,false,false,false,false,false,false,false,false,false,false,,,,,,
94,Dubjoy,dubjoy,Summer 2011,Inactive,http://dubjoy.com,https://www.ycombinator.com/companies/dubjoy,yc_oss_current,false,publicly_sourced,datahive_cb_url,dubjoy-com,https://www.crunchbase.com/organization/dubjoy-com,,,0,false,false,false,false,false,false,false,false,false,false,,,,,,
1953,Duffel,duffel,Summer 2018,Active,https://duffel.com/,https://www.ycombinator.com/companies/duffel,yc_oss_current,false,publicly_sourced,datahive_cb_url,duffelhq,https://www.crunchbase.com/organization/duffelhq,,,0,false,false,false,false,false,false,false,false,false,false,,,,confirmed,https://www.crunchbase.com/organization/duffelhq,Name and Duffel identity match
13204,Duffl,duffl,Winter 2020,Inactive,https://www.duffl.com,https://www.ycombinator.com/companies/duffl,yc_oss_current,false,publicly_sourced,datahive_cb_url,duffl,https://www.crunchbase.com/organization/duffl,,,0,false,false,false,false,false,false,false,false,false,false,,,,,,
25746,Durioo,durioo,Winter 2022,Active,http://www.durioo.com,https://www.ycombinator.com/companies/durioo,yc_oss_current,false,publicly_sourced,datahive_cb_url,durioo-dc5f,https://www.crunchbase.com/organization/durioo-dc5f,,,0,false,false,false,false,false,false,false,false,false,false,,,,,,
25398,Dynamo AI,dynamo-ai,Winter 2022,Active,https://dynamo.ai,https://www.ycombinator.com/companies/dynamo-ai,yc_oss_current,false,publicly_sourced,datahive_cb_url,dynamofl,https://www.crunchbase.com/organization/dynamofl,,,0,false,false,false,false,false,false,false,false,false,false,,,,,,
11962,Dyneti Technologies,dyneti-technologies,Winter 2019,Active,http://www.dyneti.com,https://www.ycombinator.com/companies/dyneti-technologies,yc_oss_current,false,publicly_sourced,datahive_cb_url,dyneti-technologies,https://www.crunchbase.com/organization/dyneti-technologies,,,0,false,false,false,false,false,false,false,false,false,false,,,,,,
643,Dyspatch,dyspatch,Winter 2014,Active,https://www.dyspatch.io,https://www.ycombinator.com/companies/dyspatch,yc_oss_current,false,publicly_sourced,datahive_cb_url,sendwithus,https://www.crunchbase.com/organization/sendwithus,,,0,false,false,false,false,false,false,false,false,false,false,,,,,,
142,Earbits,earbits,Winter 2011,Acquired,http://earbits.com,https://www.ycombinator.com/companies/earbits,yc_oss_current,false,publicly_sourced,datahive_cb_url,earbits,https://www.crunchbase.com/organization/earbits,,,0,false,false,false,false,false,false,false,false,false,false,,,,,,
12677,EARTH AI,earth-ai,Summer 2019,Active,http://www.earth-ai.com,https://www.ycombinator.com/companies/earth-ai,yc_oss_current,false,publicly_sourced,datahive_cb_url,earth-ai,https://www.crunchbase.com/organization/earth-ai,,,0,false,false,false,false,false,false,false,false,false,false,,,,,,
423,Easel,easel,Summer 2012,Acquired,http://easel.io,https://www.ycombinator.com/companies/easel,yc_oss_current,false,publicly_sourced,datahive_cb_url,easel,https://www.crunchbase.com/organization/easel,,,0,false,false,false,false,false,false,false,false,false,false,,,,,,
1946,Easol,easol,Summer 2018,Active,http://www.easol.com,https://www.ycombinator.com/companies/easol,yc_oss_current,false,publicly_sourced,datahive_cb_url,fixers,https://www.crunchbase.com/organization/fixers,,,0,false,false,false,false,false,false,false,false,false,false,,,,,,
13412,Easyplan,easyplan,Winter 2020,Inactive,https://easyplan.in/,https://www.ycombinator.com/companies/easyplan,yc_oss_current,false,publicly_sourced,datahive_cb_url,easyplan,https://www.crunchbase.com/organization/easyplan,,,0,false,false,false,false,false,false,false,false,false,false,,,,,,
532,EasyPost,easypost,Summer 2013,Active,http://easypost.com,https://www.ycombinator.com/companies/easypost,yc_oss_current,false,publicly_sourced,datahive_cb_url,easypost,https://www.crunchbase.com/organization/easypost,,,0,false,false,false,false,false,false,false,false,false,false,,,,,,
808,eBrandvalue,ebrandvalue,Winter 2015,Active,https://www.ebrandvalue.com/,https://www.ycombinator.com/companies/ebrandvalue,yc_oss_current,false,publicly_sourced,datahive_cb_url,ebrandvalue,https://www.crunchbase.com/organization/ebrandvalue,,,0,false,false,false,false,false,false,false,false,false,false,,,,,,
274,Echodio,echodio,Winter 2009,Acquired,http://echodio.com,https://www.ycombinator.com/companies/echodio,yc_oss_current,false,publicly_sourced,datahive_cb_url,echodio,https://www.crunchbase.com/organization/echodio,,,0,false,false,false,false,false,false,false,false,false,false,,,,,,
893,Eden,eden,Summer 2015,Acquired,https://www.edenworkplace.com,https://www.ycombinator.com/companies/eden,yc_oss_current,false,publicly_sourced,datahive_cb_url,eden,https://www.crunchbase.com/organization/eden,,,0,false,false,false,false,false,false,false,false,false,false,,,,,,
30165,Edexia,edexia,Winter 2025,Active,https://www.edexia.com/,https://www.ycombinator.com/companies/edexia,yc_oss_current,false,publicly_sourced,datahive_cb_url,edexia,https://www.crunchbase.com/organization/edexia,,,0,false,false,false,false,false,false,false,false,false,false,,,,,,
13164,Edlyft,edlyft,Winter 2020,Inactive,http://edlyft.com,https://www.ycombinator.com/companies/edlyft,yc_oss_current,false,publicly_sourced,datahive_cb_url,edlyft,https://www.crunchbase.com/organization/edlyft,,,0,false,false,false,false,false,false,false,false,false,false,,,,,,
13389,EduRev,edurev,Winter 2020,Active,http://edurev.in,https://www.ycombinator.com/companies/edurev,yc_oss_current,false,publicly_sourced,datahive_cb_url,edurev,https://www.crunchbase.com/organization/edurev,,,0,false,false,false,false,false,false,false,false,false,false,,,,,,
1807,Edwin,edwin,Winter 2018,Acquired,https://edwin.ai,https://www.ycombinator.com/companies/edwin,yc_oss_current,false,publicly_sourced,datahive_cb_url,edwin-ai,https://www.crunchbase.com/organization/edwin-ai,,,0,false,false,false,false,false,false,false,false,false,false,,,,,,
624,Edyn,edyn,Winter 2014,Inactive,http://edyn.com,https://www.ycombinator.com/companies/edyn,yc_oss_current,false,publicly_sourced,radema_cb_url,edyn,https://www.crunchbase.com/organization/edyn,,,0,false,false,false,false,false,false,false,false,false,false,,,,,,
12245,Edyst,edyst,Winter 2019,Active,https://edyst.com,https://www.ycombinator.com/companies/edyst,yc_oss_current,false,publicly_sourced,datahive_cb_url,edyst,https://www.crunchbase.com/organization/edyst,,,0,false,false,false,false,false,false,false,false,false,false,,,,,,
30636,EffiGov,effigov,Summer 2025,Active,https://effigov.com,https://www.ycombinator.com/companies/effigov,yc_oss_current,false,publicly_sourced,datahive_cb_url,effigov,https://www.crunchbase.com/organization/effigov,,,0,false,false,false,false,false,false,false,false,false,false,,,,,,
964,Eight Sleep,eight-sleep,Summer 2015,Active,http://eightsleep.com,https://www.ycombinator.com/companies/eight-sleep,yc_oss_current,false,publicly_sourced,datahive_cb_url,morphy,https://www.crunchbase.com/organization/morphy,,,0,false,false,false,false,false,false,false,false,false,false,,,,,,
13483,ElectroNeek,electroneek,Winter 2020,Active,https://electroneek.com,https://www.ycombinator.com/companies/electroneek,yc_oss_current,false,publicly_sourced,datahive_cb_url,electroneek,https://www.crunchbase.com/organization/electroneek,,,0,false,false,false,false,false,false,false,false,false,false,,,,,,
1344,Elemeno Health,elemeno-health,Summer 2016,Active,http://elemenohealth.com,https://www.ycombinator.com/companies/elemeno-health,yc_oss_current,false,publicly_sourced,datahive_cb_url,elemeno-health,https://www.crunchbase.com/organization/elemeno-health,,,0,false,false,false,false,false,false,false,false,false,false,,,,,,
417,Eligible,eligible,Summer 2012,Active,https://eligible.com,https://www.ycombinator.com/companies/eligible,yc_oss_current,false,publicly_sourced,datahive_cb_url,eligible-api,https://www.crunchbase.com/organization/eligible-api,,,0,false,false,false,false,false,false,false,false,false,false,,,,,,
29365,Ellipsis,ellipsis,Winter 2024,Active,https://ellipsis.dev,https://www.ycombinator.com/companies/ellipsis,yc_oss_current,false,publicly_sourced,datahive_cb_url,bitbuilder-91a2,https://www.crunchbase.com/organization/bitbuilder-91a2,,,0,false,false,false,false,false,false,false,false,false,false,,,,,,
13224,Ello,ello,Winter 2020,Active,https://www.ello.com,https://www.ycombinator.com/companies/ello,yc_oss_current,false,publicly_sourced,datahive_cb_url,trustle,https://www.crunchbase.com/organization/trustle,,,0,false,false,false,false,false,false,false,false,false,false,,,,,,
30513,Eloquent AI,eloquent-ai,Spring 2025,Active,https://www.eloquentai.co/,https://www.ycombinator.com/companies/eloquent-ai,yc_oss_current,false,publicly_sourced,datahive_cb_url,eloquent-ai,https://www.crunchbase.com/organization/eloquent-ai,,,0,false,false,false,false,false,false,false,false,false,false,,,,,,
12031,Elph,elph,Winter 2019,Acquired,https://www.elph.com,https://www.ycombinator.com/companies/elph,yc_oss_current,false,publicly_sourced,datahive_cb_url,elph,https://www.crunchbase.com/organization/elph,,,0,false,false,false,false,false,false,false,false,false,false,,,,,,
1880,Elpha,elpha,Summer 2019,Inactive,https://elpha.com,https://www.ycombinator.com/companies/elpha,yc_oss_current,false,publicly_sourced,datahive_cb_url,elpha,https://www.crunchbase.com/organization/elpha,,,0,false,false,false,false,false,false,false,false,false,false,,,,,,
25711,"Elphinstone, Inc.",elphinstone-inc,Winter 2022,Active,https://elphinstone.com.pk/,https://www.ycombinator.com/companies/elphinstone-inc,yc_oss_current,false,publicly_sourced,datahive_cb_url,elphinstone,https://www.crunchbase.com/organization/elphinstone,,,0,false,false,false,false,false,false,false,false,false,false,,,,,,
1578,Elucd,elucd,Summer 2017,Acquired,http://www.elucd.com,https://www.ycombinator.com/companies/elucd,yc_oss_current,false,publicly_sourced,datahive_cb_url,elucd,https://www.crunchbase.com/organization/elucd,,,0,false,false,false,false,false,false,false,false,false,false,,,,,,
1060,Elucify,elucify,Winter 2016,Inactive,https://getelucify.com,https://www.ycombinator.com/companies/elucify,yc_oss_current,false,publicly_sourced,datahive_cb_url,elucify,https://www.crunchbase.com/organization/elucify,,,0,false,false,false,false,false,false,false,false,false,false,,,,,,
28784,Elyos AI,elyos-ai,Summer 2023,Active,https://www.elyos.ai/,https://www.ycombinator.com/companies/elyos-ai,yc_oss_current,false,publicly_sourced,radema_cb_url,elyos-energy,https://www.crunchbase.com/organization/elyos-energy,,,0,false,false,false,false,false,false,false,false,false,false,,,,,,
29046,Elythea,elythea,Summer 2023,Active,https://elythea.org/,https://www.ycombinator.com/companies/elythea,yc_oss_current,false,publicly_sourced,datahive_cb_url,elythea,https://www.crunchbase.com/organization/elythea,,,0,false,false,false,false,false,false,false,false,false,false,,,,,,
602,Emailio,emailio,Winter 2014,Active,http://emailio.com,https://www.ycombinator.com/companies/emailio,yc_oss_current,false,publicly_sourced,datahive_cb_url,emailio,https://www.crunchbase.com/organization/emailio,,,0,false,false,false,false,false,false,false,false,false,false,,,,,,
104,Embark,embark,Summer 2011,Acquired,letsembark.com,https://www.ycombinator.com/companies/embark,yc_oss_current,false,publicly_sourced,datahive_cb_url,embark,https://www.crunchbase.com/organization/embark,,,0,false,false,false,false,false,false,false,false,false,false,,,,,,
30691,Embedder,embedder,Summer 2025,Active,https://www.embedder.com,https://www.ycombinator.com/companies/embedder,yc_oss_current,false,publicly_sourced,datahive_cb_url,embedder,https://www.crunchbase.com/organization/embedder,,,0,false,false,false,false,false,false,false,false,false,false,,,,,,
218,Embedly,embedly,Winter 2010,Acquired,http://embed.ly,https://www.ycombinator.com/companies/embedly,yc_oss_current,false,publicly_sourced,datahive_cb_url,embed-ly,https://www.crunchbase.com/organization/embed-ly,,,0,false,false,false,false,false,false,false,false,false,false,,,,,,
12618,Embrace,embrace,Summer 2019,Active,https://embrace.io,https://www.ycombinator.com/companies/embrace,yc_oss_current,false,publicly_sourced,datahive_cb_url,embrace-io,https://www.crunchbase.com/organization/embrace-io,,,0,false,false,false,false,false,false,false,false,false,false,,,,,,
1050,Emburse,emburse,Winter 2016,Acquired,https://www.emburse.com,https://www.ycombinator.com/companies/emburse,yc_oss_current,false,publicly_sourced,datahive_cb_url,emburse,https://www.crunchbase.com/organization/emburse,,,0,false,false,false,false,false,false,false,false,false,false,,,,,,
22831,Emerge Tools,emerge-tools,Winter 2021,Acquired,https://www.emergetools.com/,https://www.ycombinator.com/companies/emerge-tools,yc_oss_current,false,publicly_sourced,datahive_cb_url,emerge-5ed8,https://www.crunchbase.com/organization/emerge-5ed8,,,0,false,false,false,false,false,false,false,false,false,false,,,,,,
12251,Emi Labs,emi-labs,Winter 2019,Active,https://www.emilabs.ai,https://www.ycombinator.com/companies/emi-labs,yc_oss_current,false,publicly_sourced,datahive_cb_url,emi-2,https://www.crunchbase.com/organization/emi-2,,,0,false,false,false,false,false,false,false,false,false,false,,,,,,
25590,Emobi,emobi,Winter 2022,Active,https://www.emobi.ai,https://www.ycombinator.com/companies/emobi,yc_oss_current,false,publicly_sourced,radema_cb_url,aeoncharge,https://www.crunchbase.com/organization/aeoncharge,,,0,false,false,false,false,false,false,false,false,false,false,,,,,,
1280,Emote,emote,Summer 2016,Active,http://www.emotenow.com,https://www.ycombinator.com/companies/emote,yc_oss_current,false,publicly_sourced,datahive_cb_url,emote-education,https://www.crunchbase.com/organization/emote-education,,,0,false,false,false,false,false,false,false,false,false,false,,,,,,
22744,Encord,encord,Winter 2021,Active,https://encord.com,https://www.ycombinator.com/companies/encord,yc_oss_current,false,publicly_sourced,datahive_cb_url,cord-0d3f,https://www.crunchbase.com/organization/cord-0d3f,,,0,false,false,false,false,false,false,false,false,false,false,,,,,,
12210,Endpoint Health,endpoint-health,Winter 2019,Inactive,https://endpointhealth.com/,https://www.ycombinator.com/companies/endpoint-health,yc_oss_current,false,publicly_sourced,datahive_cb_url,endpoint-health-inc,https://www.crunchbase.com/organization/endpoint-health-inc,,,0,false,false,false,false,false,false,false,false,false,false,,,,,,
29623,Entangl,entangl,Summer 2024,Active,https://www.entangl.com/,https://www.ycombinator.com/companies/entangl,yc_oss_current,false,publicly_sourced,datahive_cb_url,entangl,https://www.crunchbase.com/organization/entangl,,,0,false,false,false,false,false,false,false,false,false,false,,,,,,
1643,Entocycle,entocycle,Summer 2017,Active,https://www.entocycle.com/,https://www.ycombinator.com/companies/entocycle,yc_oss_current,false,publicly_sourced,datahive_cb_url,entocycle,https://www.crunchbase.com/organization/entocycle,,,0,false,false,false,false,false,false,false,false,false,false,,,,,,
27165,Entvin,entvin,Summer 2022,Active,http://entvin.com?utm_source=yc,https://www.ycombinator.com/companies/entvin,yc_oss_current,false,publicly_sourced,datahive_cb_url,entvin,https://www.crunchbase.com/organization/entvin,,,0,false,false,false,false,false,false,false,false,false,false,,,,,,
2024,Enveritas,enveritas,Summer 2018,Active,http://www.enveritas.org,https://www.ycombinator.com/companies/enveritas,yc_oss_current,false,publicly_sourced,datahive_cb_url,enveritas,https://www.crunchbase.com/organization/enveritas,,,0,false,false,false,false,false,false,false,false,false,false,,,,,,
1786,EnvKey,envkey,Winter 2018,Inactive,https://envkey.com,https://www.ycombinator.com/companies/envkey,yc_oss_current,false,publicly_sourced,datahive_cb_url,envkey,https://www.crunchbase.com/organization/envkey,,,0,false,false,false,false,false,false,false,false,false,false,,,,,,
1061,Envyl,envyl,Winter 2016,Inactive,http://www.envyl.com,https://www.ycombinator.com/companies/envyl,yc_oss_current,false,publicly_sourced,datahive_cb_url,shypmate,https://www.crunchbase.com/organization/shypmate,,,0,false,false,false,false,false,false,false,false,false,false,,,,,,
1620,Enzyme,enzyme,Summer 2017,Acquired,https://www.enzyme.com,https://www.ycombinator.com/companies/enzyme,yc_oss_current,false,publicly_sourced,datahive_cb_url,enzyme-2,https://www.crunchbase.com/organization/enzyme-2,,,0,false,false,false,false,false,false,false,false,false,false,,,,,,
23817,Epsilon3,epsilon3-inc,Summer 2021,Active,https://www.epsilon3.io/,https://www.ycombinator.com/companies/epsilon3-inc,yc_oss_current,false,publicly_sourced,datahive_cb_url,epsilon3,https://www.crunchbase.com/organization/epsilon3,,,0,false,false,false,false,false,false,false,false,false,false,,,,,,
809,EquipmentShare,equipmentshare,Winter 2015,Public,https://www.equipmentshare.com,https://www.ycombinator.com/companies/equipmentshare,yc_oss_current,false,publicly_sourced,datahive_cb_url,equipmentshare-com,https://www.crunchbase.com/organization/equipmentshare-com,,,0,false,false,false,false,false,false,false,false,false,false,,,,,,
28216,Escape,escape,Winter 2023,Active,https://escape.tech,https://www.ycombinator.com/companies/escape,yc_oss_current,false,publicly_sourced,datahive_cb_url,escape-b74e,https://www.crunchbase.com/organization/escape-b74e,,,0,false,false,false,false,false,false,false,false,false,false,,,,,,
1626,Escher Reality,escher-reality,Summer 2017,Acquired,http://www.escherreality.com/,https://www.ycombinator.com/companies/escher-reality,yc_oss_current,false,publicly_sourced,datahive_cb_url,escher-reality,https://www.crunchbase.com/organization/escher-reality,,,0,false,false,false,false,false,false,false,false,false,false,,,,,,
534,"Estimote, Inc.",estimote-inc,Summer 2013,Active,http://estimote.com,https://www.ycombinator.com/companies/estimote-inc,yc_oss_current,false,publicly_sourced,datahive_cb_url,estimote,https://www.crunchbase.com/organization/estimote,,,0,false,false,false,false,false,false,false,false,false,false,,,,,,
23433,Estoca,estoca,Winter 2021,Active,https://www.estoca.com.br/,https://www.ycombinator.com/companies/estoca,yc_oss_current,false,publicly_sourced,datahive_cb_url,estoca,https://www.crunchbase.com/organization/estoca,,,0,false,false,false,false,false,false,false,false,false,false,,,,,,
232,Etacts,etacts,Winter 2010,Acquired,http://etacts.com,https://www.ycombinator.com/companies/etacts,yc_oss_current,false,publicly_sourced,datahive_cb_url,etacts,https://www.crunchbase.com/organization/etacts,,,0,false,false,false,false,false,false,false,false,false,false,,,,,,
488,Etleap,etleap,Winter 2013,Active,https://etleap.com,https://www.ycombinator.com/companies/etleap,yc_oss_current,false,publicly_sourced,datahive_cb_url,etleap,https://www.crunchbase.com/organization/etleap,,,0,false,false,false,false,false,false,false,false,false,false,,,,,,
594,Eventjoy,eventjoy,Winter 2014,Acquired,http://eventjoy.com,https://www.ycombinator.com/companies/eventjoy,yc_oss_current,false,publicly_sourced,radema_cb_url,eventjoy,https://www.crunchbase.com/organization/eventjoy,,,0,false,false,false,false,false,false,false,false,false,false,,,,,,
12585,Ever Loved,ever-loved,Summer 2019,Active,https://everloved.com,https://www.ycombinator.com/companies/ever-loved,yc_oss_current,false,publicly_sourced,datahive_cb_url,ever-loved,https://www.crunchbase.com/organization/ever-loved,,,0,false,false,false,false,false,false,false,false,false,false,,,,,,
453,Everyday.me,everyday-me,Summer 2012,Inactive,http://everyday.me,https://www.ycombinator.com/companies/everyday-me,yc_oss_current,false,publicly_sourced,datahive_cb_url,everyday-me,https://www.crunchbase.com/organization/everyday-me,,,0,false,false,false,false,false,false,false,false,false,false,,,,,,
108,Everyme,everyme,Summer 2011,Inactive,http://everyme.com,https://www.ycombinator.com/companies/everyme,yc_oss_current,false,publicly_sourced,datahive_cb_url,everyme,https://www.crunchbase.com/organization/everyme,,,0,false,false,false,false,false,false,false,false,false,false,,,,,,
24827,Evidence,evidence,Summer 2021,Active,https://www.evidence.dev,https://www.ycombinator.com/companies/evidence,yc_oss_current,false,publicly_sourced,datahive_cb_url,evidence-1cfc,https://www.crunchbase.com/organization/evidence-1cfc,,,0,false,false,false,false,false,false,false,false,false,false,,,,,,
12013,Evo.Do,evo-do,Winter 2019,Inactive,http://www.evo.do/,https://www.ycombinator.com/companies/evo-do,yc_oss_current,false,publicly_sourced,datahive_cb_url,evo-do,https://www.crunchbase.com/organization/evo-do,,,0,false,false,false,false,false,false,false,false,false,false,,,,,,
1802,Evolve (makers of Podcast App & Rest),evolve-makers-of-podcast-app-and-rest,Winter 2018,Active,https://getrest.app,https://www.ycombinator.com/companies/evolve-makers-of-podcast-app-and-rest,yc_oss_current,false,publicly_sourced,datahive_cb_url,the-podcast-app,https://www.crunchbase.com/organization/the-podcast-app,,,0,false,false,false,false,false,false,false,false,false,false,,,,,,
1789,Evry Health,evry-health,Winter 2018,Acquired,http://evryhealth.com/,https://www.ycombinator.com/companies/evry-health,yc_oss_current,false,publicly_sourced,datahive_cb_url,evry-healthcare,https://www.crunchbase.com/organization/evry-healthcare,,,0,false,false,false,false,false,false,false,false,false,false,,,,,,
12046,Excepgen,excepgen,Winter 2019,Active,http://www.excepgen.com,https://www.ycombinator.com/companies/excepgen,yc_oss_current,false,publicly_sourced,datahive_cb_url,excepgen,https://www.crunchbase.com/organization/excepgen,,,0,false,false,false,false,false,false,false,false,false,false,,,,,,
1894,ExceptionALLY,exceptionally,Summer 2018,Inactive,https://growexceptionally.com/,https://www.ycombinator.com/companies/exceptionally,yc_oss_current,false,publicly_sourced,datahive_cb_url,exceptionally,https://www.crunchbase.com/organization/exceptionally,,,0,false,false,false,false,false,false,false,false,false,false,,,,,,
38,Exec,exec,Winter 2012,Acquired,http://iamexec.com/,https://www.ycombinator.com/companies/exec,yc_oss_current,false,publicly_sourced,datahive_cb_url,exec,https://www.crunchbase.com/organization/exec,,,0,false,false,false,false,false,false,false,false,false,false,,,,,,
12247,Exly,exly,Winter 2019,Active,https://exlyapp.com/,https://www.ycombinator.com/companies/exly,yc_oss_current,false,publicly_sourced,radema_cb_url,myscoot,https://www.crunchbase.com/organization/myscoot,,,0,false,false,false,false,false,false,false,false,false,false,,,,,,
13140,"Exosonic, Inc.",exosonic-inc,Winter 2020,Inactive,https://exosonic.com/,https://www.ycombinator.com/companies/exosonic-inc,yc_oss_current,false,publicly_sourced,datahive_cb_url,exosonic,https://www.crunchbase.com/organization/exosonic,,,0,false,false,false,false,false,false,false,false,false,false,,,,,,
497,Experiment,experiment,Winter 2013,Active,http://experiment.com,https://www.ycombinator.com/companies/experiment,yc_oss_current,false,publicly_sourced,datahive_cb_url,experiment,https://www.crunchbase.com/organization/experiment,,,0,false,false,false,false,false,false,false,false,false,false,,,,,,
1347,Expo,expo,Summer 2016,Active,https://expo.dev,https://www.ycombinator.com/companies/expo,yc_oss_current,false,publicly_sourced,datahive_cb_url,exponent-3,https://www.crunchbase.com/organization/exponent-3,,,0,false,false,false,false,false,false,false,false,false,false,,,,,,
13169,Eze,eze,Winter 2020,Active,https://www.ezeit.ai/,https://www.ycombinator.com/companies/eze,yc_oss_current,false,publicly_sourced,datahive_cb_url,eze,https://www.crunchbase.com/organization/eze,,,0,false,false,false,false,false,false,false,false,false,false,,,,,,
28119,Fabius,fabius,Winter 2023,Inactive,https://fabius.io,https://www.ycombinator.com/companies/fabius,yc_oss_current,false,publicly_sourced,datahive_cb_url,fabius-66e4,https://www.crunchbase.com/organization/fabius-66e4,,,0,false,false,false,false,false,false,false,false,false,false,,,,,,
1234,Fabric,fabric,Summer 2016,Acquired,http://www.fabric.me,https://www.ycombinator.com/companies/fabric,yc_oss_current,false,publicly_sourced,datahive_cb_url,fabric-app,https://www.crunchbase.com/organization/fabric-app,,,0,false,false,false,false,false,false,false,false,false,false,,,,,,
217,Fabricly,fabricly,Winter 2010,Inactive,http://fabricly.com,https://www.ycombinator.com/companies/fabricly,yc_oss_current,false,publicly_sourced,datahive_cb_url,fabricly,https://www.crunchbase.com/organization/fabricly,,,0,false,false,false,false,false,false,false,false,false,false,,,,,,
12831,Facio,facio,Winter 2020,Active,https://www.facio.com.br/,https://www.ycombinator.com/companies/facio,yc_oss_current,false,publicly_sourced,datahive_cb_url,facio-b68a,https://www.crunchbase.com/organization/facio-b68a,,,0,false,false,false,false,false,false,false,false,false,false,,,,,,
22786,Faction,faction,Winter 2021,Inactive,http://www.faction.us,https://www.ycombinator.com/companies/faction,yc_oss_current,false,publicly_sourced,datahive_cb_url,faction-65b7,https://www.crunchbase.com/organization/faction-65b7,,,0,false,false,false,false,false,false,false,false,false,false,,,,,,
13105,Factored Quality,factored-quality,Winter 2020,Acquired,https://www.factoredquality.com/,https://www.ycombinator.com/companies/factored-quality,yc_oss_current,false,publicly_sourced,datahive_cb_url,factored-quality,https://www.crunchbase.com/organization/factored-quality,,,0,false,false,false,false,false,false,false,false,false,false,,,,,,
1543,Faire,faire,Winter 2017,Active,https://www.faire.com/,https://www.ycombinator.com/companies/faire,yc_oss_current,false,publicly_sourced,datahive_cb_url,indigo-fair,https://www.crunchbase.com/organization/indigo-fair,,,0,false,false,false,false,false,false,false,false,false,false,,,,,,
25,FamilyLeaf,familyleaf,Winter 2012,Acquired,http://familyleaf.com,https://www.ycombinator.com/companies/familyleaf,yc_oss_current,false,publicly_sourced,datahive_cb_url,familyleaf,https://www.crunchbase.com/organization/familyleaf,,,0,false,false,false,false,false,false,false,false,false,false,,,,,,
12760,FamPay,fampay,Summer 2019,Active,https://fampay.in,https://www.ycombinator.com/companies/fampay,yc_oss_current,false,publicly_sourced,datahive_cb_url,fampay,https://www.crunchbase.com/organization/fampay,,,0,false,false,false,false,false,false,false,false,false,false,,,,,,
253,Fanchatter,fanchatter,Summer 2009,Inactive,http://fanchatter.com,https://www.ycombinator.com/companies/fanchatter,yc_oss_current,false,publicly_sourced,datahive_cb_url,fanchatter,https://www.crunchbase.com/organization/fanchatter,,,0,false,false,false,false,false,false,false,false,false,false,,,,,,
205,Fanvibe,fanvibe,Summer 2010,Acquired,http://fanvibe.com,https://www.ycombinator.com/companies/fanvibe,yc_oss_current,false,publicly_sourced,datahive_cb_url,fanpulse,https://www.crunchbase.com/organization/fanpulse,,,0,false,false,false,false,false,false,false,false,false,false,,,,,,
13167,Farcast,farcast,Winter 2020,Active,https://www.farcast.com/,https://www.ycombinator.com/companies/farcast,yc_oss_current,false,publicly_sourced,datahive_cb_url,utvate,https://www.crunchbase.com/organization/utvate,,,0,false,false,false,false,false,false,false,false,false,false,,,,,,
21864,Farmako Healthcare,farmako-healthcare,Summer 2020,Active,https://farmako.ai,https://www.ycombinator.com/companies/farmako-healthcare,yc_oss_current,false,publicly_sourced,datahive_cb_url,farmako-4206,https://www.crunchbase.com/organization/farmako-4206,,,0,false,false,false,false,false,false,false,false,false,false,,,,,,
47,FarmLogs,farmlogs,Winter 2012,Acquired,http://farmlogs.com,https://www.ycombinator.com/companies/farmlogs,yc_oss_current,false,publicly_sourced,datahive_cb_url,farmlogs,https://www.crunchbase.com/organization/farmlogs,,,0,false,false,false,false,false,false,false,false,false,false,,,,,,
1208,Farmstead,farmstead,Summer 2016,Inactive,http://farmsteadapp.com,https://www.ycombinator.com/companies/farmstead,yc_oss_current,false,publicly_sourced,datahive_cb_url,futureads-llc,https://www.crunchbase.com/organization/futureads-llc,,,0,false,false,false,false,false,false,false,false,false,false,,,,,,
24380,FastFarma,fastfarma,Summer 2021,Inactive,http://www.fastfarma.com,https://www.ycombinator.com/companies/fastfarma,yc_oss_current,false,publicly_sourced,datahive_cb_url,fastfarma,https://www.crunchbase.com/organization/fastfarma,,,0,false,false,false,false,false,false,false,false,false,false,,,,,,
1672,Fastpad,fastpad,Summer 2017,Inactive,https://fastpad.com/,https://www.ycombinator.com/companies/fastpad,yc_oss_current,false,publicly_sourced,datahive_cb_url,fastpad,https://www.crunchbase.com/organization/fastpad,,,0,false,false,false,false,false,false,false,false,false,false,,,,,,
309,FathomDB,fathomdb,Winter 2008,Inactive,http://fathomdb.com,https://www.ycombinator.com/companies/fathomdb,yc_oss_current,false,publicly_sourced,datahive_cb_url,fathomdb,https://www.crunchbase.com/organization/fathomdb,,,0,false,false,false,false,false,false,false,false,false,false,,,,,,
1580,FAZZ,fazz,Summer 2017,Active,https://fazzfinancial.com/,https://www.ycombinator.com/companies/fazz,yc_oss_current,false,publicly_sourced,datahive_cb_url,fazz-financial,https://www.crunchbase.com/organization/fazz-financial,,,0,false,false,false,false,false,false,false,false,false,false,,,,,,
1592,Feather,feather,Summer 2017,Acquired,http://livefeather.com,https://www.ycombinator.com/companies/feather,yc_oss_current,false,publicly_sourced,datahive_cb_url,feather-2,https://www.crunchbase.com/organization/feather-2,,,0,false,false,false,false,false,false,false,false,false,false,,,,,,
27041,Feather,feather-2,Summer 2022,Active,https://featherhq.com,https://www.ycombinator.com/companies/feather-2,yc_oss_current,false,publicly_sourced,datahive_cb_url,feather-7991,https://www.crunchbase.com/organization/feather-7991,,,0,false,false,false,false,false,false,false,false,false,false,,,,,,
12628,FeaturePeek,featurepeek,Summer 2019,Acquired,https://featurepeek.com,https://www.ycombinator.com/companies/featurepeek,yc_oss_current,false,publicly_sourced,datahive_cb_url,featurepeek,https://www.crunchbase.com/organization/featurepeek,,,0,false,false,false,false,false,false,false,false,false,false,,,,,,
1903,Federacy,federacy,Summer 2018,Inactive,http://www.federacy.com,https://www.ycombinator.com/companies/federacy,yc_oss_current,false,publicly_sourced,datahive_cb_url,federacy,https://www.crunchbase.com/organization/federacy,,,0,false,false,false,false,false,false,false,false,false,false,,,,,,
29350,Feldy,feldy,Winter 2024,Active,https://feldy.ai,https://www.ycombinator.com/companies/feldy,yc_oss_current,false,publicly_sourced,datahive_cb_url,aether-energy,https://www.crunchbase.com/organization/aether-energy,,,0,false,false,false,false,false,false,false,false,false,false,,,,,,
13178,Felix Biotechnology,felix-biotechnology,Winter 2020,Inactive,https://www.felixbt.com/,https://www.ycombinator.com/companies/felix-biotechnology,yc_oss_current,false,publicly_sourced,datahive_cb_url,felix-biotechnology,https://www.crunchbase.com/organization/felix-biotechnology,,,0,false,false,false,false,false,false,false,false,false,false,,,,,,
25820,Fello,fello,Winter 2022,Inactive,https://fello.in,https://www.ycombinator.com/companies/fello,yc_oss_current,false,publicly_sourced,datahive_cb_url,fello-3331,https://www.crunchbase.com/organization/fello-3331,,,0,false,false,false,false,false,false,false,false,false,false,,,,,,
24599,Female Invest,female-invest,Summer 2021,Active,https://www.femaleinvest.com/,https://www.ycombinator.com/companies/female-invest,yc_oss_current,false,publicly_sourced,datahive_cb_url,female-invest,https://www.crunchbase.com/organization/female-invest,,,0,false,false,false,false,false,false,false,false,false,false,,,,,,
28103,Fern,fern,Winter 2023,Acquired,https://www.buildwithfern.com,https://www.ycombinator.com/companies/fern,yc_oss_current,false,publicly_sourced,datahive_cb_url,fern-6e64,https://www.crunchbase.com/organization/fern-6e64,,,0,false,false,false,false,false,false,false,false,false,false,,,,,,
23174,Feroot Security,feroot-security,Winter 2021,Active,https://www.feroot.com,https://www.ycombinator.com/companies/feroot-security,yc_oss_current,false,publicly_sourced,datahive_cb_url,feroot,https://www.crunchbase.com/organization/feroot,,,0,false,false,false,false,false,false,false,false,false,false,,,,,,
24598,Ferveret,ferveret-inc,Summer 2021,Active,http://www.ferveret.com,https://www.ycombinator.com/companies/ferveret-inc,yc_oss_current,false,publicly_sourced,datahive_cb_url,ferveret,https://www.crunchbase.com/organization/ferveret,,,0,false,false,false,false,false,false,false,false,false,false,,,,,,
950,Fetch,fetch,Summer 2015,Inactive,https://fetchtruck.com,https://www.ycombinator.com/companies/fetch,yc_oss_current,false,publicly_sourced,datahive_cb_url,fetch-6,https://www.crunchbase.com/organization/fetch-6,,,0,false,false,false,false,false,false,false,false,false,false,,,,,,
26737,Fetii,fetii,Summer 2022,Active,https://www.fetii.com/,https://www.ycombinator.com/companies/fetii,yc_oss_current,false,publicly_sourced,datahive_cb_url,fetii,https://www.crunchbase.com/organization/fetii,,,0,false,false,false,false,false,false,false,false,false,false,,,,,,
1492,Fibo,fibo,Winter 2017,Inactive,http://www.fiboapp.com,https://www.ycombinator.com/companies/fibo,yc_oss_current,false,publicly_sourced,datahive_cb_url,fibo,https://www.crunchbase.com/organization/fibo,,,0,false,false,false,false,false,false,false,false,false,false,,,,,,
1877,FidoCure®,fidocure,Winter 2018,Active,https://www.fidocure.com/,https://www.ycombinator.com/companies/fidocure,yc_oss_current,false,publicly_sourced,datahive_cb_url,the-one-health-company,https://www.crunchbase.com/organization/the-one-health-company,,,0,false,false,false,false,false,false,false,false,false,false,,,,,,
22273,Fieldguide,fieldguide,Summer 2020,Active,http://fieldguide.com,https://www.ycombinator.com/companies/fieldguide,yc_oss_current,false,publicly_sourced,datahive_cb_url,fieldguide,https://www.crunchbase.com/organization/fieldguide,,,0,false,false,false,false,false,false,false,false,false,false,,,,,,
25519,Fieldproxy,fieldproxy,Winter 2022,Active,http://fieldproxy.com/,https://www.ycombinator.com/companies/fieldproxy,yc_oss_current,false,publicly_sourced,datahive_cb_url,fieldproxy,https://www.crunchbase.com/organization/fieldproxy,,,0,false,false,false,false,false,false,false,false,false,false,,,,,,
22826,FifthTry,fifthtry,Winter 2021,Active,https://www.FifthTry.com,https://www.ycombinator.com/companies/fifthtry,yc_oss_current,false,publicly_sourced,datahive_cb_url,fifthtry,https://www.crunchbase.com/organization/fifthtry,,,0,false,false,false,false,false,false,false,false,false,false,,,,,,
13163,Fig,fig,Summer 2020,Acquired,http://fig.io,https://www.ycombinator.com/companies/fig,yc_oss_current,false,publicly_sourced,datahive_cb_url,fig-f8aa,https://www.crunchbase.com/organization/fig-f8aa,,,0,false,false,false,false,false,false,false,false,false,false,,,,,,
1065,FightCamp,fightcamp,Winter 2016,Active,http://joinfightcamp.com,https://www.ycombinator.com/companies/fightcamp,yc_oss_current,false,publicly_sourced,datahive_cb_url,hykso-2,https://www.crunchbase.com/organization/hykso-2,,,0,false,false,false,false,false,false,false,false,false,false,,,,,,
1478,Fiix,fiix,Winter 2017,Acquired,http://www.fiix.io,https://www.ycombinator.com/companies/fiix,yc_oss_current,false,publicly_sourced,datahive_cb_url,fiix-3,https://www.crunchbase.com/organization/fiix-3,,,0,false,false,false,false,false,false,false,false,false,false,,,,,,
24629,Filadd,filadd,Summer 2021,Active,https://filadd.com/,https://www.ycombinator.com/companies/filadd,yc_oss_current,false,publicly_sourced,datahive_cb_url,filadd,https://www.crunchbase.com/organization/filadd,,,0,false,false,false,false,false,false,false,false,false,false,,,,,,
425,FileStack,filestack,Summer 2012,Inactive,https://www.filestack.com/,https://www.ycombinator.com/companies/filestack,yc_oss_current,false,publicly_sourced,datahive_cb_url,ink-mobility,https://www.crunchbase.com/organization/ink-mobility,,,0,false,false,false,false,false,false,false,false,false,false,,,,,,
743,Final,final,Winter 2015,Acquired,http://getfinal.com,https://www.ycombinator.com/companies/final,yc_oss_current,false,publicly_sourced,datahive_cb_url,final,https://www.crunchbase.com/organization/final,,,0,false,false,false,false,false,false,false,false,false,false,,,,,,
23065,Finantier,finantier,Winter 2021,Inactive,https://finantier.co,https://www.ycombinator.com/companies/finantier,yc_oss_current,false,publicly_sourced,datahive_cb_url,finantier,https://www.crunchbase.com/organization/finantier,,,0,false,false,false,false,false,false,false,false,false,false,,,,,,
22755,Finary,finary,Winter 2021,Inactive,https://about.finary.io/,https://www.ycombinator.com/companies/finary,yc_oss_current,false,publicly_sourced,datahive_cb_url,finary,https://www.crunchbase.com/organization/finary,,,0,false,false,false,false,false,false,false,false,false,false,,,,,,
22903,Finary.com,finary-com,Winter 2021,Active,https://finary.com/en,https://www.ycombinator.com/companies/finary-com,yc_oss_current,false,publicly_sourced,datahive_cb_url,finary-9c9e,https://www.crunchbase.com/organization/finary-9c9e,,,0,false,false,false,false,false,false,false,false,false,false,,,,,,
27097,Findly,findly,Summer 2022,Active,https://www.findly.ai/join,https://www.ycombinator.com/companies/findly,yc_oss_current,false,publicly_sourced,datahive_cb_url,findlyai,https://www.crunchbase.com/organization/findlyai,,,0,false,false,false,false,false,false,false,false,false,false,,,,,,
25683,FinFlx,finflx,Winter 2022,Active,https://finflx.com,https://www.ycombinator.com/companies/finflx,yc_oss_current,false,publicly_sourced,datahive_cb_url,finflx,https://www.crunchbase.com/organization/finflx,,,0,false,false,false,false,false,false,false,false,false,false,,,,,,
27038,Fini,fini,Summer 2022,Active,https://www.usefini.com,https://www.ycombinator.com/companies/fini,yc_oss_current,false,publicly_sourced,datahive_cb_url,fini-ea8a,https://www.crunchbase.com/organization/fini-ea8a,,,0,false,false,false,false,false,false,false,false,false,false,,,,,,
26016,Finku,finku,Winter 2022,Active,http://finku.id,https://www.ycombinator.com/companies/finku,yc_oss_current,false,publicly_sourced,datahive_cb_url,finku,https://www.crunchbase.com/organization/finku,,,0,false,false,false,false,false,false,false,false,false,false,,,,,,
22667,Finley,finley,Winter 2021,Acquired,https://www.finleycms.com,https://www.ycombinator.com/companies/finley,yc_oss_current,false,publicly_sourced,datahive_cb_url,finley-ab4b,https://www.crunchbase.com/organization/finley-ab4b,,,0,false,false,false,false,false,false,false,false,false,false,,,,,,
28160,Finni Health,finni-health,Winter 2023,Active,https://www.finnihealth.com/,https://www.ycombinator.com/companies/finni-health,yc_oss_current,false,publicly_sourced,datahive_cb_url,journey-health-7bab,https://www.crunchbase.com/organization/journey-health-7bab,,,0,false,false,false,false,false,false,false,false,false,false,,,,,,
25712,Finnt,finnt,Winter 2022,Inactive,https://finnt.com,https://www.ycombinator.com/companies/finnt,yc_oss_current,false,publicly_sourced,datahive_cb_url,finnt,https://www.crunchbase.com/organization/finnt,,,0,false,false,false,false,false,false,false,false,false,false,,,,,,
29735,FINNY AI,finny-ai,Summer 2024,Active,https://www.finny.com/,https://www.ycombinator.com/companies/finny-ai,yc_oss_current,false,publicly_sourced,datahive_cb_url,finny-6acf,https://www.crunchbase.com/organization/finny-6acf,,,0,false,false,false,false,false,false,false,false,false,false,,,,,,
25532,Fintelite,fintelite,Winter 2022,Active,http://www.fintelite.ai,https://www.ycombinator.com/companies/fintelite,yc_oss_current,false,publicly_sourced,datahive_cb_url,sribuu,https://www.crunchbase.com/organization/sribuu,,,0,false,false,false,false,false,false,false,false,false,false,,,,,,
30716,Finto,finto-de,Summer 2025,Active,https://www.gofinto.com/,https://www.ycombinator.com/companies/finto-de,yc_oss_current,false,publicly_sourced,datahive_cb_url,finto-a994,https://www.crunchbase.com/organization/finto-a994,,,0,false,false,false,false,false,false,false,false,false,false,,,,,,
22836,Fintoc,fintoc,Winter 2021,Active,https://fintoc.com,https://www.ycombinator.com/companies/fintoc,yc_oss_current,false,publicly_sourced,datahive_cb_url,fintoc,https://www.crunchbase.com/organization/fintoc,,,0,false,false,false,false,false,false,false,false,false,false,,,,,,
1992,Fintual,fintual,Summer 2018,Active,https://fintual.com,https://www.ycombinator.com/companies/fintual,yc_oss_current,false,publicly_sourced,datahive_cb_url,fintual,https://www.crunchbase.com/organization/fintual,,,0,false,false,false,false,false,false,false,false,false,false,,,,,,
97,Firebase,firebase,Summer 2011,Acquired,http://firebase.com,https://www.ycombinator.com/companies/firebase,yc_oss_current,false,publicly_sourced,datahive_cb_url,firebase,https://www.crunchbase.com/organization/firebase,,,0,false,false,false,false,false,false,false,false,false,false,,,,,,
25552,Firezone,firezone,Winter 2022,Active,https://www.firezone.dev,https://www.ycombinator.com/companies/firezone,yc_oss_current,false,publicly_sourced,datahive_cb_url,firezone,https://www.crunchbase.com/organization/firezone,,,0,false,false,false,false,false,false,false,false,false,false,,,,,,
12279,FIRST,first,Winter 2019,Active,https://firstdelivery.com/,https://www.ycombinator.com/companies/first,yc_oss_current,false,publicly_sourced,datahive_cb_url,habitat-logistics,https://www.crunchbase.com/organization/habitat-logistics,,,0,false,false,false,false,false,false,false,false,false,false,,,,,,
22796,Firstbase.io,firstbase-io,Winter 2021,Active,https://firstbase.io/,https://www.ycombinator.com/companies/firstbase-io,yc_oss_current,false,publicly_sourced,datahive_cb_url,firstbase-bf54,https://www.crunchbase.com/organization/firstbase-bf54,,,0,false,false,false,false,false,false,false,false,false,false,,,,,,
1497,Firsthand,firsthand,Winter 2017,Inactive,http://shopfirsthand.com/,https://www.ycombinator.com/companies/firsthand,yc_oss_current,false,publicly_sourced,datahive_cb_url,firsthand,https://www.crunchbase.com/organization/firsthand,,,0,false,false,false,false,false,false,false,false,false,false,,,,,,
23985,FirstQuadrant,firstquadrant,Summer 2021,Inactive,https://firstquadrant.ai,https://www.ycombinator.com/companies/firstquadrant,yc_oss_current,false,publicly_sourced,datahive_cb_url,firstquadrant,https://www.crunchbase.com/organization/firstquadrant,,,0,false,false,false,false,false,false,false,false,false,false,,,,,,
29651,FirstWork,firstwork,Summer 2024,Active,https://firstwork.com,https://www.ycombinator.com/companies/firstwork,yc_oss_current,false,publicly_sourced,datahive_cb_url,firstwork-16ba,https://www.crunchbase.com/organization/firstwork-16ba,,,0,false,false,false,false,false,false,false,false,false,false,,,,,,
139,FitFu,fitfu,Winter 2011,Inactive,http://fitfu.com,https://www.ycombinator.com/companies/fitfu,yc_oss_current,false,publicly_sourced,datahive_cb_url,fitfu,https://www.crunchbase.com/organization/fitfu,,,0,false,false,false,false,false,false,false,false,false,false,,,,,,
229,Fithub,fithub,Winter 2010,Inactive,http://fithub.com,https://www.ycombinator.com/companies/fithub,yc_oss_current,false,publicly_sourced,datahive_cb_url,fithub-2355,https://www.crunchbase.com/organization/fithub-2355,,,0,false,false,false,false,false,false,false,false,false,false,,,,,,
24169,Fitia,fitia,Summer 2021,Active,https://fitia.app/,https://www.ycombinator.com/companies/fitia,yc_oss_current,false,publicly_sourced,datahive_cb_url,fitia,https://www.crunchbase.com/organization/fitia,,,0,false,false,false,false,false,false,false,false,false,false,,,,,,
158,Fivestars,fivestars,Winter 2011,Acquired,http://fivestars.com,https://www.ycombinator.com/companies/fivestars,yc_oss_current,false,publicly_sourced,datahive_cb_url,fivestars-loyalty,https://www.crunchbase.com/organization/fivestars-loyalty,,,0,false,false,false,false,false,false,false,false,false,false,,,,,,
482,Fivetran,fivetran,Winter 2013,Active,http://fivetran.com,https://www.ycombinator.com/companies/fivetran,yc_oss_current,false,publicly_sourced,datahive_cb_url,fivetran,https://www.crunchbase.com/organization/fivetran,,,0,false,false,false,false,false,false,false,false,false,false,,,,,,
371,Flagr,flagr,Winter 2006,Inactive,http://flagr.com,https://www.ycombinator.com/companies/flagr,yc_oss_current,false,publicly_sourced,datahive_cb_url,flagr,https://www.crunchbase.com/organization/flagr,,,0,false,false,false,false,false,false,false,false,false,false,,,,,,
25608,Flagright,flagright,Winter 2022,Active,https://flagright.com,https://www.ycombinator.com/companies/flagright,yc_oss_current,false,publicly_sourced,datahive_cb_url,flagright,https://www.crunchbase.com/organization/flagright,,,0,false,false,false,false,false,false,false,false,false,false,,,,,,
670,Flaviar,flaviar,Summer 2014,Active,https://flaviar.com,https://www.ycombinator.com/companies/flaviar,yc_oss_current,false,publicly_sourced,datahive_cb_url,flaviar,https://www.crunchbase.com/organization/flaviar,,,0,false,false,false,false,false,false,false,false,false,false,,,,,,
27704,FlexDesk,flexdesk,Winter 2023,Active,https://www.flexdesk.com/,https://www.ycombinator.com/companies/flexdesk,yc_oss_current,false,publicly_sourced,datahive_cb_url,flexdesk,https://www.crunchbase.com/organization/flexdesk,,,0,false,false,false,false,false,false,false,false,false,false,,,,,,
1088,flexEngage,flexengage,Winter 2016,Acquired,http://www.flexengage.com,https://www.ycombinator.com/companies/flexengage,yc_oss_current,false,publicly_sourced,datahive_cb_url,flexreceipts,https://www.crunchbase.com/organization/flexreceipts,,,0,false,false,false,false,false,false,false,false,false,false,,,,,,
595,Flexport,flexport,Winter 2014,Active,https://www.flexport.com/careers/jobs/,https://www.ycombinator.com/companies/flexport,yc_oss_current,false,publicly_sourced,datahive_cb_url,flexport,https://www.crunchbase.com/organization/flexport,,,0,false,false,false,false,false,false,false,false,false,false,,,,,,
501,FlightCar,flightcar,Winter 2013,Inactive,http://flightcar.com,https://www.ycombinator.com/companies/flightcar,yc_oss_current,false,publicly_sourced,datahive_cb_url,flightcar,https://www.crunchbase.com/organization/flightcar,,,0,false,false,false,false,false,false,false,false,false,false,,,,,,
446,Flightfox,flightfox,Summer 2012,Active,http://flightfox.com,https://www.ycombinator.com/companies/flightfox,yc_oss_current,false,publicly_sourced,datahive_cb_url,flightfox,https://www.crunchbase.com/organization/flightfox,,,0,false,false,false,false,false,false,false,false,false,false,,,,,,
26238,Flike,flike,Winter 2022,Inactive,https://flike.app/,https://www.ycombinator.com/companies/flike,yc_oss_current,false,publicly_sourced,datahive_cb_url,flike,https://www.crunchbase.com/organization/flike,,,0,false,false,false,false,false,false,false,false,false,false,,,,,,
1806,Flinto,flinto,Winter 2018,Acquired,http://flinto.app,https://www.ycombinator.com/companies/flinto,yc_oss_current,false,publicly_sourced,datahive_cb_url,flint-5762,https://www.crunchbase.com/organization/flint-5762,,,0,false,false,false,false,false,false,false,false,false,false,,,,,,
847,Flip,flip,Winter 2015,Active,http://justflip.com,https://www.ycombinator.com/companies/flip,yc_oss_current,false,publicly_sourced,datahive_cb_url,flip-2,https://www.crunchbase.com/organization/flip-2,,,0,false,false,false,false,false,false,false,false,false,false,,,,,,
966,Flirtey (SkyDrop),flirtey,Summer 2015,Active,https://www.flirtey.com/,https://www.ycombinator.com/companies/flirtey,yc_oss_current,false,publicly_sourced,datahive_cb_url,flirtey,https://www.crunchbase.com/organization/flirtey,,,0,false,false,false,false,false,false,false,false,false,false,,,,,,
12648,Flo,flo,Summer 2019,Active,https://joinflo.com,https://www.ycombinator.com/companies/flo,yc_oss_current,false,publicly_sourced,datahive_cb_url,flo-recruit,https://www.crunchbase.com/organization/flo-recruit,,,0,false,false,false,false,false,false,false,false,false,false,,,,,,
1616,Flock Safety,flock-safety,Summer 2017,Active,http://www.flocksafety.com,https://www.ycombinator.com/companies/flock-safety,yc_oss_current,false,publicly_sourced,datahive_cb_url,flock-safety,https://www.crunchbase.com/organization/flock-safety,,,0,false,false,false,false,false,false,false,false,false,false,,,,,,
11924,Flockjay,flockjay,Winter 2019,Active,https://flockjay.com,https://www.ycombinator.com/companies/flockjay,yc_oss_current,false,publicly_sourced,datahive_cb_url,flockjay,https://www.crunchbase.com/organization/flockjay,,,0,false,false,false,false,false,false,false,false,false,false,,,,,,
535,Floobits,floobits,Summer 2013,Inactive,http://floobits.com,https://www.ycombinator.com/companies/floobits,yc_oss_current,false,publicly_sourced,datahive_cb_url,floobits,https://www.crunchbase.com/organization/floobits,,,0,false,false,false,false,false,false,false,false,false,false,,,,,,
157,Flotype,flotype,Winter 2011,Inactive,flotype.com,https://www.ycombinator.com/companies/flotype,yc_oss_current,false,publicly_sourced,datahive_cb_url,flotype,https://www.crunchbase.com/organization/flotype,,,0,false,false,false,false,false,false,false,false,false,false,,,,,,
13110,Flowdash,flowdash,Winter 2020,Acquired,https://flowdash.com,https://www.ycombinator.com/companies/flowdash,yc_oss_current,false,publicly_sourced,datahive_cb_url,flowdash,https://www.crunchbase.com/organization/flowdash,,,0,false,false,false,false,false,false,false,false,false,false,,,,,,
11974,FLOWER CO.,flower-co,Winter 2019,Active,https://flowercompany.com,https://www.ycombinator.com/companies/flower-co,yc_oss_current,false,publicly_sourced,datahive_cb_url,flower-company,https://www.crunchbase.com/organization/flower-company,,,0,false,false,false,false,false,false,false,false,false,false,,,,,,
12974,Flowglad,flowglad,Winter 2020,Active,https://flowglad.com,https://www.ycombinator.com/companies/flowglad,yc_oss_current,false,publicly_sourced,radema_cb_url,numi-153c,https://www.crunchbase.com/organization/numi-153c,,,0,false,false,false,false,false,false,false,false,false,false,,,,confirmed,https://www.crunchbase.com/organization/numi-153c,YC lists NUMI as previous launch and same founders Agree Ahmed and Harrison Telyan
1658,Flowspace,flowspace,Summer 2017,Active,https://flow.space,https://www.ycombinator.com/companies/flowspace,yc_oss_current,false,publicly_sourced,datahive_cb_url,flowspace,https://www.crunchbase.com/organization/flowspace,,,0,false,false,false,false,false,false,false,false,false,false,,,,,,
1518,FloydHub,floydhub,Winter 2017,Inactive,http://www.floydhub.com/,https://www.ycombinator.com/companies/floydhub,yc_oss_current,false,publicly_sourced,datahive_cb_url,floydhub,https://www.crunchbase.com/organization/floydhub,,,0,false,false,false,false,false,false,false,false,false,false,,,,,,
50,Flutter,flutter,Winter 2012,Acquired,http://flutterapp.com,https://www.ycombinator.com/companies/flutter,yc_oss_current,false,publicly_sourced,datahive_cb_url,flutter-io-2,https://www.crunchbase.com/organization/flutter-io-2,,,0,false,false,false,false,false,false,false,false,false,false,,,,,,
23301,FlutterFlow,flutterflow,Winter 2021,Active,https://flutterflow.io,https://www.ycombinator.com/companies/flutterflow,yc_oss_current,false,publicly_sourced,datahive_cb_url,flutterflow,https://www.crunchbase.com/organization/flutterflow,,,0,false,false,false,false,false,false,false,false,false,false,,,,,,
1284,Flutterwave,flutterwave,Summer 2016,Active,https://flutterwave.com,https://www.ycombinator.com/companies/flutterwave,yc_oss_current,false,publicly_sourced,datahive_cb_url,flutterwave,https://www.crunchbase.com/organization/flutterwave,,,0,false,false,false,false,false,false,false,false,false,false,,,,,,
12834,Flux,flux,Summer 2019,Active,http://paywithflux.com,https://www.ycombinator.com/companies/flux,yc_oss_current,false,publicly_sourced,datahive_cb_url,flux-3dc6,https://www.crunchbase.com/organization/flux-3dc6,,,0,false,false,false,false,false,false,false,false,false,false,,,,,,
23645,Flux,flux-2,Winter 2021,Active,https://iflux.app,https://www.ycombinator.com/companies/flux-2,yc_oss_current,false,publicly_sourced,datahive_cb_url,blueloop-162e,https://www.crunchbase.com/organization/blueloop-162e,,,0,false,false,false,false,false,false,false,false,false,false,,,,,,
13175,Fly.io,fly-io,Winter 2020,Active,https://fly.io,https://www.ycombinator.com/companies/fly-io,yc_oss_current,false,publicly_sourced,datahive_cb_url,fly-io,https://www.crunchbase.com/organization/fly-io,,,0,false,false,false,false,false,false,false,false,false,false,,,,,,
672,Flytenow,flytenow,Summer 2014,Inactive,http://flytenow.com,https://www.ycombinator.com/companies/flytenow,yc_oss_current,false,publicly_sourced,datahive_cb_url,flytenow,https://www.crunchbase.com/organization/flytenow,,,0,false,false,false,false,false,false,false,false,false,false,,,,,,
101,Fobo,fobo,Summer 2011,Acquired,http://fobo.net,https://www.ycombinator.com/companies/fobo,yc_oss_current,false,publicly_sourced,datahive_cb_url,fobo,https://www.crunchbase.com/organization/fobo,,,0,false,false,false,false,false,false,false,false,false,false,,,,,,
999,Focal Systems,focal-systems,Winter 2016,Active,http://www.focal.systems,https://www.ycombinator.com/companies/focal-systems,yc_oss_current,false,publicly_sourced,datahive_cb_url,focal-systems,https://www.crunchbase.com/organization/focal-systems,,,0,false,false,false,false,false,false,false,false,false,false,,,,,,
51,Fond,fond,Winter 2012,Acquired,http://fond.co,https://www.ycombinator.com/companies/fond,yc_oss_current,false,publicly_sourced,datahive_cb_url,fond,https://www.crunchbase.com/organization/fond,,,0,false,false,false,false,false,false,false,false,false,false,,,,,,
13495,Fondeadora,fondeadora,Winter 2020,Active,https://fondeadora.com/,https://www.ycombinator.com/companies/fondeadora,yc_oss_current,false,publicly_sourced,datahive_cb_url,fondeadora,https://www.crunchbase.com/organization/fondeadora,,,0,false,false,false,false,false,false,false,false,false,false,,,,,,
943,Font Awesome,font-awesome,Summer 2015,Active,http://fontawesome.com,https://www.ycombinator.com/companies/font-awesome,yc_oss_current,false,publicly_sourced,datahive_cb_url,font-awesome,https://www.crunchbase.com/organization/font-awesome,,,0,false,false,false,false,false,false,false,false,false,false,,,,,,
269,Foodoro,foodoro,Winter 2009,Inactive,http://foodoro.com,https://www.ycombinator.com/companies/foodoro,yc_oss_current,false,publicly_sourced,datahive_cb_url,foodoro,https://www.crunchbase.com/organization/foodoro,,,0,false,false,false,false,false,false,false,false,false,false,,,,,,
12002,Forage,forage,Winter 2019,Acquired,https://www.theforage.com/,https://www.ycombinator.com/companies/forage,yc_oss_current,false,publicly_sourced,datahive_cb_url,insidesherpa,https://www.crunchbase.com/organization/insidesherpa,,,0,false,false,false,false,false,false,false,false,false,false,,,,,,
24158,Forage,forage-2,Summer 2021,Active,http://www.joinforage.com,https://www.ycombinator.com/companies/forage-2,yc_oss_current,false,publicly_sourced,datahive_cb_url,forage,https://www.crunchbase.com/organization/forage,,,0,false,false,false,false,false,false,false,false,false,false,,,,,,
1696,Forever Labs,forever-labs,Summer 2017,Active,https://foreverlabs.com,https://www.ycombinator.com/companies/forever-labs,yc_oss_current,false,publicly_sourced,datahive_cb_url,forever-labs,https://www.crunchbase.com/organization/forever-labs,,,0,false,false,false,false,false,false,false,false,false,false,,,,,,
22714,Fountain9,fountain9,Winter 2021,Acquired,https://www.fountain9.com,https://www.ycombinator.com/companies/fountain9,yc_oss_current,false,publicly_sourced,datahive_cb_url,fountain9,https://www.crunchbase.com/organization/fountain9,,,0,false,false,false,false,false,false,false,false,false,false,,,,,,
2005,Four Growers,four-growers,Summer 2018,Active,https://fourgrowers.com/,https://www.ycombinator.com/companies/four-growers,yc_oss_current,false,publicly_sourced,datahive_cb_url,four-growers,https://www.crunchbase.com/organization/four-growers,,,0,false,false,false,false,false,false,false,false,false,false,,,,,,
894,Foxpass,foxpass,Summer 2015,Acquired,https://www.foxpass.com,https://www.ycombinator.com/companies/foxpass,yc_oss_current,false,publicly_sourced,datahive_cb_url,foxpass,https://www.crunchbase.com/organization/foxpass,,,0,false,false,false,false,false,false,false,false,false,false,,,,,,
406,Framebase,framebase,Summer 2012,Inactive,http://framebase.io,https://www.ycombinator.com/companies/framebase,yc_oss_current,false,publicly_sourced,datahive_cb_url,framebase,https://www.crunchbase.com/organization/framebase,,,0,false,false,false,false,false,false,false,false,false,false,,,,,,
646,Framed Data,framed-data,Winter 2014,Acquired,http://www.framed.io,https://www.ycombinator.com/companies/framed-data,yc_oss_current,false,publicly_sourced,datahive_cb_url,framed-data,https://www.crunchbase.com/organization/framed-data,,,0,false,false,false,false,false,false,false,false,false,false,,,,,,
30399,Frekil,frekil,Spring 2025,Active,https://www.frekil.com,https://www.ycombinator.com/companies/frekil,yc_oss_current,false,publicly_sourced,datahive_cb_url,notate-7748,https://www.crunchbase.com/organization/notate-7748,,,0,false,false,false,false,false,false,false,false,false,false,,,,,,
70,Freshplum,freshplum,Summer 2011,Acquired,http://freshplum.com,https://www.ycombinator.com/companies/freshplum,yc_oss_current,false,publicly_sourced,datahive_cb_url,freshplum,https://www.crunchbase.com/organization/freshplum,,,0,false,false,false,false,false,false,false,false,false,false,,,,,,
24446,Freterium,freterium,Summer 2021,Active,https://www.freterium.com,https://www.ycombinator.com/companies/freterium,yc_oss_current,false,publicly_sourced,datahive_cb_url,freterium,https://www.crunchbase.com/organization/freterium,,,0,false,false,false,false,false,false,false,false,false,false,,,,,,
206,Fridge,fridge,Summer 2010,Acquired,http://frid.ge,https://www.ycombinator.com/companies/fridge,yc_oss_current,false,publicly_sourced,datahive_cb_url,the-fridge,https://www.crunchbase.com/organization/the-fridge,,,0,false,false,false,false,false,false,false,false,false,false,,,,,,
23415,Friz,friz,Winter 2021,Acquired,https://www.usefriz.com,https://www.ycombinator.com/companies/friz,yc_oss_current,false,publicly_sourced,datahive_cb_url,feige-27e7,https://www.crunchbase.com/organization/feige-27e7,,,0,false,false,false,false,false,false,false,false,false,false,,,,,,
30655,Frizzle,frizzle,Summer 2025,Active,https://www.frizzle.com,https://www.ycombinator.com/companies/frizzle,yc_oss_current,false,publicly_sourced,datahive_cb_url,frizzle,https://www.crunchbase.com/organization/frizzle,,,0,false,false,false,false,false,false,false,false,false,false,,,,confirmed,https://www.crunchbase.com/organization/frizzle,Name and frizzle.com domain match
286,Frogmetrics,frogmetrics,Summer 2008,Inactive,http://frogmetrics.com,https://www.ycombinator.com/companies/frogmetrics,yc_oss_current,false,publicly_sourced,datahive_cb_url,frogmetrics,https://www.crunchbase.com/organization/frogmetrics,,,0,false,false,false,false,false,false,false,false,false,false,,,,,,
727,Front,front,Summer 2014,Active,https://front.com,https://www.ycombinator.com/companies/front,yc_oss_current,false,publicly_sourced,datahive_cb_url,front-app,https://www.crunchbase.com/organization/front-app,,,0,false,false,false,false,false,false,false,false,false,false,,,,,,
12264,Frubana Inc,frubana-inc,Winter 2019,Inactive,https://www.frubana.com,https://www.ycombinator.com/companies/frubana-inc,yc_oss_current,false,publicly_sourced,datahive_cb_url,frubana,https://www.crunchbase.com/organization/frubana,,,0,false,false,false,false,false,false,false,false,false,false,,,,,,
25722,Fuell,fuell,Winter 2022,Acquired,https://getfuell.com/,https://www.ycombinator.com/companies/fuell,yc_oss_current,false,publicly_sourced,datahive_cb_url,fuell-corporate-cards,https://www.crunchbase.com/organization/fuell-corporate-cards,,,0,false,false,false,false,false,false,false,false,false,false,,,,,,
397,Fullstack Academy,fullstack-academy,Summer 2012,Acquired,http://fullstackacademy.com,https://www.ycombinator.com/companies/fullstack-academy,yc_oss_current,false,publicly_sourced,datahive_cb_url,fullstack-academy,https://www.crunchbase.com/organization/fullstack-academy,,,0,false,false,false,false,false,false,false,false,false,false,,,,,,
1037,Function of Beauty,function-of-beauty,Winter 2016,Active,http://www.functionofbeauty.com,https://www.ycombinator.com/companies/function-of-beauty,yc_oss_current,false,publicly_sourced,datahive_cb_url,function-of-beauty,https://www.crunchbase.com/organization/function-of-beauty,,,0,false,false,false,false,false,false,false,false,false,false,,,,,,
415,FundersClub,fundersclub,Summer 2012,Active,https://fundersclub.com/,https://www.ycombinator.com/companies/fundersclub,yc_oss_current,false,publicly_sourced,datahive_cb_url,fundersclub,https://www.crunchbase.com/organization/fundersclub,,,0,false,false,false,false,false,false,false,false,false,false,,,,,,
12073,Fuse,fuse,Winter 2019,Inactive,https://www.letsfuse.com/,https://www.ycombinator.com/companies/fuse,yc_oss_current,false,publicly_sourced,datahive_cb_url,ysplit,https://www.crunchbase.com/organization/ysplit,,,0,false,false,false,false,false,false,false,false,false,false,,,,,,
13488,FUTURA,futura,Winter 2020,Active,https://futuralabs.io/,https://www.ycombinator.com/companies/futura,yc_oss_current,false,publicly_sourced,radema_cb_url,moons,https://www.crunchbase.com/organization/moons,,,0,false,false,false,false,false,false,false,false,false,false,,,,,,
22305,Future Fields,future-fields,Summer 2020,Active,https://www.futurefields.io/about,https://www.ycombinator.com/companies/future-fields,yc_oss_current,false,publicly_sourced,datahive_cb_url,future-fields,https://www.crunchbase.com/organization/future-fields,,,0,false,false,false,false,false,false,false,false,false,false,,,,,,
197,FutureAdvisor,futureadvisor,Summer 2010,Acquired,http://futureadvisor.com,https://www.ycombinator.com/companies/futureadvisor,yc_oss_current,false,publicly_sourced,datahive_cb_url,futureadvisor,https://www.crunchbase.com/organization/futureadvisor,,,0,false,false,false,false,false,false,false,false,false,false,,,,,,
584,Futureleague,futureleague,Winter 2014,Inactive,http://www.futureleague.co,https://www.ycombinator.com/companies/futureleague,yc_oss_current,false,publicly_sourced,radema_cb_url,camperoo,https://www.crunchbase.com/organization/camperoo,,,0,false,false,false,false,false,false,false,false,false,false,,,,,,
340,Fuzzwich,fuzzwich,Summer 2007,Inactive,http://fuzzwich.com,https://www.ycombinator.com/companies/fuzzwich,yc_oss_current,false,publicly_sourced,datahive_cb_url,fuzzwich,https://www.crunchbase.com/organization/fuzzwich,,,0,false,false,false,false,false,false,false,false,false,false,,,,,,
1819,Gainful,gainful,Winter 2018,Active,https://gainful.com/,https://www.ycombinator.com/companies/gainful,yc_oss_current,false,publicly_sourced,datahive_cb_url,gainful,https://www.crunchbase.com/organization/gainful,,,0,false,false,false,false,false,false,false,false,false,false,,,,,,
228,Gamador,gamador,Winter 2010,Inactive,http://gamador.com,https://www.ycombinator.com/companies/gamador,yc_oss_current,false,publicly_sourced,datahive_cb_url,gamador,https://www.crunchbase.com/organization/gamador,,,0,false,false,false,false,false,false,false,false,false,false,,,,,,
1606,Gameday,gameday,Summer 2017,Inactive,http://playgameday.com,https://www.ycombinator.com/companies/gameday,yc_oss_current,false,publicly_sourced,datahive_cb_url,gameday-3,https://www.crunchbase.com/organization/gameday-3,,,0,false,false,false,false,false,false,false,false,false,false,,,,,,
1681,Gamelynx,gamelynx,Summer 2017,Inactive,https://gamelynx.gg,https://www.ycombinator.com/companies/gamelynx,yc_oss_current,false,publicly_sourced,datahive_cb_url,gamelynx,https://www.crunchbase.com/organization/gamelynx,,,0,false,false,false,false,false,false,false,false,false,false,,,,,,
24830,GamerPay,gamerpay,Summer 2021,Acquired,https://gamerpay.gg,https://www.ycombinator.com/companies/gamerpay,yc_oss_current,false,publicly_sourced,datahive_cb_url,gamerpay,https://www.crunchbase.com/organization/gamerpay,,,0,false,false,false,false,false,false,false,false,false,false,,,,,,
190,Gantto,gantto,Summer 2010,Inactive,http://gantto.com,https://www.ycombinator.com/companies/gantto,yc_oss_current,false,publicly_sourced,datahive_cb_url,gantto,https://www.crunchbase.com/organization/gantto,,,0,false,false,false,false,false,false,false,false,false,false,,,,,,
1237,garten,garten,Summer 2016,Acquired,https://garten.co/,https://www.ycombinator.com/companies/garten,yc_oss_current,false,publicly_sourced,datahive_cb_url,garten,https://www.crunchbase.com/organization/garten,,,0,false,false,false,false,false,false,false,false,false,false,,,,,,
13573,Gas Pos,gas-pos,Winter 2020,Active,https://gaspos.co,https://www.ycombinator.com/companies/gas-pos,yc_oss_current,false,publicly_sourced,datahive_cb_url,gas-pos-inc,https://www.crunchbase.com/organization/gas-pos-inc,,,0,false,false,false,false,false,false,false,false,false,false,,,,,,
193,GazeHawk,gazehawk,Summer 2010,Acquired,http://gazehawk.com,https://www.ycombinator.com/companies/gazehawk,yc_oss_current,false,publicly_sourced,datahive_cb_url,gazehawk,https://www.crunchbase.com/organization/gazehawk,,,0,false,false,false,false,false,false,false,false,false,false,,,,,,
639,GBatteries,gbatteries,Winter 2014,Active,https://www.gbatteries.com,https://www.ycombinator.com/companies/gbatteries,yc_oss_current,false,publicly_sourced,datahive_cb_url,gbatteries,https://www.crunchbase.com/organization/gbatteries,,,0,false,false,false,false,false,false,false,false,false,false,,,,,,
1051,Gecko Robotics,gecko-robotics,Winter 2016,Active,https://www.geckorobotics.com,https://www.ycombinator.com/companies/gecko-robotics,yc_oss_current,false,publicly_sourced,datahive_cb_url,gecko-robotics,https://www.crunchbase.com/organization/gecko-robotics,,,0,false,false,false,false,false,false,false,false,false,false,,,,,,
1694,Gem,gem,Summer 2017,Active,https://www.gem.com/,https://www.ycombinator.com/companies/gem,yc_oss_current,false,publicly_sourced,datahive_cb_url,gem-software,https://www.crunchbase.com/organization/gem-software,,,0,false,false,false,false,false,false,false,false,false,false,,,,,,
871,Gemnote,gemnote,Summer 2015,Active,http://gemnote.com,https://www.ycombinator.com/companies/gemnote,yc_oss_current,false,publicly_sourced,datahive_cb_url,gemnote,https://www.crunchbase.com/organization/gemnote,,,0,false,false,false,false,false,false,false,false,false,false,,,,,,
12614,GEn1E Lifesciences,gen1e-lifesciences,Summer 2019,Active,https://www.gen1e.com,https://www.ycombinator.com/companies/gen1e-lifesciences,yc_oss_current,false,publicly_sourced,datahive_cb_url,gen1e-lifesciences,https://www.crunchbase.com/organization/gen1e-lifesciences,,,0,false,false,false,false,false,false,false,false,false,false,,,,,,
12581,Genecis Bio,genecis-bio,Winter 2020,Active,https://www.genecis.co/,https://www.ycombinator.com/companies/genecis-bio,yc_oss_current,false,publicly_sourced,datahive_cb_url,genecis-envirotech,https://www.crunchbase.com/organization/genecis-envirotech,,,0,false,false,false,false,false,false,false,false,false,false,,,,,,
75,Genius,genius,Summer 2011,Acquired,https://genius.com,https://www.ycombinator.com/companies/genius,yc_oss_current,false,publicly_sourced,datahive_cb_url,genius-com,https://www.crunchbase.com/organization/genius-com,,,0,false,false,false,false,false,false,false,false,false,false,,,,,,
24574,Genomelink,genomelink,Summer 2021,Active,https://genomelink.io/,https://www.ycombinator.com/companies/genomelink,yc_oss_current,false,publicly_sourced,datahive_cb_url,awakens-inc,https://www.crunchbase.com/organization/awakens-inc,,,0,false,false,false,false,false,false,false,false,false,false,,,,,,
24575,Genuity,genuity,Summer 2021,Active,https://gogenuity.com/,https://www.ycombinator.com/companies/genuity,yc_oss_current,false,publicly_sourced,datahive_cb_url,genuity-a9ae,https://www.crunchbase.com/organization/genuity-a9ae,,,0,false,false,false,false,false,false,false,false,false,false,,,,,,
1064,Georgette Packaging,georgette-packaging,Winter 2016,Inactive,http://www.georgettepackaging.com,https://www.ycombinator.com/companies/georgette-packaging,yc_oss_current,false,publicly_sourced,datahive_cb_url,georgette-packaging,https://www.crunchbase.com/organization/georgette-packaging,,,0,false,false,false,false,false,false,false,false,false,false,,,,,,
11931,Geosite,geosite,Winter 2019,Acquired,https://www.geosite.io/,https://www.ycombinator.com/companies/geosite,yc_oss_current,false,publicly_sourced,datahive_cb_url,geosite-inc,https://www.crunchbase.com/organization/geosite-inc,,,0,false,false,false,false,false,false,false,false,false,false,,,,,,
22702,"Gerald Technologies, Inc",gerald-technologies-inc,Winter 2021,Active,https://www.joingerald.com,https://www.ycombinator.com/companies/gerald-technologies-inc,yc_oss_current,false,publicly_sourced,datahive_cb_url,gerald,https://www.crunchbase.com/organization/gerald,,,0,false,false,false,false,false,false,false,false,false,false,,,,,,
2031,Gerostate Alpha,gerostate-alpha,Summer 2018,Inactive,http://www.gerostatealpha.com,https://www.ycombinator.com/companies/gerostate-alpha,yc_oss_current,false,publicly_sourced,datahive_cb_url,gerostate-alpha,https://www.crunchbase.com/organization/gerostate-alpha,,,0,false,false,false,false,false,false,false,false,false,false,,,,,,
987,GetAccept,getaccept,Winter 2016,Active,https://www.getaccept.com,https://www.ycombinator.com/companies/getaccept,yc_oss_current,false,publicly_sourced,datahive_cb_url,getaccept,https://www.crunchbase.com/organization/getaccept,,,0,false,false,false,false,false,false,false,false,false,false,,,,,,
29513,GetCrux,getcrux,Winter 2024,Active,http://getcrux.ai/,https://www.ycombinator.com/companies/getcrux,yc_oss_current,false,publicly_sourced,datahive_cb_url,crux-7f13,https://www.crunchbase.com/organization/crux-7f13,,,0,false,false,false,false,false,false,false,false,false,false,,,,,,
463,GetGoing,getgoing,Summer 2012,Inactive,http://getgoing.com,https://www.ycombinator.com/companies/getgoing,yc_oss_current,false,publicly_sourced,datahive_cb_url,getgoing-inc,https://www.crunchbase.com/organization/getgoing-inc,,,0,false,false,false,false,false,false,false,false,false,false,,,,,,
22673,Gigs Live,gigs-live,Winter 2021,Inactive,https://gigs.live,https://www.ycombinator.com/companies/gigs-live,yc_oss_current,false,publicly_sourced,datahive_cb_url,gigs-live,https://www.crunchbase.com/organization/gigs-live,,,0,false,false,false,false,false,false,false,false,false,false,,,,,,
971,Gigster,gigster,Summer 2015,Acquired,https://gigster.com/,https://www.ycombinator.com/companies/gigster,yc_oss_current,false,publicly_sourced,datahive_cb_url,gigster,https://www.crunchbase.com/organization/gigster,,,0,false,false,false,false,false,false,false,false,false,false,,,,,,
1010,Gigwell,gigwell,Winter 2016,Active,https://www.gigwell.com,https://www.ycombinator.com/companies/gigwell,yc_oss_current,false,publicly_sourced,datahive_cb_url,gigwell-2,https://www.crunchbase.com/organization/gigwell-2,,,0,false,false,false,false,false,false,false,false,false,false,,,,,,
26051,GIMO,gimo,Winter 2022,Active,https://gimo.vn/en,https://www.ycombinator.com/companies/gimo,yc_oss_current,false,publicly_sourced,datahive_cb_url,gimo,https://www.crunchbase.com/organization/gimo,,,0,false,false,false,false,false,false,false,false,false,false,,,,,,
729,Ginkgo Bioworks,ginkgo-bioworks,Summer 2014,Public,http://ginkgobioworks.com,https://www.ycombinator.com/companies/ginkgo-bioworks,yc_oss_current,false,publicly_sourced,datahive_cb_url,ginkgo-bioworks,https://www.crunchbase.com/organization/ginkgo-bioworks,,,0,false,false,false,false,false,false,false,false,false,false,,,,,,
810,GitLab,gitlab,Winter 2015,Public,http://gitlab.com/,https://www.ycombinator.com/companies/gitlab,yc_oss_current,false,publicly_sourced,datahive_cb_url,gitlab-com,https://www.crunchbase.com/organization/gitlab-com,,,0,false,false,false,false,false,false,false,false,false,false,,,,,,
1091,GitPrime,gitprime,Winter 2016,Acquired,https://www.gitprime.com,https://www.ycombinator.com/companies/gitprime,yc_oss_current,false,publicly_sourced,datahive_cb_url,gitprime,https://www.crunchbase.com/organization/gitprime,,,0,false,false,false,false,false,false,false,false,false,false,,,,,,
13509,GiveAway,giveaway,Winter 2020,Active,http://giveaway.mobi,https://www.ycombinator.com/companies/giveaway,yc_oss_current,false,publicly_sourced,datahive_cb_url,giveaway-189e,https://www.crunchbase.com/organization/giveaway-189e,,,0,false,false,false,false,false,false,false,false,false,false,,,,,,
914,GiveCampus,givecampus,Summer 2015,Active,http://go.givecampus.com,https://www.ycombinator.com/companies/givecampus,yc_oss_current,false,publicly_sourced,datahive_cb_url,givecampus,https://www.crunchbase.com/organization/givecampus,,,0,false,false,false,false,false,false,false,false,false,false,,,,,,
811,Giveffect,giveffect,Winter 2015,Active,http://giveffect.com,https://www.ycombinator.com/companies/giveffect,yc_oss_current,false,publicly_sourced,datahive_cb_url,giveffect,https://www.crunchbase.com/organization/giveffect,,,0,false,false,false,false,false,false,false,false,false,false,,,,,,
29415,Givefront,givefront,Winter 2024,Active,https://givefront.com,https://www.ycombinator.com/companies/givefront,yc_oss_current,false,publicly_sourced,datahive_cb_url,givefront,https://www.crunchbase.com/organization/givefront,,,0,false,false,false,false,false,false,false,false,false,false,,,,,,
764,GiveMeTap,givemetap,Winter 2015,Active,http://givemetap.com,https://www.ycombinator.com/companies/givemetap,yc_oss_current,false,publicly_sourced,datahive_cb_url,givemetap,https://www.crunchbase.com/organization/givemetap,,,0,false,false,false,false,false,false,false,false,false,false,,,,,,
66,GiveSpark,givespark,Winter 2012,Inactive,http://givespark.com/,https://www.ycombinator.com/companies/givespark,yc_oss_current,false,publicly_sourced,datahive_cb_url,givespark,https://www.crunchbase.com/organization/givespark,,,0,false,false,false,false,false,false,false,false,false,false,,,,,,
812,Glassjar,glassjar,Winter 2015,Inactive,http://glassjar.co,https://www.ycombinator.com/companies/glassjar,yc_oss_current,false,publicly_sourced,datahive_cb_url,glassjar,https://www.crunchbase.com/organization/glassjar,,,0,false,false,false,false,false,false,false,false,false,false,,,,,,
29586,Glasskube,glasskube,Summer 2024,Active,https://distr.sh/,https://www.ycombinator.com/companies/glasskube,yc_oss_current,false,publicly_sourced,datahive_cb_url,glasskube,https://www.crunchbase.com/organization/glasskube,,,0,false,false,false,false,false,false,false,false,false,false,,,,,,
25717,Glep,glep,Winter 2022,Active,https://glep.com,https://www.ycombinator.com/companies/glep,yc_oss_current,false,publicly_sourced,datahive_cb_url,lenco,https://www.crunchbase.com/organization/lenco,,,0,false,false,false,false,false,false,false,false,false,false,,,,,,
12256,Glide,glide,Winter 2019,Active,https://www.glideapps.com,https://www.ycombinator.com/companies/glide,yc_oss_current,false,publicly_sourced,datahive_cb_url,glide-apps,https://www.crunchbase.com/organization/glide-apps,,,0,false,false,false,false,false,false,false,false,false,false,,,,,,
61,Glider,glider,Winter 2012,Inactive,http://glider.io,https://www.ycombinator.com/companies/glider,yc_oss_current,false,publicly_sourced,datahive_cb_url,glider-io,https://www.crunchbase.com/organization/glider-io,,,0,false,false,false,false,false,false,false,false,false,false,,,,,,
22218,Glimpse,glimpse-2,Summer 2020,Active,https://tryglimpse.com/,https://www.ycombinator.com/companies/glimpse-2,yc_oss_current,false,publicly_sourced,datahive_cb_url,glimpse-1ee9,https://www.crunchbase.com/organization/glimpse-1ee9,,,0,false,false,false,false,false,false,false,false,false,false,,,,,,
1774,Glimpse K12,glimpse-k12,Winter 2018,Acquired,http://www.glimpsek12.com/,https://www.ycombinator.com/companies/glimpse-k12,yc_oss_current,false,publicly_sourced,datahive_cb_url,glimpsek12,https://www.crunchbase.com/organization/glimpsek12,,,0,false,false,false,false,false,false,false,false,false,false,,,,,,
536,Glio,glio,Summer 2013,Inactive,http://glio.com,https://www.ycombinator.com/companies/glio,yc_oss_current,false,publicly_sourced,datahive_cb_url,glio,https://www.crunchbase.com/organization/glio,,,0,false,false,false,false,false,false,false,false,false,false,,,,,,
24264,Glitzi,glitzi,Summer 2021,Active,https://glitzi.com.mx/,https://www.ycombinator.com/companies/glitzi,yc_oss_current,false,publicly_sourced,datahive_cb_url,glitzi,https://www.crunchbase.com/organization/glitzi,,,0,false,false,false,false,false,false,false,false,false,false,,,,,,
13206,Global Belly,global-belly,Winter 2020,Inactive,https://globalbelly.com/,https://www.ycombinator.com/companies/global-belly,yc_oss_current,false,publicly_sourced,datahive_cb_url,global-belly,https://www.crunchbase.com/organization/global-belly,,,0,false,false,false,false,false,false,false,false,false,false,,,,,,
1747,Glowing.io,glowing-io,Winter 2018,Active,http://www.glowing.io,https://www.ycombinator.com/companies/glowing-io,yc_oss_current,false,publicly_sourced,datahive_cb_url,glowing,https://www.crunchbase.com/organization/glowing,,,0,false,false,false,false,false,false,false,false,false,false,,,,,,
944,Go1,go1,Summer 2015,Active,https://go1.com,https://www.ycombinator.com/companies/go1,yc_oss_current,false,publicly_sourced,datahive_cb_url,go1,https://www.crunchbase.com/organization/go1,,,0,false,false,false,false,false,false,false,false,false,false,,,,,,
168,GOAT Group,goat-group,Winter 2011,Active,https://www.goatgroup.com/,https://www.ycombinator.com/companies/goat-group,yc_oss_current,false,publicly_sourced,datahive_cb_url,goatapp,https://www.crunchbase.com/organization/goatapp,,,0,false,false,false,false,false,false,false,false,false,false,,,,,,
637,Gobble,gobble,Winter 2014,Acquired,http://gobble.com,https://www.ycombinator.com/companies/gobble,yc_oss_current,false,publicly_sourced,datahive_cb_url,gobble,https://www.crunchbase.com/organization/gobble,,,0,false,false,false,false,false,false,false,false,false,false,,,,,,
98,GoCardless,gocardless,Summer 2011,Active,http://gocardless.com,https://www.ycombinator.com/companies/gocardless,yc_oss_current,false,publicly_sourced,datahive_cb_url,gocardless,https://www.crunchbase.com/organization/gocardless,,,0,false,false,false,false,false,false,false,false,false,false,,,,,,
530,GoComm,gocomm,Summer 2013,Inactive,http://gocomm.com,https://www.ycombinator.com/companies/gocomm,yc_oss_current,false,publicly_sourced,datahive_cb_url,gocomm,https://www.crunchbase.com/organization/gocomm,,,0,false,false,false,false,false,false,false,false,false,false,,,,,,
1264,GoGoGrandparent,gogograndparent,Summer 2016,Active,https://gogograndparent.com,https://www.ycombinator.com/companies/gogograndparent,yc_oss_current,false,publicly_sourced,datahive_cb_url,gogograndparent,https://www.crunchbase.com/organization/gogograndparent,,,0,false,false,false,false,false,false,false,false,false,false,,,,,,
25976,GoJom,gojom,Winter 2022,Active,https://gojom.com,https://www.ycombinator.com/companies/gojom,yc_oss_current,false,publicly_sourced,datahive_cb_url,casas360,https://www.crunchbase.com/organization/casas360,,,0,false,false,false,false,false,false,false,false,false,false,,,,,,
508,Goldbelly,goldbelly,Winter 2013,Active,https://www.goldbelly.com/,https://www.ycombinator.com/companies/goldbelly,yc_oss_current,false,publicly_sourced,datahive_cb_url,goldbelly,https://www.crunchbase.com/organization/goldbelly,,,0,false,false,false,false,false,false,false,false,false,false,,,,,,
11984,GoLinks,golinks,Winter 2019,Active,https://www.golinks.io,https://www.ycombinator.com/companies/golinks,yc_oss_current,false,publicly_sourced,datahive_cb_url,golinks,https://www.crunchbase.com/organization/golinks,,,0,false,false,false,false,false,false,false,false,false,false,,,,,,
1052,GoLorry,golorry,Winter 2016,Active,http://www.golorry.com,https://www.ycombinator.com/companies/golorry,yc_oss_current,false,publicly_sourced,datahive_cb_url,golorry,https://www.crunchbase.com/organization/golorry,,,0,false,false,false,false,false,false,false,false,false,false,,,,,,
22565,Gonddo,gonddo,Winter 2021,Inactive,https://gonddo.com.br/,https://www.ycombinator.com/companies/gonddo,yc_oss_current,false,publicly_sourced,datahive_cb_url,gonddo,https://www.crunchbase.com/organization/gonddo,,,0,false,false,false,false,false,false,false,false,false,false,,,,,,
27899,GoodCourse,goodcourse,Winter 2023,Inactive,https://www.goodcourse.co,https://www.ycombinator.com/companies/goodcourse,yc_oss_current,false,publicly_sourced,datahive_cb_url,goodcourse,https://www.crunchbase.com/organization/goodcourse,,,0,false,false,false,false,false,false,false,false,false,false,,,,,,
2008,Goodly,goodly,Summer 2018,Inactive,https://www.goodlyapp.com/,https://www.ycombinator.com/companies/goodly,yc_oss_current,false,publicly_sourced,datahive_cb_url,goodly,https://www.crunchbase.com/organization/goodly,,,0,false,false,false,false,false,false,false,false,false,false,,,,,,
1025,Goodybag,goodybag,Winter 2016,Acquired,http://goodybag.com,https://www.ycombinator.com/companies/goodybag,yc_oss_current,false,publicly_sourced,datahive_cb_url,goodybag,https://www.crunchbase.com/organization/goodybag,,,0,false,false,false,false,false,false,false,false,false,false,,,,,,
1653,Goosebump,goosebump,Summer 2017,Inactive,http://m.me/higoosebump,https://www.ycombinator.com/companies/goosebump,yc_oss_current,false,publicly_sourced,datahive_cb_url,goosebump,https://www.crunchbase.com/organization/goosebump,,,0,false,false,false,false,false,false,false,false,false,false,,,,,,
26108,GoSats,gosats,Winter 2022,Active,https://gosats.io,https://www.ycombinator.com/companies/gosats,yc_oss_current,false,publicly_sourced,datahive_cb_url,gosats,https://www.crunchbase.com/organization/gosats,,,0,false,false,false,false,false,false,false,false,false,false,,,,,,
449,GoScale,goscale,Summer 2012,Inactive,http://goscale.com,https://www.ycombinator.com/companies/goscale,yc_oss_current,false,publicly_sourced,datahive_cb_url,goscale,https://www.crunchbase.com/organization/goscale,,,0,false,false,false,false,false,false,false,false,false,false,,,,,,
675,GovPredict,govpredict,Summer 2014,Acquired,http://govpredict.com,https://www.ycombinator.com/companies/govpredict,yc_oss_current,false,publicly_sourced,datahive_cb_url,govpredict,https://www.crunchbase.com/organization/govpredict,,,0,false,false,false,false,false,false,false,false,false,false,,,,,,
1937,Grabb-It,grabb-it,Summer 2018,Inactive,https://grabb-it.io,https://www.ycombinator.com/companies/grabb-it,yc_oss_current,false,publicly_sourced,datahive_cb_url,grabb-it,https://www.crunchbase.com/organization/grabb-it,,,0,false,false,false,false,false,false,false,false,false,false,,,,,,
255,GraffitiGeo,graffitigeo,Summer 2009,Acquired,http://graffitigeo.com,https://www.ycombinator.com/companies/graffitigeo,yc_oss_current,false,publicly_sourced,datahive_cb_url,graffitigeo-inc,https://www.crunchbase.com/organization/graffitigeo-inc,,,0,false,false,false,false,false,false,false,false,false,false,,,,,,
537,Graft Concepts,graft-concepts,Summer 2013,Inactive,http://graftconcepts.com,https://www.ycombinator.com/companies/graft-concepts,yc_oss_current,false,publicly_sourced,datahive_cb_url,graft-concepts,https://www.crunchbase.com/organization/graft-concepts,,,0,false,false,false,false,false,false,false,false,false,false,,,,,,
27040,Grai,grai,Summer 2022,Inactive,https://www.grai.io,https://www.ycombinator.com/companies/grai,yc_oss_current,false,publicly_sourced,datahive_cb_url,grai,https://www.crunchbase.com/organization/grai,,,0,false,false,false,false,false,false,false,false,false,false,,,,,,
13174,Grain,grain,Winter 2020,Active,https://trygrain.com/,https://www.ycombinator.com/companies/grain,yc_oss_current,false,publicly_sourced,datahive_cb_url,grain-c423,https://www.crunchbase.com/organization/grain-c423,,,0,false,false,false,false,false,false,false,false,false,false,,,,,,
12641,Green Canopy NODE,green-canopy-node,Summer 2019,Active,http://greencanopynode.com,https://www.ycombinator.com/companies/green-canopy-node,yc_oss_current,false,publicly_sourced,datahive_cb_url,node-4506,https://www.crunchbase.com/organization/node-4506,,,0,false,false,false,false,false,false,false,false,false,false,,,,,,
11957,Green Energy Exchange,green-energy-exchange,Winter 2019,Inactive,http://getgex.com,https://www.ycombinator.com/companies/green-energy-exchange,yc_oss_current,false,publicly_sourced,datahive_cb_url,green-energy-exchange,https://www.crunchbase.com/organization/green-energy-exchange,,,0,false,false,false,false,false,false,false,false,false,false,,,,,,
677,Greentoe,greentoe,Summer 2014,Active,http://greentoe.com,https://www.ycombinator.com/companies/greentoe,yc_oss_current,false,publicly_sourced,datahive_cb_url,greentoe,https://www.crunchbase.com/organization/greentoe,,,0,false,false,false,false,false,false,false,false,false,false,,,,,,
1623,Greo,greo,Summer 2017,Inactive,http://www.greo.com,https://www.ycombinator.com/companies/greo,yc_oss_current,false,publicly_sourced,datahive_cb_url,greo,https://www.crunchbase.com/organization/greo,,,0,false,false,false,false,false,false,false,false,false,false,,,,,,
483,GrepData,grepdata,Winter 2013,Acquired,http://grepdata.com,https://www.ycombinator.com/companies/grepdata,yc_oss_current,false,publicly_sourced,datahive_cb_url,grepdata,https://www.crunchbase.com/organization/grepdata,,,0,false,false,false,false,false,false,false,false,false,false,,,,,,
22889,Greywing,greywing,Winter 2021,Active,https://grey-wing.com/,https://www.ycombinator.com/companies/greywing,yc_oss_current,false,publicly_sourced,datahive_cb_url,greywing-28da,https://www.crunchbase.com/organization/greywing-28da,,,0,false,false,false,false,false,false,false,false,false,false,,,,,,
22789,Gridware,gridware,Winter 2021,Active,https://www.gridware.io,https://www.ycombinator.com/companies/gridware,yc_oss_current,false,publicly_sourced,datahive_cb_url,gridware,https://www.crunchbase.com/organization/gridware,,,0,false,false,false,false,false,false,false,false,false,false,,,,,,
2013,Grin,grin,Summer 2018,Acquired,http://www.ongrin.com,https://www.ycombinator.com/companies/grin,yc_oss_current,false,publicly_sourced,datahive_cb_url,grin-scooters,https://www.crunchbase.com/organization/grin-scooters,,,0,false,false,false,false,false,false,false,false,false,false,,,,,,
39,Grouper,grouper,Winter 2012,Inactive,http://joingrouper.com,https://www.ycombinator.com/companies/grouper,yc_oss_current,false,publicly_sourced,datahive_cb_url,grouper-2,https://www.crunchbase.com/organization/grouper-2,,,0,false,false,false,false,false,false,false,false,false,false,,,,,,
25174,GrowthBook,growthbook,Winter 2022,Active,https://www.growthbook.io,https://www.ycombinator.com/companies/growthbook,yc_oss_current,false,publicly_sourced,datahive_cb_url,growth-book,https://www.crunchbase.com/organization/growth-book,,,0,false,false,false,false,false,false,false,false,false,false,,,,,,
1839,Groww,groww,Winter 2018,Public,https://groww.in,https://www.ycombinator.com/companies/groww,yc_oss_current,false,publicly_sourced,datahive_cb_url,groww,https://www.crunchbase.com/organization/groww,,,0,false,false,false,false,false,false,false,false,false,false,,,,,,
767,GrubMarket,grubmarket,Winter 2015,Active,http://grubmarket.com,https://www.ycombinator.com/companies/grubmarket,yc_oss_current,false,publicly_sourced,datahive_cb_url,grubmarket-inc,https://www.crunchbase.com/organization/grubmarket-inc,,,0,false,false,false,false,false,false,false,false,false,false,,,,,,
626,Guesty,guesty,Winter 2014,Active,http://www.guesty.com,https://www.ycombinator.com/companies/guesty,yc_oss_current,false,publicly_sourced,datahive_cb_url,guesty,https://www.crunchbase.com/organization/guesty,,,0,false,false,false,false,false,false,false,false,false,false,,,,,,
1679,Guggy,guggy,Summer 2017,Inactive,https://guggy.com,https://www.ycombinator.com/companies/guggy,yc_oss_current,false,publicly_sourced,datahive_cb_url,guggy,https://www.crunchbase.com/organization/guggy,,,0,false,false,false,false,false,false,false,false,false,false,,,,,,
1656,Guilded,guilded,Summer 2017,Acquired,http://www.guilded.gg,https://www.ycombinator.com/companies/guilded,yc_oss_current,false,publicly_sourced,datahive_cb_url,guilded,https://www.crunchbase.com/organization/guilded,,,0,false,false,false,false,false,false,false,false,false,false,,,,,,
13508,GuruHotel,guruhotel,Winter 2020,Active,https://guruhotel.com,https://www.ycombinator.com/companies/guruhotel,yc_oss_current,false,publicly_sourced,datahive_cb_url,guruhotel,https://www.crunchbase.com/organization/guruhotel,,,0,false,false,false,false,false,false,false,false,false,false,,,,,,
24,Gusto,gusto,Winter 2012,Active,https://gusto.com,https://www.ycombinator.com/companies/gusto,yc_oss_current,false,publicly_sourced,datahive_cb_url,gusto,https://www.crunchbase.com/organization/gusto,,,0,false,false,false,false,false,false,false,false,false,false,,,,,,
13133,H1,h1,Winter 2020,Active,https://www.h1.co/,https://www.ycombinator.com/companies/h1,yc_oss_current,false,publicly_sourced,datahive_cb_url,h1,https://www.crunchbase.com/organization/h1,,,0,false,false,false,false,false,false,false,false,false,false,,,,,,
185,Habit Labs,habit-labs,Summer 2010,Inactive,http://habitlabs.com,https://www.ycombinator.com/companies/habit-labs,yc_oss_current,false,publicly_sourced,datahive_cb_url,habit-labs,https://www.crunchbase.com/organization/habit-labs,,,0,false,false,false,false,false,false,false,false,false,false,,,,,,
526,Hackermeter,hackermeter,Summer 2013,Acquired,http://hackermeter.com,https://www.ycombinator.com/companies/hackermeter,yc_oss_current,false,publicly_sourced,datahive_cb_url,hackermeter,https://www.crunchbase.com/organization/hackermeter,,,0,false,false,false,false,false,false,false,false,false,false,,,,,,
73,HackerRank,hackerrank,Summer 2011,Active,http://hackerrank.com,https://www.ycombinator.com/companies/hackerrank,yc_oss_current,false,publicly_sourced,datahive_cb_url,hackerrank,https://www.crunchbase.com/organization/hackerrank,,,0,false,false,false,false,false,false,false,false,false,false,,,,,,
18,HackPad,hackpad,Winter 2012,Acquired,http://hackpad.com,https://www.ycombinator.com/companies/hackpad,yc_oss_current,false,publicly_sourced,datahive_cb_url,hackpad,https://www.crunchbase.com/organization/hackpad,,,0,false,false,false,false,false,false,false,false,false,false,,,,,,
25531,haddock,haddock,Winter 2022,Active,https://haddock.app,https://www.ycombinator.com/companies/haddock,yc_oss_current,false,publicly_sourced,datahive_cb_url,haddock,https://www.crunchbase.com/organization/haddock,,,0,false,false,false,false,false,false,false,false,false,false,,,,,,
968,Halolife,halolife,Summer 2015,Inactive,http://halolife.com,https://www.ycombinator.com/companies/halolife,yc_oss_current,false,publicly_sourced,datahive_cb_url,halolife,https://www.crunchbase.com/organization/halolife,,,0,false,false,false,false,false,false,false,false,false,false,,,,,,
29610,Hamming AI,hamming-ai,Summer 2024,Active,https://hamming.ai/,https://www.ycombinator.com/companies/hamming-ai,yc_oss_current,false,publicly_sourced,datahive_cb_url,hamming-ai,https://www.crunchbase.com/organization/hamming-ai,,,0,false,false,false,false,false,false,false,false,false,false,,,,,,
12043,Handle,handle,Winter 2019,Active,https://www.handle.com,https://www.ycombinator.com/companies/handle,yc_oss_current,false,publicly_sourced,datahive_cb_url,handle-com,https://www.crunchbase.com/organization/handle-com,,,0,false,false,false,false,false,false,false,false,false,false,,,,,,
29805,Handled,handled,Summer 2024,Active,https://www.itshandled.ai,https://www.ycombinator.com/companies/handled,yc_oss_current,false,publicly_sourced,datahive_cb_url,zimi-a057,https://www.crunchbase.com/organization/zimi-a057,,,0,false,false,false,false,false,false,false,false,false,false,,,,,,
13121,Handoff,handoff,Winter 2020,Active,https://www.handoff.ai/,https://www.ycombinator.com/companies/handoff,yc_oss_current,false,publicly_sourced,radema_cb_url,1build,https://www.crunchbase.com/organization/1build,,,0,false,false,false,false,false,false,false,false,false,false,,,,,,
22668,Hapi,hapi,Winter 2021,Active,https://hapi.trade/,https://www.ycombinator.com/companies/hapi,yc_oss_current,false,publicly_sourced,datahive_cb_url,hapi-app,https://www.crunchbase.com/organization/hapi-app,,,0,false,false,false,false,false,false,false,false,false,false,,,,,,
1966,HappiLabs,happilabs,Summer 2018,Acquired,https://www.happilabs.org/,https://www.ycombinator.com/companies/happilabs,yc_oss_current,false,publicly_sourced,datahive_cb_url,happilabs,https://www.crunchbase.com/organization/happilabs,,,0,false,false,false,false,false,false,false,false,false,false,,,,,,
25521,Happl,happl,Winter 2022,Active,https://happl.com/,https://www.ycombinator.com/companies/happl,yc_oss_current,false,publicly_sourced,datahive_cb_url,tahora,https://www.crunchbase.com/organization/tahora,,,0,false,false,false,false,false,false,false,false,false,false,,,,,,
29069,HappyRobot,happyrobot,Summer 2023,Active,https://happyrobot.ai,https://www.ycombinator.com/companies/happyrobot,yc_oss_current,false,publicly_sourced,datahive_cb_url,happyrobot,https://www.crunchbase.com/organization/happyrobot,,,0,false,false,false,false,false,false,false,false,false,false,,,,,,
11975,Hatch,hatch,Winter 2019,Acquired,http://usehatch.ai,https://www.ycombinator.com/companies/hatch,yc_oss_current,false,publicly_sourced,datahive_cb_url,hatch-0729,https://www.crunchbase.com/organization/hatch-0729,,,0,false,false,false,false,false,false,false,false,false,false,,,,,,
710,HauteDay,hauteday,Summer 2014,Inactive,http://hauteday.com,https://www.ycombinator.com/companies/hauteday,yc_oss_current,false,publicly_sourced,datahive_cb_url,hauteday,https://www.crunchbase.com/organization/hauteday,,,0,false,false,false,false,false,false,false,false,false,false,,,,,,
23259,Haystack,haystack,Winter 2021,Active,https://usehaystack.io/,https://www.ycombinator.com/companies/haystack,yc_oss_current,false,publicly_sourced,datahive_cb_url,haystack-e170,https://www.crunchbase.com/organization/haystack-e170,,,0,false,false,false,false,false,false,false,false,false,false,,,,,,
1228,Haywheel,haywheel,Summer 2016,Inactive,http://www.haywheel.com,https://www.ycombinator.com/companies/haywheel,yc_oss_current,false,publicly_sourced,datahive_cb_url,haywheel,https://www.crunchbase.com/organization/haywheel,,,0,false,false,false,false,false,false,false,false,false,false,,,,,,
29385,Hazel,hazel-2,Winter 2024,Active,https://hazelai.com,https://www.ycombinator.com/companies/hazel-2,yc_oss_current,false,publicly_sourced,datahive_cb_url,hazel-22bb,https://www.crunchbase.com/organization/hazel-22bb,,,0,false,false,false,false,false,false,false,false,false,false,,,,,,
1678,Headstart,headstart,Summer 2017,Acquired,https://www.headstart.io,https://www.ycombinator.com/companies/headstart,yc_oss_current,false,publicly_sourced,datahive_cb_url,headstart-app,https://www.crunchbase.com/organization/headstart-app,,,0,false,false,false,false,false,false,false,false,false,false,,,,,,
28869,Health Harbor,health-harbor,Summer 2023,Active,https://healthharbor.co/,https://www.ycombinator.com/companies/health-harbor,yc_oss_current,false,publicly_sourced,datahive_cb_url,health-harbor,https://www.crunchbase.com/organization/health-harbor,,,0,false,false,false,false,false,false,false,false,false,false,,,,,,
405,HealthSherpa,healthsherpa,Summer 2012,Active,https://healthsherpa.com,https://www.ycombinator.com/companies/healthsherpa,yc_oss_current,false,publicly_sourced,datahive_cb_url,healthsherpa,https://www.crunchbase.com/organization/healthsherpa,,,0,false,false,false,false,false,false,false,false,false,false,,,,,,
498,Heap,heap,Winter 2013,Acquired,https://heap.io/,https://www.ycombinator.com/companies/heap,yc_oss_current,false,publicly_sourced,datahive_cb_url,heap,https://www.crunchbase.com/organization/heap,,,0,false,false,false,false,false,false,false,false,false,false,,,,,,
12089,Heart Aerospace,heart-aerospace,Winter 2019,Active,http://www.heartaerospace.com,https://www.ycombinator.com/companies/heart-aerospace,yc_oss_current,false,publicly_sourced,datahive_cb_url,heart-aerospace,https://www.crunchbase.com/organization/heart-aerospace,,,0,false,false,false,false,false,false,false,false,false,false,,,,,,
23842,Hedgehog,hedgehog,Summer 2021,Inactive,https://hedgehog.app,https://www.ycombinator.com/companies/hedgehog,yc_oss_current,false,publicly_sourced,datahive_cb_url,hedgehog-3704,https://www.crunchbase.com/organization/hedgehog-3704,,,0,false,false,false,false,false,false,false,false,false,false,,,,,,
24488,Heimdal,heimdal,Summer 2021,Inactive,https://www.heimdalccu.com,https://www.ycombinator.com/companies/heimdal,yc_oss_current,false,publicly_sourced,datahive_cb_url,heimdal,https://www.crunchbase.com/organization/heimdal,,,0,false,false,false,false,false,false,false,false,false,false,,,,,,
2011,Helicarrier (prev Buycoins),helicarrier-prev-buycoins,Summer 2018,Active,https://helicarrier.studio,https://www.ycombinator.com/companies/helicarrier-prev-buycoins,yc_oss_current,false,publicly_sourced,datahive_cb_url,buycoins,https://www.crunchbase.com/organization/buycoins,,,0,false,false,false,false,false,false,false,false,false,false,,,,,,
27919,Helicone,helicone,Winter 2023,Acquired,https://www.helicone.ai/,https://www.ycombinator.com/companies/helicone,yc_oss_current,false,publicly_sourced,datahive_cb_url,helicone,https://www.crunchbase.com/organization/helicone,,,0,false,false,false,false,false,false,false,false,false,false,,,,,,
730,Helion Energy,helion-energy,Summer 2014,Active,http://helionenergy.com,https://www.ycombinator.com/companies/helion-energy,yc_oss_current,false,publicly_sourced,datahive_cb_url,helion-energy,https://www.crunchbase.com/organization/helion-energy,,,0,false,false,false,false,false,false,false,false,false,false,,,,,,
1560,Helix Nanotechnologies,helix-nanotechnologies,Winter 2017,Active,http://helixnano.com,https://www.ycombinator.com/companies/helix-nanotechnologies,yc_oss_current,false,publicly_sourced,datahive_cb_url,helixnano,https://www.crunchbase.com/organization/helixnano,,,0,false,false,false,false,false,false,false,false,false,false,,,,,,
329,Hello Chair,hello-chair,Summer 2007,Inactive,http://hellochair.com,https://www.ycombinator.com/companies/hello-chair,yc_oss_current,false,publicly_sourced,datahive_cb_url,hello-chair,https://www.crunchbase.com/organization/hello-chair,,,0,false,false,false,false,false,false,false,false,false,false,,,,,,
1203,Hellobill,hellobill,Summer 2016,Inactive,http://hellobill.io,https://www.ycombinator.com/companies/hellobill,yc_oss_current,false,publicly_sourced,datahive_cb_url,hellobill,https://www.crunchbase.com/organization/hellobill,,,0,false,false,false,false,false,false,false,false,false,false,,,,,,
145,HelloSign,hellosign,Winter 2011,Acquired,https://www.hellosign.com,https://www.ycombinator.com/companies/hellosign,yc_oss_current,false,publicly_sourced,datahive_cb_url,hellosign,https://www.crunchbase.com/organization/hellosign,,,0,false,false,false,false,false,false,false,false,false,false,,,,,,
1871,Helloverify,helloverify,Winter 2018,Active,https://www.helloverify.ae,https://www.ycombinator.com/companies/helloverify,yc_oss_current,false,publicly_sourced,datahive_cb_url,helloverify,https://www.crunchbase.com/organization/helloverify,,,0,false,false,false,false,false,false,false,false,false,false,,,,,,
1642,HelpWear,helpwear,Summer 2017,Active,http://helpwear.ca/,https://www.ycombinator.com/companies/helpwear,yc_oss_current,false,publicly_sourced,datahive_cb_url,helpwear,https://www.crunchbase.com/organization/helpwear,,,0,false,false,false,false,false,false,false,false,false,false,,,,,,
22083,HENRY,henry,Summer 2020,Active,https://www.soyhenry.com/hiring-en,https://www.ycombinator.com/companies/henry,yc_oss_current,false,publicly_sourced,datahive_cb_url,henry-18a0,https://www.crunchbase.com/organization/henry-18a0,,,0,false,false,false,false,false,false,false,false,false,false,,,,,,
1931,Hepatx,hepatx,Summer 2018,Active,http://www.hepatx.com,https://www.ycombinator.com/companies/hepatx,yc_oss_current,false,publicly_sourced,datahive_cb_url,hepatx,https://www.crunchbase.com/organization/hepatx,,,0,false,false,false,false,false,false,false,false,false,false,,,,,,
26033,Heptabase,heptabase,Winter 2022,Active,https://heptabase.com/,https://www.ycombinator.com/companies/heptabase,yc_oss_current,false,publicly_sourced,datahive_cb_url,heptabase,https://www.crunchbase.com/organization/heptabase,,,0,false,false,false,false,false,false,false,false,false,false,,,,,,
946,HER,her,Summer 2015,Acquired,http://weareher.com,https://www.ycombinator.com/companies/her,yc_oss_current,false,publicly_sourced,datahive_cb_url,dattch,https://www.crunchbase.com/organization/dattch,,,0,false,false,false,false,false,false,false,false,false,false,,,,,,
884,Heroic Labs,heroic-labs,Summer 2015,Active,http://heroiclabs.com,https://www.ycombinator.com/companies/heroic-labs,yc_oss_current,false,publicly_sourced,datahive_cb_url,heroic-labs,https://www.crunchbase.com/organization/heroic-labs,,,0,false,false,false,false,false,false,false,false,false,false,,,,,,
311,Heroku,heroku,Winter 2008,Acquired,http://heroku.com,https://www.ycombinator.com/companies/heroku,yc_oss_current,false,publicly_sourced,datahive_cb_url,heroku,https://www.crunchbase.com/organization/heroku,,,0,false,false,false,false,false,false,false,false,false,false,,,,,,
22277,Heron Data,heron-data,Summer 2020,Active,https://www.herondata.io,https://www.ycombinator.com/companies/heron-data,yc_oss_current,false,publicly_sourced,datahive_cb_url,heron,https://www.crunchbase.com/organization/heron,,,0,false,false,false,false,false,false,false,false,false,false,,,,,,
29800,HeroUI,heroui,Summer 2024,Active,https://heroui.com,https://www.ycombinator.com/companies/heroui,yc_oss_current,false,publicly_sourced,datahive_cb_url,nextui,https://www.crunchbase.com/organization/nextui,,,0,false,false,false,false,false,false,false,false,false,false,,,,,,
12841,Heru,heru,Summer 2019,Active,https://www.heru.app/,https://www.ycombinator.com/companies/heru,yc_oss_current,false,publicly_sourced,datahive_cb_url,heru,https://www.crunchbase.com/organization/heru,,,0,false,false,false,false,false,false,false,false,false,false,,,,,,
1864,Hexel,hexel,Winter 2018,Inactive,https://www.onhexel.com,https://www.ycombinator.com/companies/hexel,yc_oss_current,false,publicly_sourced,datahive_cb_url,hexel,https://www.crunchbase.com/organization/hexel,,,0,false,false,false,false,false,false,false,false,false,false,,,,,,
29953,Hey Revia,hey-revia,Summer 2024,Acquired,https://heyrevia.ai,https://www.ycombinator.com/companies/hey-revia,yc_oss_current,false,publicly_sourced,datahive_cb_url,hey-revia,https://www.crunchbase.com/organization/hey-revia,,,0,false,false,false,false,false,false,false,false,false,false,,,,,,
24489,HeyCharge,heycharge,Summer 2021,Active,https://heycharge.com/,https://www.ycombinator.com/companies/heycharge,yc_oss_current,false,publicly_sourced,datahive_cb_url,heycharge,https://www.crunchbase.com/organization/heycharge,,,0,false,false,false,false,false,false,false,false,false,false,,,,,,
354,Heysan,heysan,Winter 2007,Acquired,http://heysan.com,https://www.ycombinator.com/companies/heysan,yc_oss_current,false,publicly_sourced,datahive_cb_url,heysan,https://www.crunchbase.com/organization/heysan,,,0,false,false,false,false,false,false,false,false,false,false,,,,,,
267,Heyzap,heyzap,Winter 2009,Acquired,http://heyzap.com,https://www.ycombinator.com/companies/heyzap,yc_oss_current,false,publicly_sourced,datahive_cb_url,heyzap,https://www.crunchbase.com/organization/heyzap,,,0,false,false,false,false,false,false,false,false,false,false,,,,,,
882,Hickory,hickory,Summer 2015,Inactive,http://hickorytraining.com,https://www.ycombinator.com/companies/hickory,yc_oss_current,false,publicly_sourced,datahive_cb_url,versed,https://www.crunchbase.com/organization/versed,,,0,false,false,false,false,false,false,false,false,false,false,,,,,,
769,HigherMe,higherme,Winter 2015,Acquired,http://higherme.com,https://www.ycombinator.com/companies/higherme,yc_oss_current,false,publicly_sourced,datahive_cb_url,higherme,https://www.crunchbase.com/organization/higherme,,,0,false,false,false,false,false,false,false,false,false,false,,,,,,
241,HighlightCam,highlightcam,Summer 2009,Inactive,http://highlightcam.com,https://www.ycombinator.com/companies/highlightcam,yc_oss_current,false,publicly_sourced,datahive_cb_url,highlightcam,https://www.crunchbase.com/organization/highlightcam,,,0,false,false,false,false,false,false,false,false,false,false,,,,,,
1089,Hingeto,hingeto,Winter 2016,Acquired,https://www.hingeto.com,https://www.ycombinator.com/companies/hingeto,yc_oss_current,false,publicly_sourced,datahive_cb_url,hingeto,https://www.crunchbase.com/organization/hingeto,,,0,false,false,false,false,false,false,false,false,false,false,,,,,,
1252,HiOperator,hioperator,Summer 2016,Active,http://www.hioperator.com,https://www.ycombinator.com/companies/hioperator,yc_oss_current,false,publicly_sourced,datahive_cb_url,hioperator,https://www.crunchbase.com/organization/hioperator,,,0,false,false,false,false,false,false,false,false,false,false,,,,,,
12,Hipmob,hipmob,Winter 2012,Inactive,http://hipmob.com,https://www.ycombinator.com/companies/hipmob,yc_oss_current,false,publicly_sourced,datahive_cb_url,hipmob,https://www.crunchbase.com/organization/hipmob,,,0,false,false,false,false,false,false,false,false,false,false,,,,,,
178,Hipmunk,hipmunk,Summer 2010,Acquired,http://hipmunk.com,https://www.ycombinator.com/companies/hipmunk,yc_oss_current,false,publicly_sourced,datahive_cb_url,hipmunk,https://www.crunchbase.com/organization/hipmunk,,,0,false,false,false,false,false,false,false,false,false,false,,,,,,
26190,HippoBuild,hippobuild,Winter 2022,Active,https://hippo.build,https://www.ycombinator.com/companies/hippobuild,yc_oss_current,false,publicly_sourced,datahive_cb_url,hippobuild,https://www.crunchbase.com/organization/hippobuild,,,0,false,false,false,false,false,false,false,false,false,false,,,,,,
421,Hiptype,hiptype,Summer 2012,Inactive,http://hiptype.com,https://www.ycombinator.com/companies/hiptype,yc_oss_current,false,publicly_sourced,datahive_cb_url,hiptype,https://www.crunchbase.com/organization/hiptype,,,0,false,false,false,false,false,false,false,false,false,false,,,,,,
13353,Hiration,hiration,Winter 2020,Active,https://www.hiration.com/,https://www.ycombinator.com/companies/hiration,yc_oss_current,false,publicly_sourced,datahive_cb_url,hiration,https://www.crunchbase.com/organization/hiration,,,0,false,false,false,false,false,false,false,false,false,false,,,,,,
14,HireArt,hireart,Winter 2012,Active,http://hireart.com,https://www.ycombinator.com/companies/hireart,yc_oss_current,false,publicly_sourced,datahive_cb_url,hireart,https://www.crunchbase.com/organization/hireart,,,0,false,false,false,false,false,false,false,false,false,false,,,,,,
13400,HireSweet,hiresweet,Winter 2020,Active,http://www.hiresweet.com,https://www.ycombinator.com/companies/hiresweet,yc_oss_current,false,publicly_sourced,datahive_cb_url,hiresweet,https://www.crunchbase.com/organization/hiresweet,,,0,false,false,false,false,false,false,false,false,false,false,,,,,,
1053,HistoWiz,histowiz,Winter 2016,Active,http://histowiz.com,https://www.ycombinator.com/companies/histowiz,yc_oss_current,false,publicly_sourced,datahive_cb_url,histowiz,https://www.crunchbase.com/organization/histowiz,,,0,false,false,false,false,false,false,false,false,false,false,,,,,,
714,Hive,hive,Summer 2014,Active,http://www.hive.co,https://www.ycombinator.com/companies/hive,yc_oss_current,false,publicly_sourced,datahive_cb_url,ticketlabs,https://www.crunchbase.com/organization/ticketlabs,,,0,false,false,false,false,false,false,false,false,false,false,,,,,,
1505,Hivy,hivy,Winter 2017,Acquired,https://hivyapp.com,https://www.ycombinator.com/companies/hivy,yc_oss_current,false,publicly_sourced,datahive_cb_url,hivy,https://www.crunchbase.com/organization/hivy,,,0,false,false,false,false,false,false,false,false,false,false,,,,,,
1519,Hogaru,hogaru,Winter 2017,Active,https://www.hogaru.com/,https://www.ycombinator.com/companies/hogaru,yc_oss_current,false,publicly_sourced,datahive_cb_url,hogaru,https://www.crunchbase.com/organization/hogaru,,,0,false,false,false,false,false,false,false,false,false,false,,,,,,
25606,HOKALI,hokali,Winter 2022,Active,https://www.hokali.com/,https://www.ycombinator.com/companies/hokali,yc_oss_current,false,publicly_sourced,datahive_cb_url,hokali,https://www.crunchbase.com/organization/hokali,,,0,false,false,false,false,false,false,false,false,false,false,,,,,,
22983,Homebase,homebase,Winter 2021,Active,http://www.gethomebase.com/,https://www.ycombinator.com/companies/homebase,yc_oss_current,false,publicly_sourced,datahive_cb_url,homebase-ad4c,https://www.crunchbase.com/organization/homebase-ad4c,,,0,false,false,false,false,false,false,false,false,false,false,,,,,,
191,Homejoy,homejoy,Summer 2010,Acquired,http://homejoy.com,https://www.ycombinator.com/companies/homejoy,yc_oss_current,false,publicly_sourced,datahive_cb_url,homejoy,https://www.crunchbase.com/organization/homejoy,,,0,false,false,false,false,false,false,false,false,false,false,,,,,,
25396,HomeRoom,homeroom,Winter 2022,Acquired,https://livehomeroom.com/,https://www.ycombinator.com/companies/homeroom,yc_oss_current,false,publicly_sourced,datahive_cb_url,homeroom-eecb,https://www.crunchbase.com/organization/homeroom-eecb,,,0,false,false,false,false,false,false,false,false,false,false,,,,,,
27109,HOMLI,homli,Summer 2022,Active,https://thehomli.com,https://www.ycombinator.com/companies/homli,yc_oss_current,false,publicly_sourced,datahive_cb_url,homli,https://www.crunchbase.com/organization/homli,,,0,false,false,false,false,false,false,false,false,false,false,,,,,,
27961,Hona,hona,Winter 2023,Active,https://hona.com,https://www.ycombinator.com/companies/hona,yc_oss_current,false,publicly_sourced,datahive_cb_url,milestones,https://www.crunchbase.com/organization/milestones,,,0,false,false,false,false,false,false,false,false,false,false,,,,,,
27951,Honeydew,honeydew,Winter 2023,Active,https://honeydew.ai,https://www.ycombinator.com/companies/honeydew,yc_oss_current,false,publicly_sourced,datahive_cb_url,honeydew,https://www.crunchbase.com/organization/honeydew,,,0,false,false,false,false,false,false,false,false,false,false,,,,,,
1657,Honeydue,honeydue,Summer 2017,Acquired,https://www.honeydue.com/,https://www.ycombinator.com/companies/honeydue,yc_oss_current,false,publicly_sourced,datahive_cb_url,honeydue,https://www.crunchbase.com/organization/honeydue,,,0,false,false,false,false,false,false,false,false,false,false,,,,,,
22053,Hotplate,hotplate,Summer 2020,Active,http://www.hotplate.com/,https://www.ycombinator.com/companies/hotplate,yc_oss_current,false,publicly_sourced,datahive_cb_url,hotplate,https://www.crunchbase.com/organization/hotplate,,,0,false,false,false,false,false,false,false,false,false,false,,,,,,
148,Hotspots,hotspots,Winter 2011,Acquired,http://moki.tv,https://www.ycombinator.com/companies/hotspots,yc_oss_current,false,publicly_sourced,datahive_cb_url,moki-tv,https://www.crunchbase.com/organization/moki-tv,,,0,false,false,false,false,false,false,false,false,false,false,,,,,,
23266,Houm,houm,Winter 2021,Active,https://houm.com,https://www.ycombinator.com/companies/houm,yc_oss_current,false,publicly_sourced,datahive_cb_url,arriendoasegurado-com,https://www.crunchbase.com/organization/arriendoasegurado-com,,,0,false,false,false,false,false,false,false,false,false,false,,,,,,
607,HoverChat,hoverchat,Winter 2014,Inactive,http://hoverchat.com,https://www.ycombinator.com/companies/hoverchat,yc_oss_current,false,publicly_sourced,radema_cb_url,hoverchat,https://www.crunchbase.com/organization/hoverchat,,,0,false,false,false,false,false,false,false,false,false,false,,,,,,
678,Hublo,hublo,Summer 2014,Acquired,http://hublo.com,https://www.ycombinator.com/companies/hublo,yc_oss_current,false,publicly_sourced,datahive_cb_url,hublo,https://www.crunchbase.com/organization/hublo,,,0,false,false,false,false,false,false,false,false,false,false,,,,,,
23453,HUBUC,hubuc,Winter 2021,Active,https://www.hubuc.com/,https://www.ycombinator.com/companies/hubuc,yc_oss_current,false,publicly_sourced,datahive_cb_url,hubuc,https://www.crunchbase.com/organization/hubuc,,,0,false,false,false,false,false,false,false,false,false,false,,,,,,
22784,Huddlefire,huddlefire,Winter 2021,Inactive,https://www.huddlefire.com,https://www.ycombinator.com/companies/huddlefire,yc_oss_current,false,publicly_sourced,datahive_cb_url,remix-interactive-inc,https://www.crunchbase.com/organization/remix-interactive-inc,,,0,false,false,false,false,false,false,false,false,false,false,,,,,,
22942,Hudu,hudu,Winter 2021,Active,https://hudu.com,https://www.ycombinator.com/companies/hudu,yc_oss_current,false,publicly_sourced,datahive_cb_url,hudu,https://www.crunchbase.com/organization/hudu,,,0,false,false,false,false,false,false,false,false,false,false,,,,,,
538,Hum,hum,Summer 2013,Inactive,http://letshum.com,https://www.ycombinator.com/companies/hum,yc_oss_current,false,publicly_sourced,datahive_cb_url,hum,https://www.crunchbase.com/organization/hum,,,0,false,false,false,false,false,false,false,false,false,false,,,,,,
22638,Humaans,humaans,Winter 2021,Active,https://humaans.io,https://www.ycombinator.com/companies/humaans,yc_oss_current,false,publicly_sourced,datahive_cb_url,humaans,https://www.crunchbase.com/organization/humaans,,,0,false,false,false,false,false,false,false,false,false,false,,,,,,
403,Human Dx,human-dx,Summer 2012,Active,http://humandx.org,https://www.ycombinator.com/companies/human-dx,yc_oss_current,false,publicly_sourced,datahive_cb_url,human-diagnosis-project,https://www.crunchbase.com/organization/human-diagnosis-project,,,0,false,false,false,false,false,false,false,false,false,false,,,,,,
967,Human Interest,human-interest,Summer 2015,Active,http://humaninterest.com,https://www.ycombinator.com/companies/human-interest,yc_oss_current,false,publicly_sourced,datahive_cb_url,captain401,https://www.crunchbase.com/organization/captain401,,,0,false,false,false,false,false,false,false,false,false,false,,,,,,
21894,Humanloop,humanloop,Summer 2020,Acquired,https://humanloop.com,https://www.ycombinator.com/companies/humanloop,yc_oss_current,false,publicly_sourced,datahive_cb_url,humanloop,https://www.crunchbase.com/organization/humanloop,,,0,false,false,false,false,false,false,false,false,false,false,,,,,,
152,Humble Bundle,humble-bundle,Winter 2011,Acquired,https://humble.com,https://www.ycombinator.com/companies/humble-bundle,yc_oss_current,false,publicly_sourced,datahive_cb_url,humble-bundle,https://www.crunchbase.com/organization/humble-bundle,,,0,false,false,false,false,false,false,false,false,false,false,,,,,,
1573,Humi,humi,Winter 2017,Acquired,http://www.humi.ca,https://www.ycombinator.com/companies/humi,yc_oss_current,false,publicly_sourced,datahive_cb_url,humi-hr,https://www.crunchbase.com/organization/humi-hr,,,0,false,false,false,false,false,false,false,false,false,false,,,,,,
1821,Hunter2,hunter2,Winter 2018,Acquired,https://hunter2.com,https://www.ycombinator.com/companies/hunter2,yc_oss_current,false,publicly_sourced,datahive_cb_url,hunter2,https://www.crunchbase.com/organization/hunter2,,,0,false,false,false,false,false,false,false,false,false,false,,,,,,
1219,Hush,hush,Summer 2016,Inactive,http://www.shophush.com,https://www.ycombinator.com/companies/hush,yc_oss_current,false,publicly_sourced,datahive_cb_url,hush-3,https://www.crunchbase.com/organization/hush-3,,,0,false,false,false,false,false,false,false,false,false,false,,,,,,
30064,HYBRD,hybrd,Fall 2024,Active,https://www.hybrd.com/,https://www.ycombinator.com/companies/hybrd,yc_oss_current,false,publicly_sourced,datahive_cb_url,hybrd,https://www.crunchbase.com/organization/hybrd,,,0,false,false,false,false,false,false,false,false,false,false,,,,,,
25738,Hydra,hydra,Winter 2022,Acquired,https://hydra.so,https://www.ycombinator.com/companies/hydra,yc_oss_current,false,publicly_sourced,datahive_cb_url,hydra-7681,https://www.crunchbase.com/organization/hydra-7681,,,0,false,false,false,false,false,false,false,false,false,false,,,,,,
1975,hypcloud,hypcloud,Summer 2018,Acquired,http://www.hypcloud.com,https://www.ycombinator.com/companies/hypcloud,yc_oss_current,false,publicly_sourced,datahive_cb_url,hypcloud,https://www.crunchbase.com/organization/hypcloud,,,0,false,false,false,false,false,false,false,false,false,false,,,,,,
12578,Hype and Vice,hype-and-vice,Summer 2019,Active,http://hypeandvice.com,https://www.ycombinator.com/companies/hype-and-vice,yc_oss_current,false,publicly_sourced,datahive_cb_url,hype-and-vice,https://www.crunchbase.com/organization/hype-and-vice,,,0,false,false,false,false,false,false,false,false,false,false,,,,,,
25509,Hyperbeam,hyperbeam,Winter 2022,Active,https://hyperbeam.com?ch=yc,https://www.ycombinator.com/companies/hyperbeam,yc_oss_current,false,publicly_sourced,datahive_cb_url,hyperbeam,https://www.crunchbase.com/organization/hyperbeam,,,0,false,false,false,false,false,false,false,false,false,false,,,,,,
28788,Hyperbound,hyperbound,Summer 2023,Active,https://hyperbound.ai,https://www.ycombinator.com/companies/hyperbound,yc_oss_current,false,publicly_sourced,datahive_cb_url,hyperbound-fc9e,https://www.crunchbase.com/organization/hyperbound-fc9e,,,0,false,false,false,false,false,false,false,false,false,false,,,,,,
24206,Hyperbrowser,hyperbrowser,Summer 2021,Active,https://hyperbrowser.ai,https://www.ycombinator.com/companies/hyperbrowser,yc_oss_current,false,publicly_sourced,radema_cb_url,metlo,https://www.crunchbase.com/organization/metlo,,,0,false,false,false,false,false,false,false,false,false,false,,,,,,
24150,Hypercore,hypercore,Summer 2021,Active,https://www.hypercore.ai/,https://www.ycombinator.com/companies/hypercore,yc_oss_current,false,publicly_sourced,datahive_cb_url,hypercore,https://www.crunchbase.com/organization/hypercore,,,0,false,false,false,false,false,false,false,false,false,false,,,,,,
673,Hyperpad,hyperpad,Summer 2014,Active,http://www.hyperpad.com,https://www.ycombinator.com/companies/hyperpad,yc_oss_current,false,publicly_sourced,datahive_cb_url,gamepress,https://www.crunchbase.com/organization/gamepress,,,0,false,false,false,false,false,false,false,false,false,false,,,,,,
24177,HyperTrader,hypertrader,Summer 2021,Active,https://gethypertrader.com,https://www.ycombinator.com/companies/hypertrader,yc_oss_current,false,publicly_sourced,datahive_cb_url,hyperlinq,https://www.crunchbase.com/organization/hyperlinq,,,0,false,false,false,false,false,false,false,false,false,false,,,,confirmed,https://www.crunchbase.com/organization/hyperlinq,HyperTrader name and gethypertrader.com domain match legacy HyperLinq slug
1853,Iambiq Technologies,iambiq-technologies,Winter 2018,Inactive,http://www.iambiqtech.com/,https://www.ycombinator.com/companies/iambiq-technologies,yc_oss_current,false,publicly_sourced,datahive_cb_url,iambiq,https://www.crunchbase.com/organization/iambiq,,,0,false,false,false,false,false,false,false,false,false,false,,,,,,
27911,IcePanel,icepanel,Winter 2023,Active,https://icepanel.io,https://www.ycombinator.com/companies/icepanel,yc_oss_current,false,publicly_sourced,datahive_cb_url,icepanel,https://www.crunchbase.com/organization/icepanel,,,0,false,false,false,false,false,false,false,false,false,false,,,,,,
6,iCracked,icracked,Winter 2012,Acquired,http://icracked.com,https://www.ycombinator.com/companies/icracked,yc_oss_current,false,publicly_sourced,datahive_cb_url,icracked,https://www.crunchbase.com/organization/icracked,,,0,false,false,false,false,false,false,false,false,false,false,,,,,,
330,iJigg/Top440,ijigg-top440,Summer 2007,Inactive,http://ijigg.com,https://www.ycombinator.com/companies/ijigg-top440,yc_oss_current,false,publicly_sourced,datahive_cb_url,ijigg,https://www.crunchbase.com/organization/ijigg,,,0,false,false,false,false,false,false,false,false,false,false,,,,,,
2026,iLabService,ilabservice,Summer 2018,Active,https://www.ilabservice.ai,https://www.ycombinator.com/companies/ilabservice,yc_oss_current,false,publicly_sourced,datahive_cb_url,ilabservice,https://www.crunchbase.com/organization/ilabservice,,,0,false,false,false,false,false,false,false,false,false,false,,,,,,
26806,Illuminant Surgical,illuminant-surgical,Summer 2022,Active,https://www.illuminant.ai/,https://www.ycombinator.com/companies/illuminant-surgical,yc_oss_current,false,publicly_sourced,datahive_cb_url,illuminant-surgical,https://www.crunchbase.com/organization/illuminant-surgical,,,0,false,false,false,false,false,false,false,false,false,false,,,,,,
396,Imgfave,imgfave,Summer 2012,Inactive,http://imgfave.com,https://www.ycombinator.com/companies/imgfave,yc_oss_current,false,publicly_sourced,datahive_cb_url,imgfave,https://www.crunchbase.com/organization/imgfave,,,0,false,false,false,false,false,false,false,false,false,false,,,,,,
116,Imgix,imgix,Summer 2011,Active,https://www.imgix.com,https://www.ycombinator.com/companies/imgix,yc_oss_current,false,publicly_sourced,datahive_cb_url,imgix,https://www.crunchbase.com/organization/imgix,,,0,false,false,false,false,false,false,false,false,false,false,,,,,,
647,Immunity Project,immunity-project,Winter 2014,Active,http://immunityproject.org,https://www.ycombinator.com/companies/immunity-project,yc_oss_current,false,publicly_sourced,datahive_cb_url,immunity-project,https://www.crunchbase.com/organization/immunity-project,,,0,false,false,false,false,false,false,false,false,false,false,,,,,,
1954,Impactive (formerly Outvote),impactive,Summer 2018,Acquired,https://www.impactive.io/,https://www.ycombinator.com/companies/impactive,yc_oss_current,false,publicly_sourced,datahive_cb_url,outvote,https://www.crunchbase.com/organization/outvote,,,0,false,false,false,false,false,false,false,false,false,false,,,,,,
26072,Impossible Metals,impossible-metals,Winter 2022,Active,https://impossiblemetals.com,https://www.ycombinator.com/companies/impossible-metals,yc_oss_current,false,publicly_sourced,datahive_cb_url,impossible-mining,https://www.crunchbase.com/organization/impossible-mining,,,0,false,false,false,false,false,false,false,false,false,false,,,,,,
680,Impraise,impraise,Summer 2014,Acquired,http://impraise.com,https://www.ycombinator.com/companies/impraise,yc_oss_current,false,publicly_sourced,datahive_cb_url,impraise,https://www.crunchbase.com/organization/impraise,,,0,false,false,false,false,false,false,false,false,false,false,,,,,,
696,In Your Corner,in-your-corner,Summer 2014,Inactive,http://inyourcorneronline.com,https://www.ycombinator.com/companies/in-your-corner,yc_oss_current,false,publicly_sourced,datahive_cb_url,pretty-padded-room,https://www.crunchbase.com/organization/pretty-padded-room,,,0,false,false,false,false,false,false,false,false,false,false,,,,,,
24329,inai,inai,Summer 2021,Acquired,https://www.inai.io,https://www.ycombinator.com/companies/inai,yc_oss_current,false,publicly_sourced,datahive_cb_url,inai,https://www.crunchbase.com/organization/inai,,,0,false,false,false,false,false,false,false,false,false,false,,,,,,
28019,inBuild,inbuild,Winter 2023,Active,https://www.inbuild.ai/,https://www.ycombinator.com/companies/inbuild,yc_oss_current,false,publicly_sourced,datahive_cb_url,inbuild,https://www.crunchbase.com/organization/inbuild,,,0,false,false,false,false,false,false,false,false,false,false,,,,,,
1551,Indee Labs,indee-labs,Winter 2017,Active,http://www.indeelabs.com,https://www.ycombinator.com/companies/indee-labs,yc_oss_current,false,publicly_sourced,datahive_cb_url,indee-2,https://www.crunchbase.com/organization/indee-2,,,0,false,false,false,false,false,false,false,false,false,false,,,,,,
200,inDinero,indinero,Summer 2010,Active,http://indinero.com,https://www.ycombinator.com/companies/indinero,yc_oss_current,false,publicly_sourced,datahive_cb_url,indinero,https://www.crunchbase.com/organization/indinero,,,0,false,false,false,false,false,false,false,false,false,false,,,,,,
1644,Indivio,indivio,Summer 2017,Acquired,https://www.indiv.io,https://www.ycombinator.com/companies/indivio,yc_oss_current,false,publicly_sourced,datahive_cb_url,indivio,https://www.crunchbase.com/organization/indivio,,,0,false,false,false,false,false,false,false,false,false,false,,,,,,
813,Industrial Microbes,industrial-microbes,Winter 2015,Active,http://imicrobes.com,https://www.ycombinator.com/companies/industrial-microbes,yc_oss_current,false,publicly_sourced,datahive_cb_url,industrial-microbes,https://www.crunchbase.com/organization/industrial-microbes,,,0,false,false,false,false,false,false,false,false,false,false,,,,,,
1012,Inevitable Tech,inevitable-tech,Winter 2016,Inactive,https://inevitabletech.com/,https://www.ycombinator.com/companies/inevitable-tech,yc_oss_current,false,publicly_sourced,datahive_cb_url,iron-ox,https://www.crunchbase.com/organization/iron-ox,,,0,false,false,false,false,false,false,false,false,false,false,,,,,,
21772,inFeedo AI,infeedo-ai,Summer 2020,Active,https://infeedo.ai,https://www.ycombinator.com/companies/infeedo-ai,yc_oss_current,false,publicly_sourced,datahive_cb_url,infeedo,https://www.crunchbase.com/organization/infeedo,,,0,false,false,false,false,false,false,false,false,false,false,,,,,,
13168,Infield,infield,Winter 2020,Active,https://www.infield.ai,https://www.ycombinator.com/companies/infield,yc_oss_current,false,publicly_sourced,datahive_cb_url,syndetic,https://www.crunchbase.com/organization/syndetic,,,0,false,false,false,false,false,false,false,false,false,false,,,,,,
30295,Infinite,infinite,Winter 2025,Active,https://infinite.dev,https://www.ycombinator.com/companies/infinite,yc_oss_current,false,publicly_sourced,datahive_cb_url,infinite-17a4,https://www.crunchbase.com/organization/infinite-17a4,,,0,false,false,false,false,false,false,false,false,false,false,,,,,,
27664,Infisical,infisical,Winter 2023,Active,https://infisical.com,https://www.ycombinator.com/companies/infisical,yc_oss_current,false,publicly_sourced,datahive_cb_url,infisical,https://www.crunchbase.com/organization/infisical,,,0,false,false,false,false,false,false,false,false,false,false,,,,,,
24443,Inflow,inflow,Summer 2021,Acquired,https://getinflow.io/,https://www.ycombinator.com/companies/inflow,yc_oss_current,false,publicly_sourced,datahive_cb_url,inflow-605b,https://www.crunchbase.com/organization/inflow-605b,,,0,false,false,false,false,false,false,false,false,false,false,,,,,,
490,InfluxData,influxdata,Winter 2013,Active,https://influxdata.com,https://www.ycombinator.com/companies/influxdata,yc_oss_current,false,publicly_sourced,datahive_cb_url,influxdb,https://www.crunchbase.com/organization/influxdb,,,0,false,false,false,false,false,false,false,false,false,false,,,,,,
236,Infoharmoni,infoharmoni,Winter 2010,Inactive,http://infoharmoni.com,https://www.ycombinator.com/companies/infoharmoni,yc_oss_current,false,publicly_sourced,datahive_cb_url,infoharmoni,https://www.crunchbase.com/organization/infoharmoni,,,0,false,false,false,false,false,false,false,false,false,false,,,,,,
23280,Infracost,infracost,Winter 2021,Active,https://infracost.io,https://www.ycombinator.com/companies/infracost,yc_oss_current,false,publicly_sourced,datahive_cb_url,infracost,https://www.crunchbase.com/organization/infracost,,,0,false,false,false,false,false,false,false,false,false,false,,,,,,
12274,Inito,inito,Winter 2019,Active,https://www.inito.com/,https://www.ycombinator.com/companies/inito,yc_oss_current,false,publicly_sourced,datahive_cb_url,inito,https://www.crunchbase.com/organization/inito,,,0,false,false,false,false,false,false,false,false,false,false,,,,,,
27881,Inkeep,inkeep,Winter 2023,Active,https://inkeep.com,https://www.ycombinator.com/companies/inkeep,yc_oss_current,false,publicly_sourced,datahive_cb_url,inkeep,https://www.crunchbase.com/organization/inkeep,,,0,false,false,false,false,false,false,false,false,false,false,,,,,,
366,Inkling,inkling,Winter 2006,Acquired,http://inklingmarkets.com,https://www.ycombinator.com/companies/inkling,yc_oss_current,false,publicly_sourced,datahive_cb_url,inkling,https://www.crunchbase.com/organization/inkling,,,0,false,false,false,false,false,false,false,false,false,false,,,,,,
1491,InnaMed,innamed,Winter 2017,Inactive,http://www.InnaMed.com,https://www.ycombinator.com/companies/innamed,yc_oss_current,false,publicly_sourced,datahive_cb_url,innamed,https://www.crunchbase.com/organization/innamed,,,0,false,false,false,false,false,false,false,false,false,false,,,,,,
1341,Innov8,innov8,Summer 2016,Acquired,http://www.innov8.work,https://www.ycombinator.com/companies/innov8,yc_oss_current,false,publicly_sourced,datahive_cb_url,innov8-coworking,https://www.crunchbase.com/organization/innov8-coworking,,,0,false,false,false,false,false,false,false,false,false,false,,,,,,
1011,InnoVein,innovein,Winter 2016,Inactive,http://Innoveinmedical.com,https://www.ycombinator.com/companies/innovein,yc_oss_current,false,publicly_sourced,datahive_cb_url,innovein,https://www.crunchbase.com/organization/innovein,,,0,false,false,false,false,false,false,false,false,false,false,,,,,,
1912,Inokyo,inokyo,Summer 2018,Inactive,https://www.inokyo.com,https://www.ycombinator.com/companies/inokyo,yc_oss_current,false,publicly_sourced,datahive_cb_url,inokyo,https://www.crunchbase.com/organization/inokyo,,,0,false,false,false,false,false,false,false,false,false,false,,,,,,
132,Inporia,inporia,Winter 2011,Inactive,http://inporia.com,https://www.ycombinator.com/companies/inporia,yc_oss_current,false,publicly_sourced,datahive_cb_url,inporia,https://www.crunchbase.com/organization/inporia,,,0,false,false,false,false,false,false,false,false,false,false,,,,,,
1917,Inscribe,inscribe,Summer 2018,Active,https://www.inscribe.ai/,https://www.ycombinator.com/companies/inscribe,yc_oss_current,false,publicly_sourced,datahive_cb_url,inscribe,https://www.crunchbase.com/organization/inscribe,,,0,false,false,false,false,false,false,false,false,false,false,,,,,,
11937,Insight,insight,Winter 2019,Acquired,https://www.insightbrowser.com,https://www.ycombinator.com/companies/insight,yc_oss_current,false,publicly_sourced,datahive_cb_url,lumos-6f11,https://www.crunchbase.com/organization/lumos-6f11,,,0,false,false,false,false,false,false,false,false,false,false,,,,,,
155,Insight Data Science,insight-data-science,Winter 2011,Inactive,http://insightdatascience.com,https://www.ycombinator.com/companies/insight-data-science,yc_oss_current,false,publicly_sourced,datahive_cb_url,insight-data-science,https://www.crunchbase.com/organization/insight-data-science,,,0,false,false,false,false,false,false,false,false,false,false,,,,,,
321,Insoshi,insoshi,Winter 2008,Inactive,http://insoshi.com,https://www.ycombinator.com/companies/insoshi,yc_oss_current,false,publicly_sourced,datahive_cb_url,insoshi,https://www.crunchbase.com/organization/insoshi,,,0,false,false,false,false,false,false,false,false,false,false,,,,,,
468,Instacart,instacart,Summer 2012,Public,https://www.instacart.com,https://www.ycombinator.com/companies/instacart,yc_oss_current,false,publicly_sourced,datahive_cb_url,instacart,https://www.crunchbase.com/organization/instacart,,,0,false,false,false,false,false,false,false,false,false,false,,,,,,
24079,Instacrops,instacrops,Summer 2021,Active,https://www.instacrops.com,https://www.ycombinator.com/companies/instacrops,yc_oss_current,false,publicly_sourced,datahive_cb_url,instacrops,https://www.crunchbase.com/organization/instacrops,,,0,false,false,false,false,false,false,false,false,false,false,,,,,,
264,Instantq,instantq,Summer 2009,Inactive,http://instantq.com,https://www.ycombinator.com/companies/instantq,yc_oss_current,false,publicly_sourced,datahive_cb_url,instantq,https://www.crunchbase.com/organization/instantq,,,0,false,false,false,false,false,false,false,false,false,false,,,,,,
146,Instapainting,instapainting,Winter 2011,Active,http://instapainting.com,https://www.ycombinator.com/companies/instapainting,yc_oss_current,false,publicly_sourced,datahive_cb_url,instapainting-com,https://www.crunchbase.com/organization/instapainting-com,,,0,false,false,false,false,false,false,false,false,false,false,,,,,,
12077,Instapath Inc.,instapath-inc,Winter 2019,Active,http://instapathbio.com,https://www.ycombinator.com/companies/instapath-inc,yc_oss_current,false,publicly_sourced,datahive_cb_url,instapath-inc,https://www.crunchbase.com/organization/instapath-inc,,,0,false,false,false,false,false,false,false,false,false,false,,,,,,
963,Instawork,instawork,Summer 2015,Active,http://instawork.com,https://www.ycombinator.com/companies/instawork,yc_oss_current,false,publicly_sourced,datahive_cb_url,instawork,https://www.crunchbase.com/organization/instawork,,,0,false,false,false,false,false,false,false,false,false,false,,,,,,
1224,Instrumentl,instrumentl,Summer 2016,Active,https://www.instrumentl.com,https://www.ycombinator.com/companies/instrumentl,yc_oss_current,false,publicly_sourced,datahive_cb_url,instrumentl,https://www.crunchbase.com/organization/instrumentl,,,0,false,false,false,false,false,false,false,false,false,false,,,,,,
12056,Intact Therapeutics,intact-therapeutics,Winter 2019,Active,http://www.intacttherapeutics.com,https://www.ycombinator.com/companies/intact-therapeutics,yc_oss_current,false,publicly_sourced,datahive_cb_url,intact-therapeutics,https://www.crunchbase.com/organization/intact-therapeutics,,,0,false,false,false,false,false,false,false,false,false,false,,,,,,
27261,Integrated Reasoning,integrated-reasoning,Summer 2022,Active,https://integrated-reasoning.com,https://www.ycombinator.com/companies/integrated-reasoning,yc_oss_current,false,publicly_sourced,datahive_cb_url,integrated-reasoning,https://www.crunchbase.com/organization/integrated-reasoning,,,0,false,false,false,false,false,false,false,false,false,false,,,,,,
26738,Integration Labs,integration-labs,Summer 2022,Inactive,https://www.integrationlabs.co,https://www.ycombinator.com/companies/integration-labs,yc_oss_current,false,publicly_sourced,datahive_cb_url,clear-money,https://www.crunchbase.com/organization/clear-money,,,0,false,false,false,false,false,false,false,false,false,false,,,,,,
29498,Integuru,integuru,Winter 2024,Active,https://www.integuru.com,https://www.ycombinator.com/companies/integuru,yc_oss_current,false,publicly_sourced,radema_cb_url,taiki-acec,https://www.crunchbase.com/organization/taiki-acec,,,0,false,false,false,false,false,false,false,false,false,false,,,,,,
24353,Intellect,intellect,Summer 2021,Active,https://intellect.co,https://www.ycombinator.com/companies/intellect,yc_oss_current,false,publicly_sourced,datahive_cb_url,intellect-co,https://www.crunchbase.com/organization/intellect-co,,,0,false,false,false,false,false,false,false,false,false,false,,,,,,
11925,Intelline,intelline,Winter 2019,Active,https://www.intelline.ca/,https://www.ycombinator.com/companies/intelline,yc_oss_current,false,publicly_sourced,datahive_cb_url,intelline,https://www.crunchbase.com/organization/intelline,,,0,false,false,false,false,false,false,false,false,false,false,,,,,,
30789,Interfere,interfere,Summer 2025,Active,https://interfere.com,https://www.ycombinator.com/companies/interfere,yc_oss_current,false,publicly_sourced,datahive_cb_url,interfere,https://www.crunchbase.com/organization/interfere,,,0,false,false,false,false,false,false,false,false,false,false,,,,,,
11938,InterPrime,interprime,Winter 2019,Acquired,https://www.interprime.co/,https://www.ycombinator.com/companies/interprime,yc_oss_current,false,publicly_sourced,datahive_cb_url,interprime,https://www.crunchbase.com/organization/interprime,,,0,false,false,false,false,false,false,false,false,false,false,,,,,,
1039,Interstate Analytics,interstate-analytics,Winter 2016,Inactive,http://interstateanalytics.com,https://www.ycombinator.com/companies/interstate-analytics,yc_oss_current,false,publicly_sourced,datahive_cb_url,interstate-analytics,https://www.crunchbase.com/organization/interstate-analytics,,,0,false,false,false,false,false,false,false,false,false,false,,,,,,
930,Interviewed,interviewed,Summer 2015,Acquired,http://interviewed.com,https://www.ycombinator.com/companies/interviewed,yc_oss_current,false,publicly_sourced,datahive_cb_url,interviewed,https://www.crunchbase.com/organization/interviewed,,,0,false,false,false,false,false,false,false,false,false,false,,,,,,
27255,Intuned,intuned,Summer 2022,Active,https://intunedhq.com,https://www.ycombinator.com/companies/intuned,yc_oss_current,false,publicly_sourced,datahive_cb_url,metrics-shop,https://www.crunchbase.com/organization/metrics-shop,,,0,false,false,false,false,false,false,false,false,false,false,,,,,,
23819,Inversion Space,inversion-space,Summer 2021,Active,https://www.inversionspace.com/,https://www.ycombinator.com/companies/inversion-space,yc_oss_current,false,publicly_sourced,datahive_cb_url,inversion-space,https://www.crunchbase.com/organization/inversion-space,,,0,false,false,false,false,false,false,false,false,false,false,,,,,,
22944,Invoid,invoid,Winter 2021,Inactive,https://www.invoid.co/,https://www.ycombinator.com/companies/invoid,yc_oss_current,false,publicly_sourced,datahive_cb_url,invoid,https://www.crunchbase.com/organization/invoid,,,0,false,false,false,false,false,false,false,false,false,false,,,,,,
28079,Invopop,invopop,Winter 2023,Active,https://www.invopop.com/,https://www.ycombinator.com/companies/invopop,yc_oss_current,false,publicly_sourced,datahive_cb_url,invopop,https://www.crunchbase.com/organization/invopop,,,0,false,false,false,false,false,false,false,false,false,false,,,,,,
25634,IOMETE,iomete,Winter 2022,Active,https://www.iomete.com/,https://www.ycombinator.com/companies/iomete,yc_oss_current,false,publicly_sourced,datahive_cb_url,iomete,https://www.crunchbase.com/organization/iomete,,,0,false,false,false,false,false,false,false,false,false,false,,,,,,
25914,IoTFlows Inc,iotflows-inc,Winter 2022,Active,https://www.iotflows.com/,https://www.ycombinator.com/companies/iotflows-inc,yc_oss_current,false,publicly_sourced,datahive_cb_url,iotflows-inc,https://www.crunchbase.com/organization/iotflows-inc,,,0,false,false,false,false,false,false,false,false,false,false,,,,,,
1221,Iris Automation,iris-automation,Summer 2016,Acquired,http://www.irisonboard.com,https://www.ycombinator.com/companies/iris-automation,yc_oss_current,false,publicly_sourced,datahive_cb_url,iris-automation-inc,https://www.crunchbase.com/organization/iris-automation-inc,,,0,false,false,false,false,false,false,false,false,false,false,,,,,,
866,Ironclad,ironclad,Summer 2015,Active,http://ironcladapp.com,https://www.ycombinator.com/companies/ironclad,yc_oss_current,false,publicly_sourced,datahive_cb_url,ironclad,https://www.crunchbase.com/organization/ironclad,,,0,false,false,false,false,false,false,false,false,false,false,,,,,,
988,iSono Health,isono-health,Winter 2016,Active,http://www.isonohealth.com,https://www.ycombinator.com/companies/isono-health,yc_oss_current,false,publicly_sourced,datahive_cb_url,isono-health,https://www.crunchbase.com/organization/isono-health,,,0,false,false,false,false,false,false,false,false,false,false,,,,,,
24266,Ivella,ivella,Summer 2021,Inactive,https://www.ivella.com/,https://www.ycombinator.com/companies/ivella,yc_oss_current,false,publicly_sourced,datahive_cb_url,ivella,https://www.crunchbase.com/organization/ivella,,,0,false,false,false,false,false,false,false,false,false,false,,,,,,
24164,Ivy Homes,ivy-homes,Summer 2021,Active,https://ivy.homes,https://www.ycombinator.com/companies/ivy-homes,yc_oss_current,false,publicly_sourced,datahive_cb_url,ivy-homes,https://www.crunchbase.com/organization/ivy-homes,,,0,false,false,false,false,false,false,false,false,false,false,,,,,,
1943,Ixora,ixora,Summer 2018,Inactive,http://www.ixora.org,https://www.ycombinator.com/companies/ixora,yc_oss_current,false,publicly_sourced,datahive_cb_url,ixora,https://www.crunchbase.com/organization/ixora,,,0,false,false,false,false,false,false,false,false,false,false,,,,,,
22007,Jam.gg (formerly Piepacker),jam-gg,Summer 2020,Inactive,https://jam.gg/,https://www.ycombinator.com/companies/jam-gg,yc_oss_current,false,publicly_sourced,datahive_cb_url,piepacker,https://www.crunchbase.com/organization/piepacker,,,0,false,false,false,false,false,false,false,false,false,false,,,,,,
25949,Jamsocket,jamsocket,Winter 2022,Acquired,https://jamsocket.com,https://www.ycombinator.com/companies/jamsocket,yc_oss_current,false,publicly_sourced,datahive_cb_url,jamsocket,https://www.crunchbase.com/organization/jamsocket,,,0,false,false,false,false,false,false,false,false,false,false,,,,,,
1734,Jasper.ai,jasper-ai,Winter 2018,Active,https://jasper.ai,https://www.ycombinator.com/companies/jasper-ai,yc_oss_current,false,publicly_sourced,datahive_cb_url,jasper-da51,https://www.crunchbase.com/organization/jasper-da51,,,0,false,false,false,false,false,false,false,false,false,false,,,,,,
21815,Jeevam Health,jeevam-health,Summer 2020,Inactive,https://www.jeevamhealth.com/,https://www.ycombinator.com/companies/jeevam-health,yc_oss_current,false,publicly_sourced,datahive_cb_url,jeevam-health,https://www.crunchbase.com/organization/jeevam-health,,,0,false,false,false,false,false,false,false,false,false,false,,,,,,
1720,Jellyfish Art,jellyfish-art,Winter 2012,Inactive,http://jellyfishart.com,https://www.ycombinator.com/companies/jellyfish-art,yc_oss_current,false,publicly_sourced,datahive_cb_url,jellyfish-art,https://www.crunchbase.com/organization/jellyfish-art,,,0,false,false,false,false,false,false,false,false,false,false,,,,,,
13627,Jenfi,jenfi,Winter 2020,Active,http://jenfi.com/,https://www.ycombinator.com/companies/jenfi,yc_oss_current,false,publicly_sourced,datahive_cb_url,jenfi,https://www.crunchbase.com/organization/jenfi,,,0,false,false,false,false,false,false,false,false,false,false,,,,,,
1576,Jerry,jerry-inc,Summer 2017,Active,https://jerry.ai/,https://www.ycombinator.com/companies/jerry-inc,yc_oss_current,false,publicly_sourced,datahive_cb_url,jerry-3,https://www.crunchbase.com/organization/jerry-3,,,0,false,false,false,false,false,false,false,false,false,false,,,,,,
23973,Jestor,jestor,Summer 2021,Active,https://jestor.com,https://www.ycombinator.com/companies/jestor,yc_oss_current,false,publicly_sourced,datahive_cb_url,jestor,https://www.crunchbase.com/organization/jestor,,,0,false,false,false,false,false,false,false,false,false,false,,,,,,
12084,JetPack Aviation,jetpack-aviation,Winter 2019,Active,http://www.jetpackaviation.com,https://www.ycombinator.com/companies/jetpack-aviation,yc_oss_current,false,publicly_sourced,datahive_cb_url,jetpack-aviation,https://www.crunchbase.com/organization/jetpack-aviation,,,0,false,false,false,false,false,false,false,false,false,false,,,,,,
917,jEugene,jeugene,Summer 2015,Inactive,https://www.jeugene.com,https://www.ycombinator.com/companies/jeugene,yc_oss_current,false,publicly_sourced,datahive_cb_url,jeugene,https://www.crunchbase.com/organization/jeugene,,,0,false,false,false,false,false,false,false,false,false,false,,,,,,
1858,Jido Maps,jido-maps,Winter 2018,Acquired,https://jidomaps.com/,https://www.ycombinator.com/companies/jido-maps,yc_oss_current,false,publicly_sourced,datahive_cb_url,jido-maps,https://www.crunchbase.com/organization/jido-maps,,,0,false,false,false,false,false,false,false,false,false,false,,,,,,
23440,Jiga,jiga,Winter 2021,Active,https://jiga.io,https://www.ycombinator.com/companies/jiga,yc_oss_current,false,publicly_sourced,radema_cb_url,jiga-inc,https://www.crunchbase.com/organization/jiga-inc,,,0,false,false,false,false,false,false,false,false,false,false,,,,,,
285,Job Alchemist,job-alchemist,Summer 2008,Inactive,http://jobalchemist.com,https://www.ycombinator.com/companies/job-alchemist,yc_oss_current,false,publicly_sourced,datahive_cb_url,jobalchemist,https://www.crunchbase.com/organization/jobalchemist,,,0,false,false,false,false,false,false,false,false,false,false,,,,,,
322,Joberator,joberator,Winter 2008,Inactive,http://joberator.com,https://www.ycombinator.com/companies/joberator,yc_oss_current,false,publicly_sourced,datahive_cb_url,joberator,https://www.crunchbase.com/organization/joberator,,,0,false,false,false,false,false,false,false,false,false,false,,,,,,
247,Jobspice,jobspice,Summer 2009,Inactive,http://jobspice.com,https://www.ycombinator.com/companies/jobspice,yc_oss_current,false,publicly_sourced,datahive_cb_url,jobspice,https://www.crunchbase.com/organization/jobspice,,,0,false,false,false,false,false,false,false,false,false,false,,,,,,
25823,Joe,joe,Winter 2022,Acquired,http://www.joe-app.com/en,https://www.ycombinator.com/companies/joe,yc_oss_current,false,publicly_sourced,datahive_cb_url,joe,https://www.crunchbase.com/organization/joe,,,0,false,false,false,false,false,false,false,false,false,false,,,,,,
25907,Joon Health,joon-health,Winter 2022,Active,https://joonhealth.co,https://www.ycombinator.com/companies/joon-health,yc_oss_current,false,publicly_sourced,datahive_cb_url,joon-motivate-your-kids,https://www.crunchbase.com/organization/joon-motivate-your-kids,,,0,false,false,false,false,false,false,false,false,false,false,,,,,,
867,Jopwell,jopwell,Summer 2015,Acquired,http://jopwell.com,https://www.ycombinator.com/companies/jopwell,yc_oss_current,false,publicly_sourced,datahive_cb_url,jopwell,https://www.crunchbase.com/organization/jopwell,,,0,false,false,false,false,false,false,false,false,false,false,,,,,,
24205,Jovian,jovian,Summer 2021,Active,https://www.jovian.com,https://www.ycombinator.com/companies/jovian,yc_oss_current,false,publicly_sourced,radema_cb_url,jovian,https://www.crunchbase.com/organization/jovian,,,0,false,false,false,false,false,false,false,false,false,false,,,,,,
1200,Joy,joy,Summer 2016,Active,http://withjoy.com,https://www.ycombinator.com/companies/joy,yc_oss_current,false,publicly_sourced,datahive_cb_url,joytheapp,https://www.crunchbase.com/organization/joytheapp,,,0,false,false,false,false,false,false,false,false,false,false,,,,,,
1340,Jumpcut,jumpcut,Summer 2016,Active,http://www.jumpcut.com,https://www.ycombinator.com/companies/jumpcut,yc_oss_current,false,publicly_sourced,datahive_cb_url,jumpcut-studios,https://www.crunchbase.com/organization/jumpcut-studios,,,0,false,false,false,false,false,false,false,false,false,false,,,,,,
23970,Jupe,jupe,Summer 2021,Inactive,http://www.jupe.com,https://www.ycombinator.com/companies/jupe,yc_oss_current,false,publicly_sourced,datahive_cb_url,jupe,https://www.crunchbase.com/organization/jupe,,,0,false,false,false,false,false,false,false,false,false,false,,,,,,
1693,Just Appraised,just-appraised,Summer 2017,Active,https://www.justappraised.com,https://www.ycombinator.com/companies/just-appraised,yc_oss_current,false,publicly_sourced,datahive_cb_url,just-appraised,https://www.crunchbase.com/organization/just-appraised,,,0,false,false,false,false,false,false,false,false,false,false,,,,,,
21963,Justo,justo,Summer 2020,Active,https://www.getjusto.com,https://www.ycombinator.com/companies/justo,yc_oss_current,false,publicly_sourced,datahive_cb_url,get-justo,https://www.crunchbase.com/organization/get-justo,,,0,false,false,false,false,false,false,false,false,false,false,,,,,,
289,JustSpotted,justspotted,Summer 2008,Acquired,http://justspotted.com,https://www.ycombinator.com/companies/justspotted,yc_oss_current,false,publicly_sourced,datahive_cb_url,justspotted,https://www.crunchbase.com/organization/justspotted,,,0,false,false,false,false,false,false,false,false,false,false,,,,,,
25689,Kaagaz,kaagaz,Winter 2022,Active,https://kaagaz.app,https://www.ycombinator.com/companies/kaagaz,yc_oss_current,false,publicly_sourced,datahive_cb_url,kaagaz-scanner,https://www.crunchbase.com/organization/kaagaz-scanner,,,0,false,false,false,false,false,false,false,false,false,false,,,,,,
25644,Kable,kable,Winter 2022,Inactive,https://kable.io,https://www.ycombinator.com/companies/kable,yc_oss_current,false,publicly_sourced,datahive_cb_url,kable-3b17,https://www.crunchbase.com/organization/kable-3b17,,,0,false,false,false,false,false,false,false,false,false,false,,,,,,
24426,KaiPod Learning,kaipod-learning,Summer 2021,Active,http://www.kaipodlearning.com,https://www.ycombinator.com/companies/kaipod-learning,yc_oss_current,false,publicly_sourced,datahive_cb_url,kaipod-learning,https://www.crunchbase.com/organization/kaipod-learning,,,0,false,false,false,false,false,false,false,false,false,false,,,,,,
11943,Kalshi,kalshi,Winter 2019,Active,https://www.kalshi.com,https://www.ycombinator.com/companies/kalshi,yc_oss_current,false,publicly_sourced,datahive_cb_url,kalshi,https://www.crunchbase.com/organization/kalshi,,,0,false,false,false,false,false,false,false,false,false,false,,,,,,
393,Kamcord,kamcord,Summer 2012,Acquired,http://kamcord.com,https://www.ycombinator.com/companies/kamcord,yc_oss_current,false,publicly_sourced,datahive_cb_url,kamcord,https://www.crunchbase.com/organization/kamcord,,,0,false,false,false,false,false,false,false,false,false,false,,,,,,
23635,Kanda,kanda,Winter 2021,Active,https://www.getkanda.com/,https://www.ycombinator.com/companies/kanda,yc_oss_current,false,publicly_sourced,datahive_cb_url,kanda-742f,https://www.crunchbase.com/organization/kanda-742f,,,0,false,false,false,false,false,false,false,false,false,false,,,,,,
25304,Kapital Bank,kapital-bank,Winter 2022,Active,https://www.kapital.mx,https://www.ycombinator.com/companies/kapital-bank,yc_oss_current,false,publicly_sourced,datahive_cb_url,kapital-smartbank,https://www.crunchbase.com/organization/kapital-smartbank,,,0,false,false,false,false,false,false,false,false,false,false,,,,,,
24006,Karbon Card,karbon-card,Summer 2021,Active,https://www.karboncard.com/,https://www.ycombinator.com/companies/karbon-card,yc_oss_current,false,publicly_sourced,datahive_cb_url,karbon-card,https://www.crunchbase.com/organization/karbon-card,,,0,false,false,false,false,false,false,false,false,false,false,,,,,,
682,Kash,kash,Summer 2014,Acquired,http://withkash.com,https://www.ycombinator.com/companies/kash,yc_oss_current,false,publicly_sourced,datahive_cb_url,kash-2,https://www.crunchbase.com/organization/kash-2,,,0,false,false,false,false,false,false,false,false,false,false,,,,,,
30402,Kashikoi,kashikoi,Spring 2025,Active,https://www.getkashikoi.com,https://www.ycombinator.com/companies/kashikoi,yc_oss_current,false,publicly_sourced,datahive_cb_url,kashikoi,https://www.crunchbase.com/organization/kashikoi,,,0,false,false,false,false,false,false,false,false,false,false,,,,,,
27205,Kashin,kashin,Summer 2022,Active,https://kashin.app/,https://www.ycombinator.com/companies/kashin,yc_oss_current,false,publicly_sourced,datahive_cb_url,kashin,https://www.crunchbase.com/organization/kashin,,,0,false,false,false,false,false,false,false,false,false,false,,,,,,
25419,Kaso,kaso,Winter 2022,Active,https://www.kaso.ai,https://www.ycombinator.com/companies/kaso,yc_oss_current,false,publicly_sourced,datahive_cb_url,elkaso,https://www.crunchbase.com/organization/elkaso,,,0,false,false,false,false,false,false,false,false,false,false,,,,,,
29715,Kastle,kastle,Summer 2024,Active,https://kastle.ai/,https://www.ycombinator.com/companies/kastle,yc_oss_current,false,publicly_sourced,datahive_cb_url,kastle,https://www.crunchbase.com/organization/kastle,,,0,false,false,false,false,false,false,false,false,false,false,,,,confirmed,https://www.crunchbase.com/organization/kastle,Name and kastle.ai domain match
11940,Keeper,keeper-2,Winter 2019,Active,https://keepertax.com,https://www.ycombinator.com/companies/keeper-2,yc_oss_current,false,publicly_sourced,datahive_cb_url,keeper-tax,https://www.crunchbase.com/organization/keeper-tax,,,0,false,false,false,false,false,false,false,false,false,false,,,,,,
1243,Kenota (formerly ExVivo Labs),kenota,Summer 2016,Inactive,https://kenota.com/,https://www.ycombinator.com/companies/kenota,yc_oss_current,false,publicly_sourced,datahive_cb_url,exvivo-labs,https://www.crunchbase.com/organization/exvivo-labs,,,0,false,false,false,false,false,false,false,false,false,false,,,,,,
21881,Kernal Biologics,kernal-biologics,Summer 2020,Active,https://www.kernalbio.com/,https://www.ycombinator.com/companies/kernal-biologics,yc_oss_current,false,publicly_sourced,datahive_cb_url,kernal-biologics,https://www.crunchbase.com/organization/kernal-biologics,,,0,false,false,false,false,false,false,false,false,false,false,,,,,,
1750,Key Values,key-values,Winter 2018,Active,https://www.keyvalues.com,https://www.ycombinator.com/companies/key-values,yc_oss_current,false,publicly_sourced,datahive_cb_url,key-values,https://www.crunchbase.com/organization/key-values,,,0,false,false,false,false,false,false,false,false,false,false,,,,,,
431,Keychain Logistics,keychain-logistics,Summer 2012,Inactive,http://keychainlogistics.com,https://www.ycombinator.com/companies/keychain-logistics,yc_oss_current,false,publicly_sourced,datahive_cb_url,keychain-logistics,https://www.crunchbase.com/organization/keychain-logistics,,,0,false,false,false,false,false,false,false,false,false,false,,,,,,
30056,Keye,keye,Fall 2024,Active,https://www.keye.co,https://www.ycombinator.com/companies/keye,yc_oss_current,false,publicly_sourced,datahive_cb_url,keye,https://www.crunchbase.com/organization/keye,,,0,false,false,false,false,false,false,false,false,false,false,,,,,,
12246,Keynua,keynua,Winter 2019,Active,https://www.keynua.com,https://www.ycombinator.com/companies/keynua,yc_oss_current,false,publicly_sourced,datahive_cb_url,keynua,https://www.crunchbase.com/organization/keynua,,,0,false,false,false,false,false,false,false,false,false,false,,,,,,
24207,Keyri,keyri,Summer 2021,Acquired,https://keyri.com/,https://www.ycombinator.com/companies/keyri,yc_oss_current,false,publicly_sourced,datahive_cb_url,keyri,https://www.crunchbase.com/organization/keyri,,,0,false,false,false,false,false,false,false,false,false,false,,,,,,
29270,Keystroke,keystroke,Winter 2024,Active,http://keystroke.ai,https://www.ycombinator.com/companies/keystroke,yc_oss_current,false,publicly_sourced,datahive_cb_url,buster-3f14,https://www.crunchbase.com/organization/buster-3f14,,,0,false,false,false,false,false,false,false,false,false,false,,,,,,
12740,Khabri,khabri,Summer 2019,Inactive,https://khabri.app/,https://www.ycombinator.com/companies/khabri,yc_oss_current,false,publicly_sourced,datahive_cb_url,khabri,https://www.crunchbase.com/organization/khabri,,,0,false,false,false,false,false,false,false,false,false,false,,,,,,
2007,Khatabook,khatabook,Summer 2018,Active,https://khatabook.com/,https://www.ycombinator.com/companies/khatabook,yc_oss_current,false,publicly_sourced,datahive_cb_url,khatabook,https://www.crunchbase.com/organization/khatabook,,,0,false,false,false,false,false,false,false,false,false,false,,,,,,
28978,Khoj,khoj,Summer 2023,Active,https://khoj.dev/,https://www.ycombinator.com/companies/khoj,yc_oss_current,false,publicly_sourced,datahive_cb_url,khoj,https://www.crunchbase.com/organization/khoj,,,0,false,false,false,false,false,false,false,false,false,false,,,,,,
772,Kickpay,kickpay,Winter 2015,Inactive,https://kickpay.com,https://www.ycombinator.com/companies/kickpay,yc_oss_current,false,publicly_sourced,datahive_cb_url,kickpay,https://www.crunchbase.com/organization/kickpay,,,0,false,false,false,false,false,false,false,false,false,false,,,,,,
111,Kicksend,kicksend,Summer 2011,Inactive,http://kicksend.com,https://www.ycombinator.com/companies/kicksend,yc_oss_current,false,publicly_sourced,datahive_cb_url,kicksend,https://www.crunchbase.com/organization/kicksend,,,0,false,false,false,false,false,false,false,false,false,false,,,,,,
1549,KidPass,kidpass,Winter 2017,Acquired,https://kidpass.com,https://www.ycombinator.com/companies/kidpass,yc_oss_current,false,publicly_sourced,datahive_cb_url,kidpass,https://www.crunchbase.com/organization/kidpass,,,0,false,false,false,false,false,false,false,false,false,false,,,,,,
378,Kiko,kiko,Summer 2005,Acquired,http://kiko.com,https://www.ycombinator.com/companies/kiko,yc_oss_current,false,publicly_sourced,datahive_cb_url,kiko,https://www.crunchbase.com/organization/kiko,,,0,false,false,false,false,false,false,false,false,false,false,,,,,,
598,Kimono Labs,kimono-labs,Winter 2014,Acquired,http://kimonolabs.com,https://www.ycombinator.com/companies/kimono-labs,yc_oss_current,false,publicly_sourced,radema_cb_url,kimono,https://www.crunchbase.com/organization/kimono,,,0,false,false,false,false,false,false,false,false,false,false,,,,,,
2033,Kinside,kinside,Summer 2018,Acquired,https://www.kinside.com,https://www.ycombinator.com/companies/kinside,yc_oss_current,false,publicly_sourced,datahive_cb_url,kinside,https://www.crunchbase.com/organization/kinside,,,0,false,false,false,false,false,false,false,false,false,false,,,,,,
13265,Kinter,kinter,Winter 2020,Active,https://kinter.ai,https://www.ycombinator.com/companies/kinter,yc_oss_current,false,publicly_sourced,datahive_cb_url,alloy-automation,https://www.crunchbase.com/organization/alloy-automation,,,0,false,false,false,false,false,false,false,false,false,false,,,,,,
1099,Kip Health,kip-health,Winter 2016,Acquired,https://www.hellokip.com/,https://www.ycombinator.com/companies/kip-health,yc_oss_current,false,publicly_sourced,datahive_cb_url,kip-labs,https://www.crunchbase.com/organization/kip-labs,,,0,false,false,false,false,false,false,false,false,false,false,,,,,,
422,Kippt,kippt,Summer 2012,Inactive,http://kippt.com,https://www.ycombinator.com/companies/kippt,yc_oss_current,false,publicly_sourced,datahive_cb_url,kippt,https://www.crunchbase.com/organization/kippt,,,0,false,false,false,false,false,false,false,false,false,false,,,,,,
1066,Kisan Network,kisan-network,Winter 2016,Inactive,https://www.kisannetwork.com,https://www.ycombinator.com/companies/kisan-network,yc_oss_current,false,publicly_sourced,datahive_cb_url,kisan-network,https://www.crunchbase.com/organization/kisan-network,,,0,false,false,false,false,false,false,false,false,false,false,,,,,,
23290,Kitemaker,kitemaker,Winter 2021,Acquired,https://kitemaker.co,https://www.ycombinator.com/companies/kitemaker,yc_oss_current,false,publicly_sourced,datahive_cb_url,kitemaker,https://www.crunchbase.com/organization/kitemaker,,,0,false,false,false,false,false,false,false,false,false,false,,,,,,
565,Kivo,kivo,Summer 2013,Inactive,http://kivo.com,https://www.ycombinator.com/companies/kivo,yc_oss_current,false,publicly_sourced,datahive_cb_url,kivo,https://www.crunchbase.com/organization/kivo,,,0,false,false,false,false,false,false,false,false,false,false,,,,,,
27858,Kivo Health,kivo-health,Winter 2023,Active,https://kivohealth.com,https://www.ycombinator.com/companies/kivo-health,yc_oss_current,false,publicly_sourced,datahive_cb_url,kivo-health,https://www.crunchbase.com/organization/kivo-health,,,0,false,false,false,false,false,false,false,false,false,false,,,,,,
955,Klarismo,klarismo,Summer 2015,Inactive,http://klarismo.com,https://www.ycombinator.com/companies/klarismo,yc_oss_current,false,publicly_sourced,datahive_cb_url,klarismo,https://www.crunchbase.com/organization/klarismo,,,0,false,false,false,false,false,false,false,false,false,false,,,,,,
388,Knowmia,knowmia,Summer 2012,Acquired,http://knowmia.com,https://www.ycombinator.com/companies/knowmia,yc_oss_current,false,publicly_sourced,datahive_cb_url,knowmia,https://www.crunchbase.com/organization/knowmia,,,0,false,false,false,false,false,false,false,false,false,false,,,,,,
27185,Knowtex,knowtex,Summer 2022,Active,http://www.knowtex.ai/,https://www.ycombinator.com/companies/knowtex,yc_oss_current,false,publicly_sourced,datahive_cb_url,knowtex,https://www.crunchbase.com/organization/knowtex,,,0,false,false,false,false,false,false,false,false,false,false,,,,,,
25417,Koala,koala,Winter 2022,Active,https://www.teachwithkoala.com,https://www.ycombinator.com/companies/koala,yc_oss_current,false,publicly_sourced,datahive_cb_url,einstein-studios,https://www.crunchbase.com/organization/einstein-studios,,,0,false,false,false,false,false,false,false,false,false,false,,,,,,
2009,Kobo360,kobo360,Summer 2018,Inactive,http://www.kobo360.com,https://www.ycombinator.com/companies/kobo360,yc_oss_current,false,publicly_sourced,datahive_cb_url,kobo360,https://www.crunchbase.com/organization/kobo360,,,0,false,false,false,false,false,false,false,false,false,false,,,,,,
211,Koduco,koduco,Summer 2010,Inactive,http://koduco.com,https://www.ycombinator.com/companies/koduco,yc_oss_current,false,publicly_sourced,datahive_cb_url,koduco,https://www.crunchbase.com/organization/koduco,,,0,false,false,false,false,false,false,false,false,false,false,,,,,,
27050,Kombo,kombo,Summer 2022,Active,https://kombo.dev,https://www.ycombinator.com/companies/kombo,yc_oss_current,false,publicly_sourced,datahive_cb_url,kombo-9d88,https://www.crunchbase.com/organization/kombo-9d88,,,0,false,false,false,false,false,false,false,false,false,false,,,,,,
24162,Konta.com,konta-com,Summer 2021,Active,http://konta.com/,https://www.ycombinator.com/companies/konta-com,yc_oss_current,false,publicly_sourced,datahive_cb_url,buho-contable,https://www.crunchbase.com/organization/buho-contable,,,0,false,false,false,false,false,false,false,false,false,false,,,,,,
29820,Kontigo,kontigo,Summer 2024,Active,https://kontigo.lat/,https://www.ycombinator.com/companies/kontigo,yc_oss_current,false,publicly_sourced,datahive_cb_url,kontigo-inc,https://www.crunchbase.com/organization/kontigo-inc,,,0,false,false,false,false,false,false,false,false,false,false,,,,,,
11941,Kopa,kopa,Winter 2019,Inactive,https://www.kopa.co,https://www.ycombinator.com/companies/kopa,yc_oss_current,false,publicly_sourced,datahive_cb_url,kopa,https://www.crunchbase.com/organization/kopa,,,0,false,false,false,false,false,false,false,false,false,false,,,,,,
26138,KorrAI,korrai,Winter 2022,Active,https://www.korrai.com,https://www.ycombinator.com/companies/korrai,yc_oss_current,false,publicly_sourced,datahive_cb_url,korrai,https://www.crunchbase.com/organization/korrai,,,0,false,false,false,false,false,false,false,false,false,false,,,,,,
24041,Koshex,koshex,Summer 2021,Active,https://www.koshex.com,https://www.ycombinator.com/companies/koshex,yc_oss_current,false,publicly_sourced,datahive_cb_url,koshex,https://www.crunchbase.com/organization/koshex,,,0,false,false,false,false,false,false,false,false,false,false,,,,,,
12244,Kovi,kovi,Winter 2019,Acquired,https://www.kovi.com.br,https://www.ycombinator.com/companies/kovi,yc_oss_current,false,publicly_sourced,datahive_cb_url,kovi,https://www.crunchbase.com/organization/kovi,,,0,false,false,false,false,false,false,false,false,false,false,,,,,,
27953,Koywe,koywe,Winter 2023,Active,https://koywe.com,https://www.ycombinator.com/companies/koywe,yc_oss_current,false,publicly_sourced,datahive_cb_url,koywe,https://www.crunchbase.com/organization/koywe,,,0,false,false,false,false,false,false,false,false,false,false,,,,,,
12550,Kraftful,kraftful,Summer 2019,Acquired,http://www.kraftful.com/,https://www.ycombinator.com/companies/kraftful,yc_oss_current,false,publicly_sourced,datahive_cb_url,kraftful,https://www.crunchbase.com/organization/kraftful,,,0,false,false,false,false,false,false,false,false,false,false,,,,,,
27161,Krave Mart,krave-mart,Summer 2022,Active,https://www.kravemart.com,https://www.ycombinator.com/companies/krave-mart,yc_oss_current,false,publicly_sourced,datahive_cb_url,krave-mart,https://www.crunchbase.com/organization/krave-mart,,,0,false,false,false,false,false,false,false,false,false,false,,,,,,
22857,Kredi,kredi,Winter 2021,Active,https://www.kredi.mx/,https://www.ycombinator.com/companies/kredi,yc_oss_current,false,publicly_sourced,datahive_cb_url,kredi,https://www.crunchbase.com/organization/kredi,,,0,false,false,false,false,false,false,false,false,false,false,,,,,,
12640,KubeSail,kubesail,Summer 2019,Active,https://kubesail.com,https://www.ycombinator.com/companies/kubesail,yc_oss_current,false,publicly_sourced,datahive_cb_url,kubesail,https://www.crunchbase.com/organization/kubesail,,,0,false,false,false,false,false,false,false,false,false,false,,,,,,
2037,Kunduz,kunduz,Summer 2018,Active,https://kunduz.com/,https://www.ycombinator.com/companies/kunduz,yc_oss_current,false,publicly_sourced,datahive_cb_url,kunduz,https://www.crunchbase.com/organization/kunduz,,,0,false,false,false,false,false,false,false,false,false,false,,,,,,
24415,Kurios,kurios,Summer 2021,Active,https://www.kurios.la/,https://www.ycombinator.com/companies/kurios,yc_oss_current,false,publicly_sourced,datahive_cb_url,kurios-technologies,https://www.crunchbase.com/organization/kurios-technologies,,,0,false,false,false,false,false,false,false,false,false,false,,,,,,
28218,Kyber,kyber,Winter 2023,Active,https://askkyber.com,https://www.ycombinator.com/companies/kyber,yc_oss_current,false,publicly_sourced,datahive_cb_url,kyber,https://www.crunchbase.com/organization/kyber,,,0,false,false,false,false,false,false,false,false,false,false,,,,,,
868,L.,l,Summer 2015,Acquired,http://thisisL.com,https://www.ycombinator.com/companies/l,yc_oss_current,false,publicly_sourced,datahive_cb_url,l-international,https://www.crunchbase.com/organization/l-international,,,0,false,false,false,false,false,false,false,false,false,false,,,,,,
773,Labdoor,labdoor,Winter 2015,Active,https://labdoor.com,https://www.ycombinator.com/companies/labdoor,yc_oss_current,false,publicly_sourced,datahive_cb_url,labdoor,https://www.crunchbase.com/organization/labdoor,,,0,false,false,false,false,false,false,false,false,false,false,,,,,,
1945,LabelFlow,labelflow,Summer 2018,Inactive,https://labelflow.ai/,https://www.ycombinator.com/companies/labelflow,yc_oss_current,false,publicly_sourced,datahive_cb_url,labelflow,https://www.crunchbase.com/organization/labelflow,,,0,false,false,false,false,false,false,false,false,false,false,,,,,,
12875,LAIKA,laika,Summer 2019,Active,https://laika.com.co/,https://www.ycombinator.com/companies/laika,yc_oss_current,false,publicly_sourced,datahive_cb_url,laika,https://www.crunchbase.com/organization/laika,,,0,false,false,false,false,false,false,false,false,false,false,,,,,,
1881,Lambda Tea,lambda-tea,Winter 2018,Inactive,http://lambdatea.com,https://www.ycombinator.com/companies/lambda-tea,yc_oss_current,false,publicly_sourced,datahive_cb_url,lambda-tea,https://www.crunchbase.com/organization/lambda-tea,,,0,false,false,false,false,false,false,false,false,false,false,,,,,,
30115,Laminar,laminar-com,Fall 2024,Active,https://laminar.com,https://www.ycombinator.com/companies/laminar-com,yc_oss_current,false,publicly_sourced,datahive_cb_url,sre-ai,https://www.crunchbase.com/organization/sre-ai,,,0,false,false,false,false,false,false,false,false,false,false,,,,,,
1054,Landed,landed,Winter 2016,Acquired,http://www.landed.com,https://www.ycombinator.com/companies/landed,yc_oss_current,false,publicly_sourced,datahive_cb_url,landed,https://www.crunchbase.com/organization/landed,,,0,false,false,false,false,false,false,false,false,false,false,,,,,,
165,Lanyrd,lanyrd,Winter 2011,Acquired,http://lanyrd.com,https://www.ycombinator.com/companies/lanyrd,yc_oss_current,false,publicly_sourced,datahive_cb_url,lanyrd,https://www.crunchbase.com/organization/lanyrd,,,0,false,false,false,false,false,false,false,false,false,false,,,,,,
24459,lapzo,lapzo,Summer 2021,Active,https://www.lapzo.com,https://www.ycombinator.com/companies/lapzo,yc_oss_current,false,publicly_sourced,datahive_cb_url,lernit,https://www.crunchbase.com/organization/lernit,,,0,false,false,false,false,false,false,false,false,false,false,,,,,,
12276,Latchel,latchel,Winter 2019,Active,http://latchel.com,https://www.ycombinator.com/companies/latchel,yc_oss_current,false,publicly_sourced,datahive_cb_url,latchel,https://www.crunchbase.com/organization/latchel,,,0,false,false,false,false,false,false,false,false,false,false,,,,,,
973,Lattice,lattice,Winter 2016,Active,https://lattice.com,https://www.ycombinator.com/companies/lattice,yc_oss_current,false,publicly_sourced,datahive_cb_url,lattice-2,https://www.crunchbase.com/organization/lattice-2,,,0,false,false,false,false,false,false,false,false,false,false,,,,,,
115,Launchpad Toys,launchpad-toys,Summer 2011,Acquired,http://launchpadtoys.com,https://www.ycombinator.com/companies/launchpad-toys,yc_oss_current,false,publicly_sourced,datahive_cb_url,launchpad-toys,https://www.crunchbase.com/organization/launchpad-toys,,,0,false,false,false,false,false,false,false,false,false,false,,,,,,
484,Lawdingo,lawdingo,Winter 2013,Active,http://lawdingo.com,https://www.ycombinator.com/companies/lawdingo,yc_oss_current,false,publicly_sourced,datahive_cb_url,lawdingo,https://www.crunchbase.com/organization/lawdingo,,,0,false,false,false,false,false,false,false,false,false,false,,,,,,
684,Lawn Love,lawn-love,Summer 2014,Acquired,https://lawnlove.com,https://www.ycombinator.com/companies/lawn-love,yc_oss_current,false,publicly_sourced,datahive_cb_url,lawn-love,https://www.crunchbase.com/organization/lawn-love,,,0,false,false,false,false,false,false,false,false,false,false,,,,,,
1816,Lawyaw,lawyaw,Winter 2018,Acquired,http://www.lawyaw.com,https://www.ycombinator.com/companies/lawyaw,yc_oss_current,false,publicly_sourced,datahive_cb_url,lawyaw,https://www.crunchbase.com/organization/lawyaw,,,0,false,false,false,false,false,false,false,false,false,false,,,,,,
543,Layer By Layer,layer-by-layer,Summer 2013,Acquired,http://layerbylayer.com,https://www.ycombinator.com/companies/layer-by-layer,yc_oss_current,false,publicly_sourced,datahive_cb_url,layer-by-layer,https://www.crunchbase.com/organization/layer-by-layer,,,0,false,false,false,false,false,false,false,false,false,false,,,,,,
26505,Layerup,layerup,Summer 2022,Active,https://www.uselayerup.com/,https://www.ycombinator.com/companies/layerup,yc_oss_current,false,publicly_sourced,datahive_cb_url,daofront,https://www.crunchbase.com/organization/daofront,,,0,false,false,false,false,false,false,false,false,false,false,,,,,,
22082,Laylo,laylo,Summer 2020,Active,https://laylo.com,https://www.ycombinator.com/companies/laylo,yc_oss_current,false,publicly_sourced,datahive_cb_url,laylo,https://www.crunchbase.com/organization/laylo,,,0,false,false,false,false,false,false,false,false,false,false,,,,,,
544,Le Tote,le-tote,Summer 2013,Inactive,http://letote.com,https://www.ycombinator.com/companies/le-tote,yc_oss_current,false,publicly_sourced,datahive_cb_url,le-tote,https://www.crunchbase.com/organization/le-tote,,,0,false,false,false,false,false,false,false,false,false,false,,,,,,
918,Leada,leada,Summer 2015,Inactive,http://www.teamleada.com,https://www.ycombinator.com/companies/leada,yc_oss_current,false,publicly_sourced,datahive_cb_url,leada,https://www.crunchbase.com/organization/leada,,,0,false,false,false,false,false,false,false,false,false,false,,,,,,
865,Leaders In Tech,leaders-in-tech,Summer 2015,Active,http://leadersintech.org,https://www.ycombinator.com/companies/leaders-in-tech,yc_oss_current,false,publicly_sourced,datahive_cb_url,innerspace-2,https://www.crunchbase.com/organization/innerspace-2,,,0,false,false,false,false,false,false,false,false,false,false,,,,,,
105,LeadGenius,leadgenius,Summer 2011,Active,http://leadgenius.com,https://www.ycombinator.com/companies/leadgenius,yc_oss_current,false,publicly_sourced,datahive_cb_url,mobileworks,https://www.crunchbase.com/organization/mobileworks,,,0,false,false,false,false,false,false,false,false,false,false,,,,,,
11979,LEAH Labs,leah-labs,Winter 2019,Active,http://www.leahlabs.com,https://www.ycombinator.com/companies/leah-labs,yc_oss_current,false,publicly_sourced,datahive_cb_url,leah-labs,https://www.crunchbase.com/organization/leah-labs,,,0,false,false,false,false,false,false,false,false,false,false,,,,,,
120,Leaky,leaky,Summer 2011,Inactive,http://leaky.com,https://www.ycombinator.com/companies/leaky,yc_oss_current,false,publicly_sourced,datahive_cb_url,leaky,https://www.crunchbase.com/organization/leaky,,,0,false,false,false,false,false,false,false,false,false,false,,,,,,
392,LeanMarket,leanmarket,Summer 2012,Inactive,http://lean.com,https://www.ycombinator.com/companies/leanmarket,yc_oss_current,false,publicly_sourced,datahive_cb_url,leanmarket,https://www.crunchbase.com/organization/leanmarket,,,0,false,false,false,false,false,false,false,false,false,false,,,,,,
1464,Ledger Investing,ledger-investing,Winter 2017,Active,https://ledgerinvesting.com/,https://www.ycombinator.com/companies/ledger-investing,yc_oss_current,false,publicly_sourced,datahive_cb_url,ledger-investing,https://www.crunchbase.com/organization/ledger-investing,,,0,false,false,false,false,false,false,false,false,false,false,,,,,,
29702,LedgerUp,ledgerup,Summer 2024,Active,https://ledgerup.ai/,https://www.ycombinator.com/companies/ledgerup,yc_oss_current,false,publicly_sourced,datahive_cb_url,ledgerup,https://www.crunchbase.com/organization/ledgerup,,,0,false,false,false,false,false,false,false,false,false,false,,,,,,
2017,Leena AI,leena-ai,Summer 2018,Active,https://www.leena.ai,https://www.ycombinator.com/companies/leena-ai,yc_oss_current,false,publicly_sourced,datahive_cb_url,leena-ai,https://www.crunchbase.com/organization/leena-ai,,,0,false,false,false,false,false,false,false,false,false,false,,,,,,
29656,Leeroo,leeroo,Spring 2025,Active,https://www.leeroo.com/,https://www.ycombinator.com/companies/leeroo,yc_oss_current,false,publicly_sourced,datahive_cb_url,leeroo,https://www.crunchbase.com/organization/leeroo,,,0,false,false,false,false,false,false,false,false,false,false,,,,,,
194,Leftronic,leftronic,Summer 2010,Acquired,http://leftronic.com,https://www.ycombinator.com/companies/leftronic,yc_oss_current,false,publicly_sourced,datahive_cb_url,leftronic,https://www.crunchbase.com/organization/leftronic,,,0,false,false,false,false,false,false,false,false,false,false,,,,,,
12554,Legacy,legacy,Summer 2019,Active,https://www.givelegacy.com,https://www.ycombinator.com/companies/legacy,yc_oss_current,false,publicly_sourced,datahive_cb_url,legacy,https://www.crunchbase.com/organization/legacy,,,0,false,false,false,false,false,false,false,false,false,false,,,,,,
1249,Legalist,legalist,Summer 2016,Active,https://www.legalist.com,https://www.ycombinator.com/companies/legalist,yc_oss_current,false,publicly_sourced,datahive_cb_url,legalist,https://www.crunchbase.com/organization/legalist,,,0,false,false,false,false,false,false,false,false,false,false,,,,,,
23946,Legion Health,legion-health,Summer 2021,Active,https://legionhealth.com,https://www.ycombinator.com/companies/legion-health,yc_oss_current,false,publicly_sourced,datahive_cb_url,legion-health,https://www.crunchbase.com/organization/legion-health,,,0,false,false,false,false,false,false,false,false,false,false,,,,,,
1013,LendEDU,lendedu,Winter 2016,Acquired,https://lendedu.com,https://www.ycombinator.com/companies/lendedu,yc_oss_current,false,publicly_sourced,datahive_cb_url,shoptutors,https://www.crunchbase.com/organization/shoptutors,,,0,false,false,false,false,false,false,false,false,false,false,,,,,,
22833,Lendflow,lendflow,Winter 2021,Active,https://lendflow.com,https://www.ycombinator.com/companies/lendflow,yc_oss_current,false,publicly_sourced,datahive_cb_url,lendflow,https://www.crunchbase.com/organization/lendflow,,,0,false,false,false,false,false,false,false,false,false,false,,,,,,
1303,Lendsnap,lendsnap,Summer 2016,Inactive,https://openfpga.ai/,https://www.ycombinator.com/companies/lendsnap,yc_oss_current,false,publicly_sourced,datahive_cb_url,lendsnap-inc,https://www.crunchbase.com/organization/lendsnap-inc,,,0,false,false,false,false,false,false,false,false,false,false,,,,,,
41,LendUp,lendup,Winter 2012,Inactive,http://lendup.com,https://www.ycombinator.com/companies/lendup,yc_oss_current,false,publicly_sourced,datahive_cb_url,lendup,https://www.crunchbase.com/organization/lendup,,,0,false,false,false,false,false,false,false,false,false,false,,,,,,
1595,Leon & George,leon-and-george,Summer 2017,Active,https://www.leonandgeorge.com,https://www.ycombinator.com/companies/leon-and-george,yc_oss_current,false,publicly_sourced,datahive_cb_url,leon-george,https://www.crunchbase.com/organization/leon-george,,,0,false,false,false,false,false,false,false,false,false,false,,,,,,
1805,Let's Do This,let-s-do-this,Winter 2018,Active,https://www.letsdothis.com/,https://www.ycombinator.com/companies/let-s-do-this,yc_oss_current,false,publicly_sourced,datahive_cb_url,let-s-do-this,https://www.crunchbase.com/organization/let-s-do-this,,,0,false,false,false,false,false,false,false,false,false,false,,,,,,
29160,Letterbook,letterbook,Summer 2023,Active,https://www.letterbook.ai/,https://www.ycombinator.com/companies/letterbook,yc_oss_current,false,publicly_sourced,datahive_cb_url,martin-bb22,https://www.crunchbase.com/organization/martin-bb22,,,0,false,false,false,false,false,false,false,false,false,false,,,,,,
13104,Letterdrop,letterdrop,Winter 2020,Active,https://letterdrop.com,https://www.ycombinator.com/companies/letterdrop,yc_oss_current,false,publicly_sourced,datahive_cb_url,letterdrop,https://www.crunchbase.com/organization/letterdrop,,,0,false,false,false,false,false,false,false,false,false,false,,,,,,
815,Level Frames,level-frames,Winter 2015,Active,http://levelframes.com,https://www.ycombinator.com/companies/level-frames,yc_oss_current,false,publicly_sourced,datahive_cb_url,level-4,https://www.crunchbase.com/organization/level-4,,,0,false,false,false,false,false,false,false,false,false,false,,,,,,
429,Lever,lever,Summer 2012,Acquired,https://www.lever.co/,https://www.ycombinator.com/companies/lever,yc_oss_current,false,publicly_sourced,datahive_cb_url,lever,https://www.crunchbase.com/organization/lever,,,0,false,false,false,false,false,false,false,false,false,false,,,,,,
25538,Lexter.ai,lexter-ai,Winter 2022,Active,https://www.lexter.ai,https://www.ycombinator.com/companies/lexter-ai,yc_oss_current,false,publicly_sourced,datahive_cb_url,lexter-ai,https://www.crunchbase.com/organization/lexter-ai,,,0,false,false,false,false,false,false,false,false,false,false,,,,,,
25287,LifeAt,lifeat,Winter 2022,Active,https://lifeat.com,https://www.ycombinator.com/companies/lifeat,yc_oss_current,false,publicly_sourced,datahive_cb_url,lifeat,https://www.crunchbase.com/organization/lifeat,,,0,false,false,false,false,false,false,false,false,false,false,,,,,,
612,Liftigniter,liftigniter,Winter 2014,Acquired,http://liftigniter.com/,https://www.ycombinator.com/companies/liftigniter,yc_oss_current,false,publicly_sourced,datahive_cb_url,liftigniter,https://www.crunchbase.com/organization/liftigniter,,,0,false,false,false,false,false,false,false,false,false,false,,,,,,
466,Light Table/Eve,light-table-eve,Summer 2012,Inactive,http://kodowa.com,https://www.ycombinator.com/companies/light-table-eve,yc_oss_current,false,publicly_sourced,datahive_cb_url,lighttable,https://www.crunchbase.com/organization/lighttable,,,0,false,false,false,false,false,false,false,false,false,false,,,,,,
24879,Lightly,lightly,Summer 2021,Active,https://lightly.ai/,https://www.ycombinator.com/companies/lightly,yc_oss_current,false,publicly_sourced,datahive_cb_url,mirage,https://www.crunchbase.com/organization/mirage,,,0,false,false,false,false,false,false,false,false,false,false,,,,,,
25557,Lightmeter,lightmeter,Winter 2022,Active,https://lightmeter.io,https://www.ycombinator.com/companies/lightmeter,yc_oss_current,false,publicly_sourced,datahive_cb_url,lightmeter,https://www.crunchbase.com/organization/lightmeter,,,0,false,false,false,false,false,false,false,false,false,false,,,,,,
364,Likebetter,likebetter,Summer 2006,Inactive,http://likebetter.com,https://www.ycombinator.com/companies/likebetter,yc_oss_current,false,publicly_sourced,datahive_cb_url,likebetter-com,https://www.crunchbase.com/organization/likebetter-com,,,0,false,false,false,false,false,false,false,false,false,false,,,,,,
29787,Lilac Labs,lilac-labs,Summer 2024,Inactive,https://www.drive-thru.ai/,https://www.ycombinator.com/companies/lilac-labs,yc_oss_current,false,publicly_sourced,datahive_cb_url,lilac-labs,https://www.crunchbase.com/organization/lilac-labs,,,0,false,false,false,false,false,false,false,false,false,false,,,,,,
12700,LineLeap,lineleap,Summer 2019,Active,https://www.lineleap.com/,https://www.ycombinator.com/companies/lineleap,yc_oss_current,false,publicly_sourced,datahive_cb_url,lineleap,https://www.crunchbase.com/organization/lineleap,,,0,false,false,false,false,false,false,false,false,false,false,,,,,,
259,Lingt,lingt,Summer 2009,Active,https://www.lingt.com/,https://www.ycombinator.com/companies/lingt,yc_oss_current,false,publicly_sourced,datahive_cb_url,lingt,https://www.crunchbase.com/organization/lingt,,,0,false,false,false,false,false,false,false,false,false,false,,,,,,
13497,Linkana,linkana,Winter 2020,Active,https://www.linkana.com,https://www.ycombinator.com/companies/linkana,yc_oss_current,false,publicly_sourced,datahive_cb_url,linkana,https://www.crunchbase.com/organization/linkana,,,0,false,false,false,false,false,false,false,false,false,false,,,,,,
28824,Lio (formerly askLio),lio,Summer 2023,Active,https://www.lio.ai,https://www.ycombinator.com/companies/lio,yc_oss_current,false,publicly_sourced,datahive_cb_url,ask-lio-ai,https://www.crunchbase.com/organization/ask-lio-ai,,,0,false,false,false,false,false,false,false,false,false,false,,,,,,
239,Listia,listia,Summer 2009,Active,http://listia.com,https://www.ycombinator.com/companies/listia,yc_oss_current,false,publicly_sourced,datahive_cb_url,listia,https://www.crunchbase.com/organization/listia,,,0,false,false,false,false,false,false,false,false,false,false,,,,,,
685,ListRunner,listrunner,Summer 2014,Acquired,http://listrunnerapp.com,https://www.ycombinator.com/companies/listrunner,yc_oss_current,false,publicly_sourced,datahive_cb_url,listrunner,https://www.crunchbase.com/organization/listrunner,,,0,false,false,false,false,false,false,false,false,false,false,,,,,,
1460,LitHit,lithit,Winter 2017,Inactive,http://lithit.com,https://www.ycombinator.com/companies/lithit,yc_oss_current,false,publicly_sourced,datahive_cb_url,lithit,https://www.crunchbase.com/organization/lithit,,,0,false,false,false,false,false,false,false,false,false,false,,,,,,
24558,Litnerd,litnerd,Summer 2021,Active,https://litnerd.com/,https://www.ycombinator.com/companies/litnerd,yc_oss_current,false,publicly_sourced,datahive_cb_url,litnerd,https://www.crunchbase.com/organization/litnerd,,,0,false,false,false,false,false,false,false,false,false,false,,,,,,
28090,Littio,littio,Winter 2023,Active,https://www.littio.co/,https://www.ycombinator.com/companies/littio,yc_oss_current,false,publicly_sourced,datahive_cb_url,littio-08b1,https://www.crunchbase.com/organization/littio-08b1,,,0,false,false,false,false,false,false,false,false,false,false,,,,,,
24925,Liv Labs,liv-labs-inc,Summer 2021,Active,http://www.livlabsfitness.com,https://www.ycombinator.com/companies/liv-labs-inc,yc_oss_current,false,publicly_sourced,datahive_cb_url,liv-labs,https://www.crunchbase.com/organization/liv-labs,,,0,false,false,false,false,false,false,false,false,false,false,,,,,,
22906,LiveFlow,liveflow,Winter 2021,Active,https://www.liveflow.com,https://www.ycombinator.com/companies/liveflow,yc_oss_current,false,publicly_sourced,datahive_cb_url,liveflow,https://www.crunchbase.com/organization/liveflow,,,0,false,false,false,false,false,false,false,false,false,false,,,,,,
1210,Livement,livement,Summer 2016,Active,https://boletomovil.com,https://www.ycombinator.com/companies/livement,yc_oss_current,false,publicly_sourced,datahive_cb_url,livement,https://www.crunchbase.com/organization/livement,,,0,false,false,false,false,false,false,false,false,false,false,,,,,,
26294,Lizza,lizza,Winter 2022,Active,https://lizza.link,https://www.ycombinator.com/companies/lizza,yc_oss_current,false,publicly_sourced,datahive_cb_url,melloon,https://www.crunchbase.com/organization/melloon,,,0,false,false,false,false,false,false,false,false,false,false,,,,,,
552,Lob,lob,Summer 2013,Active,http://lob.com,https://www.ycombinator.com/companies/lob,yc_oss_current,false,publicly_sourced,datahive_cb_url,lob,https://www.crunchbase.com/organization/lob,,,0,false,false,false,false,false,false,false,false,false,false,,,,,,
24190,Locale,locale,Summer 2021,Active,https://www.shoplocale.com,https://www.ycombinator.com/companies/locale,yc_oss_current,false,publicly_sourced,datahive_cb_url,locale-8116,https://www.crunchbase.com/organization/locale-8116,,,0,false,false,false,false,false,false,false,false,false,false,,,,,,
545,LocalOn,localon,Summer 2013,Inactive,http://localon.com,https://www.ycombinator.com/companies/localon,yc_oss_current,false,publicly_sourced,datahive_cb_url,localon,https://www.crunchbase.com/organization/localon,,,0,false,false,false,false,false,false,false,false,false,false,,,,,,
12626,Localyze,localyze,Summer 2019,Acquired,https://www.localyze.com,https://www.ycombinator.com/companies/localyze,yc_oss_current,false,publicly_sourced,datahive_cb_url,localyze,https://www.crunchbase.com/organization/localyze,,,0,false,false,false,false,false,false,false,false,false,false,,,,,,
920,Locent,locent,Summer 2015,Inactive,http://locent.com,https://www.ycombinator.com/companies/locent,yc_oss_current,false,publicly_sourced,datahive_cb_url,locent,https://www.crunchbase.com/organization/locent,,,0,false,false,false,false,false,false,false,false,false,false,,,,,,
250,Lockitron,lockitron,Summer 2009,Acquired,http://lockitron.com,https://www.ycombinator.com/companies/lockitron,yc_oss_current,false,publicly_sourced,datahive_cb_url,apigy,https://www.crunchbase.com/organization/apigy,,,0,false,false,false,false,false,false,false,false,false,false,,,,,,
509,Logiblock,logiblock,Winter 2013,Inactive,http://logiblock.com,https://www.ycombinator.com/companies/logiblock,yc_oss_current,false,publicly_sourced,datahive_cb_url,logiblock,https://www.crunchbase.com/organization/logiblock,,,0,false,false,false,false,false,false,false,false,false,false,,,,,,
492,Lollipuff,lollipuff,Winter 2013,Active,http://lollipuff.com,https://www.ycombinator.com/companies/lollipuff,yc_oss_current,false,publicly_sourced,datahive_cb_url,lollipuff,https://www.crunchbase.com/organization/lollipuff,,,0,false,false,false,false,false,false,false,false,false,false,,,,,,
1584,Long Term Stock Exchange,long-term-stock-exchange,Summer 2017,Active,http://ltse.com,https://www.ycombinator.com/companies/long-term-stock-exchange,yc_oss_current,false,publicly_sourced,datahive_cb_url,long-term-stock-exchange,https://www.crunchbase.com/organization/long-term-stock-exchange,,,0,false,false,false,false,false,false,false,false,false,false,,,,,,
1874,Look After My Bills,look-after-my-bills,Winter 2018,Acquired,http://www.lookaftermybills.com,https://www.ycombinator.com/companies/look-after-my-bills,yc_oss_current,false,publicly_sourced,datahive_cb_url,look-after-my-bills,https://www.crunchbase.com/organization/look-after-my-bills,,,0,false,false,false,false,false,false,false,false,false,false,,,,,,
1227,Looklive,looklive,Summer 2016,Inactive,https://www.looklive.com/,https://www.ycombinator.com/companies/looklive,yc_oss_current,false,publicly_sourced,datahive_cb_url,looklive,https://www.crunchbase.com/organization/looklive,,,0,false,false,false,false,false,false,false,false,false,false,,,,,,
54,Loom,loom,Winter 2012,Acquired,http://loom.com,https://www.ycombinator.com/companies/loom,yc_oss_current,false,publicly_sourced,datahive_cb_url,loom,https://www.crunchbase.com/organization/loom,,,0,false,false,false,false,false,false,false,false,false,false,,,,,,
1000,Loop Genomics,loop-genomics,Winter 2016,Acquired,http://www.loopgenomics.com/,https://www.ycombinator.com/companies/loop-genomics,yc_oss_current,false,publicly_sourced,datahive_cb_url,loop-genomics,https://www.crunchbase.com/organization/loop-genomics,,,0,false,false,false,false,false,false,false,false,false,false,,,,,,
1450,Loop Support,loop-support,Winter 2017,Acquired,https://www.loopsupport.com/,https://www.ycombinator.com/companies/loop-support,yc_oss_current,false,publicly_sourced,datahive_cb_url,loop-support,https://www.crunchbase.com/organization/loop-support,,,0,false,false,false,false,false,false,false,false,false,false,,,,,,
27817,loopfour,loopfour,Winter 2023,Active,https://www.loopfour.com,https://www.ycombinator.com/companies/loopfour,yc_oss_current,false,publicly_sourced,datahive_cb_url,justpaid-0e67,https://www.crunchbase.com/organization/justpaid-0e67,,,0,false,false,false,false,false,false,false,false,false,false,,,,,,
373,Loopt,loopt,Summer 2005,Acquired,http://loopt.com,https://www.ycombinator.com/companies/loopt,yc_oss_current,false,publicly_sourced,datahive_cb_url,loopt,https://www.crunchbase.com/organization/loopt,,,0,false,false,false,false,false,false,false,false,false,false,,,,,,
1670,LotusPay,lotuspay,Summer 2017,Acquired,http://www.lotuspay.com,https://www.ycombinator.com/companies/lotuspay,yc_oss_current,false,publicly_sourced,datahive_cb_url,lotuspay,https://www.crunchbase.com/organization/lotuspay,,,0,false,false,false,false,false,false,false,false,false,false,,,,,,
25724,Lovage,lovage,Winter 2022,Active,https://getlovage.com,https://www.ycombinator.com/companies/lovage,yc_oss_current,false,publicly_sourced,datahive_cb_url,lovage-labs,https://www.crunchbase.com/organization/lovage-labs,,,0,false,false,false,false,false,false,false,false,false,false,,,,,,
22566,Lovd,lovd,Winter 2021,Inactive,http://www.lovd.com,https://www.ycombinator.com/companies/lovd,yc_oss_current,false,publicly_sourced,datahive_cb_url,chums,https://www.crunchbase.com/organization/chums,,,0,false,false,false,false,false,false,false,false,false,false,,,,,,
1902,Lowkey,lowkey,Summer 2018,Acquired,https://lowkey.gg,https://www.ycombinator.com/companies/lowkey,yc_oss_current,false,publicly_sourced,datahive_cb_url,lowkey-2a15,https://www.crunchbase.com/organization/lowkey-2a15,,,0,false,false,false,false,false,false,false,false,false,false,,,,,,
28129,Luca,luca,Winter 2023,Inactive,https://www.askluca.com/,https://www.ycombinator.com/companies/luca,yc_oss_current,false,publicly_sourced,datahive_cb_url,luca-d9f8,https://www.crunchbase.com/organization/luca-d9f8,,,0,false,false,false,false,false,false,false,false,false,false,,,,,,
12597,Lucid Bots,lucid-bots,Summer 2019,Active,https://lucidbots.com/,https://www.ycombinator.com/companies/lucid-bots,yc_oss_current,false,publicly_sourced,datahive_cb_url,lucid-drone-technologies,https://www.crunchbase.com/organization/lucid-drone-technologies,,,0,false,false,false,false,false,false,false,false,false,false,,,,,,
1038,Luciq (formerly Instabug),luciq,Winter 2016,Active,https://luciq.ai,https://www.ycombinator.com/companies/luciq,yc_oss_current,false,publicly_sourced,datahive_cb_url,instabug,https://www.crunchbase.com/organization/instabug,,,0,false,false,false,false,false,false,false,false,false,false,,,,,,
805,Lucira Health,lucira-health,Winter 2015,Public,https://www.lucirahealth.com/,https://www.ycombinator.com/companies/lucira-health,yc_oss_current,false,publicly_sourced,datahive_cb_url,diassess,https://www.crunchbase.com/organization/diassess,,,0,false,false,false,false,false,false,false,false,false,false,,,,,,
861,Lugg,lugg,Summer 2015,Active,http://lugg.com,https://www.ycombinator.com/companies/lugg,yc_oss_current,false,publicly_sourced,datahive_cb_url,lugg,https://www.crunchbase.com/organization/lugg,,,0,false,false,false,false,false,false,false,false,false,false,,,,,,
845,Lully,lully,Winter 2015,Inactive,https://www.lullysleep.com/,https://www.ycombinator.com/companies/lully,yc_oss_current,false,publicly_sourced,datahive_cb_url,lully,https://www.crunchbase.com/organization/lully,,,0,false,false,false,false,false,false,false,false,false,false,,,,,,
27697,Lume,lume-2,Winter 2023,Acquired,https://www.lume.ai,https://www.ycombinator.com/companies/lume-2,yc_oss_current,false,publicly_sourced,datahive_cb_url,lume-ee1a,https://www.crunchbase.com/organization/lume-ee1a,,,0,false,false,false,false,false,false,false,false,false,false,,,,,,
855,Lumi,lumi,Winter 2015,Acquired,https://www.lumi.com,https://www.ycombinator.com/companies/lumi,yc_oss_current,false,publicly_sourced,datahive_cb_url,lumi,https://www.crunchbase.com/organization/lumi,,,0,false,false,false,false,false,false,false,false,false,false,,,,,,
25311,Lumina,lumina,Winter 2022,Active,https://www.lumibot.com,https://www.ycombinator.com/companies/lumina,yc_oss_current,false,publicly_sourced,datahive_cb_url,lumina-6a60,https://www.crunchbase.com/organization/lumina-6a60,,,0,false,false,false,false,false,false,false,false,false,false,,,,,,
1014,Luminist Labs,luminist-labs,Winter 2016,Acquired,http://luministlabs.com,https://www.ycombinator.com/companies/luminist-labs,yc_oss_current,false,publicly_sourced,datahive_cb_url,luminist,https://www.crunchbase.com/organization/luminist,,,0,false,false,false,false,false,false,false,false,false,false,,,,,,
561,Lumoid,lumoid,Summer 2013,Acquired,http://lumoid.com,https://www.ycombinator.com/companies/lumoid,yc_oss_current,false,publicly_sourced,datahive_cb_url,lumoid,https://www.crunchbase.com/organization/lumoid,,,0,false,false,false,false,false,false,false,false,false,false,,,,,,
12615,LunaSec,lunasec,Summer 2019,Inactive,https://www.lunasec.io,https://www.ycombinator.com/companies/lunasec,yc_oss_current,false,publicly_sourced,datahive_cb_url,lunasec,https://www.crunchbase.com/organization/lunasec,,,0,false,false,false,false,false,false,false,false,false,false,,,,,,
30057,Luthor,luthor,Fall 2024,Active,https://luthor.ai,https://www.ycombinator.com/companies/luthor,yc_oss_current,false,publicly_sourced,datahive_cb_url,luthor-ai,https://www.crunchbase.com/organization/luthor-ai,,,0,false,false,false,false,false,false,false,false,false,false,,,,,,
1452,lvl5,lvl5,Winter 2017,Acquired,http://www.lvl5.ai,https://www.ycombinator.com/companies/lvl5,yc_oss_current,false,publicly_sourced,datahive_cb_url,lvl5,https://www.crunchbase.com/organization/lvl5,,,0,false,false,false,false,false,false,false,false,false,false,,,,,,
45,LVL6,lvl6,Winter 2012,Inactive,http://lvl6.com,https://www.ycombinator.com/companies/lvl6,yc_oss_current,false,publicly_sourced,datahive_cb_url,lvl6,https://www.crunchbase.com/organization/lvl6,,,0,false,false,false,false,false,false,false,false,false,false,,,,,,
22659,Lygg,lygg,Winter 2021,Active,http://www.lyggcorp.com,https://www.ycombinator.com/companies/lygg,yc_oss_current,false,publicly_sourced,datahive_cb_url,lygg,https://www.crunchbase.com/organization/lygg,,,0,false,false,false,false,false,false,false,false,false,false,,,,,,
1097,Lygos,lygos,Winter 2016,Active,http://www.lygos.com,https://www.ycombinator.com/companies/lygos,yc_oss_current,false,publicly_sourced,datahive_cb_url,lygos,https://www.crunchbase.com/organization/lygos,,,0,false,false,false,false,false,false,false,false,false,false,,,,,,
1049,Lynks,lynks,Winter 2016,Active,https://www.lynks.com/,https://www.ycombinator.com/companies/lynks,yc_oss_current,false,publicly_sourced,datahive_cb_url,lynks,https://www.crunchbase.com/organization/lynks,,,0,false,false,false,false,false,false,false,false,false,false,,,,,,
27713,Lynx,lynx,Winter 2023,Inactive,https://uselynx.ai,https://www.ycombinator.com/companies/lynx,yc_oss_current,false,publicly_sourced,datahive_cb_url,codecomplete-ai,https://www.crunchbase.com/organization/codecomplete-ai,,,0,false,false,false,false,false,false,false,false,false,false,,,,,,
1689,Lyrebird,lyrebird,Summer 2017,Acquired,https://lyrebird.ai/,https://www.ycombinator.com/companies/lyrebird,yc_oss_current,false,publicly_sourced,datahive_cb_url,lyrebird,https://www.crunchbase.com/organization/lyrebird,,,0,false,false,false,false,false,false,false,false,false,false,,,,,,
307,Machine Zone,machine-zone,Winter 2008,Acquired,https://www.mz.com,https://www.ycombinator.com/companies/machine-zone,yc_oss_current,false,publicly_sourced,datahive_cb_url,machine-zone,https://www.crunchbase.com/organization/machine-zone,,,0,false,false,false,false,false,false,false,false,false,false,,,,,,
1760,Macromoltek,macromoltek,Winter 2018,Active,https://www.macromoltek.com,https://www.ycombinator.com/companies/macromoltek,yc_oss_current,false,publicly_sourced,datahive_cb_url,macromoltek-inc,https://www.crunchbase.com/organization/macromoltek-inc,,,0,false,false,false,false,false,false,false,false,false,false,,,,,,
947,Maderight,maderight,Summer 2015,Inactive,http://maderight.com,https://www.ycombinator.com/companies/maderight,yc_oss_current,false,publicly_sourced,datahive_cb_url,maderight,https://www.crunchbase.com/organization/maderight,,,0,false,false,false,false,false,false,false,false,false,false,,,,,,
601,MadeSolid,madesolid,Winter 2014,Inactive,http://madesolid.com,https://www.ycombinator.com/companies/madesolid,yc_oss_current,false,publicly_sourced,radema_cb_url,madesolid,https://www.crunchbase.com/organization/madesolid,,,0,false,false,false,false,false,false,false,false,false,false,,,,,,
29760,Mage Legal,mage-legal,Summer 2024,Active,https://magelegal.com,https://www.ycombinator.com/companies/mage-legal,yc_oss_current,false,publicly_sourced,datahive_cb_url,modern-realty-5986,https://www.crunchbase.com/organization/modern-realty-5986,,,0,false,false,false,false,false,false,false,false,false,false,,,,,,
751,Magic,magic,Winter 2015,Active,https://getmagic.com/,https://www.ycombinator.com/companies/magic,yc_oss_current,false,publicly_sourced,datahive_cb_url,magic,https://www.crunchbase.com/organization/magic,,,0,false,false,false,false,false,false,false,false,false,false,,,,,,
26658,Magic,magic-2,Summer 2022,Inactive,https://www.joinmagic.com/,https://www.ycombinator.com/companies/magic-2,yc_oss_current,false,publicly_sourced,datahive_cb_url,magic-8953,https://www.crunchbase.com/organization/magic-8953,,,0,false,false,false,false,false,false,false,false,false,false,,,,,,
28795,Magic Loops,magic-loops,Summer 2023,Active,https://magicloops.dev,https://www.ycombinator.com/companies/magic-loops,yc_oss_current,false,publicly_sourced,datahive_cb_url,magic-loops,https://www.crunchbase.com/organization/magic-loops,,,0,false,false,false,false,false,false,false,false,false,false,,,,,,
990,MagicBus,magicbus,Winter 2016,Active,http://www.magicbus.io,https://www.ycombinator.com/companies/magicbus,yc_oss_current,false,publicly_sourced,datahive_cb_url,magicbus,https://www.crunchbase.com/organization/magicbus,,,0,false,false,false,false,false,false,false,false,false,false,,,,,,
29252,Maia,maia,Winter 2024,Active,https://www.ourmaia.com/,https://www.ycombinator.com/companies/maia,yc_oss_current,false,publicly_sourced,datahive_cb_url,maia-ede8,https://www.crunchbase.com/organization/maia-ede8,,,0,false,false,false,false,false,false,false,false,false,false,,,,,,
162,Mailgun,mailgun,Winter 2011,Acquired,http://mailgun.net,https://www.ycombinator.com/companies/mailgun,yc_oss_current,false,publicly_sourced,datahive_cb_url,mailgun,https://www.crunchbase.com/organization/mailgun,,,0,false,false,false,false,false,false,false,false,false,false,,,,,,
1028,MailTime,mailtime,Winter 2016,Active,http://mailtime.com,https://www.ycombinator.com/companies/mailtime,yc_oss_current,false,publicly_sourced,datahive_cb_url,mailtime,https://www.crunchbase.com/organization/mailtime,,,0,false,false,false,false,false,false,false,false,false,false,,,,,,
29647,Maitai,maitai,Summer 2024,Active,https://trymaitai.com,https://www.ycombinator.com/companies/maitai,yc_oss_current,false,publicly_sourced,datahive_cb_url,maitai-fbf8,https://www.crunchbase.com/organization/maitai-fbf8,,,0,false,false,false,false,false,false,false,false,false,false,,,,,,
12041,Maitian.ai,maitian-ai,Winter 2019,Inactive,https://maitian.ai,https://www.ycombinator.com/companies/maitian-ai,yc_oss_current,false,publicly_sourced,datahive_cb_url,maitian-ai,https://www.crunchbase.com/organization/maitian-ai,,,0,false,false,false,false,false,false,false,false,false,false,,,,,,
33,Make School,make-school,Winter 2012,Inactive,http://www.makeschool.com,https://www.ycombinator.com/companies/make-school,yc_oss_current,false,publicly_sourced,datahive_cb_url,makegameswithus,https://www.crunchbase.com/organization/makegameswithus,,,0,false,false,false,false,false,false,false,false,false,false,,,,,,
791,Makrwatch,makrwatch,Winter 2015,Active,https://www.makrwatch.com,https://www.ycombinator.com/companies/makrwatch,yc_oss_current,false,publicly_sourced,datahive_cb_url,themidgame,https://www.crunchbase.com/organization/themidgame,,,0,false,false,false,false,false,false,false,false,false,false,,,,,,
26809,Malama Health,malama-health,Summer 2022,Active,https://www.heymalama.co,https://www.ycombinator.com/companies/malama-health,yc_oss_current,false,publicly_sourced,datahive_cb_url,malama-health,https://www.crunchbase.com/organization/malama-health,,,0,false,false,false,false,false,false,false,false,false,false,,,,,,
24382,Malloc Inc,malloc-inc,Summer 2021,Active,https://mallocprivacy.com/,https://www.ycombinator.com/companies/malloc-inc,yc_oss_current,false,publicly_sourced,datahive_cb_url,malloc-05ff,https://www.crunchbase.com/organization/malloc-05ff,,,0,false,false,false,false,false,false,false,false,false,false,,,,,,
12096,Maple Materials,maple-materials,Winter 2019,Active,http://maplematerials.com,https://www.ycombinator.com/companies/maple-materials,yc_oss_current,false,publicly_sourced,datahive_cb_url,saratoga-energy-research-partners,https://www.crunchbase.com/organization/saratoga-energy-research-partners,,,0,false,false,false,false,false,false,false,false,false,false,,,,,,
26,Marft,marft,Winter 2012,Inactive,http://marft.com,https://www.ycombinator.com/companies/marft,yc_oss_current,false,publicly_sourced,datahive_cb_url,marft,https://www.crunchbase.com/organization/marft,,,0,false,false,false,false,false,false,false,false,false,false,,,,,,
2020,"Mark Cuban Cost Plus Drug Company, PBC",mark-cuban-cost-plus-drug-company-pbc,Summer 2018,Active,http://www.costplusdrugs.com,https://www.ycombinator.com/companies/mark-cuban-cost-plus-drug-company-pbc,yc_oss_current,false,publicly_sourced,datahive_cb_url,osh's-affordable-pharmaceuticals-fremont-california,https://www.crunchbase.com/organization/osh's-affordable-pharmaceuticals-fremont-california,,,0,false,false,false,false,false,false,false,false,false,false,,,,,,
25671,Markaz Technologies,markaz-technologies,Winter 2022,Active,https://www.markaz.app,https://www.ycombinator.com/companies/markaz-technologies,yc_oss_current,false,publicly_sourced,datahive_cb_url,markaz-technologies,https://www.crunchbase.com/organization/markaz-technologies,,,0,false,false,false,false,false,false,false,false,false,false,,,,,,
100,MarketBrief,marketbrief,Summer 2011,Inactive,http://marketbrief.com,https://www.ycombinator.com/companies/marketbrief,yc_oss_current,false,publicly_sourced,datahive_cb_url,marketbrief,https://www.crunchbase.com/organization/marketbrief,,,0,false,false,false,false,false,false,false,false,false,false,,,,,,
21916,MarketForce,marketforce,Summer 2020,Active,https://marketforce.io,https://www.ycombinator.com/companies/marketforce,yc_oss_current,false,publicly_sourced,datahive_cb_url,marketforce360,https://www.crunchbase.com/organization/marketforce360,,,0,false,false,false,false,false,false,false,false,false,false,,,,,,
1533,Marketfox,marketfox,Winter 2017,Inactive,https://marketfox.io,https://www.ycombinator.com/companies/marketfox,yc_oss_current,false,publicly_sourced,datahive_cb_url,marketfox,https://www.crunchbase.com/organization/marketfox,,,0,false,false,false,false,false,false,false,false,false,false,,,,,,
24176,Maroo,maroo,Summer 2021,Acquired,https://maroo.us/,https://www.ycombinator.com/companies/maroo,yc_oss_current,false,publicly_sourced,datahive_cb_url,maroo,https://www.crunchbase.com/organization/maroo,,,0,false,false,false,false,false,false,false,false,false,false,,,,,,
23451,MarqVision,marqvision,Summer 2021,Active,https://www.marqvision.com/,https://www.ycombinator.com/companies/marqvision,yc_oss_current,false,publicly_sourced,datahive_cb_url,marq,https://www.crunchbase.com/organization/marq,,,0,false,false,false,false,false,false,false,false,false,false,,,,,,
12267,Mars Auto,mars-auto,Winter 2019,Active,https://marsauto.com,https://www.ycombinator.com/companies/mars-auto,yc_oss_current,false,publicly_sourced,datahive_cb_url,mars-auto,https://www.crunchbase.com/organization/mars-auto,,,0,false,false,false,false,false,false,false,false,false,false,,,,,,
856,Mashgin,mashgin,Winter 2015,Active,http://mashgin.com,https://www.ycombinator.com/companies/mashgin,yc_oss_current,false,publicly_sourced,datahive_cb_url,mashgin,https://www.crunchbase.com/organization/mashgin,,,0,false,false,false,false,false,false,false,false,false,false,,,,,,
991,Mason,mason,Winter 2016,Active,http://www.bymason.com,https://www.ycombinator.com/companies/mason,yc_oss_current,false,publicly_sourced,datahive_cb_url,mason,https://www.crunchbase.com/organization/mason,,,0,false,false,false,false,false,false,false,false,false,false,,,,,,
26303,Massdriver,massdriver,Winter 2022,Active,https://massdriver.cloud,https://www.ycombinator.com/companies/massdriver,yc_oss_current,false,publicly_sourced,datahive_cb_url,massdriver,https://www.crunchbase.com/organization/massdriver,,,0,false,false,false,false,false,false,false,false,false,false,,,,,,
27677,Matano,matano,Winter 2023,Active,https://www.matano.dev,https://www.ycombinator.com/companies/matano,yc_oss_current,false,publicly_sourced,datahive_cb_url,matano,https://www.crunchbase.com/organization/matano,,,0,false,false,false,false,false,false,false,false,false,false,,,,,,
30048,Matcha,astrix-health,Fall 2024,Active,https://www.matcha-health.com,https://www.ycombinator.com/companies/astrix-health,yc_oss_current,false,publicly_sourced,datahive_cb_url,astrix-health,https://www.crunchbase.com/organization/astrix-health,,,0,false,false,false,false,false,false,false,false,false,false,,,,,,
24330,Matidor.com,matidor-com,Summer 2021,Active,https://matidor.com/,https://www.ycombinator.com/companies/matidor-com,yc_oss_current,false,publicly_sourced,datahive_cb_url,matidor,https://www.crunchbase.com/organization/matidor,,,0,false,false,false,false,false,false,false,false,false,false,,,,,,
441,Mattermark,mattermark,Summer 2012,Acquired,http://mattermark.com,https://www.ycombinator.com/companies/mattermark,yc_oss_current,false,publicly_sourced,datahive_cb_url,mattermark,https://www.crunchbase.com/organization/mattermark,,,0,false,false,false,false,false,false,false,false,false,false,,,,confirmed,https://www.crunchbase.com/organization/mattermark,Name mattermark.com domain and founders match
407,Mattermost,mattermost,Summer 2012,Active,http://mattermost.com,https://www.ycombinator.com/companies/mattermost,yc_oss_current,false,publicly_sourced,datahive_cb_url,mattermost,https://www.crunchbase.com/organization/mattermost,,,0,false,false,false,false,false,false,false,false,false,false,,,,,,
30,Matterport,matterport,Winter 2012,Public,http://matterport.com,https://www.ycombinator.com/companies/matterport,yc_oss_current,false,publicly_sourced,datahive_cb_url,matterport,https://www.crunchbase.com/organization/matterport,,,0,false,false,false,false,false,false,false,false,false,false,,,,,,
28089,Maxi,maxi,Winter 2023,Active,https://www.usemaxi.app,https://www.ycombinator.com/companies/maxi,yc_oss_current,false,publicly_sourced,datahive_cb_url,thread-6984,https://www.crunchbase.com/organization/thread-6984,,,0,false,false,false,false,false,false,false,false,false,false,,,,,,
1680,May Mobility,may-mobility,Summer 2017,Active,http://maymobility.com,https://www.ycombinator.com/companies/may-mobility,yc_oss_current,false,publicly_sourced,datahive_cb_url,may-mobility,https://www.crunchbase.com/organization/may-mobility,,,0,false,false,false,false,false,false,false,false,false,false,,,,,,
23541,Mayan,mayan,Winter 2021,Active,https://www.mayan.co,https://www.ycombinator.com/companies/mayan,yc_oss_current,false,publicly_sourced,datahive_cb_url,mayan,https://www.crunchbase.com/organization/mayan,,,0,false,false,false,false,false,false,false,false,false,false,,,,,,
603,MBX,mbx,Winter 2014,Active,http://us.memebox.com,https://www.ycombinator.com/companies/mbx,yc_oss_current,false,publicly_sourced,datahive_cb_url,memebox,https://www.crunchbase.com/organization/memebox,,,0,false,false,false,false,false,false,false,false,false,false,,,,,,
1461,MDalgorithms Inc.,mdalgorithms-inc,Winter 2017,Active,https://www.mdalgorithms.com,https://www.ycombinator.com/companies/mdalgorithms-inc,yc_oss_current,false,publicly_sourced,datahive_cb_url,mdalgorithms,https://www.crunchbase.com/organization/mdalgorithms,,,0,false,false,false,false,false,false,false,false,false,false,,,,,,
817,Meadow,meadow,Winter 2015,Active,https://getmeadow.com,https://www.ycombinator.com/companies/meadow,yc_oss_current,false,publicly_sourced,datahive_cb_url,meadow,https://www.crunchbase.com/organization/meadow,,,0,false,false,false,false,false,false,false,false,false,false,,,,,,
24915,Mecho Autotech,mecho-autotech,Summer 2021,Active,https://mechoautotech.com/,https://www.ycombinator.com/companies/mecho-autotech,yc_oss_current,false,publicly_sourced,datahive_cb_url,mecho-autotech,https://www.crunchbase.com/organization/mecho-autotech,,,0,false,false,false,false,false,false,false,false,false,false,,,,,,
11977,MedCrypt,medcrypt,Winter 2019,Active,https://www.medcrypt.co,https://www.ycombinator.com/companies/medcrypt,yc_oss_current,false,publicly_sourced,datahive_cb_url,medcrypt,https://www.crunchbase.com/organization/medcrypt,,,0,false,false,false,false,false,false,false,false,false,false,,,,,,
16,Medigram,medigram,Winter 2012,Active,http://medigram.com,https://www.ycombinator.com/companies/medigram,yc_oss_current,false,publicly_sourced,datahive_cb_url,medigram,https://www.crunchbase.com/organization/medigram,,,0,false,false,false,false,false,false,false,false,false,false,,,,,,
1926,Medinas Health,medinas-health,Summer 2018,Inactive,https://www.medinas.com/,https://www.ycombinator.com/companies/medinas-health,yc_oss_current,false,publicly_sourced,datahive_cb_url,medinas,https://www.crunchbase.com/organization/medinas,,,0,false,false,false,false,false,false,false,false,false,false,,,,,,
487,Medisas,medisas,Winter 2013,Inactive,http://medisas.com,https://www.ycombinator.com/companies/medisas,yc_oss_current,false,publicly_sourced,datahive_cb_url,medisas,https://www.crunchbase.com/organization/medisas,,,0,false,false,false,false,false,false,false,false,false,false,,,,,,
22663,MedMe Health,medme-health,Winter 2021,Active,https://www.medmehealth.com,https://www.ycombinator.com/companies/medme-health,yc_oss_current,false,publicly_sourced,datahive_cb_url,medme-health,https://www.crunchbase.com/organization/medme-health,,,0,false,false,false,false,false,false,false,false,false,false,,,,,,
62,Medmonk,medmonk,Winter 2012,Active,http://medmonk.com,https://www.ycombinator.com/companies/medmonk,yc_oss_current,false,publicly_sourced,datahive_cb_url,medmonk,https://www.crunchbase.com/organization/medmonk,,,0,false,false,false,false,false,false,false,false,false,false,,,,,,
1496,Mednet,mednet,Winter 2017,Active,https://www.themednet.org,https://www.ycombinator.com/companies/mednet,yc_oss_current,false,publicly_sourced,datahive_cb_url,the-mednet,https://www.crunchbase.com/organization/the-mednet,,,0,false,false,false,false,false,false,false,false,false,false,,,,,,
22196,"MedPiper Technologies, Inc",medpiper-technologies-inc,Summer 2020,Active,https://www.medpiper.com,https://www.ycombinator.com/companies/medpiper-technologies-inc,yc_oss_current,false,publicly_sourced,datahive_cb_url,medpiper,https://www.crunchbase.com/organization/medpiper,,,0,false,false,false,false,false,false,false,false,false,false,,,,,,
26413,Medplum,medplum,Summer 2022,Active,https://www.medplum.com,https://www.ycombinator.com/companies/medplum,yc_oss_current,false,publicly_sourced,datahive_cb_url,medplum,https://www.crunchbase.com/organization/medplum,,,0,false,false,false,false,false,false,false,false,false,false,,,,,,
1843,Medumo,medumo,Winter 2018,Acquired,https://www.medumo.com/,https://www.ycombinator.com/companies/medumo,yc_oss_current,false,publicly_sourced,datahive_cb_url,medumo-2,https://www.crunchbase.com/organization/medumo-2,,,0,false,false,false,false,false,false,false,false,false,false,,,,,,
499,MedXT,medxt,Winter 2013,Acquired,http://medxt.com,https://www.ycombinator.com/companies/medxt,yc_oss_current,false,publicly_sourced,datahive_cb_url,medxt,https://www.crunchbase.com/organization/medxt,,,0,false,false,false,false,false,false,false,false,false,false,,,,,,
1266,Meesho,meesho,Summer 2016,Public,http://www.meesho.com,https://www.ycombinator.com/companies/meesho,yc_oss_current,false,publicly_sourced,datahive_cb_url,meesho,https://www.crunchbase.com/organization/meesho,,,0,false,false,false,false,false,false,false,false,false,false,,,,,,
1632,Meetingbird,meetingbird,Summer 2017,Acquired,https://www.meetingbird.com,https://www.ycombinator.com/companies/meetingbird,yc_oss_current,false,publicly_sourced,datahive_cb_url,meetingbird,https://www.crunchbase.com/organization/meetingbird,,,0,false,false,false,false,false,false,false,false,false,false,,,,,,
1785,Meitre,meitre,Winter 2018,Active,http://meitre.com/,https://www.ycombinator.com/companies/meitre,yc_oss_current,false,publicly_sourced,datahive_cb_url,meitre,https://www.crunchbase.com/organization/meitre,,,0,false,false,false,false,false,false,false,false,false,false,,,,,,
494,Meldium,meldium,Winter 2013,Acquired,http://meldium.com,https://www.ycombinator.com/companies/meldium,yc_oss_current,false,publicly_sourced,datahive_cb_url,meldium,https://www.crunchbase.com/organization/meldium,,,0,false,false,false,false,false,false,false,false,false,false,,,,,,
29585,Mem0,mem0,Summer 2024,Active,https://mem0.ai,https://www.ycombinator.com/companies/mem0,yc_oss_current,false,publicly_sourced,datahive_cb_url,mem0,https://www.crunchbase.com/organization/mem0,,,0,false,false,false,false,false,false,false,false,false,false,,,,,,
12356,Memfault,memfault,Winter 2019,Acquired,https://memfault.com,https://www.ycombinator.com/companies/memfault,yc_oss_current,false,publicly_sourced,datahive_cb_url,memfault,https://www.crunchbase.com/organization/memfault,,,0,false,false,false,false,false,false,false,false,false,false,,,,,,
1840,Memora Health,memora-health,Winter 2018,Acquired,https://memorahealth.com,https://www.ycombinator.com/companies/memora-health,yc_oss_current,false,publicly_sourced,datahive_cb_url,memora-health,https://www.crunchbase.com/organization/memora-health,,,0,false,false,false,false,false,false,false,false,false,false,,,,,,
1977,MentalHappy,mentalhappy,Summer 2018,Active,http://www.MentalHappy.com,https://www.ycombinator.com/companies/mentalhappy,yc_oss_current,false,publicly_sourced,datahive_cb_url,mentalhappy,https://www.crunchbase.com/organization/mentalhappy,,,0,false,false,false,false,false,false,false,false,false,false,,,,,,
13616,Menten AI,menten-ai,Winter 2020,Active,http://menten.ai,https://www.ycombinator.com/companies/menten-ai,yc_oss_current,false,publicly_sourced,datahive_cb_url,menten-biotechnology-labs-inc,https://www.crunchbase.com/organization/menten-biotechnology-labs-inc,,,0,false,false,false,false,false,false,false,false,false,false,,,,,,
23818,Mentorcam,mentorcam,Summer 2021,Inactive,https://mentor.cam/,https://www.ycombinator.com/companies/mentorcam,yc_oss_current,false,publicly_sourced,datahive_cb_url,mentorcam,https://www.crunchbase.com/organization/mentorcam,,,0,false,false,false,false,false,false,false,false,false,false,,,,,,
27740,Mercoa,mercoa,Winter 2023,Active,http://mercoa.com,https://www.ycombinator.com/companies/mercoa,yc_oss_current,false,publicly_sourced,datahive_cb_url,mercoa,https://www.crunchbase.com/organization/mercoa,,,0,false,false,false,false,false,false,false,false,false,false,,,,,,
621,MerryMint,merrymint,Winter 2014,Inactive,http://merrymint.co,https://www.ycombinator.com/companies/merrymint,yc_oss_current,false,publicly_sourced,radema_cb_url,merrymint,https://www.crunchbase.com/organization/merrymint,,,0,false,false,false,false,false,false,false,false,false,false,,,,,,
212,Mertado,mertado,Winter 2010,Acquired,http://mertado.com,https://www.ycombinator.com/companies/mertado,yc_oss_current,false,publicly_sourced,datahive_cb_url,six-times-seven,https://www.crunchbase.com/organization/six-times-seven,,,0,false,false,false,false,false,false,false,false,false,false,,,,,,
1935,Meru Health,meru-health,Summer 2018,Active,http://www.meruhealth.com,https://www.ycombinator.com/companies/meru-health,yc_oss_current,false,publicly_sourced,datahive_cb_url,meru-health,https://www.crunchbase.com/organization/meru-health,,,0,false,false,false,false,false,false,false,false,false,false,,,,,,
23642,Meru.com,meru-com,Winter 2021,Active,https://meru.com,https://www.ycombinator.com/companies/meru-com,yc_oss_current,false,publicly_sourced,datahive_cb_url,meru,https://www.crunchbase.com/organization/meru,,,0,false,false,false,false,false,false,false,false,false,false,,,,,,
21949,Mesh,mesh,Summer 2020,Active,https://mesh.ai/,https://www.ycombinator.com/companies/mesh,yc_oss_current,false,publicly_sourced,datahive_cb_url,mesh-1f24,https://www.crunchbase.com/organization/mesh-1f24,,,0,false,false,false,false,false,false,false,false,false,false,,,,,,
204,MessageParty,messageparty,Summer 2010,Inactive,http://messageparty.com,https://www.ycombinator.com/companies/messageparty,yc_oss_current,false,publicly_sourced,datahive_cb_url,messageparty,https://www.crunchbase.com/organization/messageparty,,,0,false,false,false,false,false,false,false,false,false,false,,,,,,
547,Meta,meta,Summer 2013,Inactive,http://www.metavision.com/,https://www.ycombinator.com/companies/meta,yc_oss_current,false,publicly_sourced,datahive_cb_url,meta-view,https://www.crunchbase.com/organization/meta-view,,,0,false,false,false,false,false,false,false,false,false,false,,,,,,
28183,Metal,metal,Winter 2023,Active,https://metal.ai/,https://www.ycombinator.com/companies/metal,yc_oss_current,false,publicly_sourced,datahive_cb_url,metal-6dfc,https://www.crunchbase.com/organization/metal-6dfc,,,0,false,false,false,false,false,false,false,false,false,false,,,,,,
28421,Metal,metal-2,Winter 2023,Active,http://www.metal.so,https://www.ycombinator.com/companies/metal-2,yc_oss_current,false,publicly_sourced,datahive_cb_url,metal-515f,https://www.crunchbase.com/organization/metal-515f,,,0,false,false,false,false,false,false,false,false,false,false,,,,,,
28927,Metalware,metalware,Summer 2023,Active,https://www.metalware.com/,https://www.ycombinator.com/companies/metalware,yc_oss_current,false,publicly_sourced,datahive_cb_url,metalware,https://www.crunchbase.com/organization/metalware,,,0,false,false,false,false,false,false,false,false,false,false,,,,,,
1223,Metapacket,metapacket,Summer 2016,Inactive,http://www.metapacket.com,https://www.ycombinator.com/companies/metapacket,yc_oss_current,false,publicly_sourced,datahive_cb_url,metapacket,https://www.crunchbase.com/organization/metapacket,,,0,false,false,false,false,false,false,false,false,false,false,,,,,,
1016,Meter Feeder,meter-feeder,Winter 2016,Active,http://www.meterfeeder.com,https://www.ycombinator.com/companies/meter-feeder,yc_oss_current,false,publicly_sourced,datahive_cb_url,meterfeeder,https://www.crunchbase.com/organization/meterfeeder,,,0,false,false,false,false,false,false,false,false,false,false,,,,,,
12545,Method Financial,method-financial,Summer 2019,Active,https://methodfi.com,https://www.ycombinator.com/companies/method-financial,yc_oss_current,false,publicly_sourced,datahive_cb_url,method-financial,https://www.crunchbase.com/organization/method-financial,,,0,false,false,false,false,false,false,false,false,false,false,,,,,,
28779,Metoro,metoro,Summer 2023,Active,https://metoro.io,https://www.ycombinator.com/companies/metoro,yc_oss_current,false,publicly_sourced,datahive_cb_url,metoro,https://www.crunchbase.com/organization/metoro,,,0,false,false,false,false,false,false,false,false,false,false,,,,,,
687,MetricWire,metricwire,Summer 2014,Active,http://metricwire.com,https://www.ycombinator.com/companies/metricwire,yc_oss_current,false,publicly_sourced,datahive_cb_url,metricwire,https://www.crunchbase.com/organization/metricwire,,,0,false,false,false,false,false,false,false,false,false,false,,,,,,
27037,Metriport,metriport,Summer 2022,Active,https://metriport.com/,https://www.ycombinator.com/companies/metriport,yc_oss_current,false,publicly_sourced,datahive_cb_url,metriport,https://www.crunchbase.com/organization/metriport,,,0,false,false,false,false,false,false,false,false,false,false,,,,,,
749,Mezmo,mezmo,Winter 2015,Active,https://www.mezmo.com/,https://www.ycombinator.com/companies/mezmo,yc_oss_current,false,publicly_sourced,datahive_cb_url,logdna,https://www.crunchbase.com/organization/logdna,,,0,false,false,false,false,false,false,false,false,false,false,,,,,,
452,MicroEval,microeval,Summer 2012,Inactive,http://microeval.com,https://www.ycombinator.com/companies/microeval,yc_oss_current,false,publicly_sourced,datahive_cb_url,microeval,https://www.crunchbase.com/organization/microeval,,,0,false,false,false,false,false,false,false,false,false,false,,,,,,
923,Microhealth,microhealth,Summer 2015,Active,http://microhealth.com,https://www.ycombinator.com/companies/microhealth,yc_oss_current,false,publicly_sourced,datahive_cb_url,microhealth,https://www.crunchbase.com/organization/microhealth,,,0,false,false,false,false,false,false,false,false,false,false,,,,,,
12674,Microverse,microverse,Summer 2019,Active,https://www.microverse.org,https://www.ycombinator.com/companies/microverse,yc_oss_current,false,publicly_sourced,datahive_cb_url,microverse,https://www.crunchbase.com/organization/microverse,,,0,false,false,false,false,false,false,false,false,false,false,,,,,,
11983,Middesk,middesk,Winter 2019,Active,http://www.middesk.com,https://www.ycombinator.com/companies/middesk,yc_oss_current,false,publicly_sourced,datahive_cb_url,middesk,https://www.crunchbase.com/organization/middesk,,,0,false,false,false,false,false,false,false,false,false,false,,,,,,
27666,Middleware,middleware,Winter 2023,Active,https://www.middleware.io,https://www.ycombinator.com/companies/middleware,yc_oss_current,false,publicly_sourced,datahive_cb_url,middleware-4460,https://www.crunchbase.com/organization/middleware-4460,,,0,false,false,false,false,false,false,false,false,false,false,,,,,,
1754,Mighty Buildings,mighty-buildings,Winter 2018,Inactive,https://www.mightybuildings.com,https://www.ycombinator.com/companies/mighty-buildings,yc_oss_current,false,publicly_sourced,datahive_cb_url,mighty-buildings,https://www.crunchbase.com/organization/mighty-buildings,,,0,false,false,false,false,false,false,false,false,false,false,,,,,,
12555,Mighty Health,mighty-health,Summer 2019,Inactive,http://www.mightyhealth.com,https://www.ycombinator.com/companies/mighty-health,yc_oss_current,false,publicly_sourced,datahive_cb_url,mighty-health-4f22,https://www.crunchbase.com/organization/mighty-health-4f22,,,0,false,false,false,false,false,false,false,false,false,false,,,,,,
308,MightyQuiz,mightyquiz,Winter 2008,Inactive,http://mightyquiz.com,https://www.ycombinator.com/companies/mightyquiz,yc_oss_current,false,publicly_sourced,datahive_cb_url,mightyquiz,https://www.crunchbase.com/organization/mightyquiz,,,0,false,false,false,false,false,false,false,false,false,false,,,,,,
28007,Milio,milio,Winter 2023,Active,http://www.miliopay.com,https://www.ycombinator.com/companies/milio,yc_oss_current,false,publicly_sourced,datahive_cb_url,milio-393b,https://www.crunchbase.com/organization/milio-393b,,,0,false,false,false,false,false,false,false,false,false,false,,,,,,
23050,Milk Video,milk-video,Winter 2021,Inactive,https://milkvideo.com,https://www.ycombinator.com/companies/milk-video,yc_oss_current,false,publicly_sourced,datahive_cb_url,milkvideo,https://www.crunchbase.com/organization/milkvideo,,,0,false,false,false,false,false,false,false,false,false,false,,,,,,
22205,MilkRun,milkrun,Summer 2020,Inactive,https://www.localmilkrun.com/,https://www.ycombinator.com/companies/milkrun,yc_oss_current,false,publicly_sourced,datahive_cb_url,milkrun,https://www.crunchbase.com/organization/milkrun,,,0,false,false,false,false,false,false,false,false,false,false,,,,,,
953,Mimir,mimir,Summer 2015,Acquired,https://mimirhq.com,https://www.ycombinator.com/companies/mimir,yc_oss_current,false,publicly_sourced,datahive_cb_url,mimir,https://www.crunchbase.com/organization/mimir,,,0,false,false,false,false,false,false,false,false,false,false,,,,,,
1865,Mind Emulation Foundation,mind-emulation-foundation,Winter 2018,Active,https://mindemulation.org/,https://www.ycombinator.com/companies/mind-emulation-foundation,yc_oss_current,false,publicly_sourced,datahive_cb_url,mind-emulation-foundation,https://www.crunchbase.com/organization/mind-emulation-foundation,,,0,false,false,false,false,false,false,false,false,false,false,,,,,,
26307,Mindbase,tradex,Winter 2022,Active,https://mymindbase.ai,https://www.ycombinator.com/companies/tradex,yc_oss_current,false,publicly_sourced,datahive_cb_url,tradex-cd89,https://www.crunchbase.com/organization/tradex-cd89,,,0,false,false,false,false,false,false,false,false,false,false,,,,,,
30527,MindFort,mindfort,Spring 2025,Active,https://mindfort.ai/?utm_source=ycombinator&utm_medium=referral&utm_campaign=yc,https://www.ycombinator.com/companies/mindfort,yc_oss_current,false,publicly_sourced,datahive_cb_url,mindfort-ai,https://www.crunchbase.com/organization/mindfort-ai,,,0,false,false,false,false,false,false,false,false,false,false,,,,,,
1180,Mindori,mindori,Summer 2016,Inactive,http://www.mindori.com,https://www.ycombinator.com/companies/mindori,yc_oss_current,false,publicly_sourced,radema_cb_url,mindori,https://www.crunchbase.com/organization/mindori,,,0,false,false,false,false,false,false,false,false,false,false,,,,,,
13098,MindsDB,mindsdb,Winter 2020,Active,https://www.mindsdb.com/,https://www.ycombinator.com/companies/mindsdb,yc_oss_current,false,publicly_sourced,datahive_cb_url,mindsdb,https://www.crunchbase.com/organization/mindsdb,,,0,false,false,false,false,false,false,false,false,false,false,,,,,,
23951,Mindstate Design Labs,mindstate-design-labs,Summer 2021,Active,http://mindstate.design,https://www.ycombinator.com/companies/mindstate-design-labs,yc_oss_current,false,publicly_sourced,datahive_cb_url,mindstate-design-labs,https://www.crunchbase.com/organization/mindstate-design-labs,,,0,false,false,false,false,false,false,false,false,false,false,,,,,,
27,Minefold,minefold,Winter 2012,Inactive,http://minefold.com,https://www.ycombinator.com/companies/minefold,yc_oss_current,false,publicly_sourced,datahive_cb_url,minefold,https://www.crunchbase.com/organization/minefold,,,0,false,false,false,false,false,false,false,false,false,false,,,,,,
1017,MineralSoft,mineralsoft,Winter 2016,Acquired,https://mineralsoft.com,https://www.ycombinator.com/companies/mineralsoft,yc_oss_current,false,publicly_sourced,datahive_cb_url,mineralsoft,https://www.crunchbase.com/organization/mineralsoft,,,0,false,false,false,false,false,false,false,false,false,false,,,,,,
30419,Minerva,minerva,Spring 2025,Active,https://joinminerva.ai,https://www.ycombinator.com/companies/minerva,yc_oss_current,false,publicly_sourced,datahive_cb_url,minerva-intelligence,https://www.crunchbase.com/organization/minerva-intelligence,,,0,false,false,false,false,false,false,false,false,false,false,,,,,,
24395,Miniloop,miniloop,Summer 2021,Active,https://miniloop.ai,https://www.ycombinator.com/companies/miniloop,yc_oss_current,false,publicly_sourced,datahive_cb_url,invezo,https://www.crunchbase.com/organization/invezo,,,0,false,false,false,false,false,false,false,false,false,false,,,,,,
22062,Minimum,minimum,Summer 2020,Active,https://minimum.com,https://www.ycombinator.com/companies/minimum,yc_oss_current,false,publicly_sourced,datahive_cb_url,minimum-1181,https://www.crunchbase.com/organization/minimum-1181,,,0,false,false,false,false,false,false,false,false,false,false,,,,,,
164,Mino Games,mino-games,Winter 2011,Active,http://minomonsters.com,https://www.ycombinator.com/companies/mino-games,yc_oss_current,false,publicly_sourced,datahive_cb_url,minomonsters,https://www.crunchbase.com/organization/minomonsters,,,0,false,false,false,false,false,false,false,false,false,false,,,,,,
25643,Mintlify,mintlify,Winter 2022,Active,https://mintlify.com,https://www.ycombinator.com/companies/mintlify,yc_oss_current,false,publicly_sourced,datahive_cb_url,mintlify,https://www.crunchbase.com/organization/mintlify,,,0,false,false,false,false,false,false,false,false,false,false,,,,,,
997,Mio,mio,Winter 2016,Active,http://m.io,https://www.ycombinator.com/companies/mio,yc_oss_current,false,publicly_sourced,datahive_cb_url,message-io,https://www.crunchbase.com/organization/message-io,,,0,false,false,false,false,false,false,false,false,false,false,,,,,,
27671,Miracle,miracle,Winter 2023,Active,http://www.miracleml.com,https://www.ycombinator.com/companies/miracle,yc_oss_current,false,publicly_sourced,datahive_cb_url,miracle-c0b5,https://www.crunchbase.com/organization/miracle-c0b5,,,0,false,false,false,false,false,false,false,false,false,false,,,,,,
1557,Mirror AI,mirror-ai,Winter 2017,Active,http://mirror-ai.com,https://www.ycombinator.com/companies/mirror-ai,yc_oss_current,false,publicly_sourced,datahive_cb_url,mirror-ai,https://www.crunchbase.com/organization/mirror-ai,,,0,false,false,false,false,false,false,false,false,false,false,,,,,,
1804,miru,miru,Winter 2018,Inactive,https://www.miruhome.com,https://www.ycombinator.com/companies/miru,yc_oss_current,false,publicly_sourced,datahive_cb_url,miru,https://www.crunchbase.com/organization/miru,,,0,false,false,false,false,false,false,false,false,false,false,,,,,,
1271,Miso,miso,Summer 2016,Active,http://miso.kr,https://www.ycombinator.com/companies/miso,yc_oss_current,false,publicly_sourced,datahive_cb_url,miso-2,https://www.crunchbase.com/organization/miso-2,,,0,false,false,false,false,false,false,false,false,false,false,,,,,,
26851,Mistle,mistle,Summer 2022,Active,https://mistle.dev,https://www.ycombinator.com/companies/mistle,yc_oss_current,false,publicly_sourced,radema_cb_url,ajourney,https://www.crunchbase.com/organization/ajourney,,,0,false,false,false,false,false,false,false,false,false,false,,,,,,
29706,Mito Health,mito-health,Summer 2024,Active,https://mitohealth.com/,https://www.ycombinator.com/companies/mito-health,yc_oss_current,false,publicly_sourced,datahive_cb_url,mito-health,https://www.crunchbase.com/organization/mito-health,,,0,false,false,false,false,false,false,false,false,false,false,,,,,,
641,MixerBox,mixerbox,Winter 2014,Active,http://mixerbox.com,https://www.ycombinator.com/companies/mixerbox,yc_oss_current,false,publicly_sourced,datahive_cb_url,mixerbox-inc,https://www.crunchbase.com/organization/mixerbox-inc,,,0,false,false,false,false,false,false,false,false,false,false,,,,,,
248,Mixpanel,mixpanel,Summer 2009,Active,http://mixpanel.com,https://www.ycombinator.com/companies/mixpanel,yc_oss_current,false,publicly_sourced,datahive_cb_url,mixpanel,https://www.crunchbase.com/organization/mixpanel,,,0,false,false,false,false,false,false,false,false,false,false,,,,,,
30539,mlop,mlop,Spring 2025,Active,https://mlop.ai,https://www.ycombinator.com/companies/mlop,yc_oss_current,false,publicly_sourced,datahive_cb_url,mlop,https://www.crunchbase.com/organization/mlop,,,0,false,false,false,false,false,false,false,false,false,false,,,,confirmed,https://www.crunchbase.com/organization/mlop,YC profile Crunchbase link targets this exact URL
12053,Mobot,mobot,Winter 2019,Active,https://www.mobot.io,https://www.ycombinator.com/companies/mobot,yc_oss_current,false,publicly_sourced,datahive_cb_url,team-mobot,https://www.crunchbase.com/organization/team-mobot,,,0,false,false,false,false,false,false,false,false,false,false,,,,,,
792,Mobydish,mobydish,Winter 2015,Acquired,https://www.mobydish.com,https://www.ycombinator.com/companies/mobydish,yc_oss_current,false,publicly_sourced,datahive_cb_url,trackin,https://www.crunchbase.com/organization/trackin,,,0,false,false,false,false,false,false,false,false,false,false,,,,,,
1087,Modal,modal,Winter 2016,Inactive,http://modalup.com/,https://www.ycombinator.com/companies/modal,yc_oss_current,false,publicly_sourced,datahive_cb_url,drive-motors,https://www.crunchbase.com/organization/drive-motors,,,0,false,false,false,false,false,false,false,false,false,false,,,,,,
30777,Modelence,modelence,Summer 2025,Active,https://modelence.com,https://www.ycombinator.com/companies/modelence,yc_oss_current,false,publicly_sourced,datahive_cb_url,modelence,https://www.crunchbase.com/organization/modelence,,,0,false,false,false,false,false,false,false,false,false,false,,,,,,
1688,Modern Fertility,modern-fertility,Summer 2017,Acquired,https://www.modernfertility.com,https://www.ycombinator.com/companies/modern-fertility,yc_oss_current,false,publicly_sourced,datahive_cb_url,modern-fertility,https://www.crunchbase.com/organization/modern-fertility,,,0,false,false,false,false,false,false,false,false,false,false,,,,,,
1771,Modern Health,modern-health,Winter 2018,Active,https://www.modernhealth.com/,https://www.ycombinator.com/companies/modern-health,yc_oss_current,false,publicly_sourced,datahive_cb_url,modern-health,https://www.crunchbase.com/organization/modern-health,,,0,false,false,false,false,false,false,false,false,false,false,,,,,,
1893,Modern Treasury,modern-treasury,Summer 2018,Active,http://www.moderntreasury.com/,https://www.ycombinator.com/companies/modern-treasury,yc_oss_current,false,publicly_sourced,datahive_cb_url,modern-treasury,https://www.crunchbase.com/organization/modern-treasury,,,0,false,false,false,false,false,false,false,false,false,false,,,,,,
22676,ModernLoop,modernloop,Winter 2021,Active,http://modernloop.io,https://www.ycombinator.com/companies/modernloop,yc_oss_current,false,publicly_sourced,datahive_cb_url,modernloop,https://www.crunchbase.com/organization/modernloop,,,0,false,false,false,false,false,false,false,false,false,false,,,,,,
1659,Modular Science,modular-science,Summer 2017,Inactive,https://www.modularscience.com/,https://www.ycombinator.com/companies/modular-science,yc_oss_current,false,publicly_sourced,datahive_cb_url,modular-science,https://www.crunchbase.com/organization/modular-science,,,0,false,false,false,false,false,false,false,false,false,false,,,,,,
818,Moltin,moltin,Winter 2015,Acquired,https://moltin.com,https://www.ycombinator.com/companies/moltin,yc_oss_current,false,publicly_sourced,datahive_cb_url,moltin,https://www.crunchbase.com/organization/moltin,,,0,false,false,false,false,false,false,false,false,false,false,,,,,,
29256,Momentic,momentic,Winter 2024,Active,https://momentic.ai,https://www.ycombinator.com/companies/momentic,yc_oss_current,false,publicly_sourced,datahive_cb_url,momentic-0b4b,https://www.crunchbase.com/organization/momentic-0b4b,,,0,false,false,false,false,false,false,false,false,false,false,,,,,,
25328,Momento,momento,Winter 2022,Active,https://www.tumomento.com/,https://www.ycombinator.com/companies/momento,yc_oss_current,false,publicly_sourced,datahive_cb_url,momento-ef63,https://www.crunchbase.com/organization/momento-ef63,,,0,false,false,false,false,false,false,false,false,false,false,,,,,,
1993,Momentus,momentus,Summer 2018,Public,https://momentus.space,https://www.ycombinator.com/companies/momentus,yc_oss_current,false,publicly_sourced,datahive_cb_url,momentus-space,https://www.crunchbase.com/organization/momentus-space,,,0,false,false,false,false,false,false,false,false,false,false,,,,,,
24371,Momo Medical,momo-medical,Summer 2021,Active,https://www.momomedical.com/,https://www.ycombinator.com/companies/momo-medical,yc_oss_current,false,publicly_sourced,datahive_cb_url,momo-medical,https://www.crunchbase.com/organization/momo-medical,,,0,false,false,false,false,false,false,false,false,false,false,,,,,,
24269,Monet,monet,Summer 2021,Active,https://monet.com.co/,https://www.ycombinator.com/companies/monet,yc_oss_current,false,publicly_sourced,datahive_cb_url,monet-7d8e,https://www.crunchbase.com/organization/monet-7d8e,,,0,false,false,false,false,false,false,false,false,false,false,,,,,,
26290,Mono,mono-2,Winter 2022,Active,https://mono.la,https://www.ycombinator.com/companies/mono-2,yc_oss_current,false,publicly_sourced,datahive_cb_url,mono-25ef,https://www.crunchbase.com/organization/mono-25ef,,,0,false,false,false,false,false,false,false,false,false,false,,,,,,
1029,Monthli,monthli,Winter 2016,Inactive,http://www.monthli.com,https://www.ycombinator.com/companies/monthli,yc_oss_current,false,publicly_sourced,datahive_cb_url,monthli,https://www.crunchbase.com/organization/monthli,,,0,false,false,false,false,false,false,false,false,false,false,,,,,,
29326,Monumint,monumint,Winter 2024,Active,https://monumint.com,https://www.ycombinator.com/companies/monumint,yc_oss_current,false,publicly_sourced,datahive_cb_url,omniai,https://www.crunchbase.com/organization/omniai,,,0,false,false,false,false,false,false,false,false,false,false,,,,,,
30475,Morphik,morphik,Spring 2025,Active,https://morphik.ai,https://www.ycombinator.com/companies/morphik,yc_oss_current,false,publicly_sourced,datahive_cb_url,morphik,https://www.crunchbase.com/organization/morphik,,,0,false,false,false,false,false,false,false,false,false,false,,,,,,
13351,Morphle Labs,morphle-labs,Winter 2020,Active,https://morphlelabs.com,https://www.ycombinator.com/companies/morphle-labs,yc_oss_current,false,publicly_sourced,datahive_cb_url,morphle,https://www.crunchbase.com/organization/morphle,,,0,false,false,false,false,false,false,false,false,false,false,,,,,,
1238,Mosaix.ai,mosaix-ai,Summer 2016,Inactive,https://mosaix.ai,https://www.ycombinator.com/companies/mosaix-ai,yc_oss_current,false,publicly_sourced,datahive_cb_url,saymosaic-inc,https://www.crunchbase.com/organization/saymosaic-inc,,,0,false,false,false,false,false,false,false,false,false,false,,,,,,
604,Motionlead,motionlead,Winter 2014,Acquired,http://motionlead.com,https://www.ycombinator.com/companies/motionlead,yc_oss_current,false,publicly_sourced,datahive_cb_url,motionlead,https://www.crunchbase.com/organization/motionlead,,,0,false,false,false,false,false,false,false,false,false,false,,,,,,
605,Move Loot,move-loot,Winter 2014,Inactive,http://moveloot.com,https://www.ycombinator.com/companies/move-loot,yc_oss_current,false,publicly_sourced,radema_cb_url,move-loot,https://www.crunchbase.com/organization/move-loot,,,0,false,false,false,false,false,false,false,false,false,false,,,,,,
231,Movity,movity,Winter 2010,Acquired,http://movity.com,https://www.ycombinator.com/companies/movity,yc_oss_current,false,publicly_sourced,datahive_cb_url,movity-com,https://www.crunchbase.com/organization/movity-com,,,0,false,false,false,false,false,false,false,false,false,false,,,,,,
29045,Movley,movley,Summer 2023,Inactive,https://movley.com/,https://www.ycombinator.com/companies/movley,yc_oss_current,false,publicly_sourced,datahive_cb_url,movley,https://www.crunchbase.com/organization/movley,,,0,false,false,false,false,false,false,false,false,false,false,,,,,,
23202,Moxion Power Co.,moxion-power-co,Winter 2021,Inactive,https://www.moxionpower.com/,https://www.ycombinator.com/companies/moxion-power-co,yc_oss_current,false,publicly_sourced,datahive_cb_url,moxion-power-co,https://www.crunchbase.com/organization/moxion-power-co,,,0,false,false,false,false,false,false,false,false,false,false,,,,,,
22026,Mozper,mozper,Summer 2020,Active,https://www.mozper.com/,https://www.ycombinator.com/companies/mozper,yc_oss_current,false,publicly_sourced,datahive_cb_url,mozper,https://www.crunchbase.com/organization/mozper,,,0,false,false,false,false,false,false,false,false,false,false,,,,,,
1055,mRelief,mrelief,Winter 2016,Active,https://www.mrelief.com,https://www.ycombinator.com/companies/mrelief,yc_oss_current,false,publicly_sourced,datahive_cb_url,mrelief,https://www.crunchbase.com/organization/mrelief,,,0,false,false,false,false,false,false,false,false,false,false,,,,,,
26144,MSPilot,mspilot,Fall 2025,Active,https://mspilot.io,https://www.ycombinator.com/companies/mspilot,yc_oss_current,false,publicly_sourced,datahive_cb_url,easycode-e8b3,https://www.crunchbase.com/organization/easycode-e8b3,,,0,false,false,false,false,false,false,false,false,false,false,,,,,,
688,MTailor,mtailor,Summer 2014,Active,http://mtailor.com,https://www.ycombinator.com/companies/mtailor,yc_oss_current,false,publicly_sourced,datahive_cb_url,mtailor,https://www.crunchbase.com/organization/mtailor,,,0,false,false,false,false,false,false,false,false,false,false,,,,,,
402,Mth Sense,mth-sense,Summer 2012,Active,http://www.mthsense.com/,https://www.ycombinator.com/companies/mth-sense,yc_oss_current,false,publicly_sourced,datahive_cb_url,mth-sense,https://www.crunchbase.com/organization/mth-sense,,,0,false,false,false,false,false,false,false,false,false,false,,,,,,
12847,Mudafy,mudafy,Summer 2019,Active,https://mudafy.com,https://www.ycombinator.com/companies/mudafy,yc_oss_current,false,publicly_sourced,datahive_cb_url,mudafy,https://www.crunchbase.com/organization/mudafy,,,0,false,false,false,false,false,false,false,false,false,false,,,,,,
12235,Mudrex,mudrex,Winter 2019,Active,https://mudrex.com,https://www.ycombinator.com/companies/mudrex,yc_oss_current,false,publicly_sourced,datahive_cb_url,mudrex,https://www.crunchbase.com/organization/mudrex,,,0,false,false,false,false,false,false,false,false,false,false,,,,,,
1233,Multiply Labs,multiply-labs,Summer 2016,Active,http://multiplylabs.com/,https://www.ycombinator.com/companies/multiply-labs,yc_oss_current,false,publicly_sourced,datahive_cb_url,multiply-labs,https://www.crunchbase.com/organization/multiply-labs,,,0,false,false,false,false,false,false,false,false,false,false,,,,,,
25527,Munily,munily,Winter 2022,Active,https://munily.com/#/,https://www.ycombinator.com/companies/munily,yc_oss_current,false,publicly_sourced,datahive_cb_url,munily,https://www.crunchbase.com/organization/munily,,,0,false,false,false,false,false,false,false,false,false,false,,,,,,
2014,Mutiny,mutiny,Summer 2018,Active,https://www.mutinyhq.com,https://www.ycombinator.com/companies/mutiny,yc_oss_current,false,publicly_sourced,datahive_cb_url,mutiny-1eca,https://www.crunchbase.com/organization/mutiny-1eca,,,0,false,false,false,false,false,false,false,false,false,false,,,,,,
972,Mux,mux,Winter 2016,Active,http://mux.com,https://www.ycombinator.com/companies/mux,yc_oss_current,false,publicly_sourced,datahive_cb_url,mux-2,https://www.crunchbase.com/organization/mux-2,,,0,false,false,false,false,false,false,false,false,false,false,,,,,,
1677,Muzz,muzz,Summer 2017,Active,https://muzz.com,https://www.ycombinator.com/companies/muzz,yc_oss_current,false,publicly_sourced,datahive_cb_url,muzmatch,https://www.crunchbase.com/organization/muzmatch,,,0,false,false,false,false,false,false,false,false,false,false,,,,,,
1920,Mylk Guys,mylk-guys,Summer 2018,Inactive,http://www.mylkguys.com/,https://www.ycombinator.com/companies/mylk-guys,yc_oss_current,false,publicly_sourced,datahive_cb_url,mylk-guys,https://www.crunchbase.com/organization/mylk-guys,,,0,false,false,false,false,false,false,false,false,false,false,,,,,,
25447,Myria,myria,Winter 2022,Active,https://myria.us,https://www.ycombinator.com/companies/myria,yc_oss_current,false,publicly_sourced,datahive_cb_url,myria-6245,https://www.crunchbase.com/organization/myria-6245,,,0,false,false,false,false,false,false,false,false,false,false,,,,,,
23430,Mystic,mystic,Winter 2021,Active,https://www.mystic.ai/,https://www.ycombinator.com/companies/mystic,yc_oss_current,false,publicly_sourced,datahive_cb_url,neuro-ai,https://www.crunchbase.com/organization/neuro-ai,,,0,false,false,false,false,false,false,false,false,false,false,,,,,,
1624,Mystro,mystro,Summer 2017,Inactive,http://www.mystrodriver.com,https://www.ycombinator.com/companies/mystro,yc_oss_current,false,publicly_sourced,datahive_cb_url,mystrodriver,https://www.crunchbase.com/organization/mystrodriver,,,0,false,false,false,false,false,false,false,false,false,false,,,,,,
1967,Mytos,cytera-cellworks,Summer 2018,Active,https://www.mytos.bio,https://www.ycombinator.com/companies/cytera-cellworks,yc_oss_current,false,publicly_sourced,datahive_cb_url,cytera-cellworks,https://www.crunchbase.com/organization/cytera-cellworks,,,0,false,false,false,false,false,false,false,false,false,false,,,,,,
13,MyVR,myvr,Winter 2012,Acquired,http://myvr.com,https://www.ycombinator.com/companies/myvr,yc_oss_current,false,publicly_sourced,datahive_cb_url,myvr,https://www.crunchbase.com/organization/myvr,,,0,false,false,false,false,false,false,false,false,false,false,,,,,,
11995,Nabis,nabis,Winter 2019,Active,https://www.nabis.com/,https://www.ycombinator.com/companies/nabis,yc_oss_current,false,publicly_sourced,datahive_cb_url,nabis,https://www.crunchbase.com/organization/nabis,,,0,false,false,false,false,false,false,false,false,false,false,,,,,,
1824,Naborly,naborly,Winter 2018,Acquired,https://naborly.com,https://www.ycombinator.com/companies/naborly,yc_oss_current,false,publicly_sourced,datahive_cb_url,naborly,https://www.crunchbase.com/organization/naborly,,,0,false,false,false,false,false,false,false,false,false,false,,,,,,
30522,Naïve,naive,Spring 2025,Active,https://usenaive.ai,https://www.ycombinator.com/companies/naive,yc_oss_current,false,publicly_sourced,datahive_cb_url,relixir,https://www.crunchbase.com/organization/relixir,,,0,false,false,false,false,false,false,false,false,false,false,,,,,,
12236,NALA,nala,Winter 2019,Active,http://nala.com,https://www.ycombinator.com/companies/nala,yc_oss_current,false,publicly_sourced,datahive_cb_url,nala-money,https://www.crunchbase.com/organization/nala-money,,,0,false,false,false,false,false,false,false,false,false,false,,,,,,
278,Nambii,nambii,Winter 2009,Inactive,http://nambii.com,https://www.ycombinator.com/companies/nambii,yc_oss_current,false,publicly_sourced,datahive_cb_url,nambii,https://www.crunchbase.com/organization/nambii,,,0,false,false,false,false,false,false,false,false,false,false,,,,,,
1991,Names & Faces,names-and-faces,Summer 2018,Active,http://www.namesandfaces.com,https://www.ycombinator.com/companies/names-and-faces,yc_oss_current,false,publicly_sourced,datahive_cb_url,names-faces,https://www.crunchbase.com/organization/names-faces,,,0,false,false,false,false,false,false,false,false,false,false,,,,,,
23656,Nano Technologies,nano-technologies,Winter 2021,Active,http://www.vuiapp.vn,https://www.ycombinator.com/companies/nano-technologies,yc_oss_current,false,publicly_sourced,datahive_cb_url,nano-technologies,https://www.crunchbase.com/organization/nano-technologies,,,0,false,false,false,false,false,false,false,false,false,false,,,,,,
29355,NanoCorp,nanocorp,Winter 2024,Active,https://nanocorp.so,https://www.ycombinator.com/companies/nanocorp,yc_oss_current,false,publicly_sourced,datahive_cb_url,phospho,https://www.crunchbase.com/organization/phospho,,,0,false,false,false,false,false,false,false,false,false,false,,,,,,
1530,NanoNets,nanonets,Winter 2017,Active,https://nanonets.com,https://www.ycombinator.com/companies/nanonets,yc_oss_current,false,publicly_sourced,datahive_cb_url,nanonets,https://www.crunchbase.com/organization/nanonets,,,0,false,false,false,false,false,false,false,false,false,false,,,,,,
30405,nao Labs,nao-labs,Spring 2025,Active,https://getnao.io/,https://www.ycombinator.com/companies/nao-labs,yc_oss_current,false,publicly_sourced,datahive_cb_url,nao-labs,https://www.crunchbase.com/organization/nao-labs,,,0,false,false,false,false,false,false,false,false,false,false,,,,,,
12598,Narrator,narrator,Summer 2019,Inactive,https://www.narratordata.com/,https://www.ycombinator.com/companies/narrator,yc_oss_current,false,publicly_sourced,datahive_cb_url,ai-narrator,https://www.crunchbase.com/organization/ai-narrator,,,0,false,false,false,false,false,false,false,false,false,false,,,,,,
434,Natero,natero,Summer 2012,Acquired,http://natero.com,https://www.ycombinator.com/companies/natero,yc_oss_current,false,publicly_sourced,datahive_cb_url,natero,https://www.crunchbase.com/organization/natero,,,0,false,false,false,false,false,false,false,false,false,false,,,,,,
12325,NaturAll Club,naturall-club,Winter 2019,Active,http://naturallclub.com,https://www.ycombinator.com/companies/naturall-club,yc_oss_current,false,publicly_sourced,datahive_cb_url,naturall-club,https://www.crunchbase.com/organization/naturall-club,,,0,false,false,false,false,false,false,false,false,false,false,,,,,,
23431,Navattic,navattic,Winter 2021,Active,https://www.navattic.com/,https://www.ycombinator.com/companies/navattic,yc_oss_current,false,publicly_sourced,datahive_cb_url,navattic,https://www.crunchbase.com/organization/navattic,,,0,false,false,false,false,false,false,false,false,false,false,,,,,,
689,Naytev,naytev,Summer 2014,Inactive,http://naytev.com,https://www.ycombinator.com/companies/naytev,yc_oss_current,false,publicly_sourced,datahive_cb_url,naytev,https://www.crunchbase.com/organization/naytev,,,0,false,false,false,false,false,false,false,false,false,false,,,,,,
956,Nebia,nebia,Summer 2015,Acquired,http://nebia.com,https://www.ycombinator.com/companies/nebia,yc_oss_current,false,publicly_sourced,datahive_cb_url,nebia,https://www.crunchbase.com/organization/nebia,,,0,false,false,false,false,false,false,false,false,false,false,,,,,,
1738,Necto,necto,Winter 2018,Inactive,http://joinnecto.com,https://www.ycombinator.com/companies/necto,yc_oss_current,false,publicly_sourced,datahive_cb_url,necto-lab,https://www.crunchbase.com/organization/necto-lab,,,0,false,false,false,false,false,false,false,false,false,false,,,,,,
1767,Nectome,nectome,Winter 2018,Active,https://nectome.com/,https://www.ycombinator.com/companies/nectome,yc_oss_current,false,publicly_sourced,datahive_cb_url,nectome,https://www.crunchbase.com/organization/nectome,,,0,false,false,false,false,false,false,false,false,false,false,,,,,,
1508,Neema,neema,Winter 2017,Inactive,http://getneema.com/,https://www.ycombinator.com/companies/neema,yc_oss_current,false,publicly_sourced,datahive_cb_url,neema,https://www.crunchbase.com/organization/neema,,,0,false,false,false,false,false,false,false,false,false,false,,,,,,
1247,NeoWize,neowize,Summer 2016,Acquired,http://www.neowize.com,https://www.ycombinator.com/companies/neowize,yc_oss_current,false,publicly_sourced,datahive_cb_url,neowize,https://www.crunchbase.com/organization/neowize,,,0,false,false,false,false,false,false,false,false,false,false,,,,,,
22045,Nephrogen,nephrogen,Summer 2020,Active,http://www.nephrogenbiotech.com,https://www.ycombinator.com/companies/nephrogen,yc_oss_current,false,publicly_sourced,datahive_cb_url,nephrogen,https://www.crunchbase.com/organization/nephrogen,,,0,false,false,false,false,false,false,false,false,false,false,,,,,,
690,Neptune.io,neptune-io,Summer 2014,Inactive,http://neptune.io,https://www.ycombinator.com/companies/neptune-io,yc_oss_current,false,publicly_sourced,datahive_cb_url,neptune-io,https://www.crunchbase.com/organization/neptune-io,,,0,false,false,false,false,false,false,false,false,false,false,,,,,,
27831,Neptyne,neptyne,Winter 2023,Inactive,https://neptyne.com,https://www.ycombinator.com/companies/neptyne,yc_oss_current,false,publicly_sourced,datahive_cb_url,neptyne,https://www.crunchbase.com/organization/neptyne,,,0,false,false,false,false,false,false,false,false,false,false,,,,,,
1998,Nestor,nestor,Summer 2018,Active,https://nestorup.com,https://www.ycombinator.com/companies/nestor,yc_oss_current,false,publicly_sourced,datahive_cb_url,nestor-cc61,https://www.crunchbase.com/organization/nestor-cc61,,,0,false,false,false,false,false,false,false,false,false,false,,,,,,
1056,NetBeez,netbeez,Winter 2016,Active,https://netbeez.net,https://www.ycombinator.com/companies/netbeez,yc_oss_current,false,publicly_sourced,datahive_cb_url,netbeez,https://www.crunchbase.com/organization/netbeez,,,0,false,false,false,false,false,false,false,false,false,false,,,,,,
26049,Netmaker,netmaker,Winter 2022,Active,https://netmaker.io,https://www.ycombinator.com/companies/netmaker,yc_oss_current,false,publicly_sourced,datahive_cb_url,netmaker-yc-w22,https://www.crunchbase.com/organization/netmaker-yc-w22,,,0,false,false,false,false,false,false,false,false,false,false,,,,,,
1033,Netomi,netomi,Winter 2016,Active,https://netomi.com,https://www.ycombinator.com/companies/netomi,yc_oss_current,false,publicly_sourced,datahive_cb_url,msg-ai,https://www.crunchbase.com/organization/msg-ai,,,0,false,false,false,false,false,false,false,false,false,false,,,,,,
1246,New Incentives,new-incentives,Summer 2016,Active,http://www.newincentives.org,https://www.ycombinator.com/companies/new-incentives,yc_oss_current,false,publicly_sourced,datahive_cb_url,new-incentives,https://www.crunchbase.com/organization/new-incentives,,,0,false,false,false,false,false,false,false,false,false,false,,,,,,
235,Newcope,newcope,Winter 2010,Inactive,http://newcope.com,https://www.ycombinator.com/companies/newcope,yc_oss_current,false,publicly_sourced,datahive_cb_url,newcope,https://www.crunchbase.com/organization/newcope,,,0,false,false,false,false,false,false,false,false,false,false,,,,,,
1782,NewCraft,newcraft,Winter 2018,Acquired,https://www.newcraft.io/,https://www.ycombinator.com/companies/newcraft,yc_oss_current,false,publicly_sourced,datahive_cb_url,newcraft,https://www.crunchbase.com/organization/newcraft,,,0,false,false,false,false,false,false,false,false,false,false,,,,,,
438,NewsBlur,newsblur,Summer 2012,Active,https://www.newsblur.com,https://www.ycombinator.com/companies/newsblur,yc_oss_current,false,publicly_sourced,datahive_cb_url,newsblur,https://www.crunchbase.com/organization/newsblur,,,0,false,false,false,false,false,false,false,false,false,false,,,,,,
234,Newslabs,newslabs,Winter 2010,Inactive,http://newslabs.com,https://www.ycombinator.com/companies/newslabs,yc_oss_current,false,publicly_sourced,datahive_cb_url,newslabs,https://www.crunchbase.com/organization/newslabs,,,0,false,false,false,false,false,false,false,false,false,false,,,,,,
1761,NEXGENT,nexgent,Winter 2018,Active,https://ngt.academy/,https://www.ycombinator.com/companies/nexgent,yc_oss_current,false,publicly_sourced,datahive_cb_url,nexgent-inc,https://www.crunchbase.com/organization/nexgent-inc,,,0,false,false,false,false,false,false,false,false,false,false,,,,,,
606,Next Caller,next-caller,Winter 2014,Acquired,http://nextcaller.com,https://www.ycombinator.com/companies/next-caller,yc_oss_current,false,publicly_sourced,datahive_cb_url,next-caller,https://www.crunchbase.com/organization/next-caller,,,0,false,false,false,false,false,false,false,false,false,false,,,,,,
13122,Nextmv,nextmv,Winter 2020,Acquired,https://nextmv.io,https://www.ycombinator.com/companies/nextmv,yc_oss_current,false,publicly_sourced,datahive_cb_url,nextmv,https://www.crunchbase.com/organization/nextmv,,,0,false,false,false,false,false,false,false,false,false,false,,,,,,
819,Nextop,nextop,Winter 2015,Inactive,http://nextop.io,https://www.ycombinator.com/companies/nextop,yc_oss_current,false,publicly_sourced,datahive_cb_url,nextop-io,https://www.crunchbase.com/organization/nextop-io,,,0,false,false,false,false,false,false,false,false,false,false,,,,,,
814,NexTravel,nextravel,Winter 2015,Acquired,https://www.nextravel.com,https://www.ycombinator.com/companies/nextravel,yc_oss_current,false,publicly_sourced,datahive_cb_url,nextravel,https://www.crunchbase.com/organization/nextravel,,,0,false,false,false,false,false,false,false,false,false,false,,,,,,
13471,Nexu,nexu,Winter 2020,Active,https://www.nexu.mx/,https://www.ycombinator.com/companies/nexu,yc_oss_current,false,publicly_sourced,datahive_cb_url,nexu,https://www.crunchbase.com/organization/nexu,,,0,false,false,false,false,false,false,false,false,false,false,,,,,,
26278,NFTScoring,nftscoring,Winter 2022,Inactive,https://nftscoring.com/,https://www.ycombinator.com/companies/nftscoring,yc_oss_current,false,publicly_sourced,datahive_cb_url,nftscoring,https://www.crunchbase.com/organization/nftscoring,,,0,false,false,false,false,false,false,false,false,false,false,,,,,,
25967,ngrow.ai,ngrow-ai,Winter 2022,Inactive,http://ngrow.ai,https://www.ycombinator.com/companies/ngrow-ai,yc_oss_current,false,publicly_sourced,datahive_cb_url,ngrow-ai,https://www.crunchbase.com/organization/ngrow-ai,,,0,false,false,false,false,false,false,false,false,false,false,,,,,,
692,Nightingale,nightingale,Summer 2014,Inactive,http://nightingaleapp.com,https://www.ycombinator.com/companies/nightingale,yc_oss_current,false,publicly_sourced,datahive_cb_url,nightingale,https://www.crunchbase.com/organization/nightingale,,,0,false,false,false,false,false,false,false,false,false,false,,,,,,
1547,Niles,niles,Winter 2017,Inactive,https://niles.ai,https://www.ycombinator.com/companies/niles,yc_oss_current,false,publicly_sourced,datahive_cb_url,niles-ai,https://www.crunchbase.com/organization/niles-ai,,,0,false,false,false,false,false,false,false,false,false,false,,,,,,
1609,Nimble,nimble,Summer 2017,Active,http://www.hirenimble.com,https://www.ycombinator.com/companies/nimble,yc_oss_current,false,publicly_sourced,datahive_cb_url,nimble-hiring-pbc,https://www.crunchbase.com/organization/nimble-hiring-pbc,,,0,false,false,false,false,false,false,false,false,false,false,,,,,,
851,NimbleRx,nimblerx,Winter 2015,Active,http://nimblerx.com,https://www.ycombinator.com/companies/nimblerx,yc_oss_current,false,publicly_sourced,datahive_cb_url,nimble-pharmacy,https://www.crunchbase.com/organization/nimble-pharmacy,,,0,false,false,false,false,false,false,false,false,false,false,,,,,,
306,Ninite,ninite,Winter 2008,Active,http://ninite.com,https://www.ycombinator.com/companies/ninite,yc_oss_current,false,publicly_sourced,datahive_cb_url,ninite,https://www.crunchbase.com/organization/ninite,,,0,false,false,false,false,false,false,false,false,false,false,,,,,,
24562,Noloco,noloco,Summer 2021,Active,https://noloco.io,https://www.ycombinator.com/companies/noloco,yc_oss_current,false,publicly_sourced,datahive_cb_url,noloco,https://www.crunchbase.com/organization/noloco,,,0,false,false,false,false,false,false,false,false,false,false,,,,,,
1527,Nomba,nomba,Winter 2017,Active,https://nomba.com,https://www.ycombinator.com/companies/nomba,yc_oss_current,false,publicly_sourced,datahive_cb_url,kudi,https://www.crunchbase.com/organization/kudi,,,0,false,false,false,false,false,false,false,false,false,false,,,,,,
30476,Nomi,nomi,Spring 2025,Active,https://www.nomi.so,https://www.ycombinator.com/companies/nomi,yc_oss_current,false,publicly_sourced,datahive_cb_url,nomi-ece5,https://www.crunchbase.com/organization/nomi-ece5,,,0,false,false,false,false,false,false,false,false,false,false,,,,,,
852,Nomiku,nomiku,Winter 2015,Inactive,http://nomiku.com,https://www.ycombinator.com/companies/nomiku,yc_oss_current,false,publicly_sourced,datahive_cb_url,nomiku,https://www.crunchbase.com/organization/nomiku,,,0,false,false,false,false,false,false,false,false,false,false,,,,,,
585,Noora Health,noora-health,Winter 2014,Active,http://noorahealth.org,https://www.ycombinator.com/companies/noora-health,yc_oss_current,false,publicly_sourced,datahive_cb_url,noora-health,https://www.crunchbase.com/organization/noora-health,,,0,false,false,false,false,false,false,false,false,false,false,,,,,,
25921,Nophin,nophin,Winter 2022,Inactive,https://www.nophin.com,https://www.ycombinator.com/companies/nophin,yc_oss_current,false,publicly_sourced,radema_cb_url,nophin,https://www.crunchbase.com/organization/nophin,,,0,false,false,false,false,false,false,false,false,false,false,,,,,,
25086,Northwind,northwind,Winter 2022,Inactive,https://northwindskin.com,https://www.ycombinator.com/companies/northwind,yc_oss_current,false,publicly_sourced,datahive_cb_url,northwind,https://www.crunchbase.com/organization/northwind,,,0,false,false,false,false,false,false,false,false,false,false,,,,,,
22004,Notabene,notabene,Summer 2020,Active,https://notabene.id,https://www.ycombinator.com/companies/notabene,yc_oss_current,false,publicly_sourced,datahive_cb_url,notabene-86d2,https://www.crunchbase.com/organization/notabene-86d2,,,0,false,false,false,false,false,false,false,false,false,false,,,,,,
739,Notable Labs,notable-labs,Winter 2015,Public,http://notablelabs.com,https://www.ycombinator.com/companies/notable-labs,yc_oss_current,false,publicly_sourced,datahive_cb_url,notable-labs-2,https://www.crunchbase.com/organization/notable-labs-2,,,0,false,false,false,false,false,false,false,false,false,false,,,,,,
238,Notifo,notifo,Winter 2010,Inactive,http://notifo.com,https://www.ycombinator.com/companies/notifo,yc_oss_current,false,publicly_sourced,datahive_cb_url,notifo,https://www.crunchbase.com/organization/notifo,,,0,false,false,false,false,false,false,false,false,false,false,,,,,,
30756,Notte,notte,Summer 2025,Active,https://www.notte.cc/,https://www.ycombinator.com/companies/notte,yc_oss_current,false,publicly_sourced,datahive_cb_url,nottelabs,https://www.crunchbase.com/organization/nottelabs,,,0,false,false,false,false,false,false,false,false,false,false,,,,,,
22699,Nourish,nourish,Winter 2021,Active,https://nourish.com,https://www.ycombinator.com/companies/nourish,yc_oss_current,false,publicly_sourced,datahive_cb_url,nourish-5df7,https://www.crunchbase.com/organization/nourish-5df7,,,0,false,false,false,false,false,false,false,false,false,false,,,,,,
1084,Nova,nova,Winter 2016,Acquired,http://www.nova.ai,https://www.ycombinator.com/companies/nova,yc_oss_current,false,publicly_sourced,datahive_cb_url,nova,https://www.crunchbase.com/organization/nova,,,0,false,false,false,false,false,false,false,false,false,false,,,,,,
1225,Nova Credit,nova-credit,Summer 2016,Active,http://www.novacredit.com/,https://www.ycombinator.com/companies/nova-credit,yc_oss_current,false,publicly_sourced,datahive_cb_url,nova-credit,https://www.crunchbase.com/organization/nova-credit,,,0,false,false,false,false,false,false,false,false,false,false,,,,,,
30709,Novaflow,novaflow,Summer 2025,Active,https://www.novaflow.ai,https://www.ycombinator.com/companies/novaflow,yc_oss_current,false,publicly_sourced,datahive_cb_url,novaflow,https://www.crunchbase.com/organization/novaflow,,,0,false,false,false,false,false,false,false,false,false,false,,,,,,
26754,Novig,novig,Summer 2022,Active,https://www.novig.com,https://www.ycombinator.com/companies/novig,yc_oss_current,false,publicly_sourced,datahive_cb_url,novig,https://www.crunchbase.com/organization/novig,,,0,false,false,false,false,false,false,false,false,false,false,,,,,,
30491,Novoflow,novoflow,Spring 2025,Active,https://www.novoflow.io/,https://www.ycombinator.com/companies/novoflow,yc_oss_current,false,publicly_sourced,datahive_cb_url,novoflow,https://www.crunchbase.com/organization/novoflow,,,0,false,false,false,false,false,false,false,false,false,false,,,,,,
220,Nowmov,nowmov,Winter 2010,Acquired,http://nowmov.com,https://www.ycombinator.com/companies/nowmov,yc_oss_current,false,publicly_sourced,datahive_cb_url,nowmov-1d19,https://www.crunchbase.com/organization/nowmov-1d19,,,0,false,false,false,false,false,false,false,false,false,false,,,,,,
12237,Nowports,nowports,Winter 2019,Active,https://nowports.com/,https://www.ycombinator.com/companies/nowports,yc_oss_current,false,publicly_sourced,datahive_cb_url,nowports,https://www.crunchbase.com/organization/nowports,,,0,false,false,false,false,false,false,false,false,false,false,,,,,,
30700,Nozomio,nozomio,Summer 2025,Active,https://www.nozomio.com/,https://www.ycombinator.com/companies/nozomio,yc_oss_current,false,publicly_sourced,datahive_cb_url,nia-400a,https://www.crunchbase.com/organization/nia-400a,,,0,false,false,false,false,false,false,false,false,false,false,,,,,,
29249,Nuanced,nuanced,Winter 2024,Active,https://www.nuanced.dev/,https://www.ycombinator.com/companies/nuanced,yc_oss_current,false,publicly_sourced,datahive_cb_url,nuanced-e5d3,https://www.crunchbase.com/organization/nuanced-e5d3,,,0,false,false,false,false,false,false,false,false,false,false,,,,,,
1183,NuCypher (aka Threshold Network),nucypher-aka-threshold-network,Summer 2016,Active,https://threshold.network/,https://www.ycombinator.com/companies/nucypher-aka-threshold-network,yc_oss_current,false,publicly_sourced,datahive_cb_url,nucypher,https://www.crunchbase.com/organization/nucypher,,,0,false,false,false,false,false,false,false,false,false,false,,,,confirmed,https://www.crunchbase.com/organization/nucypher,YC profile links directly to URL and founder MacLane Wilkison matches
257,NudgePad,nudgepad,Summer 2009,Inactive,http://azure.com,https://www.ycombinator.com/companies/nudgepad,yc_oss_current,false,publicly_sourced,datahive_cb_url,nudgepad,https://www.crunchbase.com/organization/nudgepad,,,0,false,false,false,false,false,false,false,false,false,false,,,,,,
25779,Nullstone,nullstone,Winter 2022,Active,https://nullstone.io,https://www.ycombinator.com/companies/nullstone,yc_oss_current,false,publicly_sourced,datahive_cb_url,nullstone,https://www.crunchbase.com/organization/nullstone,,,0,false,false,false,false,false,false,false,false,false,false,,,,,,
1897,"numericcal, inc.",numericcal-inc,Summer 2018,Inactive,http://numericcal.com/,https://www.ycombinator.com/companies/numericcal-inc,yc_oss_current,false,publicly_sourced,datahive_cb_url,numericcal,https://www.crunchbase.com/organization/numericcal,,,0,false,false,false,false,false,false,false,false,false,false,,,,,,
756,Numerion Labs,numerion-labs,Winter 2015,Active,https://www.numerionlabs.ai,https://www.ycombinator.com/companies/numerion-labs,yc_oss_current,false,publicly_sourced,datahive_cb_url,atomwise,https://www.crunchbase.com/organization/atomwise,,,0,false,false,false,false,false,false,false,false,false,false,,,,,,
12297,Numero,numero,Winter 2019,Active,https://www.numero.ai,https://www.ycombinator.com/companies/numero,yc_oss_current,false,publicly_sourced,datahive_cb_url,numero-e914,https://www.crunchbase.com/organization/numero-e914,,,0,false,false,false,false,false,false,false,false,false,false,,,,,,
25876,Numida,numida,Winter 2022,Active,https://numida.com,https://www.ycombinator.com/companies/numida,yc_oss_current,false,publicly_sourced,datahive_cb_url,numida-technologies,https://www.crunchbase.com/organization/numida-technologies,,,0,false,false,false,false,false,false,false,false,false,false,,,,,,
26750,NuMind,numind,Summer 2022,Active,https://www.numind.ai,https://www.ycombinator.com/companies/numind,yc_oss_current,false,publicly_sourced,datahive_cb_url,numind,https://www.crunchbase.com/organization/numind,,,0,false,false,false,false,false,false,false,false,false,false,,,,,,
1067,NURX,nurx,Winter 2016,Acquired,https://www.nurx.com/,https://www.ycombinator.com/companies/nurx,yc_oss_current,false,publicly_sourced,datahive_cb_url,nurx,https://www.crunchbase.com/organization/nurx,,,0,false,false,false,false,false,false,false,false,false,false,,,,,,
1820,Nutrigene,nutrigene,Winter 2018,Inactive,https://www.mynutrigene.com/,https://www.ycombinator.com/companies/nutrigene,yc_oss_current,false,publicly_sourced,datahive_cb_url,nutrigene-ltd,https://www.crunchbase.com/organization/nutrigene-ltd,,,0,false,false,false,false,false,false,false,false,false,false,,,,,,
1778,Nuvocargo,nuvocargo,Winter 2018,Active,http://www.nuvocargo.com,https://www.ycombinator.com/companies/nuvocargo,yc_oss_current,false,publicly_sourced,datahive_cb_url,nuvocargo,https://www.crunchbase.com/organization/nuvocargo,,,0,false,false,false,false,false,false,false,false,false,false,,,,,,
1468,Nuvola,nuvola,Winter 2017,Active,http://nuvola.tech,https://www.ycombinator.com/companies/nuvola,yc_oss_current,false,publicly_sourced,datahive_cb_url,millibatt,https://www.crunchbase.com/organization/millibatt,,,0,false,false,false,false,false,false,false,false,false,false,,,,,,
1739,Observant AI,observant-ai,Winter 2018,Active,https://www.observantai.com,https://www.ycombinator.com/companies/observant-ai,yc_oss_current,false,publicly_sourced,datahive_cb_url,observant-ai,https://www.crunchbase.com/organization/observant-ai,,,0,false,false,false,false,false,false,false,false,false,false,,,,,,
1859,Observe.AI,observe-ai,Winter 2018,Active,https://observe.ai,https://www.ycombinator.com/companies/observe-ai,yc_oss_current,false,publicly_sourced,datahive_cb_url,observe-ai,https://www.crunchbase.com/organization/observe-ai,,,0,false,false,false,false,false,false,false,false,false,false,,,,,,
432,OctaveWealth,octavewealth,Summer 2012,Active,https://octavewealth.com,https://www.ycombinator.com/companies/octavewealth,yc_oss_current,false,publicly_sourced,datahive_cb_url,octavewealth,https://www.crunchbase.com/organization/octavewealth,,,0,false,false,false,false,false,false,false,false,false,false,,,,,,
346,Octopart,octopart,Winter 2007,Acquired,http://octopart.com,https://www.ycombinator.com/companies/octopart,yc_oss_current,false,publicly_sourced,datahive_cb_url,octopart,https://www.crunchbase.com/organization/octopart,,,0,false,false,false,false,false,false,false,false,false,false,,,,,,
29442,Ocular AI,ocular-ai,Winter 2024,Active,https://useocular.com,https://www.ycombinator.com/companies/ocular-ai,yc_oss_current,false,publicly_sourced,datahive_cb_url,ocular-ai,https://www.crunchbase.com/organization/ocular-ai,,,0,false,false,false,false,false,false,false,false,false,false,,,,,,
12565,Odeko,odeko,Summer 2019,Active,http://www.odeko.com,https://www.ycombinator.com/companies/odeko,yc_oss_current,false,publicly_sourced,datahive_cb_url,odeko,https://www.crunchbase.com/organization/odeko,,,0,false,false,false,false,false,false,false,false,false,false,,,,,,
283,OhLife,ohlife,Summer 2008,Inactive,http://ohlife.com,https://www.ycombinator.com/companies/ohlife,yc_oss_current,false,publicly_sourced,datahive_cb_url,ohlife,https://www.crunchbase.com/organization/ohlife,,,0,false,false,false,false,false,false,false,false,false,false,,,,,,
924,Ohm,ohm,Summer 2015,Inactive,http://getohm.com,https://www.ycombinator.com/companies/ohm,yc_oss_current,false,publicly_sourced,datahive_cb_url,ohm,https://www.crunchbase.com/organization/ohm,,,0,false,false,false,false,false,false,false,false,false,false,,,,,,
13075,Okay,okay,Winter 2020,Acquired,https://www.okayhq.com,https://www.ycombinator.com/companies/okay,yc_oss_current,false,publicly_sourced,datahive_cb_url,okay,https://www.crunchbase.com/organization/okay,,,0,false,false,false,false,false,false,false,false,false,false,,,,,,
2032,OkCredit,okcredit,Summer 2018,Active,https://www.okcredit.in,https://www.ycombinator.com/companies/okcredit,yc_oss_current,false,publicly_sourced,datahive_cb_url,okcredit-india,https://www.crunchbase.com/organization/okcredit-india,,,0,false,false,false,false,false,false,false,false,false,false,,,,,,
12032,Okteto,okteto,Winter 2019,Active,https://okteto.com,https://www.ycombinator.com/companies/okteto,yc_oss_current,false,publicly_sourced,datahive_cb_url,okteto,https://www.crunchbase.com/organization/okteto,,,0,false,false,false,false,false,false,false,false,false,false,,,,,,
23366,OlaClick,olaclick,Winter 2021,Active,https://www.olaclick.com/,https://www.ycombinator.com/companies/olaclick,yc_oss_current,false,publicly_sourced,datahive_cb_url,olaclick,https://www.crunchbase.com/organization/olaclick,,,0,false,false,false,false,false,false,false,false,false,false,,,,,,
249,Olark,olark,Summer 2009,Active,http://olark.com,https://www.ycombinator.com/companies/olark,yc_oss_current,false,publicly_sourced,datahive_cb_url,olark,https://www.crunchbase.com/organization/olark,,,0,false,false,false,false,false,false,false,false,false,false,,,,,,
23634,Ollama,ollama,Winter 2021,Active,https://ollama.com,https://www.ycombinator.com/companies/ollama,yc_oss_current,false,publicly_sourced,datahive_cb_url,ollama,https://www.crunchbase.com/organization/ollama,,,0,false,false,false,false,false,false,false,false,false,false,,,,,,
26050,Olympian Motors,olympian-motors,Winter 2022,Active,https://olympianmotors.com/,https://www.ycombinator.com/companies/olympian-motors,yc_oss_current,false,publicly_sourced,datahive_cb_url,olympian-motors,https://www.crunchbase.com/organization/olympian-motors,,,0,false,false,false,false,false,false,false,false,false,false,,,,,,
1297,OMG Digital,omg-digital,Summer 2016,Active,http://omgdigitalinc.com/,https://www.ycombinator.com/companies/omg-digital,yc_oss_current,false,publicly_sourced,datahive_cb_url,omg-digital,https://www.crunchbase.com/organization/omg-digital,,,0,false,false,false,false,false,false,false,false,false,false,,,,,,
357,OMGPop,omgpop,Summer 2006,Acquired,https://omgpop.com,https://www.ycombinator.com/companies/omgpop,yc_oss_current,false,publicly_sourced,datahive_cb_url,omgpop,https://www.crunchbase.com/organization/omgpop,,,0,false,false,false,false,false,false,false,false,false,false,,,,,,
775,Omniref,omniref,Winter 2015,Inactive,http://omniref.com,https://www.ycombinator.com/companies/omniref,yc_oss_current,false,publicly_sourced,datahive_cb_url,omniref,https://www.crunchbase.com/organization/omniref,,,0,false,false,false,false,false,false,false,false,false,false,,,,,,
310,Omnisio,omnisio,Winter 2008,Acquired,http://omnisio.com,https://www.ycombinator.com/companies/omnisio,yc_oss_current,false,publicly_sourced,datahive_cb_url,omnisio,https://www.crunchbase.com/organization/omnisio,,,0,false,false,false,false,false,false,false,false,false,false,,,,,,
27813,Omnistrate,omnistrate,Winter 2023,Active,http://www.omnistrate.com,https://www.ycombinator.com/companies/omnistrate,yc_oss_current,false,publicly_sourced,datahive_cb_url,omnistrate,https://www.crunchbase.com/organization/omnistrate,,,0,false,false,false,false,false,false,false,false,false,false,,,,,,
398,OmniVirt,omnivirt,Summer 2012,Acquired,https://www.omnivirt.com,https://www.ycombinator.com/companies/omnivirt,yc_oss_current,false,publicly_sourced,datahive_cb_url,adsoptimal-social-nation-inc,https://www.crunchbase.com/organization/adsoptimal-social-nation-inc,,,0,false,false,false,false,false,false,false,false,false,false,,,,,,
26266,Onboard.io,onboard-io,Winter 2022,Active,https://onboard.io,https://www.ycombinator.com/companies/onboard-io,yc_oss_current,false,publicly_sourced,datahive_cb_url,onboard-onboard-io,https://www.crunchbase.com/organization/onboard-onboard-io,,,0,false,false,false,false,false,false,false,false,false,false,,,,,,
1665,Oncobox,oncobox,Summer 2017,Active,http://oncobox.com,https://www.ycombinator.com/companies/oncobox,yc_oss_current,false,publicly_sourced,datahive_cb_url,oncobox,https://www.crunchbase.com/organization/oncobox,,,0,false,false,false,false,false,false,false,false,false,false,,,,,,
734,One Codex,one-codex,Summer 2014,Acquired,https://www.onecodex.com,https://www.ycombinator.com/companies/one-codex,yc_oss_current,false,publicly_sourced,datahive_cb_url,one-codex,https://www.crunchbase.com/organization/one-codex,,,0,false,false,false,false,false,false,false,false,false,false,,,,,,
608,One Degree,one-degree,Winter 2014,Active,http://1degree.org,https://www.ycombinator.com/companies/one-degree,yc_oss_current,false,publicly_sourced,datahive_cb_url,1degree,https://www.crunchbase.com/organization/1degree,,,0,false,false,false,false,false,false,false,false,false,false,,,,,,
548,One Month,one-month,Summer 2013,Inactive,http://onemonth.com,https://www.ycombinator.com/companies/one-month,yc_oss_current,false,publicly_sourced,datahive_cb_url,one-month-rails,https://www.crunchbase.com/organization/one-month-rails,,,0,false,false,false,false,false,false,false,false,false,false,,,,,,
24230,Onebrief,onebrief,Summer 2021,Active,https://onebrief.com,https://www.ycombinator.com/companies/onebrief,yc_oss_current,false,publicly_sourced,datahive_cb_url,onebrief,https://www.crunchbase.com/organization/onebrief,,,0,false,false,false,false,false,false,false,false,false,false,,,,,,
1226,OneChronos,onechronos,Summer 2016,Active,https://www.onechronos.com/,https://www.ycombinator.com/companies/onechronos,yc_oss_current,false,publicly_sourced,datahive_cb_url,one-chronos,https://www.crunchbase.com/organization/one-chronos,,,0,false,false,false,false,false,false,false,false,false,false,,,,,,
1762,onederful,onederful,Winter 2018,Acquired,http://www.onederful.co,https://www.ycombinator.com/companies/onederful,yc_oss_current,false,publicly_sourced,datahive_cb_url,onederful,https://www.crunchbase.com/organization/onederful,,,0,false,false,false,false,false,false,false,false,false,false,,,,,,
1540,OneFin,onefin,Winter 2017,Active,https://www.onefin.in,https://www.ycombinator.com/companies/onefin,yc_oss_current,false,publicly_sourced,datahive_cb_url,onefin,https://www.crunchbase.com/organization/onefin,,,0,false,false,false,false,false,false,false,false,false,false,,,,,,
1947,OneGraph,onegraph,Summer 2018,Acquired,https://www.onegraph.com/,https://www.ycombinator.com/companies/onegraph,yc_oss_current,false,publicly_sourced,datahive_cb_url,onegraph,https://www.crunchbase.com/organization/onegraph,,,0,false,false,false,false,false,false,false,false,false,false,,,,,,
1673,OneLocal,onelocal,Summer 2017,Active,https://onelocal.com/,https://www.ycombinator.com/companies/onelocal,yc_oss_current,false,publicly_sourced,datahive_cb_url,gata-labs,https://www.crunchbase.com/organization/gata-labs,,,0,false,false,false,false,false,false,false,false,false,false,,,,,,
24404,OneSchema,oneschema,Summer 2021,Active,https://www.oneschema.co,https://www.ycombinator.com/companies/oneschema,yc_oss_current,false,publicly_sourced,datahive_cb_url,oneschema,https://www.crunchbase.com/organization/oneschema,,,0,false,false,false,false,false,false,false,false,false,false,,,,,,
24843,OneShop,oneshop,Summer 2021,Inactive,https://oneshop.com,https://www.ycombinator.com/companies/oneshop,yc_oss_current,false,publicly_sourced,datahive_cb_url,oneshopcom,https://www.crunchbase.com/organization/oneshopcom,,,0,false,false,false,false,false,false,false,false,false,false,,,,,,
76,OneSignal,onesignal,Summer 2011,Active,https://onesignal.com,https://www.ycombinator.com/companies/onesignal,yc_oss_current,false,publicly_sourced,datahive_cb_url,one-signal,https://www.crunchbase.com/organization/one-signal,,,0,false,false,false,false,false,false,false,false,false,false,,,,,,
24302,OneStopKitchen,onestopkitchen,Summer 2021,Inactive,https://onestopkitchen.com/,https://www.ycombinator.com/companies/onestopkitchen,yc_oss_current,false,publicly_sourced,datahive_cb_url,mayaeats,https://www.crunchbase.com/organization/mayaeats,,,0,false,false,false,false,false,false,false,false,false,false,,,,,,
24580,Onsite Pro,onsite-pro,Summer 2021,Inactive,https://onsitepro.co,https://www.ycombinator.com/companies/onsite-pro,yc_oss_current,false,publicly_sourced,radema_cb_url,greenwork,https://www.crunchbase.com/organization/greenwork,,,0,false,false,false,false,false,false,false,false,false,false,,,,confirmed,https://www.crunchbase.com/organization/greenwork,Crunchbase profile is Onsite Pro by Greenwork and onsitepro.co domain matches
23238,Ontop,ontop,Winter 2021,Active,https://www.getontop.com/,https://www.ycombinator.com/companies/ontop,yc_oss_current,false,publicly_sourced,datahive_cb_url,top-e6ff,https://www.crunchbase.com/organization/top-e6ff,,,0,false,false,false,false,false,false,false,false,false,false,,,,,,
25401,Onyx Private,onyx-private,Winter 2022,Acquired,https://www.onyxprivate.com,https://www.ycombinator.com/companies/onyx-private,yc_oss_current,false,publicly_sourced,datahive_cb_url,onyx-card,https://www.crunchbase.com/organization/onyx-card,,,0,false,false,false,false,false,false,false,false,false,false,,,,,,
926,Oolu,oolu,Summer 2015,Acquired,http://oolusolar.com,https://www.ycombinator.com/companies/oolu,yc_oss_current,false,publicly_sourced,datahive_cb_url,oolu,https://www.crunchbase.com/organization/oolu,,,0,false,false,false,false,false,false,false,false,false,false,,,,,,
1675,Opearlo,opearlo,Summer 2017,Acquired,https://www.opearlo.com,https://www.ycombinator.com/companies/opearlo,yc_oss_current,false,publicly_sourced,datahive_cb_url,opearlo,https://www.crunchbase.com/organization/opearlo,,,0,false,false,false,false,false,false,false,false,false,false,,,,,,
777,Open Listings,open-listings,Winter 2015,Acquired,https://www.openlistings.com,https://www.ycombinator.com/companies/open-listings,yc_oss_current,false,publicly_sourced,datahive_cb_url,open-listings,https://www.crunchbase.com/organization/open-listings,,,0,false,false,false,false,false,false,false,false,false,false,,,,,,
1026,Open Motors,open-motors,Winter 2016,Inactive,https://www.openmotors.co,https://www.ycombinator.com/companies/open-motors,yc_oss_current,false,publicly_sourced,datahive_cb_url,osvehicle,https://www.crunchbase.com/organization/osvehicle,,,0,false,false,false,false,false,false,false,false,false,false,,,,,,
13434,OpenBiome,openbiome,Winter 2020,Active,http://openbiome.org,https://www.ycombinator.com/companies/openbiome,yc_oss_current,false,publicly_sourced,datahive_cb_url,openbiome,https://www.crunchbase.com/organization/openbiome,,,0,false,false,false,false,false,false,false,false,false,false,,,,,,
642,OpenCurriculum,opencurriculum,Winter 2014,Active,https://opencurriculum.org,https://www.ycombinator.com/companies/opencurriculum,yc_oss_current,false,publicly_sourced,datahive_cb_url,opencurriculum,https://www.crunchbase.com/organization/opencurriculum,,,0,false,false,false,false,false,false,false,false,false,false,,,,,,
870,OpenInvest,openinvest,Summer 2015,Acquired,http://www.openinvest.com,https://www.ycombinator.com/companies/openinvest,yc_oss_current,false,publicly_sourced,datahive_cb_url,openinvest,https://www.crunchbase.com/organization/openinvest,,,0,false,false,false,false,false,false,false,false,false,false,,,,,,
1792,Openland,openland,Winter 2018,Inactive,https://openland.com,https://www.ycombinator.com/companies/openland,yc_oss_current,false,publicly_sourced,datahive_cb_url,openland,https://www.crunchbase.com/organization/openland,,,0,false,false,false,false,false,false,false,false,false,false,,,,,,
23781,Openlayer,openlayer,Summer 2021,Active,https://openlayer.com,https://www.ycombinator.com/companies/openlayer,yc_oss_current,false,publicly_sourced,datahive_cb_url,unbox-3db0,https://www.crunchbase.com/organization/unbox-3db0,,,0,false,false,false,false,false,false,false,false,false,false,,,,,,
29424,Openmart,openmart,Winter 2024,Active,https://www.openmart.com,https://www.ycombinator.com/companies/openmart,yc_oss_current,false,publicly_sourced,datahive_cb_url,openmart-da89,https://www.crunchbase.com/organization/openmart-da89,,,0,false,false,false,false,false,false,false,false,false,false,,,,,,
30743,Opennote,opennote,Summer 2025,Acquired,https://opennote.com,https://www.ycombinator.com/companies/opennote,yc_oss_current,false,publicly_sourced,datahive_cb_url,opennote,https://www.crunchbase.com/organization/opennote,,,0,false,false,false,false,false,false,false,false,false,false,,,,,,
12637,OpenReplay,asayer,Summer 2019,Active,https://www.openreplay.com/,https://www.ycombinator.com/companies/asayer,yc_oss_current,false,publicly_sourced,datahive_cb_url,asayer,https://www.crunchbase.com/organization/asayer,,,0,false,false,false,false,false,false,false,false,false,false,,,,,,
1844,OpenSea,opensea,Winter 2018,Active,https://opensea.io,https://www.ycombinator.com/companies/opensea,yc_oss_current,false,publicly_sourced,datahive_cb_url,opensea,https://www.crunchbase.com/organization/opensea,,,0,false,false,false,false,false,false,false,false,false,false,,,,,,
1030,Opentrons,opentrons,Winter 2016,Active,http://opentrons.com,https://www.ycombinator.com/companies/opentrons,yc_oss_current,false,publicly_sourced,datahive_cb_url,opentrons,https://www.crunchbase.com/organization/opentrons,,,0,false,false,false,false,false,false,false,false,false,false,,,,,,
13115,OpenUnit,openunit,Winter 2020,Active,https://www.openunit.com/,https://www.ycombinator.com/companies/openunit,yc_oss_current,false,publicly_sourced,datahive_cb_url,openunit,https://www.crunchbase.com/organization/openunit,,,0,false,false,false,false,false,false,false,false,false,false,,,,,,
109,Opez,opez,Summer 2011,Inactive,http://opez.com,https://www.ycombinator.com/companies/opez,yc_oss_current,false,publicly_sourced,datahive_cb_url,opez,https://www.crunchbase.com/organization/opez,,,0,false,false,false,false,false,false,false,false,false,false,,,,,,
24774,Opkit,opkit,Summer 2021,Inactive,https://opkit.co/,https://www.ycombinator.com/companies/opkit,yc_oss_current,false,publicly_sourced,datahive_cb_url,opkit,https://www.crunchbase.com/organization/opkit,,,0,false,false,false,false,false,false,false,false,false,false,,,,,,
1222,Opsolutely,opsolutely,Summer 2016,Acquired,https://www.opsolutely.com,https://www.ycombinator.com/companies/opsolutely,yc_oss_current,false,publicly_sourced,datahive_cb_url,opsolutely,https://www.crunchbase.com/organization/opsolutely,,,0,false,false,false,false,false,false,false,false,false,false,,,,,,
25061,Optery,optery,Winter 2022,Active,https://www.optery.com,https://www.ycombinator.com/companies/optery,yc_oss_current,false,publicly_sourced,datahive_cb_url,optery,https://www.crunchbase.com/organization/optery,,,0,false,false,false,false,false,false,false,false,false,false,,,,,,
1925,Optic,optic,Summer 2018,Acquired,http://useoptic.com/,https://www.ycombinator.com/companies/optic,yc_oss_current,false,publicly_sourced,datahive_cb_url,optic,https://www.crunchbase.com/organization/optic,,,0,false,false,false,false,false,false,false,false,false,false,,,,,,
22,Optilly/Installmonetizer,optilly-installmonetizer,Winter 2012,Inactive,http://optilly.com,https://www.ycombinator.com/companies/optilly-installmonetizer,yc_oss_current,false,publicly_sourced,datahive_cb_url,installmonetizer,https://www.crunchbase.com/organization/installmonetizer,,,0,false,false,false,false,false,false,false,false,false,false,,,,,,
196,Opzi,opzi,Summer 2010,Inactive,http://opzi.com,https://www.ycombinator.com/companies/opzi,yc_oss_current,false,publicly_sourced,datahive_cb_url,opzi,https://www.crunchbase.com/organization/opzi,,,0,false,false,false,false,false,false,false,false,false,false,,,,,,
28776,Ora AI,ora-ai,Summer 2023,Active,http://oraai.com/,https://www.ycombinator.com/companies/ora-ai,yc_oss_current,false,publicly_sourced,datahive_cb_url,synaptiq-learning-inc,https://www.crunchbase.com/organization/synaptiq-learning-inc,,,0,false,false,false,false,false,false,false,false,false,false,,,,,,
1836,Orangewood Labs,orangewood-labs,Winter 2018,Active,http://www.orangewood.co,https://www.ycombinator.com/companies/orangewood-labs,yc_oss_current,false,publicly_sourced,datahive_cb_url,orangewood-labs-inc,https://www.crunchbase.com/organization/orangewood-labs-inc,,,0,false,false,false,false,false,false,false,false,false,false,,,,,,
29157,Orbio Earth,orbio-earth,Summer 2023,Active,https://www.orbio.earth/,https://www.ycombinator.com/companies/orbio-earth,yc_oss_current,false,publicly_sourced,datahive_cb_url,orbio,https://www.crunchbase.com/organization/orbio,,,0,false,false,false,false,false,false,false,false,false,false,,,,,,
169,OrderAhead,orderahead,Winter 2011,Acquired,https://www.crunchbase.com/organization/orderahead,https://www.ycombinator.com/companies/orderahead,yc_oss_current,false,publicly_sourced,datahive_cb_url,orderahead,https://www.crunchbase.com/organization/orderahead,,,0,false,false,false,false,false,false,false,false,false,false,,,,,,
24691,Orderli,orderli,Summer 2021,Active,https://orderli.com/en,https://www.ycombinator.com/companies/orderli,yc_oss_current,false,publicly_sourced,datahive_cb_url,orderli,https://www.crunchbase.com/organization/orderli,,,0,false,false,false,false,false,false,false,false,false,false,,,,,,
26814,Ordinary Seafood,ordinary-seafood,Summer 2022,Inactive,https://www.ordinaryseafood.com/,https://www.ycombinator.com/companies/ordinary-seafood,yc_oss_current,false,publicly_sourced,datahive_cb_url,numi-1b35,https://www.crunchbase.com/organization/numi-1b35,,,0,false,false,false,false,false,false,false,false,false,false,,,,,,
30090,Origami,origami-2,Fall 2024,Active,https://origami.chat/,https://www.ycombinator.com/companies/origami-2,yc_oss_current,false,publicly_sourced,datahive_cb_url,origami-agents,https://www.crunchbase.com/organization/origami-agents,,,0,false,false,false,false,false,false,false,false,false,false,,,,,,
1481,Origin,origin,Winter 2017,Inactive,http://eatorigin.com,https://www.ycombinator.com/companies/origin,yc_oss_current,false,publicly_sourced,datahive_cb_url,origin-8,https://www.crunchbase.com/organization/origin-8,,,0,false,false,false,false,false,false,false,false,false,false,,,,,,
1838,OSIMple,osimple,Winter 2018,Inactive,http://osimple.co,https://www.ycombinator.com/companies/osimple,yc_oss_current,false,publicly_sourced,datahive_cb_url,osimple,https://www.crunchbase.com/organization/osimple,,,0,false,false,false,false,false,false,false,false,false,false,,,,,,
21930,Osmind,osmind,Summer 2020,Active,https://osmind.org/,https://www.ycombinator.com/companies/osmind,yc_oss_current,false,publicly_sourced,datahive_cb_url,osmind,https://www.crunchbase.com/organization/osmind,,,0,false,false,false,false,false,false,false,false,false,false,,,,confirmed,https://www.crunchbase.com/organization/osmind,Name and osmind.org domain match
30247,Osmosis,osmosis,Winter 2025,Active,https://osmosis.ai/,https://www.ycombinator.com/companies/osmosis,yc_oss_current,false,publicly_sourced,datahive_cb_url,gulp-ai,https://www.crunchbase.com/organization/gulp-ai,,,0,false,false,false,false,false,false,false,false,false,false,,,,,,
25539,Oto,oto,Winter 2022,Active,https://www.joinoto.com,https://www.ycombinator.com/companies/oto,yc_oss_current,false,publicly_sourced,datahive_cb_url,oto-4786,https://www.crunchbase.com/organization/oto-4786,,,0,false,false,false,false,false,false,false,false,false,false,,,,,,
12094,Our World in Data,our-world-in-data,Winter 2019,Active,https://ourworldindata.org/,https://www.ycombinator.com/companies/our-world-in-data,yc_oss_current,false,publicly_sourced,datahive_cb_url,our-world-in-data,https://www.crunchbase.com/organization/our-world-in-data,,,0,false,false,false,false,false,false,false,false,false,false,,,,,,
1770,OurMenu,ourmenu,Winter 2018,Inactive,http://www.ourmenu.io,https://www.ycombinator.com/companies/ourmenu,yc_oss_current,false,publicly_sourced,datahive_cb_url,ourmenu,https://www.crunchbase.com/organization/ourmenu,,,0,false,false,false,false,false,false,false,false,false,false,,,,,,
820,Outbound,outbound,Winter 2015,Acquired,http://outbound.io,https://www.ycombinator.com/companies/outbound,yc_oss_current,false,publicly_sourced,datahive_cb_url,outbound-io,https://www.crunchbase.com/organization/outbound-io,,,0,false,false,false,false,false,false,false,false,false,false,,,,,,
27868,Outerbase,outerbase,Winter 2023,Acquired,https://www.outerbase.com,https://www.ycombinator.com/companies/outerbase,yc_oss_current,false,publicly_sourced,datahive_cb_url,outerbase,https://www.crunchbase.com/organization/outerbase,,,0,false,false,false,false,false,false,false,false,false,false,,,,,,
24524,outloud.ai,outloud-ai,Summer 2021,Inactive,https://www.outloud.ai/,https://www.ycombinator.com/companies/outloud-ai,yc_oss_current,false,publicly_sourced,datahive_cb_url,outloud-ai,https://www.crunchbase.com/organization/outloud-ai,,,0,false,false,false,false,false,false,false,false,false,false,,,,,,
12283,"OutRival, Inc.",outrival-inc,Winter 2019,Active,https://outrival.com/,https://www.ycombinator.com/companies/outrival-inc,yc_oss_current,false,publicly_sourced,radema_cb_url,career-karma,https://www.crunchbase.com/organization/career-karma,,,0,false,false,false,false,false,false,false,false,false,false,,,,,,
994,Outschool,outschool,Winter 2016,Active,http://outschool.com,https://www.ycombinator.com/companies/outschool,yc_oss_current,false,publicly_sourced,datahive_cb_url,outschool,https://www.crunchbase.com/organization/outschool,,,0,false,false,false,false,false,false,false,false,false,false,,,,,,
13435,Overfit,overfit,Summer 2020,Inactive,https://overfit.com,https://www.ycombinator.com/companies/overfit,yc_oss_current,false,publicly_sourced,datahive_cb_url,overfit,https://www.crunchbase.com/organization/overfit,,,0,false,false,false,false,false,false,false,false,false,false,,,,,,
11895,Overview,overview,Winter 2019,Active,https://overview.ai,https://www.ycombinator.com/companies/overview,yc_oss_current,false,publicly_sourced,datahive_cb_url,overview-ai,https://www.crunchbase.com/organization/overview-ai,,,0,false,false,false,false,false,false,false,false,false,false,,,,,,
1735,Ovipost,ovipost,Winter 2018,Inactive,https://ovipost.com,https://www.ycombinator.com/companies/ovipost,yc_oss_current,false,publicly_sourced,datahive_cb_url,ovipost,https://www.crunchbase.com/organization/ovipost,,,0,false,false,false,false,false,false,false,false,false,false,,,,,,
29844,Oway,oway,Summer 2024,Active,https://www.shipoway.com,https://www.ycombinator.com/companies/oway,yc_oss_current,false,publicly_sourced,datahive_cb_url,oway-a533,https://www.crunchbase.com/organization/oway-a533,,,0,false,false,false,false,false,false,false,false,false,false,,,,,,
668,Owners Circle,owners-circle,Summer 2014,Inactive,https://www.ownerscircle.com,https://www.ycombinator.com/companies/owners-circle,yc_oss_current,false,publicly_sourced,datahive_cb_url,owners-circle,https://www.crunchbase.com/organization/owners-circle,,,0,false,false,false,false,false,false,false,false,false,false,,,,confirmed,https://www.crunchbase.com/organization/owners-circle,Name ownerscircle.com domain and YC investor match
226,OwnLocal,ownlocal,Winter 2010,Active,http://ownlocal.com,https://www.ycombinator.com/companies/ownlocal,yc_oss_current,false,publicly_sourced,datahive_cb_url,ownlocal,https://www.crunchbase.com/organization/ownlocal,,,0,false,false,false,false,false,false,false,false,false,false,,,,,,
1889,OWNY,owny,Summer 2018,Active,https://www.owny.com,https://www.ycombinator.com/companies/owny,yc_oss_current,false,publicly_sourced,datahive_cb_url,realtybits-palo-alto-calfornia,https://www.crunchbase.com/organization/realtybits-palo-alto-calfornia,,,0,false,false,false,false,false,false,false,false,false,false,,,,,,
2022,Oxygen,oxygen,Summer 2018,Active,http://getoxygen.com,https://www.ycombinator.com/companies/oxygen,yc_oss_current,false,publicly_sourced,datahive_cb_url,oxygen-5cc0,https://www.crunchbase.com/organization/oxygen-5cc0,,,0,false,false,false,false,false,false,false,false,false,false,,,,,,
25472,Ozone,ozone,Winter 2022,Inactive,https://ozone.pro,https://www.ycombinator.com/companies/ozone,yc_oss_current,false,publicly_sourced,datahive_cb_url,ozone-40f6,https://www.crunchbase.com/organization/ozone-40f6,,,0,false,false,false,false,false,false,false,false,false,false,,,,,,
26662,Paces,paces,Summer 2022,Active,https://paces.com,https://www.ycombinator.com/companies/paces,yc_oss_current,false,publicly_sourced,datahive_cb_url,paces-ai,https://www.crunchbase.com/organization/paces-ai,,,0,false,false,false,false,false,false,false,false,false,false,,,,,,
11936,Pachama,pachama,Winter 2019,Acquired,http://pachama.com,https://www.ycombinator.com/companies/pachama,yc_oss_current,false,publicly_sourced,datahive_cb_url,pachama,https://www.crunchbase.com/organization/pachama,,,0,false,false,false,false,false,false,false,false,false,false,,,,,,
778,Pachyderm,pachyderm,Winter 2015,Acquired,http://pachyderm.com,https://www.ycombinator.com/companies/pachyderm,yc_oss_current,false,publicly_sourced,datahive_cb_url,pachyderm,https://www.crunchbase.com/organization/pachyderm,,,0,false,false,false,false,false,false,false,false,false,false,,,,,,
481,Padlet,padlet,Winter 2013,Active,https://padlet.com,https://www.ycombinator.com/companies/padlet,yc_oss_current,false,publicly_sourced,datahive_cb_url,padlet,https://www.crunchbase.com/organization/padlet,,,0,false,false,false,false,false,false,false,false,false,false,,,,,,
186,PadMapper,padmapper,Summer 2010,Acquired,http://padmapper.com,https://www.ycombinator.com/companies/padmapper,yc_oss_current,false,publicly_sourced,datahive_cb_url,padmapper,https://www.crunchbase.com/organization/padmapper,,,0,false,false,false,false,false,false,false,false,false,false,,,,,,
1831,Pagedraw,pagedraw,Winter 2018,Inactive,https://pagedraw.io/,https://www.ycombinator.com/companies/pagedraw,yc_oss_current,false,publicly_sourced,datahive_cb_url,pagedraw,https://www.crunchbase.com/organization/pagedraw,,,0,false,false,false,false,false,false,false,false,false,false,,,,,,
99,Pagelever,pagelever,Summer 2011,Acquired,http://pagelever.com,https://www.ycombinator.com/companies/pagelever,yc_oss_current,false,publicly_sourced,datahive_cb_url,pagelever,https://www.crunchbase.com/organization/pagelever,,,0,false,false,false,false,false,false,false,false,false,false,,,,,,
202,PagerDuty,pagerduty,Summer 2010,Public,http://pagerduty.com,https://www.ycombinator.com/companies/pagerduty,yc_oss_current,false,publicly_sourced,datahive_cb_url,pagerduty,https://www.crunchbase.com/organization/pagerduty,,,0,false,false,false,false,false,false,false,false,false,false,,,,,,
712,Paid,paid,Summer 2014,Inactive,http://paidlabs.com,https://www.ycombinator.com/companies/paid,yc_oss_current,false,publicly_sourced,datahive_cb_url,paid,https://www.crunchbase.com/organization/paid,,,0,false,false,false,false,false,false,false,false,false,false,,,,,,
779,Pakible,pakible,Winter 2015,Inactive,https://pakible.com,https://www.ycombinator.com/companies/pakible,yc_oss_current,false,publicly_sourced,datahive_cb_url,pakible,https://www.crunchbase.com/organization/pakible,,,0,false,false,false,false,false,false,false,false,false,false,,,,,,
23780,PaletteHQ,palettehq,Summer 2021,Active,https://palettehq.com/en,https://www.ycombinator.com/companies/palettehq,yc_oss_current,false,publicly_sourced,datahive_cb_url,palette-a00d,https://www.crunchbase.com/organization/palette-a00d,,,0,false,false,false,false,false,false,false,false,false,false,,,,,,
25589,Palitronica Inc,palitronica-inc,Winter 2022,Active,https://palitronica.com,https://www.ycombinator.com/companies/palitronica-inc,yc_oss_current,false,publicly_sourced,datahive_cb_url,palitronica,https://www.crunchbase.com/organization/palitronica,,,0,false,false,false,false,false,false,false,false,false,false,,,,,,
30755,Pally,pally,Summer 2025,Active,https://pally.com,https://www.ycombinator.com/companies/pally,yc_oss_current,false,publicly_sourced,datahive_cb_url,pally-6028,https://www.crunchbase.com/organization/pally-6028,,,0,false,false,false,false,false,false,false,false,false,false,,,,,,
26476,Pana,pana,Summer 2022,Active,http://Holapana.com,https://www.ycombinator.com/companies/pana,yc_oss_current,false,publicly_sourced,datahive_cb_url,pana-cd34,https://www.crunchbase.com/organization/pana-cd34,,,0,false,false,false,false,false,false,false,false,false,false,,,,,,
24682,Pandai,pandai,Summer 2021,Active,https://www.pandai.org,https://www.ycombinator.com/companies/pandai,yc_oss_current,false,publicly_sourced,datahive_cb_url,pandai-org,https://www.crunchbase.com/organization/pandai-org,,,0,false,false,false,false,false,false,false,false,false,false,,,,,,
29345,PandasAI,pandasai,Winter 2024,Active,https://pandas-ai.com,https://www.ycombinator.com/companies/pandasai,yc_oss_current,false,publicly_sourced,datahive_cb_url,pandasai,https://www.crunchbase.com/organization/pandasai,,,0,false,false,false,false,false,false,false,false,false,false,,,,confirmed,https://www.crunchbase.com/organization/pandasai,Name and pandas-ai.com domain match
22861,Pangea.app,pangea-app,Winter 2021,Active,https://www.pangea.app,https://www.ycombinator.com/companies/pangea-app,yc_oss_current,false,publicly_sourced,datahive_cb_url,pangea-app,https://www.crunchbase.com/organization/pangea-app,,,0,false,false,false,false,false,false,false,false,false,false,,,,,,
549,Panorama Education,panorama-education,Summer 2013,Active,https://www.panoramaed.com/,https://www.ycombinator.com/companies/panorama-education,yc_oss_current,false,publicly_sourced,datahive_cb_url,panorama-education,https://www.crunchbase.com/organization/panorama-education,,,0,false,false,false,false,false,false,false,false,false,false,,,,,,
1978,Papa,papa,Summer 2018,Active,https://www.papa.com,https://www.ycombinator.com/companies/papa,yc_oss_current,false,publicly_sourced,datahive_cb_url,papa-technologies-llc,https://www.crunchbase.com/organization/papa-technologies-llc,,,0,false,false,false,false,false,false,false,false,false,false,,,,,,
27694,Paperplane,paperplane,Winter 2023,Inactive,https://www.paperplane.ai/,https://www.ycombinator.com/companies/paperplane,yc_oss_current,false,publicly_sourced,datahive_cb_url,paperplane-f079,https://www.crunchbase.com/organization/paperplane-f079,,,0,false,false,false,false,false,false,false,false,false,false,,,,,,
780,Paperspace,paperspace,Winter 2015,Acquired,https://www.paperspace.com,https://www.ycombinator.com/companies/paperspace,yc_oss_current,false,publicly_sourced,datahive_cb_url,paperspace,https://www.crunchbase.com/organization/paperspace,,,0,false,false,false,false,false,false,false,false,false,false,,,,,,
29087,ParadeDB,paradedb,Summer 2023,Active,https://paradedb.com,https://www.ycombinator.com/companies/paradedb,yc_oss_current,false,publicly_sourced,datahive_cb_url,paradedb,https://www.crunchbase.com/organization/paradedb,,,0,false,false,false,false,false,false,false,false,false,false,,,,,,
13067,Paragon,paragon,Winter 2020,Active,http://useparagon.com,https://www.ycombinator.com/companies/paragon,yc_oss_current,false,publicly_sourced,datahive_cb_url,paragon-853c,https://www.crunchbase.com/organization/paragon-853c,,,0,false,false,false,false,false,false,false,false,false,false,,,,,,
24081,Parallel Bio,parallel-bio,Summer 2021,Active,http://parallel.bio,https://www.ycombinator.com/companies/parallel-bio,yc_oss_current,false,publicly_sourced,datahive_cb_url,parallel-bio,https://www.crunchbase.com/organization/parallel-bio,,,0,false,false,false,false,false,false,false,false,false,false,,,,,,
456,Parallel Universe,parallel-universe,Summer 2012,Inactive,http://paralleluniverse.co,https://www.ycombinator.com/companies/parallel-universe,yc_oss_current,false,publicly_sourced,datahive_cb_url,parallel-universe,https://www.crunchbase.com/organization/parallel-universe,,,0,false,false,false,false,false,false,false,false,false,false,,,,,,
30507,ParaQuery,paraquery,Spring 2025,Active,https://paraquery.com,https://www.ycombinator.com/companies/paraquery,yc_oss_current,false,publicly_sourced,datahive_cb_url,paraquery,https://www.crunchbase.com/organization/paraquery,,,0,false,false,false,false,false,false,false,false,false,false,,,,,,
22267,Parrot Software 🦜,parrot-software,Summer 2020,Active,https://parrotsoftware.io/,https://www.ycombinator.com/companies/parrot-software,yc_oss_current,false,publicly_sourced,datahive_cb_url,parrot-software-1f71,https://www.crunchbase.com/organization/parrot-software-1f71,,,0,false,false,false,false,false,false,false,false,false,false,,,,,,
127,Parse,parse,Summer 2011,Acquired,http://parse.com,https://www.ycombinator.com/companies/parse,yc_oss_current,false,publicly_sourced,datahive_cb_url,parse,https://www.crunchbase.com/organization/parse,,,0,false,false,false,false,false,false,false,false,false,false,,,,,,
30453,Parsewise,parsewise,Spring 2025,Active,https://parsewise.ai,https://www.ycombinator.com/companies/parsewise,yc_oss_current,false,publicly_sourced,datahive_cb_url,parsewise,https://www.crunchbase.com/organization/parsewise,,,0,false,false,false,false,false,false,false,false,false,false,,,,,,
25776,Partna,partna,Winter 2022,Active,https://getpartna.com,https://www.ycombinator.com/companies/partna,yc_oss_current,false,publicly_sourced,datahive_cb_url,payourse,https://www.crunchbase.com/organization/payourse,,,0,false,false,false,false,false,false,false,false,false,false,,,,,,
22985,Partnered,partnered-2,Winter 2021,Acquired,https://partnered.com,https://www.ycombinator.com/companies/partnered-2,yc_oss_current,false,publicly_sourced,datahive_cb_url,partnered-a7c7,https://www.crunchbase.com/organization/partnered-a7c7,,,0,false,false,false,false,false,false,false,false,false,false,,,,,,
873,PartnerStack,partnerstack,Summer 2015,Acquired,https://partnerstack.com,https://www.ycombinator.com/companies/partnerstack,yc_oss_current,false,publicly_sourced,datahive_cb_url,partnerstack,https://www.crunchbase.com/organization/partnerstack,,,0,false,false,false,false,false,false,false,false,false,false,,,,,,
26713,Pasito,pasito,Summer 2022,Active,https://pasito.ai,https://www.ycombinator.com/companies/pasito,yc_oss_current,false,publicly_sourced,datahive_cb_url,pasito,https://www.crunchbase.com/organization/pasito,,,0,false,false,false,false,false,false,false,false,false,false,,,,,,
1579,Passerine Aircraft,passerine-aircraft,Summer 2017,Inactive,http://www.passerineaircraft.com/,https://www.ycombinator.com/companies/passerine-aircraft,yc_oss_current,false,publicly_sourced,datahive_cb_url,passerine-aircraft-corporation,https://www.crunchbase.com/organization/passerine-aircraft-corporation,,,0,false,false,false,false,false,false,false,false,false,false,,,,,,
29968,Patched,patched,Summer 2024,Active,https://patched.codes,https://www.ycombinator.com/companies/patched,yc_oss_current,false,publicly_sourced,datahive_cb_url,patched-codes,https://www.crunchbase.com/organization/patched-codes,,,0,false,false,false,false,false,false,false,false,false,false,,,,,,
1040,Patchwork Security,patchwork-security,Winter 2016,Inactive,http://patchworksecurity.com,https://www.ycombinator.com/companies/patchwork-security,yc_oss_current,false,publicly_sourced,datahive_cb_url,patchwork-security,https://www.crunchbase.com/organization/patchwork-security,,,0,false,false,false,false,false,false,false,false,false,false,,,,,,
1073,Pathmind,pathmind,Winter 2016,Inactive,https://pathmind.com,https://www.ycombinator.com/companies/pathmind,yc_oss_current,false,publicly_sourced,datahive_cb_url,skymind,https://www.crunchbase.com/organization/skymind,,,0,false,false,false,false,false,false,false,false,false,false,,,,,,
1604,Pathrise,pathrise,Summer 2017,Inactive,https://www.pathrise.com,https://www.ycombinator.com/companies/pathrise,yc_oss_current,false,publicly_sourced,datahive_cb_url,pathrise,https://www.crunchbase.com/organization/pathrise,,,0,false,false,false,false,false,false,false,false,false,false,,,,,,
1191,PatientBank,patientbank,Summer 2016,Inactive,https://www.patientbank.us,https://www.ycombinator.com/companies/patientbank,yc_oss_current,false,publicly_sourced,datahive_cb_url,patientbank,https://www.crunchbase.com/organization/patientbank,,,0,false,false,false,false,false,false,false,false,false,false,,,,,,
1041,Pave,pave,Winter 2016,Active,https://www.paveai.com/,https://www.ycombinator.com/companies/pave,yc_oss_current,false,publicly_sourced,datahive_cb_url,paveiq,https://www.crunchbase.com/organization/paveiq,,,0,false,false,false,false,false,false,false,false,false,false,,,,,,
21831,Pave,pave-2,Summer 2020,Active,https://pave.com,https://www.ycombinator.com/companies/pave-2,yc_oss_current,false,publicly_sourced,datahive_cb_url,pave-56e7,https://www.crunchbase.com/organization/pave-56e7,,,0,false,false,false,false,false,false,false,false,false,false,,,,,,
30257,Pave Robotics,pave-robotics,Winter 2025,Active,https://pave-robotics.com,https://www.ycombinator.com/companies/pave-robotics,yc_oss_current,false,publicly_sourced,datahive_cb_url,pave-robotics,https://www.crunchbase.com/organization/pave-robotics,,,0,false,false,false,false,false,false,false,false,false,false,,,,,,
715,Payable,payable,Summer 2014,Acquired,http://payable.com,https://www.ycombinator.com/companies/payable,yc_oss_current,false,publicly_sourced,datahive_cb_url,payable,https://www.crunchbase.com/organization/payable,,,0,false,false,false,false,false,false,false,false,false,false,,,,,,
25660,PayCaddy,paycaddy,Winter 2022,Active,https://paycaddy.com/,https://www.ycombinator.com/companies/paycaddy,yc_oss_current,false,publicly_sourced,datahive_cb_url,paycaddy,https://www.crunchbase.com/organization/paycaddy,,,0,false,false,false,false,false,false,false,false,false,false,,,,,,
78,PayDragon,paydragon,Summer 2011,Inactive,http://paperlinks.com,https://www.ycombinator.com/companies/paydragon,yc_oss_current,false,publicly_sourced,datahive_cb_url,paperlinks,https://www.crunchbase.com/organization/paperlinks,,,0,false,false,false,false,false,false,false,false,false,false,,,,,,
24874,Payflow,payflow,Summer 2021,Active,https://www.payflow.es/,https://www.ycombinator.com/companies/payflow,yc_oss_current,false,publicly_sourced,datahive_cb_url,payflow,https://www.crunchbase.com/organization/payflow,,,0,false,false,false,false,false,false,false,false,false,false,,,,,,
24479,Payhippo,payhippo,Summer 2021,Active,https://payhippo.africa/,https://www.ycombinator.com/companies/payhippo,yc_oss_current,false,publicly_sourced,datahive_cb_url,payhippo,https://www.crunchbase.com/organization/payhippo,,,0,false,false,false,false,false,false,false,false,false,false,,,,,,
26811,Payload,payload,Summer 2022,Acquired,https://payloadcms.com,https://www.ycombinator.com/companies/payload,yc_oss_current,false,publicly_sourced,datahive_cb_url,payload-cms,https://www.crunchbase.com/organization/payload-cms,,,0,false,false,false,false,false,false,false,false,false,false,,,,,,
12843,PayMongo,paymongo,Summer 2019,Active,https://paymongo.com,https://www.ycombinator.com/companies/paymongo,yc_oss_current,false,publicly_sourced,datahive_cb_url,paymongo,https://www.crunchbase.com/organization/paymongo,,,0,false,false,false,false,false,false,false,false,false,false,,,,,,
1021,Paystack,paystack,Winter 2016,Acquired,https://www.paystack.com,https://www.ycombinator.com/companies/paystack,yc_oss_current,false,publicly_sourced,datahive_cb_url,paystack,https://www.crunchbase.com/organization/paystack,,,0,false,false,false,false,false,false,false,false,false,false,,,,,,
477,PayTango,paytango,Winter 2013,Inactive,http://paytango.com,https://www.ycombinator.com/companies/paytango,yc_oss_current,false,publicly_sourced,datahive_cb_url,paytango,https://www.crunchbase.com/organization/paytango,,,0,false,false,false,false,false,false,false,false,false,false,,,,,,
24602,PAYZE,payze,Summer 2021,Inactive,https://payze.io/,https://www.ycombinator.com/companies/payze,yc_oss_current,false,publicly_sourced,datahive_cb_url,payze,https://www.crunchbase.com/organization/payze,,,0,false,false,false,false,false,false,false,false,false,false,,,,,,
29362,Pazi,pazi,Winter 2024,Active,https://pazi.ai/,https://www.ycombinator.com/companies/pazi,yc_oss_current,false,publicly_sourced,datahive_cb_url,pythagora,https://www.crunchbase.com/organization/pythagora,,,0,false,false,false,false,false,false,false,false,false,false,,,,,,
25317,Peakflo,peakflo,Winter 2022,Active,https://peakflo.co,https://www.ycombinator.com/companies/peakflo,yc_oss_current,false,publicly_sourced,datahive_cb_url,peakflo,https://www.crunchbase.com/organization/peakflo,,,0,false,false,false,false,false,false,false,false,false,false,,,,,,
1447,Pearl,pearl,Winter 2017,Inactive,https://getpearlcoffee.com/,https://www.ycombinator.com/companies/pearl,yc_oss_current,false,publicly_sourced,datahive_cb_url,pearl-coffee,https://www.crunchbase.com/organization/pearl-coffee,,,0,false,false,false,false,false,false,false,false,false,false,,,,,,
153,Pebble,pebble,Winter 2011,Acquired,http://getpebble.com,https://www.ycombinator.com/companies/pebble,yc_oss_current,false,publicly_sourced,datahive_cb_url,pebble,https://www.crunchbase.com/organization/pebble,,,0,false,false,false,false,false,false,false,false,false,false,,,,,,
28045,Peeba,peeba,Winter 2023,Inactive,http://peeba.com/,https://www.ycombinator.com/companies/peeba,yc_oss_current,false,publicly_sourced,datahive_cb_url,peeba,https://www.crunchbase.com/organization/peeba,,,0,false,false,false,false,false,false,false,false,false,false,,,,,,
1559,Peer5,peer5,Winter 2017,Acquired,https://www.peer5.com,https://www.ycombinator.com/companies/peer5,yc_oss_current,false,publicly_sourced,datahive_cb_url,peer5,https://www.crunchbase.com/organization/peer5,,,0,false,false,false,false,false,false,false,false,false,false,,,,,,
1829,Pelago,pelago,Winter 2018,Active,https://www.pelagohealth.com,https://www.ycombinator.com/companies/pelago,yc_oss_current,false,publicly_sourced,datahive_cb_url,quit-genius-87bd,https://www.crunchbase.com/organization/quit-genius-87bd,,,0,false,false,false,false,false,false,false,false,false,false,,,,,,
1489,Penny,penny,Winter 2017,Acquired,https://www.pennyapp.io,https://www.ycombinator.com/companies/penny,yc_oss_current,false,publicly_sourced,datahive_cb_url,penny-2,https://www.crunchbase.com/organization/penny-2,,,0,false,false,false,false,false,false,false,false,false,false,,,,,,
1885,Penta Medical,penta-medical,Summer 2018,Inactive,http://pentavo.com,https://www.ycombinator.com/companies/penta-medical,yc_oss_current,false,publicly_sourced,datahive_cb_url,penta-medical,https://www.crunchbase.com/organization/penta-medical,,,0,false,false,false,false,false,false,false,false,false,false,,,,,,
299,People & Pages,people-and-pages,Summer 2008,Inactive,http://peopleandpages.com,https://www.ycombinator.com/companies/people-and-pages,yc_oss_current,false,publicly_sourced,datahive_cb_url,people-and-pages,https://www.crunchbase.com/organization/people-and-pages,,,0,false,false,false,false,false,false,false,false,false,false,,,,,,
1299,People.ai,people-ai,Summer 2016,Active,https://people.ai,https://www.ycombinator.com/companies/people-ai,yc_oss_current,false,publicly_sourced,datahive_cb_url,people-ai,https://www.crunchbase.com/organization/people-ai,,,0,false,false,false,false,false,false,false,false,false,false,,,,,,
26877,Peoplebox.ai,peoplebox,Summer 2022,Active,https://www.peoplebox.ai,https://www.ycombinator.com/companies/peoplebox,yc_oss_current,false,publicly_sourced,datahive_cb_url,peoplebox-ai,https://www.crunchbase.com/organization/peoplebox-ai,,,0,false,false,false,false,false,false,false,false,false,false,,,,,,
22806,Per Diem,per-diem,Winter 2021,Active,https://tryperdiem.com,https://www.ycombinator.com/companies/per-diem,yc_oss_current,false,publicly_sourced,datahive_cb_url,per-diem,https://www.crunchbase.com/organization/per-diem,,,0,false,false,false,false,false,false,false,false,false,false,,,,,,
52,Per Vices,per-vices,Winter 2012,Active,https://www.pervices.com,https://www.ycombinator.com/companies/per-vices,yc_oss_current,false,publicly_sourced,datahive_cb_url,per-vices,https://www.crunchbase.com/organization/per-vices,,,0,false,false,false,false,false,false,false,false,false,false,,,,,,
1666,Percept.AI,percept-ai,Summer 2017,Acquired,https://www.percept.ai/,https://www.ycombinator.com/companies/percept-ai,yc_oss_current,false,publicly_sourced,datahive_cb_url,buddy-ai,https://www.crunchbase.com/organization/buddy-ai,,,0,false,false,false,false,false,false,false,false,false,false,,,,,,
24255,Perfekto,perfekto,Summer 2021,Inactive,https://www.perfekto.mx/,https://www.ycombinator.com/companies/perfekto,yc_oss_current,false,publicly_sourced,datahive_cb_url,perfekto,https://www.crunchbase.com/organization/perfekto,,,0,false,false,false,false,false,false,false,false,false,false,,,,,,
25347,Perl Street,perl-street,Winter 2022,Active,https://perlstreet.com/,https://www.ycombinator.com/companies/perl-street,yc_oss_current,false,publicly_sourced,datahive_cb_url,perl-street-inc,https://www.crunchbase.com/organization/perl-street-inc,,,0,false,false,false,false,false,false,false,false,false,false,,,,,,
694,Permutive,permutive,Summer 2014,Active,https://permutive.com,https://www.ycombinator.com/companies/permutive,yc_oss_current,false,publicly_sourced,datahive_cb_url,permutive,https://www.crunchbase.com/organization/permutive,,,0,false,false,false,false,false,false,false,false,false,false,,,,,,
12033,PerShop,pershop,Winter 2019,Inactive,https://www.pershop.app,https://www.ycombinator.com/companies/pershop,yc_oss_current,false,publicly_sourced,datahive_cb_url,pershop,https://www.crunchbase.com/organization/pershop,,,0,false,false,false,false,false,false,false,false,false,false,,,,,,
666,PersistIQ,persistiq,Summer 2014,Acquired,http://www.persistiq.com,https://www.ycombinator.com/companies/persistiq,yc_oss_current,false,publicly_sourced,datahive_cb_url,persistiq,https://www.crunchbase.com/organization/persistiq,,,0,false,false,false,false,false,false,false,false,false,false,,,,,,
995,Petcube,petcube,Winter 2016,Active,http://petcube.com,https://www.ycombinator.com/companies/petcube,yc_oss_current,false,publicly_sourced,datahive_cb_url,petcube,https://www.crunchbase.com/organization/petcube,,,0,false,false,false,false,false,false,false,false,false,false,,,,,,
25553,Phase Biolabs,phase-biolabs,Winter 2022,Active,https://www.phasebiolabs.com/,https://www.ycombinator.com/companies/phase-biolabs,yc_oss_current,false,publicly_sourced,datahive_cb_url,phase-biolabs,https://www.crunchbase.com/organization/phase-biolabs,,,0,false,false,false,false,false,false,false,false,false,false,,,,,,
1888,Phiar,phiar,Summer 2018,Acquired,https://www.phiar.net,https://www.ycombinator.com/companies/phiar,yc_oss_current,false,publicly_sourced,datahive_cb_url,phiar-technologies-inc,https://www.crunchbase.com/organization/phiar-technologies-inc,,,0,false,false,false,false,false,false,false,false,false,false,,,,,,
23162,Phoenix,phoenix,Winter 2021,Active,https://phoenix.ca,https://www.ycombinator.com/companies/phoenix,yc_oss_current,false,publicly_sourced,datahive_cb_url,phoenix-310f,https://www.crunchbase.com/organization/phoenix-310f,,,0,false,false,false,false,false,false,false,false,false,false,,,,,,
29645,Phonely,phonely,Summer 2024,Active,https://phonely.ai,https://www.ycombinator.com/companies/phonely,yc_oss_current,false,publicly_sourced,datahive_cb_url,phonely,https://www.crunchbase.com/organization/phonely,,,0,false,false,false,false,false,false,false,false,false,false,,,,,,
84,PhoneSys,phonesys,Summer 2011,Inactive,http://pingm.net,https://www.ycombinator.com/companies/phonesys,yc_oss_current,false,publicly_sourced,datahive_cb_url,phonesys,https://www.crunchbase.com/organization/phonesys,,,0,false,false,false,false,false,false,false,false,false,false,,,,,,
13074,Phonic,phonic,Winter 2020,Acquired,https://phonic.ai,https://www.ycombinator.com/companies/phonic,yc_oss_current,false,publicly_sourced,datahive_cb_url,phonic,https://www.crunchbase.com/organization/phonic,,,0,false,false,false,false,false,false,false,false,false,false,,,,,,
1095,PhysioHealth,physiohealth,Winter 2016,Inactive,https://www.physioh.com,https://www.ycombinator.com/companies/physiohealth,yc_oss_current,false,publicly_sourced,datahive_cb_url,physiohealth,https://www.crunchbase.com/organization/physiohealth,,,0,false,false,false,false,false,false,false,false,false,false,,,,,,
928,PickTrace,picktrace,Summer 2015,Active,http://picktrace.com/company,https://www.ycombinator.com/companies/picktrace,yc_oss_current,false,publicly_sourced,datahive_cb_url,picktrace,https://www.crunchbase.com/organization/picktrace,,,0,false,false,false,false,false,false,false,false,false,false,,,,,,
695,PicnicAI,picnicai,Summer 2014,Active,https://picnic.ai,https://www.ycombinator.com/companies/picnicai,yc_oss_current,false,publicly_sourced,datahive_cb_url,picnichealth,https://www.crunchbase.com/organization/picnichealth,,,0,false,false,false,false,false,false,false,false,false,false,,,,,,
69,Picplum,picplum,Summer 2011,Inactive,picplum.com,https://www.ycombinator.com/companies/picplum,yc_oss_current,false,publicly_sourced,datahive_cb_url,picplum,https://www.crunchbase.com/organization/picplum,,,0,false,false,false,false,false,false,false,false,false,false,,,,,,
277,Picurio,picurio,Winter 2009,Inactive,http://picurio.com,https://www.ycombinator.com/companies/picurio,yc_oss_current,false,publicly_sourced,datahive_cb_url,picurio,https://www.crunchbase.com/organization/picurio,,,0,false,false,false,false,false,false,false,false,false,false,,,,,,
290,Picwing,picwing,Summer 2008,Inactive,http://picwing.com,https://www.ycombinator.com/companies/picwing,yc_oss_current,false,publicly_sourced,datahive_cb_url,picwing,https://www.crunchbase.com/organization/picwing,,,0,false,false,false,false,false,false,false,false,false,false,,,,,,
24882,Pide Directo,pide-directo,Summer 2021,Active,http://pidedirecto.mx,https://www.ycombinator.com/companies/pide-directo,yc_oss_current,false,publicly_sourced,datahive_cb_url,pidedirecto,https://www.crunchbase.com/organization/pidedirecto,,,0,false,false,false,false,false,false,false,false,false,false,,,,,,
26042,Pigeon,pigeon-2,Winter 2022,Inactive,https://www.usepigeon.io,https://www.ycombinator.com/companies/pigeon-2,yc_oss_current,false,publicly_sourced,datahive_cb_url,pigeon-loans,https://www.crunchbase.com/organization/pigeon-loans,,,0,false,false,false,false,false,false,false,false,false,false,,,,,,
27695,Pigeon,pigeon,Winter 2023,Active,https://www.pigeondocuments.com/,https://www.ycombinator.com/companies/pigeon,yc_oss_current,false,publicly_sourced,datahive_cb_url,pigeon-f37c,https://www.crunchbase.com/organization/pigeon-f37c,,,0,false,false,false,false,false,false,false,false,false,false,,,,,,
823,Pigeonly,pigeonly,Winter 2015,Inactive,http://pigeonly.com,https://www.ycombinator.com/companies/pigeonly,yc_oss_current,false,publicly_sourced,datahive_cb_url,pigeonly,https://www.crunchbase.com/organization/pigeonly,,,0,false,false,false,false,false,false,false,false,false,false,,,,,,
1652,Piggy,piggy,Summer 2017,Inactive,https://piggy.co.in,https://www.ycombinator.com/companies/piggy,yc_oss_current,false,publicly_sourced,datahive_cb_url,piggy,https://www.crunchbase.com/organization/piggy,,,0,false,false,false,false,false,false,false,false,false,false,,,,,,
613,PiinPoint,piinpoint,Winter 2014,Active,https://piinpoint.com,https://www.ycombinator.com/companies/piinpoint,yc_oss_current,false,publicly_sourced,datahive_cb_url,piinpoint,https://www.crunchbase.com/organization/piinpoint,,,0,false,false,false,false,false,false,false,false,false,false,,,,,,
12548,Pillar,pillar-2,Summer 2019,Active,https://www.pillar.io,https://www.ycombinator.com/companies/pillar-2,yc_oss_current,false,publicly_sourced,datahive_cb_url,athlane,https://www.crunchbase.com/organization/athlane,,,0,false,false,false,false,false,false,false,false,false,false,,,,,,
24569,Pillar,pillar,Summer 2021,Active,https://withpillar.com,https://www.ycombinator.com/companies/pillar,yc_oss_current,false,publicly_sourced,datahive_cb_url,pillar-7787,https://www.crunchbase.com/organization/pillar-7787,,,0,false,false,false,false,false,false,false,false,false,false,,,,,,
13348,PillarPlus,pillarplus,Winter 2020,Inactive,https://pillarplus.com,https://www.ycombinator.com/companies/pillarplus,yc_oss_current,false,publicly_sourced,datahive_cb_url,pillarplus,https://www.crunchbase.com/organization/pillarplus,,,0,false,false,false,false,false,false,false,false,false,false,,,,,,
28966,Pincites,pincites,Summer 2023,Acquired,https://www.pincites.com/,https://www.ycombinator.com/companies/pincites,yc_oss_current,false,publicly_sourced,datahive_cb_url,pincites,https://www.crunchbase.com/organization/pincites,,,0,false,false,false,false,false,false,false,false,false,false,,,,,,
22750,PingPong,pingpong,Winter 2021,Acquired,https://www.getpingpong.com/,https://www.ycombinator.com/companies/pingpong,yc_oss_current,false,publicly_sourced,datahive_cb_url,pingpong-c197,https://www.crunchbase.com/organization/pingpong-c197,,,0,false,false,false,false,false,false,false,false,false,false,,,,,,
614,PipelineDB,pipelinedb,Winter 2014,Acquired,http://www.pipelinedb.com,https://www.ycombinator.com/companies/pipelinedb,yc_oss_current,false,publicly_sourced,datahive_cb_url,pipelinedb,https://www.crunchbase.com/organization/pipelinedb,,,0,false,false,false,false,false,false,false,false,false,false,,,,,,
29950,Pipeshift,pipeshift,Summer 2024,Active,https://pipeshift.com,https://www.ycombinator.com/companies/pipeshift,yc_oss_current,false,publicly_sourced,datahive_cb_url,pipeshift,https://www.crunchbase.com/organization/pipeshift,,,0,false,false,false,false,false,false,false,false,false,false,,,,,,
11929,Pippin / Rent the Backyard,pippin-rent-the-backyard,Summer 2019,Inactive,http://rentthebackyard.com,https://www.ycombinator.com/companies/pippin-rent-the-backyard,yc_oss_current,false,publicly_sourced,datahive_cb_url,rentthebackyard,https://www.crunchbase.com/organization/rentthebackyard,,,0,false,false,false,false,false,false,false,false,false,false,,,,,,
27837,Pirros,pirros,Winter 2023,Active,http://pirros.com,https://www.ycombinator.com/companies/pirros,yc_oss_current,false,publicly_sourced,datahive_cb_url,pirros,https://www.crunchbase.com/organization/pirros,,,0,false,false,false,false,false,false,false,false,false,false,,,,,,
1453,Pit.AI,pit-ai,Winter 2017,Inactive,https://www.pit.ai,https://www.ycombinator.com/companies/pit-ai,yc_oss_current,false,publicly_sourced,datahive_cb_url,pit-ai-technologies,https://www.crunchbase.com/organization/pit-ai-technologies,,,0,false,false,false,false,false,false,false,false,false,false,,,,,,
387,Pixate,pixate,Summer 2012,Acquired,http://pixate.com,https://www.ycombinator.com/companies/pixate,yc_oss_current,false,publicly_sourced,datahive_cb_url,pixate,https://www.crunchbase.com/organization/pixate,,,0,false,false,false,false,false,false,false,false,false,false,,,,,,
34,Pixelapse,pixelapse,Winter 2012,Inactive,http://pixelapse.com,https://www.ycombinator.com/companies/pixelapse,yc_oss_current,false,publicly_sourced,datahive_cb_url,pixelapse,https://www.crunchbase.com/organization/pixelapse,,,0,false,false,false,false,false,false,false,false,false,false,,,,,,
24754,Plai,plai,Summer 2021,Active,https://www.plai.io/,https://www.ycombinator.com/companies/plai,yc_oss_current,false,publicly_sourced,datahive_cb_url,plai,https://www.crunchbase.com/organization/plai,,,0,false,false,false,false,false,false,false,false,false,false,,,,,,
1517,Plane,plane,Winter 2017,Active,https://plane.com,https://www.ycombinator.com/companies/plane,yc_oss_current,false,publicly_sourced,datahive_cb_url,pilot-5,https://www.crunchbase.com/organization/pilot-5,,,0,false,false,false,false,false,false,false,false,false,false,,,,,,
8,PlanGrid,plangrid,Winter 2012,Acquired,http://plangrid.com,https://www.ycombinator.com/companies/plangrid,yc_oss_current,false,publicly_sourced,datahive_cb_url,plangrid,https://www.crunchbase.com/organization/plangrid,,,0,false,false,false,false,false,false,false,false,false,false,,,,,,
1633,Plasticity,plasticity,Summer 2017,Acquired,https://www.plasticity.ai,https://www.ycombinator.com/companies/plasticity,yc_oss_current,false,publicly_sourced,datahive_cb_url,plasticity,https://www.crunchbase.com/organization/plasticity,,,0,false,false,false,false,false,false,false,false,false,false,,,,confirmed,https://www.crunchbase.com/organization/plasticity,Name and plasticity.ai domain match
931,Plate IQ,plate-iq,Summer 2015,Active,https://plateiq.com/,https://www.ycombinator.com/companies/plate-iq,yc_oss_current,false,publicly_sourced,datahive_cb_url,plate-iq,https://www.crunchbase.com/organization/plate-iq,,,0,false,false,false,false,false,false,false,false,false,false,,,,,,
959,PlateJoy,platejoy,Summer 2015,Acquired,http://platejoy.com,https://www.ycombinator.com/companies/platejoy,yc_oss_current,false,publicly_sourced,datahive_cb_url,platejoy,https://www.crunchbase.com/organization/platejoy,,,0,false,false,false,false,false,false,false,false,false,false,,,,,,
1048,Plato,plato,Winter 2016,Acquired,http://www.platohq.com,https://www.ycombinator.com/companies/plato,yc_oss_current,false,publicly_sourced,datahive_cb_url,birdly,https://www.crunchbase.com/organization/birdly,,,0,false,false,false,false,false,false,false,false,false,false,,,,,,
774,Platzi,platzi,Winter 2015,Active,https://platzi.com,https://www.ycombinator.com/companies/platzi,yc_oss_current,false,publicly_sourced,datahive_cb_url,platzi,https://www.crunchbase.com/organization/platzi,,,0,false,false,false,false,false,false,false,false,false,false,,,,,,
1815,Players' Lounge,players-lounge,Winter 2018,Active,https://playerslounge.co/,https://www.ycombinator.com/companies/players-lounge,yc_oss_current,false,publicly_sourced,datahive_cb_url,players-lounge,https://www.crunchbase.com/organization/players-lounge,,,0,false,false,false,false,false,false,false,false,false,false,,,,,,
1539,Playment,playment,Winter 2017,Acquired,https://playment.io/,https://www.ycombinator.com/companies/playment,yc_oss_current,false,publicly_sourced,datahive_cb_url,playment,https://www.crunchbase.com/organization/playment,,,0,false,false,false,false,false,false,false,false,false,false,,,,,,
21996,Plerk,plerk,Summer 2020,Acquired,https://www.plerk.io,https://www.ycombinator.com/companies/plerk,yc_oss_current,false,publicly_sourced,datahive_cb_url,plerk,https://www.crunchbase.com/organization/plerk,,,0,false,false,false,false,false,false,false,false,false,false,,,,,,
1794,Plexus,plexus,Winter 2018,Active,http://plexus.im,https://www.ycombinator.com/companies/plexus,yc_oss_current,false,publicly_sourced,datahive_cb_url,plexus-e98c,https://www.crunchbase.com/organization/plexus-e98c,,,0,false,false,false,false,false,false,false,false,false,false,,,,,,
464,Plivo,plivo,Summer 2012,Active,https://plivo.com,https://www.ycombinator.com/companies/plivo,yc_oss_current,false,publicly_sourced,datahive_cb_url,plivo,https://www.crunchbase.com/organization/plivo,,,0,false,false,false,false,false,false,false,false,false,false,,,,,,
25975,Ploomber,ploomber,Winter 2022,Inactive,https://ploomber.io/,https://www.ycombinator.com/companies/ploomber,yc_oss_current,false,publicly_sourced,datahive_cb_url,ploomber,https://www.crunchbase.com/organization/ploomber,,,0,false,false,false,false,false,false,false,false,false,false,,,,,,
24253,Pluggy,pluggy,Summer 2021,Active,https://pluggy.ai,https://www.ycombinator.com/companies/pluggy,yc_oss_current,false,publicly_sourced,datahive_cb_url,pluggy,https://www.crunchbase.com/organization/pluggy,,,0,false,false,false,false,false,false,false,false,false,false,,,,,,
26900,Pluralith,pluralith,Summer 2022,Active,https://www.pluralith.com,https://www.ycombinator.com/companies/pluralith,yc_oss_current,false,publicly_sourced,datahive_cb_url,pluralith,https://www.crunchbase.com/organization/pluralith,,,0,false,false,false,false,false,false,false,false,false,false,,,,,,
254,Plurchase,plurchase,Summer 2009,Inactive,http://plurchase.com,https://www.ycombinator.com/companies/plurchase,yc_oss_current,false,publicly_sourced,datahive_cb_url,plurchase,https://www.crunchbase.com/organization/plurchase,,,0,false,false,false,false,false,false,false,false,false,false,,,,,,
1941,Pocket Worlds,pocket-worlds,Summer 2018,Active,https://pocketworlds.com,https://www.ycombinator.com/companies/pocket-worlds,yc_oss_current,false,publicly_sourced,datahive_cb_url,me-a8f1,https://www.crunchbase.com/organization/me-a8f1,,,0,false,false,false,false,false,false,false,false,false,false,,,,,,
1018,PocketSuite,pocketsuite,Winter 2016,Active,https://pocketsuite.io,https://www.ycombinator.com/companies/pocketsuite,yc_oss_current,false,publicly_sourced,datahive_cb_url,pocketsuite,https://www.crunchbase.com/organization/pocketsuite,,,0,false,false,false,false,false,false,false,false,false,false,,,,,,
1042,Podium,podium,Winter 2016,Active,https://podium.com,https://www.ycombinator.com/companies/podium,yc_oss_current,false,publicly_sourced,datahive_cb_url,podium-2,https://www.crunchbase.com/organization/podium-2,,,0,false,false,false,false,false,false,false,false,false,false,,,,,,
1857,Point API,point-api,Winter 2018,Inactive,https://pointapi.com,https://www.ycombinator.com/companies/point-api,yc_oss_current,false,publicly_sourced,datahive_cb_url,pointapi,https://www.crunchbase.com/organization/pointapi,,,0,false,false,false,false,false,false,false,false,false,false,,,,,,
28807,Pointhound,pointhound,Summer 2023,Active,http://www.pointhound.com,https://www.ycombinator.com/companies/pointhound,yc_oss_current,false,publicly_sourced,datahive_cb_url,pointhound,https://www.crunchbase.com/organization/pointhound,,,0,false,false,false,false,false,false,false,false,false,false,,,,,,
25309,PolicyFly,policyfly,Winter 2022,Active,https://www.policyfly.com,https://www.ycombinator.com/companies/policyfly,yc_oss_current,false,publicly_sourced,datahive_cb_url,policyfly,https://www.crunchbase.com/organization/policyfly,,,0,false,false,false,false,false,false,false,false,false,false,,,,,,
23414,Poliglota,poliglota,Winter 2021,Active,https://www.poliglota.org/,https://www.ycombinator.com/companies/poliglota,yc_oss_current,false,publicly_sourced,datahive_cb_url,poliglota,https://www.crunchbase.com/organization/poliglota,,,0,false,false,false,false,false,false,false,false,false,false,,,,,,
29332,Polished,polished,Winter 2024,Active,https://polished.ad,https://www.ycombinator.com/companies/polished,yc_oss_current,false,publicly_sourced,datahive_cb_url,double-b7ea,https://www.crunchbase.com/organization/double-b7ea,,,0,false,false,false,false,false,false,false,false,false,false,,,,,,
282,Poll Everywhere,poll-everywhere,Summer 2008,Active,https://www.polleverywhere.com,https://www.ycombinator.com/companies/poll-everywhere,yc_oss_current,false,publicly_sourced,datahive_cb_url,poll-everywhere,https://www.crunchbase.com/organization/poll-everywhere,,,0,false,false,false,false,false,false,false,false,false,false,,,,,,
1685,Polly,polly,Summer 2017,Inactive,https://polly.fun/,https://www.ycombinator.com/companies/polly,yc_oss_current,false,publicly_sourced,datahive_cb_url,polly-app,https://www.crunchbase.com/organization/polly-app,,,0,false,false,false,false,false,false,false,false,false,false,,,,,,
27846,PoloTab,polotab,Winter 2023,Active,https://polotab.com,https://www.ycombinator.com/companies/polotab,yc_oss_current,false,publicly_sourced,datahive_cb_url,polopay,https://www.crunchbase.com/organization/polopay,,,0,false,false,false,false,false,false,false,false,false,false,,,,,,
26480,Poly,poly,Summer 2022,Active,https://poly.app,https://www.ycombinator.com/companies/poly,yc_oss_current,false,publicly_sourced,datahive_cb_url,poly-47fb,https://www.crunchbase.com/organization/poly-47fb,,,0,false,false,false,false,false,false,false,false,false,false,,,,,,
1289,Polymail,polymail,Summer 2016,Acquired,https://polymail.io,https://www.ycombinator.com/companies/polymail,yc_oss_current,false,publicly_sourced,datahive_cb_url,polymail,https://www.crunchbase.com/organization/polymail,,,0,false,false,false,false,false,false,false,false,false,false,,,,,,
27361,Polymath Robotics,polymath-robotics,Summer 2022,Active,http://www.polymathrobotics.com,https://www.ycombinator.com/companies/polymath-robotics,yc_oss_current,false,publicly_sourced,datahive_cb_url,polymath-robotics,https://www.crunchbase.com/organization/polymath-robotics,,,0,false,false,false,false,false,false,false,false,false,false,,,,,,
13088,Polytomic,polytomic,Winter 2020,Active,https://www.polytomic.com,https://www.ycombinator.com/companies/polytomic,yc_oss_current,false,publicly_sourced,datahive_cb_url,polytomic,https://www.crunchbase.com/organization/polytomic,,,0,false,false,false,false,false,false,false,false,false,false,,,,,,
744,Pomello,pomello,Winter 2015,Acquired,http://pomello.com,https://www.ycombinator.com/companies/pomello,yc_oss_current,false,publicly_sourced,datahive_cb_url,pomello,https://www.crunchbase.com/organization/pomello,,,0,false,false,false,false,false,false,false,false,false,false,,,,,,
12281,Pools (fka Withfriends),pools-fka-withfriends,Winter 2019,Active,https://pools.events,https://www.ycombinator.com/companies/pools-fka-withfriends,yc_oss_current,false,publicly_sourced,datahive_cb_url,withfriends,https://www.crunchbase.com/organization/withfriends,,,0,false,false,false,false,false,false,false,false,false,false,,,,,,
1639,Pop Meals,pop-meals,Summer 2017,Active,https://popmeals.com,https://www.ycombinator.com/companies/pop-meals,yc_oss_current,false,publicly_sourced,datahive_cb_url,dah-makan,https://www.crunchbase.com/organization/dah-makan,,,0,false,false,false,false,false,false,false,false,false,false,,,,,,
298,Popcuts,popcuts,Summer 2008,Inactive,http://popcuts.com,https://www.ycombinator.com/companies/popcuts,yc_oss_current,false,publicly_sourced,datahive_cb_url,popcuts,https://www.crunchbase.com/organization/popcuts,,,0,false,false,false,false,false,false,false,false,false,false,,,,,,
22878,Popl,popl,Winter 2021,Active,https://popl.co/,https://www.ycombinator.com/companies/popl,yc_oss_current,false,publicly_sourced,datahive_cb_url,popl,https://www.crunchbase.com/organization/popl,,,0,false,false,false,false,false,false,false,false,false,false,,,,,,
1045,Poppy,poppy,Winter 2016,Inactive,http://meetpoppy.com,https://www.ycombinator.com/companies/poppy,yc_oss_current,false,publicly_sourced,datahive_cb_url,poppy-3,https://www.crunchbase.com/organization/poppy-3,,,0,false,false,false,false,false,false,false,false,false,false,,,,,,
12509,PopSQL,popsql,Summer 2019,Acquired,https://popsql.com,https://www.ycombinator.com/companies/popsql,yc_oss_current,false,publicly_sourced,datahive_cb_url,popsql,https://www.crunchbase.com/organization/popsql,,,0,false,false,false,false,false,false,false,false,false,false,,,,,,
26796,Popsy,popsy,Summer 2022,Active,https://popsy.ai,https://www.ycombinator.com/companies/popsy,yc_oss_current,false,publicly_sourced,datahive_cb_url,popsy-8fef,https://www.crunchbase.com/organization/popsy-8fef,,,0,false,false,false,false,false,false,false,false,false,false,,,,,,
824,Popular Pays,popular-pays,Winter 2015,Acquired,http://popularpays.com,https://www.ycombinator.com/companies/popular-pays,yc_oss_current,false,publicly_sourced,datahive_cb_url,popular-pays,https://www.crunchbase.com/organization/popular-pays,,,0,false,false,false,false,false,false,false,false,false,false,,,,,,
11971,Portal Entryways,portal-entryways,Winter 2019,Inactive,https://www.portalentryways.com/,https://www.ycombinator.com/companies/portal-entryways,yc_oss_current,false,publicly_sourced,datahive_cb_url,portal-entryways,https://www.crunchbase.com/organization/portal-entryways,,,0,false,false,false,false,false,false,false,false,false,false,,,,,,
24477,Portão 3,portao-3,Summer 2021,Active,https://portao3.com.br,https://www.ycombinator.com/companies/portao-3,yc_oss_current,false,publicly_sourced,datahive_cb_url,portão-3,https://www.crunchbase.com/organization/port%C3%A3o-3,,,0,false,false,false,false,false,false,false,false,false,false,,,,,,
25677,Posh,posh,Winter 2022,Active,https://www.poshenergy.com,https://www.ycombinator.com/companies/posh,yc_oss_current,false,publicly_sourced,radema_cb_url,posh-2ec7,https://www.crunchbase.com/organization/posh-2ec7,,,0,false,false,false,false,false,false,false,false,false,false,,,,,,
11934,Positive,positive,Winter 2019,Active,https://www.positive.co,https://www.ycombinator.com/companies/positive,yc_oss_current,false,publicly_sourced,datahive_cb_url,positive-foods,https://www.crunchbase.com/organization/positive-foods,,,0,false,false,false,false,false,false,false,false,false,false,,,,,,
514,Posmetrics,posmetrics,Winter 2013,Inactive,http://posmetrics.com,https://www.ycombinator.com/companies/posmetrics,yc_oss_current,false,publicly_sourced,datahive_cb_url,posmetrics,https://www.crunchbase.com/organization/posmetrics,,,0,false,false,false,false,false,false,false,false,false,false,,,,,,
281,Posterous,posterous,Summer 2008,Acquired,http://posterous.com,https://www.ycombinator.com/companies/posterous,yc_oss_current,false,publicly_sourced,datahive_cb_url,posterous,https://www.crunchbase.com/organization/posterous,,,0,false,false,false,false,false,false,false,false,false,false,,,,,,
13312,PostHog,posthog,Winter 2020,Active,https://www.posthog.com,https://www.ycombinator.com/companies/posthog,yc_oss_current,false,publicly_sourced,datahive_cb_url,posthog,https://www.crunchbase.com/organization/posthog,,,0,false,false,false,false,false,false,false,false,false,false,,,,,,
11969,Postscript,postscript,Winter 2019,Active,https://postscript.io,https://www.ycombinator.com/companies/postscript,yc_oss_current,false,publicly_sourced,datahive_cb_url,postscript,https://www.crunchbase.com/organization/postscript,,,0,false,false,false,false,false,false,false,false,false,false,,,,,,
615,Povio,povio,Winter 2014,Active,http://povio.com,https://www.ycombinator.com/companies/povio,yc_oss_current,false,publicly_sourced,datahive_cb_url,povio,https://www.crunchbase.com/organization/povio,,,0,false,false,false,false,false,false,false,false,false,false,,,,,,
26053,Powerhouse AI,powerhouse-ai,Winter 2022,Active,https://www.powerhouseai.com,https://www.ycombinator.com/companies/powerhouse-ai,yc_oss_current,false,publicly_sourced,datahive_cb_url,powerhouse-ai,https://www.crunchbase.com/organization/powerhouse-ai,,,0,false,false,false,false,false,false,false,false,false,false,,,,,,
29247,Precip,precip,Winter 2024,Active,https://precip.ai,https://www.ycombinator.com/companies/precip,yc_oss_current,false,publicly_sourced,datahive_cb_url,precip,https://www.crunchbase.com/organization/precip,,,0,false,false,false,false,false,false,false,false,false,false,,,,,,
12832,PredictLeads,predictleads,Summer 2019,Active,https://predictleads.com,https://www.ycombinator.com/companies/predictleads,yc_oss_current,false,publicly_sourced,datahive_cb_url,predictleads,https://www.crunchbase.com/organization/predictleads,,,0,false,false,false,false,false,false,false,false,false,false,,,,,,
1655,PreDxion Bio,predxion-bio,Summer 2017,Inactive,http://www.predxionbio.com,https://www.ycombinator.com/companies/predxion-bio,yc_oss_current,false,publicly_sourced,datahive_cb_url,predxion-bio,https://www.crunchbase.com/organization/predxion-bio,,,0,false,false,false,false,false,false,false,false,false,false,,,,,,
11965,Preflight,preflight,Winter 2019,Acquired,http://preflight.com,https://www.ycombinator.com/companies/preflight,yc_oss_current,false,publicly_sourced,datahive_cb_url,preflight,https://www.crunchbase.com/organization/preflight,,,0,false,false,false,false,false,false,false,false,false,false,,,,,,
13570,Prelay,prelay,Winter 2020,Inactive,https://prelay.com,https://www.ycombinator.com/companies/prelay,yc_oss_current,false,publicly_sourced,datahive_cb_url,prelay,https://www.crunchbase.com/organization/prelay,,,0,false,false,false,false,false,false,false,false,false,false,,,,,,
1629,Prelim,prelim,Summer 2017,Active,https://prelim.com/,https://www.ycombinator.com/companies/prelim,yc_oss_current,false,publicly_sourced,datahive_cb_url,original-tech,https://www.crunchbase.com/organization/original-tech,,,0,false,false,false,false,false,false,false,false,false,false,,,,,,
29375,Preloop,preloop,Winter 2024,Active,https://www.preloop.com,https://www.ycombinator.com/companies/preloop,yc_oss_current,false,publicly_sourced,datahive_cb_url,preloop,https://www.crunchbase.com/organization/preloop,,,0,false,false,false,false,false,false,false,false,false,false,,,,,,
25697,Prembly (formerly Identitypass),prembly,Winter 2022,Active,https://prembly.com/,https://www.ycombinator.com/companies/prembly,yc_oss_current,false,publicly_sourced,datahive_cb_url,identitypass,https://www.crunchbase.com/organization/identitypass,,,0,false,false,false,false,false,false,false,false,false,false,,,,,,
177,Presto,presto,Summer 2010,Public,http://presto.com,https://www.ycombinator.com/companies/presto,yc_oss_current,false,publicly_sourced,datahive_cb_url,presto,https://www.crunchbase.com/organization/presto,,,0,false,false,false,false,false,false,false,false,false,false,,,,confirmed,https://www.crunchbase.com/organization/presto,Name presto.com domain and founder Rajat Suri match
825,Pretty Instant,pretty-instant,Winter 2015,Acquired,https://www.prettyinstant.com,https://www.ycombinator.com/companies/pretty-instant,yc_oss_current,false,publicly_sourced,datahive_cb_url,pretty-instant,https://www.crunchbase.com/organization/pretty-instant,,,0,false,false,false,false,false,false,false,false,false,false,,,,,,
59,Priceonomics,priceonomics,Winter 2012,Acquired,http://priceonomics.com,https://www.ycombinator.com/companies/priceonomics,yc_oss_current,false,publicly_sourced,datahive_cb_url,priceonomics,https://www.crunchbase.com/organization/priceonomics,,,0,false,false,false,false,false,false,false,false,false,false,,,,,,
826,Priime,priime,Winter 2015,Inactive,https://priime.com,https://www.ycombinator.com/companies/priime,yc_oss_current,false,publicly_sourced,datahive_cb_url,priime,https://www.crunchbase.com/organization/priime,,,0,false,false,false,false,false,false,false,false,false,false,,,,,,
1181,Prime Lightworks,prime-lightworks,Summer 2016,Active,http://www.primelightworks.com,https://www.ycombinator.com/companies/prime-lightworks,yc_oss_current,false,publicly_sourced,datahive_cb_url,prime-lightworks,https://www.crunchbase.com/organization/prime-lightworks,,,0,false,false,false,false,false,false,false,false,false,false,,,,,,
27137,PrimeVault,primevault,Summer 2022,Active,https://www.primevault.com,https://www.ycombinator.com/companies/primevault,yc_oss_current,false,publicly_sourced,datahive_cb_url,excheqr,https://www.crunchbase.com/organization/excheqr,,,0,false,false,false,false,false,false,false,false,false,false,,,,,,
22867,Procoto,procoto,Winter 2021,Acquired,https://procoto.com,https://www.ycombinator.com/companies/procoto,yc_oss_current,false,publicly_sourced,datahive_cb_url,procoto,https://www.crunchbase.com/organization/procoto,,,0,false,false,false,false,false,false,false,false,false,false,,,,,,
1988,Prodigal,prodigal,Summer 2018,Active,https://prodigaltech.com/,https://www.ycombinator.com/companies/prodigal,yc_oss_current,false,publicly_sourced,datahive_cb_url,prodigal-3824,https://www.crunchbase.com/organization/prodigal-3824,,,0,false,false,false,false,false,false,false,false,false,false,,,,,,
697,Product Hunt,product-hunt,Summer 2014,Acquired,http://producthunt.com,https://www.ycombinator.com/companies/product-hunt,yc_oss_current,false,publicly_sourced,datahive_cb_url,product-hunt,https://www.crunchbase.com/organization/product-hunt,,,0,false,false,false,false,false,false,false,false,false,false,,,,,,
435,Profig,profig,Summer 2012,Inactive,http://profig.com,https://www.ycombinator.com/companies/profig,yc_oss_current,false,publicly_sourced,datahive_cb_url,profig,https://www.crunchbase.com/organization/profig,,,0,false,false,false,false,false,false,false,false,false,false,,,,,,
29607,ProhostAI,prohostai,Summer 2024,Active,https://www.prohost.ai/,https://www.ycombinator.com/companies/prohostai,yc_oss_current,false,publicly_sourced,datahive_cb_url,prohostai,https://www.crunchbase.com/organization/prohostai,,,0,false,false,false,false,false,false,false,false,false,false,,,,,,
369,Project Wedding,project-wedding,Winter 2006,Acquired,http://projectwedding.com,https://www.ycombinator.com/companies/project-wedding,yc_oss_current,false,publicly_sourced,datahive_cb_url,project-wedding,https://www.crunchbase.com/organization/project-wedding,,,0,false,false,false,false,false,false,false,false,false,false,,,,,,
12287,Prometheus,prometheus,Winter 2019,Active,http://www.prometheusfuels.com,https://www.ycombinator.com/companies/prometheus,yc_oss_current,false,publicly_sourced,datahive_cb_url,prometheus-2373,https://www.crunchbase.com/organization/prometheus-2373,,,0,false,false,false,false,false,false,false,false,false,false,,,,,,
1769,Promise,promise,Winter 2018,Active,http://promise-pay.com,https://www.ycombinator.com/companies/promise,yc_oss_current,false,publicly_sourced,datahive_cb_url,promise,https://www.crunchbase.com/organization/promise,,,0,false,false,false,false,false,false,false,false,false,false,,,,,,
22827,Promoted.ai,promoted,Winter 2021,Acquired,http://www.promoted.ai,https://www.ycombinator.com/companies/promoted,yc_oss_current,false,publicly_sourced,datahive_cb_url,promoted-ai,https://www.crunchbase.com/organization/promoted-ai,,,0,false,false,false,false,false,false,false,false,false,false,,,,,,
12261,Pronto,pronto,Winter 2019,Active,http://www.tuprontomx.com/,https://www.ycombinator.com/companies/pronto,yc_oss_current,false,publicly_sourced,datahive_cb_url,pronto-app,https://www.crunchbase.com/organization/pronto-app,,,0,false,false,false,false,false,false,false,false,false,false,,,,,,
25344,Proper,proper,Winter 2022,Acquired,http://www.properfinance.io,https://www.ycombinator.com/companies/proper,yc_oss_current,false,publicly_sourced,datahive_cb_url,proper-ae41,https://www.crunchbase.com/organization/proper-ae41,,,0,false,false,false,false,false,false,false,false,false,false,,,,,,
515,Prophecy Sciences,prophecy-sciences,Winter 2013,Inactive,http://prophecysciences.com,https://www.ycombinator.com/companies/prophecy-sciences,yc_oss_current,false,publicly_sourced,datahive_cb_url,prophecy-sciences,https://www.crunchbase.com/organization/prophecy-sciences,,,0,false,false,false,false,false,false,false,false,false,false,,,,,,
24046,PropReturns,propreturns,Summer 2021,Inactive,https://www.propreturns.com/,https://www.ycombinator.com/companies/propreturns,yc_oss_current,false,publicly_sourced,datahive_cb_url,propreturns,https://www.crunchbase.com/organization/propreturns,,,0,false,false,false,false,false,false,false,false,false,false,,,,,,
29398,ProSights,prosights,Winter 2024,Active,https://prosights.co/,https://www.ycombinator.com/companies/prosights,yc_oss_current,false,publicly_sourced,datahive_cb_url,prosights,https://www.crunchbase.com/organization/prosights,,,0,false,false,false,false,false,false,false,false,false,false,,,,,,
28821,Prosper,prosper,Summer 2023,Active,https://www.getprosper.ai?utm_source=yc&utm_medium=directory&utm_campaign=yc_directory,https://www.ycombinator.com/companies/prosper,yc_oss_current,false,publicly_sourced,datahive_cb_url,prosper-ai-70ea,https://www.crunchbase.com/organization/prosper-ai-70ea,,,0,false,false,false,false,false,false,false,false,false,false,,,,,,
681,Protocol Labs,protocol-labs,Summer 2014,Active,https://protocol.ai/,https://www.ycombinator.com/companies/protocol-labs,yc_oss_current,false,publicly_sourced,datahive_cb_url,protocol-labs,https://www.crunchbase.com/organization/protocol-labs,,,0,false,false,false,false,false,false,false,false,false,false,,,,,,
1082,Protonet,protonet,Winter 2016,Active,https://protonet.info,https://www.ycombinator.com/companies/protonet,yc_oss_current,false,publicly_sourced,datahive_cb_url,protonet,https://www.crunchbase.com/organization/protonet,,,0,false,false,false,false,false,false,false,false,false,false,,,,,,
1723,Proven Group,proven-group,Winter 2018,Active,https://www.provenskincare.com,https://www.ycombinator.com/companies/proven-group,yc_oss_current,false,publicly_sourced,datahive_cb_url,proven-2932,https://www.crunchbase.com/organization/proven-2932,,,0,false,false,false,false,false,false,false,false,false,false,,,,,,
26863,Provision,provision,Summer 2022,Active,https://provision.com,https://www.ycombinator.com/companies/provision,yc_oss_current,false,publicly_sourced,datahive_cb_url,provision-1d32,https://www.crunchbase.com/organization/provision-1d32,,,0,false,false,false,false,false,false,false,false,false,false,,,,,,
81,Proxino,proxino,Summer 2011,Inactive,http://proxino.com,https://www.ycombinator.com/companies/proxino,yc_oss_current,false,publicly_sourced,datahive_cb_url,proxino,https://www.crunchbase.com/organization/proxino,,,0,false,false,false,false,false,false,false,false,false,false,,,,,,
1352,Proxy,proxy,Summer 2016,Acquired,https://proxy.com,https://www.ycombinator.com/companies/proxy,yc_oss_current,false,publicly_sourced,datahive_cb_url,martians,https://www.crunchbase.com/organization/martians,,,0,false,false,false,false,false,false,false,false,false,false,,,,,,
1814,Psylaris,psylaris,Winter 2018,Active,https://www.psylaris.com/,https://www.ycombinator.com/companies/psylaris,yc_oss_current,false,publicly_sourced,datahive_cb_url,psylaris,https://www.crunchbase.com/organization/psylaris,,,0,false,false,false,false,false,false,false,false,false,false,,,,,,
1019,Pulpix,pulpix,Winter 2016,Acquired,https://www.pulpix.com,https://www.ycombinator.com/companies/pulpix,yc_oss_current,false,publicly_sourced,datahive_cb_url,pulpix,https://www.crunchbase.com/organization/pulpix,,,0,false,false,false,false,false,false,false,false,false,false,,,,,,
26862,Pulppo,pulppo,Summer 2022,Acquired,https://www.pulppo.com,https://www.ycombinator.com/companies/pulppo,yc_oss_current,false,publicly_sourced,datahive_cb_url,pulppo,https://www.crunchbase.com/organization/pulppo,,,0,false,false,false,false,false,false,false,false,false,false,,,,,,
1465,Pulse,pulse,Winter 2017,Inactive,http://www.getpulse.care/,https://www.ycombinator.com/companies/pulse,yc_oss_current,false,publicly_sourced,datahive_cb_url,pulse-9b06,https://www.crunchbase.com/organization/pulse-9b06,,,0,false,false,false,false,false,false,false,false,false,false,,,,,,
1741,Pulse,pulse-2,Winter 2018,Acquired,https://www.pulse.qa,https://www.ycombinator.com/companies/pulse-2,yc_oss_current,false,publicly_sourced,datahive_cb_url,pulse-q-a,https://www.crunchbase.com/organization/pulse-q-a,,,0,false,false,false,false,false,false,false,false,false,false,,,,,,
29699,Pulse,pulse-3,Summer 2024,Active,https://www.runpulse.com/,https://www.ycombinator.com/companies/pulse-3,yc_oss_current,false,publicly_sourced,datahive_cb_url,pulse-ai-ea00,https://www.crunchbase.com/organization/pulse-ai-ea00,,,0,false,false,false,false,false,false,false,false,false,false,,,,,,
12259,Pulse Active Stations Network,pulse-active-stations-network,Winter 2019,Active,http://www.getpulse.in/,https://www.ycombinator.com/companies/pulse-active-stations-network,yc_oss_current,false,publicly_sourced,datahive_cb_url,pulse-active-stations-network,https://www.crunchbase.com/organization/pulse-active-stations-network,,,0,false,false,false,false,false,false,false,false,false,false,,,,,,
27178,Pump.co,pump-co,Summer 2022,Active,https://www.pump.co/,https://www.ycombinator.com/companies/pump-co,yc_oss_current,false,publicly_sourced,datahive_cb_url,pump-b398,https://www.crunchbase.com/organization/pump-b398,,,0,false,false,false,false,false,false,false,false,false,false,,,,,,
1241,Pursuit,pursuit,Summer 2016,Acquired,http://www.revlo.co,https://www.ycombinator.com/companies/pursuit,yc_oss_current,false,publicly_sourced,datahive_cb_url,revlo,https://www.crunchbase.com/organization/revlo,,,0,false,false,false,false,false,false,false,false,false,false,,,,,,
616,Pushbullet,pushbullet,Winter 2014,Active,https://www.pushbullet.com,https://www.ycombinator.com/companies/pushbullet,yc_oss_current,false,publicly_sourced,datahive_cb_url,pushbullet,https://www.crunchbase.com/organization/pushbullet,,,0,false,false,false,false,false,false,false,false,false,false,,,,,,
1582,Py,py,Summer 2017,Acquired,https://www.getpy.com,https://www.ycombinator.com/companies/py,yc_oss_current,false,publicly_sourced,datahive_cb_url,py,https://www.crunchbase.com/organization/py,,,0,false,false,false,false,false,false,false,false,false,false,,,,,,
1645,Pyka,pyka,Summer 2017,Active,https://flypyka.com,https://www.ycombinator.com/companies/pyka,yc_oss_current,false,publicly_sourced,datahive_cb_url,pyka,https://www.crunchbase.com/organization/pyka,,,0,false,false,false,false,false,false,false,false,false,false,,,,,,
24606,Pylon,pylon,Summer 2021,Active,https://www.pylonump.com/,https://www.ycombinator.com/companies/pylon,yc_oss_current,false,publicly_sourced,datahive_cb_url,pylon-f2e7,https://www.crunchbase.com/organization/pylon-f2e7,,,0,false,false,false,false,false,false,false,false,false,false,,,,,,
28069,Pylon,pylon-2,Winter 2023,Active,https://usepylon.com/?utm_source=bookface&utm_medium=referral&utm_campaign=pylon-profile,https://www.ycombinator.com/companies/pylon-2,yc_oss_current,false,publicly_sourced,datahive_cb_url,pylon-f27d,https://www.crunchbase.com/organization/pylon-f27d,,,0,false,false,false,false,false,false,false,false,false,false,,,,,,
12063,Pyxai,pyxai,Winter 2019,Active,https://www.pyxai.com,https://www.ycombinator.com/companies/pyxai,yc_oss_current,false,publicly_sourced,datahive_cb_url,pyxai,https://www.crunchbase.com/organization/pyxai,,,0,false,false,false,false,false,false,false,false,false,false,,,,,,
30367,QFEX,qfex,Spring 2025,Active,https://qfex.com,https://www.ycombinator.com/companies/qfex,yc_oss_current,false,publicly_sourced,datahive_cb_url,qfex,https://www.crunchbase.com/organization/qfex,,,0,false,false,false,false,false,false,false,false,false,false,,,,,,
92,Quad,quad,Summer 2011,Inactive,http://thequad.com,https://www.ycombinator.com/companies/quad,yc_oss_current,false,publicly_sourced,datahive_cb_url,quad,https://www.crunchbase.com/organization/quad,,,0,false,false,false,false,false,false,false,false,false,false,,,,,,
22661,Quadrant Eye,quadrant-eye,Winter 2021,Inactive,https://quadranteye.com,https://www.ycombinator.com/companies/quadrant-eye,yc_oss_current,false,publicly_sourced,datahive_cb_url,quadrant-eye,https://www.crunchbase.com/organization/quadrant-eye,,,0,false,false,false,false,false,false,false,false,false,false,,,,,,
25929,Quan,quan,Winter 2022,Acquired,https://www.quanwellbeing.com/,https://www.ycombinator.com/companies/quan,yc_oss_current,false,publicly_sourced,datahive_cb_url,quan,https://www.crunchbase.com/organization/quan,,,0,false,false,false,false,false,false,false,false,false,false,,,,,,
807,Quantierra,quantierra,Winter 2015,Active,http://quantierra.com,https://www.ycombinator.com/companies/quantierra,yc_oss_current,false,publicly_sourced,datahive_cb_url,quantierra,https://www.crunchbase.com/organization/quantierra,,,0,false,false,false,false,false,false,false,false,false,false,,,,,,
1727,Quantstamp,quantstamp,Winter 2018,Active,https://quantstamp.com,https://www.ycombinator.com/companies/quantstamp,yc_oss_current,false,publicly_sourced,datahive_cb_url,quantstamp-technologies,https://www.crunchbase.com/organization/quantstamp-technologies,,,0,false,false,false,false,false,false,false,false,false,false,,,,,,
85,Quartzy,quartzy,Summer 2011,Active,https://www.quartzy.com,https://www.ycombinator.com/companies/quartzy,yc_oss_current,false,publicly_sourced,datahive_cb_url,quartzy,https://www.crunchbase.com/organization/quartzy,,,0,false,false,false,false,false,false,false,false,false,false,,,,,,
29260,Quary,quary,Winter 2024,Inactive,https://www.quary.dev,https://www.ycombinator.com/companies/quary,yc_oss_current,false,publicly_sourced,datahive_cb_url,quary,https://www.crunchbase.com/organization/quary,,,0,false,false,false,false,false,false,false,false,false,false,,,,,,
22701,Queenly,queenly,Winter 2021,Inactive,https://queenly.com/,https://www.ycombinator.com/companies/queenly,yc_oss_current,false,publicly_sourced,datahive_cb_url,queenly,https://www.crunchbase.com/organization/queenly,,,0,false,false,false,false,false,false,false,false,false,false,,,,,,
22301,Quell,quell,Summer 2020,Inactive,https://playquell.com,https://www.ycombinator.com/companies/quell,yc_oss_current,false,publicly_sourced,datahive_cb_url,quell-1ffb,https://www.crunchbase.com/organization/quell-1ffb,,,0,false,false,false,false,false,false,false,false,false,false,,,,,,
1339,Quero Education,quero-education,Summer 2016,Active,http://querobolsa.com.br,https://www.ycombinator.com/companies/quero-education,yc_oss_current,false,publicly_sourced,datahive_cb_url,quero-education,https://www.crunchbase.com/organization/quero-education,,,0,false,false,false,false,false,false,false,false,false,false,,,,,,
13231,QueryPie AI,querypie-ai,Winter 2020,Active,https://www.querypie.com,https://www.ycombinator.com/companies/querypie-ai,yc_oss_current,false,publicly_sourced,datahive_cb_url,querypie,https://www.crunchbase.com/organization/querypie,,,0,false,false,false,false,false,false,false,false,false,false,,,,confirmed,https://www.crunchbase.com/organization/querypie,Name and querypie.com domain match
21795,QuestDB,questdb,Summer 2020,Active,https://questdb.com/,https://www.ycombinator.com/companies/questdb,yc_oss_current,false,publicly_sourced,datahive_cb_url,quest-db,https://www.crunchbase.com/organization/quest-db,,,0,false,false,false,false,false,false,false,false,false,false,,,,,,
21814,Queue,queue,Summer 2020,Inactive,https://usequeue.com,https://www.ycombinator.com/companies/queue,yc_oss_current,false,publicly_sourced,datahive_cb_url,queue-gg,https://www.crunchbase.com/organization/queue-gg,,,0,false,false,false,false,false,false,false,false,false,false,,,,,,
22995,Quicknode,quicknode,Winter 2021,Active,https://www.quicknode.com,https://www.ycombinator.com/companies/quicknode,yc_oss_current,false,publicly_sourced,datahive_cb_url,quiknode,https://www.crunchbase.com/organization/quiknode,,,0,false,false,false,false,false,false,false,false,false,false,,,,,,
1068,Quilt Data,quilt-data,Winter 2016,Active,https://quiltdata.com,https://www.ycombinator.com/companies/quilt-data,yc_oss_current,false,publicly_sourced,datahive_cb_url,quilt-data,https://www.crunchbase.com/organization/quilt-data,,,0,false,false,false,false,false,false,false,false,false,false,,,,,,
1870,Qulture.Rocks,qulture-rocks,Winter 2018,Acquired,https://qulture.rocks/en/home/,https://www.ycombinator.com/companies/qulture-rocks,yc_oss_current,false,publicly_sourced,datahive_cb_url,qulture-rocks,https://www.crunchbase.com/organization/qulture-rocks,,,0,false,false,false,false,false,false,false,false,false,false,,,,,,
1924,Quo (fka OpenPhone),openphone,Summer 2018,Active,https://www.quo.com,https://www.ycombinator.com/companies/openphone,yc_oss_current,false,publicly_sourced,datahive_cb_url,openphone,https://www.crunchbase.com/organization/openphone,,,0,false,false,false,false,false,false,false,false,false,false,,,,,,
30739,Quotain,quotain,Summer 2025,Active,https://quotain.com,https://www.ycombinator.com/companies/quotain,yc_oss_current,false,publicly_sourced,datahive_cb_url,eden-9680,https://www.crunchbase.com/organization/eden-9680,,,0,false,false,false,false,false,false,false,false,false,false,,,,,,
740,Qventus,qventus,Winter 2015,Active,http://qventus.com,https://www.ycombinator.com/companies/qventus,yc_oss_current,false,publicly_sourced,datahive_cb_url,analyticsmd,https://www.crunchbase.com/organization/analyticsmd,,,0,false,false,false,false,false,false,false,false,false,false,,,,,,
1636,Rabbet,rabbet,Summer 2017,Active,http://rabbet.com,https://www.ycombinator.com/companies/rabbet,yc_oss_current,false,publicly_sourced,datahive_cb_url,contract-simply,https://www.crunchbase.com/organization/contract-simply,,,0,false,false,false,false,false,false,false,false,false,false,,,,,,
1932,Radix Labs,radix-labs,Summer 2018,Inactive,http://radix.bio,https://www.ycombinator.com/companies/radix-labs,yc_oss_current,false,publicly_sourced,datahive_cb_url,radixlabs,https://www.crunchbase.com/organization/radixlabs,,,0,false,false,false,false,false,false,false,false,false,false,,,,,,
1963,Rain Neuromorphics,rain-neuromorphics,Summer 2018,Acquired,http://www.rain-neuromorphics.com,https://www.ycombinator.com/companies/rain-neuromorphics,yc_oss_current,false,publicly_sourced,datahive_cb_url,rain-neuromorphics,https://www.crunchbase.com/organization/rain-neuromorphics,,,0,false,false,false,false,false,false,false,false,false,false,,,,,,
395,Rainforest,rainforest,Summer 2012,Active,https://www.rainforestqa.com,https://www.ycombinator.com/companies/rainforest,yc_oss_current,false,publicly_sourced,datahive_cb_url,rainforest,https://www.crunchbase.com/organization/rainforest,,,0,false,false,false,false,false,false,false,false,false,false,,,,,,
25984,Rally,rallyuxr,Winter 2022,Active,https://www.rallyuxr.com/,https://www.ycombinator.com/companies/rallyuxr,yc_oss_current,false,publicly_sourced,datahive_cb_url,rally-a1f8,https://www.crunchbase.com/organization/rally-a1f8,,,0,false,false,false,false,false,false,false,false,false,false,,,,,,
1495,Rally Tennis,zestful,Winter 2017,Inactive,https://www.rallytennis.com/,https://www.ycombinator.com/companies/zestful,yc_oss_current,false,publicly_sourced,datahive_cb_url,zestful,https://www.crunchbase.com/organization/zestful,,,0,false,false,false,false,false,false,false,false,false,false,,,,,,
12768,Ramen VR,ramen-vr,Summer 2019,Active,https://ramenvr.com/,https://www.ycombinator.com/companies/ramen-vr,yc_oss_current,false,publicly_sourced,datahive_cb_url,ramen-vr,https://www.crunchbase.com/organization/ramen-vr,,,0,false,false,false,false,false,false,false,false,false,false,,,,,,
25755,Rank (formerly Moni),rank,Winter 2022,Active,https://www.userank.com/,https://www.ycombinator.com/companies/rank,yc_oss_current,false,publicly_sourced,datahive_cb_url,moni-africa,https://www.crunchbase.com/organization/moni-africa,,,0,false,false,false,false,false,false,false,false,false,false,,,,,,
1484,RankScience,rankscience,Winter 2017,Active,https://www.rankscience.com,https://www.ycombinator.com/companies/rankscience,yc_oss_current,false,publicly_sourced,datahive_cb_url,rank-science-2,https://www.crunchbase.com/organization/rank-science-2,,,0,false,false,false,false,false,false,false,false,false,false,,,,,,
1103,Rappi,rappi,Winter 2016,Active,http://www.rappi.com,https://www.ycombinator.com/companies/rappi,yc_oss_current,false,publicly_sourced,datahive_cb_url,rappi,https://www.crunchbase.com/organization/rappi,,,0,false,false,false,false,false,false,false,false,false,false,,,,,,
180,Rapportive,rapportive,Summer 2010,Acquired,http://rapportive.com,https://www.ycombinator.com/companies/rapportive,yc_oss_current,false,publicly_sourced,datahive_cb_url,rapportive,https://www.crunchbase.com/organization/rapportive,,,0,false,false,false,false,false,false,false,false,false,false,,,,,,
1201,Raptor Maps,raptor-maps,Summer 2016,Active,http://www.raptormaps.com,https://www.ycombinator.com/companies/raptor-maps,yc_oss_current,false,publicly_sourced,datahive_cb_url,raptor-maps,https://www.crunchbase.com/organization/raptor-maps,,,0,false,false,false,false,false,false,false,false,false,false,,,,,,
794,Rare Door,rare-door,Winter 2015,Inactive,http://raredoor.com,https://www.ycombinator.com/companies/rare-door,yc_oss_current,false,publicly_sourced,datahive_cb_url,rare-door,https://www.crunchbase.com/organization/rare-door,,,0,false,false,false,false,false,false,false,false,false,false,,,,,,
842,Raven Tech,raven-tech,Winter 2015,Acquired,http://raventech.com,https://www.ycombinator.com/companies/raven-tech,yc_oss_current,false,publicly_sourced,datahive_cb_url,raven-tech,https://www.crunchbase.com/organization/raven-tech,,,0,false,false,false,false,false,false,false,false,false,false,,,,,,
12071,Ravn,ravn,Winter 2019,Active,https://ravn.com/,https://www.ycombinator.com/companies/ravn,yc_oss_current,false,publicly_sourced,datahive_cb_url,ravn,https://www.crunchbase.com/organization/ravn,,,0,false,false,false,false,false,false,false,false,false,false,,,,,,
735,Ravti,ravti,Summer 2014,Acquired,http://ravti.com,https://www.ycombinator.com/companies/ravti,yc_oss_current,false,publicly_sourced,datahive_cb_url,ravti,https://www.crunchbase.com/organization/ravti,,,0,false,false,false,false,false,false,false,false,false,false,,,,,,
13414,Raycast,raycast,Winter 2020,Active,https://raycast.com,https://www.ycombinator.com/companies/raycast,yc_oss_current,false,publicly_sourced,datahive_cb_url,raycast,https://www.crunchbase.com/organization/raycast,,,0,false,false,false,false,false,false,false,false,false,false,,,,,,
30039,Raycaster,raycaster,Fall 2024,Active,https://raycaster.ai,https://www.ycombinator.com/companies/raycaster,yc_oss_current,false,publicly_sourced,datahive_cb_url,raycaster,https://www.crunchbase.com/organization/raycaster,,,0,false,false,false,false,false,false,false,false,false,false,,,,,,
827,Razorpay,razorpay,Winter 2015,Active,https://razorpay.com,https://www.ycombinator.com/companies/razorpay,yc_oss_current,false,publicly_sourced,datahive_cb_url,razorpay,https://www.crunchbase.com/organization/razorpay,,,0,false,false,false,false,false,false,false,false,false,false,,,,,,
782,ReadMe,readme,Winter 2015,Active,http://readme.com,https://www.ycombinator.com/companies/readme,yc_oss_current,false,publicly_sourced,datahive_cb_url,readme-io,https://www.crunchbase.com/organization/readme-io,,,0,false,false,false,false,false,false,false,false,false,false,,,,,,
22108,Ready,ready,Summer 2020,Active,https://ready.net,https://www.ycombinator.com/companies/ready,yc_oss_current,false,publicly_sourced,datahive_cb_url,ready-e28c,https://www.crunchbase.com/organization/ready-e28c,,,0,false,false,false,false,false,false,false,false,false,false,,,,,,
1286,Ready Education,ready-education,Summer 2016,Active,https://www.readyeducation.com,https://www.ycombinator.com/companies/ready-education,yc_oss_current,false,publicly_sourced,datahive_cb_url,oohlala-mobile,https://www.crunchbase.com/organization/oohlala-mobile,,,0,false,false,false,false,false,false,false,false,false,false,,,,,,
203,Ready For Zero,ready-for-zero,Summer 2010,Inactive,http://readyforzero.com,https://www.ycombinator.com/companies/ready-for-zero,yc_oss_current,false,publicly_sourced,datahive_cb_url,readyforzero,https://www.crunchbase.com/organization/readyforzero,,,0,false,false,false,false,false,false,false,false,false,false,,,,,,
1069,Real Artists,real-artists,Winter 2016,Inactive,https://www.realartists.com,https://www.ycombinator.com/companies/real-artists,yc_oss_current,false,publicly_sourced,datahive_cb_url,real-artists,https://www.crunchbase.com/organization/real-artists,,,0,false,false,false,false,false,false,false,false,false,false,,,,,,
554,RealCrowd,realcrowd,Summer 2013,Acquired,http://realcrowd.com,https://www.ycombinator.com/companies/realcrowd,yc_oss_current,false,publicly_sourced,datahive_cb_url,realcrowd,https://www.crunchbase.com/organization/realcrowd,,,0,false,false,false,false,false,false,false,false,false,false,,,,,,
26296,Reality Defender,reality-defender,Winter 2022,Active,http://www.realitydefender.com,https://www.ycombinator.com/companies/reality-defender,yc_oss_current,false,publicly_sourced,datahive_cb_url,reality-defender,https://www.crunchbase.com/organization/reality-defender,,,0,false,false,false,false,false,false,false,false,false,false,,,,,,
96,Realm,realm,Summer 2011,Acquired,http://realm.io,https://www.ycombinator.com/companies/realm,yc_oss_current,false,publicly_sourced,datahive_cb_url,realm-2,https://www.crunchbase.com/organization/realm-2,,,0,false,false,false,false,false,false,false,false,false,false,,,,,,
30805,RealRoots,realroots,Summer 2025,Active,http://www.realroots.com,https://www.ycombinator.com/companies/realroots,yc_oss_current,false,publicly_sourced,datahive_cb_url,realroots-inc,https://www.crunchbase.com/organization/realroots-inc,,,0,false,false,false,false,false,false,false,false,false,false,,,,,,
25315,Rebill,rebill,Winter 2022,Active,https://www.rebill.com,https://www.ycombinator.com/companies/rebill,yc_oss_current,false,publicly_sourced,datahive_cb_url,rebill-inc,https://www.crunchbase.com/organization/rebill-inc,,,0,false,false,false,false,false,false,false,false,false,false,,,,,,
338,Reble,reble,Summer 2007,Inactive,http://reble.fm,https://www.ycombinator.com/companies/reble,yc_oss_current,false,publicly_sourced,datahive_cb_url,reble,https://www.crunchbase.com/organization/reble,,,0,false,false,false,false,false,false,false,false,false,false,,,,,,
23105,Reclaim Protocol,reclaim-protocol,Winter 2021,Active,https://reclaimprotocol.org,https://www.ycombinator.com/companies/reclaim-protocol,yc_oss_current,false,publicly_sourced,radema_cb_url,questbook,https://www.crunchbase.com/organization/questbook,,,0,false,false,false,false,false,false,false,false,false,false,,,,,,
265,Recurious,recurious,Winter 2009,Inactive,http://thesixtyone.com,https://www.ycombinator.com/companies/recurious,yc_oss_current,false,publicly_sourced,datahive_cb_url,thesixtyone,https://www.crunchbase.com/organization/thesixtyone,,,0,false,false,false,false,false,false,false,false,false,false,,,,,,
25272,Redbird,redbird,Winter 2022,Active,https://www.redbird.io,https://www.ycombinator.com/companies/redbird,yc_oss_current,false,publicly_sourced,datahive_cb_url,redbirdio,https://www.crunchbase.com/organization/redbirdio,,,0,false,false,false,false,false,false,false,false,false,false,,,,,,
25610,RedBrick AI,redbrick-ai,Winter 2022,Active,https://redbrickai.com,https://www.ycombinator.com/companies/redbrick-ai,yc_oss_current,false,publicly_sourced,datahive_cb_url,redbrick-ai,https://www.crunchbase.com/organization/redbrick-ai,,,0,false,false,false,false,false,false,false,false,false,false,,,,,,
932,RedCarpetUp,redcarpetup,Summer 2015,Active,http://redcarpetup.com,https://www.ycombinator.com/companies/redcarpetup,yc_oss_current,false,publicly_sourced,datahive_cb_url,redcarpetup,https://www.crunchbase.com/organization/redcarpetup,,,0,false,false,false,false,false,false,false,false,false,false,,,,,,
379,Reddit,reddit,Summer 2005,Acquired,http://reddit.com,https://www.ycombinator.com/companies/reddit,yc_oss_current,false,publicly_sourced,datahive_cb_url,reddit,https://www.crunchbase.com/organization/reddit,,,0,false,false,false,false,false,false,false,false,false,false,,,,,,
30316,Reditus Space,reditus-space,Winter 2025,Active,https://www.reditus.space/,https://www.ycombinator.com/companies/reditus-space,yc_oss_current,false,publicly_sourced,datahive_cb_url,reditus-space,https://www.crunchbase.com/organization/reditus-space,,,0,false,false,false,false,false,false,false,false,false,false,,,,,,
1057,Redspread,redspread,Winter 2016,Acquired,http://redspread.com,https://www.ycombinator.com/companies/redspread,yc_oss_current,false,publicly_sourced,datahive_cb_url,redspread,https://www.crunchbase.com/organization/redspread,,,0,false,false,false,false,false,false,false,false,false,false,,,,,,
933,Reduced Energy Microsystems,reduced-energy-microsystems,Summer 2015,Inactive,http://remicro.com,https://www.ycombinator.com/companies/reduced-energy-microsystems,yc_oss_current,false,publicly_sourced,datahive_cb_url,reduced-energy-microsystems,https://www.crunchbase.com/organization/reduced-energy-microsystems,,,0,false,false,false,false,false,false,false,false,false,false,,,,,,
555,Reebee,reebee,Summer 2013,Active,http://reebee.com,https://www.ycombinator.com/companies/reebee,yc_oss_current,false,publicly_sourced,datahive_cb_url,reebee,https://www.crunchbase.com/organization/reebee,,,0,false,false,false,false,false,false,false,false,false,false,,,,,,
1304,Reebeez,reebeez,Summer 2016,Inactive,http://www.reebeez.co/,https://www.ycombinator.com/companies/reebeez,yc_oss_current,false,publicly_sourced,datahive_cb_url,reebeez,https://www.crunchbase.com/organization/reebeez,,,0,false,false,false,false,false,false,false,false,false,false,,,,,,
12088,Reelables,reelables,Winter 2019,Active,http://reelables.com,https://www.ycombinator.com/companies/reelables,yc_oss_current,false,publicly_sourced,datahive_cb_url,reelables,https://www.crunchbase.com/organization/reelables,,,0,false,false,false,false,false,false,false,false,false,false,,,,,,
430,ReelSurfer,reelsurfer,Summer 2012,Inactive,http://reelsurfer.com,https://www.ycombinator.com/companies/reelsurfer,yc_oss_current,false,publicly_sourced,datahive_cb_url,reelsurfer,https://www.crunchbase.com/organization/reelsurfer,,,0,false,false,false,false,false,false,false,false,false,false,,,,,,
28907,refine,refine,Summer 2023,Active,https://refine.dev,https://www.ycombinator.com/companies/refine,yc_oss_current,false,publicly_sourced,datahive_cb_url,refine-0e26,https://www.crunchbase.com/organization/refine-0e26,,,0,false,false,false,false,false,false,false,false,false,false,,,,,,
25603,Reforged Labs,reforged-labs,Winter 2022,Active,https://reforgedlabs.com/,https://www.ycombinator.com/companies/reforged-labs,yc_oss_current,false,publicly_sourced,datahive_cb_url,reforged-labs,https://www.crunchbase.com/organization/reforged-labs,,,0,false,false,false,false,false,false,false,false,false,false,,,,,,
29478,Reform,reform,Winter 2024,Active,https://www.reformhq.com,https://www.ycombinator.com/companies/reform,yc_oss_current,false,publicly_sourced,datahive_cb_url,reform-4e31,https://www.crunchbase.com/organization/reform-4e31,,,0,false,false,false,false,false,false,false,false,false,false,,,,,,
23832,Reframe,reframe,Summer 2021,Active,https://www.joinreframeapp.com/,https://www.ycombinator.com/companies/reframe,yc_oss_current,false,publicly_sourced,datahive_cb_url,reframe-app,https://www.crunchbase.com/organization/reframe-app,,,0,false,false,false,false,false,false,false,false,false,false,,,,,,
450,RegistryLove,registrylove,Summer 2012,Inactive,http://registrylove.com,https://www.ycombinator.com/companies/registrylove,yc_oss_current,false,publicly_sourced,datahive_cb_url,registrylove,https://www.crunchbase.com/organization/registrylove,,,0,false,false,false,false,false,false,false,false,false,false,,,,,,
1956,Regology,regology,Summer 2018,Acquired,http://regology.com,https://www.ycombinator.com/companies/regology,yc_oss_current,false,publicly_sourced,datahive_cb_url,regology,https://www.crunchbase.com/organization/regology,,,0,false,false,false,false,false,false,false,false,false,false,,,,,,
23317,Rejoy Health,rejoy-health,Winter 2021,Active,https://www.rejoyhealth.com/,https://www.ycombinator.com/companies/rejoy-health,yc_oss_current,false,publicly_sourced,datahive_cb_url,rejoyhealth,https://www.crunchbase.com/organization/rejoyhealth,,,0,false,false,false,false,false,false,false,false,false,false,,,,,,
27096,Relate,relate,Summer 2022,Active,https://www.relate.so/,https://www.ycombinator.com/companies/relate,yc_oss_current,false,publicly_sourced,datahive_cb_url,pixelic,https://www.crunchbase.com/organization/pixelic,,,0,false,false,false,false,false,false,false,false,false,false,,,,,,
1618,Relationship Hero,relationship-hero,Summer 2017,Active,https://relationshiphero.com,https://www.ycombinator.com/companies/relationship-hero,yc_oss_current,false,publicly_sourced,datahive_cb_url,relationship-hero,https://www.crunchbase.com/organization/relationship-hero,,,0,false,false,false,false,false,false,false,false,false,false,,,,,,
1080,Relativity Space,relativity-space,Winter 2016,Active,http://relativityspace.com,https://www.ycombinator.com/companies/relativity-space,yc_oss_current,false,publicly_sourced,datahive_cb_url,relativity-space,https://www.crunchbase.com/organization/relativity-space,,,0,false,false,false,false,false,false,false,false,false,false,,,,,,
1596,Releaf Earth,releaf-earth,Summer 2017,Active,http://www.releaf.africa,https://www.ycombinator.com/companies/releaf-earth,yc_oss_current,false,publicly_sourced,datahive_cb_url,releaf,https://www.crunchbase.com/organization/releaf,,,0,false,false,false,false,false,false,false,false,false,false,,,,,,
1520,Reliance Health,reliance-health,Winter 2017,Active,https://www.getreliancehealth.com,https://www.ycombinator.com/companies/reliance-health,yc_oss_current,false,publicly_sourced,datahive_cb_url,reliancehealth,https://www.crunchbase.com/organization/reliancehealth,,,0,false,false,false,false,false,false,false,false,false,false,,,,,,
29762,Remade,remade,Summer 2024,Acquired,https://www.remade.ai/?utm_source=YC&utm_medium=YC&utm_campaign=YC_profile&utm_content=YC_profile,https://www.ycombinator.com/companies/remade,yc_oss_current,false,publicly_sourced,datahive_cb_url,remade,https://www.crunchbase.com/organization/remade,,,0,false,false,false,false,false,false,false,false,false,false,,,,,,
273,reMail,remail,Winter 2009,Acquired,http://remail.com,https://www.ycombinator.com/companies/remail,yc_oss_current,false,publicly_sourced,datahive_cb_url,remail,https://www.crunchbase.com/organization/remail,,,0,false,false,false,false,false,false,false,false,false,false,,,,,,
25274,Remedial Health,remedial-health,Winter 2022,Active,https://remedial.health,https://www.ycombinator.com/companies/remedial-health,yc_oss_current,false,publicly_sourced,datahive_cb_url,remedial-health,https://www.crunchbase.com/organization/remedial-health,,,0,false,false,false,false,false,false,false,false,false,false,,,,,,
793,Remix,remix,Winter 2015,Acquired,https://www.remix.com/,https://www.ycombinator.com/companies/remix,yc_oss_current,false,publicly_sourced,datahive_cb_url,remix,https://www.crunchbase.com/organization/remix,,,0,false,false,false,false,false,false,false,false,false,false,,,,,,
22905,Remora,remora,Winter 2021,Active,https://www.remoracarbon.com,https://www.ycombinator.com/companies/remora,yc_oss_current,false,publicly_sourced,datahive_cb_url,remora-f760,https://www.crunchbase.com/organization/remora-f760,,,0,false,false,false,false,false,false,false,false,false,false,,,,,,
28799,Remy,remy,Summer 2023,Inactive,https://www.startremy.com/,https://www.ycombinator.com/companies/remy,yc_oss_current,false,publicly_sourced,datahive_cb_url,remy-security,https://www.crunchbase.com/organization/remy-security,,,0,false,false,false,false,false,false,false,false,false,false,,,,,,
24152,RendaloMaq,rendalomaq,Summer 2021,Active,https://www.rendalomaq.com/,https://www.ycombinator.com/companies/rendalomaq,yc_oss_current,false,publicly_sourced,datahive_cb_url,rendalo-maq,https://www.crunchbase.com/organization/rendalo-maq,,,0,false,false,false,false,false,false,false,false,false,false,,,,,,
258,RentHop,renthop,Summer 2009,Active,http://renthop.com,https://www.ycombinator.com/companies/renthop,yc_oss_current,false,publicly_sourced,datahive_cb_url,renthop,https://www.crunchbase.com/organization/renthop,,,0,false,false,false,false,false,false,false,false,false,false,,,,,,
125,Rentobo,rentobo,Summer 2011,Inactive,http://rentobo.com,https://www.ycombinator.com/companies/rentobo,yc_oss_current,false,publicly_sourced,datahive_cb_url,rentobo,https://www.crunchbase.com/organization/rentobo,,,0,false,false,false,false,false,false,false,false,false,false,,,,,,
27850,Repacket,repacket,Winter 2023,Active,https://repacket.com,https://www.ycombinator.com/companies/repacket,yc_oss_current,false,publicly_sourced,datahive_cb_url,0pass,https://www.crunchbase.com/organization/0pass,,,0,false,false,false,false,false,false,false,false,false,false,,,,,,
28882,Repaint,repaint,Summer 2023,Active,https://repaint.com,https://www.ycombinator.com/companies/repaint,yc_oss_current,false,publicly_sourced,datahive_cb_url,autoember,https://www.crunchbase.com/organization/autoember,,,0,false,false,false,false,false,false,false,false,false,false,,,,,,
686,Replenish,replenish,Summer 2014,Acquired,http://www.getreplenish.com,https://www.ycombinator.com/companies/replenish,yc_oss_current,false,publicly_sourced,datahive_cb_url,replenish-2,https://www.crunchbase.com/organization/replenish-2,,,0,false,false,false,false,false,false,false,false,false,false,,,,,,
13147,Replicate,replicate,Winter 2020,Acquired,https://replicate.com,https://www.ycombinator.com/companies/replicate,yc_oss_current,false,publicly_sourced,datahive_cb_url,replicate,https://www.crunchbase.com/organization/replicate,,,0,false,false,false,false,false,false,false,false,false,false,,,,,,
849,Replika,replika,Winter 2015,Active,https://replika.ai/,https://www.ycombinator.com/companies/replika,yc_oss_current,false,publicly_sourced,datahive_cb_url,io,https://www.crunchbase.com/organization/io,,,0,false,false,false,false,false,false,false,false,false,false,,,,,,
1879,Replit,replit,Winter 2018,Active,https://replit.com,https://www.ycombinator.com/companies/replit,yc_oss_current,false,publicly_sourced,datahive_cb_url,replit,https://www.crunchbase.com/organization/replit,,,0,false,false,false,false,false,false,false,false,false,false,,,,,,
24243,Repool,repool,Summer 2021,Active,http://repool.com,https://www.ycombinator.com/companies/repool,yc_oss_current,false,publicly_sourced,datahive_cb_url,repool,https://www.crunchbase.com/organization/repool,,,0,false,false,false,false,false,false,false,false,false,false,,,,,,
25690,Requestly,requestly,Winter 2022,Acquired,https://requestly.com,https://www.ycombinator.com/companies/requestly,yc_oss_current,false,publicly_sourced,radema_cb_url,requestly-awz-technologies,https://www.crunchbase.com/organization/requestly-awz-technologies,,,0,false,false,false,false,false,false,false,false,false,false,,,,,,
19,Rescale,rescale,Winter 2012,Active,https://rescale.com,https://www.ycombinator.com/companies/rescale,yc_oss_current,false,publicly_sourced,datahive_cb_url,rescale,https://www.crunchbase.com/organization/rescale,,,0,false,false,false,false,false,false,false,false,false,false,,,,,,
783,ReSchedule Med,reschedule-med,Winter 2015,Inactive,http://reschedulemed.com,https://www.ycombinator.com/companies/reschedule-med,yc_oss_current,false,publicly_sourced,datahive_cb_url,reschedule,https://www.crunchbase.com/organization/reschedule,,,0,false,false,false,false,false,false,false,false,false,false,,,,,,
828,Rescue Forensics,rescue-forensics,Winter 2015,Inactive,http://rescueforensics.com,https://www.ycombinator.com/companies/rescue-forensics,yc_oss_current,false,publicly_sourced,datahive_cb_url,rescue-forensics,https://www.crunchbase.com/organization/rescue-forensics,,,0,false,false,false,false,false,false,false,false,false,false,,,,,,
304,RescueTime,rescuetime,Winter 2008,Active,http://rescuetime.com,https://www.ycombinator.com/companies/rescuetime,yc_oss_current,false,publicly_sourced,datahive_cb_url,rescuetime,https://www.crunchbase.com/organization/rescuetime,,,0,false,false,false,false,false,false,false,false,false,false,,,,,,
28098,Resend,resend,Winter 2023,Active,https://resend.com,https://www.ycombinator.com/companies/resend,yc_oss_current,false,publicly_sourced,datahive_cb_url,resend,https://www.crunchbase.com/organization/resend,,,0,false,false,false,false,false,false,false,false,false,false,,,,,,
12011,ResistanceBio,viosera-therapeutics,Winter 2019,Inactive,http://www.resistance.bio,https://www.ycombinator.com/companies/viosera-therapeutics,yc_oss_current,false,publicly_sourced,datahive_cb_url,viosera-therapeutics,https://www.crunchbase.com/organization/viosera-therapeutics,,,0,false,false,false,false,false,false,false,false,false,false,,,,,,
797,Resolve,resolve,Winter 2015,Active,https://www.resolvebim.com,https://www.ycombinator.com/companies/resolve,yc_oss_current,false,publicly_sourced,datahive_cb_url,insitevr,https://www.crunchbase.com/organization/insitevr,,,0,false,false,false,false,false,false,false,false,false,false,,,,,,
29325,Respan,respan,Winter 2024,Active,https://respan.ai,https://www.ycombinator.com/companies/respan,yc_oss_current,false,publicly_sourced,datahive_cb_url,keywords-ai,https://www.crunchbase.com/organization/keywords-ai,,,0,false,false,false,false,false,false,false,false,false,false,,,,,,
13235,Response,response,Summer 2020,Active,https://www.tryresponse.com/,https://www.ycombinator.com/companies/response,yc_oss_current,false,publicly_sourced,datahive_cb_url,response-4276,https://www.crunchbase.com/organization/response-4276,,,0,false,false,false,false,false,false,false,false,false,false,,,,,,
1070,Restocks,restocks,Winter 2016,Inactive,https://restocks.io,https://www.ycombinator.com/companies/restocks,yc_oss_current,false,publicly_sourced,datahive_cb_url,restocks,https://www.crunchbase.com/organization/restocks,,,0,false,false,false,false,false,false,false,false,false,false,,,,,,
29441,Retell AI,retell-ai,Winter 2024,Active,https://retellai.com,https://www.ycombinator.com/companies/retell-ai,yc_oss_current,false,publicly_sourced,datahive_cb_url,retell-ai,https://www.crunchbase.com/organization/retell-ai,,,0,false,false,false,false,false,false,false,false,false,false,,,,,,
246,RethinkDB,rethinkdb,Summer 2009,Acquired,http://rethinkdb.com,https://www.ycombinator.com/companies/rethinkdb,yc_oss_current,false,publicly_sourced,datahive_cb_url,rethinkdb,https://www.crunchbase.com/organization/rethinkdb,,,0,false,false,false,false,false,false,false,false,false,false,,,,,,
1646,Rev Genomics,rev-genomics,Summer 2017,Active,https://www.revgenomics.com,https://www.ycombinator.com/companies/rev-genomics,yc_oss_current,false,publicly_sourced,datahive_cb_url,rev-genomics,https://www.crunchbase.com/organization/rev-genomics,,,0,false,false,false,false,false,false,false,false,false,false,,,,,,
1907,RevenueCat,revenuecat,Summer 2018,Active,https://www.revenuecat.com/,https://www.ycombinator.com/companies/revenuecat,yc_oss_current,false,publicly_sourced,datahive_cb_url,revenuecat,https://www.crunchbase.com/organization/revenuecat,,,0,false,false,false,false,false,false,false,false,false,false,,,,,,
12541,ReverCare,revercare,Summer 2019,Inactive,https://www.revercare.com,https://www.ycombinator.com/companies/revercare,yc_oss_current,false,publicly_sourced,datahive_cb_url,revercare,https://www.crunchbase.com/organization/revercare,,,0,false,false,false,false,false,false,false,false,false,false,,,,,,
1775,Reverie Labs,reverie-labs,Winter 2018,Inactive,http://www.reverielabs.com,https://www.ycombinator.com/companies/reverie-labs,yc_oss_current,false,publicly_sourced,datahive_cb_url,reverie-labs,https://www.crunchbase.com/organization/reverie-labs,,,0,false,false,false,false,false,false,false,false,false,false,,,,,,
24556,Revery AI,revery-ai,Summer 2021,Inactive,https://revery.ai,https://www.ycombinator.com/companies/revery-ai,yc_oss_current,false,publicly_sourced,datahive_cb_url,revery-ai,https://www.crunchbase.com/organization/revery-ai,,,0,false,false,false,false,false,false,false,false,false,false,,,,,,
26032,Reviving Mind,reviving-mind,Winter 2022,Active,https://www.revivingmind.com/,https://www.ycombinator.com/companies/reviving-mind,yc_oss_current,false,publicly_sourced,datahive_cb_url,reviving-mind,https://www.crunchbase.com/organization/reviving-mind,,,0,false,false,false,false,false,false,false,false,false,false,,,,,,
1020,Revl,revl,Winter 2016,Active,https://revl.com/,https://www.ycombinator.com/companies/revl,yc_oss_current,false,publicly_sourced,datahive_cb_url,revl,https://www.crunchbase.com/organization/revl,,,0,false,false,false,false,false,false,false,false,false,false,,,,,,
28114,rex.fit,rex-fit,Winter 2023,Active,https://www.rex.fit,https://www.ycombinator.com/companies/rex-fit,yc_oss_current,false,publicly_sourced,datahive_cb_url,babylonai,https://www.crunchbase.com/organization/babylonai,,,0,false,false,false,false,false,false,false,false,false,false,,,,,,
1463,REZI,rezi,Winter 2017,Active,https://www.rentrezi.com,https://www.ycombinator.com/companies/rezi,yc_oss_current,false,publicly_sourced,datahive_cb_url,rezi-2,https://www.crunchbase.com/organization/rezi-2,,,0,false,false,false,false,false,false,false,false,false,false,,,,,,
24130,RGI Labs,rgi-labs,Summer 2021,Active,https://www.rgilabs.com,https://www.ycombinator.com/companies/rgi-labs,yc_oss_current,false,publicly_sourced,datahive_cb_url,plusidentity,https://www.crunchbase.com/organization/plusidentity,,,0,false,false,false,false,false,false,false,false,false,false,,,,,,
1737,Rhythmm,rhythmm,Winter 2018,Inactive,https://getrhythmm.com,https://www.ycombinator.com/companies/rhythmm,yc_oss_current,false,publicly_sourced,datahive_cb_url,rhythmm,https://www.crunchbase.com/organization/rhythmm,,,0,false,false,false,false,false,false,false,false,false,false,,,,,,
1598,Ribbon Health,ribbon-health,Summer 2017,Acquired,http://www.ribbonhealth.com,https://www.ycombinator.com/companies/ribbon-health,yc_oss_current,false,publicly_sourced,datahive_cb_url,ribbonhealth,https://www.crunchbase.com/organization/ribbonhealth,,,0,false,false,false,false,false,false,false,false,false,false,,,,,,
617,Rickshaw,rickshaw,Winter 2014,Acquired,http://gorickshaw.com,https://www.ycombinator.com/companies/rickshaw,yc_oss_current,false,publicly_sourced,datahive_cb_url,rickshaw,https://www.crunchbase.com/organization/rickshaw,,,0,false,false,false,false,false,false,false,false,false,false,,,,,,
1640,RideAlong,ridealong,Summer 2017,Inactive,http://www.getridealong.com,https://www.ycombinator.com/companies/ridealong,yc_oss_current,false,publicly_sourced,datahive_cb_url,ridealong-inc,https://www.crunchbase.com/organization/ridealong-inc,,,0,false,false,false,false,false,false,false,false,false,false,,,,,,
1548,Ridecell,ridecell,Winter 2012,Active,https://www.ridecell.com,https://www.ycombinator.com/companies/ridecell,yc_oss_current,false,publicly_sourced,datahive_cb_url,ridecell,https://www.crunchbase.com/organization/ridecell,,,0,false,false,false,false,false,false,false,false,false,false,,,,,,
121,Ridejoy,ridejoy,Summer 2011,Inactive,http://ridejoy.com,https://www.ycombinator.com/companies/ridejoy,yc_oss_current,false,publicly_sourced,datahive_cb_url,ridejoy,https://www.crunchbase.com/organization/ridejoy,,,0,false,false,false,false,false,false,false,false,false,false,,,,,,
25968,Rider,rider,Winter 2022,Acquired,http://withrider.com,https://www.ycombinator.com/companies/rider,yc_oss_current,false,publicly_sourced,datahive_cb_url,rider-9f06,https://www.crunchbase.com/organization/rider-9f06,,,0,false,false,false,false,false,false,false,false,false,false,,,,,,
700,Rigetti Computing,rigetti-computing,Summer 2014,Public,http://rigetti.com,https://www.ycombinator.com/companies/rigetti-computing,yc_oss_current,false,publicly_sourced,datahive_cb_url,rigetti-computing,https://www.crunchbase.com/organization/rigetti-computing,,,0,false,false,false,false,false,false,false,false,false,false,,,,,,
1209,RigPlenish,rigplenish,Summer 2016,Inactive,http://rigplenish.com,https://www.ycombinator.com/companies/rigplenish,yc_oss_current,false,publicly_sourced,datahive_cb_url,rigplenish,https://www.crunchbase.com/organization/rigplenish,,,0,false,false,false,false,false,false,false,false,false,false,,,,,,
1449,Riley,riley,Winter 2017,Inactive,https://getrileynow.com,https://www.ycombinator.com/companies/riley,yc_oss_current,false,publicly_sourced,datahive_cb_url,riley-2,https://www.crunchbase.com/organization/riley-2,,,0,false,false,false,false,false,false,false,false,false,false,,,,,,
30530,Rimba,rimba,Spring 2025,Active,https://rimba.ai,https://www.ycombinator.com/companies/rimba,yc_oss_current,false,publicly_sourced,datahive_cb_url,rimba,https://www.crunchbase.com/organization/rimba,,,0,false,false,false,false,false,false,false,false,false,false,,,,,,
24199,Rinse,rinse,Summer 2021,Active,http://www.rinse.dental,https://www.ycombinator.com/companies/rinse,yc_oss_current,false,publicly_sourced,datahive_cb_url,rinse-d90c,https://www.crunchbase.com/organization/rinse-d90c,,,0,false,false,false,false,false,false,false,false,false,false,,,,,,
1451,Rippling,rippling,Winter 2017,Active,http://rippling.com/,https://www.ycombinator.com/companies/rippling,yc_oss_current,false,publicly_sourced,datahive_cb_url,rippling,https://www.crunchbase.com/organization/rippling,,,0,false,false,false,false,false,false,false,false,false,false,,,,,,
28087,Rivet,rivet,Winter 2023,Active,https://rivet.dev,https://www.ycombinator.com/companies/rivet,yc_oss_current,false,publicly_sourced,datahive_cb_url,rivet-d09f,https://www.crunchbase.com/organization/rivet-d09f,,,0,false,false,false,false,false,false,false,false,false,false,,,,,,
13199,Riya Collective,riya-collective,Winter 2020,Inactive,http://riyacollective.com,https://www.ycombinator.com/companies/riya-collective,yc_oss_current,false,publicly_sourced,datahive_cb_url,riya-collective,https://www.crunchbase.com/organization/riya-collective,,,0,false,false,false,false,false,false,false,false,false,false,,,,,,
29093,Roame,roame,Summer 2023,Active,https://roame.travel/,https://www.ycombinator.com/companies/roame,yc_oss_current,false,publicly_sourced,datahive_cb_url,roame-travel,https://www.crunchbase.com/organization/roame-travel,,,0,false,false,false,false,false,false,false,false,false,false,,,,,,
1240,Robby Technologies,robby-technologies,Summer 2016,Inactive,http://robby.io,https://www.ycombinator.com/companies/robby-technologies,yc_oss_current,false,publicly_sourced,datahive_cb_url,robby-technologies,https://www.crunchbase.com/organization/robby-technologies,,,0,false,false,false,false,false,false,false,false,false,false,,,,,,
260,RoboHR,robohr,Summer 2009,Inactive,http://robohr.com,https://www.ycombinator.com/companies/robohr,yc_oss_current,false,publicly_sourced,datahive_cb_url,robohr,https://www.crunchbase.com/organization/robohr,,,0,false,false,false,false,false,false,false,false,false,false,,,,,,
1213,RocketLit,rocketlit,Summer 2016,Active,http://www.rocketlit.com,https://www.ycombinator.com/companies/rocketlit,yc_oss_current,false,publicly_sourced,datahive_cb_url,rocketlit,https://www.crunchbase.com/organization/rocketlit,,,0,false,false,false,false,false,false,false,false,false,false,,,,,,
618,Rocketrip,rocketrip,Winter 2014,Acquired,http://rocketrip.com,https://www.ycombinator.com/companies/rocketrip,yc_oss_current,false,publicly_sourced,datahive_cb_url,rocketrip,https://www.crunchbase.com/organization/rocketrip,,,0,false,false,false,false,false,false,false,false,false,false,,,,,,
27692,Rollstack,rollstack-2,Winter 2023,Active,https://www.rollstack.com,https://www.ycombinator.com/companies/rollstack-2,yc_oss_current,false,publicly_sourced,datahive_cb_url,rollstack,https://www.crunchbase.com/organization/rollstack,,,0,false,false,false,false,false,false,false,false,false,false,,,,,,
1608,Roofr,roofr,Summer 2017,Active,https://roofr.com/,https://www.ycombinator.com/companies/roofr,yc_oss_current,false,publicly_sourced,datahive_cb_url,roofr,https://www.crunchbase.com/organization/roofr,,,0,false,false,false,false,false,false,false,false,false,false,,,,,,
874,Roomblocker,roomblocker,Summer 2015,Inactive,http://roomblocker.com,https://www.ycombinator.com/companies/roomblocker,yc_oss_current,false,publicly_sourced,datahive_cb_url,roomblocker,https://www.crunchbase.com/organization/roomblocker,,,0,false,false,false,false,false,false,false,false,false,false,,,,,,
719,Roomstorm,roomstorm,Summer 2014,Active,http://roomstorm.com,https://www.ycombinator.com/companies/roomstorm,yc_oss_current,false,publicly_sourced,datahive_cb_url,walksource,https://www.crunchbase.com/organization/walksource,,,0,false,false,false,false,false,false,false,false,false,false,,,,,,
701,Roost,roost,Summer 2014,Inactive,http://goroost.com,https://www.ycombinator.com/companies/roost,yc_oss_current,false,publicly_sourced,datahive_cb_url,notice-software,https://www.crunchbase.com/organization/notice-software,,,0,false,false,false,false,false,false,false,false,false,false,,,,,,
23978,Rootly,rootly,Summer 2021,Active,https://rootly.com,https://www.ycombinator.com/companies/rootly,yc_oss_current,false,publicly_sourced,datahive_cb_url,rootly,https://www.crunchbase.com/organization/rootly,,,0,false,false,false,false,false,false,false,false,false,false,,,,,,
1206,Rose Rocket,rose-rocket,Summer 2016,Active,http://roserocket.com,https://www.ycombinator.com/companies/rose-rocket,yc_oss_current,false,publicly_sourced,datahive_cb_url,rose-rocket,https://www.crunchbase.com/organization/rose-rocket,,,0,false,false,false,false,false,false,false,false,false,false,,,,,,
875,ROSS Intelligence,ross-intelligence,Summer 2015,Inactive,http://rossintelligence.com,https://www.ycombinator.com/companies/ross-intelligence,yc_oss_current,false,publicly_sourced,datahive_cb_url,ross-intelligence,https://www.crunchbase.com/organization/ross-intelligence,,,0,false,false,false,false,false,false,false,false,false,false,,,,,,
1692,Routable,routable,Summer 2017,Active,https://routable.com,https://www.ycombinator.com/companies/routable,yc_oss_current,false,publicly_sourced,datahive_cb_url,routable,https://www.crunchbase.com/organization/routable,,,0,false,false,false,false,false,false,false,false,false,false,,,,,,
23459,Routine,routine,Winter 2021,Active,http://routine.co,https://www.ycombinator.com/companies/routine,yc_oss_current,false,publicly_sourced,datahive_cb_url,routine-6365,https://www.crunchbase.com/organization/routine-6365,,,0,false,false,false,false,false,false,false,false,false,false,,,,,,
29440,Rove,rove,Winter 2024,Active,https://rove.com,https://www.ycombinator.com/companies/rove,yc_oss_current,false,publicly_sourced,datahive_cb_url,rove-6429,https://www.crunchbase.com/organization/rove-6429,,,0,false,false,false,false,false,false,false,false,false,false,,,,,,
30785,RowFlow,rowflow,Summer 2025,Active,https://rowflow.ai,https://www.ycombinator.com/companies/rowflow,yc_oss_current,false,publicly_sourced,datahive_cb_url,rowflow,https://www.crunchbase.com/organization/rowflow,,,0,false,false,false,false,false,false,false,false,false,false,,,,,,
25402,Rownd,rownd,Winter 2022,Active,https://rownd.ai,https://www.ycombinator.com/companies/rownd,yc_oss_current,false,publicly_sourced,datahive_cb_url,rownd,https://www.crunchbase.com/organization/rownd,,,0,false,false,false,false,false,false,false,false,false,false,,,,,,
25985,RTHM,rthm,Winter 2022,Active,https://www.rthm.com,https://www.ycombinator.com/companies/rthm,yc_oss_current,false,publicly_sourced,datahive_cb_url,rthm,https://www.crunchbase.com/organization/rthm,,,0,false,false,false,false,false,false,false,false,false,false,,,,,,
27734,Rubber Ducky Labs,rubber-ducky-labs,Winter 2023,Inactive,https://www.rubberduckylabs.io/,https://www.ycombinator.com/companies/rubber-ducky-labs,yc_oss_current,false,publicly_sourced,datahive_cb_url,rubber-ducky-labs,https://www.crunchbase.com/organization/rubber-ducky-labs,,,0,false,false,false,false,false,false,false,false,false,false,,,,,,
1869,Runa,runa,Winter 2018,Active,http://runahr.com/,https://www.ycombinator.com/companies/runa,yc_oss_current,false,publicly_sourced,datahive_cb_url,runa-hr,https://www.crunchbase.com/organization/runa-hr,,,0,false,false,false,false,false,false,false,false,false,false,,,,,,
12263,Rune,rune,Winter 2019,Active,http://rune.ai,https://www.ycombinator.com/companies/rune,yc_oss_current,false,publicly_sourced,datahive_cb_url,rune-8231,https://www.crunchbase.com/organization/rune-8231,,,0,false,false,false,false,false,false,false,false,false,false,,,,,,
22591,Runway,runway,Winter 2021,Active,https://runway.team,https://www.ycombinator.com/companies/runway,yc_oss_current,false,publicly_sourced,datahive_cb_url,runway-5d78,https://www.crunchbase.com/organization/runway-5d78,,,0,false,false,false,false,false,false,false,false,false,false,,,,,,
24669,Ruth Health,ruth-health,Summer 2021,Inactive,https://www.ruthhealth.com/,https://www.ycombinator.com/companies/ruth-health,yc_oss_current,false,publicly_sourced,datahive_cb_url,ruth-health,https://www.crunchbase.com/organization/ruth-health,,,0,false,false,false,false,false,false,false,false,false,false,,,,,,
27878,RUUF,ruuf,Winter 2023,Active,https://www.ruuf.cl,https://www.ycombinator.com/companies/ruuf,yc_oss_current,false,publicly_sourced,datahive_cb_url,ruuf-c403,https://www.crunchbase.com/organization/ruuf-c403,,,0,false,false,false,false,false,false,false,false,false,false,,,,,,
1611,SafeButler,safebutler,Summer 2017,Active,https://www.safebutler.com,https://www.ycombinator.com/companies/safebutler,yc_oss_current,false,publicly_sourced,datahive_cb_url,safebutler,https://www.crunchbase.com/organization/safebutler,,,0,false,false,false,false,false,false,false,false,false,false,,,,,,
1833,SafetyWing,safetywing,Winter 2018,Active,http://www.safetywing.com,https://www.ycombinator.com/companies/safetywing,yc_oss_current,false,publicly_sourced,datahive_cb_url,safetywing,https://www.crunchbase.com/organization/safetywing,,,0,false,false,false,false,false,false,false,false,false,false,,,,,,
945,Saida,saida,Summer 2015,Inactive,http://getsaida.com,https://www.ycombinator.com/companies/saida,yc_oss_current,false,publicly_sourced,datahive_cb_url,saida,https://www.crunchbase.com/organization/saida,,,0,false,false,false,false,false,false,false,false,false,false,,,,,,
786,Sails Co.,sails-co,Winter 2015,Active,https://sailsjs.com/about,https://www.ycombinator.com/companies/sails-co,yc_oss_current,false,publicly_sourced,datahive_cb_url,treeline,https://www.crunchbase.com/organization/treeline,,,0,false,false,false,false,false,false,false,false,false,false,,,,,,
29848,Saldor,saldor,Summer 2024,Active,https://saldor.com/,https://www.ycombinator.com/companies/saldor,yc_oss_current,false,publicly_sourced,datahive_cb_url,saldor,https://www.crunchbase.com/organization/saldor,,,0,false,false,false,false,false,false,false,false,false,false,,,,,,
707,SalesSift,salessift,Summer 2014,Inactive,https://salessift.com,https://www.ycombinator.com/companies/salessift,yc_oss_current,false,publicly_sourced,datahive_cb_url,leadfinch,https://www.crunchbase.com/organization/leadfinch,,,0,false,false,false,false,false,false,false,false,false,false,,,,,,
1288,Saleswhale,saleswhale,Summer 2016,Acquired,https://www.saleswhale.com/,https://www.ycombinator.com/companies/saleswhale,yc_oss_current,false,publicly_sourced,datahive_cb_url,saleswhale,https://www.crunchbase.com/organization/saleswhale,,,0,false,false,false,false,false,false,false,false,false,false,,,,,,
1043,Salt Security,salt-security,Winter 2016,Active,https://salt.security/,https://www.ycombinator.com/companies/salt-security,yc_oss_current,false,publicly_sourced,datahive_cb_url,saltsecurity,https://www.crunchbase.com/organization/saltsecurity,,,0,false,false,false,false,false,false,false,false,false,false,,,,,,
29357,Salvy,salvy,Winter 2024,Active,https://www.salvy.com.br,https://www.ycombinator.com/companies/salvy,yc_oss_current,false,publicly_sourced,datahive_cb_url,salvy,https://www.crunchbase.com/organization/salvy,,,0,false,false,false,false,false,false,false,false,false,false,,,,,,
1482,Sandbox Banking,sandbox-banking,Winter 2017,Acquired,https://sandboxbanking.com,https://www.ycombinator.com/companies/sandbox-banking,yc_oss_current,false,publicly_sourced,datahive_cb_url,sandbox-banking,https://www.crunchbase.com/organization/sandbox-banking,,,0,false,false,false,false,false,false,false,false,false,false,,,,,,
1071,Sanitation and Health Rights in India (SHRI),sanitation-and-health-rights-in-india-shri,Winter 2016,Active,http://www.sanrights.org,https://www.ycombinator.com/companies/sanitation-and-health-rights-in-india-shri,yc_oss_current,false,publicly_sourced,datahive_cb_url,shri,https://www.crunchbase.com/organization/shri,,,0,false,false,false,false,false,false,false,false,false,false,,,,,,
30796,Sapien,outrove,Summer 2025,Active,https://www.asksapien.ai/,https://www.ycombinator.com/companies/outrove,yc_oss_current,false,publicly_sourced,datahive_cb_url,outrove,https://www.crunchbase.com/organization/outrove,,,0,false,false,false,false,false,false,false,false,false,false,,,,,,
11994,Sapling.ai,sapling-ai,Winter 2019,Active,https://sapling.ai,https://www.ycombinator.com/companies/sapling-ai,yc_oss_current,false,publicly_sourced,datahive_cb_url,sapling-ai,https://www.crunchbase.com/organization/sapling-ai,,,0,false,false,false,false,false,false,false,false,false,false,,,,,,
25353,Sarus,sarus,Winter 2022,Acquired,https://www.sarus.tech,https://www.ycombinator.com/companies/sarus,yc_oss_current,false,publicly_sourced,datahive_cb_url,sarus-1f2d,https://www.crunchbase.com/organization/sarus-1f2d,,,0,false,false,false,false,false,false,false,false,false,false,,,,,,
24866,Satsuma,satsuma,Summer 2021,Acquired,https://www.satsuma.xyz/,https://www.ycombinator.com/companies/satsuma,yc_oss_current,false,publicly_sourced,datahive_cb_url,satsuma,https://www.crunchbase.com/organization/satsuma,,,0,false,false,false,false,false,false,false,false,false,false,,,,,,
25789,SaveIN,savein,Winter 2022,Active,https://www.savein.money/,https://www.ycombinator.com/companies/savein,yc_oss_current,false,publicly_sourced,datahive_cb_url,savein,https://www.crunchbase.com/organization/savein,,,0,false,false,false,false,false,false,false,false,false,false,,,,,,
1294,Scale AI,scale-ai,Summer 2016,Active,http://scale.com,https://www.ycombinator.com/companies/scale-ai,yc_oss_current,false,publicly_sourced,datahive_cb_url,scale-2,https://www.crunchbase.com/organization/scale-2,,,0,false,false,false,false,false,false,false,false,false,false,,,,,,
1278,Scanate/Fellow,scanate-fellow,Summer 2016,Inactive,https://joinfellow.com,https://www.ycombinator.com/companies/scanate-fellow,yc_oss_current,false,publicly_sourced,datahive_cb_url,fellow-2,https://www.crunchbase.com/organization/fellow-2,,,0,false,false,false,false,false,false,false,false,false,false,,,,confirmed,https://www.crunchbase.com/organization/fellow-2,Crunchbase lists Fellow also known as Scanate and YC as investor
1949,Scanwell Health,scanwell-health,Summer 2018,Acquired,https://www.scanwellhealth.com,https://www.ycombinator.com/companies/scanwell-health,yc_oss_current,false,publicly_sourced,datahive_cb_url,scanwell-health,https://www.crunchbase.com/organization/scanwell-health,,,0,false,false,false,false,false,false,false,false,false,false,,,,,,
1466,Scaphold.io,scaphold-io,Winter 2017,Acquired,https://scaphold.io,https://www.ycombinator.com/companies/scaphold-io,yc_oss_current,false,publicly_sourced,datahive_cb_url,scaphold-inc,https://www.crunchbase.com/organization/scaphold-inc,,,0,false,false,false,false,false,false,false,false,false,false,,,,,,
934,Scentbird,scentbird,Summer 2015,Active,https://www.scentbird.com,https://www.ycombinator.com/companies/scentbird,yc_oss_current,false,publicly_sourced,datahive_cb_url,scentbird,https://www.crunchbase.com/organization/scentbird,,,0,false,false,false,false,false,false,false,false,false,false,,,,,,
29776,SchemeFlow,schemeflow,Summer 2024,Active,https://www.schemeflow.com,https://www.ycombinator.com/companies/schemeflow,yc_oss_current,false,publicly_sourced,datahive_cb_url,schemeflow,https://www.crunchbase.com/organization/schemeflow,,,0,false,false,false,false,false,false,false,false,false,false,,,,,,
83,Science Exchange,science-exchange,Summer 2011,Acquired,https://www.scienceexchange.com/,https://www.ycombinator.com/companies/science-exchange,yc_oss_current,false,publicly_sourced,datahive_cb_url,science-exchange,https://www.crunchbase.com/organization/science-exchange,,,0,false,false,false,false,false,false,false,false,false,false,,,,,,
24367,Scispot,scispot-io,Summer 2021,Active,https://scispot.io,https://www.ycombinator.com/companies/scispot-io,yc_oss_current,false,publicly_sourced,datahive_cb_url,scispot-io,https://www.crunchbase.com/organization/scispot-io,,,0,false,false,false,false,false,false,false,false,false,false,,,,,,
11963,SciTok,nettrons,Winter 2019,Active,https://www.scitok.com,https://www.ycombinator.com/companies/nettrons,yc_oss_current,false,publicly_sourced,datahive_cb_url,nettrons,https://www.crunchbase.com/organization/nettrons,,,0,false,false,false,false,false,false,false,false,false,false,,,,,,
876,Scope AR,scope-ar,Summer 2015,Inactive,http://scopear.com,https://www.ycombinator.com/companies/scope-ar,yc_oss_current,false,publicly_sourced,datahive_cb_url,scopear,https://www.crunchbase.com/organization/scopear,,,0,false,false,false,false,false,false,false,false,false,false,,,,,,
1563,ScopeAI,scopeai,Winter 2017,Acquired,https://www.getscopeai.com,https://www.ycombinator.com/companies/scopeai,yc_oss_current,false,publicly_sourced,datahive_cb_url,quiki,https://www.crunchbase.com/organization/quiki,,,0,false,false,false,false,false,false,false,false,false,false,,,,,,
459,Scoutzie,scoutzie,Summer 2012,Inactive,http://scoutzie.com,https://www.ycombinator.com/companies/scoutzie,yc_oss_current,false,publicly_sourced,datahive_cb_url,scoutzie,https://www.crunchbase.com/organization/scoutzie,,,0,false,false,false,false,false,false,false,false,false,false,,,,,,
472,Screenhero,screenhero,Winter 2013,Acquired,http://screenhero.com,https://www.ycombinator.com/companies/screenhero,yc_oss_current,false,publicly_sourced,datahive_cb_url,screenhero,https://www.crunchbase.com/organization/screenhero,,,0,false,false,false,false,false,false,false,false,false,false,,,,,,
35,Screenleap,screenleap-inc,Winter 2012,Active,https://screenleap.com,https://www.ycombinator.com/companies/screenleap-inc,yc_oss_current,false,publicly_sourced,datahive_cb_url,screenleap,https://www.crunchbase.com/organization/screenleap,,,0,false,false,false,false,false,false,false,false,false,false,,,,,,
356,Scribd,scribd,Summer 2006,Active,http://scribd.com,https://www.ycombinator.com/companies/scribd,yc_oss_current,false,publicly_sourced,datahive_cb_url,scribd,https://www.crunchbase.com/organization/scribd,,,0,false,false,false,false,false,false,false,false,false,false,,,,,,
1446,Scribe,scribe,Winter 2017,Acquired,http://tryscribe.com/,https://www.ycombinator.com/companies/scribe,yc_oss_current,false,publicly_sourced,datahive_cb_url,scribe-2,https://www.crunchbase.com/organization/scribe-2,,,0,false,false,false,false,false,false,false,false,false,false,,,,,,
22048,Scrimba,scrimba,Summer 2020,Active,https://scrimba.com,https://www.ycombinator.com/companies/scrimba,yc_oss_current,false,publicly_sourced,datahive_cb_url,scrimba,https://www.crunchbase.com/organization/scrimba,,,0,false,false,false,false,false,false,false,false,false,false,,,,,,
473,Scuba,interana,Winter 2013,Acquired,https://www.scuba.io,https://www.ycombinator.com/companies/interana,yc_oss_current,false,publicly_sourced,datahive_cb_url,interana,https://www.crunchbase.com/organization/interana,,,0,false,false,false,false,false,false,false,false,false,false,,,,,,
27190,Sculpt,sculpt,Summer 2022,Active,https://www.sculptcosting.com/,https://www.ycombinator.com/companies/sculpt,yc_oss_current,false,publicly_sourced,radema_cb_url,abridge-2390,https://www.crunchbase.com/organization/abridge-2390,,,0,false,false,false,false,false,false,false,false,false,false,,,,,,
1898,Searchlight,searchlight,Winter 2019,Acquired,https://www.searchlight.ai/,https://www.ycombinator.com/companies/searchlight,yc_oss_current,false,publicly_sourced,datahive_cb_url,searchlight-057a,https://www.crunchbase.com/organization/searchlight-057a,,,0,false,false,false,false,false,false,false,false,false,false,,,,,,
12238,Seawise Capital,seawise-capital,Winter 2019,Acquired,https://www.seawisecapital.com,https://www.ycombinator.com/companies/seawise-capital,yc_oss_current,false,publicly_sourced,datahive_cb_url,seawise-capital,https://www.crunchbase.com/organization/seawise-capital,,,0,false,false,false,false,false,false,false,false,false,false,,,,,,
24191,Secoda,secoda,Summer 2021,Active,https://secoda.co,https://www.ycombinator.com/companies/secoda,yc_oss_current,false,publicly_sourced,datahive_cb_url,secoda,https://www.crunchbase.com/organization/secoda,,,0,false,false,false,false,false,false,false,false,false,false,,,,,,
28368,Second,second,Winter 2023,Inactive,https://www.second.dev,https://www.ycombinator.com/companies/second,yc_oss_current,false,publicly_sourced,datahive_cb_url,second-65ed,https://www.crunchbase.com/organization/second-65ed,,,0,false,false,false,false,false,false,false,false,false,false,,,,,,
877,Second Measure,second-measure,Summer 2015,Acquired,http://secondmeasure.com,https://www.ycombinator.com/companies/second-measure,yc_oss_current,false,publicly_sourced,datahive_cb_url,second-measure,https://www.crunchbase.com/organization/second-measure,,,0,false,false,false,false,false,false,false,false,false,false,,,,,,
1854,Secured,bump-2,Winter 2018,Inactive,https://secured.community,https://www.ycombinator.com/companies/bump-2,yc_oss_current,false,publicly_sourced,datahive_cb_url,bump-d27e,https://www.crunchbase.com/organization/bump-d27e,,,0,false,false,false,false,false,false,false,false,false,false,,,,,,
829,Seed,seed,Winter 2015,Acquired,http://seed.co,https://www.ycombinator.com/companies/seed,yc_oss_current,false,publicly_sourced,datahive_cb_url,seed-2,https://www.crunchbase.com/organization/seed-2,,,0,false,false,false,false,false,false,false,false,false,false,,,,,,
1268,Seerslab,seerslab,Summer 2016,Inactive,http://www.argear.io,https://www.ycombinator.com/companies/seerslab,yc_oss_current,false,publicly_sourced,datahive_cb_url,seerslab,https://www.crunchbase.com/organization/seerslab,,,0,false,false,false,false,false,false,false,false,false,false,,,,,,
88,Segment,segment,Summer 2011,Acquired,http://segment.com,https://www.ycombinator.com/companies/segment,yc_oss_current,false,publicly_sourced,datahive_cb_url,segment-io,https://www.crunchbase.com/organization/segment-io,,,0,false,false,false,false,false,false,false,false,false,false,,,,,,
22743,Segments.ai,segments-ai,Winter 2021,Acquired,https://segments.ai,https://www.ycombinator.com/companies/segments-ai,yc_oss_current,false,publicly_sourced,datahive_cb_url,segments-ai,https://www.crunchbase.com/organization/segments-ai,,,0,false,false,false,false,false,false,false,false,false,false,,,,,,
25395,Sekilo,sekilo,Winter 2022,Active,https://sekilo.com/en/,https://www.ycombinator.com/companies/sekilo,yc_oss_current,false,publicly_sourced,datahive_cb_url,dropezy,https://www.crunchbase.com/organization/dropezy,,,0,false,false,false,false,false,false,false,false,false,false,,,,,,
1186,Selfycart,selfycart,Summer 2016,Inactive,https://www.selfycart.com,https://www.ycombinator.com/companies/selfycart,yc_oss_current,false,publicly_sourced,radema_cb_url,selfycart,https://www.crunchbase.com/organization/selfycart,,,0,false,false,false,false,false,false,false,false,false,false,,,,,,
511,Semantics3,semantics3,Winter 2013,Acquired,http://www.semantics3.com,https://www.ycombinator.com/companies/semantics3,yc_oss_current,false,publicly_sourced,datahive_cb_url,semantics3,https://www.crunchbase.com/organization/semantics3,,,0,false,false,false,false,false,false,false,false,false,false,,,,,,
1627,Semantix,semantix,Summer 2017,Inactive,https://www.semantix.ai,https://www.ycombinator.com/companies/semantix,yc_oss_current,false,publicly_sourced,datahive_cb_url,semantix-2,https://www.crunchbase.com/organization/semantix-2,,,0,false,false,false,false,false,false,false,false,false,false,,,,,,
13524,SEND,send,Winter 2020,Active,https://www.send.ng,https://www.ycombinator.com/companies/send,yc_oss_current,false,publicly_sourced,datahive_cb_url,send-6a97,https://www.crunchbase.com/organization/send-6a97,,,0,false,false,false,false,false,false,false,false,false,false,,,,,,
1079,Sendbird,sendbird,Winter 2016,Active,https://sendbird.com,https://www.ycombinator.com/companies/sendbird,yc_oss_current,false,publicly_sourced,datahive_cb_url,sendbird,https://www.crunchbase.com/organization/sendbird,,,0,false,false,false,false,false,false,false,false,false,false,,,,confirmed,https://www.crunchbase.com/organization/sendbird,Name and sendbird.com domain match and profile lists YC backing
11,SendHub,sendhub,Winter 2012,Acquired,http://sendhub.com,https://www.ycombinator.com/companies/sendhub,yc_oss_current,false,publicly_sourced,datahive_cb_url,sendhub,https://www.crunchbase.com/organization/sendhub,,,0,false,false,false,false,false,false,false,false,false,false,,,,,,
144,Sendoid,sendoid,Winter 2011,Acquired,http://sendoid.com,https://www.ycombinator.com/companies/sendoid,yc_oss_current,false,publicly_sourced,datahive_cb_url,sendoid,https://www.crunchbase.com/organization/sendoid,,,0,false,false,false,false,false,false,false,false,false,false,,,,,,
60,Sendwave,sendwave,Winter 2012,Acquired,https://www.sendwave.com,https://www.ycombinator.com/companies/sendwave,yc_oss_current,false,publicly_sourced,datahive_cb_url,sendwave,https://www.crunchbase.com/organization/sendwave,,,0,false,false,false,false,false,false,false,false,false,false,,,,,,
1182,Seneca Systems,seneca-systems,Summer 2016,Acquired,https://www.senecagov.com,https://www.ycombinator.com/companies/seneca-systems,yc_oss_current,false,publicly_sourced,datahive_cb_url,seneca-systems,https://www.crunchbase.com/organization/seneca-systems,,,0,false,false,false,false,false,false,false,false,false,false,,,,,,
546,Senic,senic,Summer 2013,Acquired,http://senic.com,https://www.ycombinator.com/companies/senic,yc_oss_current,false,publicly_sourced,datahive_cb_url,senic,https://www.crunchbase.com/organization/senic,,,0,false,false,false,false,false,false,false,false,false,false,,,,,,
30294,Sennu AI,sennu-ai,Winter 2025,Active,https://www.sennu.ai,https://www.ycombinator.com/companies/sennu-ai,yc_oss_current,false,publicly_sourced,datahive_cb_url,sennu-ai,https://www.crunchbase.com/organization/sennu-ai,,,0,false,false,false,false,false,false,false,false,false,false,,,,,,
24235,SenpAI.GG,senpai-gg,Summer 2021,Inactive,https://senpai.gg/,https://www.ycombinator.com/companies/senpai-gg,yc_oss_current,false,publicly_sourced,datahive_cb_url,senpai-gg,https://www.crunchbase.com/organization/senpai-gg,,,0,false,false,false,false,false,false,false,false,false,false,,,,,,
24705,Sensible Biotechnologies,sensible-biotechnologies,Summer 2021,Active,https://sensible.bio,https://www.ycombinator.com/companies/sensible-biotechnologies,yc_oss_current,false,publicly_sourced,datahive_cb_url,sensible-biotechnologies,https://www.crunchbase.com/organization/sensible-biotechnologies,,,0,false,false,false,false,false,false,false,false,false,false,,,,,,
29471,Senso,senso,Winter 2024,Active,http://www.senso.ai,https://www.ycombinator.com/companies/senso,yc_oss_current,false,publicly_sourced,datahive_cb_url,senso-2,https://www.crunchbase.com/organization/senso-2,,,0,false,false,false,false,false,false,false,false,false,false,,,,,,
27942,SensorSurf,sensorsurf,Winter 2023,Inactive,https://www.technician.dev,https://www.ycombinator.com/companies/sensorsurf,yc_oss_current,false,publicly_sourced,datahive_cb_url,sensorsurf,https://www.crunchbase.com/organization/sensorsurf,,,0,false,false,false,false,false,false,false,false,false,false,,,,,,
12941,Sequence Bio,sequence-bio,Summer 2019,Active,https://www.sequencebio.com/,https://www.ycombinator.com/companies/sequence-bio,yc_oss_current,false,publicly_sourced,datahive_cb_url,sequence-bio,https://www.crunchbase.com/organization/sequence-bio,,,0,false,false,false,false,false,false,false,false,false,false,,,,,,
24381,Sequin,sequin,Summer 2021,Active,https://sequinai.com,https://www.ycombinator.com/companies/sequin,yc_oss_current,false,publicly_sourced,datahive_cb_url,sequin-financial,https://www.crunchbase.com/organization/sequin-financial,,,0,false,false,false,false,false,false,false,false,false,false,,,,,,
863,Serica,serica,Summer 2015,Inactive,http://sericapay.com,https://www.ycombinator.com/companies/serica,yc_oss_current,false,publicly_sourced,datahive_cb_url,sericapay,https://www.crunchbase.com/organization/sericapay,,,0,false,false,false,false,false,false,false,false,false,false,,,,,,
25679,Sero,sero,Winter 2022,Active,https://www.sero.so,https://www.ycombinator.com/companies/sero,yc_oss_current,false,publicly_sourced,datahive_cb_url,sero-4ec0,https://www.crunchbase.com/organization/sero-4ec0,,,0,false,false,false,false,false,false,false,false,false,false,,,,,,
935,Seva Coffee,seva-coffee,Summer 2015,Inactive,http://sevacoffee.com,https://www.ycombinator.com/companies/seva-coffee,yc_oss_current,false,publicly_sourced,datahive_cb_url,seva-coffee,https://www.crunchbase.com/organization/seva-coffee,,,0,false,false,false,false,false,false,false,false,false,false,,,,,,
702,SFOX,sfox,Summer 2014,Active,http://sfox.com,https://www.ycombinator.com/companies/sfox,yc_oss_current,false,publicly_sourced,datahive_cb_url,sfox,https://www.crunchbase.com/organization/sfox,,,0,false,false,false,false,false,false,false,false,false,false,,,,,,
936,Shape (ShapeScale),shape-shapescale,Summer 2015,Active,https://shapescale.com,https://www.ycombinator.com/companies/shape-shapescale,yc_oss_current,false,publicly_sourced,datahive_cb_url,shapescale,https://www.crunchbase.com/organization/shapescale,,,0,false,false,false,false,false,false,false,false,false,false,,,,,,
1827,SharpestMinds,sharpestminds,Winter 2018,Acquired,http://sharpestminds.com,https://www.ycombinator.com/companies/sharpestminds,yc_oss_current,false,publicly_sourced,datahive_cb_url,sharpestminds,https://www.crunchbase.com/organization/sharpestminds,,,0,false,false,false,false,false,false,false,false,false,false,,,,,,
12393,Shef,shef,Winter 2019,Active,https://www.shef.com,https://www.ycombinator.com/companies/shef,yc_oss_current,false,publicly_sourced,datahive_cb_url,shef,https://www.crunchbase.com/organization/shef,,,0,false,false,false,false,false,false,false,false,false,false,,,,,,
27987,Shekel Mobility,shekel-mobility,Winter 2023,Active,https://www.shekelmobility.com/,https://www.ycombinator.com/companies/shekel-mobility,yc_oss_current,false,publicly_sourced,datahive_cb_url,shekel,https://www.crunchbase.com/organization/shekel,,,0,false,false,false,false,false,false,false,false,false,false,,,,,,
2001,Shelf Engine,shelf-engine,Summer 2018,Acquired,http://www.shelfengine.com,https://www.ycombinator.com/companies/shelf-engine,yc_oss_current,false,publicly_sourced,datahive_cb_url,shelf-engine,https://www.crunchbase.com/organization/shelf-engine,,,0,false,false,false,false,false,false,false,false,false,false,,,,,,
23599,Shepherd,shepherd,Winter 2021,Active,https://shepherdinsurance.com,https://www.ycombinator.com/companies/shepherd,yc_oss_current,false,publicly_sourced,datahive_cb_url,shepherd-a537,https://www.crunchbase.com/organization/shepherd-a537,,,0,false,false,false,false,false,false,false,false,false,false,,,,,,
1235,Shield Bio,shield-bio,Summer 2016,Inactive,http://shieldbio.com,https://www.ycombinator.com/companies/shield-bio,yc_oss_current,false,publicly_sourced,datahive_cb_url,tl-biolabs,https://www.crunchbase.com/organization/tl-biolabs,,,0,false,false,false,false,false,false,false,false,false,false,,,,,,
785,Shift Labs,shift-labs,Winter 2015,Acquired,http://shiftlabs.com,https://www.ycombinator.com/companies/shift-labs,yc_oss_current,false,publicly_sourced,datahive_cb_url,shiftlabs,https://www.crunchbase.com/organization/shiftlabs,,,0,false,false,false,false,false,false,false,false,false,false,,,,,,
784,Shift Messenger,shift-messenger,Winter 2015,Inactive,http://shiftmessenger.com,https://www.ycombinator.com/companies/shift-messenger,yc_oss_current,false,publicly_sourced,datahive_cb_url,shift-messenger,https://www.crunchbase.com/organization/shift-messenger,,,0,false,false,false,false,false,false,false,false,false,false,,,,,,
24406,Shimmer,shimmer,Summer 2021,Active,https://shimmer.care,https://www.ycombinator.com/companies/shimmer,yc_oss_current,false,publicly_sourced,datahive_cb_url,shimmer-76ec,https://www.crunchbase.com/organization/shimmer-76ec,,,0,false,false,false,false,false,false,false,false,false,false,,,,,,
12241,Shiok Meats,shiok-meats,Winter 2019,Acquired,http://www.shiokmeats.com,https://www.ycombinator.com/companies/shiok-meats,yc_oss_current,false,publicly_sourced,datahive_cb_url,shiok-meats,https://www.crunchbase.com/organization/shiok-meats,,,0,false,false,false,false,false,false,false,false,false,false,,,,,,
1456,Shipamax,shipamax,Winter 2017,Acquired,https://shipamax.com,https://www.ycombinator.com/companies/shipamax,yc_oss_current,false,publicly_sourced,datahive_cb_url,shipamax,https://www.crunchbase.com/organization/shipamax,,,0,false,false,false,false,false,false,false,false,false,false,,,,,,
24385,ShipBlu,shipblu,Summer 2021,Active,http://www.shipblu.com,https://www.ycombinator.com/companies/shipblu,yc_oss_current,false,publicly_sourced,datahive_cb_url,shipblu,https://www.crunchbase.com/organization/shipblu,,,0,false,false,false,false,false,false,false,false,false,false,,,,,,
705,ShipBob,shipbob,Summer 2014,Active,http://shipbob.com,https://www.ycombinator.com/companies/shipbob,yc_oss_current,false,publicly_sourced,datahive_cb_url,shipbob,https://www.crunchbase.com/organization/shipbob,,,0,false,false,false,false,false,false,false,false,false,false,,,,,,
26871,Shipmates,shipmates,Summer 2022,Active,https://shipmates.app,https://www.ycombinator.com/companies/shipmates,yc_oss_current,false,publicly_sourced,datahive_cb_url,shipmates-7b21,https://www.crunchbase.com/organization/shipmates-7b21,,,0,false,false,false,false,false,false,false,false,false,false,,,,,,
12373,Shipper,shipper,Winter 2019,Active,https://shipper.id,https://www.ycombinator.com/companies/shipper,yc_oss_current,false,publicly_sourced,datahive_cb_url,shipper-35b4,https://www.crunchbase.com/organization/shipper-35b4,,,0,false,false,false,false,false,false,false,false,false,false,,,,,,
1732,Shogun,shogun,Winter 2018,Active,https://getshogun.com/,https://www.ycombinator.com/companies/shogun,yc_oss_current,false,publicly_sourced,datahive_cb_url,shogun,https://www.crunchbase.com/organization/shogun,,,0,false,false,false,false,false,false,false,false,false,false,,,,,,
1825,Shone,shone,Winter 2018,Inactive,http://www.shone.com/,https://www.ycombinator.com/companies/shone,yc_oss_current,false,publicly_sourced,datahive_cb_url,shone-io,https://www.crunchbase.com/organization/shone-io,,,0,false,false,false,false,false,false,false,false,false,false,,,,,,
619,Shoobs,shoobs,Winter 2014,Active,http://shoobs.com,https://www.ycombinator.com/companies/shoobs,yc_oss_current,false,publicly_sourced,datahive_cb_url,shoobs,https://www.crunchbase.com/organization/shoobs,,,0,false,false,false,false,false,false,false,false,false,false,,,,,,
623,Shopagram,shopagram,Winter 2014,Inactive,http://shopagram.co,https://www.ycombinator.com/companies/shopagram,yc_oss_current,false,publicly_sourced,radema_cb_url,shopagram,https://www.crunchbase.com/organization/shopagram,,,0,false,false,false,false,false,false,false,false,false,false,,,,,,
31,Shoptiques,shoptiques,Winter 2012,Active,http://shoptiques.com,https://www.ycombinator.com/companies/shoptiques,yc_oss_current,false,publicly_sourced,datahive_cb_url,shoptiques,https://www.crunchbase.com/organization/shoptiques,,,0,false,false,false,false,false,false,false,false,false,false,,,,,,
67,Shopular,shopular,Winter 2012,Acquired,http://shopular.com,https://www.ycombinator.com/companies/shopular,yc_oss_current,false,publicly_sourced,datahive_cb_url,shopularapp,https://www.crunchbase.com/organization/shopularapp,,,0,false,false,false,false,false,false,false,false,false,false,,,,,,
1915,ShopWith,shopwith,Summer 2018,Inactive,https://www.shopwith.co,https://www.ycombinator.com/companies/shopwith,yc_oss_current,false,publicly_sourced,datahive_cb_url,shopwith-san-francisco-california,https://www.crunchbase.com/organization/shopwith-san-francisco-california,,,0,false,false,false,false,false,false,false,false,false,false,,,,,,
30619,Shor,shor,Summer 2025,Active,https://www.shorpay.com,https://www.ycombinator.com/companies/shor,yc_oss_current,false,publicly_sourced,datahive_cb_url,shor,https://www.crunchbase.com/organization/shor,,,0,false,false,false,false,false,false,false,false,false,false,,,,,,
12572,Short Story,short-story,Summer 2019,Active,https://shortstorybox.com,https://www.ycombinator.com/companies/short-story,yc_oss_current,false,publicly_sourced,datahive_cb_url,short-story,https://www.crunchbase.com/organization/short-story,,,0,false,false,false,false,false,false,false,false,false,false,,,,,,
892,Shotput,shotput,Summer 2015,Inactive,http://theshotput.com,https://www.ycombinator.com/companies/shotput,yc_oss_current,false,publicly_sourced,datahive_cb_url,shotput,https://www.crunchbase.com/organization/shotput,,,0,false,false,false,false,false,false,false,false,false,false,,,,,,
706,Shout,shout,Summer 2014,Inactive,http://useshout.com,https://www.ycombinator.com/companies/shout,yc_oss_current,false,publicly_sourced,datahive_cb_url,shout-app,https://www.crunchbase.com/organization/shout-app,,,0,false,false,false,false,false,false,false,false,false,false,,,,,,
937,Shred Video,shred-video,Summer 2015,Active,https://shredvideo.com,https://www.ycombinator.com/companies/shred-video,yc_oss_current,false,publicly_sourced,datahive_cb_url,shred-video,https://www.crunchbase.com/organization/shred-video,,,0,false,false,false,false,false,false,false,false,false,false,,,,,,
25476,Shuttle Central,shuttle-central,Winter 2022,Active,https://book.shuttlecentral.com/,https://www.ycombinator.com/companies/shuttle-central,yc_oss_current,false,publicly_sourced,datahive_cb_url,shuttle-central,https://www.crunchbase.com/organization/shuttle-central,,,0,false,false,false,false,false,false,false,false,false,false,,,,,,
167,Siasto,siasto,Winter 2011,Inactive,http://siasto.com,https://www.ycombinator.com/companies/siasto,yc_oss_current,false,publicly_sourced,datahive_cb_url,siasto,https://www.crunchbase.com/organization/siasto,,,0,false,false,false,false,false,false,false,false,false,false,,,,,,
102,Sift,sift,Summer 2011,Active,https://sift.com/,https://www.ycombinator.com/companies/sift,yc_oss_current,false,publicly_sourced,datahive_cb_url,sift-science,https://www.crunchbase.com/organization/sift-science,,,0,false,false,false,false,false,false,false,false,false,false,,,,,,
1581,Sigma Genetics,sigma-genetics,Winter 2017,Active,http://www.sigmagenetics.com,https://www.ycombinator.com/companies/sigma-genetics,yc_oss_current,false,publicly_sourced,datahive_cb_url,sigma-genetics-inc,https://www.crunchbase.com/organization/sigma-genetics-inc,,,0,false,false,false,false,false,false,false,false,false,false,,,,,,
24282,SigmaOS,sigmaos,Summer 2021,Active,https://www.sigmaos.com,https://www.ycombinator.com/companies/sigmaos,yc_oss_current,false,publicly_sourced,datahive_cb_url,sigmaos,https://www.crunchbase.com/organization/sigmaos,,,0,false,false,false,false,false,false,false,false,false,false,,,,,,
13179,Signadot,signadot,Winter 2020,Active,https://www.signadot.com/,https://www.ycombinator.com/companies/signadot,yc_oss_current,false,publicly_sourced,datahive_cb_url,signadot,https://www.crunchbase.com/organization/signadot,,,0,false,false,false,false,false,false,false,false,false,false,,,,,,
830,SigOpt,sigopt,Winter 2015,Acquired,https://sigopt.com,https://www.ycombinator.com/companies/sigopt,yc_oss_current,false,publicly_sourced,datahive_cb_url,sigopt,https://www.crunchbase.com/organization/sigopt,,,0,false,false,false,false,false,false,false,false,false,false,,,,,,
25249,SilkChart,silkchart,Summer 2022,Active,https://www.silkchart.com,https://www.ycombinator.com/companies/silkchart,yc_oss_current,false,publicly_sourced,datahive_cb_url,silkchart,https://www.crunchbase.com/organization/silkchart,,,0,false,false,false,false,false,false,false,false,false,false,,,,,,
1072,Silver,silver,Winter 2016,Inactive,http://www.scansilver.com/,https://www.ycombinator.com/companies/silver,yc_oss_current,false,publicly_sourced,datahive_cb_url,silver,https://www.crunchbase.com/organization/silver,,,0,false,false,false,false,false,false,false,false,false,false,,,,,,
1752,Simetrik,simetrik,Winter 2018,Active,https://simetrik.com,https://www.ycombinator.com/companies/simetrik,yc_oss_current,false,publicly_sourced,datahive_cb_url,simetrik,https://www.crunchbase.com/organization/simetrik,,,0,false,false,false,false,false,false,false,false,false,false,,,,,,
182,Simperium,simperium,Summer 2010,Acquired,http://simperium.com,https://www.ycombinator.com/companies/simperium,yc_oss_current,false,publicly_sourced,datahive_cb_url,simperium,https://www.crunchbase.com/organization/simperium,,,0,false,false,false,false,false,false,false,false,false,false,,,,,,
29785,Simple AI,simple-ai,Summer 2024,Active,https://www.usesimple.ai,https://www.ycombinator.com/companies/simple-ai,yc_oss_current,false,publicly_sourced,datahive_cb_url,simple-ai-9d81,https://www.crunchbase.com/organization/simple-ai-9d81,,,0,false,false,false,false,false,false,false,false,false,false,,,,,,
1211,SimpleCitizen,simplecitizen,Summer 2016,Acquired,http://www.simplecitizen.com,https://www.ycombinator.com/companies/simplecitizen,yc_oss_current,false,publicly_sourced,datahive_cb_url,simplecitizen,https://www.crunchbase.com/organization/simplecitizen,,,0,false,false,false,false,false,false,false,false,false,false,,,,,,
533,SimpleLegal,simplelegal,Summer 2013,Acquired,http://simplelegal.com,https://www.ycombinator.com/companies/simplelegal,yc_oss_current,false,publicly_sourced,datahive_cb_url,simplelegal,https://www.crunchbase.com/organization/simplelegal,,,0,false,false,false,false,false,false,false,false,false,false,,,,,,
23056,Simplify,simplify,Winter 2021,Active,https://simplify.jobs/,https://www.ycombinator.com/companies/simplify,yc_oss_current,false,publicly_sourced,datahive_cb_url,simplify-d633,https://www.crunchbase.com/organization/simplify-d633,,,0,false,false,false,false,false,false,false,false,false,false,,,,,,
500,SimplyInsured,simplyinsured,Winter 2013,Active,http://simplyinsured.com,https://www.ycombinator.com/companies/simplyinsured,yc_oss_current,false,publicly_sourced,datahive_cb_url,simplyinsured,https://www.crunchbase.com/organization/simplyinsured,,,0,false,false,false,false,false,false,false,false,false,false,,,,,,
175,SimplyListed,simplylisted,Winter 2011,Inactive,http://simplylisted.com,https://www.ycombinator.com/companies/simplylisted,yc_oss_current,false,publicly_sourced,datahive_cb_url,simplylisted,https://www.crunchbase.com/organization/simplylisted,,,0,false,false,false,false,false,false,false,false,false,false,,,,,,
134,SingleStore,singlestore,Winter 2011,Active,https://www.singlestore.com,https://www.ycombinator.com/companies/singlestore,yc_oss_current,false,publicly_sourced,datahive_cb_url,memsql,https://www.crunchbase.com/organization/memsql,,,0,false,false,false,false,false,false,false,false,false,false,,,,,,
1448,Sinovia Technologies,sinovia-technologies,Winter 2017,Active,http://www.sinoviatech.com,https://www.ycombinator.com/companies/sinovia-technologies,yc_oss_current,false,publicly_sourced,datahive_cb_url,sinovia,https://www.crunchbase.com/organization/sinovia,,,0,false,false,false,false,false,false,false,false,false,false,,,,,,
22319,SiPhox Health,siphox-health,Summer 2020,Active,https://www.siphoxhealth.com,https://www.ycombinator.com/companies/siphox-health,yc_oss_current,false,publicly_sourced,datahive_cb_url,siphox,https://www.crunchbase.com/organization/siphox,,,0,false,false,false,false,false,false,false,false,false,false,,,,,,
27984,Sirdab,sirdab,Winter 2023,Active,https://sirdab.co/en,https://www.ycombinator.com/companies/sirdab,yc_oss_current,false,publicly_sourced,datahive_cb_url,sirdab,https://www.crunchbase.com/organization/sirdab,,,0,false,false,false,false,false,false,false,false,false,false,,,,,,
24514,Sirka,sirka,Summer 2021,Active,https://www.sirka.io/,https://www.ycombinator.com/companies/sirka,yc_oss_current,false,publicly_sourced,datahive_cb_url,sirka,https://www.crunchbase.com/organization/sirka,,,0,false,false,false,false,false,false,false,false,false,false,,,,,,
787,SIRUM,sirum,Winter 2015,Active,http://sirum.org,https://www.ycombinator.com/companies/sirum,yc_oss_current,false,publicly_sourced,datahive_cb_url,sirum,https://www.crunchbase.com/organization/sirum,,,0,false,false,false,false,false,false,false,false,false,false,,,,,,
22776,Sivo,sivo,Winter 2021,Active,https://sivo.com,https://www.ycombinator.com/companies/sivo,yc_oss_current,false,publicly_sourced,datahive_cb_url,sivo,https://www.crunchbase.com/organization/sivo,,,0,false,false,false,false,false,false,false,false,false,false,,,,,,
1189,Sixa,sixa,Summer 2016,Inactive,https://sixa.io,https://www.ycombinator.com/companies/sixa,yc_oss_current,false,publicly_sourced,radema_cb_url,sixa,https://www.crunchbase.com/organization/sixa,,,0,false,false,false,false,false,false,false,false,false,false,,,,,,
1746,Sixfold Bioscience,sixfold-bioscience,Winter 2018,Active,https://www.sixfold.bio,https://www.ycombinator.com/companies/sixfold-bioscience,yc_oss_current,false,publicly_sourced,datahive_cb_url,sixfold-bioscience,https://www.crunchbase.com/organization/sixfold-bioscience,,,0,false,false,false,false,false,false,false,false,false,false,,,,,,
1613,Sixty,sixty,Summer 2017,Inactive,https://usesixty.com/,https://www.ycombinator.com/companies/sixty,yc_oss_current,false,publicly_sourced,datahive_cb_url,designlive,https://www.crunchbase.com/organization/designlive,,,0,false,false,false,false,false,false,false,false,false,false,,,,,,
1724,Sketchbox,sketchbox,Winter 2018,Inactive,https://www.sketchbox3d.com,https://www.ycombinator.com/companies/sketchbox,yc_oss_current,false,publicly_sourced,datahive_cb_url,sketchbox,https://www.crunchbase.com/organization/sketchbox,,,0,false,false,false,false,false,false,false,false,false,false,,,,,,
620,SketchDeck,sketchdeck,Winter 2014,Acquired,https://sketchdeck.com,https://www.ycombinator.com/companies/sketchdeck,yc_oss_current,false,publicly_sourced,datahive_cb_url,sketchdeck,https://www.crunchbase.com/organization/sketchdeck,,,0,false,false,false,false,false,false,false,false,false,false,,,,,,
12234,Skill-lync,skill-lync,Winter 2019,Active,http://skill-lync.com,https://www.ycombinator.com/companies/skill-lync,yc_oss_current,false,publicly_sourced,datahive_cb_url,skill-lync,https://www.crunchbase.com/organization/skill-lync,,,0,false,false,false,false,false,false,false,false,false,false,,,,,,
22050,Skio,skio,Summer 2020,Acquired,https://skio.com,https://www.ycombinator.com/companies/skio,yc_oss_current,false,publicly_sourced,datahive_cb_url,skiohq,https://www.crunchbase.com/organization/skiohq,,,0,false,false,false,false,false,false,false,false,false,false,,,,,,
1764,Skip,skip,Winter 2018,Inactive,https://rideskip.com/,https://www.ycombinator.com/companies/skip,yc_oss_current,false,publicly_sourced,datahive_cb_url,skip-scooters,https://www.crunchbase.com/organization/skip-scooters,,,0,false,false,false,false,false,false,false,false,false,false,,,,,,
28192,Skyhook,skyhook,Winter 2023,Active,https://skyhook.io,https://www.ycombinator.com/companies/skyhook,yc_oss_current,false,publicly_sourced,datahive_cb_url,koalaops,https://www.crunchbase.com/organization/koalaops,,,0,false,false,false,false,false,false,false,false,false,false,,,,,,
1437,SkyLights,skylights,Summer 2016,Inactive,http://www.skylights.aero,https://www.ycombinator.com/companies/skylights,yc_oss_current,false,publicly_sourced,datahive_cb_url,skylights,https://www.crunchbase.com/organization/skylights,,,0,false,false,false,false,false,false,false,false,false,false,,,,,,
13322,Skypher,skypher,Winter 2020,Active,https://skypher.co,https://www.ycombinator.com/companies/skypher,yc_oss_current,false,publicly_sourced,datahive_cb_url,skypher,https://www.crunchbase.com/organization/skypher,,,0,false,false,false,false,false,false,false,false,false,false,,,,,,
1662,Skyscrape,skyscrape,Summer 2017,Active,http://skyscrape.us,https://www.ycombinator.com/companies/skyscrape,yc_oss_current,false,publicly_sourced,datahive_cb_url,kestrel-materials,https://www.crunchbase.com/organization/kestrel-materials,,,0,false,false,false,false,false,false,false,false,false,false,,,,,,
266,Skysheet,skysheet,Winter 2009,Inactive,http://skysheet.com,https://www.ycombinator.com/companies/skysheet,yc_oss_current,false,publicly_sourced,datahive_cb_url,skysheet,https://www.crunchbase.com/organization/skysheet,,,0,false,false,false,false,false,false,false,false,false,false,,,,,,
1583,Skyways,skyways,Summer 2017,Active,http://skyways.com,https://www.ycombinator.com/companies/skyways,yc_oss_current,false,publicly_sourced,datahive_cb_url,skyways,https://www.crunchbase.com/organization/skyways,,,0,false,false,false,false,false,false,false,false,false,false,,,,,,
12239,Slapdash,slapdash,Winter 2019,Acquired,http://slapdash.com,https://www.ycombinator.com/companies/slapdash,yc_oss_current,false,publicly_sourced,datahive_cb_url,slapdash-app,https://www.crunchbase.com/organization/slapdash-app,,,0,false,false,false,false,false,false,false,false,false,false,,,,,,
24135,Sleek,sleek,Summer 2021,Acquired,https://www.onsleek.com/,https://www.ycombinator.com/companies/sleek,yc_oss_current,false,publicly_sourced,datahive_cb_url,sleek-794e,https://www.crunchbase.com/organization/sleek-794e,,,0,false,false,false,false,false,false,false,false,false,false,,,,,,
1637,Slik,slik,Summer 2017,Inactive,http://slik.ai,https://www.ycombinator.com/companies/slik,yc_oss_current,false,publicly_sourced,datahive_cb_url,slik,https://www.crunchbase.com/organization/slik,,,0,false,false,false,false,false,false,false,false,false,false,,,,,,
302,Slinkset,slinkset,Summer 2008,Inactive,http://slinkset.com,https://www.ycombinator.com/companies/slinkset,yc_oss_current,false,publicly_sourced,datahive_cb_url,slinkset,https://www.crunchbase.com/organization/slinkset,,,0,false,false,false,false,false,false,false,false,false,false,,,,,,
1748,Slite,slite,Winter 2018,Active,https://slite.com/,https://www.ycombinator.com/companies/slite,yc_oss_current,false,publicly_sourced,datahive_cb_url,slite,https://www.crunchbase.com/organization/slite,,,0,false,false,false,false,false,false,false,false,false,false,,,,,,
788,Smarking,smarking,Winter 2015,Acquired,http://smarking.com,https://www.ycombinator.com/companies/smarking,yc_oss_current,false,publicly_sourced,datahive_cb_url,smarking,https://www.crunchbase.com/organization/smarking,,,0,false,false,false,false,false,false,false,false,false,false,,,,,,
1523,Smart Alto,smart-alto,Winter 2017,Inactive,http://www.smartalto.com,https://www.ycombinator.com/companies/smart-alto,yc_oss_current,false,publicly_sourced,datahive_cb_url,smart-alto,https://www.crunchbase.com/organization/smart-alto,,,0,false,false,false,false,false,false,false,false,false,false,,,,,,
414,SmartAsset,smartasset,Summer 2012,Active,http://smartasset.com,https://www.ycombinator.com/companies/smartasset,yc_oss_current,false,publicly_sourced,datahive_cb_url,smartasset,https://www.crunchbase.com/organization/smartasset,,,0,false,false,false,false,false,false,false,false,false,false,,,,,,
25733,SmartHelio,smarthelio,Winter 2022,Active,https://www.smarthelio.com/,https://www.ycombinator.com/companies/smarthelio,yc_oss_current,false,publicly_sourced,datahive_cb_url,smarthelio,https://www.crunchbase.com/organization/smarthelio,,,0,false,false,false,false,false,false,false,false,false,false,,,,,,
1277,SmartPath,smartpath,Summer 2016,Active,http://joinsmartpath.com,https://www.ycombinator.com/companies/smartpath,yc_oss_current,false,publicly_sourced,datahive_cb_url,smartpath,https://www.crunchbase.com/organization/smartpath,,,0,false,false,false,false,false,false,false,false,false,false,,,,,,
1185,SmartSite,smartsite,Summer 2016,Inactive,http://www.smartsitesafety.com/,https://www.ycombinator.com/companies/smartsite,yc_oss_current,false,publicly_sourced,radema_cb_url,smartsite,https://www.crunchbase.com/organization/smartsite,,,0,false,false,false,false,false,false,false,false,false,false,,,,,,
750,Smyte,smyte,Winter 2015,Acquired,http://smyte.com,https://www.ycombinator.com/companies/smyte,yc_oss_current,false,publicly_sourced,datahive_cb_url,smyte,https://www.crunchbase.com/organization/smyte,,,0,false,false,false,false,false,false,false,false,false,false,,,,,,
1882,Snackpass,snackpass,Winter 2018,Active,https://snackpass.co,https://www.ycombinator.com/companies/snackpass,yc_oss_current,false,publicly_sourced,datahive_cb_url,snackpass,https://www.crunchbase.com/organization/snackpass,,,0,false,false,false,false,false,false,false,false,false,false,,,,,,
24142,SnapCalorie,snapcalorie,Summer 2021,Active,https://www.snapcalorie.com/,https://www.ycombinator.com/companies/snapcalorie,yc_oss_current,false,publicly_sourced,datahive_cb_url,snapcalorie,https://www.crunchbase.com/organization/snapcalorie,,,0,false,false,false,false,false,false,false,false,false,false,,,,,,
622,Snapdocs,snapdocs,Winter 2014,Active,http://snapdocs.com,https://www.ycombinator.com/companies/snapdocs,yc_oss_current,false,publicly_sourced,datahive_cb_url,snapdocs,https://www.crunchbase.com/organization/snapdocs,,,0,false,false,false,false,false,false,false,false,false,false,,,,,,
123,Snapjoy,snapjoy,Summer 2011,Inactive,http://snapjoy.com,https://www.ycombinator.com/companies/snapjoy,yc_oss_current,false,publicly_sourced,datahive_cb_url,snapjoy,https://www.crunchbase.com/organization/snapjoy,,,0,false,false,false,false,false,false,false,false,false,false,,,,,,
878,SnapMagic,snapmagic,Summer 2015,Active,https://www.snapmagic.com,https://www.ycombinator.com/companies/snapmagic,yc_oss_current,false,publicly_sourced,datahive_cb_url,snapeda,https://www.crunchbase.com/organization/snapeda,,,0,false,false,false,false,false,false,false,false,false,false,,,,,,
1490,Snappr,snappr,Winter 2017,Active,https://www.snappr.com,https://www.ycombinator.com/companies/snappr,yc_oss_current,false,publicly_sourced,datahive_cb_url,snappr-2,https://www.crunchbase.com/organization/snappr-2,,,0,false,false,false,false,false,false,false,false,false,false,,,,,,
320,Snaptalent,snaptalent,Winter 2008,Inactive,http://snaptalent.com,https://www.ycombinator.com/companies/snaptalent,yc_oss_current,false,publicly_sourced,datahive_cb_url,snaptalent,https://www.crunchbase.com/organization/snaptalent,,,0,false,false,false,false,false,false,false,false,false,false,,,,,,
297,Snipd,snipd,Summer 2008,Inactive,http://snipd.com,https://www.ycombinator.com/companies/snipd,yc_oss_current,false,publicly_sourced,datahive_cb_url,snipd,https://www.crunchbase.com/organization/snipd,,,0,false,false,false,false,false,false,false,false,false,false,,,,,,
368,Snipshot,snipshot,Winter 2006,Inactive,https://snipshot.com,https://www.ycombinator.com/companies/snipshot,yc_oss_current,false,publicly_sourced,datahive_cb_url,snipshot,https://www.crunchbase.com/organization/snipshot,,,0,false,false,false,false,false,false,false,false,false,false,,,,,,
1698,Social Construct,social-construct,Summer 2017,Inactive,http://socialconstructco.com,https://www.ycombinator.com/companies/social-construct,yc_oss_current,false,publicly_sourced,datahive_cb_url,social-construct-company,https://www.crunchbase.com/organization/social-construct-company,,,0,false,false,false,false,false,false,false,false,false,false,,,,,,
65,Socialcam,socialcam,Winter 2012,Acquired,http://www.socialcam.com,https://www.ycombinator.com/companies/socialcam,yc_oss_current,false,publicly_sourced,datahive_cb_url,socialcam,https://www.crunchbase.com/organization/socialcam,,,0,false,false,false,false,false,false,false,false,false,false,,,,,,
353,Socialmoth,socialmoth,Winter 2007,Inactive,http://socialmoth.com,https://www.ycombinator.com/companies/socialmoth,yc_oss_current,false,publicly_sourced,datahive_cb_url,socialmoth,https://www.crunchbase.com/organization/socialmoth,,,0,false,false,false,false,false,false,false,false,false,false,,,,,,
334,SocialPicks,socialpicks,Summer 2007,Inactive,http://socialpicks.com,https://www.ycombinator.com/companies/socialpicks,yc_oss_current,false,publicly_sourced,datahive_cb_url,socialpicks,https://www.crunchbase.com/organization/socialpicks,,,0,false,false,false,false,false,false,false,false,false,false,,,,,,
22092,SockSoho,socksoho,Summer 2020,Active,https://socksoho.com,https://www.ycombinator.com/companies/socksoho,yc_oss_current,false,publicly_sourced,datahive_cb_url,socksoho,https://www.crunchbase.com/organization/socksoho,,,0,false,false,false,false,false,false,false,false,false,false,,,,,,
28802,Sohar Health,sohar-health,Summer 2023,Active,https://www.soharhealth.com,https://www.ycombinator.com/companies/sohar-health,yc_oss_current,false,publicly_sourced,datahive_cb_url,sohar-health,https://www.crunchbase.com/organization/sohar-health,,,0,false,false,false,false,false,false,false,false,false,false,,,,,,
57,SolidStage,solidstage,Winter 2012,Inactive,http://solidstage.com,https://www.ycombinator.com/companies/solidstage,yc_oss_current,false,publicly_sourced,datahive_cb_url,solidstage,https://www.crunchbase.com/organization/solidstage,,,0,false,false,false,false,false,false,false,false,false,false,,,,,,
23036,Solo,solo,Winter 2021,Active,https://www.solosuit.com/,https://www.ycombinator.com/companies/solo,yc_oss_current,false,publicly_sourced,datahive_cb_url,solosuit,https://www.crunchbase.com/organization/solosuit,,,0,false,false,false,false,false,false,false,false,false,false,,,,,,
1513,Solugen,solugen,Winter 2017,Active,https://solugen.com/,https://www.ycombinator.com/companies/solugen,yc_oss_current,false,publicly_sourced,datahive_cb_url,solugen,https://www.crunchbase.com/organization/solugen,,,0,false,false,false,false,false,false,false,false,false,false,,,,,,
27151,Solum Health,solum-health,Summer 2022,Active,https://www.getsolum.com/,https://www.ycombinator.com/companies/solum-health,yc_oss_current,false,publicly_sourced,radema_cb_url,momentu-1d88,https://www.crunchbase.com/organization/momentu-1d88,,,0,false,false,false,false,false,false,false,false,false,false,,,,,,
1625,Solve,solve,Summer 2017,Acquired,https://www.solve.com,https://www.ycombinator.com/companies/solve,yc_oss_current,false,publicly_sourced,datahive_cb_url,solve-4,https://www.crunchbase.com/organization/solve-4,,,0,false,false,false,false,false,false,false,false,false,false,,,,,,
28825,Solve Intelligence,solve-intelligence,Summer 2023,Active,https://www.solveintelligence.com/,https://www.ycombinator.com/companies/solve-intelligence,yc_oss_current,false,publicly_sourced,datahive_cb_url,solve-intelligence,https://www.crunchbase.com/organization/solve-intelligence,,,0,false,false,false,false,false,false,false,false,false,false,,,,,,
13479,SOMATIC,somatic,Winter 2020,Active,http://getsomatic.com,https://www.ycombinator.com/companies/somatic,yc_oss_current,false,publicly_sourced,datahive_cb_url,somatic-bf50,https://www.crunchbase.com/organization/somatic-bf50,,,0,false,false,false,false,false,false,false,false,false,false,,,,,,
324,Songkick,songkick,Summer 2007,Acquired,http://songkick.com,https://www.ycombinator.com/companies/songkick,yc_oss_current,false,publicly_sourced,datahive_cb_url,songkick,https://www.crunchbase.com/organization/songkick,,,0,false,false,false,false,false,false,false,false,false,false,,,,,,
1459,Soomgo,soomgo,Winter 2017,Acquired,https://soomgo.com,https://www.ycombinator.com/companies/soomgo,yc_oss_current,false,publicly_sourced,datahive_cb_url,brave-mobile,https://www.crunchbase.com/organization/brave-mobile,,,0,false,false,false,false,false,false,false,false,false,false,,,,,,
25586,Soon,soon,Winter 2022,Active,https://Soon.app,https://www.ycombinator.com/companies/soon,yc_oss_current,false,publicly_sourced,datahive_cb_url,soonapp,https://www.crunchbase.com/organization/soonapp,,,0,false,false,false,false,false,false,false,false,false,false,,,,,,
29650,Sorcerer,sorcerer,Summer 2024,Active,https://sorcerer.earth,https://www.ycombinator.com/companies/sorcerer,yc_oss_current,false,publicly_sourced,datahive_cb_url,sorcerer,https://www.crunchbase.com/organization/sorcerer,,,0,false,false,false,false,false,false,false,false,false,false,,,,,,
974,SOUNDBOKS,soundboks,Winter 2016,Active,http://soundboks.com,https://www.ycombinator.com/companies/soundboks,yc_oss_current,false,publicly_sourced,datahive_cb_url,sound-boks,https://www.crunchbase.com/organization/sound-boks,,,0,false,false,false,false,false,false,false,false,false,false,,,,,,
562,SoundFocus,soundfocus,Summer 2013,Inactive,http://soundfocus.com,https://www.ycombinator.com/companies/soundfocus,yc_oss_current,false,publicly_sourced,datahive_cb_url,soundfocus,https://www.crunchbase.com/organization/soundfocus,,,0,false,false,false,false,false,false,false,false,false,false,,,,,,
1542,SourceBeacon,sourcebeacon,Winter 2017,Inactive,https://www.sourcebeacon.com,https://www.ycombinator.com/companies/sourcebeacon,yc_oss_current,false,publicly_sourced,datahive_cb_url,melotic,https://www.crunchbase.com/organization/melotic,,,0,false,false,false,false,false,false,false,false,false,false,,,,,,
879,SourceDNA,sourcedna,Summer 2015,Acquired,http://sourcedna.com,https://www.ycombinator.com/companies/sourcedna,yc_oss_current,false,publicly_sourced,datahive_cb_url,sourcedna,https://www.crunchbase.com/organization/sourcedna,,,0,false,false,false,false,false,false,false,false,false,false,,,,,,
410,Soylent,soylent,Summer 2012,Acquired,http://soylent.com,https://www.ycombinator.com/companies/soylent,yc_oss_current,false,publicly_sourced,datahive_cb_url,soylent-corporation,https://www.crunchbase.com/organization/soylent-corporation,,,0,false,false,false,false,false,false,false,false,false,false,,,,,,
11949,SpaceRyde,spaceryde,Winter 2019,Inactive,http://www.spaceryde.com,https://www.ycombinator.com/companies/spaceryde,yc_oss_current,false,publicly_sourced,datahive_cb_url,loonify-space,https://www.crunchbase.com/organization/loonify-space,,,0,false,false,false,false,false,false,false,false,false,false,,,,,,
276,Spaces Life,spaces-life,Winter 2009,Inactive,http://spaceslife.com,https://www.ycombinator.com/companies/spaces-life,yc_oss_current,false,publicly_sourced,datahive_cb_url,spaces-life,https://www.crunchbase.com/organization/spaces-life,,,0,false,false,false,false,false,false,false,false,false,false,,,,,,
25948,Spade,spade,Winter 2022,Active,https://www.spade.com,https://www.ycombinator.com/companies/spade,yc_oss_current,false,publicly_sourced,datahive_cb_url,spade,https://www.crunchbase.com/organization/spade,,,0,false,false,false,false,false,false,false,false,false,false,,,,,,
765,SparkGift,sparkgift,Winter 2015,Inactive,http://sparkgift.com,https://www.ycombinator.com/companies/sparkgift,yc_oss_current,false,publicly_sourced,datahive_cb_url,spark-gift,https://www.crunchbase.com/organization/spark-gift,,,0,false,false,false,false,false,false,false,false,false,false,,,,,,
2023,SPATE,spate,Summer 2018,Active,https://www.spate.nyc,https://www.ycombinator.com/companies/spate,yc_oss_current,false,publicly_sourced,datahive_cb_url,spate,https://www.crunchbase.com/organization/spate,,,0,false,false,false,false,false,false,false,false,false,false,,,,,,
1443,Speak,speak,Winter 2017,Active,http://speak.com,https://www.ycombinator.com/companies/speak,yc_oss_current,false,publicly_sourced,datahive_cb_url,speak-3,https://www.crunchbase.com/organization/speak-3,,,0,false,false,false,false,false,false,false,false,false,false,,,,,,
1641,Spect,spect,Summer 2017,Inactive,http://www.getspect.com,https://www.ycombinator.com/companies/spect,yc_oss_current,false,publicly_sourced,datahive_cb_url,spect,https://www.crunchbase.com/organization/spect,,,0,false,false,false,false,false,false,false,false,false,false,,,,,,
25617,Speechly,speechly,Winter 2022,Acquired,https://www.speechly.com/,https://www.ycombinator.com/companies/speechly,yc_oss_current,false,publicly_sourced,datahive_cb_url,speechly,https://www.crunchbase.com/organization/speechly,,,0,false,false,false,false,false,false,false,false,false,false,,,,,,
21883,Speedscale,speedscale,Summer 2020,Active,https://speedscale.com,https://www.ycombinator.com/companies/speedscale,yc_oss_current,false,publicly_sourced,datahive_cb_url,speedscale,https://www.crunchbase.com/organization/speedscale,,,0,false,false,false,false,false,false,false,false,false,false,,,,,,
1928,Spero Foods,spero-foods,Summer 2018,Inactive,https://www.sperofoods.co/,https://www.ycombinator.com/companies/spero-foods,yc_oss_current,false,publicly_sourced,datahive_cb_url,spero-foods-los-angeles-california,https://www.crunchbase.com/organization/spero-foods-los-angeles-california,,,0,false,false,false,false,false,false,false,false,false,false,,,,,,
912,Sphere Secure Workspace,sphere-secure-workspace,Summer 2015,Acquired,http://sphere.works,https://www.ycombinator.com/companies/sphere-secure-workspace,yc_oss_current,false,publicly_sourced,datahive_cb_url,sphere-secure-workspace,https://www.crunchbase.com/organization/sphere-secure-workspace,,,0,false,false,false,false,false,false,false,false,false,false,,,,,,
25356,Spinach AI,spinach-ai,Winter 2022,Active,https://spinach.ai,https://www.ycombinator.com/companies/spinach-ai,yc_oss_current,false,publicly_sourced,datahive_cb_url,spinach-1b82,https://www.crunchbase.com/organization/spinach-1b82,,,0,false,false,false,false,false,false,false,false,false,false,,,,,,
28839,Spine AI,spine-ai,Summer 2023,Active,https://www.getspine.ai,https://www.ycombinator.com/companies/spine-ai,yc_oss_current,false,publicly_sourced,datahive_cb_url,spine-ai,https://www.crunchbase.com/organization/spine-ai,,,0,false,false,false,false,false,false,false,false,false,false,,,,,,
12415,Spiral Genetics,spiral-genetics,Winter 2019,Inactive,http://www.spiralgenetics.com,https://www.ycombinator.com/companies/spiral-genetics,yc_oss_current,false,publicly_sourced,datahive_cb_url,spiral-genetics,https://www.crunchbase.com/organization/spiral-genetics,,,0,false,false,false,false,false,false,false,false,false,false,,,,,,
853,Spire Health,spire-health,Winter 2015,Acquired,https://spirehealth.com/,https://www.ycombinator.com/companies/spire-health,yc_oss_current,false,publicly_sourced,datahive_cb_url,spire-3,https://www.crunchbase.com/organization/spire-3,,,0,false,false,false,false,false,false,false,false,false,false,,,,,,
331,Splashup,splashup,Summer 2007,Inactive,http://splashup.com,https://www.ycombinator.com/companies/splashup,yc_oss_current,false,publicly_sourced,datahive_cb_url,splashup,https://www.crunchbase.com/organization/splashup,,,0,false,false,false,false,false,false,false,false,false,false,,,,,,
831,Spoil,spoil,Winter 2015,Inactive,https://www.spoil.co/,https://www.ycombinator.com/companies/spoil,yc_oss_current,false,publicly_sourced,datahive_cb_url,spoil,https://www.crunchbase.com/organization/spoil,,,0,false,false,false,false,false,false,false,false,false,false,,,,,,
22666,Spokn,spokn,Winter 2021,Active,https://getspokn.com/,https://www.ycombinator.com/companies/spokn,yc_oss_current,false,publicly_sourced,datahive_cb_url,spokn,https://www.crunchbase.com/organization/spokn,,,0,false,false,false,false,false,false,false,false,false,false,,,,,,
541,SpoonRocket,spoonrocket,Summer 2013,Acquired,http://spoonrocket.com,https://www.ycombinator.com/companies/spoonrocket,yc_oss_current,false,publicly_sourced,datahive_cb_url,spoonrocket,https://www.crunchbase.com/organization/spoonrocket,,,0,false,false,false,false,false,false,false,false,false,false,,,,,,
25110,Spot Health,spot-health,Winter 2022,Active,https://spotdx.com,https://www.ycombinator.com/companies/spot-health,yc_oss_current,false,publicly_sourced,datahive_cb_url,spot-health,https://www.crunchbase.com/organization/spot-health,,,0,false,false,false,false,false,false,false,false,false,false,,,,,,
709,SpotAngels,spotangels,Summer 2014,Active,http://www.spotangels.com,https://www.ycombinator.com/companies/spotangels,yc_oss_current,false,publicly_sourced,datahive_cb_url,spotangels,https://www.crunchbase.com/organization/spotangels,,,0,false,false,false,false,false,false,false,false,false,false,,,,,,
12666,spotLESS Materials,spotless-materials,Summer 2019,Active,https://www.industry.spotlessmaterials.com,https://www.ycombinator.com/companies/spotless-materials,yc_oss_current,false,publicly_sourced,datahive_cb_url,spotless-materials,https://www.crunchbase.com/organization/spotless-materials,,,0,false,false,false,false,false,false,false,false,false,false,,,,,,
22713,SpruceID,spruceid,Winter 2021,Active,https://www.spruceid.com,https://www.ycombinator.com/companies/spruceid,yc_oss_current,false,publicly_sourced,datahive_cb_url,spruce-systems,https://www.crunchbase.com/organization/spruce-systems,,,0,false,false,false,false,false,false,false,false,false,false,,,,,,
1793,Sqreen,sqreen,Winter 2018,Acquired,https://www.sqreen.com/,https://www.ycombinator.com/companies/sqreen,yc_oss_current,false,publicly_sourced,datahive_cb_url,sqreen,https://www.crunchbase.com/organization/sqreen,,,0,false,false,false,false,false,false,false,false,false,false,,,,,,
1780,Squad,squad,Winter 2018,Acquired,http://squadapp.io,https://www.ycombinator.com/companies/squad,yc_oss_current,false,publicly_sourced,datahive_cb_url,molly,https://www.crunchbase.com/organization/molly,,,0,false,false,false,false,false,false,false,false,false,false,,,,,,
1269,Squire Technologies,squire-technologies,Summer 2016,Active,http://getsquire.com/,https://www.ycombinator.com/companies/squire-technologies,yc_oss_current,false,publicly_sourced,datahive_cb_url,squir-technologies-4,https://www.crunchbase.com/organization/squir-technologies-4,,,0,false,false,false,false,false,false,false,false,false,false,,,,,,
1753,SRTX,srtx,Winter 2018,Active,https://www.srtxlabs.com/,https://www.ycombinator.com/companies/srtx,yc_oss_current,false,publicly_sourced,datahive_cb_url,sheerly-genius,https://www.crunchbase.com/organization/sheerly-genius,,,0,false,false,false,false,false,false,false,false,false,false,,,,,,
21959,Stacker,stacker,Summer 2020,Active,https://stackerhq.com,https://www.ycombinator.com/companies/stacker,yc_oss_current,false,publicly_sourced,datahive_cb_url,stacker-79fe,https://www.crunchbase.com/organization/stacker-79fe,,,0,false,false,false,false,false,false,false,false,false,false,,,,,,
610,StackLead,stacklead,Winter 2014,Acquired,http://stacklead.com,https://www.ycombinator.com/companies/stacklead,yc_oss_current,false,publicly_sourced,datahive_cb_url,stacklead,https://www.crunchbase.com/organization/stacklead,,,0,false,false,false,false,false,false,false,false,false,false,,,,,,
525,StackMachine,stackmachine,Summer 2013,Inactive,http://stackmachine.com,https://www.ycombinator.com/companies/stackmachine,yc_oss_current,false,publicly_sourced,datahive_cb_url,stackmachine,https://www.crunchbase.com/organization/stackmachine,,,0,false,false,false,false,false,false,false,false,false,false,,,,,,
25616,Stackshine,stackshine,Winter 2022,Acquired,https://www.stackshine.com,https://www.ycombinator.com/companies/stackshine,yc_oss_current,false,publicly_sourced,datahive_cb_url,stackshine,https://www.crunchbase.com/organization/stackshine,,,0,false,false,false,false,false,false,false,false,false,false,,,,,,
29434,Stacksync,stacksync,Winter 2024,Active,https://www.stacksync.com/,https://www.ycombinator.com/companies/stacksync,yc_oss_current,false,publicly_sourced,datahive_cb_url,stacksync,https://www.crunchbase.com/organization/stacksync,,,0,false,false,false,false,false,false,false,false,false,false,,,,,,
25649,Stairs Financial,stairs-financial,Winter 2022,Active,https://stairsfinancial.com,https://www.ycombinator.com/companies/stairs-financial,yc_oss_current,false,publicly_sourced,datahive_cb_url,stairs-financial,https://www.crunchbase.com/organization/stairs-financial,,,0,false,false,false,false,false,false,false,false,false,false,,,,,,
1603,Standard AI,standard-ai,Summer 2017,Active,https://standard.ai,https://www.ycombinator.com/companies/standard-ai,yc_oss_current,false,publicly_sourced,datahive_cb_url,standard-cognition,https://www.crunchbase.com/organization/standard-cognition,,,0,false,false,false,false,false,false,false,false,false,false,,,,,,
832,Standard Cyborg,standard-cyborg,Winter 2015,Inactive,http://standardcyborg.com,https://www.ycombinator.com/companies/standard-cyborg,yc_oss_current,false,publicly_sourced,datahive_cb_url,standard-cyborg,https://www.crunchbase.com/organization/standard-cyborg,,,0,false,false,false,false,false,false,false,false,false,false,,,,,,
523,Standard Treasury,standard-treasury,Summer 2013,Acquired,http://standardtreasury.com,https://www.ycombinator.com/companies/standard-treasury,yc_oss_current,false,publicly_sourced,datahive_cb_url,standard-treasury,https://www.crunchbase.com/organization/standard-treasury,,,0,false,false,false,false,false,false,false,false,false,false,,,,,,
29808,Starcloud,starcloud,Summer 2024,Active,https://www.starcloud.com/,https://www.ycombinator.com/companies/starcloud,yc_oss_current,false,publicly_sourced,datahive_cb_url,lumen-orbit,https://www.crunchbase.com/organization/lumen-orbit,,,0,false,false,false,false,false,false,false,false,false,false,,,,,,
25327,Starling,starling,Winter 2022,Active,https://starlingmedical.com/,https://www.ycombinator.com/companies/starling,yc_oss_current,false,publicly_sourced,datahive_cb_url,starling-medical,https://www.crunchbase.com/organization/starling-medical,,,0,false,false,false,false,false,false,false,false,false,false,,,,,,
1027,Start Closing,start-closing,Winter 2016,Inactive,http://www.startclosing.com,https://www.ycombinator.com/companies/start-closing,yc_oss_current,false,publicly_sourced,datahive_cb_url,startclosing,https://www.crunchbase.com/organization/startclosing,,,0,false,false,false,false,false,false,false,false,false,false,,,,,,
13172,StartPlaying.Games,startplaying-games,Winter 2020,Active,https://startplayinggames.com/,https://www.ycombinator.com/companies/startplaying-games,yc_oss_current,false,publicly_sourced,datahive_cb_url,startplaying-games,https://www.crunchbase.com/organization/startplaying-games,,,0,false,false,false,false,false,false,false,false,false,false,,,,,,
1822,Station,station,Winter 2018,Inactive,https://stationhq.com/,https://www.ycombinator.com/companies/station,yc_oss_current,false,publicly_sourced,datahive_cb_url,station-2,https://www.crunchbase.com/organization/station-2,,,0,false,false,false,false,false,false,false,false,false,false,,,,,,
560,StatusPage,statuspage,Summer 2013,Acquired,http://statuspage.io,https://www.ycombinator.com/companies/statuspage,yc_oss_current,false,publicly_sourced,datahive_cb_url,statuspage,https://www.crunchbase.com/organization/statuspage,,,0,false,false,false,false,false,false,false,false,false,false,,,,,,
394,Statwing,statwing,Summer 2012,Acquired,http://statwing.com,https://www.ycombinator.com/companies/statwing,yc_oss_current,false,publicly_sourced,datahive_cb_url,statwing,https://www.crunchbase.com/organization/statwing,,,0,false,false,false,false,false,false,false,false,false,false,,,,,,
23236,Stayflexi,stayflexi,Winter 2021,Active,https://business.stayflexi.com/,https://www.ycombinator.com/companies/stayflexi,yc_oss_current,false,publicly_sourced,datahive_cb_url,stayflexi-inc,https://www.crunchbase.com/organization/stayflexi-inc,,,0,false,false,false,false,false,false,false,false,false,false,,,,,,
978,Stealth Worker,stealth-worker,Winter 2016,Active,https://www.stealthworker.com,https://www.ycombinator.com/companies/stealth-worker,yc_oss_current,false,publicly_sourced,datahive_cb_url,stealthworker,https://www.crunchbase.com/organization/stealthworker,,,0,false,false,false,false,false,false,false,false,false,false,,,,,,
24861,Stepful,stepful,Summer 2021,Active,https://www.stepful.com,https://www.ycombinator.com/companies/stepful,yc_oss_current,false,publicly_sourced,datahive_cb_url,stepful,https://www.crunchbase.com/organization/stepful,,,0,false,false,false,false,false,false,false,false,false,false,,,,,,
979,Stilt,stilt,Winter 2016,Acquired,http://www.stilt.com,https://www.ycombinator.com/companies/stilt,yc_oss_current,false,publicly_sourced,datahive_cb_url,stilt-2,https://www.crunchbase.com/organization/stilt-2,,,0,false,false,false,false,false,false,false,false,false,false,,,,,,
23957,Stipop,stipop,Summer 2021,Active,https://studio.stipop.io,https://www.ycombinator.com/companies/stipop,yc_oss_current,false,publicly_sourced,datahive_cb_url,stipop-inc,https://www.crunchbase.com/organization/stipop-inc,,,0,false,false,false,false,false,false,false,false,false,false,,,,,,
897,Stitch Health,stitch-health,Summer 2015,Inactive,https://stitch.health/,https://www.ycombinator.com/companies/stitch-health,yc_oss_current,false,publicly_sourced,datahive_cb_url,stitchhealth,https://www.crunchbase.com/organization/stitchhealth,,,0,false,false,false,false,false,false,false,false,false,false,,,,,,
25560,Stock Unlock,stock-unlock,Winter 2022,Active,https://stockunlock.com/,https://www.ycombinator.com/companies/stock-unlock,yc_oss_current,false,publicly_sourced,datahive_cb_url,stock-unlock,https://www.crunchbase.com/organization/stock-unlock,,,0,false,false,false,false,false,false,false,false,false,false,,,,,,
30661,Stockline,stockline,Summer 2025,Active,https://stockline.ai,https://www.ycombinator.com/companies/stockline,yc_oss_current,false,publicly_sourced,datahive_cb_url,stockline,https://www.crunchbase.com/organization/stockline,,,0,false,false,false,false,false,false,false,false,false,false,,,,,,
1649,Storyboard,storyboard,Summer 2017,Inactive,https://www.storyboard.com,https://www.ycombinator.com/companies/storyboard,yc_oss_current,false,publicly_sourced,datahive_cb_url,stories-inc,https://www.crunchbase.com/organization/stories-inc,,,0,false,false,false,false,false,false,false,false,false,false,,,,,,
24720,Storylane,storylane,Summer 2021,Active,https://www.storylane.io/,https://www.ycombinator.com/companies/storylane,yc_oss_current,false,publicly_sourced,datahive_cb_url,storylane-ff8e,https://www.crunchbase.com/organization/storylane-ff8e,,,0,false,false,false,false,false,false,false,false,false,false,,,,,,
172,Storyworth,storyworth,Winter 2011,Active,https://www.storyworth.com,https://www.ycombinator.com/companies/storyworth,yc_oss_current,false,publicly_sourced,datahive_cb_url,storyworth,https://www.crunchbase.com/organization/storyworth,,,0,false,false,false,false,false,false,false,false,false,false,,,,,,
24635,Stownest,stownest,Summer 2021,Active,https://stownest.com,https://www.ycombinator.com/companies/stownest,yc_oss_current,false,publicly_sourced,datahive_cb_url,stownest-storage,https://www.crunchbase.com/organization/stownest-storage,,,0,false,false,false,false,false,false,false,false,false,false,,,,,,
29082,Strada,strada,Summer 2023,Active,https://www.getstrada.com/,https://www.ycombinator.com/companies/strada,yc_oss_current,false,publicly_sourced,datahive_cb_url,strada-d62c,https://www.crunchbase.com/organization/strada-d62c,,,0,false,false,false,false,false,false,false,false,false,false,,,,,,
82,Streak,streak,Summer 2011,Active,http://streak.com,https://www.ycombinator.com/companies/streak,yc_oss_current,false,publicly_sourced,datahive_cb_url,streak,https://www.crunchbase.com/organization/streak,,,0,false,false,false,false,false,false,false,false,false,false,,,,,,
25594,Streak,streak-2,Winter 2022,Active,https://www.streakcard.com/,https://www.ycombinator.com/companies/streak-2,yc_oss_current,false,publicly_sourced,datahive_cb_url,streak-a216,https://www.crunchbase.com/organization/streak-a216,,,0,false,false,false,false,false,false,false,false,false,false,,,,,,
21985,Streamdal,streamdal,Summer 2020,Inactive,https://streamdal.com,https://www.ycombinator.com/companies/streamdal,yc_oss_current,false,publicly_sourced,datahive_cb_url,streamdal,https://www.crunchbase.com/organization/streamdal,,,0,false,false,false,false,false,false,false,false,false,false,,,,,,
1085,Streamup,streamup,Winter 2016,Inactive,https://streamup.com,https://www.ycombinator.com/companies/streamup,yc_oss_current,false,publicly_sourced,datahive_cb_url,streamup,https://www.crunchbase.com/organization/streamup,,,0,false,false,false,false,false,false,false,false,false,false,,,,,,
401,Streem,streem,Summer 2012,Acquired,https://streem.com,https://www.ycombinator.com/companies/streem,yc_oss_current,false,publicly_sourced,datahive_cb_url,streem,https://www.crunchbase.com/organization/streem,,,0,false,false,false,false,false,false,false,false,false,false,,,,,,
23063,Striga,striga,Winter 2021,Acquired,https://striga.com/,https://www.ycombinator.com/companies/striga,yc_oss_current,false,publicly_sourced,datahive_cb_url,striga,https://www.crunchbase.com/organization/striga,,,0,false,false,false,false,false,false,false,false,false,false,,,,,,
491,Strikingly,strikingly,Winter 2013,Active,https://www.strikingly.com,https://www.ycombinator.com/companies/strikingly,yc_oss_current,false,publicly_sourced,datahive_cb_url,striking-ly,https://www.crunchbase.com/organization/striking-ly,,,0,false,false,false,false,false,false,false,false,false,false,,,,,,
25714,Strong Compute,strong-compute,Winter 2022,Active,https://strongcompute.com,https://www.ycombinator.com/companies/strong-compute,yc_oss_current,false,publicly_sourced,datahive_cb_url,strong-compute,https://www.crunchbase.com/organization/strong-compute,,,0,false,false,false,false,false,false,false,false,false,false,,,,,,
1083,StrongIntro,strongintro,Winter 2016,Inactive,https://strongintro.com,https://www.ycombinator.com/companies/strongintro,yc_oss_current,false,publicly_sourced,datahive_cb_url,strongintro,https://www.crunchbase.com/organization/strongintro,,,0,false,false,false,false,false,false,false,false,false,false,,,,,,
29118,Structured Labs,structured-labs,Summer 2023,Inactive,https://www.structuredlabs.com/,https://www.ycombinator.com/companies/structured-labs,yc_oss_current,false,publicly_sourced,datahive_cb_url,structured-labs,https://www.crunchbase.com/organization/structured-labs,,,0,false,false,false,false,false,false,false,false,false,false,,,,,,
625,Style Lend,style-lend,Winter 2014,Inactive,http://StyleLend.com,https://www.ycombinator.com/companies/style-lend,yc_oss_current,false,publicly_sourced,radema_cb_url,style-lend,https://www.crunchbase.com/organization/style-lend,,,0,false,false,false,false,false,false,false,false,false,false,,,,,,
958,StyleBee,stylebee,Summer 2015,Inactive,http://stylebee.com,https://www.ycombinator.com/companies/stylebee,yc_oss_current,false,publicly_sourced,datahive_cb_url,stylebee,https://www.crunchbase.com/organization/stylebee,,,0,false,false,false,false,false,false,false,false,false,false,,,,,,
470,StyleUp,styleup,Winter 2013,Active,http://thestyleup.com,https://www.ycombinator.com/companies/styleup,yc_oss_current,false,publicly_sourced,datahive_cb_url,styleup,https://www.crunchbase.com/organization/styleup,,,0,false,false,false,false,false,false,false,false,false,false,,,,,,
74,Stypi,stypi,Summer 2011,Acquired,stypi.com,https://www.ycombinator.com/companies/stypi,yc_oss_current,false,publicly_sourced,datahive_cb_url,stypi,https://www.crunchbase.com/organization/stypi,,,0,false,false,false,false,false,false,false,false,false,false,,,,,,
440,Submittable,submittable,Summer 2012,Active,https://www.submittable.com/,https://www.ycombinator.com/companies/submittable,yc_oss_current,false,publicly_sourced,datahive_cb_url,submishmash,https://www.crunchbase.com/organization/submishmash,,,0,false,false,false,false,false,false,false,false,false,false,,,,,,
25715,SubscriptionFlow,subscriptionflow,Winter 2022,Active,http://www.subscriptionflow.com,https://www.ycombinator.com/companies/subscriptionflow,yc_oss_current,false,publicly_sourced,datahive_cb_url,subscriptionflow,https://www.crunchbase.com/organization/subscriptionflow,,,0,false,false,false,false,false,false,false,false,false,false,,,,,,
1828,Substack,substack,Winter 2018,Active,https://substack.com,https://www.ycombinator.com/companies/substack,yc_oss_current,false,publicly_sourced,datahive_cb_url,substack,https://www.crunchbase.com/organization/substack,,,0,false,false,false,false,false,false,false,false,false,false,,,,,,
1476,Sudden Coffee,sudden-coffee,Winter 2017,Inactive,https://www.suddencoffee.com/,https://www.ycombinator.com/companies/sudden-coffee,yc_oss_current,false,publicly_sourced,datahive_cb_url,sudden-coffee,https://www.crunchbase.com/organization/sudden-coffee,,,0,false,false,false,false,false,false,false,false,false,false,,,,,,
29018,sudocode,sudocode,Summer 2023,Active,https://sudocode.ai,https://www.ycombinator.com/companies/sudocode,yc_oss_current,false,publicly_sourced,datahive_cb_url,sudocode,https://www.crunchbase.com/organization/sudocode,,,0,false,false,false,false,false,false,false,false,false,false,,,,,,
27854,Suger,suger,Winter 2023,Active,https://www.suger.io/,https://www.ycombinator.com/companies/suger,yc_oss_current,false,publicly_sourced,datahive_cb_url,suger,https://www.crunchbase.com/organization/suger,,,0,false,false,false,false,false,false,false,false,false,false,,,,,,
25641,Suggestr,suggestr,Winter 2022,Inactive,https://suggestr.co,https://www.ycombinator.com/companies/suggestr,yc_oss_current,false,publicly_sourced,datahive_cb_url,suggestr,https://www.crunchbase.com/organization/suggestr,,,0,false,false,false,false,false,false,false,false,false,false,,,,,,
1343,Suiteness,suiteness,Summer 2016,Active,https://www.suiteness.com,https://www.ycombinator.com/companies/suiteness,yc_oss_current,false,publicly_sourced,datahive_cb_url,suiteness,https://www.crunchbase.com/organization/suiteness,,,0,false,false,false,false,false,false,false,false,false,false,,,,,,
896,SunFarmer,sunfarmer,Summer 2015,Active,http://sunfarmer.org,https://www.ycombinator.com/companies/sunfarmer,yc_oss_current,false,publicly_sourced,datahive_cb_url,sunfarmer,https://www.crunchbase.com/organization/sunfarmer,,,0,false,false,false,false,false,false,false,false,false,false,,,,,,
1585,Sunfolding,sunfolding,Summer 2017,Inactive,http://www.sunfolding.com,https://www.ycombinator.com/companies/sunfolding,yc_oss_current,false,publicly_sourced,datahive_cb_url,sunfolding,https://www.crunchbase.com/organization/sunfolding,,,0,false,false,false,false,false,false,false,false,false,false,,,,,,
11959,Sunsama,sunsama,Winter 2019,Active,https://sunsama.com,https://www.ycombinator.com/companies/sunsama,yc_oss_current,false,publicly_sourced,datahive_cb_url,sunsama,https://www.crunchbase.com/organization/sunsama,,,0,false,false,false,false,false,false,false,false,false,false,,,,,,
1872,Super,super,Winter 2018,Active,http://superapp.id/,https://www.ycombinator.com/companies/super,yc_oss_current,false,publicly_sourced,datahive_cb_url,super-1f7d,https://www.crunchbase.com/organization/super-1f7d,,,0,false,false,false,false,false,false,false,false,false,false,,,,,,
12091,Superb AI,superb-ai,Winter 2019,Active,https://www.superb-ai.com,https://www.ycombinator.com/companies/superb-ai,yc_oss_current,false,publicly_sourced,datahive_cb_url,superb-ai,https://www.crunchbase.com/organization/superb-ai,,,0,false,false,false,false,false,false,false,false,false,false,,,,,,
27154,Superbar,superbar,Summer 2022,Active,http://www.superbar.ai,https://www.ycombinator.com/companies/superbar,yc_oss_current,false,publicly_sourced,datahive_cb_url,caddie-72ba,https://www.crunchbase.com/organization/caddie-72ba,,,0,false,false,false,false,false,false,false,false,false,false,,,,,,
27978,SuperKalam,superkalam,Winter 2023,Active,https://superkalam.com,https://www.ycombinator.com/companies/superkalam,yc_oss_current,false,publicly_sourced,datahive_cb_url,kalam,https://www.crunchbase.com/organization/kalam,,,0,false,false,false,false,false,false,false,false,false,false,,,,,,
1800,Supermedium,supermedium,Winter 2018,Active,https://supermedium.com/,https://www.ycombinator.com/companies/supermedium,yc_oss_current,false,publicly_sourced,datahive_cb_url,supermedium,https://www.crunchbase.com/organization/supermedium,,,0,false,false,false,false,false,false,false,false,false,false,,,,,,
12037,Supernova,supernova,Winter 2019,Active,https://supernova.io,https://www.ycombinator.com/companies/supernova,yc_oss_current,false,publicly_sourced,datahive_cb_url,supernova-technology-ltd,https://www.crunchbase.com/organization/supernova-technology-ltd,,,0,false,false,false,false,false,false,false,false,false,false,,,,,,
1034,Superside,superside,Winter 2016,Active,http://www.superside.com,https://www.ycombinator.com/companies/superside,yc_oss_current,false,publicly_sourced,datahive_cb_url,konsus,https://www.crunchbase.com/organization/konsus,,,0,false,false,false,false,false,false,false,false,false,false,,,,,,
1511,Supr Daily,supr-daily,Winter 2017,Acquired,http://www.suprdaily.com/,https://www.ycombinator.com/companies/supr-daily,yc_oss_current,false,publicly_sourced,datahive_cb_url,supr-daily,https://www.crunchbase.com/organization/supr-daily,,,0,false,false,false,false,false,false,false,false,false,false,,,,,,
1648,Surematics,surematics,Summer 2017,Acquired,https://www.surematics.com/,https://www.ycombinator.com/companies/surematics,yc_oss_current,false,publicly_sourced,datahive_cb_url,surematics,https://www.crunchbase.com/organization/surematics,,,0,false,false,false,false,false,false,false,false,false,false,,,,,,
29293,SuretyNow,suretynow,Winter 2024,Active,https://suretynow.com/,https://www.ycombinator.com/companies/suretynow,yc_oss_current,false,publicly_sourced,datahive_cb_url,suretynow,https://www.crunchbase.com/organization/suretynow,,,0,false,false,false,false,false,false,false,false,false,false,,,,,,
28921,Surface Labs,surface-labs,Summer 2023,Active,https://withsurface.com,https://www.ycombinator.com/companies/surface-labs,yc_oss_current,false,publicly_sourced,datahive_cb_url,surface-labs-cb05,https://www.crunchbase.com/organization/surface-labs-cb05,,,0,false,false,false,false,false,false,false,false,false,false,,,,,,
467,Svbtle,svbtle,Summer 2012,Active,https://svbtle.com,https://www.ycombinator.com/companies/svbtle,yc_oss_current,false,publicly_sourced,datahive_cb_url,svbtle,https://www.crunchbase.com/organization/svbtle,,,0,false,false,false,false,false,false,false,false,false,false,,,,,,
23355,Svix,svix,Winter 2021,Active,https://www.svix.com,https://www.ycombinator.com/companies/svix,yc_oss_current,false,publicly_sourced,datahive_cb_url,svix,https://www.crunchbase.com/organization/svix,,,0,false,false,false,false,false,false,false,false,false,false,,,,,,
23324,Swadesi Way,swadesi-way,Winter 2021,Active,https://swadesiway.com/,https://www.ycombinator.com/companies/swadesi-way,yc_oss_current,false,publicly_sourced,radema_cb_url,leap-club,https://www.crunchbase.com/organization/leap-club,,,0,false,false,false,false,false,false,false,false,false,false,,,,,,
496,Swapbox,swapbox,Winter 2013,Inactive,http://swapbox.com,https://www.ycombinator.com/companies/swapbox,yc_oss_current,false,publicly_sourced,datahive_cb_url,swapbox,https://www.crunchbase.com/organization/swapbox,,,0,false,false,false,false,false,false,false,false,false,false,,,,,,
1220,Sway Finance,sway-finance,Summer 2016,Inactive,https://www.swayfinance.com,https://www.ycombinator.com/companies/sway-finance,yc_oss_current,false,publicly_sourced,datahive_cb_url,sway-finance,https://www.crunchbase.com/organization/sway-finance,,,0,false,false,false,false,false,false,false,false,false,false,,,,,,
1878,Swayable,swayable,Winter 2018,Active,http://swayable.com,https://www.ycombinator.com/companies/swayable,yc_oss_current,false,publicly_sourced,datahive_cb_url,swayable,https://www.crunchbase.com/organization/swayable,,,0,false,false,false,false,false,false,false,false,false,false,,,,,,
28796,Sweetspot,sweetspot,Summer 2023,Active,https://www.sweetspot.so/,https://www.ycombinator.com/companies/sweetspot,yc_oss_current,false,publicly_sourced,datahive_cb_url,sweetspot-6229,https://www.crunchbase.com/organization/sweetspot-6229,,,0,false,false,false,false,false,false,false,false,false,false,,,,,,
44,Swiftype,swiftype,Winter 2012,Acquired,http://swiftype.com,https://www.ycombinator.com/companies/swiftype,yc_oss_current,false,publicly_sourced,datahive_cb_url,swiftype,https://www.crunchbase.com/organization/swiftype,,,0,false,false,false,false,false,false,false,false,false,false,,,,,,
1852,Swipehouse,swipehouse,Winter 2018,Acquired,https://swipehouse.co,https://www.ycombinator.com/companies/swipehouse,yc_oss_current,false,publicly_sourced,datahive_cb_url,summer-playbook,https://www.crunchbase.com/organization/summer-playbook,,,0,false,false,false,false,false,false,false,false,false,false,,,,,,
476,Swish,swish,Winter 2013,Inactive,http://swish.com,https://www.ycombinator.com/companies/swish,yc_oss_current,false,publicly_sourced,datahive_cb_url,swish-2,https://www.crunchbase.com/organization/swish-2,,,0,false,false,false,false,false,false,false,false,false,false,,,,,,
12010,Switchboard,switchboard,Winter 2019,Active,https://www.onswitchboard.com,https://www.ycombinator.com/companies/switchboard,yc_oss_current,false,publicly_sourced,datahive_cb_url,switchboard-5db1,https://www.crunchbase.com/organization/switchboard-5db1,,,0,false,false,false,false,false,false,false,false,false,false,,,,,,
1493,Sycamore,sycamore,Winter 2017,Inactive,https://www.mysycamore.com/,https://www.ycombinator.com/companies/sycamore,yc_oss_current,false,publicly_sourced,datahive_cb_url,mysycamore,https://www.crunchbase.com/organization/mysycamore,,,0,false,false,false,false,false,false,false,false,false,false,,,,,,
1244,Symple,symple,Summer 2016,Acquired,http://www.getsymple.com,https://www.ycombinator.com/companies/symple,yc_oss_current,false,publicly_sourced,datahive_cb_url,symple,https://www.crunchbase.com/organization/symple,,,0,false,false,false,false,false,false,false,false,false,false,,,,,,
13406,Synapsica Healthcare,synapsica-healthcare,Winter 2020,Inactive,https://synapsica.com/,https://www.ycombinator.com/companies/synapsica-healthcare,yc_oss_current,false,publicly_sourced,datahive_cb_url,synapsica,https://www.crunchbase.com/organization/synapsica,,,0,false,false,false,false,false,false,false,false,false,false,,,,,,
24859,Synder,synder,Summer 2021,Active,https://synder.com,https://www.ycombinator.com/companies/synder,yc_oss_current,false,publicly_sourced,datahive_cb_url,cloudbusiness,https://www.crunchbase.com/organization/cloudbusiness,,,0,false,false,false,false,false,false,false,false,false,false,,,,,,
25303,Syrona Health,syrona-health,Winter 2022,Active,https://syronahealth.com/,https://www.ycombinator.com/companies/syrona-health,yc_oss_current,false,publicly_sourced,datahive_cb_url,syrona-women,https://www.crunchbase.com/organization/syrona-women,,,0,false,false,false,false,false,false,false,false,false,false,,,,,,
12352,Taali Inc,taali-inc,Winter 2019,Active,https://www.taalifoods.com/,https://www.ycombinator.com/companies/taali-inc,yc_oss_current,false,publicly_sourced,datahive_cb_url,taali-foods,https://www.crunchbase.com/organization/taali-foods,,,0,false,false,false,false,false,false,false,false,false,false,,,,,,
833,Tab,tab,Winter 2015,Active,https://www.tab.travel,https://www.ycombinator.com/companies/tab,yc_oss_current,false,publicly_sourced,datahive_cb_url,tab-5,https://www.crunchbase.com/organization/tab-5,,,0,false,false,false,false,false,false,false,false,false,false,,,,,,
27897,TableFlow,tableflow,Winter 2023,Active,https://tableflow.com,https://www.ycombinator.com/companies/tableflow,yc_oss_current,false,publicly_sourced,datahive_cb_url,tableflow,https://www.crunchbase.com/organization/tableflow,,,0,false,false,false,false,false,false,false,false,false,false,,,,,,
24154,Tablevibe,tablevibe-co,Summer 2021,Acquired,https://www.tablevibe.co,https://www.ycombinator.com/companies/tablevibe-co,yc_oss_current,false,publicly_sourced,datahive_cb_url,tablevibe-co,https://www.crunchbase.com/organization/tablevibe-co,,,0,false,false,false,false,false,false,false,false,false,false,,,,,,
23959,TAG,tag,Summer 2021,Active,https://tagme.pk/,https://www.ycombinator.com/companies/tag,yc_oss_current,false,publicly_sourced,datahive_cb_url,tag-196b,https://www.crunchbase.com/organization/tag-196b,,,0,false,false,false,false,false,false,false,false,false,false,,,,,,
13350,TagMango,tagmango,Winter 2020,Active,https://www.tagmango.com,https://www.ycombinator.com/companies/tagmango,yc_oss_current,false,publicly_sourced,datahive_cb_url,tagmango,https://www.crunchbase.com/organization/tagmango,,,0,false,false,false,false,false,false,false,false,false,false,,,,,,
26710,Tailor,tailor,Summer 2022,Active,https://www.tailor.tech/,https://www.ycombinator.com/companies/tailor,yc_oss_current,false,publicly_sourced,datahive_cb_url,tailor-a768,https://www.crunchbase.com/organization/tailor-a768,,,0,false,false,false,false,false,false,false,false,false,false,,,,,,
12277,Tailor-ED,tailor-ed,Winter 2019,Inactive,https://www.tailor-ed.com/,https://www.ycombinator.com/companies/tailor-ed,yc_oss_current,false,publicly_sourced,datahive_cb_url,tailor-ed,https://www.crunchbase.com/organization/tailor-ed,,,0,false,false,false,false,false,false,false,false,false,false,,,,,,
11986,Tailornova/Couturme,tailornova-couturme,Winter 2019,Active,http://patternfast.com,https://www.ycombinator.com/companies/tailornova-couturme,yc_oss_current,false,publicly_sourced,datahive_cb_url,couturme,https://www.crunchbase.com/organization/couturme,,,0,false,false,false,false,false,false,false,false,false,false,,,,,,
13109,Taiv,taiv,Winter 2020,Active,https://taiv.tv,https://www.ycombinator.com/companies/taiv,yc_oss_current,false,publicly_sourced,datahive_cb_url,taiv,https://www.crunchbase.com/organization/taiv,,,0,false,false,false,false,false,false,false,false,false,false,,,,,,
13494,Tajir,tajir,Winter 2020,Active,https://tajir.app,https://www.ycombinator.com/companies/tajir,yc_oss_current,false,publicly_sourced,datahive_cb_url,tajir,https://www.crunchbase.com/organization/tajir,,,0,false,false,false,false,false,false,false,false,false,false,,,,,,
25778,Take App,take-app,Winter 2022,Active,https://www.take.app,https://www.ycombinator.com/companies/take-app,yc_oss_current,false,publicly_sourced,datahive_cb_url,take-app,https://www.crunchbase.com/organization/take-app,,,0,false,false,false,false,false,false,false,false,false,false,,,,,,
24839,Talentdrop,talentdrop,Summer 2021,Inactive,https://www.talentdrop.com/,https://www.ycombinator.com/companies/talentdrop,yc_oss_current,false,publicly_sourced,datahive_cb_url,talentdrop,https://www.crunchbase.com/organization/talentdrop,,,0,false,false,false,false,false,false,false,false,false,false,,,,,,
25827,Talentropy.ai,talentropy-ai,Winter 2022,Active,https://talentropy.ai/,https://www.ycombinator.com/companies/talentropy-ai,yc_oss_current,false,publicly_sourced,datahive_cb_url,hoy-trabajas,https://www.crunchbase.com/organization/hoy-trabajas,,,0,false,false,false,false,false,false,false,false,false,false,,,,,,
138,Talkable,talkable,Winter 2011,Active,http://talkable.com,https://www.ycombinator.com/companies/talkable,yc_oss_current,false,publicly_sourced,datahive_cb_url,talkable,https://www.crunchbase.com/organization/talkable,,,0,false,false,false,false,false,false,false,false,false,false,,,,,,
173,TalkBin,talkbin,Winter 2011,Acquired,http://talkbin.com,https://www.ycombinator.com/companies/talkbin,yc_oss_current,false,publicly_sourced,datahive_cb_url,talkbin,https://www.crunchbase.com/organization/talkbin,,,0,false,false,false,false,false,false,false,false,false,false,,,,,,
36,Talkray (TiKL),talkray-tikl,Winter 2012,Inactive,http://talkray.com,https://www.ycombinator.com/companies/talkray-tikl,yc_oss_current,false,publicly_sourced,datahive_cb_url,tikl,https://www.crunchbase.com/organization/tikl,,,0,false,false,false,false,false,false,false,false,false,false,,,,,,
1942,Tall Poppy,tall-poppy,Summer 2018,Active,https://tallpoppy.com,https://www.ycombinator.com/companies/tall-poppy,yc_oss_current,false,publicly_sourced,datahive_cb_url,tall-poppy,https://www.crunchbase.com/organization/tall-poppy,,,0,false,false,false,false,false,false,false,false,false,false,,,,,,
22662,Taloflow,taloflow,Winter 2021,Active,https://www.taloflow.ai,https://www.ycombinator.com/companies/taloflow,yc_oss_current,false,publicly_sourced,datahive_cb_url,taloflow,https://www.crunchbase.com/organization/taloflow,,,0,false,false,false,false,false,false,false,false,false,false,,,,,,
13198,Talyn Air,talyn-air,Winter 2020,Acquired,http://www.talyn.com,https://www.ycombinator.com/companies/talyn-air,yc_oss_current,false,publicly_sourced,datahive_cb_url,talyn-air,https://www.crunchbase.com/organization/talyn-air,,,0,false,false,false,false,false,false,false,false,false,false,,,,,,
26803,Tank Payments,tank-payments,Summer 2022,Active,https://www.tankpayments.com/,https://www.ycombinator.com/companies/tank-payments,yc_oss_current,false,publicly_sourced,datahive_cb_url,tank-payments,https://www.crunchbase.com/organization/tank-payments,,,0,false,false,false,false,false,false,false,false,false,false,,,,,,
11919,Taobotics,taobotics,Winter 2019,Active,http://www.taobotics.com,https://www.ycombinator.com/companies/taobotics,yc_oss_current,false,publicly_sourced,datahive_cb_url,taobotics,https://www.crunchbase.com/organization/taobotics,,,0,false,false,false,false,false,false,false,false,false,false,,,,,,
122,TapEngage,tapengage,Summer 2011,Acquired,http://tapengage.com,https://www.ycombinator.com/companies/tapengage,yc_oss_current,false,publicly_sourced,datahive_cb_url,tapengage,https://www.crunchbase.com/organization/tapengage,,,0,false,false,false,false,false,false,false,false,false,false,,,,,,
207,Tapzilla,tapzilla,Summer 2010,Acquired,http://tapzilla.com,https://www.ycombinator.com/companies/tapzilla,yc_oss_current,false,publicly_sourced,datahive_cb_url,tapzilla,https://www.crunchbase.com/organization/tapzilla,,,0,false,false,false,false,false,false,false,false,false,false,,,,,,
848,Tara AI,tara-ai,Winter 2015,Active,http://www.tara.ai,https://www.ycombinator.com/companies/tara-ai,yc_oss_current,false,publicly_sourced,datahive_cb_url,tara,https://www.crunchbase.com/organization/tara,,,0,false,false,false,false,false,false,false,false,false,false,,,,,,
12863,Taskade,taskade,Summer 2019,Active,https://www.taskade.com,https://www.ycombinator.com/companies/taskade,yc_oss_current,false,publicly_sourced,datahive_cb_url,taskade,https://www.crunchbase.com/organization/taskade,,,0,false,false,false,false,false,false,false,false,false,false,,,,,,
13579,Tasker AI,tasker-ai,Winter 2020,Active,http://www.tasker.ai,https://www.ycombinator.com/companies/tasker-ai,yc_oss_current,false,publicly_sourced,datahive_cb_url,tasker-ai,https://www.crunchbase.com/organization/tasker-ai,,,0,false,false,false,false,false,false,false,false,false,false,,,,,,
448,Tastemaker,tastemaker,Summer 2012,Inactive,http://tastemaker.com,https://www.ycombinator.com/companies/tastemaker,yc_oss_current,false,publicly_sourced,datahive_cb_url,tastemaker,https://www.crunchbase.com/organization/tastemaker,,,0,false,false,false,false,false,false,false,false,false,false,,,,,,
24161,Tavus,tavus,Summer 2021,Active,https://www.tavus.io,https://www.ycombinator.com/companies/tavus,yc_oss_current,false,publicly_sourced,datahive_cb_url,tavus,https://www.crunchbase.com/organization/tavus,,,0,false,false,false,false,false,false,false,false,false,false,,,,,,
674,TAXA Biotechnologies,taxa-biotechnologies,Summer 2014,Inactive,http://www.taxa.com,https://www.ycombinator.com/companies/taxa-biotechnologies,yc_oss_current,false,publicly_sourced,datahive_cb_url,glowing-plant,https://www.crunchbase.com/organization/glowing-plant,,,0,false,false,false,false,false,false,false,false,false,false,,,,,,
29710,TaxGPT,taxgpt,Summer 2024,Active,https://www.taxgpt.com,https://www.ycombinator.com/companies/taxgpt,yc_oss_current,false,publicly_sourced,datahive_cb_url,taxgpt,https://www.crunchbase.com/organization/taxgpt,,,0,false,false,false,false,false,false,false,false,false,false,,,,,,
294,Team Apart,team-apart,Summer 2008,Inactive,http://teamapart.com,https://www.ycombinator.com/companies/team-apart,yc_oss_current,false,publicly_sourced,datahive_cb_url,team-apart,https://www.crunchbase.com/organization/team-apart,,,0,false,false,false,false,false,false,false,false,false,false,,,,,,
790,TeamNote,teamnote,Winter 2015,Active,http://teamnoteapp.com,https://www.ycombinator.com/companies/teamnote,yc_oss_current,false,publicly_sourced,datahive_cb_url,teamnote,https://www.crunchbase.com/organization/teamnote,,,0,false,false,false,false,false,false,false,false,false,false,,,,,,
746,Tech in Asia,tech-in-asia,Winter 2015,Acquired,http://techinasia.com,https://www.ycombinator.com/companies/tech-in-asia,yc_oss_current,false,publicly_sourced,datahive_cb_url,tech-in-asia,https://www.crunchbase.com/organization/tech-in-asia,,,0,false,false,false,false,false,false,false,false,false,false,,,,,,
1230,Techmate,techmate,Summer 2016,Acquired,https://www.techmate.com,https://www.ycombinator.com/companies/techmate,yc_oss_current,false,publicly_sourced,datahive_cb_url,techmate,https://www.crunchbase.com/organization/techmate,,,0,false,false,false,false,false,false,false,false,false,false,,,,,,
30782,TectoAI,tectoai,Summer 2025,Active,https://www.tecto.ai/,https://www.ycombinator.com/companies/tectoai,yc_oss_current,false,publicly_sourced,datahive_cb_url,tectoai,https://www.crunchbase.com/organization/tectoai,,,0,false,false,false,false,false,false,false,false,false,false,,,,,,
30345,Tee Time Tommy,tee-time-tommy,Winter 2025,Active,https://teetimetommy.com/,https://www.ycombinator.com/companies/tee-time-tommy,yc_oss_current,false,publicly_sourced,datahive_cb_url,emojis-com,https://www.crunchbase.com/organization/emojis-com,,,0,false,false,false,false,false,false,false,false,false,false,,,,,,
512,Teespring,teespring,Winter 2013,Acquired,http://teespring.com,https://www.ycombinator.com/companies/teespring,yc_oss_current,false,publicly_sourced,datahive_cb_url,teespring,https://www.crunchbase.com/organization/teespring,,,0,false,false,false,false,false,false,false,false,false,false,,,,,,
179,Teevox,teevox,Summer 2010,Inactive,https://teevox.com,https://www.ycombinator.com/companies/teevox,yc_oss_current,false,publicly_sourced,datahive_cb_url,teevox,https://www.crunchbase.com/organization/teevox,,,0,false,false,false,false,false,false,false,false,false,false,,,,,,
29241,Tekton Dynamics,tekton-dynamics,Winter 2024,Active,https://www.tekton-dynamics.com,https://www.ycombinator.com/companies/tekton-dynamics,yc_oss_current,false,publicly_sourced,datahive_cb_url,maihem,https://www.crunchbase.com/organization/maihem,,,0,false,false,false,false,false,false,false,false,false,false,,,,,,
519,Teleborder,teleborder,Summer 2013,Inactive,http://teleborder.com,https://www.ycombinator.com/companies/teleborder,yc_oss_current,false,publicly_sourced,datahive_cb_url,teleborder,https://www.crunchbase.com/organization/teleborder,,,0,false,false,false,false,false,false,false,false,false,false,,,,,,
13085,Teleo,teleo,Winter 2020,Acquired,http://www.teleo.ai,https://www.ycombinator.com/companies/teleo,yc_oss_current,false,publicly_sourced,datahive_cb_url,teleo,https://www.crunchbase.com/organization/teleo,,,0,false,false,false,false,false,false,false,false,false,false,,,,,,
862,Teleport,teleport,Summer 2015,Active,https://goteleport.com,https://www.ycombinator.com/companies/teleport,yc_oss_current,false,publicly_sourced,datahive_cb_url,gravitational,https://www.crunchbase.com/organization/gravitational,,,0,false,false,false,false,false,false,false,false,false,false,,,,,,
136,TellFi,tellfi,Winter 2011,Inactive,http://tellfi.com,https://www.ycombinator.com/companies/tellfi,yc_oss_current,false,publicly_sourced,datahive_cb_url,tellfi,https://www.crunchbase.com/organization/tellfi,,,0,false,false,false,false,false,false,false,false,false,false,,,,,,
1691,Templarbit,templarbit,Summer 2017,Acquired,https://www.templarbit.com,https://www.ycombinator.com/companies/templarbit,yc_oss_current,false,publicly_sourced,datahive_cb_url,templarbit,https://www.crunchbase.com/organization/templarbit,,,0,false,false,false,false,false,false,false,false,false,false,,,,,,
789,Tempo,tempo,Winter 2015,Active,https://tempo.fit/,https://www.ycombinator.com/companies/tempo,yc_oss_current,false,publicly_sourced,datahive_cb_url,trainwithpivot,https://www.crunchbase.com/organization/trainwithpivot,,,0,false,false,false,false,false,false,false,false,false,false,,,,,,
969,Tenant Turner,tenant-turner,Summer 2015,Acquired,http://tenantturner.com,https://www.ycombinator.com/companies/tenant-turner,yc_oss_current,false,publicly_sourced,datahive_cb_url,tenant-turner,https://www.crunchbase.com/organization/tenant-turner,,,0,false,false,false,false,false,false,false,false,false,false,,,,,,
1990,TENDERD,tenderd,Summer 2018,Active,https://www.tenderd.com/,https://www.ycombinator.com/companies/tenderd,yc_oss_current,false,publicly_sourced,datahive_cb_url,tenderd,https://www.crunchbase.com/organization/tenderd,,,0,false,false,false,false,false,false,false,false,false,false,,,,,,
25721,Tendo,tendo,Winter 2022,Active,https://tendo.app/,https://www.ycombinator.com/companies/tendo,yc_oss_current,false,publicly_sourced,datahive_cb_url,tendo-5aa6,https://www.crunchbase.com/organization/tendo-5aa6,,,0,false,false,false,false,false,false,false,false,false,false,,,,,,
711,Tenjin,tenjin,Summer 2014,Acquired,https://www.tenjin.com,https://www.ycombinator.com/companies/tenjin,yc_oss_current,false,publicly_sourced,datahive_cb_url,tenjin,https://www.crunchbase.com/organization/tenjin,,,0,false,false,false,false,false,false,false,false,false,false,,,,,,
24567,Tenyks,tenyks,Summer 2021,Active,http://tenyks.ai/,https://www.ycombinator.com/companies/tenyks,yc_oss_current,false,publicly_sourced,datahive_cb_url,tenyks,https://www.crunchbase.com/organization/tenyks,,,0,false,false,false,false,false,false,false,false,false,false,,,,,,
1787,tEQuitable,tequitable,Winter 2018,Active,https://www.tEQuitable.com/,https://www.ycombinator.com/companies/tequitable,yc_oss_current,false,publicly_sourced,datahive_cb_url,tequitable,https://www.crunchbase.com/organization/tequitable,,,0,false,false,false,false,false,false,false,false,false,false,,,,,,
22782,Terapify,terapify,Winter 2021,Active,https://www.terapify.com,https://www.ycombinator.com/companies/terapify,yc_oss_current,false,publicly_sourced,datahive_cb_url,terapify,https://www.crunchbase.com/organization/terapify,,,0,false,false,false,false,false,false,false,false,false,false,,,,,,
1536,Terark,terark,Winter 2017,Acquired,http://www.terark.com,https://www.ycombinator.com/companies/terark,yc_oss_current,false,publicly_sourced,datahive_cb_url,terark,https://www.crunchbase.com/organization/terark,,,0,false,false,false,false,false,false,false,false,false,false,,,,,,
13499,Termii,termii,Winter 2020,Active,https://termii.com,https://www.ycombinator.com/companies/termii,yc_oss_current,false,publicly_sourced,datahive_cb_url,termii-networks,https://www.crunchbase.com/organization/termii-networks,,,0,false,false,false,false,false,false,false,false,false,false,,,,,,
28860,Terminal,terminal,Summer 2023,Active,https://www.withterminal.com/,https://www.ycombinator.com/companies/terminal,yc_oss_current,false,publicly_sourced,datahive_cb_url,terminal-4fea,https://www.crunchbase.com/organization/terminal-4fea,,,0,false,false,false,false,false,false,false,false,false,false,,,,,,
12039,Termius,termius,Winter 2019,Active,https://termius.com,https://www.ycombinator.com/companies/termius,yc_oss_current,false,publicly_sourced,datahive_cb_url,termius,https://www.crunchbase.com/organization/termius,,,0,false,false,false,false,false,false,false,false,false,false,,,,,,
23612,Terra API,terra-api,Winter 2021,Active,http://tryterra.co,https://www.ycombinator.com/companies/terra-api,yc_oss_current,false,publicly_sourced,datahive_cb_url,terra-5293,https://www.crunchbase.com/organization/terra-5293,,,0,false,false,false,false,false,false,false,false,false,false,,,,,,
627,Terravion,terravion,Winter 2014,Inactive,http://terravion.com,https://www.ycombinator.com/companies/terravion,yc_oss_current,false,publicly_sourced,radema_cb_url,terravion,https://www.crunchbase.com/organization/terravion,,,0,false,false,false,false,false,false,false,false,false,false,,,,,,
30663,Tesora,tesora,Summer 2025,Active,https://tesora.ai,https://www.ycombinator.com/companies/tesora,yc_oss_current,false,publicly_sourced,datahive_cb_url,tesora-5a73,https://www.crunchbase.com/organization/tesora-5a73,,,0,false,false,false,false,false,false,false,false,false,false,,,,,,
900,Tesorio,tesorio,Summer 2015,Active,https://www.tesorio.com,https://www.ycombinator.com/companies/tesorio,yc_oss_current,false,publicly_sourced,datahive_cb_url,tesorio,https://www.crunchbase.com/organization/tesorio,,,0,false,false,false,false,false,false,false,false,false,false,,,,,,
1664,Tesseract,tesseract,Summer 2017,Active,http://tesseract.space,https://www.ycombinator.com/companies/tesseract,yc_oss_current,false,publicly_sourced,datahive_cb_url,tesseract-09e9,https://www.crunchbase.com/organization/tesseract-09e9,,,0,false,false,false,false,false,false,false,false,false,false,,,,,,
404,Testmunk,testmunk,Summer 2012,Inactive,http://testmunk.com,https://www.ycombinator.com/companies/testmunk,yc_oss_current,false,publicly_sourced,datahive_cb_url,testmunk,https://www.crunchbase.com/organization/testmunk,,,0,false,false,false,false,false,false,false,false,false,false,,,,,,
24268,testRigor,testrigor,Summer 2021,Active,https://testrigor.com,https://www.ycombinator.com/companies/testrigor,yc_oss_current,false,publicly_sourced,datahive_cb_url,testrigor,https://www.crunchbase.com/organization/testrigor,,,0,false,false,false,false,false,false,false,false,false,false,,,,,,
1516,Tetra,tetra,Winter 2017,Acquired,https://asktetra.com,https://www.ycombinator.com/companies/tetra,yc_oss_current,false,publicly_sourced,datahive_cb_url,tetra,https://www.crunchbase.com/organization/tetra,,,0,false,false,false,false,false,false,false,false,false,false,,,,,,
374,TextPayMe,textpayme,Summer 2005,Acquired,http://textpayme.com,https://www.ycombinator.com/companies/textpayme,yc_oss_current,false,publicly_sourced,datahive_cb_url,textpayme,https://www.crunchbase.com/organization/textpayme,,,0,false,false,false,false,false,false,false,false,false,false,,,,,,
1270,The Athletic,the-athletic,Summer 2016,Acquired,https://theathletic.com,https://www.ycombinator.com/companies/the-athletic,yc_oss_current,false,publicly_sourced,datahive_cb_url,the-athletic,https://www.crunchbase.com/organization/the-athletic,,,0,false,false,false,false,false,false,false,false,false,false,,,,,,
24529,The Breakaway,the-breakaway,Summer 2021,Active,https://www.breakaway.app/,https://www.ycombinator.com/companies/the-breakaway,yc_oss_current,false,publicly_sourced,datahive_cb_url,the-breakaway-7e7b,https://www.crunchbase.com/organization/the-breakaway-7e7b,,,0,false,false,false,false,false,false,false,false,false,false,,,,,,
1952,The Buttermilk Company,the-buttermilk-company,Summer 2018,Inactive,http://www.thebuttermilkco.com,https://www.ycombinator.com/companies/the-buttermilk-company,yc_oss_current,false,publicly_sourced,datahive_cb_url,the-buttermilk-company,https://www.crunchbase.com/organization/the-buttermilk-company,,,0,false,false,false,false,false,false,false,false,false,false,,,,,,
1552,The Centre for Effective Altruism,the-centre-for-effective-altruism,Winter 2017,Active,http://effectivealtruism.org,https://www.ycombinator.com/companies/the-centre-for-effective-altruism,yc_oss_current,false,publicly_sourced,datahive_cb_url,effective-altruism,https://www.crunchbase.com/organization/effective-altruism,,,0,false,false,false,false,false,false,false,false,false,false,,,,,,
1229,The Flex Company,the-flex-company,Summer 2016,Active,http://www.flexfits.com,https://www.ycombinator.com/companies/the-flex-company,yc_oss_current,false,publicly_sourced,datahive_cb_url,the-flex-company,https://www.crunchbase.com/organization/the-flex-company,,,0,false,false,false,false,false,false,false,false,false,false,,,,,,
29779,The Forecasting Company,the-forecasting-company,Summer 2024,Active,https://www.theforecastingcompany.com,https://www.ycombinator.com/companies/the-forecasting-company,yc_oss_current,false,publicly_sourced,datahive_cb_url,the-forecasting-company,https://www.crunchbase.com/organization/the-forecasting-company,,,0,false,false,false,false,false,false,false,false,false,false,,,,,,
1930,The Good Food Institute,the-good-food-institute,Summer 2018,Active,http://www.gfi.org,https://www.ycombinator.com/companies/the-good-food-institute,yc_oss_current,false,publicly_sourced,datahive_cb_url,good-food-institute,https://www.crunchbase.com/organization/good-food-institute,,,0,false,false,false,false,false,false,false,false,false,false,,,,,,
761,The Human Utility,the-human-utility,Winter 2015,Active,https://www.detroitwaterproject.org/,https://www.ycombinator.com/companies/the-human-utility,yc_oss_current,false,publicly_sourced,datahive_cb_url,the-human-utility,https://www.crunchbase.com/organization/the-human-utility,,,0,false,false,false,false,false,false,false,false,false,false,,,,,,
11932,The Juggernaut,the-juggernaut,Winter 2019,Active,https://www.thejuggernaut.com/,https://www.ycombinator.com/companies/the-juggernaut,yc_oss_current,false,publicly_sourced,datahive_cb_url,the-juggernaut,https://www.crunchbase.com/organization/the-juggernaut,,,0,false,false,false,false,false,false,false,false,false,false,,,,,,
10,The Muse,the-muse,Winter 2012,Inactive,http://themuse.com,https://www.ycombinator.com/companies/the-muse,yc_oss_current,false,publicly_sourced,datahive_cb_url,the-muse,https://www.crunchbase.com/organization/the-muse,,,0,false,false,false,false,false,false,false,false,false,false,,,,,,
949,The Ticket Fairy,the-ticket-fairy,Summer 2015,Active,https://www.ticketfairy.com/,https://www.ycombinator.com/companies/the-ticket-fairy,yc_oss_current,false,publicly_sourced,datahive_cb_url,the-ticket-fairy,https://www.crunchbase.com/organization/the-ticket-fairy,,,0,false,false,false,false,false,false,false,false,false,false,,,,,,
1702,Thematic,thematic,Summer 2017,Active,http://www.getthematic.com,https://www.ycombinator.com/companies/thematic,yc_oss_current,false,publicly_sourced,datahive_cb_url,thematic,https://www.crunchbase.com/organization/thematic,,,0,false,false,false,false,false,false,false,false,false,false,,,,,,
25849,Theneo,theneo,Winter 2022,Active,https://theneo.io,https://www.ycombinator.com/companies/theneo,yc_oss_current,false,publicly_sourced,datahive_cb_url,theneo,https://www.crunchbase.com/organization/theneo,,,0,false,false,false,false,false,false,false,false,false,false,,,,,,
611,Theorem,theorem,Winter 2014,Acquired,http://theoremlp.com,https://www.ycombinator.com/companies/theorem,yc_oss_current,false,publicly_sourced,datahive_cb_url,theorem-687d,https://www.crunchbase.com/organization/theorem-687d,,,0,false,false,false,false,false,false,false,false,false,false,,,,,,
24760,Therify,therify,Summer 2021,Active,https://www.therify.co/,https://www.ycombinator.com/companies/therify,yc_oss_current,false,publicly_sourced,datahive_cb_url,therify,https://www.crunchbase.com/organization/therify,,,0,false,false,false,false,false,false,false,false,false,false,,,,,,
854,ThinAir,thinair,Winter 2015,Inactive,http://thinair.com,https://www.ycombinator.com/companies/thinair,yc_oss_current,false,publicly_sourced,datahive_cb_url,thinair,https://www.crunchbase.com/organization/thinair,,,0,false,false,false,false,false,false,false,false,false,false,,,,,,
713,Think Gaming,think-gaming,Summer 2014,Inactive,http://thinkgaming.com,https://www.ycombinator.com/companies/think-gaming,yc_oss_current,false,publicly_sourced,datahive_cb_url,think-gaming,https://www.crunchbase.com/organization/think-gaming,,,0,false,false,false,false,false,false,false,false,false,false,,,,,,
13481,Thndr,thndr,Summer 2020,Active,http://www.thndr.app,https://www.ycombinator.com/companies/thndr,yc_oss_current,false,publicly_sourced,datahive_cb_url,thndr,https://www.crunchbase.com/organization/thndr,,,0,false,false,false,false,false,false,false,false,false,false,,,,,,
465,Thread,thread,Summer 2012,Inactive,http://thread.com,https://www.ycombinator.com/companies/thread,yc_oss_current,false,publicly_sourced,datahive_cb_url,thread-com,https://www.crunchbase.com/organization/thread-com,,,0,false,false,false,false,false,false,false,false,false,false,,,,,,
589,Threadable,threadable,Winter 2014,Inactive,http://threadable.com,https://www.ycombinator.com/companies/threadable,yc_oss_current,false,publicly_sourced,radema_cb_url,threadable,https://www.crunchbase.com/organization/threadable,,,0,false,false,false,false,false,false,false,false,false,false,,,,,,
11988,Thrive Agric,thrive-agric,Winter 2019,Active,https://www.thriveagric.com/,https://www.ycombinator.com/companies/thrive-agric,yc_oss_current,false,publicly_sourced,datahive_cb_url,thrive-agric,https://www.crunchbase.com/organization/thrive-agric,,,0,false,false,false,false,false,false,false,false,false,false,,,,,,
901,Thrive Agritech,thrive-agritech,Summer 2015,Active,http://www.thriveagritech.com,https://www.ycombinator.com/companies/thrive-agritech,yc_oss_current,false,publicly_sourced,datahive_cb_url,transcend-lighting,https://www.crunchbase.com/organization/transcend-lighting,,,0,false,false,false,false,false,false,false,false,false,false,,,,,,
29767,Thunder Compute,thunder-compute,Summer 2024,Active,https://www.thundercompute.com,https://www.ycombinator.com/companies/thunder-compute,yc_oss_current,false,publicly_sourced,datahive_cb_url,thunder-9b4c,https://www.crunchbase.com/organization/thunder-9b4c,,,0,false,false,false,false,false,false,false,false,false,false,,,,,,
13362,Thunderpod,thunderpod,Winter 2020,Inactive,https://www.thunderpod.com/,https://www.ycombinator.com/companies/thunderpod,yc_oss_current,false,publicly_sourced,datahive_cb_url,thunderpod,https://www.crunchbase.com/organization/thunderpod,,,0,false,false,false,false,false,false,false,false,false,false,,,,,,
1047,Thunkable,thunkable,Winter 2016,Active,http://thunkable.com,https://www.ycombinator.com/companies/thunkable,yc_oss_current,false,publicly_sourced,datahive_cb_url,thunkable,https://www.crunchbase.com/organization/thunkable,,,0,false,false,false,false,false,false,false,false,false,false,,,,,,
296,Ticket Stumbler,ticket-stumbler,Summer 2008,Inactive,http://ticketstumbler.com,https://www.ycombinator.com/companies/ticket-stumbler,yc_oss_current,false,publicly_sourced,datahive_cb_url,ticketstumbler,https://www.crunchbase.com/organization/ticketstumbler,,,0,false,false,false,false,false,false,false,false,false,false,,,,,,
13207,Tienda Crypto,tienda-crypto,Winter 2020,Active,https://www.tiendacrypto.com,https://www.ycombinator.com/companies/tienda-crypto,yc_oss_current,false,publicly_sourced,datahive_cb_url,tienda-dólar,https://www.crunchbase.com/organization/tienda-d%C3%B3lar,,,0,false,false,false,false,false,false,false,false,false,false,,,,,,
25267,TigerEye,tigereye,Summer 2022,Acquired,http://tigereye.com/,https://www.ycombinator.com/companies/tigereye,yc_oss_current,false,publicly_sourced,datahive_cb_url,tigereye-5bbd,https://www.crunchbase.com/organization/tigereye-5bbd,,,0,false,false,false,false,false,false,false,false,false,false,,,,,,
23053,Tilt,tilt-2,Winter 2021,Active,https://tilt.bike/,https://www.ycombinator.com/companies/tilt-2,yc_oss_current,false,publicly_sourced,datahive_cb_url,tilt-baca,https://www.crunchbase.com/organization/tilt-baca,,,0,false,false,false,false,false,false,false,false,false,false,,,,,,
1832,Tilt (f.k.a. Delphia),tilt-fka-delphia,Winter 2018,Active,http://tilt.io,https://www.ycombinator.com/companies/tilt-fka-delphia,yc_oss_current,false,publicly_sourced,datahive_cb_url,delphia,https://www.crunchbase.com/organization/delphia,,,0,false,false,false,false,false,false,false,false,false,false,,,,,,
30456,Tinfoil,tinfoil,Spring 2025,Active,https://tinfoil.sh,https://www.ycombinator.com/companies/tinfoil,yc_oss_current,false,publicly_sourced,datahive_cb_url,tinfoil,https://www.crunchbase.com/organization/tinfoil,,,0,false,false,false,false,false,false,false,false,false,false,,,,,,
1772,Tingles,tingles,Winter 2018,Inactive,https://www.gettingles.com,https://www.ycombinator.com/companies/tingles,yc_oss_current,false,publicly_sourced,datahive_cb_url,tingles,https://www.crunchbase.com/organization/tingles,,,0,false,false,false,false,false,false,false,false,false,false,,,,,,
716,Tinker,tinker,Summer 2014,Inactive,http://www.tinkercorp.com,https://www.ycombinator.com/companies/tinker,yc_oss_current,false,publicly_sourced,datahive_cb_url,tinker-2,https://www.crunchbase.com/organization/tinker-2,,,0,false,false,false,false,false,false,false,false,false,false,,,,,,
23064,Tint,tint,Winter 2021,Active,http://www.tint.ai,https://www.ycombinator.com/companies/tint,yc_oss_current,false,publicly_sourced,datahive_cb_url,tint-ai,https://www.crunchbase.com/organization/tint-ai,,,0,false,false,false,false,false,false,false,false,false,false,,,,,,
30075,Tiny,tiny,Fall 2024,Active,https://andtiny.com,https://www.ycombinator.com/companies/tiny,yc_oss_current,false,publicly_sourced,datahive_cb_url,tiny-6bbb,https://www.crunchbase.com/organization/tiny-6bbb,,,0,false,false,false,false,false,false,false,false,false,false,,,,,,
1756,Tipe,tipe,Winter 2018,Inactive,https://tipe.io,https://www.ycombinator.com/companies/tipe,yc_oss_current,false,publicly_sourced,datahive_cb_url,tipe,https://www.crunchbase.com/organization/tipe,,,0,false,false,false,false,false,false,false,false,false,false,,,,,,
316,Tipjoy,tipjoy,Winter 2008,Inactive,http://tipjoy.com,https://www.ycombinator.com/companies/tipjoy,yc_oss_current,false,publicly_sourced,datahive_cb_url,tipjoy,https://www.crunchbase.com/organization/tipjoy,,,0,false,false,false,false,false,false,false,false,false,false,,,,,,
29079,Tiptap,tiptap,Summer 2023,Active,https://tiptap.dev/,https://www.ycombinator.com/companies/tiptap,yc_oss_current,false,publicly_sourced,datahive_cb_url,tiptap-75b3,https://www.crunchbase.com/organization/tiptap-75b3,,,0,false,false,false,false,false,false,false,false,false,false,,,,,,
30290,Tire Swing,tire-swing,Winter 2025,Active,https://gettireswing.com,https://www.ycombinator.com/companies/tire-swing,yc_oss_current,false,publicly_sourced,datahive_cb_url,tire-swing,https://www.crunchbase.com/organization/tire-swing,,,0,false,false,false,false,false,false,false,false,false,false,,,,,,
24271,Tiriel AI,tiriel-ai,Summer 2021,Active,https://tiriel.ai,https://www.ycombinator.com/companies/tiriel-ai,yc_oss_current,false,publicly_sourced,datahive_cb_url,trackchain,https://www.crunchbase.com/organization/trackchain,,,0,false,false,false,false,false,false,false,false,false,false,,,,,,
1914,Titan,titan,Summer 2018,Active,http://www.titan.com,https://www.ycombinator.com/companies/titan,yc_oss_current,false,publicly_sourced,datahive_cb_url,titan,https://www.crunchbase.com/organization/titan,,,0,false,false,false,false,false,false,false,false,false,false,,,,,,
1442,Tizeti,tizeti,Winter 2017,Active,http://www.tizeti.com,https://www.ycombinator.com/companies/tizeti,yc_oss_current,false,publicly_sourced,datahive_cb_url,tizeti,https://www.crunchbase.com/organization/tizeti,,,0,false,false,false,false,false,false,false,false,false,false,,,,,,
22303,Todos Comemos,todos-comemos,Summer 2020,Active,https://todoscomemos.com,https://www.ycombinator.com/companies/todos-comemos,yc_oss_current,false,publicly_sourced,datahive_cb_url,todos-comemos,https://www.crunchbase.com/organization/todos-comemos,,,0,false,false,false,false,false,false,false,false,false,false,,,,,,
1488,Token Transit,token-transit,Winter 2017,Active,https://tokentransit.com,https://www.ycombinator.com/companies/token-transit,yc_oss_current,false,publicly_sourced,datahive_cb_url,token-transit,https://www.crunchbase.com/organization/token-transit,,,0,false,false,false,false,false,false,false,false,false,false,,,,,,
386,TomoGuides,tomoguides,Summer 2012,Inactive,http://tomoguides.com,https://www.ycombinator.com/companies/tomoguides,yc_oss_current,false,publicly_sourced,datahive_cb_url,tomoguides,https://www.crunchbase.com/organization/tomoguides,,,0,false,false,false,false,false,false,false,false,false,false,,,,,,
22854,Topkey,topkey,Winter 2021,Active,https://www.topkey.io/,https://www.ycombinator.com/companies/topkey,yc_oss_current,false,publicly_sourced,datahive_cb_url,topkey,https://www.crunchbase.com/organization/topkey,,,0,false,false,false,false,false,false,false,false,false,false,,,,,,
22991,Topline Pro,topline-pro,Winter 2021,Active,https://www.toplinepro.com,https://www.ycombinator.com/companies/topline-pro,yc_oss_current,false,publicly_sourced,datahive_cb_url,prophone,https://www.crunchbase.com/organization/prophone,,,0,false,false,false,false,false,false,false,false,false,false,,,,,,
29301,Topo,topo,Winter 2024,Active,https://www.topo.io/,https://www.ycombinator.com/companies/topo,yc_oss_current,false,publicly_sourced,datahive_cb_url,topo-io,https://www.crunchbase.com/organization/topo-io,,,0,false,false,false,false,false,false,false,false,false,false,,,,,,
25935,Topship,topship,Winter 2022,Active,https://topship.africa/,https://www.ycombinator.com/companies/topship,yc_oss_current,false,publicly_sourced,datahive_cb_url,topship,https://www.crunchbase.com/organization/topship,,,0,false,false,false,false,false,false,false,false,false,false,,,,confirmed,https://www.crunchbase.com/organization/topship,Name and topship.africa domain match
1728,Torch,torch,Winter 2018,Inactive,https://torch.io/,https://www.ycombinator.com/companies/torch,yc_oss_current,false,publicly_sourced,datahive_cb_url,torch,https://www.crunchbase.com/organization/torch,,,0,false,false,false,false,false,false,false,false,false,false,,,,,,
989,Tovala,tovala,Winter 2016,Active,http://www.tovala.com,https://www.ycombinator.com/companies/tovala,yc_oss_current,false,publicly_sourced,datahive_cb_url,tovala,https://www.crunchbase.com/organization/tovala,,,0,false,false,false,false,false,false,false,false,false,false,,,,,,
1001,Toymail,toymail,Winter 2016,Inactive,http://www.toymail.co,https://www.ycombinator.com/companies/toymail,yc_oss_current,false,publicly_sourced,datahive_cb_url,toymail-co-,https://www.crunchbase.com/organization/toymail-co-,,,0,false,false,false,false,false,false,false,false,false,false,,,,,,
1647,tpaga,tpaga,Summer 2017,Active,https://tpaga.co/,https://www.ycombinator.com/companies/tpaga,yc_oss_current,false,publicly_sourced,datahive_cb_url,tpaga,https://www.crunchbase.com/organization/tpaga,,,0,false,false,false,false,false,false,false,false,false,false,,,,,,
1059,TRAC,trac,Winter 2016,Inactive,https://www.tracchicago.com,https://www.ycombinator.com/companies/trac,yc_oss_current,false,publicly_sourced,datahive_cb_url,trac,https://www.crunchbase.com/organization/trac,,,0,false,false,false,false,false,false,false,false,false,false,,,,,,
29246,Tracecat,tracecat,Winter 2024,Active,https://tracecat.com,https://www.ycombinator.com/companies/tracecat,yc_oss_current,false,publicly_sourced,datahive_cb_url,tracecat,https://www.crunchbase.com/organization/tracecat,,,0,false,false,false,false,false,false,false,false,false,false,,,,,,
30610,TraceRoot.AI,traceroot-ai,Summer 2025,Active,https://traceroot.ai,https://www.ycombinator.com/companies/traceroot-ai,yc_oss_current,false,publicly_sourced,datahive_cb_url,traceroot,https://www.crunchbase.com/organization/traceroot,,,0,false,false,false,false,false,false,false,false,false,false,,,,,,
23017,Tractian,tractian,Winter 2021,Active,https://tractian.com,https://www.ycombinator.com/companies/tractian,yc_oss_current,false,publicly_sourced,datahive_cb_url,tractian,https://www.crunchbase.com/organization/tractian,,,0,false,false,false,false,false,false,false,false,false,false,,,,,,
1439,Trade,trade,Winter 2017,Inactive,http://www.tradeghana.co,https://www.ycombinator.com/companies/trade,yc_oss_current,false,publicly_sourced,datahive_cb_url,trade,https://www.crunchbase.com/organization/trade,,,0,false,false,false,false,false,false,false,false,false,false,,,,,,
1768,Tradewind BioScience,tradewind-bioscience,Winter 2018,Active,https://www.tradewindbio.com,https://www.ycombinator.com/companies/tradewind-bioscience,yc_oss_current,false,publicly_sourced,datahive_cb_url,tradewind-bioscience,https://www.crunchbase.com/organization/tradewind-bioscience,,,0,false,false,false,false,false,false,false,false,false,false,,,,,,
480,Trainzen,trainzen,Winter 2013,Inactive,http://terascore.com,https://www.ycombinator.com/companies/trainzen,yc_oss_current,false,publicly_sourced,datahive_cb_url,terascore,https://www.crunchbase.com/organization/terascore,,,0,false,false,false,false,false,false,false,false,false,false,,,,,,
26764,Tranch,tranch,Summer 2022,Acquired,https://tranch.com,https://www.ycombinator.com/companies/tranch,yc_oss_current,false,publicly_sourced,datahive_cb_url,tranch,https://www.crunchbase.com/organization/tranch,,,0,false,false,false,false,false,false,false,false,false,false,,,,,,
12839,Tranqui Finanzas,tranqui-finanzas,Summer 2019,Active,https://tranquifinanzas.com/,https://www.ycombinator.com/companies/tranqui-finanzas,yc_oss_current,false,publicly_sourced,datahive_cb_url,tranqui,https://www.crunchbase.com/organization/tranqui,,,0,false,false,false,false,false,false,false,false,false,false,,,,,,
835,Transcriptic,transcriptic,Winter 2015,Inactive,http://transcriptic.com,https://www.ycombinator.com/companies/transcriptic,yc_oss_current,false,publicly_sourced,datahive_cb_url,transcriptic,https://www.crunchbase.com/organization/transcriptic,,,0,false,false,false,false,false,false,false,false,false,false,,,,,,
940,Traversal Networks,traversal-networks,Summer 2015,Inactive,http://traversalnetworks.com,https://www.ycombinator.com/companies/traversal-networks,yc_oss_current,false,publicly_sourced,datahive_cb_url,traversal-networks,https://www.crunchbase.com/organization/traversal-networks,,,0,false,false,false,false,false,false,false,false,false,false,,,,,,
12092,Traverse Technologies,traverse-technologies,Winter 2019,Inactive,https://traverse.ai,https://www.ycombinator.com/companies/traverse-technologies,yc_oss_current,false,publicly_sourced,datahive_cb_url,traverse-technologies,https://www.crunchbase.com/organization/traverse-technologies,,,0,false,false,false,false,false,false,false,false,false,false,,,,,,
1810,Treasury Prime,treasury-prime,Winter 2018,Active,https://treasuryprime.com,https://www.ycombinator.com/companies/treasury-prime,yc_oss_current,false,publicly_sourced,datahive_cb_url,treasury-prime,https://www.crunchbase.com/organization/treasury-prime,,,0,false,false,false,false,false,false,false,false,false,false,,,,,,
12855,treble.ai,treble-ai,Summer 2019,Active,https://treble.ai,https://www.ycombinator.com/companies/treble-ai,yc_oss_current,false,publicly_sourced,datahive_cb_url,treble-ai,https://www.crunchbase.com/organization/treble-ai,,,0,false,false,false,false,false,false,false,false,false,false,,,,,,
23357,Treinta,treinta,Winter 2021,Active,https://www.treinta.co,https://www.ycombinator.com/companies/treinta,yc_oss_current,false,publicly_sourced,datahive_cb_url,treinta,https://www.crunchbase.com/organization/treinta,,,0,false,false,false,false,false,false,false,false,false,false,,,,,,
22952,Trela,trela,Winter 2021,Active,https://www.trela.com.br,https://www.ycombinator.com/companies/trela,yc_oss_current,false,publicly_sourced,datahive_cb_url,zapt-176b,https://www.crunchbase.com/organization/zapt-176b,,,0,false,false,false,false,false,false,false,false,false,false,,,,,,
12836,Trella,trella,Summer 2019,Active,https://www.trella.app/,https://www.ycombinator.com/companies/trella,yc_oss_current,false,publicly_sourced,datahive_cb_url,trella,https://www.crunchbase.com/organization/trella,,,0,false,false,false,false,false,false,false,false,false,false,,,,,,
149,Tremendous,tremendous,Winter 2011,Active,https://www.tremendous.com,https://www.ycombinator.com/companies/tremendous,yc_oss_current,false,publicly_sourced,datahive_cb_url,tremendous,https://www.crunchbase.com/organization/tremendous,,,0,false,false,false,false,false,false,false,false,false,false,,,,,,
22968,Trendpop,trendpop,Winter 2021,Acquired,http://trendpop.com,https://www.ycombinator.com/companies/trendpop,yc_oss_current,false,publicly_sourced,datahive_cb_url,trendpop,https://www.crunchbase.com/organization/trendpop,,,0,false,false,false,false,false,false,false,false,false,false,,,,,,
1474,Tress,tress,Winter 2017,Inactive,https://www.tressapp.co,https://www.ycombinator.com/companies/tress,yc_oss_current,false,publicly_sourced,datahive_cb_url,tress,https://www.crunchbase.com/organization/tress,,,0,false,false,false,false,false,false,false,false,false,false,,,,,,
11922,Trexo Robotics,trexo-robotics,Winter 2019,Active,http://trexorobotics.com,https://www.ycombinator.com/companies/trexo-robotics,yc_oss_current,false,publicly_sourced,radema_cb_url,trexo-robotics,https://www.crunchbase.com/organization/trexo-robotics,,,0,false,false,false,false,false,false,false,false,false,false,,,,confirmed,https://www.crunchbase.com/organization/trexo-robotics,Name and trexorobotics.com domain match
1798,Tributi,tributi,Winter 2018,Active,http://tributi.com,https://www.ycombinator.com/companies/tributi,yc_oss_current,false,publicly_sourced,datahive_cb_url,tributi,https://www.crunchbase.com/organization/tributi,,,0,false,false,false,false,false,false,false,false,false,false,,,,,,
303,Trigger,trigger,Winter 2008,Inactive,http://trigger.io,https://www.ycombinator.com/companies/trigger,yc_oss_current,false,publicly_sourced,datahive_cb_url,trigger-io,https://www.crunchbase.com/organization/trigger-io,,,0,false,false,false,false,false,false,false,false,false,false,,,,,,
24168,trii,trii,Summer 2021,Active,https://trii.co,https://www.ycombinator.com/companies/trii,yc_oss_current,false,publicly_sourced,datahive_cb_url,trii,https://www.crunchbase.com/organization/trii,,,0,false,false,false,false,false,false,false,false,false,false,,,,,,
860,Triplebyte,triplebyte,Summer 2015,Acquired,https://triplebyte.com,https://www.ycombinator.com/companies/triplebyte,yc_oss_current,false,publicly_sourced,datahive_cb_url,triplebyte,https://www.crunchbase.com/organization/triplebyte,,,0,false,false,false,false,false,false,false,false,false,false,,,,,,
12608,TRM Labs,trm-labs,Summer 2019,Active,https://trmlabs.com/,https://www.ycombinator.com/companies/trm-labs,yc_oss_current,false,publicly_sourced,datahive_cb_url,trm-labs,https://www.crunchbase.com/organization/trm-labs,,,0,false,false,false,false,false,false,false,false,false,false,,,,,,
563,True Link,true-link,Summer 2013,Active,https://www.truelinkfinancial.com/,https://www.ycombinator.com/companies/true-link,yc_oss_current,false,publicly_sourced,datahive_cb_url,true-link-financial,https://www.crunchbase.com/organization/true-link-financial,,,0,false,false,false,false,false,false,false,false,false,false,,,,,,
1005,Truebill,truebill,Winter 2016,Acquired,https://www.truebill.com,https://www.ycombinator.com/companies/truebill,yc_oss_current,false,publicly_sourced,datahive_cb_url,truebill,https://www.crunchbase.com/organization/truebill,,,0,false,false,false,false,false,false,false,false,false,false,,,,,,
1635,Truepill,truepill,Summer 2017,Acquired,https://truepill.com/,https://www.ycombinator.com/companies/truepill,yc_oss_current,false,publicly_sourced,radema_cb_url,truepill,https://www.crunchbase.com/organization/truepill,,,0,false,false,false,false,false,false,false,false,false,false,,,,confirmed,https://www.crunchbase.com/organization/truepill,Name and truepill.com domain match
628,TrueVault,truevault,Winter 2014,Active,https://www.truevault.com,https://www.ycombinator.com/companies/truevault,yc_oss_current,false,publicly_sourced,datahive_cb_url,truevault,https://www.crunchbase.com/organization/truevault,,,0,false,false,false,false,false,false,false,false,false,false,,,,,,
12282,Truora,truora,Winter 2019,Active,https://www.truora.com/,https://www.ycombinator.com/companies/truora,yc_oss_current,false,publicly_sourced,datahive_cb_url,truora,https://www.crunchbase.com/organization/truora,,,0,false,false,false,false,false,false,false,false,false,false,,,,,,
24347,Truss,truss,Summer 2021,Active,https://trusspayments.com,https://www.ycombinator.com/companies/truss,yc_oss_current,false,publicly_sourced,datahive_cb_url,divdot,https://www.crunchbase.com/organization/divdot,,,0,false,false,false,false,false,false,false,false,false,false,,,,,,
26067,Trusty,trusty,Winter 2022,Active,https://trustyhomes.com/,https://www.ycombinator.com/companies/trusty,yc_oss_current,false,publicly_sourced,datahive_cb_url,trusty-d818,https://www.crunchbase.com/organization/trusty-d818,,,0,false,false,false,false,false,false,false,false,false,false,,,,,,
345,Tsumobi,tsumobi,Winter 2007,Inactive,http://tsumobi.com,https://www.ycombinator.com/companies/tsumobi,yc_oss_current,false,publicly_sourced,datahive_cb_url,tsumobi,https://www.crunchbase.com/organization/tsumobi,,,0,false,false,false,false,false,false,false,false,false,false,,,,,,
717,Tule,tule,Summer 2014,Acquired,http://tuletechnologies.com,https://www.ycombinator.com/companies/tule,yc_oss_current,false,publicly_sourced,datahive_cb_url,tule,https://www.crunchbase.com/organization/tule,,,0,false,false,false,false,false,false,false,false,false,false,,,,,,
141,Tumult,tumult,Winter 2011,Active,https://tumult.com,https://www.ycombinator.com/companies/tumult,yc_oss_current,false,publicly_sourced,datahive_cb_url,tumult-inc,https://www.crunchbase.com/organization/tumult-inc,,,0,false,false,false,false,false,false,false,false,false,false,,,,confirmed,https://www.crunchbase.com/organization/tumult-inc,Name and tumult.com domain match
23457,Turing College,turing-college,Winter 2021,Active,https://www.turingcollege.com/,https://www.ycombinator.com/companies/turing-college,yc_oss_current,false,publicly_sourced,datahive_cb_url,turing-college,https://www.crunchbase.com/organization/turing-college,,,0,false,false,false,false,false,false,false,false,false,false,,,,,,
29310,Tusk,tusk,Winter 2024,Acquired,https://usetusk.ai,https://www.ycombinator.com/companies/tusk,yc_oss_current,false,publicly_sourced,datahive_cb_url,tusk-5ac6,https://www.crunchbase.com/organization/tusk-5ac6,,,0,false,false,false,false,false,false,false,false,false,false,,,,,,
163,Tutorspree,tutorspree,Winter 2011,Inactive,http://tutorspree.com,https://www.ycombinator.com/companies/tutorspree,yc_oss_current,false,publicly_sourced,datahive_cb_url,tutorspree,https://www.crunchbase.com/organization/tutorspree,,,0,false,false,false,false,false,false,false,false,false,false,,,,,,
29117,Twine,twine,Summer 2023,Active,http://www.usetwine.com,https://www.ycombinator.com/companies/twine,yc_oss_current,false,publicly_sourced,datahive_cb_url,twine-e85f,https://www.crunchbase.com/organization/twine-e85f,,,0,false,false,false,false,false,false,false,false,false,false,,,,,,
383,Twitch,twitch,Winter 2007,Acquired,http://twitch.com,https://www.ycombinator.com/companies/twitch,yc_oss_current,false,publicly_sourced,datahive_cb_url,twitch,https://www.crunchbase.com/organization/twitch,,,0,false,false,false,false,false,false,false,false,false,false,,,,,,
575,Two Tap,two-tap,Winter 2014,Acquired,http://twotap.com,https://www.ycombinator.com/companies/two-tap,yc_oss_current,false,publicly_sourced,radema_cb_url,two-tap,https://www.crunchbase.com/organization/two-tap,,,0,false,false,false,false,false,false,false,false,false,false,,,,,,
25286,TYBR Health,tybr-health,Winter 2022,Active,https://www.tybrhealth.com/,https://www.ycombinator.com/companies/tybr-health,yc_oss_current,false,publicly_sourced,datahive_cb_url,tybr-health,https://www.crunchbase.com/organization/tybr-health,,,0,false,false,false,false,false,false,false,false,false,false,,,,,,
13238,Typedream,typedream,Winter 2020,Acquired,https://typedream.com/,https://www.ycombinator.com/companies/typedream,yc_oss_current,false,publicly_sourced,datahive_cb_url,typedream,https://www.crunchbase.com/organization/typedream,,,0,false,false,false,false,false,false,false,false,false,false,,,,,,
26859,Typewise,typewise,Summer 2022,Active,https://typewise.app,https://www.ycombinator.com/companies/typewise,yc_oss_current,false,publicly_sourced,datahive_cb_url,typewise,https://www.crunchbase.com/organization/typewise,,,0,false,false,false,false,false,false,false,false,false,false,,,,,,
1301,Ubiq,ubiq,Summer 2016,Inactive,https://www.goubiq.com,https://www.ycombinator.com/companies/ubiq,yc_oss_current,false,publicly_sourced,datahive_cb_url,ubiq-2,https://www.crunchbase.com/organization/ubiq-2,,,0,false,false,false,false,false,false,false,false,false,false,,,,,,
1959,UBITS,ubits,Summer 2018,Active,http://ubits.com,https://www.ycombinator.com/companies/ubits,yc_oss_current,false,publicly_sourced,datahive_cb_url,ubits,https://www.crunchbase.com/organization/ubits,,,0,false,false,false,false,false,false,false,false,false,false,,,,,,
23370,Uiflow,uiflow,Winter 2021,Acquired,https://www.ycombinator.com/companies/uiflow,https://www.ycombinator.com/companies/uiflow,yc_oss_current,false,publicly_sourced,datahive_cb_url,uiflow,https://www.crunchbase.com/organization/uiflow,,,0,false,false,false,false,false,false,false,false,false,false,,,,,,
11946,Ultralight,ultralight,Winter 2019,Active,https://ultralig.ht,https://www.ycombinator.com/companies/ultralight,yc_oss_current,false,publicly_sourced,datahive_cb_url,ultralight,https://www.crunchbase.com/organization/ultralight,,,0,false,false,false,false,false,false,false,false,false,false,,,,,,
640,Unbabel,unbabel,Winter 2014,Acquired,http://unbabel.com,https://www.ycombinator.com/companies/unbabel,yc_oss_current,false,publicly_sourced,datahive_cb_url,unbabel,https://www.crunchbase.com/organization/unbabel,,,0,false,false,false,false,false,false,false,false,false,false,,,,,,
795,Underground Cellar,underground-cellar,Winter 2015,Inactive,http://undergroundcellar.com,https://www.ycombinator.com/companies/underground-cellar,yc_oss_current,false,publicly_sourced,datahive_cb_url,underground-cellar,https://www.crunchbase.com/organization/underground-cellar,,,0,false,false,false,false,false,false,false,false,false,false,,,,,,
629,Unicornly,unicornly,Winter 2014,Inactive,https://unicorn.ly,https://www.ycombinator.com/companies/unicornly,yc_oss_current,false,publicly_sourced,radema_cb_url,unicornly,https://www.crunchbase.com/organization/unicornly,,,0,false,false,false,false,false,false,false,false,false,false,,,,,,
26837,Unify,unify,Winter 2023,Active,https://unify.ai,https://www.ycombinator.com/companies/unify,yc_oss_current,false,publicly_sourced,datahive_cb_url,unify-ai,https://www.crunchbase.com/organization/unify-ai,,,0,false,false,false,false,false,false,false,false,false,false,,,,,,
1023,Unima,unima,Winter 2016,Inactive,http://www.unimadx.com,https://www.ycombinator.com/companies/unima,yc_oss_current,false,publicly_sourced,datahive_cb_url,unima,https://www.crunchbase.com/organization/unima,,,0,false,false,false,false,false,false,false,false,false,false,,,,,,
12387,Union Apartment,union-apartment,Winter 2019,Inactive,http://www.unionapt.live,https://www.ycombinator.com/companies/union-apartment,yc_oss_current,false,publicly_sourced,datahive_cb_url,union-apartment,https://www.crunchbase.com/organization/union-apartment,,,0,false,false,false,false,false,false,false,false,false,false,,,,,,
28008,Univerbal,univerbal,Winter 2023,Active,https://univerbal.app,https://www.ycombinator.com/companies/univerbal,yc_oss_current,false,publicly_sourced,datahive_cb_url,quazel,https://www.crunchbase.com/organization/quazel,,,0,false,false,false,false,false,false,false,false,false,false,,,,,,
1808,Universe,universe,Winter 2018,Active,http://onuniverse.com,https://www.ycombinator.com/companies/universe,yc_oss_current,false,publicly_sourced,datahive_cb_url,universe-2,https://www.crunchbase.com/organization/universe-2,,,0,false,false,false,false,false,false,false,false,false,false,,,,,,
1075,Unnyhog,unnyhog,Winter 2016,Inactive,http://unnyhog.com,https://www.ycombinator.com/companies/unnyhog,yc_oss_current,false,publicly_sourced,datahive_cb_url,unnyhog,https://www.crunchbase.com/organization/unnyhog,,,0,false,false,false,false,false,false,false,false,false,false,,,,,,
25958,Unsaddl,unsaddl,Winter 2022,Acquired,http://unsaddl.com,https://www.ycombinator.com/companies/unsaddl,yc_oss_current,false,publicly_sourced,datahive_cb_url,unsaddl,https://www.crunchbase.com/organization/unsaddl,,,0,false,false,false,false,false,false,false,false,false,false,,,,,,
23054,Unschool,unschool,Winter 2021,Active,https://www.unschool.in/,https://www.ycombinator.com/companies/unschool,yc_oss_current,false,publicly_sourced,datahive_cb_url,mr-d389,https://www.crunchbase.com/organization/mr-d389,,,0,false,false,false,false,false,false,false,false,false,false,,,,,,
29633,Unsloth AI,unsloth-ai,Summer 2024,Active,https://unsloth.ai/,https://www.ycombinator.com/companies/unsloth-ai,yc_oss_current,false,publicly_sourced,datahive_cb_url,unsloth-ai,https://www.crunchbase.com/organization/unsloth-ai,,,0,false,false,false,false,false,false,false,false,false,false,,,,,,
23073,unSurvey,unsurvey,Winter 2021,Acquired,http://www.unsurvey.ai,https://www.ycombinator.com/companies/unsurvey,yc_oss_current,false,publicly_sourced,radema_cb_url,corrily,https://www.crunchbase.com/organization/corrily,,,0,false,false,false,false,false,false,false,false,false,false,,,,,,
27051,Unthread,unthread,Summer 2022,Active,https://unthread.io,https://www.ycombinator.com/companies/unthread,yc_oss_current,false,publicly_sourced,datahive_cb_url,unthread,https://www.crunchbase.com/organization/unthread,,,0,false,false,false,false,false,false,false,false,false,false,,,,,,
738,Unwind Me,unwind-me,Summer 2014,Acquired,http://unwind.me,https://www.ycombinator.com/companies/unwind-me,yc_oss_current,false,publicly_sourced,datahive_cb_url,unwind-me,https://www.crunchbase.com/organization/unwind-me,,,0,false,false,false,false,false,false,false,false,false,false,,,,,,
25517,UpBanx,upbanx,Winter 2022,Active,http://UpBanx.com,https://www.ycombinator.com/companies/upbanx,yc_oss_current,false,publicly_sourced,datahive_cb_url,upbanx,https://www.crunchbase.com/organization/upbanx,,,0,false,false,false,false,false,false,false,false,false,false,,,,,,
195,Upbeat,upbeat,Summer 2010,Inactive,https://www.upbeatpr.com/,https://www.ycombinator.com/companies/upbeat,yc_oss_current,false,publicly_sourced,datahive_cb_url,prx-co,https://www.crunchbase.com/organization/prx-co,,,0,false,false,false,false,false,false,false,false,false,false,,,,,,
1473,Upcall,upcall,Winter 2017,Active,https://www.upcall.com,https://www.ycombinator.com/companies/upcall,yc_oss_current,false,publicly_sourced,datahive_cb_url,upcall,https://www.crunchbase.com/organization/upcall,,,0,false,false,false,false,false,false,false,false,false,false,,,,,,
1602,UpCodes,upcodes,Summer 2017,Active,https://up.codes/,https://www.ycombinator.com/companies/upcodes,yc_oss_current,false,publicly_sourced,datahive_cb_url,upcodes,https://www.crunchbase.com/organization/upcodes,,,0,false,false,false,false,false,false,false,false,false,false,,,,,,
12625,UpEquity,upequity,Summer 2019,Active,http://www.upequity.com,https://www.ycombinator.com/companies/upequity,yc_oss_current,false,publicly_sourced,datahive_cb_url,upequity,https://www.crunchbase.com/organization/upequity,,,0,false,false,false,false,false,false,false,false,false,false,,,,,,
13333,Upflow,upflow,Winter 2020,Active,https://upflow.io/en/,https://www.ycombinator.com/companies/upflow,yc_oss_current,false,publicly_sourced,datahive_cb_url,upflow,https://www.crunchbase.com/organization/upflow,,,0,false,false,false,false,false,false,false,false,false,false,,,,,,
1630,Upfort,upfort,Summer 2017,Active,https://www.upfort.com,https://www.ycombinator.com/companies/upfort,yc_oss_current,false,publicly_sourced,datahive_cb_url,paladin-cyber,https://www.crunchbase.com/organization/paladin-cyber,,,0,false,false,false,false,false,false,false,false,false,false,,,,,,
1202,Upgraded,upgraded,Summer 2016,Active,http://getupgraded.com,https://www.ycombinator.com/companies/upgraded,yc_oss_current,false,publicly_sourced,datahive_cb_url,upgraded-technologies,https://www.crunchbase.com/organization/upgraded-technologies,,,0,false,false,false,false,false,false,false,false,false,false,,,,,,
1541,UpKeep,upkeep,Winter 2017,Acquired,https://www.upkeep.com/,https://www.ycombinator.com/companies/upkeep,yc_oss_current,false,publicly_sourced,datahive_cb_url,upkeep-maintenance-management,https://www.crunchbase.com/organization/upkeep-maintenance-management,,,0,false,false,false,false,false,false,false,false,false,false,,,,,,
1002,UpLabs,uplabs,Winter 2016,Inactive,https://www.uplabs.com,https://www.ycombinator.com/companies/uplabs,yc_oss_current,false,publicly_sourced,datahive_cb_url,materialup,https://www.crunchbase.com/organization/materialup,,,0,false,false,false,false,false,false,false,false,false,false,,,,,,
12095,Upsolve,upsolve,Winter 2019,Active,https://upsolve.org/learn/should-i-file-for-chapter-7-bankruptcy/,https://www.ycombinator.com/companies/upsolve,yc_oss_current,false,publicly_sourced,datahive_cb_url,prudence-lasb,https://www.crunchbase.com/organization/prudence-lasb,,,0,false,false,false,false,false,false,false,false,false,false,,,,,,
29182,Upsolve AI,upsolve-ai,Winter 2024,Active,https://upsolve.ai/,https://www.ycombinator.com/companies/upsolve-ai,yc_oss_current,false,publicly_sourced,datahive_cb_url,upsolve,https://www.crunchbase.com/organization/upsolve,,,0,false,false,false,false,false,false,false,false,false,false,,,,,,
133,Upverter,upverter,Winter 2011,Acquired,http://upverter.com,https://www.ycombinator.com/companies/upverter,yc_oss_current,false,publicly_sourced,datahive_cb_url,upverter,https://www.crunchbase.com/organization/upverter,,,0,false,false,false,false,false,false,false,false,false,false,,,,,,
13346,UrbanKisaan,urbankisaan,Winter 2020,Active,https://www.urbankisaan.com,https://www.ycombinator.com/companies/urbankisaan,yc_oss_current,false,publicly_sourced,datahive_cb_url,urbankisaan,https://www.crunchbase.com/organization/urbankisaan,,,0,false,false,false,false,false,false,false,false,false,false,,,,,,
1074,UroDev Medical,urodev-medical,Winter 2016,Acquired,https://www.urodevmedical.com/,https://www.ycombinator.com/companies/urodev-medical,yc_oss_current,false,publicly_sourced,datahive_cb_url,spinal-singularity,https://www.crunchbase.com/organization/spinal-singularity,,,0,false,false,false,false,false,false,false,false,false,false,,,,,,
518,URX,urx,Summer 2013,Acquired,http://urx.com,https://www.ycombinator.com/companies/urx,yc_oss_current,false,publicly_sourced,datahive_cb_url,urx,https://www.crunchbase.com/organization/urx,,,0,false,false,false,false,false,false,false,false,false,false,,,,,,
1890,User Hero,user-hero,Summer 2018,Inactive,https://www.userhero.io,https://www.ycombinator.com/companies/user-hero,yc_oss_current,false,publicly_sourced,datahive_cb_url,user-hero,https://www.crunchbase.com/organization/user-hero,,,0,false,false,false,false,false,false,false,false,false,false,,,,,,
129,Userfox,userfox,Winter 2011,Inactive,http://userfox.com,https://www.ycombinator.com/companies/userfox,yc_oss_current,false,publicly_sourced,datahive_cb_url,userfox,https://www.crunchbase.com/organization/userfox,,,0,false,false,false,false,false,false,false,false,false,false,,,,,,
703,UserGems,usergems,Summer 2014,Active,https://www.usergems.com,https://www.ycombinator.com/companies/usergems,yc_oss_current,false,publicly_sourced,datahive_cb_url,usergems,https://www.crunchbase.com/organization/usergems,,,0,false,false,false,false,false,false,false,false,false,false,,,,,,
29849,Usul,usul,Summer 2024,Active,https://www.usul.com,https://www.ycombinator.com/companies/usul,yc_oss_current,false,publicly_sourced,datahive_cb_url,usul,https://www.crunchbase.com/organization/usul,,,0,false,false,false,false,false,false,false,false,false,false,,,,,,
1275,Validere,validere,Summer 2016,Active,http://validere.com,https://www.ycombinator.com/companies/validere,yc_oss_current,false,publicly_sourced,datahive_cb_url,validere-technologies,https://www.crunchbase.com/organization/validere-technologies,,,0,false,false,false,false,false,false,false,false,false,false,,,,,,
13486,Valienta,valienta,Winter 2020,Inactive,https://valienta.com,https://www.ycombinator.com/companies/valienta,yc_oss_current,false,publicly_sourced,datahive_cb_url,valienta,https://www.crunchbase.com/organization/valienta,,,0,false,false,false,false,false,false,false,false,false,false,,,,,,
12083,Valo,valo,Winter 2019,Active,https://boundarylayer.tech,https://www.ycombinator.com/companies/valo,yc_oss_current,false,publicly_sourced,datahive_cb_url,boundary-layer-technologies,https://www.crunchbase.com/organization/boundary-layer-technologies,,,0,false,false,false,false,false,false,false,false,false,false,,,,,,
836,Valor Water Analytics,valor-water-analytics,Winter 2015,Acquired,http://valorwater.com,https://www.ycombinator.com/companies/valor-water-analytics,yc_oss_current,false,publicly_sourced,datahive_cb_url,valor-water-analytics,https://www.crunchbase.com/organization/valor-water-analytics,,,0,false,false,false,false,false,false,false,false,false,false,,,,,,
1622,Value Voting,value-voting,Summer 2017,Inactive,https://www.valuevoting.com,https://www.ycombinator.com/companies/value-voting,yc_oss_current,false,publicly_sourced,datahive_cb_url,value-voting,https://www.crunchbase.com/organization/value-voting,,,0,false,false,false,false,false,false,false,false,false,false,,,,,,
1477,VanGo,vango,Winter 2017,Inactive,https://www.ridevango.com,https://www.ycombinator.com/companies/vango,yc_oss_current,false,publicly_sourced,datahive_cb_url,claire,https://www.crunchbase.com/organization/claire,,,0,false,false,false,false,false,false,false,false,false,false,,,,,,
837,Vanhawks,vanhawks,Winter 2015,Acquired,http://vanhawks.com,https://www.ycombinator.com/companies/vanhawks,yc_oss_current,false,publicly_sourced,datahive_cb_url,vanhawks,https://www.crunchbase.com/organization/vanhawks,,,0,false,false,false,false,false,false,false,false,false,false,,,,,,
1781,Vanta,vanta,Winter 2018,Active,https://vanta.com,https://www.ycombinator.com/companies/vanta,yc_oss_current,false,publicly_sourced,datahive_cb_url,vanta,https://www.crunchbase.com/organization/vanta,,,0,false,false,false,false,false,false,false,false,false,false,,,,,,
25322,VantedgeAI,vantedgeai,Winter 2022,Active,https://www.vantedgeai.com/,https://www.ycombinator.com/companies/vantedgeai,yc_oss_current,false,publicly_sourced,datahive_cb_url,8vdx,https://www.crunchbase.com/organization/8vdx,,,0,false,false,false,false,false,false,false,false,false,false,,,,,,
460,Vastrm,vastrm,Summer 2012,Active,http://vastrm.com,https://www.ycombinator.com/companies/vastrm,yc_oss_current,false,publicly_sourced,datahive_cb_url,vastrm,https://www.crunchbase.com/organization/vastrm,,,0,false,false,false,false,false,false,false,false,false,false,,,,,,
1823,Vathys,vathys,Winter 2018,Inactive,http://vathys.ai,https://www.ycombinator.com/companies/vathys,yc_oss_current,false,publicly_sourced,datahive_cb_url,vathys,https://www.crunchbase.com/organization/vathys,,,0,false,false,false,false,false,false,false,false,false,false,,,,,,
413,Vayable,vayable,Summer 2012,Acquired,http://vayable.com,https://www.ycombinator.com/companies/vayable,yc_oss_current,false,publicly_sourced,datahive_cb_url,vayable,https://www.crunchbase.com/organization/vayable,,,0,false,false,false,false,false,false,false,false,false,false,,,,,,
478,VaycayHero,vaycayhero,Winter 2013,Acquired,https://www.vaycayhero.com/,https://www.ycombinator.com/companies/vaycayhero,yc_oss_current,false,publicly_sourced,datahive_cb_url,vaycayhero,https://www.crunchbase.com/organization/vaycayhero,,,0,false,false,false,false,false,false,false,false,false,false,,,,,,
11939,Vectordash,vectordash,Winter 2019,Inactive,https://vectordash.com,https://www.ycombinator.com/companies/vectordash,yc_oss_current,false,publicly_sourced,datahive_cb_url,vectordash,https://www.crunchbase.com/organization/vectordash,,,0,false,false,false,false,false,false,false,false,false,false,,,,,,
21917,Vectrix,vectrix,Summer 2020,Acquired,https://www.vectrix.io,https://www.ycombinator.com/companies/vectrix,yc_oss_current,false,publicly_sourced,datahive_cb_url,vectrix-d281,https://www.crunchbase.com/organization/vectrix-d281,,,0,false,false,false,false,false,false,false,false,false,false,,,,,,
1866,Vena Medical,vena-medical,Winter 2018,Active,https://www.venamed.ca/,https://www.ycombinator.com/companies/vena-medical,yc_oss_current,false,publicly_sourced,datahive_cb_url,vena-medical,https://www.crunchbase.com/organization/vena-medical,,,0,false,false,false,false,false,false,false,false,false,false,,,,,,
27969,Vendah,vendah,Winter 2023,Active,https://vendah.com.br/,https://www.ycombinator.com/companies/vendah,yc_oss_current,false,publicly_sourced,datahive_cb_url,vendah,https://www.crunchbase.com/organization/vendah,,,0,false,false,false,false,false,false,false,false,false,false,,,,,,
12878,Vendr,vendr,Summer 2019,Acquired,http://www.vendr.com,https://www.ycombinator.com/companies/vendr,yc_oss_current,false,publicly_sourced,datahive_cb_url,vendr,https://www.crunchbase.com/organization/vendr,,,0,false,false,false,false,false,false,false,false,false,false,,,,,,
29814,Vendra,vendra,Summer 2024,Active,https://vendra.io/,https://www.ycombinator.com/companies/vendra,yc_oss_current,false,publicly_sourced,datahive_cb_url,vendra,https://www.crunchbase.com/organization/vendra,,,0,false,false,false,false,false,false,false,false,false,false,,,,,,
25726,Vendy,vendy,Winter 2022,Active,https://myvendy.com,https://www.ycombinator.com/companies/vendy,yc_oss_current,false,publicly_sourced,datahive_cb_url,vendy-inc,https://www.crunchbase.com/organization/vendy-inc,,,0,false,false,false,false,false,false,false,false,false,false,,,,,,
21816,VenoStent,venostent,Summer 2020,Active,https://www.venostent.com,https://www.ycombinator.com/companies/venostent,yc_oss_current,false,publicly_sourced,datahive_cb_url,venostent,https://www.crunchbase.com/organization/venostent,,,0,false,false,false,false,false,false,false,false,false,false,,,,,,
23191,Venu AI,venu-ai,Winter 2021,Active,https://www.venu3d.com,https://www.ycombinator.com/companies/venu-ai,yc_oss_current,false,publicly_sourced,datahive_cb_url,venu,https://www.crunchbase.com/organization/venu,,,0,false,false,false,false,false,false,false,false,false,false,,,,,,
174,Venuetastic,venuetastic,Winter 2011,Inactive,http://venuetastic.com,https://www.ycombinator.com/companies/venuetastic,yc_oss_current,false,publicly_sourced,datahive_cb_url,venuetastic,https://www.crunchbase.com/organization/venuetastic,,,0,false,false,false,false,false,false,false,false,false,false,,,,,,
22902,Verak,verak,Winter 2021,Acquired,http://verak.in,https://www.ycombinator.com/companies/verak,yc_oss_current,false,publicly_sourced,datahive_cb_url,bimape,https://www.crunchbase.com/organization/bimape,,,0,false,false,false,false,false,false,false,false,false,false,,,,,,
28162,Verata,verata,Winter 2023,Active,https://www.veratainsight.com/,https://www.ycombinator.com/companies/verata,yc_oss_current,false,publicly_sourced,radema_cb_url,aiflow,https://www.crunchbase.com/organization/aiflow,,,0,false,false,false,false,false,false,false,false,false,false,,,,,,
103,Verbling,verbling,Summer 2011,Acquired,http://verbling.com,https://www.ycombinator.com/companies/verbling,yc_oss_current,false,publicly_sourced,datahive_cb_url,verbling,https://www.crunchbase.com/organization/verbling,,,0,false,false,false,false,false,false,false,false,false,false,,,,,,
902,Verge Genomics,verge-genomics,Summer 2015,Active,http://vergegenomics.com,https://www.ycombinator.com/companies/verge-genomics,yc_oss_current,false,publicly_sourced,datahive_cb_url,verge-genomics,https://www.crunchbase.com/organization/verge-genomics,,,0,false,false,false,false,false,false,false,false,false,false,,,,,,
1587,VergeSense,vergesense,Summer 2017,Active,http://www.vergesense.com,https://www.ycombinator.com/companies/vergesense,yc_oss_current,false,publicly_sourced,datahive_cb_url,vergesense,https://www.crunchbase.com/organization/vergesense,,,0,false,false,false,false,false,false,false,false,false,false,,,,,,
1876,Veriff,veriff,Winter 2018,Active,https://veriff.com/,https://www.ycombinator.com/companies/veriff,yc_oss_current,false,publicly_sourced,datahive_cb_url,veriff,https://www.crunchbase.com/organization/veriff,,,0,false,false,false,false,false,false,false,false,false,false,,,,,,
24180,Verihubs,verihubs,Summer 2021,Active,https://verihubs.com,https://www.ycombinator.com/companies/verihubs,yc_oss_current,false,publicly_sourced,datahive_cb_url,verihubs,https://www.crunchbase.com/organization/verihubs,,,0,false,false,false,false,false,false,false,false,false,false,,,,,,
881,Vernox,vernox,Summer 2015,Inactive,http://www.vernox.io,https://www.ycombinator.com/companies/vernox,yc_oss_current,false,publicly_sourced,datahive_cb_url,vernox-labs,https://www.crunchbase.com/organization/vernox-labs,,,0,false,false,false,false,false,false,false,false,false,false,,,,,,
26703,Versa,versa,Summer 2022,Active,https://versa.org,https://www.ycombinator.com/companies/versa,yc_oss_current,false,publicly_sourced,datahive_cb_url,bend-ec13,https://www.crunchbase.com/organization/bend-ec13,,,0,false,false,false,false,false,false,false,false,false,false,,,,,,
12278,Verto,verto,Winter 2019,Active,http://www.vertofx.com,https://www.ycombinator.com/companies/verto,yc_oss_current,false,publicly_sourced,datahive_cb_url,vertofx,https://www.crunchbase.com/organization/vertofx,,,0,false,false,false,false,false,false,false,false,false,false,,,,,,
1498,"Veryfi, Inc.",veryfi-inc,Winter 2017,Active,https://www.veryfi.com/,https://www.ycombinator.com/companies/veryfi-inc,yc_oss_current,false,publicly_sourced,datahive_cb_url,veryfi,https://www.crunchbase.com/organization/veryfi,,,0,false,false,false,false,false,false,false,false,false,false,,,,,,
30043,Vespper,vespper,Fall 2024,Active,https://vespper.com/?utm_source=ycombinator.com,https://www.ycombinator.com/companies/vespper,yc_oss_current,false,publicly_sourced,datahive_cb_url,vespper,https://www.crunchbase.com/organization/vespper,,,0,false,false,false,false,false,false,false,false,false,false,,,,,,
25912,Vessel,vessel,Winter 2022,Inactive,https://vessel.dev,https://www.ycombinator.com/companies/vessel,yc_oss_current,false,publicly_sourced,datahive_cb_url,vessel-7897,https://www.crunchbase.com/organization/vessel-7897,,,0,false,false,false,false,false,false,false,false,false,false,,,,,,
796,Vest,vest,Winter 2015,Acquired,http://www.vestfin.com,https://www.ycombinator.com/companies/vest,yc_oss_current,false,publicly_sourced,datahive_cb_url,vest,https://www.crunchbase.com/organization/vest,,,0,false,false,false,false,false,false,false,false,false,false,,,,,,
1184,Vetcove,vetcove,Summer 2016,Active,https://www.vetcove.com,https://www.ycombinator.com/companies/vetcove,yc_oss_current,false,publicly_sourced,datahive_cb_url,vetcove-2,https://www.crunchbase.com/organization/vetcove-2,,,0,false,false,false,false,false,false,false,false,false,false,,,,,,
838,VetPronto,vetpronto,Winter 2015,Inactive,http://vetpronto.com,https://www.ycombinator.com/companies/vetpronto,yc_oss_current,false,publicly_sourced,datahive_cb_url,vetpronto,https://www.crunchbase.com/organization/vetpronto,,,0,false,false,false,false,false,false,false,false,false,false,,,,,,
457,Viacycle,viacycle,Summer 2012,Inactive,http://viacycle.com,https://www.ycombinator.com/companies/viacycle,yc_oss_current,false,publicly_sourced,datahive_cb_url,viacycle,https://www.crunchbase.com/organization/viacycle,,,0,false,false,false,false,false,false,false,false,false,false,,,,,,
1797,Viaopt,viaopt,Winter 2018,Inactive,http://www.viaopt.com,https://www.ycombinator.com/companies/viaopt,yc_oss_current,false,publicly_sourced,datahive_cb_url,viaopt,https://www.crunchbase.com/organization/viaopt,,,0,false,false,false,false,false,false,false,false,false,false,,,,,,
1697,VIDA & Co.,vida-and-co,Summer 2017,Acquired,http://www.shopvida.com,https://www.ycombinator.com/companies/vida-and-co,yc_oss_current,false,publicly_sourced,datahive_cb_url,vida-co,https://www.crunchbase.com/organization/vida-co,,,0,false,false,false,false,false,false,false,false,false,false,,,,,,
1245,Vidcode,vidcode,Summer 2016,Acquired,http://vidcode.com,https://www.ycombinator.com/companies/vidcode,yc_oss_current,false,publicly_sourced,datahive_cb_url,vidcode,https://www.crunchbase.com/organization/vidcode,,,0,false,false,false,false,false,false,false,false,false,false,,,,,,
29644,VideoGen,videogen,Summer 2024,Active,https://videogen.io,https://www.ycombinator.com/companies/videogen,yc_oss_current,false,publicly_sourced,datahive_cb_url,videogen,https://www.crunchbase.com/organization/videogen,,,0,false,false,false,false,false,false,false,false,false,false,,,,,,
112,Videopixie,videopixie,Summer 2011,Active,http://videopixie.com,https://www.ycombinator.com/companies/videopixie,yc_oss_current,false,publicly_sourced,datahive_cb_url,videopixie,https://www.crunchbase.com/organization/videopixie,,,0,false,false,false,false,false,false,false,false,false,false,,,,,,
648,Vidpresso,vidpresso,Winter 2014,Acquired,http://facebook.com/live/producer,https://www.ycombinator.com/companies/vidpresso,yc_oss_current,false,publicly_sourced,datahive_cb_url,vidpresso,https://www.crunchbase.com/organization/vidpresso,,,0,false,false,false,false,false,false,false,false,false,false,,,,,,
119,Vidyard,vidyard,Summer 2011,Active,http://vidyard.com,https://www.ycombinator.com/companies/vidyard,yc_oss_current,false,publicly_sourced,datahive_cb_url,vidyard,https://www.crunchbase.com/organization/vidyard,,,0,false,false,false,false,false,false,false,false,false,false,,,,,,
352,View3,view3,Winter 2007,Inactive,http://view3.com,https://www.ycombinator.com/companies/view3,yc_oss_current,false,publicly_sourced,datahive_cb_url,view3,https://www.crunchbase.com/organization/view3,,,0,false,false,false,false,false,false,false,false,false,false,,,,,,
983,VINEBOX (Usual Beverage Co.),vinebox,Winter 2016,Inactive,http://www.getvinebox.com,https://www.ycombinator.com/companies/vinebox,yc_oss_current,false,publicly_sourced,datahive_cb_url,vinebox,https://www.crunchbase.com/organization/vinebox,,,0,false,false,false,false,false,false,false,false,false,false,,,,,,
455,Virool,virool,Summer 2012,Acquired,http://virool.com,https://www.ycombinator.com/companies/virool,yc_oss_current,false,publicly_sourced,datahive_cb_url,virool,https://www.crunchbase.com/organization/virool,,,0,false,false,false,false,false,false,false,false,false,false,,,,,,
343,Virtualmin,virtualmin,Winter 2007,Active,http://virtualmin.com,https://www.ycombinator.com/companies/virtualmin,yc_oss_current,false,publicly_sourced,datahive_cb_url,virtualmin,https://www.crunchbase.com/organization/virtualmin,,,0,false,false,false,false,false,false,false,false,false,false,,,,,,
12009,Visly,visly,Winter 2019,Acquired,https://visly.app,https://www.ycombinator.com/companies/visly,yc_oss_current,false,publicly_sourced,datahive_cb_url,visly,https://www.crunchbase.com/organization/visly,,,0,false,false,false,false,false,false,false,false,false,false,,,,,,
27959,Vitalize,vitalize,Winter 2023,Active,https://vitalize.care,https://www.ycombinator.com/companies/vitalize,yc_oss_current,false,publicly_sourced,datahive_cb_url,vitalize-care,https://www.crunchbase.com/organization/vitalize-care,,,0,false,false,false,false,false,false,false,false,false,false,,,,,,
12854,Vitau,vitau,Summer 2019,Active,https://vitau.mx,https://www.ycombinator.com/companies/vitau,yc_oss_current,false,publicly_sourced,datahive_cb_url,vitau,https://www.crunchbase.com/organization/vitau,,,0,false,false,false,false,false,false,false,false,false,false,,,,,,
679,VizeraLabs,vizeralabs,Summer 2014,Inactive,http://vizeralabs.com,https://www.ycombinator.com/companies/vizeralabs,yc_oss_current,false,publicly_sourced,datahive_cb_url,vizera-labs,https://www.crunchbase.com/organization/vizera-labs,,,0,false,false,false,false,false,false,false,false,false,false,,,,,,
28931,Vizly,vizly,Summer 2023,Inactive,https://vizly.fyi,https://www.ycombinator.com/companies/vizly,yc_oss_current,false,publicly_sourced,datahive_cb_url,vizly,https://www.crunchbase.com/organization/vizly,,,0,false,false,false,false,false,false,false,false,false,false,,,,,,
443,VoiceGem,voicegem,Summer 2012,Acquired,http://voicegem.com,https://www.ycombinator.com/companies/voicegem,yc_oss_current,false,publicly_sourced,datahive_cb_url,voicegem,https://www.crunchbase.com/organization/voicegem,,,0,false,false,false,false,false,false,false,false,false,false,,,,,,
1438,Voiceops,voiceops,Winter 2017,Active,https://voiceops.com,https://www.ycombinator.com/companies/voiceops,yc_oss_current,false,publicly_sourced,radema_cb_url,clover-intelligence,https://www.crunchbase.com/organization/clover-intelligence,,,0,false,false,false,false,false,false,false,false,false,false,,,,,,
1851,Voicery,voicery,Winter 2018,Inactive,http://www.voicery.com,https://www.ycombinator.com/companies/voicery,yc_oss_current,false,publicly_sourced,datahive_cb_url,voicery,https://www.crunchbase.com/organization/voicery,,,0,false,false,false,false,false,false,false,false,false,false,,,,,,
970,VOIQ,voiq,Summer 2015,Inactive,http://voiq.com,https://www.ycombinator.com/companies/voiq,yc_oss_current,false,publicly_sourced,datahive_cb_url,voiq,https://www.crunchbase.com/organization/voiq,,,0,false,false,false,false,false,false,false,false,false,false,,,,,,
1457,Volansi,volansi,Winter 2017,Acquired,https://flyvoly.com/,https://www.ycombinator.com/companies/volansi,yc_oss_current,false,publicly_sourced,datahive_cb_url,volans-i,https://www.crunchbase.com/organization/volans-i,,,0,false,false,false,false,false,false,false,false,false,false,,,,,,
270,Volantio,volantio,Winter 2009,Active,http://www.volantio.com,https://www.ycombinator.com/companies/volantio,yc_oss_current,false,publicly_sourced,datahive_cb_url,adioso,https://www.crunchbase.com/organization/adioso,,,0,false,false,false,false,false,false,false,false,false,false,,,,,,
11933,Volk Wireless,volk-wireless,Winter 2019,Inactive,http://volkfi.com,https://www.ycombinator.com/companies/volk-wireless,yc_oss_current,false,publicly_sourced,datahive_cb_url,volk-fi,https://www.crunchbase.com/organization/volk-fi,,,0,false,false,false,false,false,false,false,false,false,false,,,,,,
1485,Volt Health,volt-health,Winter 2017,Inactive,https://www.volthealth.com/,https://www.ycombinator.com/companies/volt-health,yc_oss_current,false,publicly_sourced,datahive_cb_url,volt-health,https://www.crunchbase.com/organization/volt-health,,,0,false,false,false,false,false,false,false,false,false,false,,,,,,
12085,"Volta Labs, Inc.",volta-labs-inc,Winter 2019,Active,http://voltalabs.com,https://www.ycombinator.com/companies/volta-labs-inc,yc_oss_current,false,publicly_sourced,datahive_cb_url,volta-labs-a9c8,https://www.crunchbase.com/organization/volta-labs-a9c8,,,0,false,false,false,false,false,false,false,false,false,false,,,,,,
1538,Voodoo Manufacturing,voodoo-manufacturing,Winter 2017,Inactive,http://www.voodoomfg.com,https://www.ycombinator.com/companies/voodoo-manufacturing,yc_oss_current,false,publicly_sourced,datahive_cb_url,voodoo-manufacturing,https://www.crunchbase.com/organization/voodoo-manufacturing,,,0,false,false,false,false,false,false,false,false,false,false,,,,,,
1205,Vote.org,vote-org,Summer 2016,Active,http://www.vote.org,https://www.ycombinator.com/companies/vote-org,yc_oss_current,false,publicly_sourced,datahive_cb_url,vote-org,https://www.crunchbase.com/organization/vote-org,,,0,false,false,false,false,false,false,false,false,false,false,,,,,,
12272,VotingWorks,votingworks,Winter 2019,Active,https://voting.works,https://www.ycombinator.com/companies/votingworks,yc_oss_current,false,publicly_sourced,datahive_cb_url,votingworks,https://www.crunchbase.com/organization/votingworks,,,0,false,false,false,false,false,false,false,false,false,false,,,,,,
279,Voxli,voxli,Winter 2009,Inactive,http://voxli.com,https://www.ycombinator.com/companies/voxli,yc_oss_current,false,publicly_sourced,datahive_cb_url,voxli,https://www.crunchbase.com/organization/voxli,,,0,false,false,false,false,false,false,false,false,false,false,,,,,,
30644,Wafer,wafer,Summer 2025,Active,https://www.wafer.ai,https://www.ycombinator.com/companies/wafer,yc_oss_current,false,publicly_sourced,datahive_cb_url,herdora,https://www.crunchbase.com/organization/herdora,,,0,false,false,false,false,false,false,false,false,false,false,,,,,,
263,Wakemate,wakemate,Summer 2009,Inactive,http://wakemate.com,https://www.ycombinator.com/companies/wakemate,yc_oss_current,false,publicly_sourced,datahive_cb_url,wakemate,https://www.crunchbase.com/organization/wakemate,,,0,false,false,false,false,false,false,false,false,false,false,,,,,,
1076,Wakie,wakie,Winter 2016,Active,http://www.wakie.com,https://www.ycombinator.com/companies/wakie,yc_oss_current,false,publicly_sourced,datahive_cb_url,wakie-budist,https://www.crunchbase.com/organization/wakie-budist,,,0,false,false,false,false,false,false,false,false,false,false,,,,,,
28116,Wallbit,wallbit,Winter 2023,Active,https://wallbit.io,https://www.ycombinator.com/companies/wallbit,yc_oss_current,false,publicly_sourced,datahive_cb_url,wallbit,https://www.crunchbase.com/organization/wallbit,,,0,false,false,false,false,false,false,false,false,false,false,,,,,,
25992,WANTD,wantd,Winter 2022,Active,http://getwantd.com,https://www.ycombinator.com/companies/wantd,yc_oss_current,false,publicly_sourced,datahive_cb_url,casheapp,https://www.crunchbase.com/organization/casheapp,,,0,false,false,false,false,false,false,false,false,false,false,,,,,,
22241,"Warmly,",warmly,Summer 2020,Acquired,https://www.warmly.ai/,https://www.ycombinator.com/companies/warmly,yc_oss_current,false,publicly_sourced,datahive_cb_url,warmly,https://www.crunchbase.com/organization/warmly,,,0,false,false,false,false,false,false,false,false,false,false,,,,,,
28369,Warp,warp,Winter 2023,Active,https://www.warp.co/,https://www.ycombinator.com/companies/warp,yc_oss_current,false,publicly_sourced,datahive_cb_url,warp-e7b9,https://www.crunchbase.com/organization/warp-e7b9,,,0,false,false,false,false,false,false,false,false,false,false,,,,,,
24344,WarpBuild,warpbuild,Summer 2021,Active,https://www.warpbuild.com,https://www.ycombinator.com/companies/warpbuild,yc_oss_current,false,publicly_sourced,datahive_cb_url,argonaut-862d,https://www.crunchbase.com/organization/argonaut-862d,,,0,false,false,false,false,false,false,false,false,false,false,,,,,,
1873,Warpdrive by Synthetic Minds,synthetic-minds,Summer 2018,Inactive,http://warpdrive.co,https://www.ycombinator.com/companies/synthetic-minds,yc_oss_current,false,publicly_sourced,datahive_cb_url,synthetic-minds,https://www.crunchbase.com/organization/synthetic-minds,,,0,false,false,false,false,false,false,false,false,false,false,,,,,,
12675,Wasmer,wasmer,Summer 2019,Active,https://wasmer.io,https://www.ycombinator.com/companies/wasmer,yc_oss_current,false,publicly_sourced,datahive_cb_url,wasmer,https://www.crunchbase.com/organization/wasmer,,,0,false,false,false,false,false,false,false,false,false,false,,,,,,
550,Watchsend,watchsend,Summer 2013,Inactive,http://watchsend.com,https://www.ycombinator.com/companies/watchsend,yc_oss_current,false,publicly_sourced,datahive_cb_url,watchsend,https://www.crunchbase.com/organization/watchsend,,,0,false,false,false,false,false,false,false,false,false,false,,,,,,
1667,WATERFX,waterfx,Summer 2017,Inactive,http://www.wacomet.com,https://www.ycombinator.com/companies/waterfx,yc_oss_current,false,publicly_sourced,datahive_cb_url,waterfx,https://www.crunchbase.com/organization/waterfx,,,0,false,false,false,false,false,false,false,false,false,false,,,,,,
24590,Waterplan,waterplan,Summer 2021,Active,http://waterplan.com,https://www.ycombinator.com/companies/waterplan,yc_oss_current,false,publicly_sourced,datahive_cb_url,waterplan,https://www.crunchbase.com/organization/waterplan,,,0,false,false,false,false,false,false,false,false,false,false,,,,,,
516,Watsi,watsi,Winter 2013,Active,https://watsi.org,https://www.ycombinator.com/companies/watsi,yc_oss_current,false,publicly_sourced,datahive_cb_url,watsi,https://www.crunchbase.com/organization/watsi,,,0,false,false,false,false,false,false,false,false,false,false,,,,,,
268,Wattvision,wattvision,Winter 2009,Inactive,http://www.wattvision.com,https://www.ycombinator.com/companies/wattvision,yc_oss_current,false,publicly_sourced,datahive_cb_url,wattvision,https://www.crunchbase.com/organization/wattvision,,,0,false,false,false,false,false,false,false,false,false,false,,,,,,
4940,Wave,wave,Winter 2012,Active,https://wave.com,https://www.ycombinator.com/companies/wave,yc_oss_current,false,publicly_sourced,datahive_cb_url,wave-2ad36e2c,https://www.crunchbase.com/organization/wave-2ad36e2c,,,0,false,false,false,false,false,false,false,false,false,false,,,,,,
30544,Wavedash,wavedash,Spring 2025,Active,https://wavedash.com,https://www.ycombinator.com/companies/wavedash,yc_oss_current,false,publicly_sourced,datahive_cb_url,wavedash-1baa,https://www.crunchbase.com/organization/wavedash-1baa,,,0,false,false,false,false,false,false,false,false,false,false,,,,,,
1479,Wavy,wavy,Winter 2017,Acquired,http://downloadwavy.com,https://www.ycombinator.com/companies/wavy,yc_oss_current,false,publicly_sourced,datahive_cb_url,pantheon-3,https://www.crunchbase.com/organization/pantheon-3,,,0,false,false,false,false,false,false,false,false,false,false,,,,,,
23530,Waydev,waydev,Winter 2021,Active,https://waydev.co/,https://www.ycombinator.com/companies/waydev,yc_oss_current,false,publicly_sourced,datahive_cb_url,waydev,https://www.crunchbase.com/organization/waydev,,,0,false,false,false,false,false,false,false,false,false,false,,,,,,
1514,WaystoCap,waystocap,Winter 2017,Acquired,https://waystocap.com,https://www.ycombinator.com/companies/waystocap,yc_oss_current,false,publicly_sourced,datahive_cb_url,waystocap,https://www.crunchbase.com/organization/waystocap,,,0,false,false,false,false,false,false,false,false,false,false,,,,,,
801,WayUp,wayup,Winter 2015,Acquired,http://wayup.com,https://www.ycombinator.com/companies/wayup,yc_oss_current,false,publicly_sourced,datahive_cb_url,wayup,https://www.crunchbase.com/organization/wayup,,,0,false,false,false,false,false,false,false,false,false,false,,,,,,
11993,WeatherCheck,weathercheck,Winter 2019,Active,https://www.weathercheck.co/,https://www.ycombinator.com/companies/weathercheck,yc_oss_current,false,publicly_sourced,datahive_cb_url,weathercheck,https://www.crunchbase.com/organization/weathercheck,,,0,false,false,false,false,false,false,false,false,false,false,,,,,,
630,Weave,weave,Winter 2014,Public,http://getweave.com,https://www.ycombinator.com/companies/weave,yc_oss_current,false,publicly_sourced,datahive_cb_url,weave,https://www.crunchbase.com/organization/weave,,,0,false,false,false,false,false,false,false,false,false,false,,,,,,
720,Weave,weave-2,Summer 2014,Inactive,http://weave.in,https://www.ycombinator.com/companies/weave-2,yc_oss_current,false,publicly_sourced,datahive_cb_url,weave-2,https://www.crunchbase.com/organization/weave-2,,,0,false,false,false,false,false,false,false,false,false,false,,,,,,
566,Webflow,webflow,Summer 2013,Active,https://webflow.com,https://www.ycombinator.com/companies/webflow,yc_oss_current,false,publicly_sourced,datahive_cb_url,webflow,https://www.crunchbase.com/organization/webflow,,,0,false,false,false,false,false,false,false,false,false,false,,,,,,
22533,Webiny,webiny,Winter 2021,Active,https://www.webiny.com,https://www.ycombinator.com/companies/webiny,yc_oss_current,false,publicly_sourced,datahive_cb_url,webiny,https://www.crunchbase.com/organization/webiny,,,0,false,false,false,false,false,false,false,false,false,false,,,,,,
344,Weebly,weebly,Winter 2007,Acquired,http://weebly.com,https://www.ycombinator.com/companies/weebly,yc_oss_current,false,publicly_sourced,datahive_cb_url,weebly,https://www.crunchbase.com/organization/weebly,,,0,false,false,false,false,false,false,false,false,false,false,,,,,,
1826,Weekend (fmr. Volley),weekend-fmr-volley,Winter 2018,Active,https://weekend.com,https://www.ycombinator.com/companies/weekend-fmr-volley,yc_oss_current,false,publicly_sourced,datahive_cb_url,volley-2,https://www.crunchbase.com/organization/volley-2,,,0,false,false,false,false,false,false,false,false,false,false,,,,,,
29819,Weel,weel,Summer 2024,Active,https://weel.live/,https://www.ycombinator.com/companies/weel,yc_oss_current,false,publicly_sourced,datahive_cb_url,weel-f331,https://www.crunchbase.com/organization/weel-f331,,,0,false,false,false,false,false,false,false,false,false,false,,,,,,
503,Wefunder,wefunder,Winter 2013,Active,http://wefunder.com,https://www.ycombinator.com/companies/wefunder,yc_oss_current,false,publicly_sourced,datahive_cb_url,wefunder,https://www.crunchbase.com/organization/wefunder,,,0,false,false,false,false,false,false,false,false,false,false,,,,,,
567,Weilos,weilos,Summer 2013,Acquired,http://weilos.com,https://www.ycombinator.com/companies/weilos,yc_oss_current,false,publicly_sourced,datahive_cb_url,weilos,https://www.crunchbase.com/organization/weilos,,,0,false,false,false,false,false,false,false,false,false,false,,,,,,
12553,Well Principled,well-principled,Summer 2019,Active,https://wellprincipled.com,https://www.ycombinator.com/companies/well-principled,yc_oss_current,false,publicly_sourced,datahive_cb_url,well-principled,https://www.crunchbase.com/organization/well-principled,,,0,false,false,false,false,false,false,false,false,false,false,,,,,,
244,WePay,wepay,Summer 2009,Acquired,http://wepay.com,https://www.ycombinator.com/companies/wepay,yc_oss_current,false,publicly_sourced,datahive_cb_url,wepay,https://www.crunchbase.com/organization/wepay,,,0,false,false,false,false,false,false,false,false,false,false,,,,,,
505,Wevorce,wevorce,Winter 2013,Active,http://wevorce.com,https://www.ycombinator.com/companies/wevorce,yc_oss_current,false,publicly_sourced,datahive_cb_url,wevorce,https://www.crunchbase.com/organization/wevorce,,,0,false,false,false,false,false,false,false,false,false,false,,,,,,
22856,weweb.io,weweb-io,Winter 2021,Active,https://www.weweb.io/,https://www.ycombinator.com/companies/weweb-io,yc_oss_current,false,publicly_sourced,datahive_cb_url,weweb,https://www.crunchbase.com/organization/weweb,,,0,false,false,false,false,false,false,false,false,false,false,,,,,,
24384,Whalesync,whalesync,Summer 2021,Active,https://www.whalesync.com,https://www.ycombinator.com/companies/whalesync,yc_oss_current,false,publicly_sourced,datahive_cb_url,whaleform,https://www.crunchbase.com/organization/whaleform,,,0,false,false,false,false,false,false,false,false,false,false,,,,,,
24481,Whaly,whaly,Summer 2021,Active,https://whaly.io,https://www.ycombinator.com/companies/whaly,yc_oss_current,false,publicly_sourced,datahive_cb_url,whaly,https://www.crunchbase.com/organization/whaly,,,0,false,false,false,false,false,false,false,false,false,false,,,,,,
951,Wheelys Café,wheelys-cafe,Summer 2015,Inactive,http://wheelyscafe.com,https://www.ycombinator.com/companies/wheelys-cafe,yc_oss_current,false,publicly_sourced,datahive_cb_url,wheelys,https://www.crunchbase.com/organization/wheelys,,,0,false,false,false,false,false,false,false,false,false,false,,,,,,
208,Whereoscope,whereoscope,Summer 2010,Acquired,http://whereoscope.com,https://www.ycombinator.com/companies/whereoscope,yc_oss_current,false,publicly_sourced,datahive_cb_url,whereoscope,https://www.crunchbase.com/organization/whereoscope,,,0,false,false,false,false,false,false,false,false,false,false,,,,,,
721,Whirl,whirl,Summer 2014,Inactive,http://getwhirl.com,https://www.ycombinator.com/companies/whirl,yc_oss_current,false,publicly_sourced,datahive_cb_url,whirl,https://www.crunchbase.com/organization/whirl,,,0,false,false,false,false,false,false,false,false,false,false,,,,,,
644,Whirlscape,whirlscape,Winter 2014,Inactive,http://getdango.com,https://www.ycombinator.com/companies/whirlscape,yc_oss_current,false,publicly_sourced,radema_cb_url,dango-03ab,https://www.crunchbase.com/organization/dango-03ab,,,0,false,false,false,false,false,false,false,false,false,false,,,,,,
351,Whitenoise,whitenoise,Winter 2007,Inactive,http://whitenoisenetworks.com,https://www.ycombinator.com/companies/whitenoise,yc_oss_current,false,publicly_sourced,datahive_cb_url,whitenoise-networks,https://www.crunchbase.com/organization/whitenoise-networks,,,0,false,false,false,false,false,false,false,false,false,false,,,,,,
1218,Whyd,whyd,Summer 2016,Inactive,https://whyd.com,https://www.ycombinator.com/companies/whyd,yc_oss_current,false,publicly_sourced,datahive_cb_url,whyd,https://www.crunchbase.com/organization/whyd,,,0,false,false,false,false,false,false,false,false,false,false,,,,,,
1535,"Wifi Dabba, Inc.",wifi-dabba-inc,Winter 2017,Active,https://dabba.com,https://www.ycombinator.com/companies/wifi-dabba-inc,yc_oss_current,false,publicly_sourced,datahive_cb_url,wifi-dabba,https://www.crunchbase.com/organization/wifi-dabba,,,0,false,false,false,false,false,false,false,false,false,false,,,,,,
1631,Wildfire,wildfire,Summer 2017,Acquired,http://getwildfire.com/,https://www.ycombinator.com/companies/wildfire,yc_oss_current,false,publicly_sourced,datahive_cb_url,wildfire-4,https://www.crunchbase.com/organization/wildfire-4,,,0,false,false,false,false,false,false,false,false,false,false,,,,,,
905,Willing,willing,Summer 2015,Acquired,https://www.willing.com/,https://www.ycombinator.com/companies/willing,yc_oss_current,false,publicly_sourced,datahive_cb_url,willing,https://www.crunchbase.com/organization/willing,,,0,false,false,false,false,false,false,false,false,false,false,,,,,,
11966,Windsor,windsor,Winter 2019,Acquired,https://windsor.io,https://www.ycombinator.com/companies/windsor,yc_oss_current,false,publicly_sourced,datahive_cb_url,windsor-software,https://www.crunchbase.com/organization/windsor-software,,,0,false,false,false,false,false,false,false,false,false,false,,,,,,
11981,Windwalk,windwalk,Winter 2019,Active,windwalk.com,https://www.ycombinator.com/companies/windwalk,yc_oss_current,false,publicly_sourced,datahive_cb_url,windwalk-games-enemy-on-board,https://www.crunchbase.com/organization/windwalk-games-enemy-on-board,,,0,false,false,false,false,false,false,false,false,false,false,,,,,,
25320,Wingback,wingback,Winter 2022,Inactive,https://www.wingback.com/,https://www.ycombinator.com/companies/wingback,yc_oss_current,false,publicly_sourced,datahive_cb_url,wingback,https://www.crunchbase.com/organization/wingback,,,0,false,false,false,false,false,false,false,false,false,false,,,,,,
839,Wink Health,wink-health,Winter 2015,Inactive,http://winkhealth.com,https://www.ycombinator.com/companies/wink-health,yc_oss_current,false,publicly_sourced,datahive_cb_url,wink-health,https://www.crunchbase.com/organization/wink-health,,,0,false,false,false,false,false,false,false,false,false,false,,,,,,
9,WireOver,wireover,Winter 2012,Inactive,http://wireover.com,https://www.ycombinator.com/companies/wireover,yc_oss_current,false,publicly_sourced,datahive_cb_url,wireover,https://www.crunchbase.com/organization/wireover,,,0,false,false,false,false,false,false,false,false,false,false,,,,,,
631,Wit.ai,wit-ai,Winter 2014,Acquired,http://wit.ai,https://www.ycombinator.com/companies/wit-ai,yc_oss_current,false,publicly_sourced,datahive_cb_url,wit-ai,https://www.crunchbase.com/organization/wit-ai,,,0,false,false,false,false,false,false,false,false,false,false,,,,,,
1232,Women Who Code,women-who-code,Summer 2016,Active,https://www.womenwhocode.com/,https://www.ycombinator.com/companies/women-who-code,yc_oss_current,false,publicly_sourced,datahive_cb_url,women-who-code,https://www.crunchbase.com/organization/women-who-code,,,0,false,false,false,false,false,false,false,false,false,false,,,,,,
722,Women.com,women-com,Summer 2014,Acquired,http://women.com,https://www.ycombinator.com/companies/women-com,yc_oss_current,false,publicly_sourced,datahive_cb_url,womendotcom,https://www.crunchbase.com/organization/womendotcom,,,0,false,false,false,false,false,false,false,false,false,false,,,,,,
29649,Wordware,wordware,Summer 2024,Active,https://wordware.ai/,https://www.ycombinator.com/companies/wordware,yc_oss_current,false,publicly_sourced,datahive_cb_url,wordware-6b65,https://www.crunchbase.com/organization/wordware-6b65,,,0,false,false,false,false,false,false,false,false,false,false,,,,,,
12275,WorkClout,workclout,Winter 2019,Acquired,https://www.workclout.com,https://www.ycombinator.com/companies/workclout,yc_oss_current,false,publicly_sourced,datahive_cb_url,workclout,https://www.crunchbase.com/organization/workclout,,,0,false,false,false,false,false,false,false,false,false,false,,,,,,
25995,Workflow86,workflow86,Winter 2022,Active,https://www.workflow86.com,https://www.ycombinator.com/companies/workflow86,yc_oss_current,false,publicly_sourced,datahive_cb_url,workflow86,https://www.crunchbase.com/organization/workflow86,,,0,false,false,false,false,false,false,false,false,false,false,,,,,,
201,WorkFlowy,workflowy,Summer 2010,Active,http://workflowy.com,https://www.ycombinator.com/companies/workflowy,yc_oss_current,false,publicly_sourced,datahive_cb_url,workflowy,https://www.crunchbase.com/organization/workflowy,,,0,false,false,false,false,false,false,false,false,false,false,,,,,,
768,WorkLife,worklife,Winter 2015,Acquired,http://worklife.com,https://www.ycombinator.com/companies/worklife,yc_oss_current,false,publicly_sourced,datahive_cb_url,worklife,https://www.crunchbase.com/organization/worklife,,,0,false,false,false,false,false,false,false,false,false,false,,,,,,
1745,Worklytics,worklytics,Winter 2018,Active,https://www.worklytics.co,https://www.ycombinator.com/companies/worklytics,yc_oss_current,false,publicly_sourced,datahive_cb_url,worklytics,https://www.crunchbase.com/organization/worklytics,,,0,false,false,false,false,false,false,false,false,false,false,,,,,,
1187,WorkRamp,workramp,Summer 2016,Acquired,https://www.workramp.com,https://www.ycombinator.com/companies/workramp,yc_oss_current,false,publicly_sourced,datahive_cb_url,workramp,https://www.crunchbase.com/organization/workramp,,,0,false,false,false,false,false,false,false,false,false,false,,,,,,
1003,WorldCover,worldcover,Winter 2016,Inactive,https://www.worldcovr.com,https://www.ycombinator.com/companies/worldcover,yc_oss_current,false,publicly_sourced,datahive_cb_url,worldcover,https://www.crunchbase.com/organization/worldcover,,,0,false,false,false,false,false,false,false,false,false,false,,,,,,
1500,Wright Electric,wright-electric,Winter 2017,Active,http://www.weflywright.com,https://www.ycombinator.com/companies/wright-electric,yc_oss_current,false,publicly_sourced,datahive_cb_url,wright-electric,https://www.crunchbase.com/organization/wright-electric,,,0,false,false,false,false,false,false,false,false,false,false,,,,,,
350,WriteWith,writewith,Winter 2007,Inactive,http://writewith.com,https://www.ycombinator.com/companies/writewith,yc_oss_current,false,publicly_sourced,datahive_cb_url,writewith,https://www.crunchbase.com/organization/writewith,,,0,false,false,false,false,false,false,false,false,false,false,,,,,,
370,Wufoo,wufoo,Winter 2006,Acquired,http://wufoo.com,https://www.ycombinator.com/companies/wufoo,yc_oss_current,false,publicly_sourced,datahive_cb_url,infinitybox,https://www.crunchbase.com/organization/infinitybox,,,0,false,false,false,false,false,false,false,false,false,false,,,,,,
313,Wundrbar,wundrbar,Winter 2008,Inactive,http://wundrbar.com,https://www.ycombinator.com/companies/wundrbar,yc_oss_current,false,publicly_sourced,datahive_cb_url,wundrbar,https://www.crunchbase.com/organization/wundrbar,,,0,false,false,false,false,false,false,false,false,false,false,,,,,,
25060,Wyvern,wyvern,Winter 2022,Active,http://www.wyvern.space,https://www.ycombinator.com/companies/wyvern,yc_oss_current,false,publicly_sourced,datahive_cb_url,wyvern-d3f9,https://www.crunchbase.com/organization/wyvern-d3f9,,,0,false,false,false,false,false,false,false,false,false,false,,,,,,
840,X-Zell,x-zell,Winter 2015,Active,http://www.x-zell.com,https://www.ycombinator.com/companies/x-zell,yc_oss_current,false,publicly_sourced,datahive_cb_url,x-zell,https://www.crunchbase.com/organization/x-zell,,,0,false,false,false,false,false,false,false,false,false,false,,,,,,
1279,Xberts,xberts,Summer 2016,Inactive,https://www.xberts.com,https://www.ycombinator.com/companies/xberts,yc_oss_current,false,publicly_sourced,datahive_cb_url,xberts,https://www.crunchbase.com/organization/xberts,,,0,false,false,false,false,false,false,false,false,false,false,,,,,,
938,Xendit,xendit,Summer 2015,Active,https://www.xendit.co/,https://www.ycombinator.com/companies/xendit,yc_oss_current,false,publicly_sourced,datahive_cb_url,xendit,https://www.crunchbase.com/organization/xendit,,,0,false,false,false,false,false,false,false,false,false,false,,,,,,
28778,Xeol,xeol,Summer 2023,Acquired,https://www.xeol.io/,https://www.ycombinator.com/companies/xeol,yc_oss_current,false,publicly_sourced,datahive_cb_url,xeol,https://www.crunchbase.com/organization/xeol,,,0,false,false,false,false,false,false,false,false,false,false,,,,,,
939,Xfers,xfers,Summer 2015,Acquired,http://xfers.com,https://www.ycombinator.com/companies/xfers,yc_oss_current,false,publicly_sourced,datahive_cb_url,xfers,https://www.crunchbase.com/organization/xfers,,,0,false,false,false,false,false,false,false,false,false,false,,,,,,
12124,XGenomes,xgenomes,Winter 2019,Active,http://www.xgenomes.com,https://www.ycombinator.com/companies/xgenomes,yc_oss_current,false,publicly_sourced,datahive_cb_url,xgenomes,https://www.crunchbase.com/organization/xgenomes,,,0,false,false,false,false,false,false,false,false,false,false,,,,,,
355,Xobni,xobni,Summer 2006,Acquired,http://xobni.com,https://www.ycombinator.com/companies/xobni,yc_oss_current,false,publicly_sourced,datahive_cb_url,xobni,https://www.crunchbase.com/organization/xobni,,,0,false,false,false,false,false,false,false,false,false,false,,,,,,
984,Yardbook,yardbook,Winter 2016,Active,https://www.yardbook.com,https://www.ycombinator.com/companies/yardbook,yc_oss_current,false,publicly_sourced,datahive_cb_url,yardbook,https://www.crunchbase.com/organization/yardbook,,,0,false,false,false,false,false,false,false,false,false,false,,,,,,
13108,yearend,yearend,Winter 2020,Active,https://yearend.com,https://www.ycombinator.com/companies/yearend,yc_oss_current,false,publicly_sourced,datahive_cb_url,yearend,https://www.crunchbase.com/organization/yearend,,,0,false,false,false,false,false,false,false,false,false,false,,,,,,
798,YesGraph,yesgraph,Winter 2015,Acquired,http://yesgraph.com,https://www.ycombinator.com/companies/yesgraph,yc_oss_current,false,publicly_sourced,datahive_cb_url,yesgraph,https://www.crunchbase.com/organization/yesgraph,,,0,false,false,false,false,false,false,false,false,false,false,,,,,,
25977,yhangry,yhangry,Winter 2022,Active,http://www.yhangry.com,https://www.ycombinator.com/companies/yhangry,yc_oss_current,false,publicly_sourced,datahive_cb_url,yhangry,https://www.crunchbase.com/organization/yhangry,,,0,false,false,false,false,false,false,false,false,false,false,,,,,,
799,Yhat,yhat,Winter 2015,Acquired,https://www.yhat.com,https://www.ycombinator.com/companies/yhat,yc_oss_current,false,publicly_sourced,datahive_cb_url,yhat,https://www.crunchbase.com/organization/yhat,,,0,false,false,false,false,false,false,false,false,false,false,,,,,,
1298,Yoshi Mobility,yoshi-mobility,Summer 2016,Active,https://www.yoshimobility.com,https://www.ycombinator.com/companies/yoshi-mobility,yc_oss_current,false,publicly_sourced,datahive_cb_url,yoshi,https://www.crunchbase.com/organization/yoshi,,,0,false,false,false,false,false,false,false,false,false,false,,,,,,
21950,Yotta,yotta,Summer 2020,Active,https://www.withyotta.com,https://www.ycombinator.com/companies/yotta,yc_oss_current,false,publicly_sourced,datahive_cb_url,yotta-saving,https://www.crunchbase.com/organization/yotta-saving,,,0,false,false,false,false,false,false,false,false,false,false,,,,,,
147,You Got Listings,you-got-listings-inc,Winter 2011,Active,http://www.yougotlistings.com,https://www.ycombinator.com/companies/you-got-listings-inc,yc_oss_current,false,publicly_sourced,datahive_cb_url,yougotlistings,https://www.crunchbase.com/organization/yougotlistings,,,0,false,false,false,false,false,false,false,false,false,false,,,,,,
293,Youlicit,youlicit,Summer 2008,Inactive,http://youlicit.com,https://www.ycombinator.com/companies/youlicit,yc_oss_current,false,publicly_sourced,datahive_cb_url,youlicit,https://www.crunchbase.com/organization/youlicit,,,0,false,false,false,false,false,false,false,false,false,false,,,,,,
58,YourMechanic,yourmechanic,Winter 2012,Acquired,http://yourmechanic.com,https://www.ycombinator.com/companies/yourmechanic,yc_oss_current,false,publicly_sourced,datahive_cb_url,yourmechanic,https://www.crunchbase.com/organization/yourmechanic,,,0,false,false,false,false,false,false,false,false,false,false,,,,,,
22783,YourQuote,yourquote,Winter 2021,Inactive,https://www.yourquote.in,https://www.ycombinator.com/companies/yourquote,yc_oss_current,false,publicly_sourced,datahive_cb_url,yourquote,https://www.crunchbase.com/organization/yourquote,,,0,false,false,false,false,false,false,false,false,false,false,,,,,,
1837,YouTeam,youteam,Winter 2018,Acquired,https://youteam.io,https://www.ycombinator.com/companies/youteam,yc_oss_current,false,publicly_sourced,datahive_cb_url,youteam,https://www.crunchbase.com/organization/youteam,,,0,false,false,false,false,false,false,false,false,false,false,,,,,,
592,Yumbin,yumbin,Winter 2014,Inactive,http://yumbin.com,https://www.ycombinator.com/companies/yumbin,yc_oss_current,false,publicly_sourced,radema_cb_url,yumbin,https://www.crunchbase.com/organization/yumbin,,,0,false,false,false,false,false,false,false,false,false,false,,,,,,
319,YumDots,yumdots,Winter 2008,Inactive,http://yumdots.com,https://www.ycombinator.com/companies/yumdots,yc_oss_current,false,publicly_sourced,datahive_cb_url,yumdots,https://www.crunchbase.com/organization/yumdots,,,0,false,false,false,false,false,false,false,false,false,false,,,,,,
23952,Yummy,yummy-inc,Summer 2021,Active,https://www.yummysuperapp.com/,https://www.ycombinator.com/companies/yummy-inc,yc_oss_current,false,publicly_sourced,datahive_cb_url,yummy-inc,https://www.crunchbase.com/organization/yummy-inc,,,0,false,false,false,false,false,false,false,false,false,false,,,,,,
12622,Yummy Future,yummy-future,Summer 2019,Active,https://yummy-future.com,https://www.ycombinator.com/companies/yummy-future,yc_oss_current,false,publicly_sourced,datahive_cb_url,yummy-future,https://www.crunchbase.com/organization/yummy-future,,,0,false,false,false,false,false,false,false,false,false,false,,,,,,
23260,Z1,z1,Winter 2021,Active,https://z1.app/,https://www.ycombinator.com/companies/z1,yc_oss_current,false,publicly_sourced,datahive_cb_url,z1-8982,https://www.crunchbase.com/organization/z1-8982,,,0,false,false,false,false,false,false,false,false,false,false,,,,,,
23659,Zage,zage,Summer 2021,Inactive,https://tryzage.com,https://www.ycombinator.com/companies/zage,yc_oss_current,false,publicly_sourced,datahive_cb_url,zage-0aed,https://www.crunchbase.com/organization/zage-0aed,,,0,false,false,false,false,false,false,false,false,false,false,,,,,,
442,Zapier,zapier,Summer 2012,Active,http://zapier.com,https://www.ycombinator.com/companies/zapier,yc_oss_current,false,publicly_sourced,datahive_cb_url,zapier,https://www.crunchbase.com/organization/zapier,,,0,false,false,false,false,false,false,false,false,false,false,,,,,,
29323,Zaymo,zaymo,Winter 2024,Active,https://zaymo.com,https://www.ycombinator.com/companies/zaymo,yc_oss_current,false,publicly_sourced,datahive_cb_url,zaymo,https://www.crunchbase.com/organization/zaymo,,,0,false,false,false,false,false,false,false,false,false,false,,,,,,
24080,Zaz OS,zaz-os,Summer 2021,Active,https://www.zazos.com/,https://www.ycombinator.com/companies/zaz-os,yc_oss_current,false,publicly_sourced,datahive_cb_url,zazos,https://www.crunchbase.com/organization/zazos,,,0,false,false,false,false,false,false,false,false,false,false,,,,,,
1849,ZBiotics,zbiotics,Winter 2018,Active,https://zbiotics.com/,https://www.ycombinator.com/companies/zbiotics,yc_oss_current,false,publicly_sourced,datahive_cb_url,zbiotics,https://www.crunchbase.com/organization/zbiotics,,,0,false,false,false,false,false,false,false,false,false,false,,,,,,
12575,Zeal,zeal,Summer 2019,Active,https://www.zeal.com,https://www.ycombinator.com/companies/zeal,yc_oss_current,false,publicly_sourced,datahive_cb_url,puzzl,https://www.crunchbase.com/organization/puzzl,,,0,false,false,false,false,false,false,false,false,false,false,,,,,,
29764,Zeit AI,zeit-ai,Summer 2024,Active,https://zeit-ai.com/,https://www.ycombinator.com/companies/zeit-ai,yc_oss_current,false,publicly_sourced,datahive_cb_url,zeit-ai,https://www.crunchbase.com/organization/zeit-ai,,,0,false,false,false,false,false,false,false,false,false,false,,,,,,
762,Zeitview,zeitview,Winter 2015,Active,https://www.zeitview.com/,https://www.ycombinator.com/companies/zeitview,yc_oss_current,false,publicly_sourced,datahive_cb_url,dronebase,https://www.crunchbase.com/organization/dronebase,,,0,false,false,false,false,false,false,false,false,false,false,,,,,,
733,Zenamins,zenamins,Summer 2014,Inactive,http://zenamins.com,https://www.ycombinator.com/companies/zenamins,yc_oss_current,false,publicly_sourced,datahive_cb_url,zenamins,https://www.crunchbase.com/organization/zenamins,,,0,false,false,false,false,false,false,false,false,false,false,,,,,,
95,Zenbox,zenbox,Summer 2011,Inactive,http://zenboxapp.com,https://www.ycombinator.com/companies/zenbox,yc_oss_current,false,publicly_sourced,datahive_cb_url,zenbox,https://www.crunchbase.com/organization/zenbox,,,0,false,false,false,false,false,false,false,false,false,false,,,,,,
223,Zencoder,zencoder,Winter 2010,Acquired,http://zencoder.com,https://www.ycombinator.com/companies/zencoder,yc_oss_current,false,publicly_sourced,datahive_cb_url,zencoder,https://www.crunchbase.com/organization/zencoder,,,0,false,false,false,false,false,false,false,false,false,false,,,,,,
1684,Zendar,zendar,Summer 2017,Active,http://www.zendar.io,https://www.ycombinator.com/companies/zendar,yc_oss_current,false,publicly_sourced,datahive_cb_url,zendar,https://www.crunchbase.com/organization/zendar,,,0,false,false,false,false,false,false,false,false,false,false,,,,,,
227,Zenedy,zenedy,Winter 2010,Inactive,http://zenedy.com,https://www.ycombinator.com/companies/zenedy,yc_oss_current,false,publicly_sourced,datahive_cb_url,zenedy,https://www.crunchbase.com/organization/zenedy,,,0,false,false,false,false,false,false,false,false,false,false,,,,,,
507,Zenefits,zenefits,Winter 2013,Acquired,http://zenefits.com,https://www.ycombinator.com/companies/zenefits,yc_oss_current,false,publicly_sourced,datahive_cb_url,zenefits,https://www.crunchbase.com/organization/zenefits,,,0,false,false,false,false,false,false,false,false,false,false,,,,,,
834,Zenflow,zenflow,Winter 2015,Active,http://zenflow.com,https://www.ycombinator.com/companies/zenflow,yc_oss_current,false,publicly_sourced,datahive_cb_url,zenflow,https://www.crunchbase.com/organization/zenflow,,,0,false,false,false,false,false,false,false,false,false,false,,,,,,
409,Zentail,zentail,Summer 2012,Active,https://zentail.com,https://www.ycombinator.com/companies/zentail,yc_oss_current,false,publicly_sourced,datahive_cb_url,zentail,https://www.crunchbase.com/organization/zentail,,,0,false,false,false,false,false,false,false,false,false,false,,,,,,
348,Zenter,zenter,Winter 2007,Acquired,https://googleblog.blogspot.com/2007/06/more-sharing.html,https://www.ycombinator.com/companies/zenter,yc_oss_current,false,publicly_sourced,datahive_cb_url,zenter,https://www.crunchbase.com/organization/zenter,,,0,false,false,false,false,false,false,false,false,false,false,,,,,,
1096,Zenysis,zenysis,Winter 2016,Active,http://www.zenysis.com,https://www.ycombinator.com/companies/zenysis,yc_oss_current,false,publicly_sourced,datahive_cb_url,zenysis,https://www.crunchbase.com/organization/zenysis,,,0,false,false,false,false,false,false,false,false,false,false,,,,,,
29425,Zep AI,zep-ai,Winter 2024,Active,https://www.getzep.com/,https://www.ycombinator.com/companies/zep-ai,yc_oss_current,false,publicly_sourced,datahive_cb_url,zep-ai,https://www.crunchbase.com/organization/zep-ai,,,0,false,false,false,false,false,false,false,false,false,false,,,,,,
922,Zeplin,zeplin,Summer 2015,Active,https://zeplin.io,https://www.ycombinator.com/companies/zeplin,yc_oss_current,false,publicly_sourced,datahive_cb_url,zeplin,https://www.crunchbase.com/organization/zeplin,,,0,false,false,false,false,false,false,false,false,false,false,,,,,,
12657,Zergo,zergo,Summer 2019,Inactive,https://www.zergo.com/,https://www.ycombinator.com/companies/zergo,yc_oss_current,false,publicly_sourced,datahive_cb_url,sanntek,https://www.crunchbase.com/organization/sanntek,,,0,false,false,false,false,false,false,false,false,false,false,,,,,,
171,Zerocater,zerocater,Winter 2011,Active,http://zerocater.com,https://www.ycombinator.com/companies/zerocater,yc_oss_current,false,publicly_sourced,datahive_cb_url,zerocater,https://www.crunchbase.com/organization/zerocater,,,0,false,false,false,false,false,false,false,false,false,false,,,,,,
12391,ZeroDown,zerodown,Winter 2019,Acquired,https://zerodown.com/,https://www.ycombinator.com/companies/zerodown,yc_oss_current,false,publicly_sourced,datahive_cb_url,zerodown,https://www.crunchbase.com/organization/zerodown,,,0,false,false,false,false,false,false,false,false,false,false,,,,,,
12848,zeroheight,zeroheight,Summer 2019,Active,https://zeroheight.com,https://www.ycombinator.com/companies/zeroheight,yc_oss_current,false,publicly_sourced,datahive_cb_url,zeroheight,https://www.crunchbase.com/organization/zeroheight,,,0,false,false,false,false,false,false,false,false,false,false,,,,,,
390,ZeroMailer,zeromailer,Summer 2012,Acquired,http://zeromailer.com,https://www.ycombinator.com/companies/zeromailer,yc_oss_current,false,publicly_sourced,datahive_cb_url,zeromailer,https://www.crunchbase.com/organization/zeromailer,,,0,false,false,false,false,false,false,false,false,false,false,,,,,,
11928,ZeroStorefront,zerostorefront,Winter 2019,Acquired,http://www.zerostorefront.com,https://www.ycombinator.com/companies/zerostorefront,yc_oss_current,false,publicly_sourced,datahive_cb_url,eatgeek,https://www.crunchbase.com/organization/eatgeek,,,0,false,false,false,false,false,false,false,false,false,false,,,,,,
632,Zesty,zesty,Winter 2014,Acquired,http://zesty.com,https://www.ycombinator.com/companies/zesty,yc_oss_current,false,publicly_sourced,datahive_cb_url,zestyapp,https://www.crunchbase.com/organization/zestyapp,,,0,false,false,false,false,false,false,false,false,false,false,,,,,,
12632,ZETA SURGICAL,zeta-surgical,Summer 2019,Active,http://zetasurgical.com,https://www.ycombinator.com/companies/zeta-surgical,yc_oss_current,false,publicly_sourced,datahive_cb_url,zeta-surgical,https://www.crunchbase.com/organization/zeta-surgical,,,0,false,false,false,false,false,false,false,false,false,false,,,,,,
633,Zidisha,zidisha,Winter 2014,Active,https://www.zidisha.org,https://www.ycombinator.com/companies/zidisha,yc_oss_current,false,publicly_sourced,datahive_cb_url,zidisha,https://www.crunchbase.com/organization/zidisha,,,0,false,false,false,false,false,false,false,false,false,false,,,,,,
1995,ZiffyHomes,ziffyhomes,Summer 2018,Active,https://www.ziffyhomes.com/,https://www.ycombinator.com/companies/ziffyhomes,yc_oss_current,false,publicly_sourced,datahive_cb_url,ziffy-homes,https://www.crunchbase.com/organization/ziffy-homes,,,0,false,false,false,false,false,false,false,false,false,false,,,,,,
23271,Ziina,ziina,Winter 2021,Active,https://www.ziina.com,https://www.ycombinator.com/companies/ziina,yc_oss_current,false,publicly_sourced,datahive_cb_url,ziina,https://www.crunchbase.com/organization/ziina,,,0,false,false,false,false,false,false,false,false,false,false,,,,,,
37,Zillabyte,zillabyte,Winter 2012,Inactive,http://zillabyte.com,https://www.ycombinator.com/companies/zillabyte,yc_oss_current,false,publicly_sourced,datahive_cb_url,zillabyte,https://www.crunchbase.com/organization/zillabyte,,,0,false,false,false,false,false,false,false,false,false,false,,,,,,
1471,Zinc Platform,zinc-platform,Winter 2017,Inactive,http://www.zincplatform.com,https://www.ycombinator.com/companies/zinc-platform,yc_oss_current,false,publicly_sourced,datahive_cb_url,zinc-platform,https://www.crunchbase.com/organization/zinc-platform,,,0,false,false,false,false,false,false,false,false,false,false,,,,,,
22890,zingbus,zingbus,Winter 2021,Active,https://www.zingbus.com/,https://www.ycombinator.com/companies/zingbus,yc_oss_current,false,publicly_sourced,datahive_cb_url,zingbus,https://www.crunchbase.com/organization/zingbus,,,0,false,false,false,false,false,false,false,false,false,false,,,,,,
28,Zipio,zipio,Winter 2012,Inactive,http://dealupa.com,https://www.ycombinator.com/companies/zipio,yc_oss_current,false,publicly_sourced,datahive_cb_url,dealupa,https://www.crunchbase.com/organization/dealupa,,,0,false,false,false,false,false,false,false,false,false,false,,,,,,
1529,ZipX,zipx,Winter 2017,Acquired,https://zipx.com/,https://www.ycombinator.com/companies/zipx,yc_oss_current,false,publicly_sourced,datahive_cb_url,trusu,https://www.crunchbase.com/organization/trusu,,,0,false,false,false,false,false,false,false,false,false,false,,,,,,
24416,Zoios.,zoios,Summer 2021,Active,https://zoios.io,https://www.ycombinator.com/companies/zoios,yc_oss_current,false,publicly_sourced,datahive_cb_url,zoios,https://www.crunchbase.com/organization/zoios,,,0,false,false,false,false,false,false,false,false,false,false,,,,,,
26876,Zoltar Labs,zoltar-labs,Summer 2022,Inactive,https://www.zoltarlabs.com/,https://www.ycombinator.com/companies/zoltar-labs,yc_oss_current,false,publicly_sourced,datahive_cb_url,zoltar-labs,https://www.crunchbase.com/organization/zoltar-labs,,,0,false,false,false,false,false,false,false,false,false,false,,,,,,
725,Zoomer,zoomer,Summer 2014,Inactive,http://www.zoomerdelivery.com,https://www.ycombinator.com/companies/zoomer,yc_oss_current,false,publicly_sourced,datahive_cb_url,zoomer,https://www.crunchbase.com/organization/zoomer,,,0,false,false,false,false,false,false,false,false,false,false,,,,,,
25573,Zorba,zorba,Winter 2022,Active,https://www.getzorba.com/,https://www.ycombinator.com/companies/zorba,yc_oss_current,false,publicly_sourced,datahive_cb_url,zorba-455a,https://www.crunchbase.com/organization/zorba-455a,,,0,false,false,false,false,false,false,false,false,false,false,,,,,,
635,ZowPow,zowpow,Winter 2014,Inactive,http://zowpow.com,https://www.ycombinator.com/companies/zowpow,yc_oss_current,false,publicly_sourced,radema_cb_url,zowpow,https://www.crunchbase.com/organization/zowpow,,,0,false,false,false,false,false,false,false,false,false,false,,,,,,
916,zPREDICTA,zpredicta,Summer 2015,Acquired,http://zpredicta.com,https://www.ycombinator.com/companies/zpredicta,yc_oss_current,false,publicly_sourced,datahive_cb_url,ixchel-scientific,https://www.crunchbase.com/organization/ixchel-scientific,,,0,false,false,false,false,false,false,false,false,false,false,,,,,,
1841,Zyper,zyper,Winter 2018,Acquired,https://zyper.com/,https://www.ycombinator.com/companies/zyper,yc_oss_current,false,publicly_sourced,datahive_cb_url,zyper,https://www.crunchbase.com/organization/zyper,,,0,false,false,false,false,false,false,false,false,false,false,,,,,,
