"company_name","company_industry","company_location","company_description","linkedin_followers","linkedin_company_url","linkedin_search_term","linkedin_search_params"
"Software Sources","IT Services and IT Consulting","Ra'anana","Software Sources is a leading global distributor and reseller of top-tier software products, serving over 10,000 customers worldwide. Established in 1992, we have expanded our presence with branch offices in Israel, India, Germany, Austria, Taiwan, the United Arab Emirates, and the USA. Our commitment to providing high-quality, brand-name software solutions has made us a trusted partner for businesses and organizations across industries. Beyond software distribution, we offer comprehensive technical and professional services to help customers maximize the value of their software investments. Our expert teams guide customers through every stage of the sales process, from product selection to deployment and long-term support. We provide presales consultation, software implementation, integration, optimization, and ongoing technical advisory services, ensuring that every solution is tailored to our clients’ specific needs. Our company is structured into specialized departments, each focusing on different software domains to provide dedicated expertise and industry-specific solutions. We proudly serve government agencies, academic institutions, high-tech enterprises, and private customers, offering tailored software solutions that drive innovation and operational efficiency. Our portfolio includes industry-leading software solutions such as ManageEngine, Hex-Rays, ABBYY, JetBrains, Adobe, Microsoft, Zoho, Intel Software, Faronics, Zoom, Atlassian, TechSmith, and many more. By partnering with globally recognized software vendors, we ensure that our customers have access to the most advanced, reliable, and innovative technologies available. At Software Sources, we believe in going beyond just delivering software—we provide the expertise, support, and dedication needed to ensure success. We Will Go The Extra Mile to empower businesses with the best software solutions, exceptional service, and global support—anytime, anywhere in the world.",5000,"https://www.linkedin.com/company/software-sources/","softwarese","[{""keywords"":""softwarese"",""origin"":""FACETED_SEARCH"",""spellCorrectionEnabled"":""true"",""companyHqGeo"":[""106155005"",""100459316"",""104305776""]}]"
"Software Group","Software Development","Sofia","Software Group is a global technology company specialized in digitalization and integration solutions for financial service providers. We help FSPs successfully go through the process of digital transformation, extend their outreach and improve operational efficiency. Founded in 2009 and headquartered in Sofia, Bulgaria, Software Group currently serves a worldwide client base in more than 70 countries from 9 regional offices located in Australia, Bulgaria, Egypt, Ghana, India, Kenya, Mexico, the Philippines and the USA. Visit us at: https://www.softwaregroup.com",23000,"https://www.linkedin.com/company/software-group-bg-ltd/","softwarese","[{""keywords"":""softwarese"",""origin"":""FACETED_SEARCH"",""spellCorrectionEnabled"":""true"",""companyHqGeo"":[""106155005"",""100459316"",""104305776""]}]"
"Software Interactive","Software Development","Gliwice, Silesia","Tworzymy dedykowane systemy IT wspierające rozwój biznesu – od nowoczesnych CRM-ów z AI po zaawansowane rozwiązania R&D. Pomagamy firmom spoza branży IT automatyzować procesy, porządkować dane i podejmować lepsze decyzje w oparciu o technologię. Łączymy inżynierię oprogramowania, sztuczną inteligencję i realne potrzeby biznesu.",3000,"https://www.linkedin.com/company/softintgliwice/","softwarese","[{""keywords"":""softwarese"",""origin"":""FACETED_SEARCH"",""spellCorrectionEnabled"":""true"",""companyHqGeo"":[""106155005"",""100459316"",""104305776""]}]"
"Dynamo Software","Financial Services","Watertown, MA","Since 1998, the Dynamo team and its Client Services and Support organization have worked alongside fund managers, institutional investors, and service providers to identify and solve key challenges in the alternative investments ecosystem. Today, we are proud to offer a complete investment management platform that is configurable, cloud-based, automated, and versatile. GPs and Deal Teams use our platform for: -Deal Management & CRM -Investor Relations & Fundraising -Portfolio Monitoring & ESG -Fund & Investment Accounting -Investor Portal Communications LPs and Asset Allocators use our platform for: -Research Management -Stakeholder Communications -Portfolio Management All users can leverage Dynamo mobile for on-the-go access, an ecosystem of service providers, flexible integration capabilities, and time-saving data automation. Our clients include: -Private Equity -Venture Capital -Hedge Funds -Corporate Development -Investment Banking -Real Estate -Endowments & Foundations -Family Office -Pensions -Asset Managers -Funds of Funds -Insurance Our product stack sets us apart from the competition with dynamic, interactive data visualizations and drill-through capabilities, third-party integration and API data sourcing, integrated compliance reporting for FACTA, KYC, ILPA, and more, and a firm-wide single source of truth database for research, performance metrics, activities, insights, and document management. Dynamo is a global company, with six offices worldwide. Find us in the U.S., England, Bulgaria, Singapore, UAE, and Hong Kong. Dynamo is the end-to-end cloud platform every alternative investments firm needs. With Dynamo, there is a better way to take control of your investment insights. We’re ready to show you how. Learn why Dynamo is trusted by thousands of customers worldwide.",12000,"https://www.linkedin.com/company/dynamo-software/","softwarese","[{""keywords"":""softwarese"",""origin"":""FACETED_SEARCH"",""spellCorrectionEnabled"":""true"",""companyHqGeo"":[""106155005"",""100459316"",""104305776""]}]"
"Botree Software International Pvt. Limited","Software Development","Chennai, Tamilnadu","We make it easy for businesses to streamline operations, make data-driven decisions, and boost sales with our robust suite of products. With over 25+ years of industry experience, we have been enabling businesses across diverse verticals to drive revenue velocity, automate distribution, and enhance retail execution. Head over to our website to learn more about us - https://botreesoftware.com/?utm_source=linkedin&utm_medium=social&utm_campaign=About_Us",16000,"https://www.linkedin.com/company/botree-software-international-pvt-limited/","softwarese","[{""keywords"":""softwarese"",""origin"":""FACETED_SEARCH"",""spellCorrectionEnabled"":""true"",""companyHqGeo"":[""106155005"",""100459316"",""104305776""]}]"
"FINEXCORE Software Solutions","IT Services and IT Consulting","Dubai, UAE","At FINEXCORE, we’re transforming the way banks operate through intelligent automation and advanced digital solutions. With over a decade of Corporate Banking experience, we help banks modernize lending, trade, and payment ecosystems using our proprietary platforms, which are trusted by the leading global banks. 𝗢𝘂𝗿 𝗩𝗶𝘀𝗶𝗼𝗻 • To be the Global Leader in Banking Technology Transformation • Deliver Measurable Business Impact • Accelerate Clients' Digital Banking Journey • Transforming Corporate Lending with Digital Intelligence 𝗖𝗼𝗿𝗲 𝗦𝗼𝗹𝘂𝘁𝗶𝗼𝗻𝘀 • FacilitySight • LimitSuite • UtilizationTracking • SettleX • DebtTracking • CommBridge • ShariahShield 𝗢𝘂𝗿 𝗖𝗼𝗿𝗲 𝗘𝘅𝗽𝗲𝗿𝘁𝗶𝘀𝗲 • Business Consulting • Project & Program Management • Corporate Banking • IT Solutions for Financial Institutions • Automation & Digital Transformation • System Integration 𝗢𝘂𝗿 𝗧𝗿𝗮𝗰𝗸 𝗥𝗲𝗰𝗼𝗿𝗱 ✔ Proven Legacy of Trust and Expertise ✔ Driving Continuous Evolution in Banking Technology ✔ Delivering Measurable Value Across the Lending Lifecycle ✔ Turning Strategic Vision into Scalable Technology Reality ✔ Consistent Excellence Across Global Implementations ✔ Leading the Shift from Legacy Systems to Intelligent Lending Solutions",13000,"https://www.linkedin.com/company/finexcore/","softwarese","[{""keywords"":""softwarese"",""origin"":""FACETED_SEARCH"",""spellCorrectionEnabled"":""true"",""companyHqGeo"":[""106155005"",""100459316"",""104305776""]}]"
"FFS Software Solutions Company LLC","Information Technology & Services","Dubai","We are a unified digital solutions provider. At FFS (First Future Solutions), we seamlessly bridge technology and business to enable our clients to build the future with confidence. FFS has over two decades of experience driving digital transformation for banks. We are headquartered in the MENA region, with solutions implemented across the globe. FFS bridges the world of technology, finance, innovation, and transformation, making it easier for businesses to offer outstanding customer experiences while running more efficiently. FFS vision is to be the global partner of choice for digital transformation. We want to help businesses not just react to changes but shape them. FFS doesn’t just deliver products — we build partnerships to help clients achieve their vision of the future.",5000,"https://www.linkedin.com/company/ffs-software-solutions-company/","softwarese","[{""keywords"":""softwarese"",""origin"":""FACETED_SEARCH"",""spellCorrectionEnabled"":""true"",""companyHqGeo"":[""106155005"",""100459316"",""104305776""]}]"
"Tronica Software Development","Software Development","Cairo, Cairo","Tronica is an innovative technology and development company specialized in the development and customization of enterprise-level solutions, Web development, information technology and mobile apps that will transform the way companies do business",4000,"https://www.linkedin.com/company/tronicasoftwaredevelopment/","softwarese","[{""keywords"":""softwarese"",""origin"":""FACETED_SEARCH"",""spellCorrectionEnabled"":""true"",""companyHqGeo"":[""106155005"",""100459316"",""104305776""]}]"
"Naba Software","Information Technology & Services","Dubai, Dubai","Naba Computer was established in the year 2000 as a specialist in computer technologies with all its categories. Naba provides technical, informational and research support in hardware, systems and networks for all the government and private sector companies and establishments. Our experience is developed over the years enabling us to provide several complete solutions for the private and government companies and institutions. We believe that success in achieving the desired goals will not take place unless there is total development in manufacturing systems. From our believe in the distinctiveness of the Arab user, we care about presenting complete solutions with the latest Client/Server techniques and the latest Object Oriented Programming (OOP) techniques, making the job of the user easier by providing sufficient explanation and instant help On-Line Help, and by providing after sale help, technical support and maintenance",3000,"https://www.linkedin.com/company/naba-software/","softwarese","[{""keywords"":""softwarese"",""origin"":""FACETED_SEARCH"",""spellCorrectionEnabled"":""true"",""companyHqGeo"":[""106155005"",""100459316"",""104305776""]}]"
"Curawella - Healthcare Software Company","Hospitals and Health Care","San Francisco, California","The experience we have today is confusing & sometimes painful. And we all deserve better. Curawella Digital Healthcare Company was founded in 2018 and launched to the public in 2020 to provide solutions for healthcare existing pain and needs in a digitalized way. At Curawella, we aim to overhaul and improve the entire physician-patient experience and enhance Medicines marketing.",4000,"https://www.linkedin.com/company/curawella/","softwarese","[{""keywords"":""softwarese"",""origin"":""FACETED_SEARCH"",""spellCorrectionEnabled"":""true"",""companyHqGeo"":[""106155005"",""100459316"",""104305776""]}]"
"Dew Software","Software Development","Fremont, California","At Dew Software, we are a leading player in the Digital Transformation space, empowering businesses to thrive in the rapidly evolving digital landscape. With over 25 years of industry expertise, we deliver innovative solutions and services to Fortune 500 companies, driving their growth and success. As a CMMi Level 3 and ISO certified organization, we are committed to excellence, quality, and customer satisfaction. Our robust processes and stringent quality standards ensure that we deliver exceptional outcomes for our clients, consistently exceeding their expectations. We specialize in end-to-end Quality Assurance and transformation services, helping our clients achieve superior software quality and optimize their development processes. With a global presence and 14 development centers spanning 9 countries, our organization brings together diverse talent and expertise from around the world. We foster a collaborative and inclusive work culture that encourages creativity, innovation, and continuous learning. At Dew Software, we are experts in the Build Operate Transfer (BOT) model, providing comprehensive solutions that enable seamless transitions from project initiation to full-scale operations. Our expertise in BOT ensures that our clients can quickly establish their technology operations and effectively manage their IT assets for long-term success. We believe in the power of digital transformation to revolutionize industries and drive positive change. We leverage cutting-edge technologies, such as AI, cloud computing, and data analytics, to help our clients optimize their operations, enhance customer experiences, and stay ahead in today's competitive market. Join our talented team of professionals who are passionate about making a difference. At Dew Software, you'll have the opportunity to work on exciting projects, collaborate with industry leaders, and unleash your full potential. Be a part of our journey in shaping the future of digital transformation",86000,"https://www.linkedin.com/company/dewsoftware/","softwarese","[{""keywords"":""softwarese"",""origin"":""FACETED_SEARCH"",""spellCorrectionEnabled"":""true"",""companyHqGeo"":[""106155005"",""100459316"",""104305776""]}]"
"Daffodil Software","IT Services and IT Consulting","Grandville, MI","Daffodil Software is a leading software engineering partner that’s empowering 100+ organizations across the globe with innovative solutions, unparalleled execution capabilities and unwavering focus on customer satisfaction. With our core in tech agility & process orientation, we help businesses evolve & elevate their value proposition & look beyond technology. Why Choose Daffodil? CMMI Level 3 Accredited Organization 1200+ Technologists 1000+ Customers Served 20+ Years of Expertise 4.8 Av. CSAT Score",86000,"https://www.linkedin.com/company/daffodil-software-ltd-/","softwarese","[{""keywords"":""softwarese"",""origin"":""FACETED_SEARCH"",""spellCorrectionEnabled"":""true"",""companyHqGeo"":[""106155005"",""100459316"",""104305776""]}]"
"Awery Aviation Software","Transportation, Logistics, Supply Chain and Storage","Ras Al Khaimah, Ras Al Khaimah","Awery offers leading ecosystem of cloud-based ERP, CRM and mobile apps to completely and holistically manage aviation and logistics companies. From operations to sales & bookings, from planning & control to managerial & financial accounting. Fully scalable, with workflow management, document control and connectivity",5000,"https://www.linkedin.com/company/awery-airlines-solutions/","softwarese","[{""keywords"":""softwarese"",""origin"":""FACETED_SEARCH"",""spellCorrectionEnabled"":""true"",""companyHqGeo"":[""106155005"",""100459316"",""104305776""]}]"
"Avidia Software","Software Development","Raleigh, North Carolina","People and Payroll Management Software HR | Payroll | Performance | Time | Onboarding | Analytics",6000,"https://www.linkedin.com/company/avidia-software/","softwarese","[{""keywords"":""softwarese"",""origin"":""FACETED_SEARCH"",""spellCorrectionEnabled"":""true"",""companyHqGeo"":[""106155005"",""100459316"",""104305776""]},{""origin"":""GLOBAL_SEARCH_HEADER"",""companyHqGeo"":[""100459316"",""104305776"",""106155005""],""companySize"":[""B"",""C""],""industryCompanyVertical"":[""4""]}]"
"Sigma Software","Software Development","London","Sigma Software, an award-winning and trusted IT partner, has been serving customers for over 24 years, providing comprehensive IT solutions to various businesses, ranging from startups to established software product houses. As one of Europe's substantial IT consultancies, it brings together a dedicated workforce of over 2,000 professionals in 20+ countries. With a diverse client base, including more than 300 enterprises, including Fortune 500 stalwarts, Sigma Software is a preferred choice for developing solutions that help businesses create cutting-edge products while meeting their unique needs. Sigma Software operates as a dynamic ecosystem of tech companies, offering 25 ready-to-implement innovative products and 40+ value-added services. Furthermore, Sigma Software is committed to fostering innovation through initiatives such as the Sigma Software Labs business incubator, Sigma Software University, the SID Venture Partners VC Fund, UA Tech Network, Techosystem, the European Business Association, and other collaborative efforts. Since 2002, Sigma Software has consistently earned recognition on the IAOP's prestigious World's Top 100 Outsourcing list. The company's accomplishments have also been acknowledged by prominent global media outlets such as Forbes, CNBC, The Times, and Reuters.",143000,"https://www.linkedin.com/company/sigma-software-page/","softwarese","[{""keywords"":""softwarese"",""origin"":""FACETED_SEARCH"",""spellCorrectionEnabled"":""true"",""companyHqGeo"":[""106155005"",""100459316"",""104305776""]}]"
"Lepton Software","IT Services and IT Consulting","Gurgaon, Haryana","Lepton Software is a pioneering force in geospatial intelligence, renowned for its innovative technology solutions tailored for the telecommunications industry and extending its expertise across diverse sectors. Our advanced GIS solutions, digital twins, remote sensing, RF mapping (2D, 2.5D, & 3D), and location-based services empower businesses to make informed decisions and optimize operations. Industry Focus: We specialize in tailored geospatial solutions for: - Telecommunications: End-to-end 5G and Fiber/FTTx network planning, deployment, and optimization. - Government and Defence - BFSI (Banking, Financial Services, and Insurance) - FMCG and Retail - Automobile - Logistics - Restaurants and Food Key Products: - NetworkAccess: A unified platform for telecommunication businesses, encompassing four main modules: # NetworkAccess SmartPlanner: End-to-End Fiber/FTTx Network Planning # NetworkAccess SmartInventory: Fiber Network Inventory Management # NetworkAccess SmartOPS: Workforce Management Tool # NetworkAccess SmartSQ: End-to-End Feasibility Checks # NetworkAccess SmartSignal: Create a Digital Twin of Telco Network - rfMAP (2D & 3D): Advanced mapping for network planning, navigation, risk mitigation, and smart city planning. - neo360: Geo-analytics platform for visualizing and deriving insights from data correlations. - Lepton Maps API: Enhances mapping experiences with advanced analytics. - SmartMarket: Business intelligence tool for visualizing and analyzing business data. - Lepton SmartData: Data as a Service (DaaS) for leveraging spatial datasets in decision-making. Partnership with Google: For over 12 years, Lepton Software has been the preferred technology partner for the Google Maps Platform in India, enhancing our geospatial offerings with cutting-edge mapping technology.",119000,"https://www.linkedin.com/company/lepton-software/","softwarese","[{""keywords"":""softwarese"",""origin"":""FACETED_SEARCH"",""spellCorrectionEnabled"":""true"",""companyHqGeo"":[""106155005"",""100459316"",""104305776""]}]"
"ESKADENIA Software","Software Development","Amman, Amman","ESKADENIA Software is committed to continuously enrich its product offerings and create advanced software products according to market demands. ESKADENIA Software maintains this commitment by continually investing in research, development and customer care. In July of 2000, a group of telecom and IT professionals founded ESKADENIA Software. Their objective was to establish a world-renowned software development company providing distinguished software systems. Utilizing their wide contact network and diverse international experience, ESKADENIA Software was created and has grown to be a regional market leader in a short period. ESKADENIA Software is headquartered in Amman, Jordan with offices and customers in Asia, Europe, and Africa. Today, ESKADENIA Software consists of over 200 professionals with diverse industry backgrounds, with most of the ESKADENIA team, around 85%, actively working in Research and Development. ESKADENIA Software is a CMMI® level 3 certified company that provides top-quality software in the fields of Telecommunications, Insurance, Enterprise, Education, Healthcare and Internet.",44000,"https://www.linkedin.com/company/eskadenia-software/","softwarese","[{""keywords"":""softwarese"",""origin"":""FACETED_SEARCH"",""spellCorrectionEnabled"":""true"",""companyHqGeo"":[""106155005"",""100459316"",""104305776""]}]"
"Interact Software","Software Development","Manchester","Interact delivers enterprise-grade intranet software to over 1,000 customers and millions of employees worldwide. Our mission is to inform and connect every organization's greatest asset: its people. For more than 15 years, Interact has worked with organizations such as Levi Strauss & Co., New York Life, Teva Pharmaceuticals, and Domino’s to deliver outstanding intranet experiences. Interact has offices in New York, Tulsa, and Manchester and operates across North America, EMEA, and Australia.",25000,"https://www.linkedin.com/company/interactsoftware/","softwarese","[{""keywords"":""softwarese"",""origin"":""FACETED_SEARCH"",""spellCorrectionEnabled"":""true"",""companyHqGeo"":[""106155005"",""100459316"",""104305776""]}]"
"Profile Software","Software Development","Athens","Founded in 1990, Profile Software is a specialised financial software solutions provider with offices in key financial centers and a presence in 50+ countries across Europe, the Middle East, Asia, Africa and the Americas delivering market-proven solutions to the Investment Management and Banking industries. Profile Software is recognised as an established and trusted partner by international industry-specific advisory firms.",21000,"https://www.linkedin.com/company/profile-software/","softwarese","[{""keywords"":""softwarese"",""origin"":""FACETED_SEARCH"",""spellCorrectionEnabled"":""true"",""companyHqGeo"":[""106155005"",""100459316"",""104305776""]}]"
"Lakshya Software Technologies Pvt. Ltd.","IT Services and IT Consulting","Hyderabad, Telangana","With extensive experience spanning across different industries and regions, we offer specialized services to clients globally. Our ability to adapt to regional customs and preferences enables us to solve the most complex problems for our clients, while delivering exceptional results. At Lakshya Software Technologies, our singular focus is to achieve the best possible outcome for our clients. To achieve this, we are willing to make tough decisions and explore essential perspectives that offer simple yet timeless solutions, both differentiated and relevant. As a company with a significant presence in both domestic and international markets, we have over 80 full-time employees in-house, as well as 240+ employees working at various client locations. Our customer-oriented approach has earned us a valuable place in our customers' hearts. We invest our time and resources in two key areas: recruiting the right talent and executing our products to the highest standards. Our services are customer-centric, including application development and support, maintenance, application testing, designing and implementation, and talent acquisition. With our proven track record of providing high-quality solutions, we are confident in our ability to deliver customized solutions that meet the unique needs and requirements of our clients. At Lakshya, we strive to develop strong relationships with our clients, working collaboratively to achieve their goals and objectives.",29000,"https://www.linkedin.com/company/lakshya-software-technologies/","softwarese","[{""keywords"":""softwarese"",""origin"":""FACETED_SEARCH"",""spellCorrectionEnabled"":""true"",""companyHqGeo"":[""106155005"",""100459316"",""104305776""]}]"
"ATIS Software Factory","IT Services and IT Consulting","Zug, ZG","ATIS is a Software House specialized in the design, development, and integration of custom software solutions. We are headquartered in Switzerland. Since 2013 we have been a visionary and a reliable software engineering partner for world-class brands in Europe and the USA. Our international team of 120 + helps over 100 customers and 90% of our customers choose us for long-term collaborations. We are experienced in travel and hospitality, fintech, retail, MedTech, fashion, education, game development, sport, media & entertainment. We follow the best open source technologies and always stay up-to-date with the latest trends of the community. Main Technology Platforms we work with: JavaScript frameworks like Angular, React and VueJS. - PHP (Laravel)- Java (Spring/Spring Boot)- C Sharp (.NET Core) –NodeJS - React Native - Java for Android – Kotlin – Swift – WooCommerce - Prestashop - Drupal - Magento. ATIS is your perfect destination for digital transformation as well as career empowerment.",17000,"https://www.linkedin.com/company/atis-software-factory/","softwarese","[{""keywords"":""softwarese"",""origin"":""FACETED_SEARCH"",""spellCorrectionEnabled"":""true"",""companyHqGeo"":[""106155005"",""100459316"",""104305776""]}]"
"Advancis Software & Services","IT Services and IT Consulting","Langen, Hessen","Advancis is a global leader in the PSIM industry with offices and partners around the globe. The company was founded in 1994 with the goal of developing a command & control management platform to unify disparate security systems and to provide real time incident handling for security control rooms. WinGuard PSIM from Advancis is a highly stable, scalable and sophisticated, open architecture command & control platform for security and building integration. We work closely in partnership with an ever expanding community of security system and equipment manufacturers from around the world to ensure the integration and compatibility with WinGuard. There are already over 500 interfaces available. Our community of certified partners deploys WinGuard to integrate and unify security, automation, IT and communication systems for centralised, real time event management and communication. Most essentially WinGuard provides operators with an instant picture of full situational analysis for decision making, command and control of all systems as well as dynamic and interactive handling procedures for live security incidents via the control room as well as in the field for mobile security agents. WinGuard is sold via a network of security, automation and IP specialists in over 70 countries at projects of various sizes and complexity. Many of these protect national and critical infrastructure or corporate security such as data centres, banks headquarters, correctional facilities, railway infrastructure, airports, pharma, oil & gas and in sports arenas and stadiums. Our mission is to offer the most stable and innovative PSIM solution on the market that provides the benefits of open architecture, cost efficiency and scalability as well as to provide high levels of support throughout a projects life cycle. Advancis is an ISO 9001 certified company.",7000,"https://www.linkedin.com/company/advancis-software/","softwarese","[{""keywords"":""softwarese"",""origin"":""FACETED_SEARCH"",""spellCorrectionEnabled"":""true"",""companyHqGeo"":[""106155005"",""100459316"",""104305776""]}]"
"Tranetech Software Solutions","Information Technology & Services","Abu Dhabi, Abu Dhabi","Tranetech Software Solutions, we are a team with years of knowledge and experience for software development. Every one of us has a passion for design, development and successful deployment. In Tranetech Software Solutions, we deliver what we promise. Our team works on a client-centric approach that aims to deliver sustainable results that promote business growth. With our expertise, we help you deliver the perfect system for your business and make complex systems simple for the end-user and clients. Technologies play a vital role in turning an idea into a reality that is why we had a team consists of domain experts from varied technologies. We expertise in building intuitive solutions with technologies built on your choice of platform. The applications are horizontally scalable and keep your business online, available and responsive to change. All you need is to let us know your requirement and we will deliver a technical solution worthy of outstanding business success.",16000,"https://www.linkedin.com/company/tranetech-software-solutions/","softwarese","[{""keywords"":""softwarese"",""origin"":""FACETED_SEARCH"",""spellCorrectionEnabled"":""true"",""companyHqGeo"":[""106155005"",""100459316"",""104305776""]}]"
"TestPRO | Software Testing Services | خدمات اختبار البرمجيات","IT Services and IT Consulting","Dubai","تيست برو هي شركة مصرية متخصصة فى مجال اختبار البرمجيات والجودة في مصر والخليج At TestPRO, we specialize in providing our clients with exceptional Software Testing Services and Training. Our services include: • Functional Testing • Performance Testing • Acceptance Testing • Usability Testing • Portability Testing • Security/Penetration Testing • Test Automation • Mobile Testing • Agile Coaching • Software Testing Outsourcing • Software Testing Consultation Additionally, TestPRO is an ISTQB Gold Partner and an accredited training provider for ISTQB Certificates. We offer training programs that are designed to equip professionals with the necessary skills and knowledge in the field of software testing. TestPRO succeeded in saving up to 30% of testing costs and time for our partners while significantly improving quality results for leading organizations TestPRO succeeded in saving up to 30% of testing costs and time for our partners while significantly improving quality results for leading organizations.",15000,"https://www.linkedin.com/company/testproeg/","softwarese","[{""keywords"":""softwarese"",""origin"":""FACETED_SEARCH"",""spellCorrectionEnabled"":""true"",""companyHqGeo"":[""106155005"",""100459316"",""104305776""]}]"
"Amrut Software","Software Development","Mumbai, Maharashtra","Amrut Software is a leading provider of customer-centric solutions, empowering companies to gain a sustainable competitive advantage. We are India's premier Atlassian Enterprise Platinum Partner and Cloud First Solutions provider. With a legacy of excellence since 2004, our comprehensive solutions cater to diverse industries, from Fortune 500 companies to SMEs, ensuring businesses of all sizes benefit from our expertise. Headquartered in Mumbai, we serve global clients from our operations in India and the UAE. Our services encompass software and IT services, consulting, app & plugin development, customization, configuration, migration, resource augmentation, integration, workflow management, and digital commerce. Transforming together with Atlassian, JetBrains, Nagios, Monday.com, GitHub, Gitlab, Smartbear, Zendesk, JFrog, Sentry, TechSmith, ClickUp, CloundBees, Freshworks, Site24*7, Sencha",10000,"https://www.linkedin.com/company/amruts-software/","softwarese","[{""keywords"":""softwarese"",""origin"":""FACETED_SEARCH"",""spellCorrectionEnabled"":""true"",""companyHqGeo"":[""106155005"",""100459316"",""104305776""]}]"
"Microtech Software Solutions","Software Development","Cairo, Giza","For over three decades, Microtech, the region’s leading enterprise software multi-national company, has provided the software and associated services which enable organizations in managing their business processes, and in obtaining timely and accurate information from their business systems. Microtech’s leadership, vision, and commitment to its clients have made it the Middle East’s largest enterprise software company, providing software and consulting and support services to enterprise clients throughout the region.",10000,"https://www.linkedin.com/company/microtech_4/","softwarese","[{""keywords"":""softwarese"",""origin"":""FACETED_SEARCH"",""spellCorrectionEnabled"":""true"",""companyHqGeo"":[""106155005"",""100459316"",""104305776""]}]"
"Splash Software LLC","IT Services and IT Consulting","Business Bay, Dubai","Splash Software L.L.C is Dubai based software company that registered from 2020 under license no: 924267 with activity of Computer Systems & Communication Equipment Software Design. We are a team of experts who develop blockchain systems and softwares based on your needs under UAE, GCC and International law, we provide consultant services and support the digital industry. The team modernizing your needs on highest artificial intelligence technology to create seamless experience of usage. Today, the breadth of services we provide is quite remarkable for our size and enables us to punch well above our weight. Our expertise spans cloud migration services, IT infrastructure, application specializations, software development, native mobile app development and all are underpinned by our managed services. We focus on customer needs, design functional and user-friendly software that adds value to our customer’s business. Splash Software provides all the solutions and develop your idea and manage all the side requirements from A to Z, which means you don’t need to have any knowledge or experience in software development. Software development is the unique ability to visualize A real-world problem and code this into a finely tuned solution. At Splash Software, our highly skilled developers work tirelessly to ensure total customer satisfaction, a work ethic which has made us one of the leading software development companies in UAE. We provide Application Support across several cloud and on-premises applications across a variety of platforms. Contact us today to find out more about our Application Support for your application or move your current support from another vendor.",11000,"https://www.linkedin.com/company/splsae/","softwarese","[{""keywords"":""softwarese"",""origin"":""FACETED_SEARCH"",""spellCorrectionEnabled"":""true"",""companyHqGeo"":[""106155005"",""100459316"",""104305776""]}]"
"Finonyx Software Solutions Pvt Ltd","IT Services and IT Consulting","Bangalore, KA","About Us For more than 15 years, Finonyx Software Solutions has stood beside banks and financial institutions as they navigate the ever-changing world of technology. As a trusted Oracle Partner, we bring deep expertise in Oracle Financial Services consulting, implementation, customization, and support - helping our clients move forward with confidence in their digital transformation journeys. Our solutions span Digital Banking, WhatsApp Banking, Digital Onboarding, Document Management, Alert Management, EOD Automation, and Quantum Bus integration - each built with one goal in mind: making banking simpler, faster, and more human for the people who use it every day. Today, more than 50 financial institutions across Africa, the Middle East, Asia, and the Caribbean trust Finonyx as a partner who shows up not just at the start of a project, but for the long run. What We Excel At / Areas of Expertise Empowering Financial Institutions through Digital Banking Transformation, Oracle Financial Services Expertise, Core Banking Modernization, Cloud & Managed Services, Islamic Banking Solutions, Governance, Risk & Compliance (GRC), Enterprise Risk Management, Financial Crime Prevention, Cybersecurity Operations (NOC & SOC), Intelligent Document Management, Enterprise Integration, Custom Software Development, and Banking Process Automation",10000,"https://www.linkedin.com/company/finonyx-software-solutions-pvt-ltd/","softwarese","[{""keywords"":""softwarese"",""origin"":""FACETED_SEARCH"",""spellCorrectionEnabled"":""true"",""companyHqGeo"":[""106155005"",""100459316"",""104305776""]}]"
"Cylsys Software Solution Pvt Ltd.","IT Services and IT Consulting","Mumbai, MH","Cylsys is a focused engineering firm that specialises in tackling IT Solutions. Our USP is high quality, fail-safe software. Our team of young experts loves challenges and doesn’t believe in run-of-the-mill answers. Some of the recent projects we’ve handled are a testimony to our promise. We’ve created a content reader for Wolters Kluwer, USA - It’s a next generation iPAD/Android based reader for medical and scientific journals. About 350 journals goes live to the reader. We’ve put in a payment gateway, given digital rights management capabilities and added a host of other features that make it more user-friendly than you can imagine. Its comprehensive advertisement platform that has micro-targeting capabilities; carries context-aware, rich multimedia adverts; has sophisticated usage analytics to study user behavior and frequently read articles; and supports online interactions between peers, users and advertisers. We’ve designed application integration software that enables applications running on different servers to talk to each other. For isntance Mumbai International Airport, it runs a main frame server that supports the administrative operations of the airport. It also runs a parallel Gate Operating System that is responsible for guiding an airplane to its parking bay. It is very useful for these two systems to communicate with each other, but they can’t because they operate with completely different architecture.",10000,"https://www.linkedin.com/company/cylsys-software-solution-pvt-ltd/","softwarese","[{""keywords"":""softwarese"",""origin"":""FACETED_SEARCH"",""spellCorrectionEnabled"":""true"",""companyHqGeo"":[""106155005"",""100459316"",""104305776""]}]"
"Ezulix Software","IT Services and IT Consulting","Gurugram, Haryana","Ezulix | Global Technology, AI & Digital Transformation Partner Ezulix is a global technology consulting and software development company specializing in custom software development, AI solutions, and digital transformation services for startups, scale-ups, and enterprises worldwide. With 10+ years of experience and 1500+ successful project deliveries, we help businesses build, scale, and modernize high-performance digital products across the US, UK, UAE, and global markets. We deliver end-to-end software development services, including web and mobile app development, SaaS product engineering, enterprise software solutions (ERP/CRM), cloud application development, and business process automation. Our expertise in Artificial Intelligence (AI), Machine Learning (ML), agentic AI, AI chatbots, data analytics, and intelligent automation enables organizations to improve efficiency, reduce costs, and unlock new revenue streams. From MVP development for startups to enterprise application modernization and legacy system upgrades, Ezulix combines technology consulting, product strategy, UI/UX design, and agile development to deliver scalable, secure, and future-ready solutions. Core Capabilities: Custom Software Development • Mobile App Development • Web Development • SaaS Development • Enterprise Software (ERP/CRM) • AI & ML Solutions • AI Chatbots & Automation • Cloud Computing • API Integrations • UI/UX Design • Digital Transformation • Product Engineering Who We Partner With: Startups • Scale-ups • Enterprises • Founders & Product Teams • Funded Ventures • Global Businesses • Agencies & Consulting Firms At Ezulix, we don’t just build software — we deliver scalable digital platforms, AI-powered systems, and technology solutions that drive measurable business growth and long-term success.",9000,"https://www.linkedin.com/company/ezulix-software/","softwarese","[{""keywords"":""softwarese"",""origin"":""FACETED_SEARCH"",""spellCorrectionEnabled"":""true"",""companyHqGeo"":[""106155005"",""100459316"",""104305776""]}]"
"Fratello Software House","Software Development","Nablus,","Fratello Software House is private company to provide high quality software solutions, customize mobile app solutions and Digital Business Solutions.",8000,"https://www.linkedin.com/company/fratello-ai/","softwarese","[{""keywords"":""softwarese"",""origin"":""FACETED_SEARCH"",""spellCorrectionEnabled"":""true"",""companyHqGeo"":[""106155005"",""100459316"",""104305776""]}]"
"Techlene Software Solutions Pvt. Ltd.","IT Services and IT Consulting","Indore, Madhya Pradesh","Techlene is a leading ERP software, enterprise technology, and digital transformation company headquartered in Indore, India. We specialize in delivering intelligent ERP solutions, business automation platforms, cloud applications, and advanced data-driven technologies that help businesses, industries, and educational institutions streamline operations, improve efficiency, and accelerate growth. At Techlene, we combine enterprise software expertise with modern technologies including AI, Big Data Analytics, Cloud Computing, Machine Learning, Business Intelligence, Mobile Applications, and Custom Software Development to build scalable and future-ready digital ecosystems. Our solutions are designed to connect departments, automate workflows, optimize resources, and provide real-time business insights for smarter decision-making. We empower manufacturers, trading companies, healthcare organizations, retailers, educational institutions, and service businesses with integrated ERP platforms covering finance, accounting, inventory, procurement, HR & payroll, production planning, CRM, sales, asset management, analytics, and operational management. Our specialized ERP and business software solutions include: • Manufacturing ERP Software • Trading & Distribution ERP Software • Industrial ERP Solutions • HR & Payroll Management Software • Hospital Management Systems • School & College ERP Software • Retail & POS Software • Inventory & Warehouse Management • CRM & Business Automation Solutions Techlene has successfully implemented ERP and enterprise solutions across diverse industries including manufacturing, healthcare, education, retail, construction, electronics, plastics, furniture, steel trading, logistics, and professional services. In addition to ERP products, we provide end-to-end IT and software services including: • Custom Software Development • Enterprise Web Applications • Mobile App Development • Cloud-Based Solutions • Business Intelligence & Analytics",9000,"https://www.linkedin.com/company/techlene/","softwarese","[{""keywords"":""softwarese"",""origin"":""FACETED_SEARCH"",""spellCorrectionEnabled"":""true"",""companyHqGeo"":[""106155005"",""100459316"",""104305776""]}]"
"Tactive Software Systems (P) Ltd","IT Services and IT Consulting","Erode, Tamil Nadu","A complete construction ERP software built on a unified platform delivering unparalleled solutions to meet your project management needs. Get real-time visibility & control over your 5Ms. (Men, Material, Money, Minutes, Machinery)",9000,"https://www.linkedin.com/company/tactivesoft/","softwarese","[{""keywords"":""softwarese"",""origin"":""FACETED_SEARCH"",""spellCorrectionEnabled"":""true"",""companyHqGeo"":[""106155005"",""100459316"",""104305776""]}]"
"Omega Software","IT Services and IT Consulting","Dubai, UAE","Omega Software is a leading worldwide company providing Information Technology solutions for the Hospitality and Retail industries. Omega provides Point of Sale and Enterprise Management Solution to Table Service, Fine Dining, Delivery, Fast food, Casual Restaurants, Hotels and Resorts, Theme Parks and Casinos, Institutional food service organizations and all kinds of retail environments. Omega Software Provides a powerful, yet Easy-to-use Software Solution Our Solutions helps businesses save time, increase efficiency, manage their needs more effectively, perform their day-to-day operations and keep up with the fast changing world. Our Mission Be a partner of choice for our clients and a source of pride for our employees. Our Vision Omega Software is aiming to become one of the top providers of software solutions for the hospitality industry and the general retail market. As a part of serving global customers Omega Software is also working on developing their presence in other parts of the world to be able to leverage the expertise that we presently have. History Omega Software was started in 1994. Today we are a pioneer in the “next generation” task-oriented, software solutions with immense growth. It is the trust and co-operation of our valuable clients who put their faith in us, that provided the harbor of success for our ships to anchor where Omega Software has reached impeccable heights! In a long run of 19 years with great dedication and hard work of our highly skilled staff, the expertise, guidance from experienced professionals and valuable leadership of company’s directors, we have reached remarkable place in the competitive market. Omega Software | POS System | POS Hardware | Business Management Software | POS For Restaurants | POS For Retail |",9000,"https://www.linkedin.com/company/omega-software-inc/","softwarese","[{""keywords"":""softwarese"",""origin"":""FACETED_SEARCH"",""spellCorrectionEnabled"":""true"",""companyHqGeo"":[""106155005"",""100459316"",""104305776""]}]"
"Zyple Software Solutions Pvt Ltd | SAP Business One Partner","Software Development","Bangalore, Karnataka","Zyple Software is an official SAP Business One Partner providing SAP Business One ERP services like SAP implementation, integration, add-ons, license, Support and digital transformation with SAP solutions to Businesses or industries around the globe. - Construction ERP (Infrastructure, Civil engineering, builders, Real Estate, Road & bridge, Concrete) - Manufacturing ERP - Pharmaceutical ERP - Process Industries ERP - Trading/Retail ERP - Textile ERP - Aerospace and defense ERP - Food & Beverage ERP - Oil & Gas industry ERP - Electronics industry ERP - Education ERP - Healthcare ERP - Dairy ERP - Jewellery ERP - ERP for Professional Services - Agriculture industry ERP - logistics ERP - Packaging industry ERP - Rental ERP - Steel & Wire industry ERP - Sugar & Distillery industry ERP - Chemical industry ERP - Procurement ERP - Paints & Pigments industry ERP - Sports ERP Investing in next-gen services and technology like SAP Business One HANA, HRMS, windows app, mobile app development, website design is a smart business call. If you are still not sure where to start – let’s Talk, Businesses are rapidly going digital and automating their business processes to drive customer satisfaction, make real-time decisions, reduce cost, and manage risk. They’re seeking business automation services to manage all their vital business functions. As a strategic partner of choice for over the years, Zyple Software Solutions helps businesses to achieve real business outcomes. With industry-specific expertise and automating your business processes with IoT, Robotics Machine Learning, SAP Business One (HANA / MS SQL), etc, we help our clients on their digital transformation journeys and modernize their business processes to rapidly solve their business problems. if you are interested in SAP B1 services, contact with zyple software team.",8000,"https://www.linkedin.com/company/zyple-software/","softwarese","[{""keywords"":""softwarese"",""origin"":""FACETED_SEARCH"",""spellCorrectionEnabled"":""true"",""companyHqGeo"":[""106155005"",""100459316"",""104305776""]}]"
"Micropro Software Solutions Limited","IT Services and IT Consulting","Nagpur, Maharashtra","Micropro Software Solutions Limited, established in 1988, is an ISO 9001:2015, ISO/IEC 27001:2022, and ISO/IEC 20000-1:2018 certified company, with CMMI Level 5 certification. It has offices in Nagpur, India, and Sharjah, UAE. For the past three decades, Micropro has been an eminent name in the software development business, with expertise in providing Turnkey IT solutions in various fields, including accounting, Manufacturing, Healthcare, Administration, Academics, and Customer-Specific solutions, as well as allied services such as infrastructure management, Hardware supply, and network. Micropro has a Major presence in Central India, Middle East, and Southeastern Africa. The organization is backed by a team of 150+ highly skilled professionals serving over 1500+ clients across India and the Middle East in various verticals like Public Sector, Healthcare, Education, Automobile, Real Estate, and Textile. We have achieved higher customer satisfaction throughout the Domestic & Global market with our industry-proven implementation methodology that ensures quick implementation of the software application ensuring a reduced payback period for the client. All our Solutions are also available in 'Software as a Service'​ (SaaS) Model so that the clients can reduce initial expenditure incurred on IT Infrastructure and avail 'Pay as you use'​ facility. Driven by our vision of providing consistent and innovative IT solutions we focus on delivering great customer experiences. At Micropro we are constantly trying to improve Clients business processes by optimum use of human resources thereby building a long-term relationship. Our prime adage is “Customer Satisfaction” and we make every attempt to live up to our motto... “Thinking Reality... Committed to Success”. #Micropro #HospyCare #Micropro Dealer Management Software #Micropro ERP #Micropro Oracle ADF Services #Micropro Hospital ERP #Micropro Dairy ERP #Micropro Infrastructure Management Services #Micropro Scurity Services",8000,"https://www.linkedin.com/company/micropro-software-solutions-ltd/","softwarese","[{""keywords"":""softwarese"",""origin"":""FACETED_SEARCH"",""spellCorrectionEnabled"":""true"",""companyHqGeo"":[""106155005"",""100459316"",""104305776""]}]"
"PACT SOFTWARE SERVICES (P) LTD","IT Services and IT Consulting","Hyderabad, India","Welcome to PACT ERP — The Single, Powerful Cloud Platform to Manage Every Department At PACT Software, we build high-performance, customizable enterprise automation systems designed to transform operational complexity into streamlined growth. Trusted by 12,000+ customers worldwide, our flagship ERP solutions help small, medium, and large enterprises eliminate disconnected software silos and run their entire operations with zero compromise. 📈 The PACT Performance Formula: * Boost Daily Operational Efficiency by 33%+ * Drive an 84% Scalability Factor in Business Growth * Automate Localized Compliance (India GST & UAE e-Invoicing) ⚙️ Our Modular ERP Ecosystem Includes: Financial Management | HR & Payroll with Employee Self-Service | CRM & Sales Automation | Procurement & Supply Chain | Manufacturing, Warehouse & Inventory | Real Estate & Property Management 🌐 Deploy on: On-Premises, Private Cloud, Public Cloud, or SaaS 💻 Book a personalized demo at www.pactsoft.com",8000,"https://www.linkedin.com/company/pacterp/","softwarese","[{""keywords"":""softwarese"",""origin"":""FACETED_SEARCH"",""spellCorrectionEnabled"":""true"",""companyHqGeo"":[""106155005"",""100459316"",""104305776""]}]"
"FACT Software Group","IT Services and IT Consulting","Singapore, Singapore","FACT Software is a Singapore based ERP software development company with over 34+ years of experience in helping 100,000+ companies become more productive, efficient and more profitable with our FACT ERP.NG software. FACT ERP.NG is regularly updated with enhancements, over 500 every year and has helped companies achieve the milestone of Zero Manual Work and a Spreadsheet Free Life. Our Global Presence: 1987 : FACT Solutions India Pvt Ltd was founded in India 1991 : The Nepal office (FACT Nepal Pvt Ltd) was launched 1992 : Singapore was the next stop for FACT and became the Headquarters of the FACT Group (FACT Software International Pte Ltd) 1993 : FACT opened in a fourth country with its Malaysia operations (FACT System (Malaysia) Sdn Bhd) 2003 : Dubai was the fifth destination for FACT (FACT Software Middle East FZ LLC) 2004 : Philippines was the latest addition to the FACT family (FACT Software Philippines Inc.)",8000,"https://www.linkedin.com/company/fact-software-group/","softwarese","[{""keywords"":""softwarese"",""origin"":""FACETED_SEARCH"",""spellCorrectionEnabled"":""true"",""companyHqGeo"":[""106155005"",""100459316"",""104305776""]}]"
"Kites Software","Software Development","Cairo","Kites Software is a software company specialized in enterprise solutions. We offer Kites ERP, the first SaaS ERP for Import and Distribution for SMEs in Egypt. Our mission is to help SMEs in Egypt - which are 60% of the private sector - in their digital transformation journey to establish viability online and to meet their ever-evolving needs especially after the COVID-19 new norms. We decided to start covering the companies in the Import and Distribution sector. This is to capitalize on our founders’ experience with companies in this sector. Where, in addition to their solid background in the field of software development, they also have a deep experience with the import and distribution business due to their exposure to their family import and export business that had been in the market since the the 80s. Kites Software Team At Kites Software, we are blessed to have a team full of potentials that strive for technical excellence. They share a belief that what is good enough for today, is not good enough for tomorrow. And thus they give continuous attention to technical excellence, good design, and clean code. They value collaboration; when someone needs a hand, every single person on the team is more than welcome to do whatever possible to help them out. They work hard with a good focus level during regular work hours and then rest, this is because we believe a sustainable pace is essential for long term sustainability . They are self-managed and self-organized. You’ll have the freedom to choose your tasks every sprint from among the tasks that advance the product goals. They plan their vacations flexibly according to the status of your team’s goals. They are diverse; we have members from different genders, religions, and from around 5 cities in Egypt. At last, the best in Kites Team is that they strive to create value for our customers while building quality-in.",7000,"https://www.linkedin.com/company/kites-software/","softwarese","[{""keywords"":""softwarese"",""origin"":""FACETED_SEARCH"",""spellCorrectionEnabled"":""true"",""companyHqGeo"":[""106155005"",""100459316"",""104305776""]}]"
"CITYTECH SOFTWARE | Microsoft Gold Partner","Software Development","Kolkata, West Bengal","Citytech Software is a Kolkata, India-based Software Development and IT Consulting company, trusted by clients across the USA, Australia, Canada, Europe, and Asia to align technology strategy with business outcomes. Established in 1993, the company has built over three decades of experience helping organizations navigate change, modernize operations, and stay competitive in an evolving digital landscape. Citytech's core competencies span web and client-server application development, ERP implementation, eCommerce development, CMS and Digital Experience Platform (DXP) solutions, enterprise mobility, and HR technology, including its proprietary Payroll and HR management product, Paylite HR. The company's portfolio further extends into AI-driven application development, Robotic Process Automation (RPA), digital modernization, and staff augmentation, enabling clients to automate business processes, extend their in-house teams with specialized talent, and future-proof legacy systems in line with market demands. As a Microsoft Gold Certified Partner, nopCommerce Gold Partner, Kentico Xperience Gold Partner, and Shopify Select Partner, Citytech delivers solutions built on trusted, enterprise-grade platforms. The company is also ISO 27001:2013 and ISO 9001:2015 certified, reflecting its commitment to information security and quality management across every engagement. Citytech works as a strategic technology consulting partner, not merely a solutions provider, guiding clients from business and technology strategy through design, implementation, and long-term support. Its solution-centric, consultative approach helps organizations achieve measurable gains in efficiency, cost optimization, and competitive positioning, whether through modernizing legacy systems, scaling teams, or adopting emerging technologies.",6000,"https://www.linkedin.com/company/citytech-software-private-limited/","softwarese","[{""keywords"":""softwarese"",""origin"":""FACETED_SEARCH"",""spellCorrectionEnabled"":""true"",""companyHqGeo"":[""106155005"",""100459316"",""104305776""]}]"
"3S Software - Secured Smart Systems","Information Technology & Services","Cairo, Nasr City","@3S Software we focus on realizing our customers'​ business values in the most efficient and professional way possible, through our diverse expertise and exceptional track-record since 2006. We specialize in custom solutions development for the Government and Sports sectors, in addition to integrated digital transformation solutions with over 11 applications, alongside credible devices from 3S Security. We are proud of our strategic partnership with Microsoft, and Huawei, and we are growing exponentially, do you have what it takes to grow with us?",7000,"https://www.linkedin.com/company/3segypt/","softwarese","[{""keywords"":""softwarese"",""origin"":""FACETED_SEARCH"",""spellCorrectionEnabled"":""true"",""companyHqGeo"":[""106155005"",""100459316"",""104305776""]}]"
"Madar Software","Information Technology & Services","Al Dammam, Western Region","Madar Software is a leading software development company in KSA and Gulf region , specialized in innovative mobile software solutions , well designed to suite Arabic and Muslim user needs , combining innovation with will built applications to give the best UX to our users",7000,"https://www.linkedin.com/company/madar-software/","softwarese","[{""keywords"":""softwarese"",""origin"":""FACETED_SEARCH"",""spellCorrectionEnabled"":""true"",""companyHqGeo"":[""106155005"",""100459316"",""104305776""]}]"
"Akshay Software Technologies Private Limited","IT Services and IT Consulting","Navi Mumbai, Maharashtra","Akshay Software Technologies Limited, founded in 1987 by experienced technocrats, has two lines of businesses providing SAP B1 Consulting for SMEs and Staffing services across industries. We are present in India and the UAE. SAP B1 Consulting Akshay Software is now established as one of the leading SAP B1 Solution providers. The consulting team has extensive SME experience and our development team provides efficient add-ons or customisation to extend functionality. Akshay Software is a SAP Value Added Reseller and is one of the top three partners for SAP B1 in India West. The SAP B1 vertical provides: *Mentorship and handholding of clients from very start of the project. *Top-of-line local expertise in guiding clients through Implementations. *Continuous and rigorous post-implementation support *Excellent communication management *Flexible solutions from domain experts Staffing With more than 3 decades of experience Akshay Software is a preferred staffing partner for corporates from SMEs to MNCs in India and the UAE. We provide flexible solutions from permanent placement to CTH to temporary contracts. Akshay Software implements process driven methodologies backed up by strict adherence to compliance. We innovate in your staffing needs so that you can focus on leadership. A partial list of our domain expertise includes: *IT/ITES across technologies and functions *Banking, Financial Services & Insurance (BFSI) *Custodial & Depository *Hardware & Software *Air services *Travel & Tourism *Media & Entertainment *Retail *Consulting",6000,"https://www.linkedin.com/company/akshayltd/","softwarese","[{""keywords"":""softwarese"",""origin"":""FACETED_SEARCH"",""spellCorrectionEnabled"":""true"",""companyHqGeo"":[""106155005"",""100459316"",""104305776""]}]"
"Gemini Software Solutions Pvt. Ltd.","Information Technology & Services","Trivandrum, Kerala","Gemini Software Solutions Pvt. Ltd. (GSS) is a trusted technology partner with over 26 years of excellence, delivering transformative digital solutions across Maritime, Logistics, Travel, BFSI, ERP, Cloud, and Custom Application Development. Legacy & Reach: A wholly owned subsidiary of the 130+ year-old Yusuf Bin Ahmed Kanoo Group (www.kanoo.com), GSS blends global strength with local expertise through offices in India, UAE, KSA, and Bahrain. Proven Track Record: • 1,000+ IT solutions delivered to 80+ global clients in15+ countries • 1.1 million+ man-days of domain and tech expertise • 6+ flagship products powering industry transformation • 95% repeat business rate More Than a Service Provider: GSS is a catalyst for digital transformation—delivering value through innovative, industry-compliant solutions (ISO 27001,PCI S3, PCI-DSS,SAR-DL, ZATCA, etc.) built with a forward-thinking mindset. Flagship Solutions & Services: • iStorePRO® – Modular SaaS for warehouse intelligence and operational optimization • GEM-ARK® – Digitized SaaS platform for shipping agency operations and DA processing • GEM-LINER™ – Shipping operations management for Liner Agents • Gem-Symphony™ – Business suite for inventory, procurement, rentals & workshops • GEMCARDS® – Retail payment suite for prepaid, credit, debit card lifecycle management with ACS & switch • Gem-eInvoice™ – ZATCA Phase 2 compliant e-Invoicing solution with ERP integration • ERP Services – Implementation, hosting & support, with expertise in car rental platforms • Custom Development – End-to-end application development tailored to industry needs • Cloud & Cybersecurity – Advisory, hosting, and robust security solutions Building Enduring Partnerships: At the heart of our philosophy lies a clear purpose—delivering value, driving innovation, and building trust. GSS is proud to be a catalyst in shaping the digital ecosystem and empowering businesses to thrive in a dynamically connected world.",6000,"https://www.linkedin.com/company/geminisoftwaresolutions/","softwarese","[{""keywords"":""softwarese"",""origin"":""FACETED_SEARCH"",""spellCorrectionEnabled"":""true"",""companyHqGeo"":[""106155005"",""100459316"",""104305776""]}]"
"EDM - Software Solutions","IT Services and IT Consulting","Beirut","With over 35 years of experience, EDM has become a leading provider of software and IT solutions in Lebanon, extending its reach across Saudi Arabia, Qatar, and the MENA region. Backed by a team of 200+ skilled professionals, EDM is dedicated to delivering high-quality solutions that streamline business processes and drive growth. Throughout the years, EDM has completed thousands of projects, solidifying its position as a trusted partner for businesses looking to embrace new technologies and embark on their digital transformation journey. Our Key Software Solutions Include: ERP Solutions: Comprehensive modules for Accounting, HR, Inventory, CRM, POS, and more. Payroll & School Systems: Tailored solutions to streamline HR and educational processes. POS Systems: Efficient solutions for retail businesses of all sizes. E-commerce Solutions: Building online platforms to expand your market reach. Mobile Sales Automation: Optimize field sales with our custom mobile applications. Field Medical Representative Management: Empower your field medical teams with tailored tools. Warehouse Management Solutions: Efficiently manage stock levels and optimize storage. Some of Our Software Partnerships: SAP Gold Partner Microsoft Gold Partner LS Retail Diamond Partner Odoo Partner Micro Focus Partner Insight Software (Business Intelligence) Why Choose EDM? With a fully integrated project management team, we ensure seamless implementation of your software solutions, tailored to your business needs. Ready to take the next step? Let’s discuss how we can transform your business together!",6000,"https://www.linkedin.com/company/engineering-design-&-manufacturing/","softwarese","[{""keywords"":""softwarese"",""origin"":""FACETED_SEARCH"",""spellCorrectionEnabled"":""true"",""companyHqGeo"":[""106155005"",""100459316"",""104305776""]}]"
"ISD Software und Systeme GmbH","Software Development","Dortmund","The mission of the ISD Group is to support customers as a strong partner, to implement engineering processes in an optimal way and thus to make companies more successful. Since its foundation in 1977 ISD has developed into a safe and reliable partner in this field, founded in Germany and now operating worldwide. ISD focuses on the provision of industry-specific knowledge, numerous services such as training courses and the high-quality, self-developed software for engineers. The CAD and PDM solutions HiCAD and HELiOS offer the user efficient functions, field-tested automation tools and a unique flexibility. HiCAD is a state-of-the-art 2D/3D CAD system with specialised industry solutions for plant and product design, as well as for the entire construction industry, including façade construction. The PDM solution HELiOS facilitates the acquisition, administration and distribution of documents and information. The added value for customers is characterized by the fact that every engineering project is faster and easier to develop, produce, assemble and maintain. Imprint: https://www.isdgroup.com/en/legal-notes-and-disclaimer/",3000,"https://www.linkedin.com/company/isd-software-und-systeme-gmbh/","softwarese","[{""keywords"":""softwarese"",""origin"":""FACETED_SEARCH"",""spellCorrectionEnabled"":""true"",""companyHqGeo"":[""106155005"",""100459316"",""104305776""]}]"
"URANIUM Software","IT Services and IT Consulting","Cairo, Maadi","URANIUM Software is a Professional and a specialized Information and Communication Technology Services Provider that was founded based on a true awareness of its mission. URANIUM Software sets an eye on its business objectives while the other eye is set on its customers’ business objectives, orchestrating both in real harmony and in a true sense of partnership that determines the type of relationships between URANIUM Software and its clients. URANIUM Software promises that it would go beyond the ordinary levels of services and beyond expectations in its pursue to serve its customers. We believe that our qualities should not only be technical, but as well none disputed commitment towards our customers and outstanding levels of service. We aim to introduce the vision of business driven IT solutions and service oriented architecture and the how-to utilize and enhance the IT services to serve our customers’ ultimate business vision and strategy.",6000,"https://www.linkedin.com/company/uraniumcorp/","softwarese","[{""keywords"":""softwarese"",""origin"":""FACETED_SEARCH"",""spellCorrectionEnabled"":""true"",""companyHqGeo"":[""106155005"",""100459316"",""104305776""]}]"
"UTrust for software testing and quality assurance services","Information Technology & Services","Qurtubah, Riyadh","Since our inception in 2015, UTrust has been dedicated to delivering comprehensive outsourced software testing solutions. We've grown into a reliable partner for businesses worldwide, ensuring the quality and reliability of their software products. Our team of experienced testers combines cutting-edge methodologies with a deep understanding of industry best practices to provide exceptional testing services that meet the unique needs of each Vast Menu.",6000,"https://www.linkedin.com/company/utrustglob/","softwarese","[{""keywords"":""softwarese"",""origin"":""FACETED_SEARCH"",""spellCorrectionEnabled"":""true"",""companyHqGeo"":[""106155005"",""100459316"",""104305776""]}]"
"Berakhah Software Solutions","IT Services and IT Consulting","Al Rashidiya, Ajman","EXCELLENCE.INNOVATION.EXPERTISE. About Us Berakhah Software Solutions F.Z.E is a full service, independent Software, programming and design firm located in India and United Arab Emirates. BSS is all about excellence, passion and flexibility. For the last 17 years we have offered world class services in Software Solutions, Application Development, Website Services and Enterprise Solutions. We follow three main rules to get to our goals: do it on-time, do it within scope and offer the best service with lower cost than other development centers. At BSS, we live and breathe Technology every day. Our Values We are satisfied with what we do and proud to integrate an organization that respects values such as: Dedication and passion for excellence Integrity and Honesty Creativity and Innovation Collaboration and Respect Diversity Desire to share knowledge, achievements, and experiences Care about our colleagues and their quality of life Talent retention and continuous motivation Our Vision & Mission MISSION : Our mission combines work and talent. We seek to achieve extraordinary results by helping our clients make distinctive improvements. How do we do it? By leveraging best-of-breed technology and building a great company that is profitable and appeals to, helps develop and retains exceptional people. VISION : Our passion for what we do led us here. Our vision guides our business every day: to provide the world with the best IT and software services while taking care of our people and honoring our values.",5000,"https://www.linkedin.com/company/berakhah-software-solutions/","softwarese","[{""keywords"":""softwarese"",""origin"":""FACETED_SEARCH"",""spellCorrectionEnabled"":""true"",""companyHqGeo"":[""106155005"",""100459316"",""104305776""]}]"
"Comsys Software S.A.E.","Software Development","Cairo, Heliopolis - Cairo","Comsys is one of the leading Egyptian software companies established in 1984. Its main objective is providing the market with business integrated software to enhance the ability of organizations to generate ad-hoc reports on a timely, accurate and comprehensive basis, thus supporting managers in their decision making process. We believe that in today’s challenging business environment, firms must choose partners precisely, based on the value to be added to the relationship. Software is not a commodity, it is only as good as the company that stands behind it. Our Number-One-Priority at Comsys is customer satisfaction, So we are always keen to enable our customers to maximize the return on thier investments and to minimize the total cost of ownership. Thus, we believe that our success is the reasonable outcome from our customers'​ success. User Friendly, Scalability, Flexibility, Control and Manageability are the key elements to drive and monitor data flow through ours systems.",4000,"https://www.linkedin.com/company/comsys-software-s-a-e-/","softwarese","[{""keywords"":""softwarese"",""origin"":""FACETED_SEARCH"",""spellCorrectionEnabled"":""true"",""companyHqGeo"":[""106155005"",""100459316"",""104305776""]}]"
"TheMarketConnect - Software Testing and Engineering","IT Services and IT Consulting","Ajman","With a rich history of successful projects, we have evolved into a seasoned and accomplished organization. Our team of professionals boasts years of experience in holistic project management, software development, quality assurance, and testing services. Collaborating with a diverse global client base, we have consistently excelled in delivering outstanding end-user experiences and world-class services. At TheMarketconnect , our legacy of innovation and unwavering commitment to excellence is the hallmark of our success.",4000,"https://www.linkedin.com/company/themarketconnectglobal/","softwarese","[{""keywords"":""softwarese"",""origin"":""FACETED_SEARCH"",""spellCorrectionEnabled"":""true"",""companyHqGeo"":[""106155005"",""100459316"",""104305776""]}]"
"Softbuilders Software Design LLC","Software Development","Dubai","At Softbuilders Software Design LLC, our mission is to provide our clients with exceptional software design and development services that exceed their expectations. We aim to build long-lasting partnerships by delivering high-quality, reliable, and scalable solutions that help businesses thrive in the digital landscape.",4000,"https://www.linkedin.com/company/softbuilders-software-design/","softwarese","[{""keywords"":""softwarese"",""origin"":""FACETED_SEARCH"",""spellCorrectionEnabled"":""true"",""companyHqGeo"":[""106155005"",""100459316"",""104305776""]}]"
"Lattice Software Solutions","Software Development","Dubai","Lattice Software Solutions is a Dubai-based software company specialising in facility and asset management technology for the GCC. Our Experience Founded in 1994, Lattice brings over 30 years of software experience, with the last 18 years focused on facilities management. Our solutions are developed, owned and supported entirely in-house. Our Platform Reflexion is our integrated CAFM, EAM and CMMS platform, providing property owners, developers and FM service providers with a single system to manage: Asset and location management Work orders and planned maintenance Contracts and SLA governance Field inspections and compliance Reflexion Audit extends the platform to field inspections and compliance checks, with offline capability for teams working in areas with unreliable connectivity. Built for Scale Reflexion currently manages: 450M+ sq. ft. | 10M+ work orders annually Our customers and users include organisations such as EMAAR, Louvre Abu Dhabi, Dubai Duty Free and Al Mouj Muscat, as well as leading FM operators including Emrill, Transguard and Al Shirawi FM. Connect With Us Interested in seeing Reflexion in action? 📅 Book a demo: https://calendly.com/latticegulf-sales/30min 🌐 Website: latticegulf.com ✉️ Email: info@latticegulf.com",3000,"https://www.linkedin.com/company/lattice-software-solutions/","softwarese","[{""keywords"":""softwarese"",""origin"":""FACETED_SEARCH"",""spellCorrectionEnabled"":""true"",""companyHqGeo"":[""106155005"",""100459316"",""104305776""]}]"
"Page by MRI Software","","","","","https://www.linkedin.com/company/mri-software-llc/","softwarese","[{""keywords"":""softwarese"",""origin"":""FACETED_SEARCH"",""spellCorrectionEnabled"":""true"",""companyHqGeo"":[""106155005"",""100459316"",""104305776""]}]"
"Kastech Software Solutions Group","IT Services and IT Consulting","Richmond, Texas","Kastech Software Solutions Group, incorporated in 2007 and headquartered in Richmond, Texas, is a leading global IT services and consulting company delivering technology-driven solutions to organizations across industries. With offices across North America, APAC, Latin America, the Middle East, and Australia, we help businesses transform their operations, improve efficiency, and drive innovation. Our core expertise includes: · Workday Implementation Support, Optimization, Advisory, and Managed Services · ERP Solutions: SAP, Salesforce, and ServiceNow · Ellucian Banner Consulting for Higher Education · Data Engineering, Business Intelligence, and Advanced Analytics · GIS and Urban Management Solutions · eSignature Solutions · MuleSoft Integration Services · IT Staffing Services Kastech has a strong partner network worldwide, helping us deliver reliable and cost-effective IT services including scalable and innovative technology solutions that drive business growth.",102000,"https://www.linkedin.com/company/kastech-software-solutions-group/","softwarese","[{""keywords"":""softwarese"",""origin"":""FACETED_SEARCH"",""spellCorrectionEnabled"":""true"",""companyHqGeo"":[""106155005"",""100459316"",""104305776""]}]"
"RBM Software","IT Services and IT Consulting","San Francisco , California","RBM Software is a digital transformation company that helps enterprises modernize operations, reimagine customer experiences, and build technology foundations for long-term growth. We bring deep capability across AI, data, cloud, and product engineering to turn transformation vision into working, scalable systems. Since 2015, we have partnered with enterprises across retail and ecommerce, fintech, healthcare, edtech, and supply chain to tackle real operational complexity — legacy modernization, system integration, process automation, and building new digital capabilities from the ground up. We combine strategic thinking with engineering discipline and quality-first delivery, using reusable frameworks and automation so transformations hold up well beyond go-live. Our work is grounded in industry context, not just technical execution. We understand the business problems behind the technology decisions, which means we build systems that deliver measurable value today while supporting where you're headed next.",26000,"https://www.linkedin.com/company/rbmsoftware/","softwarese","[{""keywords"":""softwarese"",""origin"":""FACETED_SEARCH"",""spellCorrectionEnabled"":""true"",""companyHqGeo"":[""106155005"",""100459316"",""104305776""]}]"
"MATRIXX Software","Telecommunications","Foster City, CA","MATRIXX Software delivers a dynamic billing, monetization and charging solution proven at scale. Global service providers like Telefónica, IoT providers like Tata Communications and network-as-a-service providers like DISH rely on MATRIXX to overcome the limitations of existing billing applications. MATRIXX provides a unified platform that transforms and simplifies billing operations across consumer, enterprise and wholesale businesses. With MATRIXX, operators can rapidly configure, deploy and monetize personalized offerings, enabling commercial innovation and real-time customer experiences that drive revenue and growth.",17000,"https://www.linkedin.com/company/matrixx-software-inc-/","softwarese","[{""keywords"":""softwarese"",""origin"":""FACETED_SEARCH"",""spellCorrectionEnabled"":""true"",""companyHqGeo"":[""106155005"",""100459316"",""104305776""]}]"
"BMC Software","IT Services and IT Consulting","Houston, Texas","BMC empowers 86% of the Forbes Global 50 to accelerate business value faster than humanly possible. Our industry-leading portfolio unlocks human and machine potential to drive business growth, innovation, and sustainable success. BMC does this in a simple and optimized way by connecting people, systems, and data that power the world’s largest organizations so they can seize a competitive advantage.",344000,"https://www.linkedin.com/company/bmc-software/","softwarese","[{""keywords"":""softwarese"",""origin"":""FACETED_SEARCH"",""spellCorrectionEnabled"":""true"",""companyHqGeo"":[""106155005"",""100459316"",""104305776""]}]"
"Page by GEP Worldwide","","","","","https://www.linkedin.com/company/gep-worldwide/","softwarese","[{""keywords"":""softwarese"",""origin"":""FACETED_SEARCH"",""spellCorrectionEnabled"":""true"",""companyHqGeo"":[""106155005"",""100459316"",""104305776""]}]"
"DANAOS Projects Software Solutions LLC","Software Development","Dubai, Business Bay","DANAOS Projects Software Solutions LLC is the developer and owner of ProjectVIEW ERP, a construction-specific, project-centric ERP system designed to solve one problem generic ERPs consistently fail at: real cost control in complex projects. ProjectVIEW ERP is purpose-built for contractors, EPC companies, shipyards, and project-driven manufacturers operating across infrastructure, energy, data centers, offshore, marine, mining, project-based manufacturing, and industrial construction. Unlike generic ERP platforms (SAP, Oracle, Infor, IFS, Sage, Dynamics) that are accounting-centric, ProjectVIEW ERP is built around the project itself, continuously benchmarking Cost and Time through the BoQ–WBS–Cost Code relationship. This enables real-time visibility into budget vs actuals, procurement-driven forecasting, earned value deviations, and corrective action — before overruns escalate. What defines ProjectVIEW ERP: Construction & project-centric ERP (not finance-first) Real-time cost control driven by BoQ, WBS, and procurement Native support for EPC, infrastructure, shipbuilding, and project-based manufacturing Integrated planning, procurement, subcontractors, site operations, and analytics Seamless integration with Primavera, BIM, and corporate ERPs (SAP / Oracle) DANAOS Projects operates internationally, with offices in Greece, Dubai, and the Philippines, serving enterprise-grade project organizations seeking control, predictability, and profitability across the full CAPEX → OPEX → asset lifecycle. ProjectVIEW ERP is not a generic ERP adapted for construction. It is a construction ERP engineered by construction professionals.",10000,"https://www.linkedin.com/company/danaos-projects/","softwarese","[{""keywords"":""softwarese"",""origin"":""FACETED_SEARCH"",""spellCorrectionEnabled"":""true"",""companyHqGeo"":[""106155005"",""100459316"",""104305776""]}]"
"ITIDA-SECC Software Engineering Competence Center","Information Technology & Services","Cairo, Giza","We work with ICT Companies in improving the process and content of their product or service production, by providing services that enhance their technical competence and improve their internal capabilities. In June 2001, the Software Engineering Competence Center (SECC) was inaugurated as part of the efforts sponsored by the Ministry of Communications and Information Technology (MCIT) to support Information Technology Industry in Egypt. In year 2005, SECC became a part of the Information Technology Industry Development Agency (ITIDA). ITIDA is a governmental organization developing IT industry in Egypt. It is significantly financed by the private ICT sector with significant presence of private ICT business representatives on its Board of Directors. It is significantly financed by the private ICT sector with significant presence of private ICT business representatives on its Board of Directors.",25000,"https://www.linkedin.com/company/secc-eg/","softwarese","[{""keywords"":""softwarese"",""origin"":""FACETED_SEARCH"",""spellCorrectionEnabled"":""true"",""companyHqGeo"":[""106155005"",""100459316"",""104305776""]}]"
"Veeam Software","Software Development","Seattle, WA","Welcome to Veeam’s LinkedIn page. Follow us here for company news, product updates, events and more. With Veeam, the trusted data and safe AI company, your data is understood, secured, and resilient so you can unleash it to accelerate safe AI at scale. Headquartered in Seattle with offices in more than 30 countries, Veeam protects over 550,000 customers worldwide, including 82% of the Fortune 500. Accelerate Safe AI at Scale. Learn more at veeam.com or follow Veeam on X @veeam",476000,"https://www.linkedin.com/company/veeam-software/","softwarese","[{""keywords"":""softwarese"",""origin"":""FACETED_SEARCH"",""spellCorrectionEnabled"":""true"",""companyHqGeo"":[""106155005"",""100459316"",""104305776""]}]"
"IT-Fusion Software House","Software Development","Cairo, Cairo","Over 12+ years of experience providing insurance software solutions, we delivered high-value innovative solutions by connecting the gap between insurance business know-how and Information technology to support wide, diversified, multicultural business environments in Egypt and Sudan. We understand that what matters most is to better understand our clients and how uniquely they each aspire to success. That is why our approach starts with people guided by CMMI-appraised processes.",10000,"https://www.linkedin.com/company/it-fusion-software-house/","softwarese","[{""keywords"":""softwarese"",""origin"":""FACETED_SEARCH"",""spellCorrectionEnabled"":""true"",""companyHqGeo"":[""106155005"",""100459316"",""104305776""]}]"
"IBS Software","Software Development","Singapore","IBS Software is a leading travel technology company delivering AI-native travel intelligence that enables smarter, faster and more resilient decision-making, with built-in guardrails across aviation, cargo and logistics, and leisure and hospitality. It powers core capabilities for leading travel brands worldwide, spanning airline retailing, passenger services, loyalty, fleet, hub and crew operations, cargo management, and cloud-native platforms for hotels and cruise line operators, and operates from 16 offices globally.",225000,"https://www.linkedin.com/company/ibssoftware/","softwarese","[{""keywords"":""softwarese"",""origin"":""FACETED_SEARCH"",""spellCorrectionEnabled"":""true"",""companyHqGeo"":[""106155005"",""100459316"",""104305776""]}]"
"Instant Software Solutions","Software Development","Cairo, cairo","Instant Software Solution is a software company that relies primarily on innovative and modern solutions in the field of software and is a modern company that uses all tools, We keep things simple, putting you in control so you can make informed choices",71000,"https://www.linkedin.com/company/instantsoftwaresolution/","softwarese","[{""keywords"":""softwarese"",""origin"":""FACETED_SEARCH"",""spellCorrectionEnabled"":""true"",""companyHqGeo"":[""106155005"",""100459316"",""104305776""]}]"
"Nice Software Solutions Pvt. Ltd.","IT Services and IT Consulting","Nagpur, Maharashtra","Nice Software Solutions – An idea over a coffee transformed into a bold vision. In 2008, NSS began with a simple yet powerful vision: to help businesses unlock the true potential of their data. What started as a small team in Nagpur has grown into a global force, with offices in Pune and Dubai and a team of 350+ experts who live and breathe data, analytics, and AI. Over the years, we’ve had the privilege of partnering with 100+ clients across the globe, delivering 600+ projects that have transformed the way businesses operate. From healthcare to finance, retail to banking, we’ve helped organizations turn raw data into actionable insights, empowering them to make smarter decisions, optimize operations, and drive growth. Our journey has been fueled by a relentless commitment to innovation. We’ve embraced cutting-edge technologies like Power BI, Azure, Snowflake, Databricks, MicroStrategy, and the latest advancements in Generative AI to stay ahead of the curve. But what truly sets us apart is our people—a team of passionate professionals who are constantly learning, evolving, and pushing boundaries to deliver solutions that matter. Our Mission: To empower businesses with transformative data and AI solutions that unlock new opportunities and drive success. Our Vision: To be a global catalyst for innovation, shaping the future of business intelligence and Generative AI. At Nice Software Solutions, we believe that data is more than just numbers; it’s the foundation of progress. Whether it’s building predictive models, automating processes with AI-driven tools, or crafting end-to-end analytics solutions by engineering data in a scalable format, we’re here to help businesses navigate the complexities of the digital age with confidence.",100000,"https://www.linkedin.com/company/nice-software-solutions/","softwarese","[{""keywords"":""softwarese"",""origin"":""FACETED_SEARCH"",""spellCorrectionEnabled"":""true"",""companyHqGeo"":[""106155005"",""100459316"",""104305776""]}]"
"FPT Software Career","IT Services and IT Consulting","Ha Noi","FPT Software Career is the official recruitment channel of FPT Software, dedicated to connecting talented professionals with impactful technology careers. FPT Software, a subsidiary of FPT Corporation, stands as a global technology leader - recognized as the Largest IT Services Company in Fortune 500 SEA. We harness the power of AI and emerging technologies to shape a happier future for people, drive success for enterprises, and foster prosperity for nations. For more information, please visit: https://fptsoftware.com/",101000,"https://www.linkedin.com/company/fptsoftwarecareer/","softwarese","[{""keywords"":""softwarese"",""origin"":""FACETED_SEARCH"",""spellCorrectionEnabled"":""true"",""companyHqGeo"":[""106155005"",""100459316"",""104305776""]}]"
"Global Software Solutions Group","IT Services and IT Consulting","Dubai Internet City, Dubai","Global Software Solutions Group Veracious product line is a series of robust banking platforms that provide core banking, payment systems, custom process automation, and document management solutions for banks and financial institutions in Middle East & Africa. This cutting-edge product line features the Veracious Payments Hub, Digital Banking and the DMS, all built on the Torus Lowcode development platform software. Global Software Solutions Group is a software solutions provider that aims to solve mission-critical problems that financial institutions face today. Our software solutions bring together our Low Code platform, the payments product line and customized service offerings to solve mission-critical statements in core banking, payments, process automation, and document management. The Payments Hub is GSS's flagship product.",92000,"https://www.linkedin.com/company/gssgroups/","softwarese","[{""keywords"":""softwarese"",""origin"":""FACETED_SEARCH"",""spellCorrectionEnabled"":""true"",""companyHqGeo"":[""106155005"",""100459316"",""104305776""]}]"
"Josh Software, Inc.","IT Services and IT Consulting","Pune,","Since 2007, Josh Software has been helping customers across the globe to build products and transform. We specialize in transforming the Fintech landscape with our tailor-made IT solutions. Our expertise in modernization, retail banking, digital transformation amongst others sets us apart, driving innovation and efficiency for our clients. While we excel in various industries, our primary focus is on Fintech, where we leverage our deep industry knowledge to deliver IT services that empower financial institutions to thrive in the digital era.",41000,"https://www.linkedin.com/company/josh-software/","softwarese","[{""keywords"":""softwarese"",""origin"":""FACETED_SEARCH"",""spellCorrectionEnabled"":""true"",""companyHqGeo"":[""106155005"",""100459316"",""104305776""]}]"
"Daily Software Jobs","IT Services and IT Consulting","Cairo","Collecting and posting opportunities relates to software development and testing.",43000,"https://www.linkedin.com/company/daily-software-jobs/","softwarese","[{""keywords"":""softwarese"",""origin"":""FACETED_SEARCH"",""spellCorrectionEnabled"":""true"",""companyHqGeo"":[""106155005"",""100459316"",""104305776""]}]"
"Web Development Club","Higher Education","Sharjah, Sharjah","A student-run organization dedicated to web development in the American University of Sharjah",64,"https://www.linkedin.com/company/web-development-club/","web development","[{""keywords"":""web development"",""origin"":""FACETED_SEARCH"",""companyHqGeo"":[""104305776"",""100459316"",""106155005""],""companySize"":[""B"",""C""]},{""keywords"":""web development"",""origin"":""FACETED_SEARCH"",""spellCorrectionEnabled"":""true"",""companyHqGeo"":[""104305776"",""100459316"",""106155005""],""companySize"":[""B"",""C""]}]"
"Web Development Emilia Afet","Advertising Services","Al Barsha First, Dubai","• Creating graphic posts on social media • Creating advanced photomanipulations • Creating web banners • Creating advertising materials for printing (leaflets, rollups, posters, business card) • Logo design • Photo retouching • Web development",69,"https://www.linkedin.com/company/web-development-emilia-afet/","web development","[{""keywords"":""web development"",""origin"":""FACETED_SEARCH"",""companyHqGeo"":[""104305776"",""100459316"",""106155005""],""companySize"":[""B"",""C""]},{""keywords"":""web development"",""origin"":""FACETED_SEARCH"",""spellCorrectionEnabled"":""true"",""companyHqGeo"":[""104305776"",""100459316"",""106155005""],""companySize"":[""B"",""C""]}]"
"Web DevelOpment Soluti0ns","Software Development","Luxor","Offers a variety of website design and development services",49,"https://www.linkedin.com/company/web-development-soluti0ns/","web development","[{""keywords"":""web development"",""origin"":""FACETED_SEARCH"",""companyHqGeo"":[""104305776"",""100459316"",""106155005""],""companySize"":[""B"",""C""]},{""keywords"":""web development"",""origin"":""FACETED_SEARCH"",""spellCorrectionEnabled"":""true"",""companyHqGeo"":[""104305776"",""100459316"",""106155005""],""companySize"":[""B"",""C""]}]"
"SK Digital - Web Development & Digital Marketing Services","Information Technology & Services","Hor Al Anz, Dubai","SK Digital is a digital marketing agency that specializes in SEO, Web Development, content creation, SMM, Google Ads",2000,"https://www.linkedin.com/company/sk-digital-ae/","web development","[{""keywords"":""web development"",""origin"":""FACETED_SEARCH"",""companyHqGeo"":[""104305776"",""100459316"",""106155005""],""companySize"":[""B"",""C""]},{""keywords"":""web development"",""origin"":""FACETED_SEARCH"",""spellCorrectionEnabled"":""true"",""companyHqGeo"":[""104305776"",""100459316"",""106155005""],""companySize"":[""B"",""C""]}]"
"web development uk","Entertainment Providers","United Arab Emirates","Dubai Travel and Toursim",105,"https://www.linkedin.com/company/web-development-uk/","web development","[{""keywords"":""web development"",""origin"":""FACETED_SEARCH"",""companyHqGeo"":[""104305776"",""100459316"",""106155005""],""companySize"":[""B"",""C""]},{""keywords"":""web development"",""origin"":""FACETED_SEARCH"",""spellCorrectionEnabled"":""true"",""companyHqGeo"":[""104305776"",""100459316"",""106155005""],""companySize"":[""B"",""C""]}]"
"360 Core Inc. | Web Development Company","IT Services and IT Consulting","Surat, Gujarat","360 Core Inc. | Award-Winning Web Development Company We engineer high-performance websites and web applications that don't just look great — they deliver...",2000,"https://www.linkedin.com/company/360coreinc/","web development","[{""keywords"":""web development"",""origin"":""FACETED_SEARCH"",""companyHqGeo"":[""104305776"",""100459316"",""106155005""],""companySize"":[""B"",""C""]},{""keywords"":""web development"",""origin"":""FACETED_SEARCH"",""spellCorrectionEnabled"":""true"",""companyHqGeo"":[""104305776"",""100459316"",""106155005""],""companySize"":[""B"",""C""]}]"
"Web Glaze Services","IT Services and IT Consulting","Delhi","Web Glaze Services is an IT based company and working in websites, digital marketing, print media and app services from last 11 years. Here you can get all of your IT requirements under one roof. We are team of IT professional working on web development and have more then 500 websites running live till now...",6000,"https://www.linkedin.com/company/webglaze/","web development","[{""keywords"":""web development"",""origin"":""FACETED_SEARCH"",""companyHqGeo"":[""104305776"",""100459316"",""106155005""],""companySize"":[""B"",""C""]},{""keywords"":""web development"",""origin"":""FACETED_SEARCH"",""spellCorrectionEnabled"":""true"",""companyHqGeo"":[""104305776"",""100459316"",""106155005""],""companySize"":[""B"",""C""]}]"
"Web Camel","IT Services and IT Consulting","Lahore, Punjab","We are a Web Design and Social Media Marketing Agency and doing web design, web development, social media marketing. We specialized in UI/UX Design, Shopify, Wordpress and FB Marketing. Our Target audience is small businesses, medium businesses, startups",5000,"https://www.linkedin.com/company/web-camel/","web development","[{""keywords"":""web development"",""origin"":""FACETED_SEARCH"",""companyHqGeo"":[""104305776"",""100459316"",""106155005""],""companySize"":[""B"",""C""]},{""keywords"":""web development"",""origin"":""FACETED_SEARCH"",""spellCorrectionEnabled"":""true"",""companyHqGeo"":[""104305776"",""100459316"",""106155005""],""companySize"":[""B"",""C""]}]"
"Web development Marketing services","IT Services and IT Consulting","dubai","Web development Marketing services",24,"https://www.linkedin.com/company/web-development-marketing-services/","web development","[{""keywords"":""web development"",""origin"":""FACETED_SEARCH"",""companyHqGeo"":[""104305776"",""100459316"",""106155005""],""companySize"":[""B"",""C""]},{""keywords"":""web development"",""origin"":""FACETED_SEARCH"",""spellCorrectionEnabled"":""true"",""companyHqGeo"":[""104305776"",""100459316"",""106155005""],""companySize"":[""B"",""C""]}]"
"Eldeep Web Development","Software Development","Giza, Giza","A new foundation in Egypt, Established in 2019 We are here (our objective) to steer clients to the best and the easiest way for business development & how to market their products with the best way Eldeep specialized in web development , web applications and social media advertising...",352,"https://www.linkedin.com/company/eldeepwebdev/","web development","[{""keywords"":""web development"",""origin"":""FACETED_SEARCH"",""companyHqGeo"":[""104305776"",""100459316"",""106155005""],""companySize"":[""B"",""C""]},{""keywords"":""web development"",""origin"":""FACETED_SEARCH"",""spellCorrectionEnabled"":""true"",""companyHqGeo"":[""104305776"",""100459316"",""106155005""],""companySize"":[""B"",""C""]}]"
"Web Masters Technologies","IT Services and IT Consulting","Dubai, Dubai","Web Masters LLC was founded in 1989 (formerly known as Computer Point). It is based in Dubai, UAE with operations/clients across the Middle East and Asia. We have about 60 dedicated techno commercial professionals, and an experience of about 500 man-years behind us. Web Masters LLC has outstanding competences...",5000,"https://www.linkedin.com/company/web-masters-technologies/","web development","[{""keywords"":""web development"",""origin"":""FACETED_SEARCH"",""companyHqGeo"":[""104305776"",""100459316"",""106155005""],""companySize"":[""B"",""C""]},{""keywords"":""web development"",""origin"":""FACETED_SEARCH"",""spellCorrectionEnabled"":""true"",""companyHqGeo"":[""104305776"",""100459316"",""106155005""],""companySize"":[""B"",""C""]}]"
"The Web Digitizers","Advertising Services","Dubai ,","Web Development",2000,"https://www.linkedin.com/company/the-web-digitizers/","web development","[{""keywords"":""web development"",""origin"":""FACETED_SEARCH"",""companyHqGeo"":[""104305776"",""100459316"",""106155005""],""companySize"":[""B"",""C""]},{""keywords"":""web development"",""origin"":""FACETED_SEARCH"",""spellCorrectionEnabled"":""true"",""companyHqGeo"":[""104305776"",""100459316"",""106155005""],""companySize"":[""B"",""C""]}]"
"Development Logix","IT Services and IT Consulting","Lahore, Punjab","Web Development",3000,"https://www.linkedin.com/company/develpmentlogix/","web development","[{""keywords"":""web development"",""origin"":""FACETED_SEARCH"",""companyHqGeo"":[""104305776"",""100459316"",""106155005""],""companySize"":[""B"",""C""]},{""keywords"":""web development"",""origin"":""FACETED_SEARCH"",""spellCorrectionEnabled"":""true"",""companyHqGeo"":[""104305776"",""100459316"",""106155005""],""companySize"":[""B"",""C""]}]"
"2CG – Web Development & Digital Marketing Agency (Dubai)","Advertising Services","Dubai, Dubai","In an effort to harness the power of the Web through Marketing, two dynamic girls came together to conceive 2CG. Led on by their sole passion for Marketing...",199,"https://www.linkedin.com/company/2cguae/","web development","[{""keywords"":""web development"",""origin"":""FACETED_SEARCH"",""companyHqGeo"":[""104305776"",""100459316"",""106155005""],""companySize"":[""B"",""C""]},{""keywords"":""web development"",""origin"":""FACETED_SEARCH"",""spellCorrectionEnabled"":""true"",""companyHqGeo"":[""104305776"",""100459316"",""106155005""],""companySize"":[""B"",""C""]}]"
"WEB CHANNEL","Technology, Information and Internet","Dubai, Sharjah","Web Development",881,"https://www.linkedin.com/company/web-channel/","web development","[{""keywords"":""web development"",""origin"":""FACETED_SEARCH"",""companyHqGeo"":[""104305776"",""100459316"",""106155005""],""companySize"":[""B"",""C""]},{""keywords"":""web development"",""origin"":""FACETED_SEARCH"",""spellCorrectionEnabled"":""true"",""companyHqGeo"":[""104305776"",""100459316"",""106155005""],""companySize"":[""B"",""C""]}]"
"Web Huts Consultancy","Information Services","Dubai, Dubai","web design and web development",875,"https://www.linkedin.com/company/web-huts-consultancy/","web development","[{""keywords"":""web development"",""origin"":""FACETED_SEARCH"",""companyHqGeo"":[""104305776"",""100459316"",""106155005""],""companySize"":[""B"",""C""]},{""keywords"":""web development"",""origin"":""FACETED_SEARCH"",""spellCorrectionEnabled"":""true"",""companyHqGeo"":[""104305776"",""100459316"",""106155005""],""companySize"":[""B"",""C""]}]"
"WEB BRANDING LLC","IT Services and IT Consulting","Dubai, Dubai",".... ✨ What We Do • Website Design & Development • Android & iOS Mobile App Development • Branding & Creative Design • Digital Marketing & SEO • Social Media Strategy & Management...",668,"https://www.linkedin.com/company/webbrandingllc/","web development","[{""keywords"":""web development"",""origin"":""FACETED_SEARCH"",""companyHqGeo"":[""104305776"",""100459316"",""106155005""],""companySize"":[""B"",""C""]},{""keywords"":""web development"",""origin"":""FACETED_SEARCH"",""spellCorrectionEnabled"":""true"",""companyHqGeo"":[""104305776"",""100459316"",""106155005""],""companySize"":[""B"",""C""]}]"
"Web Design and Development Company","Technology, Information and Internet","United Arab Emirates","Brains Technology is a leading web design, logo design, brochure design, search engine optimization, internet marketing, web development company in Dubai UAE.",399,"https://www.linkedin.com/company/web-design-and-development-company/","web development","[{""keywords"":""web development"",""origin"":""FACETED_SEARCH"",""companyHqGeo"":[""104305776"",""100459316"",""106155005""],""companySize"":[""B"",""C""]},{""keywords"":""web development"",""origin"":""FACETED_SEARCH"",""spellCorrectionEnabled"":""true"",""companyHqGeo"":[""104305776"",""100459316"",""106155005""],""companySize"":[""B"",""C""]}]"
"Web Designer UAE","Information Technology & Services","Abu Dhabi, AD","We are a Multi-Talented creative company provided services: • Web Design • Web Development • Internet Marketing Service • Search Engine Optimization (SEO) • Graphics Design & Printing • Web Hosting and more Our Crew is creative, bright and current with the most up-to-date technologies and marketing strategies...",468,"https://www.linkedin.com/company/web-designer-uae/","web development","[{""keywords"":""web development"",""origin"":""FACETED_SEARCH"",""companyHqGeo"":[""104305776"",""100459316"",""106155005""],""companySize"":[""B"",""C""]},{""keywords"":""web development"",""origin"":""FACETED_SEARCH"",""spellCorrectionEnabled"":""true"",""companyHqGeo"":[""104305776"",""100459316"",""106155005""],""companySize"":[""B"",""C""]}]"
"Adify360 - Web Development Agency","Marketing Services","Dubai, Dubai","...trusted web development partner.",131,"https://www.linkedin.com/company/theadify360/","web development","[{""keywords"":""web development"",""origin"":""FACETED_SEARCH"",""companyHqGeo"":[""104305776"",""100459316"",""106155005""],""companySize"":[""B"",""C""]},{""keywords"":""web development"",""origin"":""FACETED_SEARCH"",""spellCorrectionEnabled"":""true"",""companyHqGeo"":[""104305776"",""100459316"",""106155005""],""companySize"":[""B"",""C""]}]"
"Web CTRL A","Technology, Information and Internet","Dubai","...of advertising campaigns, branding, creative design, and web development, we cover it all. Our expertise extends to social media management, content marketing...",501,"https://www.linkedin.com/company/web-ctrla/","web development","[{""keywords"":""web development"",""origin"":""FACETED_SEARCH"",""companyHqGeo"":[""104305776"",""100459316"",""106155005""],""companySize"":[""B"",""C""]},{""keywords"":""web development"",""origin"":""FACETED_SEARCH"",""spellCorrectionEnabled"":""true"",""companyHqGeo"":[""104305776"",""100459316"",""106155005""],""companySize"":[""B"",""C""]}]"
"XolluXn Web Development Services","Software Development","Morong, Rizal, Rizal","We specialize in curating and crafting unique digital landscapes that transform online identities and create compelling cyber experiences. Fueled by innovation and driven by a deep-rooted passion for technology, we strive to provide exceptional web development services that help businesses grow and flourish...",18,"https://www.linkedin.com/company/xolluxn/","web development","[{""keywords"":""web development"",""origin"":""FACETED_SEARCH"",""companyHqGeo"":[""104305776"",""100459316"",""106155005""],""companySize"":[""B"",""C""]},{""keywords"":""web development"",""origin"":""FACETED_SEARCH"",""spellCorrectionEnabled"":""true"",""companyHqGeo"":[""104305776"",""100459316"",""106155005""],""companySize"":[""B"",""C""]}]"
"Web Designs Prime","IT Services and IT Consulting","Los Angeles, California","Web Development",318,"https://www.linkedin.com/company/webdesignsprime/","web development","[{""keywords"":""web development"",""origin"":""FACETED_SEARCH"",""companyHqGeo"":[""104305776"",""100459316"",""106155005""],""companySize"":[""B"",""C""]},{""keywords"":""web development"",""origin"":""FACETED_SEARCH"",""spellCorrectionEnabled"":""true"",""companyHqGeo"":[""104305776"",""100459316"",""106155005""],""companySize"":[""B"",""C""]}]"
"Web Roots","Technology, Information and Internet","Cairo","Web Design | Web Development | Web Hosting | Building Your Online Success",454,"https://www.linkedin.com/company/web-roots/","web development","[{""keywords"":""web development"",""origin"":""FACETED_SEARCH"",""companyHqGeo"":[""104305776"",""100459316"",""106155005""],""companySize"":[""B"",""C""]},{""keywords"":""web development"",""origin"":""FACETED_SEARCH"",""spellCorrectionEnabled"":""true"",""companyHqGeo"":[""104305776"",""100459316"",""106155005""],""companySize"":[""B"",""C""]}]"
"Web & Mobile Solutions","IT Services and IT Consulting","Dubai, DXB","SMS, EMAIL, SEO, Social Media, Digital Marketing, Web Design and Development, Content Writing Company in Dubai",645,"https://www.linkedin.com/company/web-and-mobile-solutions-wam-/","web development","[{""keywords"":""web development"",""origin"":""FACETED_SEARCH"",""companyHqGeo"":[""104305776"",""100459316"",""106155005""],""companySize"":[""B"",""C""]},{""keywords"":""web development"",""origin"":""FACETED_SEARCH"",""spellCorrectionEnabled"":""true"",""companyHqGeo"":[""104305776"",""100459316"",""106155005""],""companySize"":[""B"",""C""]}]"
"WEB HUNT","IT Services and IT Consulting","Dubai, Dubai","..., a web application, or enterprise-level software, we have the skills and experience to deliver a solution that will exceed your expectations. Let's work together and make an impact! Mission: Transforming ideas into reality through custom software development. Vision: To be the leading software company that drives...",413,"https://www.linkedin.com/company/web-hunt-17/","web development","[{""keywords"":""web development"",""origin"":""FACETED_SEARCH"",""companyHqGeo"":[""104305776"",""100459316"",""106155005""],""companySize"":[""B"",""C""]},{""keywords"":""web development"",""origin"":""FACETED_SEARCH"",""spellCorrectionEnabled"":""true"",""companyHqGeo"":[""104305776"",""100459316"",""106155005""],""companySize"":[""B"",""C""]}]"
"Genwarp Web Development","Technology, Information and Internet","Manila, National Capital Region","Web Development",23,"https://www.linkedin.com/company/genwarp/","web development","[{""keywords"":""web development"",""origin"":""FACETED_SEARCH"",""companyHqGeo"":[""104305776"",""100459316"",""106155005""],""companySize"":[""B"",""C""]},{""keywords"":""web development"",""origin"":""FACETED_SEARCH"",""spellCorrectionEnabled"":""true"",""companyHqGeo"":[""104305776"",""100459316"",""106155005""],""companySize"":[""B"",""C""]}]"
"Web Tactics","Advertising Services","Dubai","web development",375,"https://www.linkedin.com/company/webtacticsglobal/","web development","[{""keywords"":""web development"",""origin"":""FACETED_SEARCH"",""companyHqGeo"":[""104305776"",""100459316"",""106155005""],""companySize"":[""B"",""C""]},{""keywords"":""web development"",""origin"":""FACETED_SEARCH"",""spellCorrectionEnabled"":""true"",""companyHqGeo"":[""104305776"",""100459316"",""106155005""],""companySize"":[""B"",""C""]}]"
"Web Tech Solutions","IT Services and IT Consulting","International City, Dubai","Web Tech Solutions is a Custom Software Development, Web Applications Services, IT Staffing, and Technology Consulting Company in Dubai, U.A.E.. Web Tech Solutions outstanding services increase productivity and business communications, specially web desining, designing, printing, seo, smo and markiting.",244,"https://www.linkedin.com/company/web-tech-solutions/","web development","[{""keywords"":""web development"",""origin"":""FACETED_SEARCH"",""companyHqGeo"":[""104305776"",""100459316"",""106155005""],""companySize"":[""B"",""C""]},{""keywords"":""web development"",""origin"":""FACETED_SEARCH"",""spellCorrectionEnabled"":""true"",""companyHqGeo"":[""104305776"",""100459316"",""106155005""],""companySize"":[""B"",""C""]}]"
"Web Genie","Technology, Information and Internet","Ilford, England","...including Facebook, Instagram, TikTok, and Google Ads, designed to expand brand reach, drive qualified leads, and maximize Return on Ad Spend. Our Web Development team...",196,"https://www.linkedin.com/company/web-genie/","web development","[{""keywords"":""web development"",""origin"":""FACETED_SEARCH"",""companyHqGeo"":[""104305776"",""100459316"",""106155005""],""companySize"":[""B"",""C""]},{""keywords"":""web development"",""origin"":""FACETED_SEARCH"",""spellCorrectionEnabled"":""true"",""companyHqGeo"":[""104305776"",""100459316"",""106155005""],""companySize"":[""B"",""C""]}]"
"Web Cafe","Software Development","Wah cantt, Punjab","Welcome to WEB CAFE! A Place for all your Web, App Design and Development needs. With an experience of more than 6 years in HTML, CSS, WordPress, Web Designing & Web Development, App Designing and Development. Our focus is on Innovation, Quality and your Satisfaction.",352,"https://www.linkedin.com/company/thewebcafe/","web development","[{""keywords"":""web development"",""origin"":""FACETED_SEARCH"",""companyHqGeo"":[""104305776"",""100459316"",""106155005""],""companySize"":[""B"",""C""]},{""keywords"":""web development"",""origin"":""FACETED_SEARCH"",""spellCorrectionEnabled"":""true"",""companyHqGeo"":[""104305776"",""100459316"",""106155005""],""companySize"":[""B"",""C""]}]"
"Web Tackles","Information Technology & Services","Sharjah","An Artificial Intelligence and Web Development Company",274,"https://www.linkedin.com/company/webtackles/","web development","[{""keywords"":""web development"",""origin"":""FACETED_SEARCH"",""companyHqGeo"":[""104305776"",""100459316"",""106155005""],""companySize"":[""B"",""C""]},{""keywords"":""web development"",""origin"":""FACETED_SEARCH"",""spellCorrectionEnabled"":""true"",""companyHqGeo"":[""104305776"",""100459316"",""106155005""],""companySize"":[""B"",""C""]}]"
"Web Solutions","IT Services and IT Consulting","Cairo","Software Development",593,"https://www.linkedin.com/company/websoluations/","web development","[{""keywords"":""web development"",""origin"":""FACETED_SEARCH"",""companyHqGeo"":[""104305776"",""100459316"",""106155005""],""companySize"":[""B"",""C""]},{""keywords"":""web development"",""origin"":""FACETED_SEARCH"",""spellCorrectionEnabled"":""true"",""companyHqGeo"":[""104305776"",""100459316"",""106155005""],""companySize"":[""B"",""C""]}]"
"Web Design 366","IT Services and IT Consulting","Dubai, Dubai","Web Development",283,"https://www.linkedin.com/company/web-design-366/","web development","[{""keywords"":""web development"",""origin"":""FACETED_SEARCH"",""companyHqGeo"":[""104305776"",""100459316"",""106155005""],""companySize"":[""B"",""C""]},{""keywords"":""web development"",""origin"":""FACETED_SEARCH"",""spellCorrectionEnabled"":""true"",""companyHqGeo"":[""104305776"",""100459316"",""106155005""],""companySize"":[""B"",""C""]}]"
"Creative Graphic Design | Intuitive UI/UX & Web Development | Advanced AI Agent & RAG Solutions","Media Production","Lahore, Punjab","Web Development",357,"https://www.linkedin.com/company/mediadunes/","web development","[{""keywords"":""web development"",""origin"":""FACETED_SEARCH"",""companyHqGeo"":[""104305776"",""100459316"",""106155005""],""companySize"":[""B"",""C""]},{""keywords"":""web development"",""origin"":""FACETED_SEARCH"",""spellCorrectionEnabled"":""true"",""companyHqGeo"":[""104305776"",""100459316"",""106155005""],""companySize"":[""B"",""C""]}]"
"Development Possibilities","Software Development","Riyadh , Riyadh","Development",406,"https://www.linkedin.com/company/dpitcs/","web development","[{""keywords"":""web development"",""origin"":""FACETED_SEARCH"",""companyHqGeo"":[""104305776"",""100459316"",""106155005""],""companySize"":[""B"",""C""]},{""keywords"":""web development"",""origin"":""FACETED_SEARCH"",""spellCorrectionEnabled"":""true"",""companyHqGeo"":[""104305776"",""100459316"",""106155005""],""companySize"":[""B"",""C""]}]"
"Professional Web Development","Software Development","hurghada, Red Sea","Professional Web Development develops professional websites for businesses in Hurghada city. We develop websites that suit our client's respective goals and mission.",25,"https://www.linkedin.com/company/professional-web-development/","web development","[{""keywords"":""web development"",""origin"":""FACETED_SEARCH"",""companyHqGeo"":[""104305776"",""100459316"",""106155005""],""companySize"":[""B"",""C""]},{""keywords"":""web development"",""origin"":""FACETED_SEARCH"",""spellCorrectionEnabled"":""true"",""companyHqGeo"":[""104305776"",""100459316"",""106155005""],""companySize"":[""B"",""C""]}]"
"Web Smart IT Solutions","Technology, Information and Internet","Dubai, Dubai","Web Development",288,"https://www.linkedin.com/company/websmartitsolutions/","web development","[{""keywords"":""web development"",""origin"":""FACETED_SEARCH"",""companyHqGeo"":[""104305776"",""100459316"",""106155005""],""companySize"":[""B"",""C""]},{""keywords"":""web development"",""origin"":""FACETED_SEARCH"",""spellCorrectionEnabled"":""true"",""companyHqGeo"":[""104305776"",""100459316"",""106155005""],""companySize"":[""B"",""C""]}]"
"Web Matics Pro","IT System Design Services","Dubai, Dubai","Web Matics Pro - Website Design, Development & Digital Marketing Company in Dubai UAE, Offering Best Solutions.",358,"https://www.linkedin.com/company/web-matics-pro/","web development","[{""keywords"":""web development"",""origin"":""FACETED_SEARCH"",""companyHqGeo"":[""104305776"",""100459316"",""106155005""],""companySize"":[""B"",""C""]},{""keywords"":""web development"",""origin"":""FACETED_SEARCH"",""spellCorrectionEnabled"":""true"",""companyHqGeo"":[""104305776"",""100459316"",""106155005""],""companySize"":[""B"",""C""]}]"
"Web Falcons Technologies","Information Technology & Services","Noida, Uttar Pradesh","IT Development | Business Consulting | Digital Marketing 💴 📈 Let us take your Business to the heights where FALCONS Fly 🦅",451,"https://www.linkedin.com/company/webfalconstech/","web development","[{""keywords"":""web development"",""origin"":""FACETED_SEARCH"",""companyHqGeo"":[""104305776"",""100459316"",""106155005""],""companySize"":[""B"",""C""]},{""keywords"":""web development"",""origin"":""FACETED_SEARCH"",""spellCorrectionEnabled"":""true"",""companyHqGeo"":[""104305776"",""100459316"",""106155005""],""companySize"":[""B"",""C""]}]"
"Web Of Pharma","Pharmaceutical Manufacturing","Dubai,","...pharmaceutical manufacturing drug development community, brought to you by Pharmaceutical Technology and Pharmaceuticals.",385,"https://www.linkedin.com/company/webofpharma/","web development","[{""keywords"":""web development"",""origin"":""FACETED_SEARCH"",""companyHqGeo"":[""104305776"",""100459316"",""106155005""],""companySize"":[""B"",""C""]},{""keywords"":""web development"",""origin"":""FACETED_SEARCH"",""spellCorrectionEnabled"":""true"",""companyHqGeo"":[""104305776"",""100459316"",""106155005""],""companySize"":[""B"",""C""]}]"
"Page by Visual Lab","","","","","https://www.linkedin.com/company/visuallabme/","web development","[{""keywords"":""web development"",""origin"":""FACETED_SEARCH"",""companyHqGeo"":[""104305776"",""100459316"",""106155005""],""companySize"":[""B"",""C""]},{""keywords"":""web development"",""origin"":""FACETED_SEARCH"",""spellCorrectionEnabled"":""true"",""companyHqGeo"":[""104305776"",""100459316"",""106155005""],""companySize"":[""B"",""C""]}]"
"Ebda3 Egypt Web Design, Web Development, SMM, SEO, CMS, Flash, Hosting","Technology, Information and Internet","ElHaram, Giza","Ebda3 is a full-service web Development firm. We provide Web Develop solutions, Web Design, Online Marketing, and Hosting services. If you need...",38,"https://www.linkedin.com/company/ebda3eg/","web development","[{""keywords"":""web development"",""origin"":""FACETED_SEARCH"",""companyHqGeo"":[""104305776"",""100459316"",""106155005""],""companySize"":[""B"",""C""]},{""keywords"":""web development"",""origin"":""FACETED_SEARCH"",""spellCorrectionEnabled"":""true"",""companyHqGeo"":[""104305776"",""100459316"",""106155005""],""companySize"":[""B"",""C""]}]"
"RedFrame - Branding | Web Design | Web Development","Design Services","Dubai","Web Development",30,"https://www.linkedin.com/company/agencyredframe/","web development","[{""keywords"":""web development"",""origin"":""FACETED_SEARCH"",""companyHqGeo"":[""104305776"",""100459316"",""106155005""],""companySize"":[""B"",""C""]},{""keywords"":""web development"",""origin"":""FACETED_SEARCH"",""spellCorrectionEnabled"":""true"",""companyHqGeo"":[""104305776"",""100459316"",""106155005""],""companySize"":[""B"",""C""]}]"
"Cinetra Media: Digital Marketing | Social Media Marketing | SEO | SEM | Video | Web Development","Advertising Services","Dubai","Cinetra Media is a Dubai based agency for Digital Marketing, Social Media Marketing, SEO, SEM, Video Production and Web Development.",83,"https://www.linkedin.com/company/cinetra-media/","web development","[{""keywords"":""web development"",""origin"":""FACETED_SEARCH"",""companyHqGeo"":[""104305776"",""100459316"",""106155005""],""companySize"":[""B"",""C""]},{""keywords"":""web development"",""origin"":""FACETED_SEARCH"",""spellCorrectionEnabled"":""true"",""companyHqGeo"":[""104305776"",""100459316"",""106155005""],""companySize"":[""B"",""C""]}]"
"M4M Digital Marketing, Advertising & Web Development","Technology, Information and Media","Karachi","M4M Service – Digital Excellence in Production, Marketing, SEO & Web Development!",25,"https://www.linkedin.com/company/m4m-digital-marketing-advertising-web-development/","web development","[{""keywords"":""web development"",""origin"":""FACETED_SEARCH"",""companyHqGeo"":[""104305776"",""100459316"",""106155005""],""companySize"":[""B"",""C""]},{""keywords"":""web development"",""origin"":""FACETED_SEARCH"",""spellCorrectionEnabled"":""true"",""companyHqGeo"":[""104305776"",""100459316"",""106155005""],""companySize"":[""B"",""C""]}]"
"LAAM Solution – Digital Marketing & Web Development Experts","Marketing Services","Dubai, Dubai","Grow Your Business with Expert SEO, Web Development & Digital Marketing Services | Boost Visibility & Sales",17,"https://www.linkedin.com/company/laam-solution-%E2%80%93-digital-marketing-web-development-experts/","web development","[{""keywords"":""web development"",""origin"":""FACETED_SEARCH"",""companyHqGeo"":[""104305776"",""100459316"",""106155005""],""companySize"":[""B"",""C""]},{""keywords"":""web development"",""origin"":""FACETED_SEARCH"",""spellCorrectionEnabled"":""true"",""companyHqGeo"":[""104305776"",""100459316"",""106155005""],""companySize"":[""B"",""C""]}]"
"UltraCodes","Software Development","Austin, Texas","UltraCodes was founded in 2019 and provides the best IT Solutions and Consultancy. Through smart software development and the latest IT solutions, we help clients all over the world (including the USA, UK, etc) in achieving their goals for Technology Innovation. With our technological solutions, we aim to assist people and companies begin a new era of quality, expansion, and productivity so that they can keep having a significant and uplifting impact on people's lives. We bring a great team to work with and provide the best solutions. We have served in the widest range of vertical spectrums, pursuing solutions where others fail. Our development heritage over the years has given us the expertise to solve any product development challenge in any industry. Being one of the leading IT solutions companies in the world, our specialties include web development, mobile application development, CMs & eCommerce development, and artificial intelligence. Who we work with: We partner with startups, scale-ups, and enterprises across the U.S., Europe, and the Middle East. From fintech to healthcare, SaaS and e-commerce, clients trust us for scalable software, end-to-end QA, and SLA-backed support. We are lucky to find really great clients. How can we help you? Drop us a line at info@ultracodes.io and you should hear from us within one business day.",14000,"https://www.linkedin.com/company/ultra-codes/","web development","[{""keywords"":""web development"",""origin"":""FACETED_SEARCH"",""companyHqGeo"":[""104305776"",""100459316"",""106155005""],""companySize"":[""B"",""C""]},{""origin"":""GLOBAL_SEARCH_HEADER"",""companyHqGeo"":[""100459316"",""104305776"",""106155005""],""companySize"":[""B"",""C""],""industryCompanyVertical"":[""4""]},{""keywords"":""web development"",""origin"":""FACETED_SEARCH"",""spellCorrectionEnabled"":""true"",""companyHqGeo"":[""104305776"",""100459316"",""106155005""],""companySize"":[""B"",""C""]}]"
"Nixaam LLC","IT Services and IT Consulting","Glendale, California","Your Growth Partner in Digital Transformation Nixaam LLC is a technology innovator specializing in custom software development, web design, and digital...",21000,"https://www.linkedin.com/company/nixaam/","web development","[{""keywords"":""web development"",""origin"":""FACETED_SEARCH"",""companyHqGeo"":[""104305776"",""100459316"",""106155005""],""companySize"":[""B"",""C""]},{""keywords"":""web development"",""origin"":""FACETED_SEARCH"",""spellCorrectionEnabled"":""true"",""companyHqGeo"":[""104305776"",""100459316"",""106155005""],""companySize"":[""B"",""C""]}]"
"Design Monks - UI UX | Branding | SaaS | Webapp Design Agency","Design Services","Mount Arlington, New Jersey","Design Monks LLC is a leading UI/UX and web design agency helping brands create high-impact digital experiences. With a talented in-house team of 30+ designers...",18000,"https://www.linkedin.com/company/designmonks/","web development","[{""keywords"":""web development"",""origin"":""FACETED_SEARCH"",""companyHqGeo"":[""104305776"",""100459316"",""106155005""],""companySize"":[""B"",""C""]},{""keywords"":""web development"",""origin"":""FACETED_SEARCH"",""spellCorrectionEnabled"":""true"",""companyHqGeo"":[""104305776"",""100459316"",""106155005""],""companySize"":[""B"",""C""]}]"
"Baron Tech (Pvt) Limited","Software Development","Washington DC , United States","Looking for a trusted digital partner to help your business grow? Look no further than Baron Tech (Pvt) Limited. As a multinational software company, we specialize in providing top-notch digital and IT solutions to businesses of all sizes. Our team of highly skilled experts is dedicated to helping you achieve your business goals through custom website development and mobile application services. At Baron Tech, we understand that every business is unique, which is why we offer personalized solutions tailored to your specific needs. Whether you're looking to establish an online presence, improve your website's functionality, or develop a cutting-edge mobile application, our team has the skills and expertise to help you succeed. Our commitment to quality and customer satisfaction is unwavering. We take the time to understand your business needs and work with you every step of the way to ensure that your project is delivered on time, within budget, and to your exact specifications. With Baron Tech, you can rest assured that you'll get what has been promised, and that we'll go above and beyond to exceed your expectations. Our services include: Website development: We create custom websites that are visually stunning, easy to navigate, and optimized for search engines. Our team uses the latest technologies and best practices to ensure that your website stands out in today's crowded online marketplace. Mobile application development: From iOS to Android, we develop mobile applications that are fast, responsive, and user-friendly. Our experts use the latest technologies and frameworks to create custom mobile applications that help businesses connect with their customers on the go. At Baron Tech, we're passionate about helping businesses succeed. We have the skills, expertise, and experience to help you take your business to the next level. Contact us today to learn more about our services and how we can help you achieve your business goals.",9000,"https://www.linkedin.com/company/barontech-co/","web development","[{""keywords"":""web development"",""origin"":""FACETED_SEARCH"",""companyHqGeo"":[""104305776"",""100459316"",""106155005""],""companySize"":[""B"",""C""]},{""origin"":""GLOBAL_SEARCH_HEADER"",""companyHqGeo"":[""100459316"",""104305776"",""106155005""],""companySize"":[""B"",""C""],""industryCompanyVertical"":[""4""]},{""keywords"":""web development"",""origin"":""FACETED_SEARCH"",""spellCorrectionEnabled"":""true"",""companyHqGeo"":[""104305776"",""100459316"",""106155005""],""companySize"":[""B"",""C""]}]"
"Pixarsart Studios","Software Development","Richardson, Texas","At Pixarsart we work to enhance your online presence. Leading technology used to provide creative web design and development services. Our focus is to increase your business turnover with an effective online presence. Our team’s core strength is a Web design and development services. A well-designed website makes your business boom which is our initial focus. So we aim to create the best web designs, mobile apps and digital marketing for your business. Choose us now and stun your clients with an easy to navigate well-functioned website. Let’s create together!",10000,"https://www.linkedin.com/company/pixarsart/","web development","[{""keywords"":""web development"",""origin"":""FACETED_SEARCH"",""companyHqGeo"":[""104305776"",""100459316"",""106155005""],""companySize"":[""B"",""C""]},{""origin"":""GLOBAL_SEARCH_HEADER"",""companyHqGeo"":[""100459316"",""104305776"",""106155005""],""companySize"":[""B"",""C""],""industryCompanyVertical"":[""4""]},{""keywords"":""web development"",""origin"":""FACETED_SEARCH"",""spellCorrectionEnabled"":""true"",""companyHqGeo"":[""104305776"",""100459316"",""106155005""],""companySize"":[""B"",""C""]}]"
"Red Panda Network LLC","Design Services","Sheridan, Wyoming","Red Panda Network is a Premier Web Development & Advertising Agency. A multiple times award-winning Web & Growth Marketing, Agency and an Innovative firm currently having registered in The United States serving a reputed client base from all over the world. We're also providing Design & Marketing Services. Making...",8000,"https://www.linkedin.com/company/red-panda-net/","web development","[{""keywords"":""web development"",""origin"":""FACETED_SEARCH"",""companyHqGeo"":[""104305776"",""100459316"",""106155005""],""companySize"":[""B"",""C""]},{""keywords"":""web development"",""origin"":""FACETED_SEARCH"",""spellCorrectionEnabled"":""true"",""companyHqGeo"":[""104305776"",""100459316"",""106155005""],""companySize"":[""B"",""C""]}]"
"UXTeam","Design","Edison, New Jersey","UXTeam is a B2B experience design partner helping agencies and companies deliver clear, scalable, and high-quality digital experiences. We work behind the scenes with marketing agencies, development teams, B2B event organizers, and product companies to strengthen their UX, UI, and design execution without adding...",11000,"https://www.linkedin.com/company/uxteam/","web development","[{""keywords"":""web development"",""origin"":""FACETED_SEARCH"",""companyHqGeo"":[""104305776"",""100459316"",""106155005""],""companySize"":[""B"",""C""]},{""keywords"":""web development"",""origin"":""FACETED_SEARCH"",""spellCorrectionEnabled"":""true"",""companyHqGeo"":[""104305776"",""100459316"",""106155005""],""companySize"":[""B"",""C""]}]"
"TechCreatix","IT Services and IT Consulting","St Petersburg, Florida","Web app development",9000,"https://www.linkedin.com/company/techcreatix/","web development","[{""keywords"":""web development"",""origin"":""FACETED_SEARCH"",""companyHqGeo"":[""104305776"",""100459316"",""106155005""],""companySize"":[""B"",""C""]},{""keywords"":""web development"",""origin"":""FACETED_SEARCH"",""spellCorrectionEnabled"":""true"",""companyHqGeo"":[""104305776"",""100459316"",""106155005""],""companySize"":[""B"",""C""]}]"
"Fwd Creatives","Technology, Information and Internet","Dulles, Washington DC","FWD Creatives is a digital agency specialized in web design, development, softwares, mobile applications, branding, marketing and production.",14000,"https://www.linkedin.com/company/fwd-creatives/","web development","[{""keywords"":""web development"",""origin"":""FACETED_SEARCH"",""companyHqGeo"":[""104305776"",""100459316"",""106155005""],""companySize"":[""B"",""C""]},{""keywords"":""web development"",""origin"":""FACETED_SEARCH"",""spellCorrectionEnabled"":""true"",""companyHqGeo"":[""104305776"",""100459316"",""106155005""],""companySize"":[""B"",""C""]}]"
"Theecode","IT Services and IT Consulting","Mamaroneck, New York","Web App Development",8000,"https://www.linkedin.com/company/theecode/","web development","[{""keywords"":""web development"",""origin"":""FACETED_SEARCH"",""companyHqGeo"":[""104305776"",""100459316"",""106155005""],""companySize"":[""B"",""C""]},{""keywords"":""web development"",""origin"":""FACETED_SEARCH"",""spellCorrectionEnabled"":""true"",""companyHqGeo"":[""104305776"",""100459316"",""106155005""],""companySize"":[""B"",""C""]}]"
"ClickTraces","IT Services and IT Consulting","Austin, Texas","We are an AI-driven digital marketing agency that provides data-centric marketing solutions to local businesses, incorporating advanced AI technologies. Our services include web development, SEO, and advanced digital marketing, all optimized with AI for superior outcomes. Our web development team creates high...",7000,"https://www.linkedin.com/company/clicktraces/","web development","[{""keywords"":""web development"",""origin"":""FACETED_SEARCH"",""companyHqGeo"":[""104305776"",""100459316"",""106155005""],""companySize"":[""B"",""C""]},{""keywords"":""web development"",""origin"":""FACETED_SEARCH"",""spellCorrectionEnabled"":""true"",""companyHqGeo"":[""104305776"",""100459316"",""106155005""],""companySize"":[""B"",""C""]}]"
"Superb Developer","IT Services and IT Consulting","Texas, Plano","Web Development",7000,"https://www.linkedin.com/company/superb-developer/","web development","[{""keywords"":""web development"",""origin"":""FACETED_SEARCH"",""companyHqGeo"":[""104305776"",""100459316"",""106155005""],""companySize"":[""B"",""C""]},{""keywords"":""web development"",""origin"":""FACETED_SEARCH"",""spellCorrectionEnabled"":""true"",""companyHqGeo"":[""104305776"",""100459316"",""106155005""],""companySize"":[""B"",""C""]}]"
"W Leads","Marketing Services","San Francisco","Transform your website into a lead generation machine with our expert web development services.",7000,"https://www.linkedin.com/company/webflow-leads/","web development","[{""keywords"":""web development"",""origin"":""FACETED_SEARCH"",""companyHqGeo"":[""104305776"",""100459316"",""106155005""],""companySize"":[""B"",""C""]},{""keywords"":""web development"",""origin"":""FACETED_SEARCH"",""spellCorrectionEnabled"":""true"",""companyHqGeo"":[""104305776"",""100459316"",""106155005""],""companySize"":[""B"",""C""]}]"
"Bruce Clay, Inc.","Internet Publishing","Simi Valley, CA","..., content development, web architecture, and website analytics. We provide comprehensive and 100% customized online marketing strategies that deliver results...",6000,"https://www.linkedin.com/company/bruce-clay-inc-/","web development","[{""keywords"":""web development"",""origin"":""FACETED_SEARCH"",""companyHqGeo"":[""104305776"",""100459316"",""106155005""],""companySize"":[""B"",""C""]},{""keywords"":""web development"",""origin"":""FACETED_SEARCH"",""spellCorrectionEnabled"":""true"",""companyHqGeo"":[""104305776"",""100459316"",""106155005""],""companySize"":[""B"",""C""]}]"
"Zajno Digital Design Studio","Advertising Services","Lewes, Delaware","Services: Branding | Website & Landing Page Design | Webflow Development | UI/UX | Motion Graphics | 3D Animation | Illustrations | Sound Design Web...",5000,"https://www.linkedin.com/company/zajno/","web development","[{""keywords"":""web development"",""origin"":""FACETED_SEARCH"",""companyHqGeo"":[""104305776"",""100459316"",""106155005""],""companySize"":[""B"",""C""]},{""keywords"":""web development"",""origin"":""FACETED_SEARCH"",""spellCorrectionEnabled"":""true"",""companyHqGeo"":[""104305776"",""100459316"",""106155005""],""companySize"":[""B"",""C""]}]"
"Macromodule Technologies, LLC","Software Development","Miami, Florida","Macromodule Technologies | AI, Custom Software and Digital Transformation Macromodule Technologies is a software engineering and technology partner helping businesses build AI-enabled systems, automate complex operations, modernize existing processes, and launch scalable digital products. We work with founders, growing companies, and enterprise teams that need more than basic development support. Our team combines product strategy, software architecture, engineering, quality assurance, cloud infrastructure, and long-term technical support to deliver reliable technology solutions. Our Core Capabilities 1. AI and Intelligent Automation We build AI-powered applications, intelligent workflows, document-processing systems, analytics platforms, AI assistants, and automation solutions that help businesses reduce manual work, improve decision-making, and operate more efficiently. 2. Custom Software Engineering We design and develop scalable web platforms, SaaS products, enterprise applications, mobile apps, dashboards, APIs, and cloud-based systems tailored to specific business and operational requirements. 3. Digital Process Transformation We help companies replace disconnected tools, spreadsheets, and manual processes with integrated digital systems. Our solutions improve visibility, productivity, data accuracy, and collaboration across teams. 4. Blockchain and Web3 Solutions We develop selected blockchain products and infrastructure, including non-custodial wallets, smart contracts, decentralized platforms, tokenization systems, blockchain integrations, and custom Web3 applications. Industry Experience Our teams have delivered technology solutions across FinTech, HealthTech, SaaS, data and analytics, logistics, e-commerce, enterprise operations, and blockchain-based products. Why Companies Work With Us We approach every engagement as a technology partner, not simply a development vendor. We focus on understanding the business problem, defining the right ar",4000,"https://www.linkedin.com/company/macromodule-technologies/","web development","[{""keywords"":""web development"",""origin"":""FACETED_SEARCH"",""companyHqGeo"":[""104305776"",""100459316"",""106155005""],""companySize"":[""B"",""C""]},{""origin"":""GLOBAL_SEARCH_HEADER"",""companyHqGeo"":[""100459316"",""104305776"",""106155005""],""companySize"":[""B"",""C""],""industryCompanyVertical"":[""4""]},{""keywords"":""web development"",""origin"":""FACETED_SEARCH"",""spellCorrectionEnabled"":""true"",""companyHqGeo"":[""104305776"",""100459316"",""106155005""],""companySize"":[""B"",""C""]}]"
"Arhamsoft LLC","IT Services and IT Consulting","new york, new york","...mobile apps that provide seamless user experiences and support business growth. Web Development: High-performance, visually appealing websites and web applications...",5000,"https://www.linkedin.com/company/arhamsoft-llc/","web development","[{""keywords"":""web development"",""origin"":""FACETED_SEARCH"",""companyHqGeo"":[""104305776"",""100459316"",""106155005""],""companySize"":[""B"",""C""]},{""keywords"":""web development"",""origin"":""FACETED_SEARCH"",""spellCorrectionEnabled"":""true"",""companyHqGeo"":[""104305776"",""100459316"",""106155005""],""companySize"":[""B"",""C""]}]"
"Sapdra, Inc.","IT Services and IT Consulting","Clearwater, Florida","Sapdra is an IT company, delivering high quality IT services including software development, web development, application development, CMS and digital marketing services (SEO, SMO, SEM/PPC, web promotion) worldwide. Specialties: Software Application Development, Web Application Development, Website Design...",5000,"https://www.linkedin.com/company/sapdra/","web development","[{""keywords"":""web development"",""origin"":""FACETED_SEARCH"",""companyHqGeo"":[""104305776"",""100459316"",""106155005""],""companySize"":[""B"",""C""]},{""keywords"":""web development"",""origin"":""FACETED_SEARCH"",""spellCorrectionEnabled"":""true"",""companyHqGeo"":[""104305776"",""100459316"",""106155005""],""companySize"":[""B"",""C""]}]"
"Brand Surge LLC","Marketing Services","Austin, Texas","Brand Surge is a white-label digital delivery partner built exclusively for US-based agencies. We work behind the scenes as an extension of agency teams, providing structured execution across SEO, paid search, performance and growth marketing, analytics, web design & development, and delivery-focused HR support...",6000,"https://www.linkedin.com/company/brand-surge/","web development","[{""keywords"":""web development"",""origin"":""FACETED_SEARCH"",""companyHqGeo"":[""104305776"",""100459316"",""106155005""],""companySize"":[""B"",""C""]},{""keywords"":""web development"",""origin"":""FACETED_SEARCH"",""spellCorrectionEnabled"":""true"",""companyHqGeo"":[""104305776"",""100459316"",""106155005""],""companySize"":[""B"",""C""]}]"
"Codknox","Software Development","New York, New York","Based in NYC, Codknox embodies technical excellence. We thrive on tackling complex challenges and finding effective solutions to sophisticated problems. Our team of tech experts thinks big and innovatively, designs creatively, and codes efficiently to deliver digital products tailored to real customer needs, standing out in a dynamic marketplace. With our top-tier, full-cycle custom web and mobile app development services, we are your technology partner, ready to bring your innovative ideas to life. We support you through the digital transformation journey. Our digital manufacturing provides a comprehensive range of web and mobile solutions, keeping you ahead of the digital curve. We help you deliver solution-oriented, robust, and smart digital products that offer outstanding user experiences and seamless functionality. Let us help you harness innovative technologies and gain a competitive edge in the global digital economy.",4000,"https://www.linkedin.com/company/codknox/","web development","[{""keywords"":""web development"",""origin"":""FACETED_SEARCH"",""companyHqGeo"":[""104305776"",""100459316"",""106155005""],""companySize"":[""B"",""C""]},{""origin"":""GLOBAL_SEARCH_HEADER"",""companyHqGeo"":[""100459316"",""104305776"",""106155005""],""companySize"":[""B"",""C""],""industryCompanyVertical"":[""4""]},{""keywords"":""web development"",""origin"":""FACETED_SEARCH"",""spellCorrectionEnabled"":""true"",""companyHqGeo"":[""104305776"",""100459316"",""106155005""],""companySize"":[""B"",""C""]}]"
"Enginecy","Marketing Services","Tampa, Florida","Web Development",5000,"https://www.linkedin.com/company/enginecy/","web development","[{""keywords"":""web development"",""origin"":""FACETED_SEARCH"",""companyHqGeo"":[""104305776"",""100459316"",""106155005""],""companySize"":[""B"",""C""]},{""keywords"":""web development"",""origin"":""FACETED_SEARCH"",""spellCorrectionEnabled"":""true"",""companyHqGeo"":[""104305776"",""100459316"",""106155005""],""companySize"":[""B"",""C""]}]"
"Analogyx","Software Development","San Francisco, California","Drive Business Transformation with Analogyx - Your Strategic IT Partner Analogyx is your trusted strategic partner for cutting-edge IT solutions tailored to accelerate growth. Our expertise spans Cloud ERP Implementation (Epicor, Odoo, SAP), Data Integration, SaaS Deployment, Data Analytics, AI & Machine Learning. Key Services: - ERP Consulting & Implementation (Epicor, Odoo, SAP, Oracle NetSuite) - CRM Solutions (Salesforce, Microsoft Dynamics) - Data Warehousing & Business Intelligence (Power BI, Tableau) - Data Integration & ETL (Informatica, Talend, Azure Data Factory) - AI & Machine Learning Solutions - Cloud Migration & Managed Services (AWS, Azure) With over 35+ certified consultants, we deliver industry-specific solutions for Manufacturing, Retail, BFSI, Healthcare, and more. Let's unlock your business's true potential with tailored IT strategies driving operational efficiency, data-driven insights, and digital transformation. Contact us today for a free consultation!",4000,"https://www.linkedin.com/company/analogyxbi/","web development","[{""keywords"":""web development"",""origin"":""FACETED_SEARCH"",""companyHqGeo"":[""104305776"",""100459316"",""106155005""],""companySize"":[""B"",""C""]},{""origin"":""GLOBAL_SEARCH_HEADER"",""companyHqGeo"":[""100459316"",""104305776"",""106155005""],""companySize"":[""B"",""C""],""industryCompanyVertical"":[""4""]},{""keywords"":""web development"",""origin"":""FACETED_SEARCH"",""spellCorrectionEnabled"":""true"",""companyHqGeo"":[""104305776"",""100459316"",""106155005""],""companySize"":[""B"",""C""]}]"
"Datailer Technologies","Software Development","Dubai","Expert in characterizing and synthesizing the data and information to derive the insightful wisdom and unique results in the form of Project Management • Solid Project Management knowledge foundation. • Experience in applying project management “Best Practices” in practical solutions. • Trusted partner and genuine client relationship management. • Establish credibility and ensure end to end accountability.",74000,"https://www.linkedin.com/company/datailer/","web development","[{""keywords"":""web development"",""origin"":""FACETED_SEARCH"",""companyHqGeo"":[""104305776"",""100459316"",""106155005""],""companySize"":[""B"",""C""]},{""origin"":""GLOBAL_SEARCH_HEADER"",""companyHqGeo"":[""100459316"",""104305776"",""106155005""],""companySize"":[""B"",""C""],""industryCompanyVertical"":[""4""]},{""keywords"":""web development"",""origin"":""FACETED_SEARCH"",""spellCorrectionEnabled"":""true"",""companyHqGeo"":[""104305776"",""100459316"",""106155005""],""companySize"":[""B"",""C""]}]"
"Grids Apps LLC","Software Development","New York, new york","We Are a Professional Company That Provides The Best Solutions for Desktop Programs , Web Sites and Mobile Apps. We have the technical knowledge, design savvy and business-sense to make your app idea a success. We’ll walk you through the whole process from planning to design to Development the Apps ,and Finally...",2000,"https://www.linkedin.com/company/gridsappsllc/","apps","[{""keywords"":""apps"",""origin"":""GLOBAL_SEARCH_HEADER"",""companyHqGeo"":[""104305776"",""100459316"",""106155005""],""companySize"":[""B"",""C""]}]"
"Vie Apps Studio","Software Development","Lahore, Punjab","At Vie Apps Studio Pvt LTD, we specialize in delivering comprehensive technology solutions tailored to your needs. From mobile game development and NFT creation to custom software and web applications, our team is dedicated to turning your vision into reality. 𝐖𝐡𝐚𝐭 𝐖𝐞 𝐃𝐨: 𝐌𝐨𝐛𝐢𝐥𝐞 𝐀𝐩𝐩...",10000,"https://www.linkedin.com/company/vie-apps-studio/","apps","[{""keywords"":""apps"",""origin"":""GLOBAL_SEARCH_HEADER"",""companyHqGeo"":[""104305776"",""100459316"",""106155005""],""companySize"":[""B"",""C""]}]"
"Nazer Apps","Technology, Information and Internet","Abu Dhabi","Nazer Apps: Innovate, Develop, Boost, and Promote At Nazer Apps, we are dedicated to turning visionary ideas into powerful applications. Specializing in end...",7000,"https://www.linkedin.com/company/nazer-apps/","apps","[{""keywords"":""apps"",""origin"":""GLOBAL_SEARCH_HEADER"",""companyHqGeo"":[""104305776"",""100459316"",""106155005""],""companySize"":[""B"",""C""]}]"
"APPS PATROLS for IT consulting.","Information Technology & Services","GIZA, Greater Cairo","Business Runs on technology ... Technology is our edge. APPS PATROLS is fast growing Information Technology company providing wide range of top-class business consulting and information technology services. We are proud as ORACLE Partner, of our overseas successful projects we had closed in Gulf, Egypt and West...",2000,"https://www.linkedin.com/company/apps-patrols/","apps","[{""keywords"":""apps"",""origin"":""GLOBAL_SEARCH_HEADER"",""companyHqGeo"":[""104305776"",""100459316"",""106155005""],""companySize"":[""B"",""C""]}]"
"Arab apps","IT Services and IT Consulting","طنطا, الغربية","عرب أبس هي شركة رائدة في تطوير الحلول التقنية المبتكرة، متخصصة في برمجة التطبيقات والأنظمة الإلكترونية المصممة لتلبية احتياجات الأعمال الحديثة. نحن نقدم حلول برمجية مبتكرة وعالية الجودة تساعد عملاءنا في تحسين العمليات وتحقيق التميز في السوق. فريقنا المتخصص يعمل على تصميم وتطوير تطبيقات مخصصة تلبي احتياجات السوق المحلي والعالمي.",5000,"https://www.linkedin.com/company/arab-apps/","apps","[{""keywords"":""apps"",""origin"":""GLOBAL_SEARCH_HEADER"",""companyHqGeo"":[""104305776"",""100459316"",""106155005""],""companySize"":[""B"",""C""]}]"
"Wanas Apps | Zoho Premium Partner","Software Development","Dubai, Dubai","Zoho Premium Partner | Wanas Apps",3000,"https://www.linkedin.com/company/wanasapps/","apps","[{""keywords"":""apps"",""origin"":""GLOBAL_SEARCH_HEADER"",""companyHqGeo"":[""104305776"",""100459316"",""106155005""],""companySize"":[""B"",""C""]}]"
"Infosysta Apps","Software Development","Dubai","Optimize team productivity, enhanced workflows and efficient omnichannel support with Infosysta Apps' Jira integrations",1000,"https://www.linkedin.com/company/infosysta-apps/","apps","[{""keywords"":""apps"",""origin"":""GLOBAL_SEARCH_HEADER"",""companyHqGeo"":[""104305776"",""100459316"",""106155005""],""companySize"":[""B"",""C""]}]"
"Android Apps","Software Development","Dubai","📱🔥 Let's change the dating game! We're Turkey's first Dubai based mobile dating app that lets you message directly without matching. 🚀💑 No need for other apps for thrilling dating experiences! You can be sure we'll make you feel tired of classic dating scenes. 😜💃 🤷‍♂️End the hassle of waiting to match...",659,"https://www.linkedin.com/company/android-apps-ltd/","apps","[{""keywords"":""apps"",""origin"":""GLOBAL_SEARCH_HEADER"",""companyHqGeo"":[""104305776"",""100459316"",""106155005""],""companySize"":[""B"",""C""]}]"
"MSD Business Solutions-Dynamics365 F&O, BC, CRM, AI, Fabric and Power BI/Apps/Automate Specialist","IT Services and IT Consulting","Chennai, Tamilnadu",".../AX, Business Central/NAV, Customer Engagement(CRM), GP, PowerAutomate, Power Apps & Power BI. MSD Business Solutions offerings include Dynamics 365 Finance...",2000,"https://www.linkedin.com/company/msd365bizsolutions/","apps","[{""keywords"":""apps"",""origin"":""GLOBAL_SEARCH_HEADER"",""companyHqGeo"":[""104305776"",""100459316"",""106155005""],""companySize"":[""B"",""C""]}]"
"IBA APPS (Intelligent Business Applications)","Desktop Computing Software Products","Dubai, Dubai","At IBA-Apps, we empower organizations across the GCC with innovative communication and connectivity solutions that drive performance, reliability, and collaboration. As a trusted provider of advanced voice communication systems and integrated digital platforms, we help businesses connect seamlessly within their teams...",2000,"https://www.linkedin.com/company/iba-apps/","apps","[{""keywords"":""apps"",""origin"":""GLOBAL_SEARCH_HEADER"",""companyHqGeo"":[""104305776"",""100459316"",""106155005""],""companySize"":[""B"",""C""]}]"
"Payar Technologies | toodle apps","Software Development","Dubai , Dubai","toodle is a mobile-first platform for on-site service, ordering and guest interaction, built for hospitality, retail and live venues. The platform is designed for environments where service happens in real time; at tables, counters, poolside, beach clubs, hotels, events, pop-ups, food-courts, in-room dining, in-venue retail and so much more. toodle helps venues operate and engage guests and users in the moment, using a combination of staff-operated mobile devices and guest-facing web applications. For front-of-house teams, toodle provides staff-led mobile service and ordering tools, including a mobile ePOS. Staff can take orders, manage service flow and handle payments directly on the floor, without relying on fixed POS terminals. For guests, toodle offers branded, consumer-facing web applications that run on their own devices, allowing them to browse, order and interact while on-site, with fulfilment and control remaining with front-of-house staff. Beyond individual outlets, toodle supports venue-level experiences, bringing together multiple outlets and digital touchpoints into a single on-site journey, including concierge-style services, guest communication, discovery and engagement; alongside ordering where relevant. toodle supports: Staff-led and guest-led on-site ordering Mobile ePOS and on-floor service operations Guest engagement, communication and feedback Promotions, campaigns and offers Catalogue, menu and pricing management Multi-outlet and venue-level experiences For operators, marketeers and management teams, toodle includes a comprehensive web-based portal for configuration, analytics, reporting and performance monitoring across single or multi-outlet venues. Designed to be fast to deploy and easy to manage, toodle helps businesses improve service flow, increase revenue per guest and stay in control - without heavy hardware or complex installations.",1000,"https://www.linkedin.com/company/toodleapps/","apps","[{""keywords"":""apps"",""origin"":""GLOBAL_SEARCH_HEADER"",""companyHqGeo"":[""104305776"",""100459316"",""106155005""],""companySize"":[""B"",""C""]}]"
"Apps Archs","IT System Custom Software Development","Rawalpindi","From Idea to Deployment - Apps That Scale",229,"https://www.linkedin.com/company/appsarchs/","apps","[{""keywords"":""apps"",""origin"":""GLOBAL_SEARCH_HEADER"",""companyHqGeo"":[""104305776"",""100459316"",""106155005""],""companySize"":[""B"",""C""]}]"
"Apps Island","Software Development","King Fahd District, Riyadh","We Build Software Around Your Business At Apps Island, we turn business ideas, challenges, and opportunities into powerful digital solutions. We specialize in custom software, web applications, mobile apps, AI solutions, automation, and system integration, helping businesses improve efficiency and achieve...",328,"https://www.linkedin.com/company/apps-island/","apps","[{""keywords"":""apps"",""origin"":""GLOBAL_SEARCH_HEADER"",""companyHqGeo"":[""104305776"",""100459316"",""106155005""],""companySize"":[""B"",""C""]}]"
"Milestone Apps","IT Services and IT Consulting","Lahore, Punjab","Milestone Apps is a digital technology consulting practice with presence in Canada, UAE and Pakistan. Fast growing global clientbase spanning over 12 industry sectors, ranges from highly established organizations like world’s largest shipowners, and 150-year old university on one hand, to highly agile funded start...",1000,"https://www.linkedin.com/company/milestoneapps/","apps","[{""keywords"":""apps"",""origin"":""GLOBAL_SEARCH_HEADER"",""companyHqGeo"":[""104305776"",""100459316"",""106155005""],""companySize"":[""B"",""C""]}]"
"ABU DHABI APPS - OILX TECHNOLOGIES","Mobile Computing Software Products","ABU DHABI","ABU DHABI APPS is a company driven by passion for perfection. Being in this business for many years has provided us an experience in plethora of technical fields, which gives ABU DHABI APPS a leverage over other companies. With the staggering development in technology, our company is up to date with all the latest...",1000,"https://www.linkedin.com/company/abu-dhabi-apps/","apps","[{""keywords"":""apps"",""origin"":""GLOBAL_SEARCH_HEADER"",""companyHqGeo"":[""104305776"",""100459316"",""106155005""],""companySize"":[""B"",""C""]}]"
"ِApps Master Solutions","IT Services and IT Consulting","Algaish st, Al Jizah","Considered Apps-Master company is among of companies that are training and implementation on Oracle applications .. and that is differentiated by those who made it have great experience in this area and they are already working in large industrial companies in Egyp",467,"https://www.linkedin.com/company/%D9%90apps-master/","apps","[{""keywords"":""apps"",""origin"":""GLOBAL_SEARCH_HEADER"",""companyHqGeo"":[""104305776"",""100459316"",""106155005""],""companySize"":[""B"",""C""]}]"
"NASA Space Apps Hurghada","Non-profit Organizations","Hurghada, Red Sea","Space Apps 2025 Challenge will be hosted locally in Hurghada, as a part of the International Space Apps Challenge! 🪐",492,"https://www.linkedin.com/company/spaceappshurghada/","apps","[{""keywords"":""apps"",""origin"":""GLOBAL_SEARCH_HEADER"",""companyHqGeo"":[""104305776"",""100459316"",""106155005""],""companySize"":[""B"",""C""]}]"
"Seven Code Apps","Software Development","cairo","Seven Code Apps is one of the leading e-marketing, website and mobile application design and programming companies",644,"https://www.linkedin.com/company/seven-code-apps/","apps","[{""keywords"":""apps"",""origin"":""GLOBAL_SEARCH_HEADER"",""companyHqGeo"":[""104305776"",""100459316"",""106155005""],""companySize"":[""B"",""C""]}]"
"Apps Factory","IT Services and IT Consulting","Abu Dhabi, AUH","Apps Factory FZ LLC, based in Abu Dhabi Media Free Zone Authority, a one-stop shop for mobile applications; we design, deliver and implement end-to-end business solutions for our clients through our extensive competency in mobile and web app development. We blend creativity with technology to deliver integrated...",402,"https://www.linkedin.com/company/apps-factory/","apps","[{""keywords"":""apps"",""origin"":""GLOBAL_SEARCH_HEADER"",""companyHqGeo"":[""104305776"",""100459316"",""106155005""],""companySize"":[""B"",""C""]}]"
"NASA Space Apps Dubai","Non-profit Organizations","Dubai","It is a local Hackathon for innovators who are interested in space science and exploration.",478,"https://www.linkedin.com/company/spaceappsdubai/","apps","[{""keywords"":""apps"",""origin"":""GLOBAL_SEARCH_HEADER"",""companyHqGeo"":[""104305776"",""100459316"",""106155005""],""companySize"":[""B"",""C""]}]"
"FSG Apps & Tech","IT Services and IT Consulting","Dubai, Dubai","IT Solution based in Dubai - Commercially Focused Services Designed To Meet Your Business Requirements. We develop eCommerce Websites, Mobile applications, Digital Marketing, and more.",1000,"https://www.linkedin.com/company/fsgappsandtech/","apps","[{""keywords"":""apps"",""origin"":""GLOBAL_SEARCH_HEADER"",""companyHqGeo"":[""104305776"",""100459316"",""106155005""],""companySize"":[""B"",""C""]}]"
"Apps Valley","Software Development","Maadi, Cairo","Apps Valley is a software house, we are specialized in customized Mobile & VAS products. @Apps Valley, we create new trends, develop new ideas, provide solutions and services for Corporate customers and Telecom Operators.",239,"https://www.linkedin.com/company/apps-valley/","apps","[{""keywords"":""apps"",""origin"":""GLOBAL_SEARCH_HEADER"",""companyHqGeo"":[""104305776"",""100459316"",""106155005""],""companySize"":[""B"",""C""]}]"
"Kids Apps Company","IT Services and IT Consulting","Riyadh, Riyadh","Company specializes in production of interactive applications for children through the application of smart devices, with the aim of interaction, education, and entertainment of children through new technology. We will update our profile soon By: TagMedia http://kidsapp.sa",6000,"https://www.linkedin.com/company/kids-apps-center/","apps","[{""keywords"":""apps"",""origin"":""GLOBAL_SEARCH_HEADER"",""companyHqGeo"":[""104305776"",""100459316"",""106155005""],""companySize"":[""B"",""C""]}]"
"ECCC - Mobile Apps and Websites for Businesses","IT Services and IT Consulting","Liwara 1, Ajman","Eazi-Apps/Eazi-Sites/Eazi-SEO licence owned and operated by Ali Sadeddin and Yousef Daribaid",744,"https://www.linkedin.com/company/eccc-mobile-apps-and-websites-for-businesses/","apps","[{""keywords"":""apps"",""origin"":""GLOBAL_SEARCH_HEADER"",""companyHqGeo"":[""104305776"",""100459316"",""106155005""],""companySize"":[""B"",""C""]}]"
"Haaaaaaappy Apps","Mental Health Care","Nadd Hessa, Dubai","AI-Powered Wellness Apps That Actually Change Lives",250,"https://www.linkedin.com/company/haaaaaaappy-apps/","apps","[{""keywords"":""apps"",""origin"":""GLOBAL_SEARCH_HEADER"",""companyHqGeo"":[""104305776"",""100459316"",""106155005""],""companySize"":[""B"",""C""]}]"
"its Impact plus ( iiP ) - Delivery Apps Management Services","Technology, Information and Internet","AlRiyadh","Our goal is to give people like you the opportunity to get everything you need without the hassle.",688,"https://www.linkedin.com/company/iipitsimpactplus/","apps","[{""keywords"":""apps"",""origin"":""GLOBAL_SEARCH_HEADER"",""companyHqGeo"":[""104305776"",""100459316"",""106155005""],""companySize"":[""B"",""C""]}]"
"Nero Apps","Software Development","Dubai","We're passionate about creating the best mobile apps for iOS and Android.",10,"https://www.linkedin.com/company/nero-apps/","apps","[{""keywords"":""apps"",""origin"":""GLOBAL_SEARCH_HEADER"",""companyHqGeo"":[""104305776"",""100459316"",""106155005""],""companySize"":[""B"",""C""]}]"
"Apps Stage","IT Services and IT Consulting","Baynoona Tower 1, Abu Dhabi, Corniche Street, Abu Dhabi","Apps Stage is a professional apps and software developing company owned and run by UAE talents and operated by a team of professionals having different experiences and focused on innovation, quality and customer satisfaction. We at Apps Stage realize the importance of turning your ideas into a well-designed process...",212,"https://www.linkedin.com/company/appsstage/","apps","[{""keywords"":""apps"",""origin"":""GLOBAL_SEARCH_HEADER"",""companyHqGeo"":[""104305776"",""100459316"",""106155005""],""companySize"":[""B"",""C""]}]"
"Web & Apps Technology","Software Development","Giza, Giza Governorate","Software House | Websites, Mobile Apps, E-commerce, Dashboards & AI Automation",395,"https://www.linkedin.com/company/web-apps-technology/","apps","[{""keywords"":""apps"",""origin"":""GLOBAL_SEARCH_HEADER"",""companyHqGeo"":[""104305776"",""100459316"",""106155005""],""companySize"":[""B"",""C""]}]"
"Delivr apps","Transportation, Logistics, Supply Chain and Storage","Dubai, UAE","Delivr helps enterprises scale up and optimize their logistics operations with a data-led real time delivery & visibility platform. Using Delivr, 3PL(logistics) providers can rapidly enable innovative delivery and fulfillment models that maximize customer experience, optimize logistics operations and channels for growth. Delivr aims to enable best-known brands in UAE, GCC & MENA countries to use its platform to deliver the perfect last mile experience at peak efficiency across multiple delivery models.",577,"https://www.linkedin.com/company/delivr-biz/","apps","[{""keywords"":""apps"",""origin"":""GLOBAL_SEARCH_HEADER"",""companyHqGeo"":[""104305776"",""100459316"",""106155005""],""companySize"":[""B"",""C""]}]"
"VOC Apps","Software Development","Cairo, Maadi","VOC Apps is a software services provider. Founded in 2018 with the aim to play a leadership role in the MEA region.",343,"https://www.linkedin.com/company/voc-apps/","apps","[{""keywords"":""apps"",""origin"":""GLOBAL_SEARCH_HEADER"",""companyHqGeo"":[""104305776"",""100459316"",""106155005""],""companySize"":[""B"",""C""]}]"
"Venta Apps, LLC","Software Development","Alexandria","Venta Apps is a software development company with a sharp focus on Mobile Apps, websites, tools and utilities.",325,"https://www.linkedin.com/company/venta-apps-llc/","apps","[{""keywords"":""apps"",""origin"":""GLOBAL_SEARCH_HEADER"",""companyHqGeo"":[""104305776"",""100459316"",""106155005""],""companySize"":[""B"",""C""]}]"
"NASA Space Apps Alexandria","Space Research and Technology","Alexandria","NASA Space Apps Alexandria is part of the largest global hackathon in the world NASA’s Space Apps Challenge. Hosted in Alexandria, Egypt, our local chapter brings together coders, designers, scientists, storytellers, and space enthusiasts to collaborate on real-world challenges using NASA's open data...",492,"https://www.linkedin.com/company/nasa-space-apps-alexandria/","apps","[{""keywords"":""apps"",""origin"":""GLOBAL_SEARCH_HEADER"",""companyHqGeo"":[""104305776"",""100459316"",""106155005""],""companySize"":[""B"",""C""]}]"
"NASA Space Apps Challenge Abu Dhabi","Education","Abu Dhabi, Abu Dhabi Emirate","Official page of Nasa Space Apps Abu Dhabi",518,"https://www.linkedin.com/company/nasa-space-apps-challenge-uae/","apps","[{""keywords"":""apps"",""origin"":""GLOBAL_SEARCH_HEADER"",""companyHqGeo"":[""104305776"",""100459316"",""106155005""],""companySize"":[""B"",""C""]}]"
"A&G (Apps & Games)","IT Services and IT Consulting","AbuDhabi","Technolutionize Apps Development",474,"https://www.linkedin.com/company/appsandgames/","apps","[{""keywords"":""apps"",""origin"":""GLOBAL_SEARCH_HEADER"",""companyHqGeo"":[""104305776"",""100459316"",""106155005""],""companySize"":[""B"",""C""]}]"
"Power Apps Technonlgy","Software Development","Cairo","Software Company for Mobile Apps Development متخصصون فى تصميم وبرمجة تطبيقات الجوال مع بداية عام 2022 ، تجاوزت تطبيقاتنا 200000 تنزيل تأتى خطوات تنفيذ تطبيقك على النحو الآتى: 1- الأفكار ، مناقشة فكرة المشروع بشكل جيد ثم تقديم الاقتراحات والملاحظات المفيدة 2- التصميم ، تقديم تصميم احترافي يتميز بالسهولة والجودة...",246,"https://www.linkedin.com/company/power-apps-technonlgy/","apps","[{""keywords"":""apps"",""origin"":""GLOBAL_SEARCH_HEADER"",""companyHqGeo"":[""104305776"",""100459316"",""106155005""],""companySize"":[""B"",""C""]}]"
"Sharks Apps","Software Development","cairo","Sharks Tech is a software company that provides everything your business needs to make it easier and more successful.",248,"https://www.linkedin.com/company/sharks-tech/","apps","[{""keywords"":""apps"",""origin"":""GLOBAL_SEARCH_HEADER"",""companyHqGeo"":[""104305776"",""100459316"",""106155005""],""companySize"":[""B"",""C""]}]"
"Nour Apps","Advertising Services","jeddah","""Employee Happiness Program"" enable companies to have employee loyalty program with following feature: 1) Discounts in hundreds of restaurants and stores without the operation headache and effort. 2) Quality tel service to your employees to ensure they receive the promised service. 3) High quality design app with exciting and useful content and pictures. 4) Attractive pricing for your organization. All this is provided via ""Logta App"", which is a mobile app platform for discounts, where members get discounts in hundreds of stores and restaurants in Saudi.",392,"https://www.linkedin.com/company/logtaapp/","apps","[{""keywords"":""apps"",""origin"":""GLOBAL_SEARCH_HEADER"",""companyHqGeo"":[""104305776"",""100459316"",""106155005""],""companySize"":[""B"",""C""]}]"
"Apps Ventures","Mobile Gaming Apps","Riyadh","Advisory and Investments in Mobile Games and Apps",137,"https://www.linkedin.com/company/apps-ventures/","apps","[{""keywords"":""apps"",""origin"":""GLOBAL_SEARCH_HEADER"",""companyHqGeo"":[""104305776"",""100459316"",""106155005""],""companySize"":[""B"",""C""]}]"
"NASA Space Apps Beni-Suef","Space Research and Technology","Smart City, New Beni-Suef, Beni-Suef","Welcome to NASA Space Apps Beni-Suef! 🚀 We are dedicated to fostering creativity, innovation, and collaboration in space technology within Upper Egypt. Join us as we empower students and professionals to tackle real-world challenges through cutting-edge solutions. Together, we're shaping the future of space...",379,"https://www.linkedin.com/company/nasa-space-apps-beni-suef/","apps","[{""keywords"":""apps"",""origin"":""GLOBAL_SEARCH_HEADER"",""companyHqGeo"":[""104305776"",""100459316"",""106155005""],""companySize"":[""B"",""C""]}]"
"Storm Apps","Technology, Information and Media","Riyadh, Riyadh","Apps Storm | Architecting Scalable Software Solutions & High-Performance Systems",366,"https://www.linkedin.com/company/storm-apps/","apps","[{""keywords"":""apps"",""origin"":""GLOBAL_SEARCH_HEADER"",""companyHqGeo"":[""104305776"",""100459316"",""106155005""],""companySize"":[""B"",""C""]}]"
"Matrix For Business Apps","IT System Custom Software Development","Al Faisaliyah District, Makkah","Matrix is a leading innovator in ERP solutions, specializing in crafting tailored and user-friendly accounting programs for businesses. Our commitment to excellence, economic-friendly pricing, and seamless integration empower organizations of all sizes to achieve financial success. Join us in reshaping the future of business management.",281,"https://www.linkedin.com/company/matrix-for-business-apps/","apps","[{""keywords"":""apps"",""origin"":""GLOBAL_SEARCH_HEADER"",""companyHqGeo"":[""104305776"",""100459316"",""106155005""],""companySize"":[""B"",""C""]}]"
"Ready Apps LLC","IT Services and IT Consulting","Cairo, Helopolis","Ready Apps is a software house established based on a long professional experience varying between Software Development, Management, Business Development...",356,"https://www.linkedin.com/company/ready-apps/","apps","[{""keywords"":""apps"",""origin"":""GLOBAL_SEARCH_HEADER"",""companyHqGeo"":[""104305776"",""100459316"",""106155005""],""companySize"":[""B"",""C""]}]"
"Apps Kit SDK","Advertising Services","Dubai , Dubai","Optimize app performance and simplify management with The Apps Kit SDK.",83,"https://www.linkedin.com/company/apps-kit-sdk/","apps","[{""keywords"":""apps"",""origin"":""GLOBAL_SEARCH_HEADER"",""companyHqGeo"":[""104305776"",""100459316"",""106155005""],""companySize"":[""B"",""C""]}]"
"Apps & Cyber","Technology, Information and Internet","Riyadh","We make both Gen-AI and Deep Learning work for you responsibly and ethically through increases in productivity, creativity, efficiency and effectiveness for your enterprise",87,"https://www.linkedin.com/company/apps-cyber/","apps","[{""keywords"":""apps"",""origin"":""GLOBAL_SEARCH_HEADER"",""companyHqGeo"":[""104305776"",""100459316"",""106155005""],""companySize"":[""B"",""C""]}]"
"NASA Space Apps Giza","Non-profit Organization Management","Giza","NASA's Space Apps Challenge to use their open data to build solutions to challenges we face on Earth and in Space.",223,"https://www.linkedin.com/company/nasa-space-apps-giza/","apps","[{""keywords"":""apps"",""origin"":""GLOBAL_SEARCH_HEADER"",""companyHqGeo"":[""104305776"",""100459316"",""106155005""],""companySize"":[""B"",""C""]}]"
"Sandcastles.ae Dubai Property Portal and Apps","Advertising Services","United Arab Emirates","Sandcastles Dubai Property and Abu Dhabi Property finder portal and apps, lists property from all over Dubai, Abu Dhabi. The property we advertise...",223,"https://www.linkedin.com/company/www.sandcastles.ae/","apps","[{""keywords"":""apps"",""origin"":""GLOBAL_SEARCH_HEADER"",""companyHqGeo"":[""104305776"",""100459316"",""106155005""],""companySize"":[""B"",""C""]}]"
"NASA Space Apps Alamein","Space Research and Technology","AlAmein","Nasa Space Apps Alamein is an entrepreneurial platform for all solutions towards Space and Earth Challenges by NASA based on satellite data and resources...",192,"https://www.linkedin.com/company/nsa-alamein/","apps","[{""keywords"":""apps"",""origin"":""GLOBAL_SEARCH_HEADER"",""companyHqGeo"":[""104305776"",""100459316"",""106155005""],""companySize"":[""B"",""C""]}]"
"Fast Apps Group","Information Technology & Services","Cairo","FAST APPS Group L.L.C is a software-based solutions company. While our head technical office is located in Egypt, We are capable to offering our services...",147,"https://www.linkedin.com/company/fast-apps-group/","apps","[{""keywords"":""apps"",""origin"":""GLOBAL_SEARCH_HEADER"",""companyHqGeo"":[""104305776"",""100459316"",""106155005""],""companySize"":[""B"",""C""]}]"
"Really Simple Apps","Technology, Information and Media","Dubai","apps",158,"https://www.linkedin.com/company/really-simple-apps/","apps","[{""keywords"":""apps"",""origin"":""GLOBAL_SEARCH_HEADER"",""companyHqGeo"":[""104305776"",""100459316"",""106155005""],""companySize"":[""B"",""C""]}]"
"Path Apps Co.","Information Technology & Services","Riyadh, Riyadh","Path Apps, established in 2013, specializes in IT development, consulting, and outsourcing services. Our proficient team of developers in Bangalore, India, is dedicated to delivering high-quality software solutions that help our clients meet their crucial IT goals. Our headquarters is based in Saudi Arabia...",116,"https://www.linkedin.com/company/path-apps/","apps","[{""keywords"":""apps"",""origin"":""GLOBAL_SEARCH_HEADER"",""companyHqGeo"":[""104305776"",""100459316"",""106155005""],""companySize"":[""B"",""C""]}]"
"Apps Cell","Software Development","Riyadh","We deliver mobile apps, websites, and software to enhance business operations.",20,"https://www.linkedin.com/company/apps-cell-tech/","apps","[{""keywords"":""apps"",""origin"":""GLOBAL_SEARCH_HEADER"",""companyHqGeo"":[""104305776"",""100459316"",""106155005""],""companySize"":[""B"",""C""]}]"
"Dx-APPS","Business Consulting and Services","Riyadh","DXAPPS Consultant assumes a lead role in facilitating business functional requirements, implementations, upgrades, and ongoing support of their related modules to enhance the value of user experience received from their Microsoft Dynamics 365. Coordinates end-user client relationships, while responding to both critical and routine Microsoft dynamics 365 application support requests. Collaborate with the Dxapps project teams to ensure that the business solutions are in line with the company’s operational goals and help produce desirable business outcomes. • 10 years experience in a similar role and part of one or more Microsoft Dynamics 365 FO implementation team • Excellent customer service, and communication skills in both verbal and written. • Strong understanding of Microsoft Dynamics 365 FO Finance, HCM, procurement, inventory management, logistics execution, and order fulfillment processes. • Hands-on experience with Dynamics 365 FO. • Basic understanding of Dynamics 365 FO master data and transactional data processing. • Attention to detail, great root cause analysis, and troubleshooting skills. • Ability to effectively handle stress and engage in continuous learning. • Able to create business process flows and detailed user requirement documentation. • Ability to multi-task and prioritize in a fast-paced environment and handle multiple issues at once. • Experience working in a team-oriented, collaborative environment. • Demonstrated leadership and personnel management skills. • Good understanding of the organization’s goals and objectives. • Strong interpersonal, written, and oral communication skills. • Ability to prioritize and execute tasks in a high-pressure environment and make sound decisions in emergencies. • Ability to present ideas in a user-friendly language. • Highly self-motivated and directed. • Proven analytical and problem-solving abilities.",115,"https://www.linkedin.com/company/dx-apps/","apps","[{""keywords"":""apps"",""origin"":""GLOBAL_SEARCH_HEADER"",""companyHqGeo"":[""104305776"",""100459316"",""106155005""],""companySize"":[""B"",""C""]}]"
"The Apps Company","IT Services and IT Consulting","Abu Dhabi","The Apps Company is an Abu Dhabi-based, locally-owned company that builds cutting-edge apps to help brands connect with customers. The Apps Company creates apps that can expand the reach of an existing marketing campaign, or even create a whole new brand from scratch, all through the use of a variety of mobile...",121,"https://www.linkedin.com/company/the-apps-company/","apps","[{""keywords"":""apps"",""origin"":""GLOBAL_SEARCH_HEADER"",""companyHqGeo"":[""104305776"",""100459316"",""106155005""],""companySize"":[""B"",""C""]}]"
"Clever Apps","Software Development","Dubai","We create technology platforms to help build & scale your business .. Our skills and knowledge are very flexible - we are able to accomplish literally any IT challenge today’s market can throw on us. Being on the market since 2016, we have managed to gain the trust and respect from our clients. Long-term relationships and happy customers have always been one of our main goals.",63,"https://www.linkedin.com/company/cleverappsco/","apps","[{""keywords"":""apps"",""origin"":""GLOBAL_SEARCH_HEADER"",""companyHqGeo"":[""104305776"",""100459316"",""106155005""],""companySize"":[""B"",""C""]}]"
"Mr.Apps","Software Development","Dubai","At Mr.Apps, We are a forward-thinking technology and marketing company dedicated to transforming ideas into powerful digital realities. Our mission...",71,"https://www.linkedin.com/company/mr-apps-it/","apps","[{""keywords"":""apps"",""origin"":""GLOBAL_SEARCH_HEADER"",""companyHqGeo"":[""104305776"",""100459316"",""106155005""],""companySize"":[""B"",""C""]}]"
"Pixel Apps","Technology, Information and Internet","Dubai","Empowering businesses through innovative technology solutions; Mobile & Web Apps, Bots, Automation, Serverless and Cloud",102,"https://www.linkedin.com/company/pixel-apps-dubai-uae/","apps","[{""keywords"":""apps"",""origin"":""GLOBAL_SEARCH_HEADER"",""companyHqGeo"":[""104305776"",""100459316"",""106155005""],""companySize"":[""B"",""C""]}]"
"Regum Apps","Software Development","El Obour City, Cairo","Expanding possibilities of better tomorrow , Listening to you, and answering with software.",59,"https://www.linkedin.com/company/regumapps/","apps","[{""keywords"":""apps"",""origin"":""GLOBAL_SEARCH_HEADER"",""companyHqGeo"":[""104305776"",""100459316"",""106155005""],""companySize"":[""B"",""C""]}]"
"MV Apps","Software Development","Miami, Alexandria","MV Apps Developers is a company, specialized in software development, media design, and marketing, by using the highest techniques and the latest software, we deliver a professional product to our clients, depending on company's highly standers of quality, and our team of highly skilled professional developers...",61,"https://www.linkedin.com/company/mvapps/","apps","[{""keywords"":""apps"",""origin"":""GLOBAL_SEARCH_HEADER"",""companyHqGeo"":[""104305776"",""100459316"",""106155005""],""companySize"":[""B"",""C""]}]"
"Apps Pioneers","IT Services and IT Consulting","Riyadh, Riyadh","Apps Pioneers",36,"https://www.linkedin.com/company/apps-pioneers/","apps","[{""keywords"":""apps"",""origin"":""GLOBAL_SEARCH_HEADER"",""companyHqGeo"":[""104305776"",""100459316"",""106155005""],""companySize"":[""B"",""C""]}]"
"ISCA| Intelligent Systems & Communication Apps","Information Technology & Services","6th Of October, Giza","ISCA is a registered software house company, We are a provider of business management systems and mobile apps, we help SMEs to large global enterprises to manage operations, monitor productivity, and measure efficiencies. Our solutions enhance overall business performance and help businesses meet their strategic...",100,"https://www.linkedin.com/company/isca-intelligent-system-communication-apps/","apps","[{""keywords"":""apps"",""origin"":""GLOBAL_SEARCH_HEADER"",""companyHqGeo"":[""104305776"",""100459316"",""106155005""],""companySize"":[""B"",""C""]}]"
"Burj Apps","Information Technology & Services","Jeddah","Burj Apps, provides app development services to the Arab world and Middle Eastern countries. The company holds expertise in providing application development services for smartphones and web-based interfaces. The company is considered as the most progressing in app development arena, as it serves the clients...",80,"https://www.linkedin.com/company/burjapps/","apps","[{""keywords"":""apps"",""origin"":""GLOBAL_SEARCH_HEADER"",""companyHqGeo"":[""104305776"",""100459316"",""106155005""],""companySize"":[""B"",""C""]}]"
"atiaf apps","Technology, Information and Internet","القاهرة, القاهرة","نحن من اوائل الشركات المتخصصه في تصميم وبرمجة تطبيقات الهواتف الذكيه ( تطبيقات الاندرويد - تطبيقات الايفون - تطبيقات الايباد - تطبيقات الايبود ) نقدم ايضا تصميم وبرمجة مواقع الانترنت , استضافة مواقع الانترنت , حملات التسويق الالكتروني",84,"https://www.linkedin.com/company/atiafapps/","apps","[{""keywords"":""apps"",""origin"":""GLOBAL_SEARCH_HEADER"",""companyHqGeo"":[""104305776"",""100459316"",""106155005""],""companySize"":[""B"",""C""]}]"
"B Rocks Apps","Software Development","Dubai, Dubai","Mobile apps and Hyper Casual games development company.",46,"https://www.linkedin.com/company/brocksapps/","apps","[{""keywords"":""apps"",""origin"":""GLOBAL_SEARCH_HEADER"",""companyHqGeo"":[""104305776"",""100459316"",""106155005""],""companySize"":[""B"",""C""]}]"
"DX APPS & WEBSITES","IT Services and IT Consulting","dubai","DXB APPS is a company driven by passion for perfection. Being in this business for many years has provided us an experience in plethora of technical fields, which gives DXB APPS a leverage over other companies.",78,"https://www.linkedin.com/company/dxawae/","apps","[{""keywords"":""apps"",""origin"":""GLOBAL_SEARCH_HEADER"",""companyHqGeo"":[""104305776"",""100459316"",""106155005""],""companySize"":[""B"",""C""]}]"
"Nasa Space Apps ElGouna","Space Research and Technology","Qesm 2nd Hurghada, Al Bahr al Ahmar","Nasa Space Apps ElGouna: Solutions To Earth Challenges",75,"https://www.linkedin.com/company/nsagen/","apps","[{""keywords"":""apps"",""origin"":""GLOBAL_SEARCH_HEADER"",""companyHqGeo"":[""104305776"",""100459316"",""106155005""],""companySize"":[""B"",""C""]}]"
"Umbrella Apps","Technology, Information and Internet","Dubai","...that drive long-term success. At Umbrella Apps, we emphasize trustworthy partnerships and customer-centric approach, enabling seamless adaptation to evolving...",66,"https://www.linkedin.com/company/umbrellaapps/","apps","[{""keywords"":""apps"",""origin"":""GLOBAL_SEARCH_HEADER"",""companyHqGeo"":[""104305776"",""100459316"",""106155005""],""companySize"":[""B"",""C""]}]"
"Maxima Apps FZCO","Mobile Computing Software Products","Dubai, Dubai","We build apps loved by millions. High quality experiences that make life easier, brighter, and uniquely yours.",12,"https://www.linkedin.com/company/maximaapps/","apps","[{""keywords"":""apps"",""origin"":""GLOBAL_SEARCH_HEADER"",""companyHqGeo"":[""104305776"",""100459316"",""106155005""],""companySize"":[""B"",""C""]}]"
"ABD Co. - Apps Building & Distribution","Technology, Information and Internet","Dubai","Apps Business Development Corporate",51,"https://www.linkedin.com/company/abdcorporate/","apps","[{""keywords"":""apps"",""origin"":""GLOBAL_SEARCH_HEADER"",""companyHqGeo"":[""104305776"",""100459316"",""106155005""],""companySize"":[""B"",""C""]}]"
"UNIQUE APPS IT","Software Development","Riyadh","Unlocking Your Digital Success: Crafting Unique Apps and System Solutions with UNIQUE APPS IT",30,"https://www.linkedin.com/company/unique-apps-it/","apps","[{""keywords"":""apps"",""origin"":""GLOBAL_SEARCH_HEADER"",""companyHqGeo"":[""104305776"",""100459316"",""106155005""],""companySize"":[""B"",""C""]}]"
"Busy Apps","Software Development","Al Barsha Third, Dubai","Makers of BusyCal",33,"https://www.linkedin.com/company/busy-apps/","apps","[{""keywords"":""apps"",""origin"":""GLOBAL_SEARCH_HEADER"",""companyHqGeo"":[""104305776"",""100459316"",""106155005""],""companySize"":[""B"",""C""]}]"
"We Make Cool Apps","IT Services and IT Consulting","El Bsateen, Cairo","Wemakecoolapps is a subsidiary of Kijamii with a focus on technology development and solutions. It started in 2013 as a technology unit in the agency and now it became a full technology stop shop for its partners that works on connecting brands with the new age solutions, services and products. With wide regional access, creative exposure and diverse capabilities, WMCA has developed a kick-ass agile team that supports on all different types of technology; Mobile, Web, Custom Solutions, Social Plugins, Products and Interactive Solutions.",55,"https://www.linkedin.com/company/wemakecoolapps/","apps","[{""keywords"":""apps"",""origin"":""GLOBAL_SEARCH_HEADER"",""companyHqGeo"":[""104305776"",""100459316"",""106155005""],""companySize"":[""B"",""C""]}]"
"FSG Apps & Tech","Information Technology & Services","Dubai, Dubai","FSG Apps & Tech based in Dubai, UAE as a team attempt to transform the digital insights for you as well as your clients",43,"https://www.linkedin.com/company/fsg-apps-tech-uae/","apps","[{""keywords"":""apps"",""origin"":""GLOBAL_SEARCH_HEADER"",""companyHqGeo"":[""104305776"",""100459316"",""106155005""],""companySize"":[""B"",""C""]}]"
"VClasses","IT Services and IT Consulting","Cairo, Maadi","Engineering experiences that amaze. We create technology with a purpose: to make life better for everyone, everywhere. Keep Reinventing. we develop the future now",170,"https://www.linkedin.com/company/vclasses-lms/","apps","[{""keywords"":""apps"",""origin"":""GLOBAL_SEARCH_HEADER"",""companyHqGeo"":[""104305776"",""100459316"",""106155005""],""companySize"":[""B"",""C""]}]"
"Many Apps","Software Development","Mansoura","We believe that every business deserves the opportunity to reach its full potential, and we are dedicated to providing our customers with the software and support they need to achieve their goals. Our mission is to empower SMBs with the tools they need to thrive in today's competitive market.",25,"https://www.linkedin.com/company/manyappstech/","apps","[{""keywords"":""apps"",""origin"":""GLOBAL_SEARCH_HEADER"",""companyHqGeo"":[""104305776"",""100459316"",""106155005""],""companySize"":[""B"",""C""]}]"
"Apps Factory","IT System Operations and Maintenance","Дубай","We have created an equal opportunity platform for small businesses. We help them stay competitive and reduce their reliance on third-party food delivery aggregators. We provide local food delivery services with advanced technological tools for launching online orders and delivery services that can match the digital experience of larger platforms. We dream of a future where business owners work for themselves and their local communities, using technology as a means to achieve this goal.",9,"https://www.linkedin.com/company/appsfctry/","apps","[{""keywords"":""apps"",""origin"":""GLOBAL_SEARCH_HEADER"",""companyHqGeo"":[""104305776"",""100459316"",""106155005""],""companySize"":[""B"",""C""]}]"
"Queen For Smart APPS","Transportation, Logistics, Supply Chain and Storage","Cairo, Downtown Cairo","Queen Car is a ride-hailing digital platform that aims at being the local transportation partner for users in the Arab World; at Queen Car, we provide locally based transportation solutions innovated by ambitious Arab developers. We provide our community with smart ride-sharing solutions that are secure, reliable and feasible. Our community is rapidly growing. Our success partners, qualified drivers (Captains), are determined to serve our platform users (Riders) with passion and utmost professionalism. In return, at Queen Car we endeavour to provide Queen Car Captains with a competitive high monthly income.",44,"https://www.linkedin.com/company/queen-for-smart-apps/","apps","[{""keywords"":""apps"",""origin"":""GLOBAL_SEARCH_HEADER"",""companyHqGeo"":[""104305776"",""100459316"",""106155005""],""companySize"":[""B"",""C""]}]"
"LS Apps","IT Services and IT Consulting","Sharjah Media City, Sharjah","Founded in 2014, LS-APPS Solutions started out as a network of Technical & Functional consultants working across various ERP platforms. With the years of experience that we have gained in Microsoft Dynamics NAV, LS Retail, Microsoft Dynamics GP and Oracle solutions from Middle East, South East Asia region...",34,"https://www.linkedin.com/company/ls-apps/","apps","[{""keywords"":""apps"",""origin"":""GLOBAL_SEARCH_HEADER"",""companyHqGeo"":[""104305776"",""100459316"",""106155005""],""companySize"":[""B"",""C""]}]"
"NASA Space Apps Ajman","Non-profit Organizations","Ajman","It is a local Hackathon for innovators who are interested in space science and exploration.",35,"https://www.linkedin.com/company/spaceappsajman/","apps","[{""keywords"":""apps"",""origin"":""GLOBAL_SEARCH_HEADER"",""companyHqGeo"":[""104305776"",""100459316"",""106155005""],""companySize"":[""B"",""C""]}]"
"Abjar Apps","IT Services and IT Consulting","Dubai","Abjar Apps is a software development company that focuses on constructing social and business products and smart applications. Currently, Abjar Apps is featuring Mihrabi, the specialized social network for mosques and prayers. Mihrabi App is available on Android and iPhone stores.",33,"https://www.linkedin.com/company/abjar-apps/","apps","[{""keywords"":""apps"",""origin"":""GLOBAL_SEARCH_HEADER"",""companyHqGeo"":[""104305776"",""100459316"",""106155005""],""companySize"":[""B"",""C""]}]"
"Digital Apps Ltd","Advertising Services","Cairo, Al Qāhirah","Digital Apps Ltd Digital Apps Ltd was founded in 2018 and specializes in designing, developing and marketing web, mobile and multimedia applications. With headquarter in Cairo, Egypt, Digital Apps Ltd is developing ideas and business activities from scratch to cover the whole Arab world and in the process...",32,"https://www.linkedin.com/company/digital-apps-ltd/","apps","[{""keywords"":""apps"",""origin"":""GLOBAL_SEARCH_HEADER"",""companyHqGeo"":[""104305776"",""100459316"",""106155005""],""companySize"":[""B"",""C""]}]"
"Selection Apps","Software Development","Alexandria","""Selection"" is a company specializing in the field of applications and software. They provide a range of software solutions and application development services to cater to various industries and client needs. Their expertise includes software development, application design, and programming to create custom software applications tailored to their clients' specific requirements. Selection is committed to delivering high-quality software products and services to help businesses optimize their operations, enhance user experiences, and stay competitive in the digital landscape.",18,"https://www.linkedin.com/company/selection-apps/","apps","[{""keywords"":""apps"",""origin"":""GLOBAL_SEARCH_HEADER"",""companyHqGeo"":[""104305776"",""100459316"",""106155005""],""companySize"":[""B"",""C""]}]"
"OYO Agency","Information Technology & Services","Dubaï","From powerful websites to engaging mobile apps, OYO Agency provides the tools and expertise you need to captivate your audience and drive results—all without the hassle.",117,"https://www.linkedin.com/company/oyo-agency/","apps","[{""keywords"":""apps"",""origin"":""GLOBAL_SEARCH_HEADER"",""companyHqGeo"":[""104305776"",""100459316"",""106155005""],""companySize"":[""B"",""C""]}]"
"Oni Apps Computer Systems & Softwares LLC","IT Services and IT Consulting","Mohammed Bin Zayed City, Abu Dhabi,","Oni Apps Computer Systems & Softwares l.l.c., is a leading Technology Services provider, specialized in AI, Machine Learning, Automation, Mobile Application, and Web development. Oni Apps Computer Systems & Softwares l.l.c. is pioneered in bringing innovative products and ideas into Digital Space with high quality...",28,"https://www.linkedin.com/company/oniapps/","apps","[{""keywords"":""apps"",""origin"":""GLOBAL_SEARCH_HEADER"",""companyHqGeo"":[""104305776"",""100459316"",""106155005""],""companySize"":[""B"",""C""]}]"
"NASA Space Apps Ras Al Khaima","Non-profit Organizations","Ras Al Khaimah","It is a local Hackathon for innovators who are interested in space science and exploration.",23,"https://www.linkedin.com/company/spaceappsrak/","apps","[{""keywords"":""apps"",""origin"":""GLOBAL_SEARCH_HEADER"",""companyHqGeo"":[""104305776"",""100459316"",""106155005""],""companySize"":[""B"",""C""]}]"
"Apps Boulevard","Software Development","Alexandria","...and internet portal management are few that we offer. Apps Boulevard's business philosophy is to assure the highest quality product, total client satisfaction...",6,"https://www.linkedin.com/company/appsboulevard/","apps","[{""keywords"":""apps"",""origin"":""GLOBAL_SEARCH_HEADER"",""companyHqGeo"":[""104305776"",""100459316"",""106155005""],""companySize"":[""B"",""C""]}]"
"Apps Account","Advertising Services","Cairo, Almaza","Apps Account is a full-service digital marketing company that focuses on driving results via effective solutions.",6,"https://www.linkedin.com/company/appsaccount/","apps","[{""keywords"":""apps"",""origin"":""GLOBAL_SEARCH_HEADER"",""companyHqGeo"":[""104305776"",""100459316"",""106155005""],""companySize"":[""B"",""C""]}]"
"igy-apps.com","Software Development","giza, Giza Governorate","IGY is a top leading company specialized in publishing all sorts of applications with special emphasis on educational ones.",11,"https://www.linkedin.com/company/igy-apps/","apps","[{""keywords"":""apps"",""origin"":""GLOBAL_SEARCH_HEADER"",""companyHqGeo"":[""104305776"",""100459316"",""106155005""],""companySize"":[""B"",""C""]}]"
"Imagine Interactive Mobile Apps","IT Services and IT Consulting","Dubai","Based in Cairo, moved to Dubai, Imagine Interactive established in 2011, started upon a dream of three brothers, to build a company that represents our talents, mentalities, ethics, and passion. Software development was our first step, providing complete IT solutions is our goal. As one of the Middle-East pioneers in App Development industry, we took the responsibility of producing something we and our clients proud of, projects that reflects the professionalism with a touch of art, simplicity and elegance. With over 90 projects accomplished through past years, we have proudly developed the first and the the best currency all-rounder analysis app in both Arabic and English languages, the famous ""أسعار العملات""​ app, with massive features.",17,"https://www.linkedin.com/company/iminegypt/","apps","[{""keywords"":""apps"",""origin"":""GLOBAL_SEARCH_HEADER"",""companyHqGeo"":[""104305776"",""100459316"",""106155005""],""companySize"":[""B"",""C""]}]"
"Rich Apps","IT Services and IT Consulting","Abu dhabi, Abu Dhabi","We build custom mobile application and website development for e-commerce. Enhance overall brand exposure for your business. Rich Apps brings you cutting edge...",23,"https://www.linkedin.com/company/rich-apps/","apps","[{""keywords"":""apps"",""origin"":""GLOBAL_SEARCH_HEADER"",""companyHqGeo"":[""104305776"",""100459316"",""106155005""],""companySize"":[""B"",""C""]}]"
"Hoopoe Apps","IT Services and IT Consulting","Riyadh, Riyadh","We provide professional website design solutions, web applications, and mobile apps development services for iOS & Android environment.",16,"https://www.linkedin.com/company/hoopoe-apps/","apps","[{""keywords"":""apps"",""origin"":""GLOBAL_SEARCH_HEADER"",""companyHqGeo"":[""104305776"",""100459316"",""106155005""],""companySize"":[""B"",""C""]}]"
"Tecrow Apps","Software Development","Dubai","Tecrow Apps - is a team that develops incredible products with a focus on user experience and original concepts",3,"https://www.linkedin.com/company/tecrow/","apps","[{""keywords"":""apps"",""origin"":""GLOBAL_SEARCH_HEADER"",""companyHqGeo"":[""104305776"",""100459316"",""106155005""],""companySize"":[""B"",""C""]}]"
"Fusion Business Apps","Technology, Information and Internet","Dubai","Fusion Apps are part of MCODE Cloud Solutions focussed on creating business applications",17,"https://www.linkedin.com/company/fusion-business-apps/","apps","[{""keywords"":""apps"",""origin"":""GLOBAL_SEARCH_HEADER"",""companyHqGeo"":[""104305776"",""100459316"",""106155005""],""companySize"":[""B"",""C""]}]"
"Two Apps","Software Development","Dubai , Dubai","Agentic AI and Automation Services!",5,"https://www.linkedin.com/company/two-apps/","apps","[{""keywords"":""apps"",""origin"":""GLOBAL_SEARCH_HEADER"",""companyHqGeo"":[""104305776"",""100459316"",""106155005""],""companySize"":[""B"",""C""]}]"
"AOBRI Apps","Software Development","Abha, Aseer","Freelancing company creating mobile applications on-demand.",7,"https://www.linkedin.com/company/aobri-apps/","apps","[{""keywords"":""apps"",""origin"":""GLOBAL_SEARCH_HEADER"",""companyHqGeo"":[""104305776"",""100459316"",""106155005""],""companySize"":[""B"",""C""]}]"
"MAppS - Mobility Apps Solutions","IT Services and IT Consulting","Cairo","Your Home to Digital Transformation. MAppS is an Official Microsoft Partner focusing on Digital Transformation and Mobility Solutions.",13,"https://www.linkedin.com/company/mapps.me/","apps","[{""keywords"":""apps"",""origin"":""GLOBAL_SEARCH_HEADER"",""companyHqGeo"":[""104305776"",""100459316"",""106155005""],""companySize"":[""B"",""C""]}]"
"3S Apps","IT Services and IT Consulting","Downtown, Cairo","We are small innovative software engineers our starting was specialized in android application development with a vision to build 3S Apps for Arabic users (3S stands for Smart, Simple and Secure Application). Now our team is including also iOS and Web developers.",10,"https://www.linkedin.com/company/3s-apps/","apps","[{""keywords"":""apps"",""origin"":""GLOBAL_SEARCH_HEADER"",""companyHqGeo"":[""104305776"",""100459316"",""106155005""],""companySize"":[""B"",""C""]}]"
"iPerfect Apps","IT Services and IT Consulting","Shebin El-Kom, Monofeia","Supply the Arab users, wherever they are, with suitable software. Adopt creativity in producing high quality programs to fulfill the needs of our customer.",12,"https://www.linkedin.com/company/iperfect-apps/","apps","[{""keywords"":""apps"",""origin"":""GLOBAL_SEARCH_HEADER"",""companyHqGeo"":[""104305776"",""100459316"",""106155005""],""companySize"":[""B"",""C""]}]"
"Infinity Apps","Software Development","Cairo","Innovative software house creating customized apps & websites in no time. Let's take your business to the next level",6,"https://www.linkedin.com/company/infinityappsdev/","apps","[{""keywords"":""apps"",""origin"":""GLOBAL_SEARCH_HEADER"",""companyHqGeo"":[""104305776"",""100459316"",""106155005""],""companySize"":[""B"",""C""]}]"
"Asociacion de Conductores de Apps del Ecuador ASOCONAPPE SAS","Transportation, Logistics, Supply Chain and Storage","Quito, Pichincha","Somos una empresa especializada en la logistica de personas y bienes, en la que sabemos que el detalle de cada viaje o cada entrega es el pilar fundamental del exito.",12,"https://www.linkedin.com/company/asociacion-de-conductores-de-apps-del-ecuador-asoconappe-sas/","apps","[{""keywords"":""apps"",""origin"":""GLOBAL_SEARCH_HEADER"",""companyHqGeo"":[""104305776"",""100459316"",""106155005""],""companySize"":[""B"",""C""]}]"
"Instatus","Software Development","Beaverton, Oregon","Get ready for downtime! Instatus helps you: ❶ Monitor your services ❷ Fix incidents with your team and ❸ Share your status with customers. Used by next-gen products like Railway & Deno, top universities like Harvard & Queens, and Enterprises like Siemens & KFC 😋",5000,"https://www.linkedin.com/company/instatus/","","[{""origin"":""GLOBAL_SEARCH_HEADER"",""companyHqGeo"":[""100459316"",""104305776"",""106155005""],""companySize"":[""B"",""C""],""industryCompanyVertical"":[""4""]}]"
"EignSpaces","Software Development","Cairo","Turning ambitious ideas into scalable digital reality since 2018. At EignSpaces, we don’t just write code—we build solutions for operational challenges. Based in the UAE and serving the Gulf region, we partner with startups and enterprises to design, build, and scale products that drive measurable business impact. With 8+ years of delivery experience and a portfolio including Sylvanus, Catch99, Reconciled, Pinpoint, and HIVO, we understand the high stakes of shipping software that actually works. How We Help You Grow: - We provide the technical backbone so you can focus on your business: - Custom Software Development: Tailored solutions designed for your unique operational hurdles. - Startup Launchpad: From initial vision and MVP planning to full-scale market launch. - Shopify Development: Professional, high-converting e-commerce stores built for the modern market. - Staff Augmentation: On-demand senior talent to plug gaps and accelerate your internal roadmap. - Digital Growth: Building the online presence and lead-gen foundations your brand needs. The EignSpaces Standard: We believe in a security-first, agile approach. Our process is built on transparency and technical excellence: - Agile Mindset: Bi-weekly sprint cycles and continuous delivery. - Cloud-Native: Scalable infrastructure using AWS, Azure, and GCP. - Modern DevOps: Automated CI/CD pipelines and proactive performance monitoring. - Local Expertise: Deep understanding of the UAE and Gulf business landscape. Ready to build your next big thing? Let’s discuss your project. 🔗 Book a free consultation: https://www.eignspaces.com/",234,"https://www.linkedin.com/company/eignspaces/","","[{""origin"":""GLOBAL_SEARCH_HEADER"",""companyHqGeo"":[""100459316"",""104305776"",""106155005""],""companySize"":[""B"",""C""],""industryCompanyVertical"":[""4""]}]"
"Artmac","Software Development","Prosper, Texas","Artmac provides Digital, consulting and Management IT services to clients globally - As your trusted partner, let’s reimagine how your business gets done. Merging your vision and our expertise, we help you achieve powerful results.It’s our mission to help our customers achieve success. That can only be accomplished through strong, lasting relationships. Artmac offers a wide array of solutions for a range of key verticals and horizontals.Starting from the strategy consulting right through to implementing IT solutions for clients. We provide solutions for a dynamic environment where business and technology strategies converge. As partners to conceptualize and realize technology driven business transformation initiatives. With a world-class infrastructure and a global network, Artmac offers a wide array of solutions for a range of key verticals and horizontals. For additional information, connect with our team today. For information about Artmac Soft, visit linkedin.com/company/artmac-soft-llc/",175000,"https://www.linkedin.com/company/artmac-soft-llc/","","[{""origin"":""GLOBAL_SEARCH_HEADER"",""companyHqGeo"":[""100459316"",""104305776"",""106155005""],""companySize"":[""B"",""C""],""industryCompanyVertical"":[""4""]}]"
"Nezam","Software Development","Cairo, Cairo","We-at Nezam- have a major goal of helping people in the middle east to learn any topic in the IT field in a self-based and free way. Our focus now is on Software Testing.",7000,"https://www.linkedin.com/company/nezam/","","[{""origin"":""GLOBAL_SEARCH_HEADER"",""companyHqGeo"":[""100459316"",""104305776"",""106155005""],""companySize"":[""B"",""C""],""industryCompanyVertical"":[""4""]}]"
"Edrak","Software Development","Riyadh,","Edrak is building the intelligence layer for businesses across EMEA. We believe every company will become an AI company, and we are building the platform that will make that transformation possible.",52000,"https://www.linkedin.com/company/edrakai/","","[{""origin"":""GLOBAL_SEARCH_HEADER"",""companyHqGeo"":[""100459316"",""104305776"",""106155005""],""companySize"":[""B"",""C""],""industryCompanyVertical"":[""4""]}]"
"Derq","Software Development","Detroit","We are innovators and believers—driven by our mission to eliminate road fatalities through AI-powered intelligent transportation systems. As an MIT-spinoff, our academic roots in research drive our passion to advance smart cities, improve road safety, and solve transportation challenges. Commercialized in 2016 from an idea to revolutionary AI, our ITS technology is live today in 30+ cities across the U.S. and GCC. As we’ve grown, our work has contributed to 15 patents, helped save countless lives, and earned global recognition from AI and mobility leaders—including the WEF, SXSW, Techstars, ITS America, Vision Zero, and Together for Safer Roads. To learn more about our AI traffic systems that detect, track, classify, and predict, visit Derq.com.",28000,"https://www.linkedin.com/company/derq/","","[{""origin"":""GLOBAL_SEARCH_HEADER"",""companyHqGeo"":[""100459316"",""104305776"",""106155005""],""companySize"":[""B"",""C""],""industryCompanyVertical"":[""4""]}]"
"BriefCam (Now Milestone)","Software Development","Newton, MA","BriefCam® is the leading provider of video analytics software that enables people, communities, and companies of any size to unlock the value of video surveillance content. Delivering accurate, flexible, and comprehensive solutions, BriefCam’s video analytics platform provides valuable insights for accelerating investigations, increasing situational awareness, and enhancing operational intelligence for organizations ranging from law enforcement and government agencies to retail and hospitality businesses, as well as healthcare and banking facilities. VIDEO SYNOPSIS® technology is a registered trademark of BriefCam, Ltd. For more information about BriefCam’s video content analytics software, hardware, and architecture solutions, visit www.BriefCam.com.",20000,"https://www.linkedin.com/company/briefcam-ltd./","","[{""origin"":""GLOBAL_SEARCH_HEADER"",""companyHqGeo"":[""100459316"",""104305776"",""106155005""],""companySize"":[""B"",""C""],""industryCompanyVertical"":[""4""]}]"
"GoWit Technology","Software Development","Newark, Delaware","GoWit is the global AdTech leader, powering omnichannel Commerce and Retail Media advertising for retailers, brands, and agencies. By bringing together best-in-class technology, ad operations, and demand in a single AI-powered platform, GoWit helps media owners and buyers maximize advertising monetization and relevancy. Backed by 15+ years of experience in digital advertising and serving 7,000+ brands and agencies across 20+ markets, GoWit RMA enables omnichannel advertising (On-Site, Off-Site, In-Store), self-service campaign management, contextual targeting, automated bidding, and real-time analytics. GoWit delivers new high-margin revenues for retailers, maximum ROI for advertisers, and multi-retailer campaign management for agencies, all connected through one unified advertising platform.",18000,"https://www.linkedin.com/company/gowit-inc/","","[{""origin"":""GLOBAL_SEARCH_HEADER"",""companyHqGeo"":[""100459316"",""104305776"",""106155005""],""companySize"":[""B"",""C""],""industryCompanyVertical"":[""4""]}]"
"QuilinX","Software Development","Dover, Delaware","QuilinX is fast growing a developer community, which is helping the top Indian and international startups to scale fast. Our developers work directly in the engineering teams of our clients. This is a career growth platform for individuals to work & learn from some of the best engineering minds while accelerating their careers in the next couple of years to leadership tech roles. Few personas to understand – Names Changed Akhil – Studied in a reputed engineering school and is working for a large services firm for 2 years. Akhil is now looking to get an opportunity to work in startup product engineering team, that too of a stable startup. Pooja – Studied in a reputed engineering school and is working for an unstable or an under performing startup. Pooja is always worried of losing her job, and is looking for an immediate change. Raj – Studied in a reputed engineering school and is working for a stable & well reputed startup. However, Raj is unhappy with his current role and feels he can perform better somewhere else. Or Raj is looking to build a career in a more niche / different domain.",20000,"https://www.linkedin.com/company/quilinx-ideabuilders/","","[{""origin"":""GLOBAL_SEARCH_HEADER"",""companyHqGeo"":[""100459316"",""104305776"",""106155005""],""companySize"":[""B"",""C""],""industryCompanyVertical"":[""4""]}]"
"iCareer","Software Development","Cairo, Cairo","iCareer is a leading career development and employability solutions provider focused on bridging the gap between education and employment across the MENA region. Founded in 2012, iCareer delivers end-to-end digital services, training programs, and career guidance solutions designed to prepare early talent for the evolving job market. Recognized for implementing large-scale employment and career readiness programs across Egypt and the Gulf, iCareer works closely with government entities, universities, global organizations, and top employers to equip youth with in-demand skills and connect them with real career opportunities. As part of BasharSoft’s ecosystem, iCareer combines deep field expertise with advanced technology and data-driven platforms to support workforce readiness, talent development, and smarter hiring—contributing to a fully integrated employment ecosystem that empowers individuals and organizations at scale.",110000,"https://www.linkedin.com/company/icareereg/","","[{""origin"":""GLOBAL_SEARCH_HEADER"",""companyHqGeo"":[""100459316"",""104305776"",""106155005""],""companySize"":[""B"",""C""],""industryCompanyVertical"":[""4""]}]"
"Better Product","Software Development","Cairo","Conducting user research and testing. Developing wireframes and task flows based on user needs. Collaborating with Designers and Developers to create intuitive, user-friendly software.",939,"https://www.linkedin.com/company/betterproduct-tech/","","[{""origin"":""GLOBAL_SEARCH_HEADER"",""companyHqGeo"":[""100459316"",""104305776"",""106155005""],""companySize"":[""B"",""C""],""industryCompanyVertical"":[""4""]}]"
"Freterium","Software Development","Covina, CA","Freterium is the transport operating system for brands and logistics providers. We automate daily B2B road transport for Danone, Carrefour, Air Liquide, Emirates Logistics, and dozens of others across MENA and Europe. Our platform unifies what used to require several disconnected tools: TMS, route optimization, real-time visibility, fleet management & maintenance, all in a single solution. Whether you run primary transport or last-mile distribution, on your own fleet or outsourced, Freterium gives you one place to plan, execute, and control every shipment. The result: lower transport costs, fewer manual operations, and reliability your customers can count on. Curious how it would work for your operations? Get in touch.",15000,"https://www.linkedin.com/company/freterium/","","[{""origin"":""GLOBAL_SEARCH_HEADER"",""companyHqGeo"":[""100459316"",""104305776"",""106155005""],""companySize"":[""B"",""C""],""industryCompanyVertical"":[""4""]}]"
"FabMinds","Software Development","Claymont, Delaware","Fabminds is a deep-tech company founded in 2020, innovating at the intersection of AI-powered software, advanced hardware, and human creativity. We build intelligent ecosystems that simplify the design and manufacturing of fully customized products through personalized 3D printing technology. Powered by Fabminds, WandDo.shop brings this innovation to life by delivering scalable, on-demand personalized 3D-printed solutions for education, gifting, and modern lifestyle applications. At FabMinds, we are redefining digital-to-physical creation by making mass personalization smarter, faster, and accessible to everyone.",13000,"https://www.linkedin.com/company/fab-minds/","","[{""origin"":""GLOBAL_SEARCH_HEADER"",""companyHqGeo"":[""100459316"",""104305776"",""106155005""],""companySize"":[""B"",""C""],""industryCompanyVertical"":[""4""]}]"
"OptCulture","Software Development","Houston, TX","OptCulture gives retailers buying and behavioral insight about their customers with the ability to engage them through loyalty programs, promotions and multi-channel marketing campaigns.",12000,"https://www.linkedin.com/company/optculture/","","[{""origin"":""GLOBAL_SEARCH_HEADER"",""companyHqGeo"":[""100459316"",""104305776"",""106155005""],""companySize"":[""B"",""C""],""industryCompanyVertical"":[""4""]}]"
"OrbitronAI.com","Software Development","Palto Alto","Autonomous agentic AI designed for Business Impact",12000,"https://www.linkedin.com/company/orbitronai-com/","","[{""origin"":""GLOBAL_SEARCH_HEADER"",""companyHqGeo"":[""100459316"",""104305776"",""106155005""],""companySize"":[""B"",""C""],""industryCompanyVertical"":[""4""]}]"
"Trio","Software Development","Covina, California","Trio MDM helps IT teams manage every device without needing a dedicated security team to do it. Most companies don't have a full IT department. One person is covering onboarding, security, and support, often across iPhones, Macs, Windows laptops, Android devices, and Linux systems at the same time. Trio MDM is built for that reality, not around it. With Trio MDM, you can enroll new devices automatically, apply security policies across your whole fleet, track compliance in real time, and lock down a lost or stolen device in seconds. No extra hires. No consultant required. Growing companies use Trio MDM to stay in control as their device count climbs. Schools use Trio School to keep students safe online without running an IT department to do it.",9000,"https://www.linkedin.com/company/trio-so/","","[{""origin"":""GLOBAL_SEARCH_HEADER"",""companyHqGeo"":[""100459316"",""104305776"",""106155005""],""companySize"":[""B"",""C""],""industryCompanyVertical"":[""4""]}]"
"Quixas Technology","Software Development","St. Petersburg, Florida","Quixas is a forward-deployed AI engineering firm focused on making production AI measurable and reliable. We work with engineering and product teams that already have an AI product, feature, agent, or workflow running in production but need better visibility into whether it actually completes the job correctly. We help teams define what correct looks like, measure task-level performance against real usage, identify where the system fails, and build the evaluation and regression infrastructure needed to improve it safely. Our work spans: • Production AI evaluation • Task success measurement • Failure and risk analysis • Agent and workflow reliability • Evaluation and regression systems • AI observability and production controls • Forward-deployed AI engineering Our current Production Agent Evaluation engagement gives teams a measurable baseline for a live AI product: what succeeds, what fails, where the risk sits, and what should be fixed first. Quixas helps teams move from “the AI seems to work” to knowing how well it works.",5000,"https://www.linkedin.com/company/quixasit/","","[{""origin"":""GLOBAL_SEARCH_HEADER"",""companyHqGeo"":[""100459316"",""104305776"",""106155005""],""companySize"":[""B"",""C""],""industryCompanyVertical"":[""4""]}]"
"Oware Technologies","Software Development","Wilmington, Delaware","O360 is an advanced cloud-based supply chain management platform developed by Oware Technologies Inc., tailored specifically for manufacturers, third-party logistics providers (3PLs), and freight forwarders. This innovative platform integrates critical aspects of supply chain management such as warehousing, transportation, and cutting-edge artificial intelligence to offer a comprehensive solution designed to enhance operational efficiency, reduce costs, and improve decision-making. With O360, users gain real-time visibility into all facets of their supply chain, from inventory management and warehousing operations to transportation strategies and shipment tracking. The platform's intuitive interface and customizable features allow for seamless management of logistics activities, enabling users to accurately forecast demand, efficiently allocate resources, and optimize overall supply chain performance. Leveraging AI-driven analytics, O360 provides predictive insights, helping businesses anticipate potential disruptions, improve resource allocation, and identify cost-saving opportunities. The platform's collaborative tools enhance communication and coordination among supply chain partners, ensuring a more synchronized and efficient workflow. Oware Technologies Inc. has designed O360 with a focus on security and scalability, making it suitable for a wide range of business sizes and types. The platform supports companies in navigating the complexities of modern supply chains, whether operating locally or on a global scale, ensuring they remain competitive and compliant in the dynamic logistics industry.",11000,"https://www.linkedin.com/company/owaretechnologies/","","[{""origin"":""GLOBAL_SEARCH_HEADER"",""companyHqGeo"":[""100459316"",""104305776"",""106155005""],""companySize"":[""B"",""C""],""industryCompanyVertical"":[""4""]}]"
"Qureos","Software Development","Dubai","Qureos is an AI-powered talent acquisition platform and managed services provider that helps companies find the people they couldn't reach on their own and hire them faster. Our recruiting agents handle the heavy lifting: surfacing hard-to-find candidates through automated multi-channel sourcing, running custom phone and video screening, and managing end-to-end recruitment operations. That saves talent acquisition teams hundreds of hours of manual effort and frees them to focus on what only humans can do — building relationships, making judgment calls, and delivering an incredible candidate experience. The result: companies hire better talent in less time, at lower cost, with leaner teams. HR teams can run the software themselves or fully outsource hiring to Qureos on an outcome-based model. Qureos powers hiring for leading businesses across the GCC, including Qatar Airways, Baan Holdings, Yousef Al-Rajhi Group, Alzayani Investments, Union Properties, and Saudi Development and Export Services Co. Ltd (SDRS).",73000,"https://www.linkedin.com/company/qureos/","","[{""origin"":""GLOBAL_SEARCH_HEADER"",""companyHqGeo"":[""100459316"",""104305776"",""106155005""],""companySize"":[""B"",""C""],""industryCompanyVertical"":[""4""]}]"
"AIM Technologies","Software Development","Dover, Delaware","AIM Technologies is an ambitious artificial intelligence company founded in 2018. Our mission is to create innovative solutions that help businesses better understand and respond to customer feedback. We believe in empowering our clients with the tools they need to build stronger relationships with their customers and drive positive business outcomes.",10000,"https://www.linkedin.com/company/aimtechnologies/","","[{""origin"":""GLOBAL_SEARCH_HEADER"",""companyHqGeo"":[""100459316"",""104305776"",""106155005""],""companySize"":[""B"",""C""],""industryCompanyVertical"":[""4""]}]"
"Narrativa","Software Development","Los Angeles, California","Narrativa is a company with more than 10 years of experience supporting life sciences organizations in automating regulatory documentation at scale through agentic AI. Its proprietary platform, Narrativa® Navigator, enables the generation of complex, high-volume documentation in regulated environments while ensuring speed, accuracy, consistency, and compliance.",4000,"https://www.linkedin.com/company/narrativaai/","","[{""origin"":""GLOBAL_SEARCH_HEADER"",""companyHqGeo"":[""100459316"",""104305776"",""106155005""],""companySize"":[""B"",""C""],""industryCompanyVertical"":[""4""]}]"
"PMaspire Global Group Helping Project Aspirants in 120 Countries","Software Development","Sheridan, Wyoming","PMaspire was founded to accomplish one goal: to help PMP® aspirants pass the PMP® certification on the first try. As developers of the world’s first cloud-based, multi-lingual enterprise Exam Simulator as a Service (e-SaaS), PMaspire is providing a groundbreaking one-stop solution perfectly suited for today’s on the go lifestyle. There’s no clunky installation necessary; wherever you are in the world our software is always available on your mobile device. PMaspire has earned the prestigious BASIS national ICT award 2018 multilingual enterprise e-Learning and e-SaaS platform. PMaspire has been ranked as the best Project Management Training sites in the world by https://project-management.com. PMaspire e-learning and exam simulator platform helping project aspirants in 100 countries and available in seven (07) international languages including English, Arabic, Portuguese, Spanish, German, French and Chinese. PMaspire also is a global registered education provider of Project Management Institute Inc. (REP 4506) helping project aspirants learn project management through practical project case studies and hand on exercises by doing simulation experience. PMaspire is also the pioneer of Agile PMO setup, PMO Consultancy, Agile Project Management and PM Resourcing services. PMaspire is the premier solutions provider for customized training for NGO’s, Pharma, Constructions and Govt. industries. With global head quarter in Singapore, north American hub in Canada and software development centre in Bangladesh, PMaspire expanded its horizon in 75 countries through 350+ authorized solutions provider and partners.",9000,"https://www.linkedin.com/company/pmaspire/","","[{""origin"":""GLOBAL_SEARCH_HEADER"",""companyHqGeo"":[""100459316"",""104305776"",""106155005""],""companySize"":[""B"",""C""],""industryCompanyVertical"":[""4""]}]"
"Appgain.io","Software Development","Delaware, Delaware","AI That Works Where Your Business Works. Appgain is a global Agentic AI company helping businesses automate customer conversations where work actually happens—not in another dashboard. Through ConnectGain, organizations deploy AI directly inside CRM platforms, WhatsApp, voice calls, websites, email, and business workflows to qualify leads, automate customer engagement, update CRM records, schedule follow-ups, analyze conversations, and execute real business tasks. Instead of simply generating responses, our AI agents understand goals, make decisions, and take action across the entire customer journey. With more than 10 years of experience, 1,200+ businesses served, and solutions trusted across customer support, sales, healthcare, retail, education, finance, and enterprise organizations, Appgain helps companies transform conversations into measurable business outcomes. ConnectGain by Appgain AI That Works Where Your Business Works.",9000,"https://www.linkedin.com/company/appgain/","","[{""origin"":""GLOBAL_SEARCH_HEADER"",""companyHqGeo"":[""100459316"",""104305776"",""106155005""],""companySize"":[""B"",""C""],""industryCompanyVertical"":[""4""]}]"
"Implicit","Software Development","New York, NY","Implicit is a secure AI workspace built to power maintenance, support, and knowledge management teams. It is the trusted, accurate knowledge foundation purpose-built to empower your hybrid workforce. With grounded AI designed to ingest and understand technical content, Implicit reads your manuals, tickets, and procedures, then returns cited answers your people and your AI agents can trust, from the same governed knowledge base. Humans get cited answers they can act on with confidence, and AI agents reach the same governed knowledge over MCP and API. Both draw from the same source, so work moves faster without losing accuracy. Implicit sits between three categories of tools (General AI, Knowledge Tools, and Vertical Support Platforms), and is the only one designed to deliver private, governed knowledge to both people and AI agents for technical work. Bring every source into one searchable layer. Connect Zendesk, SharePoint, Notion, Slack, and many other tools. Add private content through file uploads, and pull in anything you reach over MCP or API. One place to ask, one place to look.",9000,"https://www.linkedin.com/company/implicit-cloud/","","[{""origin"":""GLOBAL_SEARCH_HEADER"",""companyHqGeo"":[""100459316"",""104305776"",""106155005""],""companySize"":[""B"",""C""],""industryCompanyVertical"":[""4""]}]"
"Guest Posting Services","Software Development","Bolingbrook, Illinois","We are Guest Blogging Services Provider Agency. You Can Contact US Guest posting, SEO ( Off-page, ON-page) , PCC services",6000,"https://www.linkedin.com/company/guest-posting-services/","","[{""origin"":""GLOBAL_SEARCH_HEADER"",""companyHqGeo"":[""100459316"",""104305776"",""106155005""],""companySize"":[""B"",""C""],""industryCompanyVertical"":[""4""]}]"
"Gamedev Street | Gaming Jobs","Computer Games","Dubai, UAE","GameDev Street is an information platform for bringing together business and specialists in the field of Video Games industry. Our goal is to present about companies and career opportunities for specialists. We help with personal consultations, believe in networking and create a productive community. Follow to GameDev Street and make your career exciting! CONTACTS: https://taplink.cc/gamedev_street Leave your application for a job search: https://forms.gle/NQ8zdikooHJHBMZ49",91000,"https://www.linkedin.com/company/gamedev-street/","","[{""origin"":""GLOBAL_SEARCH_HEADER"",""companyHqGeo"":[""100459316"",""104305776"",""106155005""],""companySize"":[""B"",""C""],""industryCompanyVertical"":[""4""]}]"
"Xpoint","Software Development","Miami","Xpoint provides an essential geolocation compliance solution to the sports betting and iGaming industries globally. Using the latest geofencing technology, and with decades of combined industry experience, we are perfectly positioned to partner with operators in the rapid-growth U.S. market and beyond. Our aim is to change the global geolocation market by bringing innovation to an industry that has, to date, viewed geo-compliance as a utility rather than a new business opportunity. In addition to solving a regulatory obligation and providing geolocation security, our innovative platform utilises customer insight to identify acquisition and retention opportunities for its partners - delivering marketing ROI.",8000,"https://www.linkedin.com/company/xpoint-tech/","","[{""origin"":""GLOBAL_SEARCH_HEADER"",""companyHqGeo"":[""100459316"",""104305776"",""106155005""],""companySize"":[""B"",""C""],""industryCompanyVertical"":[""4""]}]"
"DXwand","Software Development","Cheyenne, Wyoming","DXwand's Knowledge Mining and Generative AI technology helps businesses embark below capabilities to streamline and automate their customer service conversations and unlock business insights from their knowledge. Company worked for years to build technology caters for multiple languages and dialects. - Engage: Automate your customers conversations intuitively; leverage your existing knowledge and backend systems to surface them into intuitive conversational experience to answer customers’ specific questions, perform services and more in multiple languages over the most diverse set of channels such as call centers, social media, website, mobile app and WhatsApp for Business. - Analyze: Get instant and accurate answers about your data, whether they are huge set of PDFs, recordings, sites or backend systems. - Validate: Automatically validate your new built documents compliance with your policies and tap into details of why they would be none compliant. Optimize your employees time and increase their efficiency and productivity.",8000,"https://www.linkedin.com/company/dxwand/","","[{""origin"":""GLOBAL_SEARCH_HEADER"",""companyHqGeo"":[""100459316"",""104305776"",""106155005""],""companySize"":[""B"",""C""],""industryCompanyVertical"":[""4""]}]"
"Cercli","Software Development","San Francisco","Cercli is a YC-backed AI-native platform for recruiting, HR and payroll. Most companies run hiring in one tool, HR in another, and payroll in a third. We put all three in one place. No duplicate data, no manual handoffs, no admin that eats your day. Our AI-native ATS finds and screens the right candidates before they reach your desk. HRIS keeps every employee record, policy, and process accurate and up to date. Global payroll handles every hire type across 100+ countries, employees, contractors, and EOR, with compliance built in. Built for fast-growing teams who can't afford to slow down. Hire faster. Manage better. Learn more at cercli.com",7000,"https://www.linkedin.com/company/cercli/","","[{""origin"":""GLOBAL_SEARCH_HEADER"",""companyHqGeo"":[""100459316"",""104305776"",""106155005""],""companySize"":[""B"",""C""],""industryCompanyVertical"":[""4""]}]"
"ADFAR Tech","Software Development","Dubai","ADFAR Tech | 🧩 Custom Software Development | 👥 IT & Tech Resourcing | 🌍 SaaS / Enterprise Tech Expansion (KSA, UAE, Middle East) | 💼 Enterprise Deals | 📈 Revenue-First GTM | ❌ No Retainers #CustomSoftware #TechResourcing #SaaS #Partnerships #ChannelPartners #BusinessDevelopment #EnterpriseSales #KSA #UAE #GCC We help enterprise Tech, IT, and SaaS companies expand and generate revenue in 🇸🇦 KSA, 🇦🇪 UAE, and the Middle East through a partnership-led, revenue-first model. ❌ No consulting decks ❌ No retainers ✅ Focused on execution and closed revenue Through ADFAR Tech, I combine three levers under one operating model: 🌍 Market Expansion (GTM + Partnerships) • 🤝 Enterprise access in KSA/UAE (qualified meetings, live deals) • 🧩 Channel partners: SIs, resellers, implementation partners • 📑 Commercial setup: pricing, proposals, compliance, contracting 🧠 Custom Software Development (Delivery) • 🛠️ Enterprise builds: web, mobile, platforms, data/AI • 🚀 Delivery support directly tied to deal closure 👥 IT & Tech Resourcing (Scale fast) • ⚡ On-demand engineers and specialists • 🏢 Onsite (KSA/UAE) + 🌐 offshore delivery options 📈 Outcome-driven KPIs • ⏱️ Faster time-to-first-deal • 🔁 Higher meeting → proposal → close conversion • 💰 Partner-led pipeline that converts into revenue • 🧩 Execution capacity without delivery bottlenecks If you’re entering or scaling in Saudi or UAE, DM me with product, target industry, and ACV range.",52000,"https://www.linkedin.com/company/adfar-tech/","","[{""origin"":""GLOBAL_SEARCH_HEADER"",""companyHqGeo"":[""100459316"",""104305776"",""106155005""],""companySize"":[""B"",""C""],""industryCompanyVertical"":[""4""]}]"
"Blend-ed®","Software Development","San Francisco, CA","Professional training companies in regulated industries often rely on generic LMS platforms, spreadsheets, and disconnected tools to manage courses, cohorts, certificates, and compliance records. Blend-ed replaces that patchwork with one AI-powered LMS built for certification-based training businesses. It brings every part of the training operation into one branded platform, from self-paced learning and live online classes to instructor-led, offline, and blended delivery. With AI-powered course creation, certification management, audit-ready reporting, multi-organisation support, cohort scheduling, e-commerce, and verifiable certificates, Blend-ed helps teams reduce manual work, launch programs faster, stay audit-ready, and grow revenue at scale. Built on Open edX, one of the world's most trusted learning infrastructure platforms.",3000,"https://www.linkedin.com/company/blendxed/","","[{""origin"":""GLOBAL_SEARCH_HEADER"",""companyHqGeo"":[""100459316"",""104305776"",""106155005""],""companySize"":[""B"",""C""],""industryCompanyVertical"":[""4""]}]"
"Jungle Gaming","Software Development","Dubai, Dubai","Jungle Gaming is a B2B iGaming company. We build original casino games and the connected technology operators use to run them. Most operators do not have a content problem or a platform problem. They have a fragmentation problem — games from one vendor, aggregation from another, player systems, payments, CRM and analytics from three more, each with its own integration and owner. The cost lands as repeated provider work, slower rollouts and player context that never quite connects. Four capabilities answer that. Each works on its own. Together they share one operating context. ORIGINAL GAMES Jungle Games designs slots and instant games from concept to release: distinctive worlds, intuitive mechanics, mobile-first performance. Titles include Captain's Treasure, Fox the Course Seller, Chimp Mines and Goblin's Gold. GAME AGGREGATION 30,000+ slots, table games, live casino and crash titles from 120+ providers through a single integration, with provider connections and technical maintenance handled by Jungle. New releases every month. MODULAR TURNKEY Casino management, player accounts and wallets, payments and KYC, bonuses and gamification, CRM and automation, affiliates and reporting — scoped around the operator's market, licence, existing stack and rollout. PLAYER INTELLIGENCE Jungle AI works from approved player signals under the operator's data governance: understand behavior, build dynamic segments, identify churn risk, act through configured journeys, learn from every outcome. Licences and regulatory responsibility stay with the operator. Our work is to keep the content, integrations and workflows around them configurable, market by market. We build across Dubai and Brazil, with a team that learns quickly, challenges familiar ideas and raises the standard with every release. Original games. One connected iGaming operation. Start a conversation: sales@junglegaming.io",42000,"https://www.linkedin.com/company/junglegaming/","","[{""origin"":""GLOBAL_SEARCH_HEADER"",""companyHqGeo"":[""100459316"",""104305776"",""106155005""],""companySize"":[""B"",""C""],""industryCompanyVertical"":[""4""]}]"
"Angelicore Game Studios","Computer Games","St.Petersburg, Florida","Angelicore Game Studios is a cross-platform game development and publishing studio. We are currently developing Angelic, a narrative-driven multiplayer strategy RPG set in a dark sci-fi universe.",11000,"https://www.linkedin.com/company/angelicore-game-studios/","","[{""origin"":""GLOBAL_SEARCH_HEADER"",""companyHqGeo"":[""100459316"",""104305776"",""106155005""],""companySize"":[""B"",""C""],""industryCompanyVertical"":[""4""]}]"
"Weelo","Software Development","Middletown, Delaware","Weelo is a next-generation AI & Automation Sales Channel Platform designed to revolutionize how businesses manage and optimize multiple sales channels—all within a single, intelligent solution. Our enterprise-grade platform automates sales and distribution processes from warehouse management to cash collection, driving operational efficiency, accelerating revenue growth, and positioning businesses to stay ahead in today’s dynamic market. Connect with our team at info@weelo.co to explore how Weelo’s advanced platform can streamline sales operations, optimize multi-channel strategies, and fuel sustainable business growth. Businesses that adopt Weelo increase productivity, enhance visibility, and expand their market presence—all from one fully integrated platform. Experience the power of Weelo firsthand—request your personalized demo at www.weelo.co and see how our platform can transform your sales operations. Have specific questions or looking for partnership opportunities? Reach out directly at info@weelo.co, and one of our specialists will respond promptly. Follow us for insights, updates, and industry trends: 🌐 Website: www.weelo.co 📧 Sales & Business Inquiries: sales@weelo.co 🤝 Partnerships: info@weelo.co 💼 Careers: hr@weelo.co",7000,"https://www.linkedin.com/company/weelobusiness/","","[{""origin"":""GLOBAL_SEARCH_HEADER"",""companyHqGeo"":[""100459316"",""104305776"",""106155005""],""companySize"":[""B"",""C""],""industryCompanyVertical"":[""4""]}]"
"Synapse Analytics","Software Development","Abu Dhabi","We help financial institutions make faster, smarter credit decisions at scale. Synapse Analytics automates the entire credit lifecycle: onboarding, verification, assessment, and decisioning; all in one platform, powered by AI. To date, we’ve facilitated over $200M in credit decisions, helped clients achieve up to 5x customer acquisition, and reduce non-performing loans by 40%. Built for business and risk teams—not technical users—our no-code tools simplify complex workflows, reduce risk, and speed up approvals. From serving first-time borrowers to scaling nationwide lending operations, we help lenders reach more customers with less effort and more confidence. By simplifying decisioning and unlocking better credit infrastructure, we’re driving real financial inclusion—enabling more people and businesses to access the credit they need to grow. نساعد المؤسسات المالية على اتخاذ قرارات ائتمانية أسرع وأذكى، على نطاق واسع. سيناپس أنالاتكس توفّر منصة واحدة لأتمتة دورة الائتمان بالكامل: من تسجيل العملاء والتحقّق من بياناتهم، إلى التقييم واتخاذ القرار—وكلها مدعومة بالذكاء الاصطناعي. حتى الآن، ساعدنا في تسهيل أكثر من 200 مليون دولار من قرارات التمويل، وحقق عملاؤنا نمواً يصل إلى 5 أضعاف في عدد العملاء، وتقليلاً في القروض المتعثرة بنسبة 40٪. أدواتنا لا تتطلب خبرة تقنية، ومصمّمة خصيصًا لفرق الأعمال والمخاطر. واجهات سهلة، بدون برمجة، لتبسيط العمليات، وتقليل المخاطر، وتسريع الموافقات. سواء كنت تخدم عملاء جدد أو توسّع عمليات التمويل في السوق، نساعدك على الوصول إلى عدد أكبر من العملاء بثقة وكفاءة. من خلال تحسين البنية التحتية للقرار، تساهم سيناپس في تعزيز الشمول المالي، وتوسيع فرص التمويل للأفراد والشركات.",45000,"https://www.linkedin.com/company/synapse-analytics/","","[{""origin"":""GLOBAL_SEARCH_HEADER"",""companyHqGeo"":[""100459316"",""104305776"",""106155005""],""companySize"":[""B"",""C""],""industryCompanyVertical"":[""4""]}]"
"AI Astrolabe","Software Development","Kingston, New York","Building AI for low-resource languages is not just translation. It is local grounding, dialect nuance, and cultural alignment, at every stage of the AI lifecycle. We provide high-quality alignment data, rigorous evaluation, and red teaming, purpose-built for low-resource languages.",2000,"https://www.linkedin.com/company/ai-astrolabe/","","[{""origin"":""GLOBAL_SEARCH_HEADER"",""companyHqGeo"":[""100459316"",""104305776"",""106155005""],""companySize"":[""B"",""C""],""industryCompanyVertical"":[""4""]}]"
"Pixxi","Software Development","Dubai","One CRM for all departments of real estate work in one place.",42000,"https://www.linkedin.com/company/pixxi-crm/","","[{""origin"":""GLOBAL_SEARCH_HEADER"",""companyHqGeo"":[""100459316"",""104305776"",""106155005""],""companySize"":[""B"",""C""],""industryCompanyVertical"":[""4""]}]"
"Maxyfi","Software Development","Dallas, Texas","Maxyfi is an all-in-one, AI-powered Debt Collection Software built specifically for Collection Agencies, Credit Unions, Debt Buyers, and Businesses looking to streamline recovery, reduce manual effort, and boost cash flow. Designed to automate every stage of the collection process, Maxyfi empowers your team with intelligent workflows, real-time insights, and powerful engagement tools—all while keeping the end-consumer experience at the core. 💼 What Maxyfi Offers: ✅ Collection CRM to manage accounts, follow-ups & team workflows 🤖 AI Chatbots & Voice Agents trained for smart, human-like collection conversations 📡 Omni-Channel Hub (Email, SMS, Voice, WhatsApp) 🧾 Digital Self-Service Consumer Portal 🌐 White-Labeled Client Portal 💳 Custom Payment Landing Pages 📈 Analytics Dashboard & Custom Reporting 🔌 Easy Integrations & Plugins 🔒 SOC 2 Type II & ISO 27001 Certified ⚡ Why Maxyfi? Built for high-volume, high-compliance collection operations Designed for both agency teams and consumer usability Proven to improve recovery rates, reduce DSOs, and enable real-time tracking 🚀 Ready to Simplify Collections? Schedule a live demo now: 👉 https://calendly.com/maxyfi_ar/maxyfi-demo",6000,"https://www.linkedin.com/company/maxyfi/","","[{""origin"":""GLOBAL_SEARCH_HEADER"",""companyHqGeo"":[""100459316"",""104305776"",""106155005""],""companySize"":[""B"",""C""],""industryCompanyVertical"":[""4""]}]"
"Pvotal Technologies","Software Development","Sacramento, CA","Technology is pivotal in improving lives, sustaining the environment, and pushing society forward. Unfortunately, many go adrift while engineering solutions, lose track of their objectives, and decouple from their original vision before they run out the clock to pivot. We engineered complex, automated processes aligned with best AIOps, BizDevOps, DevSecOps, CloudOps, and ITOps practices to reduce the technical debt involved in creating secure, scalable, and high-performing global scale apps. We built a comprehensive, low-code, event-driven, micro-service-based, Cloud Native platform to help businesses go to market faster by leveraging our highly agnostic processes. In human language, we transform ideas into enterprise-grade cloud applications in half the time, cost, and effort than traditional approaches.",3000,"https://www.linkedin.com/company/pvotaltech/","","[{""origin"":""GLOBAL_SEARCH_HEADER"",""companyHqGeo"":[""100459316"",""104305776"",""106155005""],""companySize"":[""B"",""C""],""industryCompanyVertical"":[""4""]}]"
"Gap Cloud","Software Development","Denver, Colorado","Gap Cloud is a SaaS ERP company that provides businesses with the tools they need to automate their development cycle and improve their operations.",5000,"https://www.linkedin.com/company/gap-cloud2019/","","[{""origin"":""GLOBAL_SEARCH_HEADER"",""companyHqGeo"":[""100459316"",""104305776"",""106155005""],""companySize"":[""B"",""C""],""industryCompanyVertical"":[""4""]}]"
"Intcore","Software Development","Dubai, Dubai","Intcore is one of the top-ranked companies in UAE, Intcore is a digital service company specializing in web solutions, digital marketing, AI services, and mobile app development. We have a powerful, ambitious team we depend on to achieve our goals. We strive to introduce the best quality in the market. Our team at INTCore believes that keeping pace with technological advancement, along with sticking to our values and concentrating on customer satisfaction are the perfect combination to achieving great success.",15000,"https://www.linkedin.com/company/intcore/","","[{""origin"":""GLOBAL_SEARCH_HEADER"",""companyHqGeo"":[""100459316"",""104305776"",""106155005""],""companySize"":[""B"",""C""],""industryCompanyVertical"":[""4""]}]"
"Dynasol Technologies","Software Development","Dover, DE","Dynamics 365 Business Central is among the Microsoft Cloud Platform services supported by Dynasol Technologies, alongside Dynamics 365, Office 365, EMS, and Azure. We assist organizations in choosing a support service that meets their needs and budget, ensuring a smooth transition to cloud-based solutions.",5000,"https://www.linkedin.com/company/dynasoldottech/","","[{""origin"":""GLOBAL_SEARCH_HEADER"",""companyHqGeo"":[""100459316"",""104305776"",""106155005""],""companySize"":[""B"",""C""],""industryCompanyVertical"":[""4""]}]"
"Teknikforce","Software Development","Sharjah, Sharjah","Teknikforce builds powerful, easy-to-use digital marketing & AI tools that help businesses generate leads, automate marketing, and scale online. We serve digital marketers, agencies, startups, and online business owners through an all-in-one ecosystem designed for performance, scalability, and simplicity. What we do best: • Lead generation & funnel building • Websites, landing pages & eCommerce • Email marketing & automation • Video marketing & webinars • Social media & multi-account management • SEO, organic traffic & growth tools Our Flagship Products: 🔹 CloudFunnels – Funnels, landing pages & websites 🔹 CourseFunnels – Online courses with built-in marketing 🔹 ShopFunnels – High-converting eCommerce stores 🔹 Webira – AI-powered website creator 🔹 Webinarloop – Live & on-demand webinar platform 🔹 Tuberank Jeet – YouTube & video SEO software 🔹 Vidko – AI video generation platform 🔹 Sendster – Email newsletter marketing software 🔹 Postifluence – SEO & organic traffic growth tools 🔹 Logii Browser – Multi-login & social media management 🌍 Remote-first team | Serving customers worldwide 👉 Follow us for insights on digital marketing, AI automation, SaaS growth, and product updates. 🔗 Visit our website to explore all our 40+ tools",35000,"https://www.linkedin.com/company/teknikforce/","","[{""origin"":""GLOBAL_SEARCH_HEADER"",""companyHqGeo"":[""100459316"",""104305776"",""106155005""],""companySize"":[""B"",""C""],""industryCompanyVertical"":[""4""]}]"
"KTern.AI","Software Development","Dallas, Texas","KTern.AI is an SAP-certified Agentic AI partner, accelerating SAP migration and modernization programs up to 7x faster for enterprises worldwide. With its purpose-built Agentic AI platform for SAP transformation, KTern.AI enables enterprises and system integrators to maximize the value of their SAP investments, driving predictable, risk-mitigated, and outcome-driven transformation journeys. Recognized as a global leader in cognitive automation, KTern.AI delivers an industry cloud digital workplace powered by tribal knowledge intelligence and data-driven hyperautomation, ensuring intelligent execution across the entire SAP lifecycle. KTern.AI simplifies the effort in SAP assessments, greenfield, conversion, SDT, upgrades & AMS projects, testing, custom code adaptation and change impact mining. KTern.AI provides continuous automation value in end-to-end SAP digital transformation cycles, leading to 7x times accelerated transformations with 24% reduction in overall effort. KTern.AI offers 5 digital automation streams to boost the success rate of SAP Digital Transformations in enterprises : (1) Digital Maps - Plan your SAP transformations, driven by rapid and comprehensive assessments (2) Digital Projects - Ensure productive governance in your SAP transformation projects with remote efficiency (3) Digital Process - Orchestrate your SAP process lifecycle with tribal knowledge base & integrity led experience (4) Digital Labs - Gain ultimate control and ensure your business reliability with SAP test intelligence (5) Digital Mines - Avoid business disruptions with risk-free releases, optimized testing & Intelligent SAP DevOps Connect with us: https://ktern.com/contact Email: info@ktern.com",5000,"https://www.linkedin.com/company/ktern/","","[{""origin"":""GLOBAL_SEARCH_HEADER"",""companyHqGeo"":[""100459316"",""104305776"",""106155005""],""companySize"":[""B"",""C""],""industryCompanyVertical"":[""4""]}]"
"VisionRD","Software Development","Islamabad","VisionRD is an AI research and technology company building intelligent solutions for enterprises. We develop advanced AI products across Enterprise AI, Wearable AI, and intelligent automation. Our technology transforms complex business data and real-world processes into actionable intelligence. We work with leading organizations to solve high-impact problems through AI and deep-tech innovation. Our solutions are designed to be scalable, intelligent, and built for real-world impact. With experience working with companies including Toyota and GWM, we are building AI systems for the enterprises of tomorrow. Our mission: Building the next AGI for enterprises.",13000,"https://www.linkedin.com/company/visionrd-ai/","","[{""origin"":""GLOBAL_SEARCH_HEADER"",""companyHqGeo"":[""100459316"",""104305776"",""106155005""],""companySize"":[""B"",""C""],""industryCompanyVertical"":[""4""]}]"
"Spokn","Software Development","New York, NY","Spokn makes it easy for HR, L&D, and Internal Comms teams to create short, engaging videos featuring your employees and leaders. In just minutes, you can produce captivating, on-brand videos to elevate your people programs and employee communication - no editing skills or special equipment needed. Teams at Amazon, Google, Regeneron, Hyatt, and Siemens use Spokn to humanize leadership communications, enable peer-to-peer learning, amplify company values, capture employee stories at scale, and more.",5000,"https://www.linkedin.com/company/getspokn/","","[{""origin"":""GLOBAL_SEARCH_HEADER"",""companyHqGeo"":[""100459316"",""104305776"",""106155005""],""companySize"":[""B"",""C""],""industryCompanyVertical"":[""4""]}]"
"Aekot","Software Development","Wilmington, Delaware","Aekot is a Salesforce consultancy servicing global clients, with majority of our customers based out of North America region. With an A-team of highly qualified Salesforce professionals collectively holding decades years of SFDC experience, we excel at transforming businesses with the help of World's #1 CRM. Aekot is a Salesforce Consulting Partner and is growing rapidly by providing a suite of Salesforce services to clients across the globe. Aekot was conceived with a vision of re-imagining the digital experience for businesses by bringing together cloud technology, business strategy and data analytics in a highly collaborative environment. We believe that achieving business excellence in a disruptive age is directly associated with the ability to transform & adapt with the ever-evolving digital world. We specialize in Salesforce Customization, Implementation, Consultation, Application Development, Migration, Integration and Support & Maintenance on Sales Cloud, Service Cloud, Marketing Cloud, Tableau, etc.",4000,"https://www.linkedin.com/company/aekot/","","[{""origin"":""GLOBAL_SEARCH_HEADER"",""companyHqGeo"":[""100459316"",""104305776"",""106155005""],""companySize"":[""B"",""C""],""industryCompanyVertical"":[""4""]}]"
"shortlistd.io","Software Development","Middletown, Delaware","We are building the AI workforce for hiring. Find out more at www.shortlistd.io shortlistd.io is an AI recruitment platform that autonomously sources, screens, and interviews candidates at scale reducing time-to-hire by up to 80% while cutting agency costs. Built for HR teams managing high-volume hiring or hard-to-fill roles, shortlistd.io uses coordinated AI agents to handle end-to-end recruitment workflows from job intake to interview-ready shortlists. Core Capabilities: 🔹Autonomous Candidate Sourcing: Access 800M+ global profiles with semantic search that identifies qualified candidates beyond keyword matching 🔹AI-Powered Voice Interviews: Conduct structured, consistent first-round interviews 24/7 with adaptive questioning and objective evaluation 🔹Skills-Based Screening: Evaluate candidates on experience and competency rather than CV keywords, reducing bias and improving match quality 🔹Scalable Hiring Workflows: Customize interview logic by role, seniority, and criteria; AI agents execute consistently across all candidates shortlistd.io replaces traditional recruitment agencies and manual screening processes, delivering interview-ready candidates faster and at a fraction of the cost. Hiring teams using shortlistd.io reduce recruiter workload on administrative tasks, enabling focus on strategic hiring decisions and candidate relationships. ✅ Ideal For: growing companies, scale-ups, and enterprises hiring across multiple markets, particularly those with roles requiring speed and quality at scale.",5000,"https://www.linkedin.com/company/shortlistd-io/","","[{""origin"":""GLOBAL_SEARCH_HEADER"",""companyHqGeo"":[""100459316"",""104305776"",""106155005""],""companySize"":[""B"",""C""],""industryCompanyVertical"":[""4""]}]"
"DATA GUMBO","Software Development","Houston, Texas","Data Gumbo's superior network allows our users to build, negotiate and execute immutable and auditable smart contracts and artificial intelligence platforms. As a neutral third-party, we supply the blockchain and AI technologies and customized infrastructure for companies to build and operate their own trusted systems with confidence. We developed our leading award winning technology with equity funding from Saudi Aramco Energy Ventures, the venture subsidiary of Saudi Aramco; Equinor Ventures, the venture subsidiary of Equinor, Norway’s leading energy operator; and other venture capital and seed investors. Data Gumbo is headquartered in Houston, Texas, with an office in Saudi Arabia.",5000,"https://www.linkedin.com/company/data-gumbo/","","[{""origin"":""GLOBAL_SEARCH_HEADER"",""companyHqGeo"":[""100459316"",""104305776"",""106155005""],""companySize"":[""B"",""C""],""industryCompanyVertical"":[""4""]}]"
"Astra Tech Consulting","Software Development","New York City, New York","North American, AI and technology consulting firm with delivery hubs in New York, San Francisco, Columbus, Toronto and Dubai. At Astra Tech Consulting, our mission is to accelerate digital transformation through the power of artificial intelligence, engineering excellence, and strategic innovation. With delivery hubs in USA, Canada and UAE, we operate across all time zones to support global enterprises with precision and agility. We design and implement AI-driven, enterprise-grade solutions that enable businesses to scale intelligently, optimize performance, and unlock long-term growth. Our multidisciplinary teams merge deep technical expertise with global consulting insight, helping organizations bridge innovation and execution. At Astra Tech Consulting, we don’t just build systems — we build intelligent foundations for the future of business.",5000,"https://www.linkedin.com/company/astra-tech-consulting/","","[{""origin"":""GLOBAL_SEARCH_HEADER"",""companyHqGeo"":[""100459316"",""104305776"",""106155005""],""companySize"":[""B"",""C""],""industryCompanyVertical"":[""4""]}]"
"MilkStraw AI","Software Development","San Francisco","Get the prices of reserved instances but with the flexibility of on-demand. No engineering or contracts! If this is as exciting for you as it is for us, don't hesitate to say hello!",4000,"https://www.linkedin.com/company/milkstraw-ai/","","[{""origin"":""GLOBAL_SEARCH_HEADER"",""companyHqGeo"":[""100459316"",""104305776"",""106155005""],""companySize"":[""B"",""C""],""industryCompanyVertical"":[""4""]}]"
"mindzie, inc. - Process Aware Intelligence Platform","Software Development","DALLAS, TX","mindzie - The Process Aware Intelligence platform. Model, mine, monitor, and optimize the processes your business runs on. Your business runs on processes. Most companies don't truly understand how theirs actually work. Process maps go stale. Bottlenecks hide in plain sight. AI agents without process context create more work than they finish. mindzie is a Process Aware Intelligence platform. We turn how your business actually runs into a living, measurable asset that your teams, your leaders, and your AI agents can all act on. One platform. Four capabilities. Model. Full BPMN 2.0 process modeling for documentation, compliance, and governance. Mine. Automated process discovery from the event data your systems already capture. Monitor. Real time SLA tracking with AI predictions and early warnings. Optimize. AI generated intelligence reports with actionable recommendations for analysts, managers, and executives. To learn more, visit www.mindzie.com",5000,"https://www.linkedin.com/company/mindzie/","","[{""origin"":""GLOBAL_SEARCH_HEADER"",""companyHqGeo"":[""100459316"",""104305776"",""106155005""],""companySize"":[""B"",""C""],""industryCompanyVertical"":[""4""]}]"
"KNOATIV","Software Development","Plano, Texas","Meaningful experiences start with knowing your customer. But the more places a brand sells — store, marketplace, web, app — the harder it is to recognise the customer standing in front of you. Experiences feel generic, and growth costs more every year. We are a retail technology company. Through loyalty management, AI voice agents and unified commerce, our customer experience platform helps retail brands drive higher customer lifetime value, resolve every inquiry in seconds, and deliver one seamless brand across every channel. The results speak for themselves: 10M+ loyalty members acquired 25% year-over-year revenue growth $41M+ in campaign-driven sales 30% faster order fulfillment These are not projections. These are results our clients achieved with Knoativ — trusted by leading retail brands, with Fortune 10 engagement. Built for retail. AI across the journey. Enterprise-ready: SOC 2 Type II, ISO 27001, 200+ integrations, cloud/on-prem/hybrid, native Arabic support.",2000,"https://www.linkedin.com/company/knoativ/","","[{""origin"":""GLOBAL_SEARCH_HEADER"",""companyHqGeo"":[""100459316"",""104305776"",""106155005""],""companySize"":[""B"",""C""],""industryCompanyVertical"":[""4""]}]"
"Requis","Software Development","The Woodlands, Texas","Requis is the only capital project procurement platform with a circular economy marketplace empowering companies to pair economic objectives with sustainability goals. Global resource and energy leaders trust Requis to simplify buying and selling for capital projects, saving millions and reducing carbon footprint in the process. With Requis, supply chain and procurement experts can expect not just a platform that simplifies the procurement process for capital projects, but a partner that understands the importance of economic and environmental goals. Together, let's build a future where procurement serves as a vehicle for sustainable growth.",5000,"https://www.linkedin.com/company/requis/","","[{""origin"":""GLOBAL_SEARCH_HEADER"",""companyHqGeo"":[""100459316"",""104305776"",""106155005""],""companySize"":[""B"",""C""],""industryCompanyVertical"":[""4""]}]"
"Geminus","Software Development","Cambridge, Massachusetts","Geminus is pioneering real-time intelligence for complex industrial systems. Our platform is the first to seamlessly integrate data, physics, and computation to enable autonomous control of cyber-physical systems. Built to scale across the largest industrial operations, Geminus empowers organizations to solve their most complex challenges in real time - unlocking new levels of productivity, efficiency, and innovation.",4000,"https://www.linkedin.com/company/geminus-ai/","","[{""origin"":""GLOBAL_SEARCH_HEADER"",""companyHqGeo"":[""100459316"",""104305776"",""106155005""],""companySize"":[""B"",""C""],""industryCompanyVertical"":[""4""]}]"
"Hatch Techs","Software Development","Dover, Delaware","HatchTechs is at the forefront of enabling businesses to achieve unparalleled success through transformative digital solutions as a full-service business transformation company. We deliver in-depth services to optimize all operations, increase market share, and improve CX. Business Process Outsourcing: HatchTechs provides customized BPO solutions that empower businesses to rightsize operations and concentrate on what they do best. Our offerings include: Customer Support Services: Live chat, email support, social media support, and 24/7 call center solutions to enhance customer satisfaction. Technical Support: Proactive troubleshooting and IT assistance to facilitate smooth business operations. Digital Marketing Solutions: We devise data-focused marketing strategies that accelerate brand growth and customer engagement. Our expertise includes: Search Engine Optimization: Enhancing online visibility and driving organic traffic to your website. Customer Acquisition: High-conversion campaigns delivering measurable ROI. Social Media Management: Building and managing impactful social media presences. Content Marketing: Engaging and value-packed content to establish brand authority. Online Reputation Management: Build trust and improve brand engagement. Technology Solutions: HatchTechs is experienced in creating end-to-end, scalable, and future-ready technology solutions. We provide: Custom Software Development: Tailored applications to meet unique business needs. Mobile App Development: User-friendly and feature-rich apps for Android and iOS platforms. Cloud Integration Services: Seamlessly migrate and manage your business on the cloud for enhanced scalability. Sales Hub: Our Sales Hub services empower enterprises to grow sales and revenue with strategic enablement solutions. These include: Sales Solutions: Automating sales pipelines and improving customer relationships. Cloud Contact Center: Optimizing CX and CSAT through omnichannel communication expertise.",5000,"https://www.linkedin.com/company/hatchtechs/","","[{""origin"":""GLOBAL_SEARCH_HEADER"",""companyHqGeo"":[""100459316"",""104305776"",""106155005""],""companySize"":[""B"",""C""],""industryCompanyVertical"":[""4""]}]"
"EraaSoft","Software Development","cairo","We focus on your business goals and deliver on measurable solutions for online growth and greater brand loyalty. Before starting any project, we dive into your business and your needs to understand your value and market place. We carefully study your market place, your target, your competitors, and everything related to your business, then provide customized solutions that are tailored to generate results for you. We believe that your success is ours, so we working to make your business more successful, easy, developed to achieve our goals.",29000,"https://www.linkedin.com/company/eraasoft/","","[{""origin"":""GLOBAL_SEARCH_HEADER"",""companyHqGeo"":[""100459316"",""104305776"",""106155005""],""companySize"":[""B"",""C""],""industryCompanyVertical"":[""4""]}]"
"PositiveEdge Solutions","Software Development","Newark, California","PositiveEdge is a global business technology company. We do more than just deliver technology. We offer a unique expertise that comes from rich customer experience. Combining unparalleled experience, comprehensive capabilities across all industries and business functions, and extensive research on the world’s most successful companies, PositiveEdge collaborates with clients to help them become high-performance businesses. PositiveEdge helps customers design, develop, and deploy software solutions for critical customer-facing business challenges. By leveraging their uncommon commitment to project success, along with their comprehensive knowledge of Microsoft technologies, backed by broad industry experience and methodologies, PositiveEdge consultants extend platforms such as Microsoft Dynamics CRM to create commercial advantage for their customers. By leveraging a unique onshore/offshore delivery model, PositiveEdge solution consultants can work around the clock to deliver solutions quickly and cost effectively. Microsoft Dynamics provides the robust platform that has formed the foundation of more than 100 successful projects deployed globally in multiple industries, across dozens of enterprises.",4000,"https://www.linkedin.com/company/positiveedge-solutions/","","[{""origin"":""GLOBAL_SEARCH_HEADER"",""companyHqGeo"":[""100459316"",""104305776"",""106155005""],""companySize"":[""B"",""C""],""industryCompanyVertical"":[""4""]}]"
"REVOSUITE","Software Development","Media City, Dubai","Pharma can measure how hard a field team works — calls, samples, coverage. What it has never been able to measure is which of those activities actually moved a prescription. That gap is the most expensive blind spot in pharmaceutical commercial operations. REVOSUITE closes it. We're an AI-powered sales enablement platform built exclusively for the pharmaceutical and nutraceutical industry. Our Rx-Booster engine turns static detail aids into interactive, AI-guided e-detailing — and connects every field interaction to the prescriptions that follow, through KPIs built for pharma rather than borrowed from generic sales software. Where legacy CRMs log activity, REVO drives outcomes: • AI that predicts where prescriptions are heading — before the sales data confirms it • Automatic flagging of risks and anomalies in field activity, before they cost a quarter • Rep enablement that lifts the whole team toward top-performer behavior • Marketing and commercial aligned on the same Rx-driven metrics The results: • 5.9M+ high-quality HCP detailing visits delivered through the platform • 510K+ prescribers actively engaged • Trusted by leading pharma and nutraceutical brands including Biocodex, Bioderma, Uriage and Vitabiotics • Live in weeks — running on top of your existing CRM, at a fraction of an enterprise rollout",30000,"https://www.linkedin.com/company/revosuite-inc/","","[{""origin"":""GLOBAL_SEARCH_HEADER"",""companyHqGeo"":[""100459316"",""104305776"",""106155005""],""companySize"":[""B"",""C""],""industryCompanyVertical"":[""4""]}]"
"Devline Solutions","IT Services and IT Consulting","Lahore, Punjab","𝗗𝗲𝘃𝗹𝗶𝗻𝗲 𝗦𝗼𝗹𝘂𝘁𝗶𝗼𝗻𝘀 AI-First Technology & Engineering Partner Since 2018, we’ve helped startups and businesses build, scale, and transform with AI, software engineering, and intelligent automation. We build AI agents, AI-powered SaaS products, intelligent automation systems, custom software, and dedicated AI & engineering teams that help businesses move faster and operate smarter. 𝗢𝘂𝗿 𝗖𝗼𝗿𝗲 𝗦𝗲𝗿𝘃𝗶𝗰𝗲𝘀: • AI Agents & Multi-Agent Systems • AI Automation & Intelligent Workflows • AI-Powered SaaS Products • RAG & Enterprise AI Solutions • Custom Software & Web Applications • Dedicated AI & Software Engineering Teams • ERP, CRM & Business Automation ✓ 𝗛𝗼𝘄 𝘄𝗲 𝘄𝗼𝗿𝗸: 1- Discovery & Strategy 2- Research & Requirement Analysis 3- AI & Technology Planning 4- UX/UI & Prototyping 5- Development & AI Integration 6- Testing & Optimization 7- Deployment & Support 💯 𝗪𝗵𝘆 𝗗𝗲𝘃𝗹𝗶𝗻𝗲 𝗦𝗼𝗹𝘂𝘁𝗶𝗼𝗻𝘀: ✓ AI-first approach with strong engineering expertise ✓ Experienced AI & software development teams ✓ Scalable, secure, and business-focused solutions ✓ Latest AI technologies and modern development practices ✓ Transparent communication & reliable delivery ✓ Long-term technology partnership ✓ Focused on measurable business outcomes We combine AI expertise, engineering excellence, and product thinking to turn ambitious ideas into scalable technology. Build with AI. Automate smarter. Scale faster.",16000,"https://www.linkedin.com/company/devlinesolutions/","","[{""origin"":""GLOBAL_SEARCH_HEADER"",""companyHqGeo"":[""100459316"",""104305776"",""106155005""],""companySize"":[""B"",""C""],""industryCompanyVertical"":[""4""]}]"
"Storlytics Energy Storage","Software Development","Charlotte, North Carolina","Storlytics Energy Storage is a US based energy storage software and consulting firm headquartered in Charlotte, North Carolina. Our team of PhDs and professional engineers partner with industry leading utilities , engineering consultants, Universities, and national labs to develop accurate models for grid tied battery energy storage systems. Storlytics also provides engineering and consulting services to renewable and energy storage developers, financiers, integrators and battery OEMs. The Storlytics team work with leading battery cell/modules, inverter, and converter manufacturers to perfect their product models within the Storlytics platform. Storlytics power systems engineers bring more than 20 years of industry experience into the simulation of operation of grid tied battery energy storage systems to the Storlytics platform. Recognizing major industry pain points in uncertainty of degradation and system loss profiles of battery energy storage systems, the Storlytics team have built the Storlytics platform to predict degradation of battery energy storage systems, allowing our users to reduce project uncertainty and risk. This also allows our users to optimize project design and inform selection of major system components like batteries and inverters. Our clients turn to the Storlytics platform to overcome even the most complex and intricate battery use-cases, to deliver results on time and on budget, from start to finish, and in some of the most remote locations. Dedicated to delivering the right solutions for all your energy storage project needs, we recognize that working together is key for a project’s long-term success. For business-related queries, you can reach us at: accounts@storlytics.net",4000,"https://www.linkedin.com/company/storlytics/","","[{""origin"":""GLOBAL_SEARCH_HEADER"",""companyHqGeo"":[""100459316"",""104305776"",""106155005""],""companySize"":[""B"",""C""],""industryCompanyVertical"":[""4""]}]"
"TheCapitalNet","Software Development","Menlo Park, CA","TheCapitalNet has found a new home and is not taking any new customers at this point in time. --- TheCapitalNet was an award-winning Financial Technologies company that provided the most comprehensive, advanced, and intelligent, fund management and fund administration solutions to the global Alternatives Asset Management industry currently focused on Private Equity and Venture Capital.",4000,"https://www.linkedin.com/company/thecapitalnet/","","[{""origin"":""GLOBAL_SEARCH_HEADER"",""companyHqGeo"":[""100459316"",""104305776"",""106155005""],""companySize"":[""B"",""C""],""industryCompanyVertical"":[""4""]}]"
"DigiTax","Software Development","Willmington, Delaware","DigiTax is a e-invoicing service provider licensed by tax authorities in multiple markets to provide seamless e-invoicing solutions for micro,small,medium and large enterprises. We enable companies to generate and transmit compliant e-invoices, and meet reporting requirements, all from one platform. Designed for reliability and scalability, DigiTax is built to support the needs of fast-growing, digital-first businesses and enterprises navigating complex regulatory landscapes. By automating the compliance process, we help businesses save time, reduce errors, and focus on growth while staying ahead of evolving tax mandates.",3000,"https://www.linkedin.com/company/digi-tax/","","[{""origin"":""GLOBAL_SEARCH_HEADER"",""companyHqGeo"":[""100459316"",""104305776"",""106155005""],""companySize"":[""B"",""C""],""industryCompanyVertical"":[""4""]}]"
"SIDEUP","Software Development","Riyadh, Riyadh","We're a team of 20 people, on a mission to become the #1 e-commerce logistics platform and build the largest, boldest shipping gateway across the MENA and Africa regions. SIDEUP is the leading shipping platform in the Middle East, connecting sellers with elite shipping companies ، currently operating in Saudi Arabia, Egypt & Oman. Our goal is to simplify shipping processes to help business owners grow their businesses. With our wide network of delivery companies and competitive rates.",26000,"https://www.linkedin.com/company/sideup/","","[{""origin"":""GLOBAL_SEARCH_HEADER"",""companyHqGeo"":[""100459316"",""104305776"",""106155005""],""companySize"":[""B"",""C""],""industryCompanyVertical"":[""4""]}]"
"WAJJAD | وجّاد","Software Development","Jeddah","WAJJAD is a technology studio architecting scalable digital operating systems across governance, legal, financial, and real estate sectors. Founded in 2020 in response to the accelerating digital shift in regional markets, WAJJAD was established with a structural vision: to move organizations beyond fragmented traditional processes toward integrated, high-performance digital infrastructure. Rather than building isolated products, WAJJAD designs and operates institutional-grade B2B platforms that modernize core operational frameworks — from board governance and legal execution to financial structuring and real estate development management. Each platform is engineered to enhance efficiency, strengthen control environments, increase transparency, and improve institutional decision velocity. Today, WAJJAD operates eight specialized B2B platforms forming a connected digital ecosystem with scalable architecture and cross-sector applicability. The studio model enables centralized innovation, shared infrastructure, and accelerated product development while positioning individual platforms for independent growth and potential strategic expansion. Headquartered in the Kingdom of Saudi Arabia, WAJJAD is strategically positioned within one of the region’s fastest-transforming economies, with a long-term ambition to expand across regional and global markets by building technology-backed operational standards for modern institutions. WAJJAD is not simply a product company — it is a technology infrastructure builder shaping the digital operating layer of governance-driven and asset-backed sectors.",26000,"https://www.linkedin.com/company/wajjadtech/","","[{""origin"":""GLOBAL_SEARCH_HEADER"",""companyHqGeo"":[""100459316"",""104305776"",""106155005""],""companySize"":[""B"",""C""],""industryCompanyVertical"":[""4""]}]"
"BIO-key International, Inc.","Software Development","Holmdel, New Jersey","BIO-key is a trusted provider of Identity and Access Management (IAM) and Biometric solutions that offer an easy and secure way to authenticate the identity of employees, customers, and suppliers while managing their access across devices and applications. Over 1,000 global customers, including AT&T, the federal government, and 200+ higher education institutions trust BIO-key PortalGuard IDaaS, an award-winning IAM platform, to reduce password-related help desk calls by up to 95%, eliminate passwords, secure remote access, prevent phishing attacks, and improve productivity for the IT team. PortalGuard provides the simplicity and flexibility required to secure the modern digital experience with options for single sign-on, self-service password reset, and over 17 multi-factor authentication methods. Backed by decades of expertise, BIO-key has a proven track record of successful IAM project delivery and strong customer relationships.",3000,"https://www.linkedin.com/company/bio-key-international/","","[{""origin"":""GLOBAL_SEARCH_HEADER"",""companyHqGeo"":[""100459316"",""104305776"",""106155005""],""companySize"":[""B"",""C""],""industryCompanyVertical"":[""4""]}]"
"GravityONE","Software Development","Dubai, Dubai","Gravity provides robust AI-driven platforms that turn leaders' visions and strategies into measurable, tangible success.​ ​ Our platforms provide organizational leadership with the ability to seamlessly align their efforts with strategic goals, significantly improve decision-making, and drive measurable outcomes. ​ Our solutions aim to transform data into actionable intelligence, empowering leaders to execute their visions more effectively.​",25000,"https://www.linkedin.com/company/gravityoneai/","","[{""origin"":""GLOBAL_SEARCH_HEADER"",""companyHqGeo"":[""100459316"",""104305776"",""106155005""],""companySize"":[""B"",""C""],""industryCompanyVertical"":[""4""]}]"
"QuickSync","Software Development","Dubai, Dubai","We’re not just building a SaaS. We’re building a company that lasts. At QuickSync, simplicity is our strength: in our products, our decisions, and the way we work. We believe that great products don’t need to be complex to be powerful. We care about what truly matters: solving real problems, empowering real people, and building systems that stand the test of time. Our culture is built on ownership, honesty, and quiet excellence, where people grow through trust, not control. We move with intention, work with clarity, and support each other in doing great work without noise. Because great companies aren’t built overnight. They’re built through consistency, and care. That’s QuickSync.",25000,"https://www.linkedin.com/company/thequickcompany/","","[{""origin"":""GLOBAL_SEARCH_HEADER"",""companyHqGeo"":[""100459316"",""104305776"",""106155005""],""companySize"":[""B"",""C""],""industryCompanyVertical"":[""4""]}]"
"HAMS.AI | همس","Software Development","Riyadh, Riyadh","Hams.AI is an AI company that helps organizations operate more efficiently at scale. Organizations use Hams.AI to manage and automate customer communication when interaction volumes grow and service quality becomes harder to maintain. The platform helps teams handle interactions consistently, reduce wait times, and ease pressure on service and support functions. Hams.AI is also used to reduce manual operational work across internal processes. Companies rely on it to streamline repetitive tasks, improve execution speed, and reduce dependency on manual handling across daily operations. Built for real production environments, Hams.AI supports enterprises and government entities that require reliability, control, and measurable outcomes while fitting into existing systems and business workflows.",8000,"https://www.linkedin.com/company/hamsaisa/","","[{""origin"":""GLOBAL_SEARCH_HEADER"",""companyHqGeo"":[""100459316"",""104305776"",""106155005""],""companySize"":[""B"",""C""],""industryCompanyVertical"":[""4""]}]"
"Logical Technologist","Software Development","Collingdale, PA","Winning the trust and respect of hundreds of clients is not easy. It takes great products. It mandates consistency, transparency and honesty. It requires exceptional customer care. As a Logical Technologist customer, you will experience this every day. You will see that our stable, high-performance, visually stunning applications are the right tools for your company. And we are always out there to help make your projects a success.",1000,"https://www.linkedin.com/company/logical-technologist/","","[{""origin"":""GLOBAL_SEARCH_HEADER"",""companyHqGeo"":[""100459316"",""104305776"",""106155005""],""companySize"":[""B"",""C""],""industryCompanyVertical"":[""4""]}]"
"neurobotx","Software Development","New York, New York","Neurobotx is a Boeing backed, leading company for mobility simulation. Neurobotx built Metapilot, the Boeing backed neuromorphic XR launchpad for airtaxis, drones, EVs and future mobility. The founder brought her IP from Nobel laureate lab where she tested brain responses to VR on awake mice into neurobotx. The rest of the team includes an air mobility exited founder at 90+ M$, founder from Hyundai acquired Motional, and Boeing/NASA regulators. With over 10 mobility airtaxis live on Metapilot, and 200 more in the pipeline, you can now directly play Metapilot and get on a path to become a real airtaxi pilot and own shares in real airtaxi companies.",4000,"https://www.linkedin.com/company/neurobotx/","","[{""origin"":""GLOBAL_SEARCH_HEADER"",""companyHqGeo"":[""100459316"",""104305776"",""106155005""],""companySize"":[""B"",""C""],""industryCompanyVertical"":[""4""]}]"
"ITProfound Inc.","Software Development","Inver Grove Heights, Minnesota","The company that built over successful deliverance of gigantic applications across the US, Canada, Dubai and India. We are committed to building state of the art applications to meet today's challenges in Information Technology and help the businesses to thrive. We are a women owned company and most leaders are incredible Women, join us and excel in your passionate role.",3000,"https://www.linkedin.com/company/itprofound-inc/","","[{""origin"":""GLOBAL_SEARCH_HEADER"",""companyHqGeo"":[""100459316"",""104305776"",""106155005""],""companySize"":[""B"",""C""],""industryCompanyVertical"":[""4""]}]"
"SONAMAK","Software Development","Wilmington, DE","Sonamak is a leading software company in the middle east. Enginnering and/or devevelopment of Hi tech white label software solutions is our main scope. Sonamak App is a Medical institutions Managemnet App that is one of the market leaders.",4000,"https://www.linkedin.com/company/sonamak/","","[{""origin"":""GLOBAL_SEARCH_HEADER"",""companyHqGeo"":[""100459316"",""104305776"",""106155005""],""companySize"":[""B"",""C""],""industryCompanyVertical"":[""4""]}]"
"HUNTR (Techstars New York)","Software Development","Dubai","AI-driven labor marketplace for blue-collar workforce",25000,"https://www.linkedin.com/company/huntr-app/","","[{""origin"":""GLOBAL_SEARCH_HEADER"",""companyHqGeo"":[""100459316"",""104305776"",""106155005""],""companySize"":[""B"",""C""],""industryCompanyVertical"":[""4""]}]"
"Glamera","Software Development","Riyadh","MENA's #1 all-in-one ecosystem built exclusively for beauty and lifestyle businesses. From daily operations and point-of-sale to online bookings, owner analytics, and strategic partnerships — everything a beauty business needs to run smoother and grow faster is right here. Trusted by +3500 salons, spas, and beauty centers across 10 countries. Start your free trial today",24000,"https://www.linkedin.com/company/glameraglobal/","","[{""origin"":""GLOBAL_SEARCH_HEADER"",""companyHqGeo"":[""100459316"",""104305776"",""106155005""],""companySize"":[""B"",""C""],""industryCompanyVertical"":[""4""]}]"
"ACT Building Systems","Software Development","Washington DC, Washington DC","ACT Building Systems provide a business system for companies who want to set up, operate, or add value to an existing, state or nationwide network of customers/dealers/distributors. The business system allows roll formers, building manufacturers, and building resellers, to set up or add value to a customer/dealer/distributor network for the supply, selling, and or construction of COLD FORMED Steel Buildings ranging from 10'​ (3.0m) to 100'​ (30m) clear span. For the company setting up their network the system includes - direct payment from dealer/distributors - ability to control prices of buildings and components geographically - ability to control engineering specifications - direct communication to dealer/distributors - control credit and access level per dealer/distributor - train on new additions/procedures through systems For the dealer/distributor network the system includes; - your building business all in one location on your laptop/desktop or tablet. - a point of sales tool for use in front of customer - ability to design and engineer and endless range of buildings at touch of button - built in quotes/agreements for signing customers up - order of buildings at the click of a button - on-line payment systems for paying suppliers - news and updates",3000,"https://www.linkedin.com/company/actbuildingsystems/","","[{""origin"":""GLOBAL_SEARCH_HEADER"",""companyHqGeo"":[""100459316"",""104305776"",""106155005""],""companySize"":[""B"",""C""],""industryCompanyVertical"":[""4""]}]"
"reachware","Software Development","Riyadh, Riyadh","Reachware is a leading integration platform in the region that allows systems and data to connect and flow seamlessly. With reachware, organizations can create smarter echo system and automate their business processes to be more efficient and agile. Reachware helps your business with: - Creating Echo System by integrating all business applications with each other. - Adding more values to your customer by automating the business processes. - Scaling-up the business by eliminating all the system impediments and manual work. - Transforming the systems to be connected and on the cloud managed by reachware API Gateway. - Providing deep insights and visibility of the business performance and its data flow within the organization.",8000,"https://www.linkedin.com/company/reachware/","","[{""origin"":""GLOBAL_SEARCH_HEADER"",""companyHqGeo"":[""100459316"",""104305776"",""106155005""],""companySize"":[""B"",""C""],""industryCompanyVertical"":[""4""]}]"
"Visual AI Solutions (VAIS)","Software Development","Wilmington, Delaware","Visual and AI Solutions (VAIS) is a leading DeepTech/AgriTech company that revolutionizes precision and climate-smart agriculture with its innovative, sensor-free, AI-based approach. At the core of VAIS solutions is a proprietary virtual field probing technology that applies sophisticated machine learning algorithms on petabytes of multi-spectral (optical, thermal, SAR, etc.), multi-modal data obtained from tens of heterogenous data sources (satellites, soil models, crop models, elevation data, meteorological simulations, etc.). The technology provides ground and below ground insights with sensor-level precision without using any ground sensors, drone/aircraft-mounted sensors or any hardware in the field. It is geography-agnostic and insignificantly hindered by cloud coverage or atmospheric effects. VAIS specialized solutions are delivered through Software-as-a-Service (SaaS) platforms, accessible via both mobile and desktop applications that offer growers, agribusinesses, traders, insurers, and governments with dependable, field-level irrigation management, weather information, disease control and crop monitoring capabilities. Our products are designed to be both scalable and cost-effective, aiming to enhance the productivity, profitability, and sustainability of the agricultural sector on a global scale. The company is committed to the digitization of agricultural practices, bolstering food security, and mitigating the adverse impacts of climate change.",3000,"https://www.linkedin.com/company/visual-ai-systems/","","[{""origin"":""GLOBAL_SEARCH_HEADER"",""companyHqGeo"":[""100459316"",""104305776"",""106155005""],""companySize"":[""B"",""C""],""industryCompanyVertical"":[""4""]}]"
"SettleMint","Software Development","Leuven, Flemish Region","SettleMint provides the governance and orchestration layer between existing core financial systems and multiple blockchain networks, delivering the infrastructure required to build, deploy, and operate compliant digital asset solutions in production. Our platform, DALP (Digital Asset Lifecycle Platform) supports the full digital asset lifecycle - including issuance, compliance controls, custody integration, distribution, and secondary market enablement - allowing institutions to retain governance, regulatory compliance, and operational control while expanding across asset classes and jurisdictions. Through DALP, we enable institutions to design, launch, and operate digital asset solutions across major asset classes and blockchain networks — with the governance, compliance, and reliability required for real-world deployment.",23000,"https://www.linkedin.com/company/settlemint/","","[{""origin"":""GLOBAL_SEARCH_HEADER"",""companyHqGeo"":[""100459316"",""104305776"",""106155005""],""companySize"":[""B"",""C""],""industryCompanyVertical"":[""4""]}]"
"Pryze","Mobile Gaming Apps","Dover, Delaware","Pryze is Pakistan's first skill-based competitive gaming mobile app. We offer a curated selection of skill-based games, enabling players to compete and earn real cash rewards.",5000,"https://www.linkedin.com/company/pryzeofficial/","","[{""origin"":""GLOBAL_SEARCH_HEADER"",""companyHqGeo"":[""100459316"",""104305776"",""106155005""],""companySize"":[""B"",""C""],""industryCompanyVertical"":[""4""]}]"
"GPUNET","Software Development","Abu Dhabi,","Decentralised Network of GPUs. A universe where individuals can contribute their resources & GPU power is democratised.",22000,"https://www.linkedin.com/company/gpunet/","","[{""origin"":""GLOBAL_SEARCH_HEADER"",""companyHqGeo"":[""100459316"",""104305776"",""106155005""],""companySize"":[""B"",""C""],""industryCompanyVertical"":[""4""]}]"
"Xenea Initiative DMCC","Software Development","Dubai","Xenea is a Dubai-based global blockchain company with team members from 8 countries developing its own Layer 1 chain, the Xenea (XENE). CVC overcomes the ""separation of data and value"" problem of existing Layer 1 chains by integrating blockchain and decentralized storage, and even prevents misdelivery of the assets through an escrow function built into the consensus process. With these proprietary technologies optimized for asset storage and transfer, CROSSTECH will open up the future of asset tokenization, which is accelerating.",19000,"https://www.linkedin.com/company/xenea-initiative-dmcc/","","[{""origin"":""GLOBAL_SEARCH_HEADER"",""companyHqGeo"":[""100459316"",""104305776"",""106155005""],""companySize"":[""B"",""C""],""industryCompanyVertical"":[""4""]}]"
"MLnetworks","Software Development","United State","MLNetworks helps Telcos to design, operate and optimize their networks more intelligently through an end-to-end data platform. Proudly backed by NVIDIA, Google, 500 Global, Sanabil Investments and leaders from Airtel, Vodafone, Orange, Huawei.",3000,"https://www.linkedin.com/company/mlnetworks/","","[{""origin"":""GLOBAL_SEARCH_HEADER"",""companyHqGeo"":[""100459316"",""104305776"",""106155005""],""companySize"":[""B"",""C""],""industryCompanyVertical"":[""4""]}]"
"EngageNest","Software Development","Atlanta, GA","Welcome to EngageNest, where innovation meets communication. With headquarters in Atlanta and a global presence across other countries (India, Middle East, US and UK ) we provide comprehensive CPaaS (Communication Platform as a Service) & Telco solutions. We're not just another CPaaS company; we are the architects of the future, shaping tomorrow's communication landscape.",3000,"https://www.linkedin.com/company/engagenestinc/","","[{""origin"":""GLOBAL_SEARCH_HEADER"",""companyHqGeo"":[""100459316"",""104305776"",""106155005""],""companySize"":[""B"",""C""],""industryCompanyVertical"":[""4""]}]"
"Connixt","Software Development","Cerritos, CA","Transform your maintenance with the easiest mobile app for field crew IMARQ IS THE EASIEST WAY TO DIGITIZE & AUTOMATE YOUR PAPERWORK, PROCESS, REPORTING & COMPLIANCE Connixt’s cloud-based IoT-driven mobile apps are the fastest means for businesses to digitize and automate inspection, maintenance and safety processes for their assets, field crew and contractors. Some of the largest Utilities, Transportation companies, Construction companies, global Manufacturers and Distributors use Connixt's simple, intuitive pre-built apps to automate key processes on the field: ● Inspections & Condition Assessment ● Scheduling & Managing field crew, temp workers and contractors ● Condition Based Maintenance ● Field Operations (e.g. service tech, sales) ● Procure-to-Pay Automation: instant global supplier integration, PO and Invoice life cycle management ● iOT - Real-time asset maintenance, automated work orders The Connixt promise is simple wherever you use it - on the field, in the office, at the warehouse, in transit - integration in minutes, instant visibility and real-time intelligence, and: ● NO software or hardware to purchase. ● NO specialized portable or mobile devices. ● NO changes to your existing systems - seamless integration with multiple back-end systems. ● NO existing systems required - Connixt optionally manages your assets, schedules and workforce in the cloud. ● NO hidden costs. A simple flat fee. ● NO surprises: our customers are up and running in days.",3000,"https://www.linkedin.com/company/connixt/","","[{""origin"":""GLOBAL_SEARCH_HEADER"",""companyHqGeo"":[""100459316"",""104305776"",""106155005""],""companySize"":[""B"",""C""],""industryCompanyVertical"":[""4""]}]"
"Telepresenz","Software Development","Holmdel, New Jersey","In high-risk industrial environments, the problem is inconsistent execution in the field. Inspections vary from crew to crew. Critical steps get skipped. And when something goes wrong, there's often no clear record of what actually happened. This shows up across dropped object prevention, safety incidents, audit challenges, and operational delays. Telepresenz is built to solve this at the execution layer. We provide a unified platform that helps frontline teams follow workflows correctly, access expertise in real time, and generate complete, verifiable records of work as it happens. SmartOPS. Workflow execution, inspections, and remote collaboration. SmartITM. Training, SOP delivery, and knowledge capture in the flow of work. SmartEYE. AI-powered monitoring for safety, compliance, and anomaly detection. Telepresenz is used by industrial teams across energy, utilities, aviation, and manufacturing to move from reactive operations to consistent, measurable execution. Whether it's DROPs prevention, inspections, training, or real-time operational visibility, the goal is the same. Make frontline execution consistent, visible, and verifiable. 🔗 www.telepresenz.com",3000,"https://www.linkedin.com/company/telepresenz-official/","","[{""origin"":""GLOBAL_SEARCH_HEADER"",""companyHqGeo"":[""100459316"",""104305776"",""106155005""],""companySize"":[""B"",""C""],""industryCompanyVertical"":[""4""]}]"
"Smart Osoul","Software Development","Alexandria","We are a specialized provider of integrated software solutions helping organizations improve performance streamline operations and enhance operational efficiency with over 20 years of experience in the IT industry Smart Osoul delivers a comprehensive range of solutions including: 🔹 ERP Systems 🔹 Accounting Software 🔹 Inventory & Sales Management Solutions 🔹 Custom Software Development 🔹 IT Support",3000,"https://www.linkedin.com/company/smart-osoul/","","[{""origin"":""GLOBAL_SEARCH_HEADER"",""companyHqGeo"":[""100459316"",""104305776"",""106155005""],""companySize"":[""B"",""C""],""industryCompanyVertical"":[""4""]}]"
"KINNOVIA","Embedded Software Products","Munich, Bayern","At Kinnovia, we’re pioneering innovation at the convergence of Software-Defined Vehicles (SDV), Internet of Things (IoT), and Artificial Intelligence(AI) to drive the future of smart, connected, and autonomous ecosystems.",18000,"https://www.linkedin.com/company/kinnovia/","","[{""origin"":""GLOBAL_SEARCH_HEADER"",""companyHqGeo"":[""100459316"",""104305776"",""106155005""],""companySize"":[""B"",""C""],""industryCompanyVertical"":[""4""]}]"
"Certinal","Software Development","Wilmington, Delaware","Certinal is the Trust, Consent & Compliance Platform built for healthcare. We help hospitals and health systems digitize the trust-heavy workflows that shape patient experience: consent, e-signature, authorization, forms, identity verification, intake, and audit evidence. The result is less paperwork, lighter administrative load, and auditable, trusted workflows across every patient touchpoint. Most healthcare organizations run these workflows across five to seven disconnected systems: paper forms, generic e-signature tools, spreadsheet tracking, intake portals that never reach the EMR, and privacy platforms that know nothing about clinical care. Certinal replaces all of it with one platform, one audit trail, one system of record. Five integrated modules sit on a shared foundation of one patient identity, one versioned purpose registry, and one immutable audit trail: ConsentMap maps every data element, system, and processing activity, your Record of Processing Activities. ConsentFlow configures purposes and collects consent across web, mobile, kiosks, APIs, and e-signature, with guided flows for minors, guardians, surgical, telehealth, and research consent. ConsentRights is the operational system of record: a patient directory, linked consent records, and a jurisdiction-aware rights engine. ConsentGovern makes compliance the default, with vendor tracking, stop-processing cascades, and regulator-ready exports. ConsentPrincipal lets patients complete intake, sign, view consents, and track requests in real time. Unlike generic privacy tools and e-signature point solutions, Certinal is built for the intersection of patient experience and regulatory compliance. Clinical workflows, EMR integration, and healthcare data categories are native, serving HIPAA, DPDP, GDPR, PDPA, and NABH from one foundation. One platform. Every patient. Every purpose. Every jurisdiction.",2000,"https://www.linkedin.com/company/certinal/","","[{""origin"":""GLOBAL_SEARCH_HEADER"",""companyHqGeo"":[""100459316"",""104305776"",""106155005""],""companySize"":[""B"",""C""],""industryCompanyVertical"":[""4""]}]"
"Fintesa (500 Global S23)","Software Development","San Francisco, California","Finesea is a SaaS platform that allows any business to compliantly collect payments in over 190 countries for their products, and services - in just 10 minutes.",3000,"https://www.linkedin.com/company/fintesa-firm/","","[{""origin"":""GLOBAL_SEARCH_HEADER"",""companyHqGeo"":[""100459316"",""104305776"",""106155005""],""companySize"":[""B"",""C""],""industryCompanyVertical"":[""4""]}]"
"Hloov (/hluːv/)","Software Development","Dubai","As the Earth continues to face the ruinous challenge of global warming, the Built Environment is responsible for over one-third of global energy consumption and nearly 40% of direct and indirect CO2 emissions. In addition, by 2025, the world population is projected to reach 8 billion and about 10 billion by 2050. To accommodate this growth while minimizing the adverse environmental effects of the built environment, we will need a paradigm shift in how we Design, Build, Operate, and Use the built environment assets like buildings, bridges, roads, among others. Hloov intends to lead this paradigm shift by reimagining the built environment with data science. Hloov is a pioneer in human-centric Artificial Intelligence for the built environment that empowers people to minimize waste and achieve goals. To create a better future for ourselves and future generations, we at Hloov believe that we need to change our approach towards solving complex built environment challenges that we face today and the ones expected in the future. We believe that the best way to achieve this is by empowering people with data science, cutting-edge technology, and innovative design thinking with a human-centric approach. In a world where ‘change is the only constant, Hloov is all about evolution through revolution. Word Hloov originates from the ancient Asian language – Hmong, which translates to “Change.” “Be the change that you wish to see in the world.” ― Mahatma Gandhi Creative, strategic, and forward-thinking individuals are needed to solve real-world problems. You will find yourself collaborating with other like-minded team members on a journey to solve complex design challenges that arise within our industry’s ever-changing landscape. Be part of the change, and “Be You at Hloov.” Learn more: www.hloov.com/about",19000,"https://www.linkedin.com/company/hloov/","","[{""origin"":""GLOBAL_SEARCH_HEADER"",""companyHqGeo"":[""100459316"",""104305776"",""106155005""],""companySize"":[""B"",""C""],""industryCompanyVertical"":[""4""]}]"
"Embedded Meetup","Software Development","Cairo, Egypt","Connecting professionals working in the embedded systems industry. Join us for networking events, workshops, and resources to advance your career in embedded software engineering.",20000,"https://www.linkedin.com/company/embeddedmeetup/","","[{""origin"":""GLOBAL_SEARCH_HEADER"",""companyHqGeo"":[""100459316"",""104305776"",""106155005""],""companySize"":[""B"",""C""],""industryCompanyVertical"":[""4""]}]"
