source,company_name,country,company_industry,categories,company_location,address,company_description,shortAbout,linkedin_followers,domain,linkedin_company_url,linkedin_search_term,linkedin_search_params,id,code,title,createdAt,updatedAt,logo,hidden,highlights,locationLng,locationLat,invitationCode,isActive,emails,phones,geography_status,geography_confidence,geography_evidence,review_reason
linkedin,Software Group,Bulgaria,Software Development,,Sofia,,"Software Group is a global technology company specialized in digitalization and integration solutions for financial service providers. We help FSPs successfully go through the process of digital transformation, extend their outreach and improve operational efficiency. Founded in 2009 and headquartered in Sofia, Bulgaria, Software Group currently serves a worldwide client base in more than 70 countries from 9 regional offices located in Australia, Bulgaria, Egypt, Ghana, India, Kenya, Mexico, the Philippines and the USA. Visit us at: https://www.softwaregroup.com",,23000,,https://www.linkedin.com/company/software-group-bg-ltd/,softwarese,"[{""keywords"":""softwarese"",""origin"":""FACETED_SEARCH"",""spellCorrectionEnabled"":""true"",""companyHqGeo"":[""106155005"",""100459316"",""104305776""]}]",,,,,,,,,,,,,,,review_non_mena,medium,Sofia,"Source location resolves to Bulgaria, outside the configured MENA scope."
linkedin,Software Interactive,Poland,Software Development,,"Gliwice, Silesia",,"Tworzymy dedykowane systemy IT wspierające rozwój biznesu – od nowoczesnych CRM-ów z AI po zaawansowane rozwiązania R&D. Pomagamy firmom spoza branży IT automatyzować procesy, porządkować dane i podejmować lepsze decyzje w oparciu o technologię. Łączymy inżynierię oprogramowania, sztuczną inteligencję i realne potrzeby biznesu.",,3000,,https://www.linkedin.com/company/softintgliwice/,softwarese,"[{""keywords"":""softwarese"",""origin"":""FACETED_SEARCH"",""spellCorrectionEnabled"":""true"",""companyHqGeo"":[""106155005"",""100459316"",""104305776""]}]",,,,,,,,,,,,,,,review_non_mena,medium,"Gliwice, Silesia","Source location resolves to Poland, outside the configured MENA scope."
linkedin,Dynamo Software,United States,Financial Services,,"Watertown, MA",,"Since 1998, the Dynamo team and its Client Services and Support organization have worked alongside fund managers, institutional investors, and service providers to identify and solve key challenges in the alternative investments ecosystem. Today, we are proud to offer a complete investment management platform that is configurable, cloud-based, automated, and versatile. GPs and Deal Teams use our platform for: -Deal Management & CRM -Investor Relations & Fundraising -Portfolio Monitoring & ESG -Fund & Investment Accounting -Investor Portal Communications LPs and Asset Allocators use our platform for: -Research Management -Stakeholder Communications -Portfolio Management All users can leverage Dynamo mobile for on-the-go access, an ecosystem of service providers, flexible integration capabilities, and time-saving data automation. Our clients include: -Private Equity -Venture Capital -Hedge Funds -Corporate Development -Investment Banking -Real Estate -Endowments & Foundations -Family Office -Pensions -Asset Managers -Funds of Funds -Insurance Our product stack sets us apart from the competition with dynamic, interactive data visualizations and drill-through capabilities, third-party integration and API data sourcing, integrated compliance reporting for FACTA, KYC, ILPA, and more, and a firm-wide single source of truth database for research, performance metrics, activities, insights, and document management. Dynamo is a global company, with six offices worldwide. Find us in the U.S., England, Bulgaria, Singapore, UAE, and Hong Kong. Dynamo is the end-to-end cloud platform every alternative investments firm needs. With Dynamo, there is a better way to take control of your investment insights. We’re ready to show you how. Learn why Dynamo is trusted by thousands of customers worldwide.",,12000,,https://www.linkedin.com/company/dynamo-software/,softwarese,"[{""keywords"":""softwarese"",""origin"":""FACETED_SEARCH"",""spellCorrectionEnabled"":""true"",""companyHqGeo"":[""106155005"",""100459316"",""104305776""]}]",,,,,,,,,,,,,,,review_non_mena,medium,"Watertown, MA","Source location resolves to United States, outside the configured MENA scope."
linkedin,Botree Software International Pvt. Limited,India,Software Development,,"Chennai, Tamilnadu",,"We make it easy for businesses to streamline operations, make data-driven decisions, and boost sales with our robust suite of products. With over 25+ years of industry experience, we have been enabling businesses across diverse verticals to drive revenue velocity, automate distribution, and enhance retail execution. Head over to our website to learn more about us - https://botreesoftware.com/?utm_source=linkedin&utm_medium=social&utm_campaign=About_Us",,16000,,https://www.linkedin.com/company/botree-software-international-pvt-limited/,softwarese,"[{""keywords"":""softwarese"",""origin"":""FACETED_SEARCH"",""spellCorrectionEnabled"":""true"",""companyHqGeo"":[""106155005"",""100459316"",""104305776""]}]",,,,,,,,,,,,,,,review_non_mena,medium,"Chennai, Tamilnadu","Source location resolves to India, outside the configured MENA scope."
linkedin,Curawella - Healthcare Software Company,United States,Hospitals and Health Care,,"San Francisco, California",,"The experience we have today is confusing & sometimes painful. And we all deserve better. Curawella Digital Healthcare Company was founded in 2018 and launched to the public in 2020 to provide solutions for healthcare existing pain and needs in a digitalized way. At Curawella, we aim to overhaul and improve the entire physician-patient experience and enhance Medicines marketing.",,4000,,https://www.linkedin.com/company/curawella/,softwarese,"[{""keywords"":""softwarese"",""origin"":""FACETED_SEARCH"",""spellCorrectionEnabled"":""true"",""companyHqGeo"":[""106155005"",""100459316"",""104305776""]}]",,,,,,,,,,,,,,,review_non_mena,medium,"San Francisco, California","Source location resolves to United States, outside the configured MENA scope."
linkedin,Dew Software,United States,Software Development,,"Fremont, California",,"At Dew Software, we are a leading player in the Digital Transformation space, empowering businesses to thrive in the rapidly evolving digital landscape. With over 25 years of industry expertise, we deliver innovative solutions and services to Fortune 500 companies, driving their growth and success. As a CMMi Level 3 and ISO certified organization, we are committed to excellence, quality, and customer satisfaction. Our robust processes and stringent quality standards ensure that we deliver exceptional outcomes for our clients, consistently exceeding their expectations. We specialize in end-to-end Quality Assurance and transformation services, helping our clients achieve superior software quality and optimize their development processes. With a global presence and 14 development centers spanning 9 countries, our organization brings together diverse talent and expertise from around the world. We foster a collaborative and inclusive work culture that encourages creativity, innovation, and continuous learning. At Dew Software, we are experts in the Build Operate Transfer (BOT) model, providing comprehensive solutions that enable seamless transitions from project initiation to full-scale operations. Our expertise in BOT ensures that our clients can quickly establish their technology operations and effectively manage their IT assets for long-term success. We believe in the power of digital transformation to revolutionize industries and drive positive change. We leverage cutting-edge technologies, such as AI, cloud computing, and data analytics, to help our clients optimize their operations, enhance customer experiences, and stay ahead in today's competitive market. Join our talented team of professionals who are passionate about making a difference. At Dew Software, you'll have the opportunity to work on exciting projects, collaborate with industry leaders, and unleash your full potential. Be a part of our journey in shaping the future of digital transformation",,86000,,https://www.linkedin.com/company/dewsoftware/,softwarese,"[{""keywords"":""softwarese"",""origin"":""FACETED_SEARCH"",""spellCorrectionEnabled"":""true"",""companyHqGeo"":[""106155005"",""100459316"",""104305776""]}]",,,,,,,,,,,,,,,review_non_mena,medium,"Fremont, California","Source location resolves to United States, outside the configured MENA scope."
linkedin,Daffodil Software,United States,IT Services and IT Consulting,,"Grandville, MI",,"Daffodil Software is a leading software engineering partner that’s empowering 100+ organizations across the globe with innovative solutions, unparalleled execution capabilities and unwavering focus on customer satisfaction. With our core in tech agility & process orientation, we help businesses evolve & elevate their value proposition & look beyond technology. Why Choose Daffodil? CMMI Level 3 Accredited Organization 1200+ Technologists 1000+ Customers Served 20+ Years of Expertise 4.8 Av. CSAT Score",,86000,,https://www.linkedin.com/company/daffodil-software-ltd-/,softwarese,"[{""keywords"":""softwarese"",""origin"":""FACETED_SEARCH"",""spellCorrectionEnabled"":""true"",""companyHqGeo"":[""106155005"",""100459316"",""104305776""]}]",,,,,,,,,,,,,,,review_non_mena,medium,"Grandville, MI","Source location resolves to United States, outside the configured MENA scope."
linkedin,Avidia Software,United States,Software Development,,"Raleigh, North Carolina",,People and Payroll Management Software HR | Payroll | Performance | Time | Onboarding | Analytics,,6000,,https://www.linkedin.com/company/avidia-software/,softwarese,"[{""keywords"":""softwarese"",""origin"":""FACETED_SEARCH"",""spellCorrectionEnabled"":""true"",""companyHqGeo"":[""106155005"",""100459316"",""104305776""]},{""origin"":""GLOBAL_SEARCH_HEADER"",""companyHqGeo"":[""100459316"",""104305776"",""106155005""],""companySize"":[""B"",""C""],""industryCompanyVertical"":[""4""]}]",,,,,,,,,,,,,,,review_non_mena,medium,"Raleigh, North Carolina","Source location resolves to United States, outside the configured MENA scope."
linkedin,Sigma Software,United Kingdom,Software Development,,London,,"Sigma Software, an award-winning and trusted IT partner, has been serving customers for over 24 years, providing comprehensive IT solutions to various businesses, ranging from startups to established software product houses. As one of Europe's substantial IT consultancies, it brings together a dedicated workforce of over 2,000 professionals in 20+ countries. With a diverse client base, including more than 300 enterprises, including Fortune 500 stalwarts, Sigma Software is a preferred choice for developing solutions that help businesses create cutting-edge products while meeting their unique needs. Sigma Software operates as a dynamic ecosystem of tech companies, offering 25 ready-to-implement innovative products and 40+ value-added services. Furthermore, Sigma Software is committed to fostering innovation through initiatives such as the Sigma Software Labs business incubator, Sigma Software University, the SID Venture Partners VC Fund, UA Tech Network, Techosystem, the European Business Association, and other collaborative efforts. Since 2002, Sigma Software has consistently earned recognition on the IAOP's prestigious World's Top 100 Outsourcing list. The company's accomplishments have also been acknowledged by prominent global media outlets such as Forbes, CNBC, The Times, and Reuters.",,143000,,https://www.linkedin.com/company/sigma-software-page/,softwarese,"[{""keywords"":""softwarese"",""origin"":""FACETED_SEARCH"",""spellCorrectionEnabled"":""true"",""companyHqGeo"":[""106155005"",""100459316"",""104305776""]}]",,,,,,,,,,,,,,,review_non_mena,medium,London,"Source location resolves to United Kingdom, outside the configured MENA scope."
linkedin,Lepton Software,India,IT Services and IT Consulting,,"Gurgaon, Haryana",,"Lepton Software is a pioneering force in geospatial intelligence, renowned for its innovative technology solutions tailored for the telecommunications industry and extending its expertise across diverse sectors. Our advanced GIS solutions, digital twins, remote sensing, RF mapping (2D, 2.5D, & 3D), and location-based services empower businesses to make informed decisions and optimize operations. Industry Focus: We specialize in tailored geospatial solutions for: - Telecommunications: End-to-end 5G and Fiber/FTTx network planning, deployment, and optimization. - Government and Defence - BFSI (Banking, Financial Services, and Insurance) - FMCG and Retail - Automobile - Logistics - Restaurants and Food Key Products: - NetworkAccess: A unified platform for telecommunication businesses, encompassing four main modules: # NetworkAccess SmartPlanner: End-to-End Fiber/FTTx Network Planning # NetworkAccess SmartInventory: Fiber Network Inventory Management # NetworkAccess SmartOPS: Workforce Management Tool # NetworkAccess SmartSQ: End-to-End Feasibility Checks # NetworkAccess SmartSignal: Create a Digital Twin of Telco Network - rfMAP (2D & 3D): Advanced mapping for network planning, navigation, risk mitigation, and smart city planning. - neo360: Geo-analytics platform for visualizing and deriving insights from data correlations. - Lepton Maps API: Enhances mapping experiences with advanced analytics. - SmartMarket: Business intelligence tool for visualizing and analyzing business data. - Lepton SmartData: Data as a Service (DaaS) for leveraging spatial datasets in decision-making. Partnership with Google: For over 12 years, Lepton Software has been the preferred technology partner for the Google Maps Platform in India, enhancing our geospatial offerings with cutting-edge mapping technology.",,119000,,https://www.linkedin.com/company/lepton-software/,softwarese,"[{""keywords"":""softwarese"",""origin"":""FACETED_SEARCH"",""spellCorrectionEnabled"":""true"",""companyHqGeo"":[""106155005"",""100459316"",""104305776""]}]",,,,,,,,,,,,,,,review_non_mena,medium,"Gurgaon, Haryana","Source location resolves to India, outside the configured MENA scope."
linkedin,Interact Software,United Kingdom,Software Development,,Manchester,,"Interact delivers enterprise-grade intranet software to over 1,000 customers and millions of employees worldwide. Our mission is to inform and connect every organization's greatest asset: its people. For more than 15 years, Interact has worked with organizations such as Levi Strauss & Co., New York Life, Teva Pharmaceuticals, and Domino’s to deliver outstanding intranet experiences. Interact has offices in New York, Tulsa, and Manchester and operates across North America, EMEA, and Australia.",,25000,,https://www.linkedin.com/company/interactsoftware/,softwarese,"[{""keywords"":""softwarese"",""origin"":""FACETED_SEARCH"",""spellCorrectionEnabled"":""true"",""companyHqGeo"":[""106155005"",""100459316"",""104305776""]}]",,,,,,,,,,,,,,,review_non_mena,medium,Manchester,"Source location resolves to United Kingdom, outside the configured MENA scope."
linkedin,Profile Software,Greece,Software Development,,Athens,,"Founded in 1990, Profile Software is a specialised financial software solutions provider with offices in key financial centers and a presence in 50+ countries across Europe, the Middle East, Asia, Africa and the Americas delivering market-proven solutions to the Investment Management and Banking industries. Profile Software is recognised as an established and trusted partner by international industry-specific advisory firms.",,21000,,https://www.linkedin.com/company/profile-software/,softwarese,"[{""keywords"":""softwarese"",""origin"":""FACETED_SEARCH"",""spellCorrectionEnabled"":""true"",""companyHqGeo"":[""106155005"",""100459316"",""104305776""]}]",,,,,,,,,,,,,,,review_non_mena,medium,Athens,"Source location resolves to Greece, outside the configured MENA scope."
linkedin,Lakshya Software Technologies Pvt. Ltd.,India,IT Services and IT Consulting,,"Hyderabad, Telangana",,"With extensive experience spanning across different industries and regions, we offer specialized services to clients globally. Our ability to adapt to regional customs and preferences enables us to solve the most complex problems for our clients, while delivering exceptional results. At Lakshya Software Technologies, our singular focus is to achieve the best possible outcome for our clients. To achieve this, we are willing to make tough decisions and explore essential perspectives that offer simple yet timeless solutions, both differentiated and relevant. As a company with a significant presence in both domestic and international markets, we have over 80 full-time employees in-house, as well as 240+ employees working at various client locations. Our customer-oriented approach has earned us a valuable place in our customers' hearts. We invest our time and resources in two key areas: recruiting the right talent and executing our products to the highest standards. Our services are customer-centric, including application development and support, maintenance, application testing, designing and implementation, and talent acquisition. With our proven track record of providing high-quality solutions, we are confident in our ability to deliver customized solutions that meet the unique needs and requirements of our clients. At Lakshya, we strive to develop strong relationships with our clients, working collaboratively to achieve their goals and objectives.",,29000,,https://www.linkedin.com/company/lakshya-software-technologies/,softwarese,"[{""keywords"":""softwarese"",""origin"":""FACETED_SEARCH"",""spellCorrectionEnabled"":""true"",""companyHqGeo"":[""106155005"",""100459316"",""104305776""]}]",,,,,,,,,,,,,,,review_non_mena,medium,"Hyderabad, Telangana","Source location resolves to India, outside the configured MENA scope."
linkedin,ATIS Software Factory,Switzerland,IT Services and IT Consulting,,"Zug, ZG",,"ATIS is a Software House specialized in the design, development, and integration of custom software solutions. We are headquartered in Switzerland. Since 2013 we have been a visionary and a reliable software engineering partner for world-class brands in Europe and the USA. Our international team of 120 + helps over 100 customers and 90% of our customers choose us for long-term collaborations. We are experienced in travel and hospitality, fintech, retail, MedTech, fashion, education, game development, sport, media & entertainment. We follow the best open source technologies and always stay up-to-date with the latest trends of the community. Main Technology Platforms we work with: JavaScript frameworks like Angular, React and VueJS. - PHP (Laravel)- Java (Spring/Spring Boot)- C Sharp (.NET Core) –NodeJS - React Native - Java for Android – Kotlin – Swift – WooCommerce - Prestashop - Drupal - Magento. ATIS is your perfect destination for digital transformation as well as career empowerment.",,17000,,https://www.linkedin.com/company/atis-software-factory/,softwarese,"[{""keywords"":""softwarese"",""origin"":""FACETED_SEARCH"",""spellCorrectionEnabled"":""true"",""companyHqGeo"":[""106155005"",""100459316"",""104305776""]}]",,,,,,,,,,,,,,,review_non_mena,medium,"Zug, ZG","Source location resolves to Switzerland, outside the configured MENA scope."
linkedin,Advancis Software & Services,Germany,IT Services and IT Consulting,,"Langen, Hessen",,"Advancis is a global leader in the PSIM industry with offices and partners around the globe. The company was founded in 1994 with the goal of developing a command & control management platform to unify disparate security systems and to provide real time incident handling for security control rooms. WinGuard PSIM from Advancis is a highly stable, scalable and sophisticated, open architecture command & control platform for security and building integration. We work closely in partnership with an ever expanding community of security system and equipment manufacturers from around the world to ensure the integration and compatibility with WinGuard. There are already over 500 interfaces available. Our community of certified partners deploys WinGuard to integrate and unify security, automation, IT and communication systems for centralised, real time event management and communication. Most essentially WinGuard provides operators with an instant picture of full situational analysis for decision making, command and control of all systems as well as dynamic and interactive handling procedures for live security incidents via the control room as well as in the field for mobile security agents. WinGuard is sold via a network of security, automation and IP specialists in over 70 countries at projects of various sizes and complexity. Many of these protect national and critical infrastructure or corporate security such as data centres, banks headquarters, correctional facilities, railway infrastructure, airports, pharma, oil & gas and in sports arenas and stadiums. Our mission is to offer the most stable and innovative PSIM solution on the market that provides the benefits of open architecture, cost efficiency and scalability as well as to provide high levels of support throughout a projects life cycle. Advancis is an ISO 9001 certified company.",,7000,,https://www.linkedin.com/company/advancis-software/,softwarese,"[{""keywords"":""softwarese"",""origin"":""FACETED_SEARCH"",""spellCorrectionEnabled"":""true"",""companyHqGeo"":[""106155005"",""100459316"",""104305776""]}]",,,,,,,,,,,,,,,review_non_mena,medium,"Langen, Hessen","Source location resolves to Germany, outside the configured MENA scope."
linkedin,Amrut Software,India,Software Development,,"Mumbai, Maharashtra",,"Amrut Software is a leading provider of customer-centric solutions, empowering companies to gain a sustainable competitive advantage. We are India's premier Atlassian Enterprise Platinum Partner and Cloud First Solutions provider. With a legacy of excellence since 2004, our comprehensive solutions cater to diverse industries, from Fortune 500 companies to SMEs, ensuring businesses of all sizes benefit from our expertise. Headquartered in Mumbai, we serve global clients from our operations in India and the UAE. Our services encompass software and IT services, consulting, app & plugin development, customization, configuration, migration, resource augmentation, integration, workflow management, and digital commerce. Transforming together with Atlassian, JetBrains, Nagios, Monday.com, GitHub, Gitlab, Smartbear, Zendesk, JFrog, Sentry, TechSmith, ClickUp, CloundBees, Freshworks, Site24*7, Sencha",,10000,,https://www.linkedin.com/company/amruts-software/,softwarese,"[{""keywords"":""softwarese"",""origin"":""FACETED_SEARCH"",""spellCorrectionEnabled"":""true"",""companyHqGeo"":[""106155005"",""100459316"",""104305776""]}]",,,,,,,,,,,,,,,review_non_mena,medium,"Mumbai, Maharashtra","Source location resolves to India, outside the configured MENA scope."
linkedin,Finonyx Software Solutions Pvt Ltd,India,IT Services and IT Consulting,,"Bangalore, KA",,"About Us For more than 15 years, Finonyx Software Solutions has stood beside banks and financial institutions as they navigate the ever-changing world of technology. As a trusted Oracle Partner, we bring deep expertise in Oracle Financial Services consulting, implementation, customization, and support - helping our clients move forward with confidence in their digital transformation journeys. Our solutions span Digital Banking, WhatsApp Banking, Digital Onboarding, Document Management, Alert Management, EOD Automation, and Quantum Bus integration - each built with one goal in mind: making banking simpler, faster, and more human for the people who use it every day. Today, more than 50 financial institutions across Africa, the Middle East, Asia, and the Caribbean trust Finonyx as a partner who shows up not just at the start of a project, but for the long run. What We Excel At / Areas of Expertise Empowering Financial Institutions through Digital Banking Transformation, Oracle Financial Services Expertise, Core Banking Modernization, Cloud & Managed Services, Islamic Banking Solutions, Governance, Risk & Compliance (GRC), Enterprise Risk Management, Financial Crime Prevention, Cybersecurity Operations (NOC & SOC), Intelligent Document Management, Enterprise Integration, Custom Software Development, and Banking Process Automation",,10000,,https://www.linkedin.com/company/finonyx-software-solutions-pvt-ltd/,softwarese,"[{""keywords"":""softwarese"",""origin"":""FACETED_SEARCH"",""spellCorrectionEnabled"":""true"",""companyHqGeo"":[""106155005"",""100459316"",""104305776""]}]",,,,,,,,,,,,,,,review_non_mena,medium,"Bangalore, KA","Source location resolves to India, outside the configured MENA scope."
linkedin,Cylsys Software Solution Pvt Ltd.,India,IT Services and IT Consulting,,"Mumbai, MH",,"Cylsys is a focused engineering firm that specialises in tackling IT Solutions. Our USP is high quality, fail-safe software. Our team of young experts loves challenges and doesn’t believe in run-of-the-mill answers. Some of the recent projects we’ve handled are a testimony to our promise. We’ve created a content reader for Wolters Kluwer, USA - It’s a next generation iPAD/Android based reader for medical and scientific journals. About 350 journals goes live to the reader. We’ve put in a payment gateway, given digital rights management capabilities and added a host of other features that make it more user-friendly than you can imagine. Its comprehensive advertisement platform that has micro-targeting capabilities; carries context-aware, rich multimedia adverts; has sophisticated usage analytics to study user behavior and frequently read articles; and supports online interactions between peers, users and advertisers. We’ve designed application integration software that enables applications running on different servers to talk to each other. For isntance Mumbai International Airport, it runs a main frame server that supports the administrative operations of the airport. It also runs a parallel Gate Operating System that is responsible for guiding an airplane to its parking bay. It is very useful for these two systems to communicate with each other, but they can’t because they operate with completely different architecture.",,10000,,https://www.linkedin.com/company/cylsys-software-solution-pvt-ltd/,softwarese,"[{""keywords"":""softwarese"",""origin"":""FACETED_SEARCH"",""spellCorrectionEnabled"":""true"",""companyHqGeo"":[""106155005"",""100459316"",""104305776""]}]",,,,,,,,,,,,,,,review_non_mena,medium,"Mumbai, MH","Source location resolves to India, outside the configured MENA scope."
linkedin,Ezulix Software,India,IT Services and IT Consulting,,"Gurugram, Haryana",,"Ezulix | Global Technology, AI & Digital Transformation Partner Ezulix is a global technology consulting and software development company specializing in custom software development, AI solutions, and digital transformation services for startups, scale-ups, and enterprises worldwide. With 10+ years of experience and 1500+ successful project deliveries, we help businesses build, scale, and modernize high-performance digital products across the US, UK, UAE, and global markets. We deliver end-to-end software development services, including web and mobile app development, SaaS product engineering, enterprise software solutions (ERP/CRM), cloud application development, and business process automation. Our expertise in Artificial Intelligence (AI), Machine Learning (ML), agentic AI, AI chatbots, data analytics, and intelligent automation enables organizations to improve efficiency, reduce costs, and unlock new revenue streams. From MVP development for startups to enterprise application modernization and legacy system upgrades, Ezulix combines technology consulting, product strategy, UI/UX design, and agile development to deliver scalable, secure, and future-ready solutions. Core Capabilities: Custom Software Development • Mobile App Development • Web Development • SaaS Development • Enterprise Software (ERP/CRM) • AI & ML Solutions • AI Chatbots & Automation • Cloud Computing • API Integrations • UI/UX Design • Digital Transformation • Product Engineering Who We Partner With: Startups • Scale-ups • Enterprises • Founders & Product Teams • Funded Ventures • Global Businesses • Agencies & Consulting Firms At Ezulix, we don’t just build software — we deliver scalable digital platforms, AI-powered systems, and technology solutions that drive measurable business growth and long-term success.",,9000,,https://www.linkedin.com/company/ezulix-software/,softwarese,"[{""keywords"":""softwarese"",""origin"":""FACETED_SEARCH"",""spellCorrectionEnabled"":""true"",""companyHqGeo"":[""106155005"",""100459316"",""104305776""]}]",,,,,,,,,,,,,,,review_non_mena,medium,"Gurugram, Haryana","Source location resolves to India, outside the configured MENA scope."
linkedin,Techlene Software Solutions Pvt. Ltd.,India,IT Services and IT Consulting,,"Indore, Madhya Pradesh",,"Techlene is a leading ERP software, enterprise technology, and digital transformation company headquartered in Indore, India. We specialize in delivering intelligent ERP solutions, business automation platforms, cloud applications, and advanced data-driven technologies that help businesses, industries, and educational institutions streamline operations, improve efficiency, and accelerate growth. At Techlene, we combine enterprise software expertise with modern technologies including AI, Big Data Analytics, Cloud Computing, Machine Learning, Business Intelligence, Mobile Applications, and Custom Software Development to build scalable and future-ready digital ecosystems. Our solutions are designed to connect departments, automate workflows, optimize resources, and provide real-time business insights for smarter decision-making. We empower manufacturers, trading companies, healthcare organizations, retailers, educational institutions, and service businesses with integrated ERP platforms covering finance, accounting, inventory, procurement, HR & payroll, production planning, CRM, sales, asset management, analytics, and operational management. Our specialized ERP and business software solutions include: • Manufacturing ERP Software • Trading & Distribution ERP Software • Industrial ERP Solutions • HR & Payroll Management Software • Hospital Management Systems • School & College ERP Software • Retail & POS Software • Inventory & Warehouse Management • CRM & Business Automation Solutions Techlene has successfully implemented ERP and enterprise solutions across diverse industries including manufacturing, healthcare, education, retail, construction, electronics, plastics, furniture, steel trading, logistics, and professional services. In addition to ERP products, we provide end-to-end IT and software services including: • Custom Software Development • Enterprise Web Applications • Mobile App Development • Cloud-Based Solutions • Business Intelligence & Analytics",,9000,,https://www.linkedin.com/company/techlene/,softwarese,"[{""keywords"":""softwarese"",""origin"":""FACETED_SEARCH"",""spellCorrectionEnabled"":""true"",""companyHqGeo"":[""106155005"",""100459316"",""104305776""]}]",,,,,,,,,,,,,,,review_non_mena,medium,"Indore, Madhya Pradesh","Source location resolves to India, outside the configured MENA scope."
linkedin,Tactive Software Systems (P) Ltd,India,IT Services and IT Consulting,,"Erode, Tamil Nadu",,"A complete construction ERP software built on a unified platform delivering unparalleled solutions to meet your project management needs. Get real-time visibility & control over your 5Ms. (Men, Material, Money, Minutes, Machinery)",,9000,,https://www.linkedin.com/company/tactivesoft/,softwarese,"[{""keywords"":""softwarese"",""origin"":""FACETED_SEARCH"",""spellCorrectionEnabled"":""true"",""companyHqGeo"":[""106155005"",""100459316"",""104305776""]}]",,,,,,,,,,,,,,,review_non_mena,medium,"Erode, Tamil Nadu","Source location resolves to India, outside the configured MENA scope."
linkedin,Zyple Software Solutions Pvt Ltd | SAP Business One Partner,India,Software Development,,"Bangalore, Karnataka",,"Zyple Software is an official SAP Business One Partner providing SAP Business One ERP services like SAP implementation, integration, add-ons, license, Support and digital transformation with SAP solutions to Businesses or industries around the globe. - Construction ERP (Infrastructure, Civil engineering, builders, Real Estate, Road & bridge, Concrete) - Manufacturing ERP - Pharmaceutical ERP - Process Industries ERP - Trading/Retail ERP - Textile ERP - Aerospace and defense ERP - Food & Beverage ERP - Oil & Gas industry ERP - Electronics industry ERP - Education ERP - Healthcare ERP - Dairy ERP - Jewellery ERP - ERP for Professional Services - Agriculture industry ERP - logistics ERP - Packaging industry ERP - Rental ERP - Steel & Wire industry ERP - Sugar & Distillery industry ERP - Chemical industry ERP - Procurement ERP - Paints & Pigments industry ERP - Sports ERP Investing in next-gen services and technology like SAP Business One HANA, HRMS, windows app, mobile app development, website design is a smart business call. If you are still not sure where to start – let’s Talk, Businesses are rapidly going digital and automating their business processes to drive customer satisfaction, make real-time decisions, reduce cost, and manage risk. They’re seeking business automation services to manage all their vital business functions. As a strategic partner of choice for over the years, Zyple Software Solutions helps businesses to achieve real business outcomes. With industry-specific expertise and automating your business processes with IoT, Robotics Machine Learning, SAP Business One (HANA / MS SQL), etc, we help our clients on their digital transformation journeys and modernize their business processes to rapidly solve their business problems. if you are interested in SAP B1 services, contact with zyple software team.",,8000,,https://www.linkedin.com/company/zyple-software/,softwarese,"[{""keywords"":""softwarese"",""origin"":""FACETED_SEARCH"",""spellCorrectionEnabled"":""true"",""companyHqGeo"":[""106155005"",""100459316"",""104305776""]}]",,,,,,,,,,,,,,,review_non_mena,medium,"Bangalore, Karnataka","Source location resolves to India, outside the configured MENA scope."
linkedin,Micropro Software Solutions Limited,India,IT Services and IT Consulting,,"Nagpur, Maharashtra",,"Micropro Software Solutions Limited, established in 1988, is an ISO 9001:2015, ISO/IEC 27001:2022, and ISO/IEC 20000-1:2018 certified company, with CMMI Level 5 certification. It has offices in Nagpur, India, and Sharjah, UAE. For the past three decades, Micropro has been an eminent name in the software development business, with expertise in providing Turnkey IT solutions in various fields, including accounting, Manufacturing, Healthcare, Administration, Academics, and Customer-Specific solutions, as well as allied services such as infrastructure management, Hardware supply, and network. Micropro has a Major presence in Central India, Middle East, and Southeastern Africa. The organization is backed by a team of 150+ highly skilled professionals serving over 1500+ clients across India and the Middle East in various verticals like Public Sector, Healthcare, Education, Automobile, Real Estate, and Textile. We have achieved higher customer satisfaction throughout the Domestic & Global market with our industry-proven implementation methodology that ensures quick implementation of the software application ensuring a reduced payback period for the client. All our Solutions are also available in 'Software as a Service'​ (SaaS) Model so that the clients can reduce initial expenditure incurred on IT Infrastructure and avail 'Pay as you use'​ facility. Driven by our vision of providing consistent and innovative IT solutions we focus on delivering great customer experiences. At Micropro we are constantly trying to improve Clients business processes by optimum use of human resources thereby building a long-term relationship. Our prime adage is “Customer Satisfaction” and we make every attempt to live up to our motto... “Thinking Reality... Committed to Success”. #Micropro #HospyCare #Micropro Dealer Management Software #Micropro ERP #Micropro Oracle ADF Services #Micropro Hospital ERP #Micropro Dairy ERP #Micropro Infrastructure Management Services #Micropro Scurity Services",,8000,,https://www.linkedin.com/company/micropro-software-solutions-ltd/,softwarese,"[{""keywords"":""softwarese"",""origin"":""FACETED_SEARCH"",""spellCorrectionEnabled"":""true"",""companyHqGeo"":[""106155005"",""100459316"",""104305776""]}]",,,,,,,,,,,,,,,review_non_mena,medium,"Nagpur, Maharashtra","Source location resolves to India, outside the configured MENA scope."
linkedin,PACT SOFTWARE SERVICES (P) LTD,India,IT Services and IT Consulting,,"Hyderabad, India",,"Welcome to PACT ERP — The Single, Powerful Cloud Platform to Manage Every Department At PACT Software, we build high-performance, customizable enterprise automation systems designed to transform operational complexity into streamlined growth. Trusted by 12,000+ customers worldwide, our flagship ERP solutions help small, medium, and large enterprises eliminate disconnected software silos and run their entire operations with zero compromise. 📈 The PACT Performance Formula: * Boost Daily Operational Efficiency by 33%+ * Drive an 84% Scalability Factor in Business Growth * Automate Localized Compliance (India GST & UAE e-Invoicing) ⚙️ Our Modular ERP Ecosystem Includes: Financial Management | HR & Payroll with Employee Self-Service | CRM & Sales Automation | Procurement & Supply Chain | Manufacturing, Warehouse & Inventory | Real Estate & Property Management 🌐 Deploy on: On-Premises, Private Cloud, Public Cloud, or SaaS 💻 Book a personalized demo at www.pactsoft.com",,8000,,https://www.linkedin.com/company/pacterp/,softwarese,"[{""keywords"":""softwarese"",""origin"":""FACETED_SEARCH"",""spellCorrectionEnabled"":""true"",""companyHqGeo"":[""106155005"",""100459316"",""104305776""]}]",,,,,,,,,,,,,,,review_non_mena,high,"Hyderabad, India","Source location resolves to India, outside the configured MENA scope."
linkedin,FACT Software Group,Singapore,IT Services and IT Consulting,,"Singapore, Singapore",,"FACT Software is a Singapore based ERP software development company with over 34+ years of experience in helping 100,000+ companies become more productive, efficient and more profitable with our FACT ERP.NG software. FACT ERP.NG is regularly updated with enhancements, over 500 every year and has helped companies achieve the milestone of Zero Manual Work and a Spreadsheet Free Life. Our Global Presence: 1987 : FACT Solutions India Pvt Ltd was founded in India 1991 : The Nepal office (FACT Nepal Pvt Ltd) was launched 1992 : Singapore was the next stop for FACT and became the Headquarters of the FACT Group (FACT Software International Pte Ltd) 1993 : FACT opened in a fourth country with its Malaysia operations (FACT System (Malaysia) Sdn Bhd) 2003 : Dubai was the fifth destination for FACT (FACT Software Middle East FZ LLC) 2004 : Philippines was the latest addition to the FACT family (FACT Software Philippines Inc.)",,8000,,https://www.linkedin.com/company/fact-software-group/,softwarese,"[{""keywords"":""softwarese"",""origin"":""FACETED_SEARCH"",""spellCorrectionEnabled"":""true"",""companyHqGeo"":[""106155005"",""100459316"",""104305776""]}]",,,,,,,,,,,,,,,review_non_mena,high,"Singapore, Singapore","Source location resolves to Singapore, outside the configured MENA scope."
linkedin,CITYTECH SOFTWARE | Microsoft Gold Partner,India,Software Development,,"Kolkata, West Bengal",,"Citytech Software is a Kolkata, India-based Software Development and IT Consulting company, trusted by clients across the USA, Australia, Canada, Europe, and Asia to align technology strategy with business outcomes. Established in 1993, the company has built over three decades of experience helping organizations navigate change, modernize operations, and stay competitive in an evolving digital landscape. Citytech's core competencies span web and client-server application development, ERP implementation, eCommerce development, CMS and Digital Experience Platform (DXP) solutions, enterprise mobility, and HR technology, including its proprietary Payroll and HR management product, Paylite HR. The company's portfolio further extends into AI-driven application development, Robotic Process Automation (RPA), digital modernization, and staff augmentation, enabling clients to automate business processes, extend their in-house teams with specialized talent, and future-proof legacy systems in line with market demands. As a Microsoft Gold Certified Partner, nopCommerce Gold Partner, Kentico Xperience Gold Partner, and Shopify Select Partner, Citytech delivers solutions built on trusted, enterprise-grade platforms. The company is also ISO 27001:2013 and ISO 9001:2015 certified, reflecting its commitment to information security and quality management across every engagement. Citytech works as a strategic technology consulting partner, not merely a solutions provider, guiding clients from business and technology strategy through design, implementation, and long-term support. Its solution-centric, consultative approach helps organizations achieve measurable gains in efficiency, cost optimization, and competitive positioning, whether through modernizing legacy systems, scaling teams, or adopting emerging technologies.",,6000,,https://www.linkedin.com/company/citytech-software-private-limited/,softwarese,"[{""keywords"":""softwarese"",""origin"":""FACETED_SEARCH"",""spellCorrectionEnabled"":""true"",""companyHqGeo"":[""106155005"",""100459316"",""104305776""]}]",,,,,,,,,,,,,,,review_non_mena,medium,"Kolkata, West Bengal","Source location resolves to India, outside the configured MENA scope."
linkedin,Akshay Software Technologies Private Limited,India,IT Services and IT Consulting,,"Navi Mumbai, Maharashtra",,"Akshay Software Technologies Limited, founded in 1987 by experienced technocrats, has two lines of businesses providing SAP B1 Consulting for SMEs and Staffing services across industries. We are present in India and the UAE. SAP B1 Consulting Akshay Software is now established as one of the leading SAP B1 Solution providers. The consulting team has extensive SME experience and our development team provides efficient add-ons or customisation to extend functionality. Akshay Software is a SAP Value Added Reseller and is one of the top three partners for SAP B1 in India West. The SAP B1 vertical provides: *Mentorship and handholding of clients from very start of the project. *Top-of-line local expertise in guiding clients through Implementations. *Continuous and rigorous post-implementation support *Excellent communication management *Flexible solutions from domain experts Staffing With more than 3 decades of experience Akshay Software is a preferred staffing partner for corporates from SMEs to MNCs in India and the UAE. We provide flexible solutions from permanent placement to CTH to temporary contracts. Akshay Software implements process driven methodologies backed up by strict adherence to compliance. We innovate in your staffing needs so that you can focus on leadership. A partial list of our domain expertise includes: *IT/ITES across technologies and functions *Banking, Financial Services & Insurance (BFSI) *Custodial & Depository *Hardware & Software *Air services *Travel & Tourism *Media & Entertainment *Retail *Consulting",,6000,,https://www.linkedin.com/company/akshayltd/,softwarese,"[{""keywords"":""softwarese"",""origin"":""FACETED_SEARCH"",""spellCorrectionEnabled"":""true"",""companyHqGeo"":[""106155005"",""100459316"",""104305776""]}]",,,,,,,,,,,,,,,review_non_mena,medium,"Navi Mumbai, Maharashtra","Source location resolves to India, outside the configured MENA scope."
linkedin,Gemini Software Solutions Pvt. Ltd.,India,Information Technology & Services,,"Trivandrum, Kerala",,"Gemini Software Solutions Pvt. Ltd. (GSS) is a trusted technology partner with over 26 years of excellence, delivering transformative digital solutions across Maritime, Logistics, Travel, BFSI, ERP, Cloud, and Custom Application Development. Legacy & Reach: A wholly owned subsidiary of the 130+ year-old Yusuf Bin Ahmed Kanoo Group (www.kanoo.com), GSS blends global strength with local expertise through offices in India, UAE, KSA, and Bahrain. Proven Track Record: • 1,000+ IT solutions delivered to 80+ global clients in15+ countries • 1.1 million+ man-days of domain and tech expertise • 6+ flagship products powering industry transformation • 95% repeat business rate More Than a Service Provider: GSS is a catalyst for digital transformation—delivering value through innovative, industry-compliant solutions (ISO 27001,PCI S3, PCI-DSS,SAR-DL, ZATCA, etc.) built with a forward-thinking mindset. Flagship Solutions & Services: • iStorePRO® – Modular SaaS for warehouse intelligence and operational optimization • GEM-ARK® – Digitized SaaS platform for shipping agency operations and DA processing • GEM-LINER™ – Shipping operations management for Liner Agents • Gem-Symphony™ – Business suite for inventory, procurement, rentals & workshops • GEMCARDS® – Retail payment suite for prepaid, credit, debit card lifecycle management with ACS & switch • Gem-eInvoice™ – ZATCA Phase 2 compliant e-Invoicing solution with ERP integration • ERP Services – Implementation, hosting & support, with expertise in car rental platforms • Custom Development – End-to-end application development tailored to industry needs • Cloud & Cybersecurity – Advisory, hosting, and robust security solutions Building Enduring Partnerships: At the heart of our philosophy lies a clear purpose—delivering value, driving innovation, and building trust. GSS is proud to be a catalyst in shaping the digital ecosystem and empowering businesses to thrive in a dynamically connected world.",,6000,,https://www.linkedin.com/company/geminisoftwaresolutions/,softwarese,"[{""keywords"":""softwarese"",""origin"":""FACETED_SEARCH"",""spellCorrectionEnabled"":""true"",""companyHqGeo"":[""106155005"",""100459316"",""104305776""]}]",,,,,,,,,,,,,,,review_non_mena,medium,"Trivandrum, Kerala","Source location resolves to India, outside the configured MENA scope."
linkedin,ISD Software und Systeme GmbH,Germany,Software Development,,Dortmund,,"The mission of the ISD Group is to support customers as a strong partner, to implement engineering processes in an optimal way and thus to make companies more successful. Since its foundation in 1977 ISD has developed into a safe and reliable partner in this field, founded in Germany and now operating worldwide. ISD focuses on the provision of industry-specific knowledge, numerous services such as training courses and the high-quality, self-developed software for engineers. The CAD and PDM solutions HiCAD and HELiOS offer the user efficient functions, field-tested automation tools and a unique flexibility. HiCAD is a state-of-the-art 2D/3D CAD system with specialised industry solutions for plant and product design, as well as for the entire construction industry, including façade construction. The PDM solution HELiOS facilitates the acquisition, administration and distribution of documents and information. The added value for customers is characterized by the fact that every engineering project is faster and easier to develop, produce, assemble and maintain. Imprint: https://www.isdgroup.com/en/legal-notes-and-disclaimer/",,3000,,https://www.linkedin.com/company/isd-software-und-systeme-gmbh/,softwarese,"[{""keywords"":""softwarese"",""origin"":""FACETED_SEARCH"",""spellCorrectionEnabled"":""true"",""companyHqGeo"":[""106155005"",""100459316"",""104305776""]}]",,,,,,,,,,,,,,,review_non_mena,medium,Dortmund,"Source location resolves to Germany, outside the configured MENA scope."
linkedin,Page by MRI Software,Unknown,,,,,,,,,https://www.linkedin.com/company/mri-software-llc/,softwarese,"[{""keywords"":""softwarese"",""origin"":""FACETED_SEARCH"",""spellCorrectionEnabled"":""true"",""companyHqGeo"":[""106155005"",""100459316"",""104305776""]}]",,,,,,,,,,,,,,,review_unknown,low,,Country could not be determined from the source location or address.
linkedin,Kastech Software Solutions Group,United States,IT Services and IT Consulting,,"Richmond, Texas",,"Kastech Software Solutions Group, incorporated in 2007 and headquartered in Richmond, Texas, is a leading global IT services and consulting company delivering technology-driven solutions to organizations across industries. With offices across North America, APAC, Latin America, the Middle East, and Australia, we help businesses transform their operations, improve efficiency, and drive innovation. Our core expertise includes: · Workday Implementation Support, Optimization, Advisory, and Managed Services · ERP Solutions: SAP, Salesforce, and ServiceNow · Ellucian Banner Consulting for Higher Education · Data Engineering, Business Intelligence, and Advanced Analytics · GIS and Urban Management Solutions · eSignature Solutions · MuleSoft Integration Services · IT Staffing Services Kastech has a strong partner network worldwide, helping us deliver reliable and cost-effective IT services including scalable and innovative technology solutions that drive business growth.",,102000,,https://www.linkedin.com/company/kastech-software-solutions-group/,softwarese,"[{""keywords"":""softwarese"",""origin"":""FACETED_SEARCH"",""spellCorrectionEnabled"":""true"",""companyHqGeo"":[""106155005"",""100459316"",""104305776""]}]",,,,,,,,,,,,,,,review_non_mena,medium,"Richmond, Texas","Source location resolves to United States, outside the configured MENA scope."
linkedin,RBM Software,United States,IT Services and IT Consulting,,"San Francisco , California",,"RBM Software is a digital transformation company that helps enterprises modernize operations, reimagine customer experiences, and build technology foundations for long-term growth. We bring deep capability across AI, data, cloud, and product engineering to turn transformation vision into working, scalable systems. Since 2015, we have partnered with enterprises across retail and ecommerce, fintech, healthcare, edtech, and supply chain to tackle real operational complexity — legacy modernization, system integration, process automation, and building new digital capabilities from the ground up. We combine strategic thinking with engineering discipline and quality-first delivery, using reusable frameworks and automation so transformations hold up well beyond go-live. Our work is grounded in industry context, not just technical execution. We understand the business problems behind the technology decisions, which means we build systems that deliver measurable value today while supporting where you're headed next.",,26000,,https://www.linkedin.com/company/rbmsoftware/,softwarese,"[{""keywords"":""softwarese"",""origin"":""FACETED_SEARCH"",""spellCorrectionEnabled"":""true"",""companyHqGeo"":[""106155005"",""100459316"",""104305776""]}]",,,,,,,,,,,,,,,review_non_mena,medium,"San Francisco , California","Source location resolves to United States, outside the configured MENA scope."
linkedin,MATRIXX Software,United States,Telecommunications,,"Foster City, CA",,"MATRIXX Software delivers a dynamic billing, monetization and charging solution proven at scale. Global service providers like Telefónica, IoT providers like Tata Communications and network-as-a-service providers like DISH rely on MATRIXX to overcome the limitations of existing billing applications. MATRIXX provides a unified platform that transforms and simplifies billing operations across consumer, enterprise and wholesale businesses. With MATRIXX, operators can rapidly configure, deploy and monetize personalized offerings, enabling commercial innovation and real-time customer experiences that drive revenue and growth.",,17000,,https://www.linkedin.com/company/matrixx-software-inc-/,softwarese,"[{""keywords"":""softwarese"",""origin"":""FACETED_SEARCH"",""spellCorrectionEnabled"":""true"",""companyHqGeo"":[""106155005"",""100459316"",""104305776""]}]",,,,,,,,,,,,,,,review_non_mena,medium,"Foster City, CA","Source location resolves to United States, outside the configured MENA scope."
linkedin,BMC Software,United States,IT Services and IT Consulting,,"Houston, Texas",,"BMC empowers 86% of the Forbes Global 50 to accelerate business value faster than humanly possible. Our industry-leading portfolio unlocks human and machine potential to drive business growth, innovation, and sustainable success. BMC does this in a simple and optimized way by connecting people, systems, and data that power the world’s largest organizations so they can seize a competitive advantage.",,344000,,https://www.linkedin.com/company/bmc-software/,softwarese,"[{""keywords"":""softwarese"",""origin"":""FACETED_SEARCH"",""spellCorrectionEnabled"":""true"",""companyHqGeo"":[""106155005"",""100459316"",""104305776""]}]",,,,,,,,,,,,,,,review_non_mena,medium,"Houston, Texas","Source location resolves to United States, outside the configured MENA scope."
linkedin,Page by GEP Worldwide,Unknown,,,,,,,,,https://www.linkedin.com/company/gep-worldwide/,softwarese,"[{""keywords"":""softwarese"",""origin"":""FACETED_SEARCH"",""spellCorrectionEnabled"":""true"",""companyHqGeo"":[""106155005"",""100459316"",""104305776""]}]",,,,,,,,,,,,,,,review_unknown,low,,Country could not be determined from the source location or address.
linkedin,Veeam Software,United States,Software Development,,"Seattle, WA",,"Welcome to Veeam’s LinkedIn page. Follow us here for company news, product updates, events and more. With Veeam, the trusted data and safe AI company, your data is understood, secured, and resilient so you can unleash it to accelerate safe AI at scale. Headquartered in Seattle with offices in more than 30 countries, Veeam protects over 550,000 customers worldwide, including 82% of the Fortune 500. Accelerate Safe AI at Scale. Learn more at veeam.com or follow Veeam on X @veeam",,476000,,https://www.linkedin.com/company/veeam-software/,softwarese,"[{""keywords"":""softwarese"",""origin"":""FACETED_SEARCH"",""spellCorrectionEnabled"":""true"",""companyHqGeo"":[""106155005"",""100459316"",""104305776""]}]",,,,,,,,,,,,,,,review_non_mena,medium,"Seattle, WA","Source location resolves to United States, outside the configured MENA scope."
linkedin,IBS Software,Singapore,Software Development,,Singapore,,"IBS Software is a leading travel technology company delivering AI-native travel intelligence that enables smarter, faster and more resilient decision-making, with built-in guardrails across aviation, cargo and logistics, and leisure and hospitality. It powers core capabilities for leading travel brands worldwide, spanning airline retailing, passenger services, loyalty, fleet, hub and crew operations, cargo management, and cloud-native platforms for hotels and cruise line operators, and operates from 16 offices globally.",,225000,,https://www.linkedin.com/company/ibssoftware/,softwarese,"[{""keywords"":""softwarese"",""origin"":""FACETED_SEARCH"",""spellCorrectionEnabled"":""true"",""companyHqGeo"":[""106155005"",""100459316"",""104305776""]}]",,,,,,,,,,,,,,,review_non_mena,high,Singapore,"Source location resolves to Singapore, outside the configured MENA scope."
linkedin,Nice Software Solutions Pvt. Ltd.,India,IT Services and IT Consulting,,"Nagpur, Maharashtra",,"Nice Software Solutions – An idea over a coffee transformed into a bold vision. In 2008, NSS began with a simple yet powerful vision: to help businesses unlock the true potential of their data. What started as a small team in Nagpur has grown into a global force, with offices in Pune and Dubai and a team of 350+ experts who live and breathe data, analytics, and AI. Over the years, we’ve had the privilege of partnering with 100+ clients across the globe, delivering 600+ projects that have transformed the way businesses operate. From healthcare to finance, retail to banking, we’ve helped organizations turn raw data into actionable insights, empowering them to make smarter decisions, optimize operations, and drive growth. Our journey has been fueled by a relentless commitment to innovation. We’ve embraced cutting-edge technologies like Power BI, Azure, Snowflake, Databricks, MicroStrategy, and the latest advancements in Generative AI to stay ahead of the curve. But what truly sets us apart is our people—a team of passionate professionals who are constantly learning, evolving, and pushing boundaries to deliver solutions that matter. Our Mission: To empower businesses with transformative data and AI solutions that unlock new opportunities and drive success. Our Vision: To be a global catalyst for innovation, shaping the future of business intelligence and Generative AI. At Nice Software Solutions, we believe that data is more than just numbers; it’s the foundation of progress. Whether it’s building predictive models, automating processes with AI-driven tools, or crafting end-to-end analytics solutions by engineering data in a scalable format, we’re here to help businesses navigate the complexities of the digital age with confidence.",,100000,,https://www.linkedin.com/company/nice-software-solutions/,softwarese,"[{""keywords"":""softwarese"",""origin"":""FACETED_SEARCH"",""spellCorrectionEnabled"":""true"",""companyHqGeo"":[""106155005"",""100459316"",""104305776""]}]",,,,,,,,,,,,,,,review_non_mena,medium,"Nagpur, Maharashtra","Source location resolves to India, outside the configured MENA scope."
linkedin,FPT Software Career,Vietnam,IT Services and IT Consulting,,Ha Noi,,"FPT Software Career is the official recruitment channel of FPT Software, dedicated to connecting talented professionals with impactful technology careers. FPT Software, a subsidiary of FPT Corporation, stands as a global technology leader - recognized as the Largest IT Services Company in Fortune 500 SEA. We harness the power of AI and emerging technologies to shape a happier future for people, drive success for enterprises, and foster prosperity for nations. For more information, please visit: https://fptsoftware.com/",,101000,,https://www.linkedin.com/company/fptsoftwarecareer/,softwarese,"[{""keywords"":""softwarese"",""origin"":""FACETED_SEARCH"",""spellCorrectionEnabled"":""true"",""companyHqGeo"":[""106155005"",""100459316"",""104305776""]}]",,,,,,,,,,,,,,,review_non_mena,medium,Ha Noi,"Source location resolves to Vietnam, outside the configured MENA scope."
linkedin,"Josh Software, Inc.",India,IT Services and IT Consulting,,"Pune,",,"Since 2007, Josh Software has been helping customers across the globe to build products and transform. We specialize in transforming the Fintech landscape with our tailor-made IT solutions. Our expertise in modernization, retail banking, digital transformation amongst others sets us apart, driving innovation and efficiency for our clients. While we excel in various industries, our primary focus is on Fintech, where we leverage our deep industry knowledge to deliver IT services that empower financial institutions to thrive in the digital era.",,41000,,https://www.linkedin.com/company/josh-software/,softwarese,"[{""keywords"":""softwarese"",""origin"":""FACETED_SEARCH"",""spellCorrectionEnabled"":""true"",""companyHqGeo"":[""106155005"",""100459316"",""104305776""]}]",,,,,,,,,,,,,,,review_non_mena,medium,"Pune,","Source location resolves to India, outside the configured MENA scope."
linkedin,360 Core Inc. | Web Development Company,India,IT Services and IT Consulting,,"Surat, Gujarat",,360 Core Inc. | Award-Winning Web Development Company We engineer high-performance websites and web applications that don't just look great — they deliver...,,2000,,https://www.linkedin.com/company/360coreinc/,web development,"[{""keywords"":""web development"",""origin"":""FACETED_SEARCH"",""companyHqGeo"":[""104305776"",""100459316"",""106155005""],""companySize"":[""B"",""C""]},{""keywords"":""web development"",""origin"":""FACETED_SEARCH"",""spellCorrectionEnabled"":""true"",""companyHqGeo"":[""104305776"",""100459316"",""106155005""],""companySize"":[""B"",""C""]}]",,,,,,,,,,,,,,,review_non_mena,medium,"Surat, Gujarat","Source location resolves to India, outside the configured MENA scope."
linkedin,Web Glaze Services,India,IT Services and IT Consulting,,Delhi,,"Web Glaze Services is an IT based company and working in websites, digital marketing, print media and app services from last 11 years. Here you can get all of your IT requirements under one roof. We are team of IT professional working on web development and have more then 500 websites running live till now...",,6000,,https://www.linkedin.com/company/webglaze/,web development,"[{""keywords"":""web development"",""origin"":""FACETED_SEARCH"",""companyHqGeo"":[""104305776"",""100459316"",""106155005""],""companySize"":[""B"",""C""]},{""keywords"":""web development"",""origin"":""FACETED_SEARCH"",""spellCorrectionEnabled"":""true"",""companyHqGeo"":[""104305776"",""100459316"",""106155005""],""companySize"":[""B"",""C""]}]",,,,,,,,,,,,,,,review_non_mena,medium,Delhi,"Source location resolves to India, outside the configured MENA scope."
linkedin,Web Camel,Pakistan,IT Services and IT Consulting,,"Lahore, Punjab",,"We are a Web Design and Social Media Marketing Agency and doing web design, web development, social media marketing. We specialized in UI/UX Design, Shopify, Wordpress and FB Marketing. Our Target audience is small businesses, medium businesses, startups",,5000,,https://www.linkedin.com/company/web-camel/,web development,"[{""keywords"":""web development"",""origin"":""FACETED_SEARCH"",""companyHqGeo"":[""104305776"",""100459316"",""106155005""],""companySize"":[""B"",""C""]},{""keywords"":""web development"",""origin"":""FACETED_SEARCH"",""spellCorrectionEnabled"":""true"",""companyHqGeo"":[""104305776"",""100459316"",""106155005""],""companySize"":[""B"",""C""]}]",,,,,,,,,,,,,,,review_non_mena,medium,"Lahore, Punjab","Source location resolves to Pakistan, outside the configured MENA scope."
linkedin,Development Logix,Pakistan,IT Services and IT Consulting,,"Lahore, Punjab",,Web Development,,3000,,https://www.linkedin.com/company/develpmentlogix/,web development,"[{""keywords"":""web development"",""origin"":""FACETED_SEARCH"",""companyHqGeo"":[""104305776"",""100459316"",""106155005""],""companySize"":[""B"",""C""]},{""keywords"":""web development"",""origin"":""FACETED_SEARCH"",""spellCorrectionEnabled"":""true"",""companyHqGeo"":[""104305776"",""100459316"",""106155005""],""companySize"":[""B"",""C""]}]",,,,,,,,,,,,,,,review_non_mena,medium,"Lahore, Punjab","Source location resolves to Pakistan, outside the configured MENA scope."
linkedin,XolluXn Web Development Services,Philippines,Software Development,,"Morong, Rizal, Rizal",,"We specialize in curating and crafting unique digital landscapes that transform online identities and create compelling cyber experiences. Fueled by innovation and driven by a deep-rooted passion for technology, we strive to provide exceptional web development services that help businesses grow and flourish...",,18,,https://www.linkedin.com/company/xolluxn/,web development,"[{""keywords"":""web development"",""origin"":""FACETED_SEARCH"",""companyHqGeo"":[""104305776"",""100459316"",""106155005""],""companySize"":[""B"",""C""]},{""keywords"":""web development"",""origin"":""FACETED_SEARCH"",""spellCorrectionEnabled"":""true"",""companyHqGeo"":[""104305776"",""100459316"",""106155005""],""companySize"":[""B"",""C""]}]",,,,,,,,,,,,,,,review_non_mena,medium,"Morong, Rizal, Rizal","Source location resolves to Philippines, outside the configured MENA scope."
linkedin,Web Designs Prime,United States,IT Services and IT Consulting,,"Los Angeles, California",,Web Development,,318,,https://www.linkedin.com/company/webdesignsprime/,web development,"[{""keywords"":""web development"",""origin"":""FACETED_SEARCH"",""companyHqGeo"":[""104305776"",""100459316"",""106155005""],""companySize"":[""B"",""C""]},{""keywords"":""web development"",""origin"":""FACETED_SEARCH"",""spellCorrectionEnabled"":""true"",""companyHqGeo"":[""104305776"",""100459316"",""106155005""],""companySize"":[""B"",""C""]}]",,,,,,,,,,,,,,,review_non_mena,medium,"Los Angeles, California","Source location resolves to United States, outside the configured MENA scope."
linkedin,Genwarp Web Development,Philippines,"Technology, Information and Internet",,"Manila, National Capital Region",,Web Development,,23,,https://www.linkedin.com/company/genwarp/,web development,"[{""keywords"":""web development"",""origin"":""FACETED_SEARCH"",""companyHqGeo"":[""104305776"",""100459316"",""106155005""],""companySize"":[""B"",""C""]},{""keywords"":""web development"",""origin"":""FACETED_SEARCH"",""spellCorrectionEnabled"":""true"",""companyHqGeo"":[""104305776"",""100459316"",""106155005""],""companySize"":[""B"",""C""]}]",,,,,,,,,,,,,,,review_non_mena,medium,"Manila, National Capital Region","Source location resolves to Philippines, outside the configured MENA scope."
linkedin,Web Genie,United Kingdom,"Technology, Information and Internet",,"Ilford, England",,"...including Facebook, Instagram, TikTok, and Google Ads, designed to expand brand reach, drive qualified leads, and maximize Return on Ad Spend. Our Web Development team...",,196,,https://www.linkedin.com/company/web-genie/,web development,"[{""keywords"":""web development"",""origin"":""FACETED_SEARCH"",""companyHqGeo"":[""104305776"",""100459316"",""106155005""],""companySize"":[""B"",""C""]},{""keywords"":""web development"",""origin"":""FACETED_SEARCH"",""spellCorrectionEnabled"":""true"",""companyHqGeo"":[""104305776"",""100459316"",""106155005""],""companySize"":[""B"",""C""]}]",,,,,,,,,,,,,,,review_non_mena,high,"Ilford, England","Source location resolves to United Kingdom, outside the configured MENA scope."
linkedin,Web Cafe,Pakistan,Software Development,,"Wah cantt, Punjab",,"Welcome to WEB CAFE! A Place for all your Web, App Design and Development needs. With an experience of more than 6 years in HTML, CSS, WordPress, Web Designing & Web Development, App Designing and Development. Our focus is on Innovation, Quality and your Satisfaction.",,352,,https://www.linkedin.com/company/thewebcafe/,web development,"[{""keywords"":""web development"",""origin"":""FACETED_SEARCH"",""companyHqGeo"":[""104305776"",""100459316"",""106155005""],""companySize"":[""B"",""C""]},{""keywords"":""web development"",""origin"":""FACETED_SEARCH"",""spellCorrectionEnabled"":""true"",""companyHqGeo"":[""104305776"",""100459316"",""106155005""],""companySize"":[""B"",""C""]}]",,,,,,,,,,,,,,,review_non_mena,medium,"Wah cantt, Punjab","Source location resolves to Pakistan, outside the configured MENA scope."
linkedin,Creative Graphic Design | Intuitive UI/UX & Web Development | Advanced AI Agent & RAG Solutions,Pakistan,Media Production,,"Lahore, Punjab",,Web Development,,357,,https://www.linkedin.com/company/mediadunes/,web development,"[{""keywords"":""web development"",""origin"":""FACETED_SEARCH"",""companyHqGeo"":[""104305776"",""100459316"",""106155005""],""companySize"":[""B"",""C""]},{""keywords"":""web development"",""origin"":""FACETED_SEARCH"",""spellCorrectionEnabled"":""true"",""companyHqGeo"":[""104305776"",""100459316"",""106155005""],""companySize"":[""B"",""C""]}]",,,,,,,,,,,,,,,review_non_mena,medium,"Lahore, Punjab","Source location resolves to Pakistan, outside the configured MENA scope."
linkedin,Web Falcons Technologies,India,Information Technology & Services,,"Noida, Uttar Pradesh",,IT Development | Business Consulting | Digital Marketing 💴 📈 Let us take your Business to the heights where FALCONS Fly 🦅,,451,,https://www.linkedin.com/company/webfalconstech/,web development,"[{""keywords"":""web development"",""origin"":""FACETED_SEARCH"",""companyHqGeo"":[""104305776"",""100459316"",""106155005""],""companySize"":[""B"",""C""]},{""keywords"":""web development"",""origin"":""FACETED_SEARCH"",""spellCorrectionEnabled"":""true"",""companyHqGeo"":[""104305776"",""100459316"",""106155005""],""companySize"":[""B"",""C""]}]",,,,,,,,,,,,,,,review_non_mena,medium,"Noida, Uttar Pradesh","Source location resolves to India, outside the configured MENA scope."
linkedin,Page by Visual Lab,Unknown,,,,,,,,,https://www.linkedin.com/company/visuallabme/,web development,"[{""keywords"":""web development"",""origin"":""FACETED_SEARCH"",""companyHqGeo"":[""104305776"",""100459316"",""106155005""],""companySize"":[""B"",""C""]},{""keywords"":""web development"",""origin"":""FACETED_SEARCH"",""spellCorrectionEnabled"":""true"",""companyHqGeo"":[""104305776"",""100459316"",""106155005""],""companySize"":[""B"",""C""]}]",,,,,,,,,,,,,,,review_unknown,low,,Country could not be determined from the source location or address.
linkedin,"M4M Digital Marketing, Advertising & Web Development",Pakistan,"Technology, Information and Media",,Karachi,,"M4M Service – Digital Excellence in Production, Marketing, SEO & Web Development!",,25,,https://www.linkedin.com/company/m4m-digital-marketing-advertising-web-development/,web development,"[{""keywords"":""web development"",""origin"":""FACETED_SEARCH"",""companyHqGeo"":[""104305776"",""100459316"",""106155005""],""companySize"":[""B"",""C""]},{""keywords"":""web development"",""origin"":""FACETED_SEARCH"",""spellCorrectionEnabled"":""true"",""companyHqGeo"":[""104305776"",""100459316"",""106155005""],""companySize"":[""B"",""C""]}]",,,,,,,,,,,,,,,review_non_mena,medium,Karachi,"Source location resolves to Pakistan, outside the configured MENA scope."
linkedin,UltraCodes,United States,Software Development,,"Austin, Texas",,"UltraCodes was founded in 2019 and provides the best IT Solutions and Consultancy. Through smart software development and the latest IT solutions, we help clients all over the world (including the USA, UK, etc) in achieving their goals for Technology Innovation. With our technological solutions, we aim to assist people and companies begin a new era of quality, expansion, and productivity so that they can keep having a significant and uplifting impact on people's lives. We bring a great team to work with and provide the best solutions. We have served in the widest range of vertical spectrums, pursuing solutions where others fail. Our development heritage over the years has given us the expertise to solve any product development challenge in any industry. Being one of the leading IT solutions companies in the world, our specialties include web development, mobile application development, CMs & eCommerce development, and artificial intelligence. Who we work with: We partner with startups, scale-ups, and enterprises across the U.S., Europe, and the Middle East. From fintech to healthcare, SaaS and e-commerce, clients trust us for scalable software, end-to-end QA, and SLA-backed support. We are lucky to find really great clients. How can we help you? Drop us a line at info@ultracodes.io and you should hear from us within one business day.",,14000,,https://www.linkedin.com/company/ultra-codes/,web development,"[{""keywords"":""web development"",""origin"":""FACETED_SEARCH"",""companyHqGeo"":[""104305776"",""100459316"",""106155005""],""companySize"":[""B"",""C""]},{""origin"":""GLOBAL_SEARCH_HEADER"",""companyHqGeo"":[""100459316"",""104305776"",""106155005""],""companySize"":[""B"",""C""],""industryCompanyVertical"":[""4""]},{""keywords"":""web development"",""origin"":""FACETED_SEARCH"",""spellCorrectionEnabled"":""true"",""companyHqGeo"":[""104305776"",""100459316"",""106155005""],""companySize"":[""B"",""C""]}]",,,,,,,,,,,,,,,review_non_mena,medium,"Austin, Texas","Source location resolves to United States, outside the configured MENA scope."
linkedin,Nixaam LLC,United States,IT Services and IT Consulting,,"Glendale, California",,"Your Growth Partner in Digital Transformation Nixaam LLC is a technology innovator specializing in custom software development, web design, and digital...",,21000,,https://www.linkedin.com/company/nixaam/,web development,"[{""keywords"":""web development"",""origin"":""FACETED_SEARCH"",""companyHqGeo"":[""104305776"",""100459316"",""106155005""],""companySize"":[""B"",""C""]},{""keywords"":""web development"",""origin"":""FACETED_SEARCH"",""spellCorrectionEnabled"":""true"",""companyHqGeo"":[""104305776"",""100459316"",""106155005""],""companySize"":[""B"",""C""]}]",,,,,,,,,,,,,,,review_non_mena,medium,"Glendale, California","Source location resolves to United States, outside the configured MENA scope."
linkedin,Design Monks - UI UX | Branding | SaaS | Webapp Design Agency,United States,Design Services,,"Mount Arlington, New Jersey",,Design Monks LLC is a leading UI/UX and web design agency helping brands create high-impact digital experiences. With a talented in-house team of 30+ designers...,,18000,,https://www.linkedin.com/company/designmonks/,web development,"[{""keywords"":""web development"",""origin"":""FACETED_SEARCH"",""companyHqGeo"":[""104305776"",""100459316"",""106155005""],""companySize"":[""B"",""C""]},{""keywords"":""web development"",""origin"":""FACETED_SEARCH"",""spellCorrectionEnabled"":""true"",""companyHqGeo"":[""104305776"",""100459316"",""106155005""],""companySize"":[""B"",""C""]}]",,,,,,,,,,,,,,,review_non_mena,medium,"Mount Arlington, New Jersey","Source location resolves to United States, outside the configured MENA scope."
linkedin,Baron Tech (Pvt) Limited,United States,Software Development,,"Washington DC , United States",,"Looking for a trusted digital partner to help your business grow? Look no further than Baron Tech (Pvt) Limited. As a multinational software company, we specialize in providing top-notch digital and IT solutions to businesses of all sizes. Our team of highly skilled experts is dedicated to helping you achieve your business goals through custom website development and mobile application services. At Baron Tech, we understand that every business is unique, which is why we offer personalized solutions tailored to your specific needs. Whether you're looking to establish an online presence, improve your website's functionality, or develop a cutting-edge mobile application, our team has the skills and expertise to help you succeed. Our commitment to quality and customer satisfaction is unwavering. We take the time to understand your business needs and work with you every step of the way to ensure that your project is delivered on time, within budget, and to your exact specifications. With Baron Tech, you can rest assured that you'll get what has been promised, and that we'll go above and beyond to exceed your expectations. Our services include: Website development: We create custom websites that are visually stunning, easy to navigate, and optimized for search engines. Our team uses the latest technologies and best practices to ensure that your website stands out in today's crowded online marketplace. Mobile application development: From iOS to Android, we develop mobile applications that are fast, responsive, and user-friendly. Our experts use the latest technologies and frameworks to create custom mobile applications that help businesses connect with their customers on the go. At Baron Tech, we're passionate about helping businesses succeed. We have the skills, expertise, and experience to help you take your business to the next level. Contact us today to learn more about our services and how we can help you achieve your business goals.",,9000,,https://www.linkedin.com/company/barontech-co/,web development,"[{""keywords"":""web development"",""origin"":""FACETED_SEARCH"",""companyHqGeo"":[""104305776"",""100459316"",""106155005""],""companySize"":[""B"",""C""]},{""origin"":""GLOBAL_SEARCH_HEADER"",""companyHqGeo"":[""100459316"",""104305776"",""106155005""],""companySize"":[""B"",""C""],""industryCompanyVertical"":[""4""]},{""keywords"":""web development"",""origin"":""FACETED_SEARCH"",""spellCorrectionEnabled"":""true"",""companyHqGeo"":[""104305776"",""100459316"",""106155005""],""companySize"":[""B"",""C""]}]",,,,,,,,,,,,,,,review_non_mena,high,"Washington DC , United States","Source location resolves to United States, outside the configured MENA scope."
linkedin,Pixarsart Studios,United States,Software Development,,"Richardson, Texas",,"At Pixarsart we work to enhance your online presence. Leading technology used to provide creative web design and development services. Our focus is to increase your business turnover with an effective online presence. Our team’s core strength is a Web design and development services. A well-designed website makes your business boom which is our initial focus. So we aim to create the best web designs, mobile apps and digital marketing for your business. Choose us now and stun your clients with an easy to navigate well-functioned website. Let’s create together!",,10000,,https://www.linkedin.com/company/pixarsart/,web development,"[{""keywords"":""web development"",""origin"":""FACETED_SEARCH"",""companyHqGeo"":[""104305776"",""100459316"",""106155005""],""companySize"":[""B"",""C""]},{""origin"":""GLOBAL_SEARCH_HEADER"",""companyHqGeo"":[""100459316"",""104305776"",""106155005""],""companySize"":[""B"",""C""],""industryCompanyVertical"":[""4""]},{""keywords"":""web development"",""origin"":""FACETED_SEARCH"",""spellCorrectionEnabled"":""true"",""companyHqGeo"":[""104305776"",""100459316"",""106155005""],""companySize"":[""B"",""C""]}]",,,,,,,,,,,,,,,review_non_mena,medium,"Richardson, Texas","Source location resolves to United States, outside the configured MENA scope."
linkedin,Red Panda Network LLC,United States,Design Services,,"Sheridan, Wyoming",,"Red Panda Network is a Premier Web Development & Advertising Agency. A multiple times award-winning Web & Growth Marketing, Agency and an Innovative firm currently having registered in The United States serving a reputed client base from all over the world. We're also providing Design & Marketing Services. Making...",,8000,,https://www.linkedin.com/company/red-panda-net/,web development,"[{""keywords"":""web development"",""origin"":""FACETED_SEARCH"",""companyHqGeo"":[""104305776"",""100459316"",""106155005""],""companySize"":[""B"",""C""]},{""keywords"":""web development"",""origin"":""FACETED_SEARCH"",""spellCorrectionEnabled"":""true"",""companyHqGeo"":[""104305776"",""100459316"",""106155005""],""companySize"":[""B"",""C""]}]",,,,,,,,,,,,,,,review_non_mena,medium,"Sheridan, Wyoming","Source location resolves to United States, outside the configured MENA scope."
linkedin,UXTeam,United States,Design,,"Edison, New Jersey",,"UXTeam is a B2B experience design partner helping agencies and companies deliver clear, scalable, and high-quality digital experiences. We work behind the scenes with marketing agencies, development teams, B2B event organizers, and product companies to strengthen their UX, UI, and design execution without adding...",,11000,,https://www.linkedin.com/company/uxteam/,web development,"[{""keywords"":""web development"",""origin"":""FACETED_SEARCH"",""companyHqGeo"":[""104305776"",""100459316"",""106155005""],""companySize"":[""B"",""C""]},{""keywords"":""web development"",""origin"":""FACETED_SEARCH"",""spellCorrectionEnabled"":""true"",""companyHqGeo"":[""104305776"",""100459316"",""106155005""],""companySize"":[""B"",""C""]}]",,,,,,,,,,,,,,,review_non_mena,medium,"Edison, New Jersey","Source location resolves to United States, outside the configured MENA scope."
linkedin,TechCreatix,United States,IT Services and IT Consulting,,"St Petersburg, Florida",,Web app development,,9000,,https://www.linkedin.com/company/techcreatix/,web development,"[{""keywords"":""web development"",""origin"":""FACETED_SEARCH"",""companyHqGeo"":[""104305776"",""100459316"",""106155005""],""companySize"":[""B"",""C""]},{""keywords"":""web development"",""origin"":""FACETED_SEARCH"",""spellCorrectionEnabled"":""true"",""companyHqGeo"":[""104305776"",""100459316"",""106155005""],""companySize"":[""B"",""C""]}]",,,,,,,,,,,,,,,review_non_mena,medium,"St Petersburg, Florida","Source location resolves to United States, outside the configured MENA scope."
linkedin,Fwd Creatives,United States,"Technology, Information and Internet",,"Dulles, Washington DC",,"FWD Creatives is a digital agency specialized in web design, development, softwares, mobile applications, branding, marketing and production.",,14000,,https://www.linkedin.com/company/fwd-creatives/,web development,"[{""keywords"":""web development"",""origin"":""FACETED_SEARCH"",""companyHqGeo"":[""104305776"",""100459316"",""106155005""],""companySize"":[""B"",""C""]},{""keywords"":""web development"",""origin"":""FACETED_SEARCH"",""spellCorrectionEnabled"":""true"",""companyHqGeo"":[""104305776"",""100459316"",""106155005""],""companySize"":[""B"",""C""]}]",,,,,,,,,,,,,,,review_non_mena,medium,"Dulles, Washington DC","Source location resolves to United States, outside the configured MENA scope."
linkedin,Theecode,United States,IT Services and IT Consulting,,"Mamaroneck, New York",,Web App Development,,8000,,https://www.linkedin.com/company/theecode/,web development,"[{""keywords"":""web development"",""origin"":""FACETED_SEARCH"",""companyHqGeo"":[""104305776"",""100459316"",""106155005""],""companySize"":[""B"",""C""]},{""keywords"":""web development"",""origin"":""FACETED_SEARCH"",""spellCorrectionEnabled"":""true"",""companyHqGeo"":[""104305776"",""100459316"",""106155005""],""companySize"":[""B"",""C""]}]",,,,,,,,,,,,,,,review_non_mena,medium,"Mamaroneck, New York","Source location resolves to United States, outside the configured MENA scope."
linkedin,ClickTraces,United States,IT Services and IT Consulting,,"Austin, Texas",,"We are an AI-driven digital marketing agency that provides data-centric marketing solutions to local businesses, incorporating advanced AI technologies. Our services include web development, SEO, and advanced digital marketing, all optimized with AI for superior outcomes. Our web development team creates high...",,7000,,https://www.linkedin.com/company/clicktraces/,web development,"[{""keywords"":""web development"",""origin"":""FACETED_SEARCH"",""companyHqGeo"":[""104305776"",""100459316"",""106155005""],""companySize"":[""B"",""C""]},{""keywords"":""web development"",""origin"":""FACETED_SEARCH"",""spellCorrectionEnabled"":""true"",""companyHqGeo"":[""104305776"",""100459316"",""106155005""],""companySize"":[""B"",""C""]}]",,,,,,,,,,,,,,,review_non_mena,medium,"Austin, Texas","Source location resolves to United States, outside the configured MENA scope."
linkedin,Superb Developer,United States,IT Services and IT Consulting,,"Texas, Plano",,Web Development,,7000,,https://www.linkedin.com/company/superb-developer/,web development,"[{""keywords"":""web development"",""origin"":""FACETED_SEARCH"",""companyHqGeo"":[""104305776"",""100459316"",""106155005""],""companySize"":[""B"",""C""]},{""keywords"":""web development"",""origin"":""FACETED_SEARCH"",""spellCorrectionEnabled"":""true"",""companyHqGeo"":[""104305776"",""100459316"",""106155005""],""companySize"":[""B"",""C""]}]",,,,,,,,,,,,,,,review_non_mena,medium,"Texas, Plano","Source location resolves to United States, outside the configured MENA scope."
linkedin,W Leads,United States,Marketing Services,,San Francisco,,Transform your website into a lead generation machine with our expert web development services.,,7000,,https://www.linkedin.com/company/webflow-leads/,web development,"[{""keywords"":""web development"",""origin"":""FACETED_SEARCH"",""companyHqGeo"":[""104305776"",""100459316"",""106155005""],""companySize"":[""B"",""C""]},{""keywords"":""web development"",""origin"":""FACETED_SEARCH"",""spellCorrectionEnabled"":""true"",""companyHqGeo"":[""104305776"",""100459316"",""106155005""],""companySize"":[""B"",""C""]}]",,,,,,,,,,,,,,,review_non_mena,medium,San Francisco,"Source location resolves to United States, outside the configured MENA scope."
linkedin,"Bruce Clay, Inc.",United States,Internet Publishing,,"Simi Valley, CA",,"..., content development, web architecture, and website analytics. We provide comprehensive and 100% customized online marketing strategies that deliver results...",,6000,,https://www.linkedin.com/company/bruce-clay-inc-/,web development,"[{""keywords"":""web development"",""origin"":""FACETED_SEARCH"",""companyHqGeo"":[""104305776"",""100459316"",""106155005""],""companySize"":[""B"",""C""]},{""keywords"":""web development"",""origin"":""FACETED_SEARCH"",""spellCorrectionEnabled"":""true"",""companyHqGeo"":[""104305776"",""100459316"",""106155005""],""companySize"":[""B"",""C""]}]",,,,,,,,,,,,,,,review_non_mena,medium,"Simi Valley, CA","Source location resolves to United States, outside the configured MENA scope."
linkedin,Zajno Digital Design Studio,United States,Advertising Services,,"Lewes, Delaware",,Services: Branding | Website & Landing Page Design | Webflow Development | UI/UX | Motion Graphics | 3D Animation | Illustrations | Sound Design Web...,,5000,,https://www.linkedin.com/company/zajno/,web development,"[{""keywords"":""web development"",""origin"":""FACETED_SEARCH"",""companyHqGeo"":[""104305776"",""100459316"",""106155005""],""companySize"":[""B"",""C""]},{""keywords"":""web development"",""origin"":""FACETED_SEARCH"",""spellCorrectionEnabled"":""true"",""companyHqGeo"":[""104305776"",""100459316"",""106155005""],""companySize"":[""B"",""C""]}]",,,,,,,,,,,,,,,review_non_mena,medium,"Lewes, Delaware","Source location resolves to United States, outside the configured MENA scope."
linkedin,"Macromodule Technologies, LLC",United States,Software Development,,"Miami, Florida",,"Macromodule Technologies | AI, Custom Software and Digital Transformation Macromodule Technologies is a software engineering and technology partner helping businesses build AI-enabled systems, automate complex operations, modernize existing processes, and launch scalable digital products. We work with founders, growing companies, and enterprise teams that need more than basic development support. Our team combines product strategy, software architecture, engineering, quality assurance, cloud infrastructure, and long-term technical support to deliver reliable technology solutions. Our Core Capabilities 1. AI and Intelligent Automation We build AI-powered applications, intelligent workflows, document-processing systems, analytics platforms, AI assistants, and automation solutions that help businesses reduce manual work, improve decision-making, and operate more efficiently. 2. Custom Software Engineering We design and develop scalable web platforms, SaaS products, enterprise applications, mobile apps, dashboards, APIs, and cloud-based systems tailored to specific business and operational requirements. 3. Digital Process Transformation We help companies replace disconnected tools, spreadsheets, and manual processes with integrated digital systems. Our solutions improve visibility, productivity, data accuracy, and collaboration across teams. 4. Blockchain and Web3 Solutions We develop selected blockchain products and infrastructure, including non-custodial wallets, smart contracts, decentralized platforms, tokenization systems, blockchain integrations, and custom Web3 applications. Industry Experience Our teams have delivered technology solutions across FinTech, HealthTech, SaaS, data and analytics, logistics, e-commerce, enterprise operations, and blockchain-based products. Why Companies Work With Us We approach every engagement as a technology partner, not simply a development vendor. We focus on understanding the business problem, defining the right ar",,4000,,https://www.linkedin.com/company/macromodule-technologies/,web development,"[{""keywords"":""web development"",""origin"":""FACETED_SEARCH"",""companyHqGeo"":[""104305776"",""100459316"",""106155005""],""companySize"":[""B"",""C""]},{""origin"":""GLOBAL_SEARCH_HEADER"",""companyHqGeo"":[""100459316"",""104305776"",""106155005""],""companySize"":[""B"",""C""],""industryCompanyVertical"":[""4""]},{""keywords"":""web development"",""origin"":""FACETED_SEARCH"",""spellCorrectionEnabled"":""true"",""companyHqGeo"":[""104305776"",""100459316"",""106155005""],""companySize"":[""B"",""C""]}]",,,,,,,,,,,,,,,review_non_mena,medium,"Miami, Florida","Source location resolves to United States, outside the configured MENA scope."
linkedin,Arhamsoft LLC,United States,IT Services and IT Consulting,,"new york, new york",,"...mobile apps that provide seamless user experiences and support business growth. Web Development: High-performance, visually appealing websites and web applications...",,5000,,https://www.linkedin.com/company/arhamsoft-llc/,web development,"[{""keywords"":""web development"",""origin"":""FACETED_SEARCH"",""companyHqGeo"":[""104305776"",""100459316"",""106155005""],""companySize"":[""B"",""C""]},{""keywords"":""web development"",""origin"":""FACETED_SEARCH"",""spellCorrectionEnabled"":""true"",""companyHqGeo"":[""104305776"",""100459316"",""106155005""],""companySize"":[""B"",""C""]}]",,,,,,,,,,,,,,,review_non_mena,medium,"new york, new york","Source location resolves to United States, outside the configured MENA scope."
linkedin,"Sapdra, Inc.",United States,IT Services and IT Consulting,,"Clearwater, Florida",,"Sapdra is an IT company, delivering high quality IT services including software development, web development, application development, CMS and digital marketing services (SEO, SMO, SEM/PPC, web promotion) worldwide. Specialties: Software Application Development, Web Application Development, Website Design...",,5000,,https://www.linkedin.com/company/sapdra/,web development,"[{""keywords"":""web development"",""origin"":""FACETED_SEARCH"",""companyHqGeo"":[""104305776"",""100459316"",""106155005""],""companySize"":[""B"",""C""]},{""keywords"":""web development"",""origin"":""FACETED_SEARCH"",""spellCorrectionEnabled"":""true"",""companyHqGeo"":[""104305776"",""100459316"",""106155005""],""companySize"":[""B"",""C""]}]",,,,,,,,,,,,,,,review_non_mena,medium,"Clearwater, Florida","Source location resolves to United States, outside the configured MENA scope."
linkedin,Brand Surge LLC,United States,Marketing Services,,"Austin, Texas",,"Brand Surge is a white-label digital delivery partner built exclusively for US-based agencies. We work behind the scenes as an extension of agency teams, providing structured execution across SEO, paid search, performance and growth marketing, analytics, web design & development, and delivery-focused HR support...",,6000,,https://www.linkedin.com/company/brand-surge/,web development,"[{""keywords"":""web development"",""origin"":""FACETED_SEARCH"",""companyHqGeo"":[""104305776"",""100459316"",""106155005""],""companySize"":[""B"",""C""]},{""keywords"":""web development"",""origin"":""FACETED_SEARCH"",""spellCorrectionEnabled"":""true"",""companyHqGeo"":[""104305776"",""100459316"",""106155005""],""companySize"":[""B"",""C""]}]",,,,,,,,,,,,,,,review_non_mena,medium,"Austin, Texas","Source location resolves to United States, outside the configured MENA scope."
linkedin,Codknox,United States,Software Development,,"New York, New York",,"Based in NYC, Codknox embodies technical excellence. We thrive on tackling complex challenges and finding effective solutions to sophisticated problems. Our team of tech experts thinks big and innovatively, designs creatively, and codes efficiently to deliver digital products tailored to real customer needs, standing out in a dynamic marketplace. With our top-tier, full-cycle custom web and mobile app development services, we are your technology partner, ready to bring your innovative ideas to life. We support you through the digital transformation journey. Our digital manufacturing provides a comprehensive range of web and mobile solutions, keeping you ahead of the digital curve. We help you deliver solution-oriented, robust, and smart digital products that offer outstanding user experiences and seamless functionality. Let us help you harness innovative technologies and gain a competitive edge in the global digital economy.",,4000,,https://www.linkedin.com/company/codknox/,web development,"[{""keywords"":""web development"",""origin"":""FACETED_SEARCH"",""companyHqGeo"":[""104305776"",""100459316"",""106155005""],""companySize"":[""B"",""C""]},{""origin"":""GLOBAL_SEARCH_HEADER"",""companyHqGeo"":[""100459316"",""104305776"",""106155005""],""companySize"":[""B"",""C""],""industryCompanyVertical"":[""4""]},{""keywords"":""web development"",""origin"":""FACETED_SEARCH"",""spellCorrectionEnabled"":""true"",""companyHqGeo"":[""104305776"",""100459316"",""106155005""],""companySize"":[""B"",""C""]}]",,,,,,,,,,,,,,,review_non_mena,medium,"New York, New York","Source location resolves to United States, outside the configured MENA scope."
linkedin,Enginecy,United States,Marketing Services,,"Tampa, Florida",,Web Development,,5000,,https://www.linkedin.com/company/enginecy/,web development,"[{""keywords"":""web development"",""origin"":""FACETED_SEARCH"",""companyHqGeo"":[""104305776"",""100459316"",""106155005""],""companySize"":[""B"",""C""]},{""keywords"":""web development"",""origin"":""FACETED_SEARCH"",""spellCorrectionEnabled"":""true"",""companyHqGeo"":[""104305776"",""100459316"",""106155005""],""companySize"":[""B"",""C""]}]",,,,,,,,,,,,,,,review_non_mena,medium,"Tampa, Florida","Source location resolves to United States, outside the configured MENA scope."
linkedin,Analogyx,United States,Software Development,,"San Francisco, California",,"Drive Business Transformation with Analogyx - Your Strategic IT Partner Analogyx is your trusted strategic partner for cutting-edge IT solutions tailored to accelerate growth. Our expertise spans Cloud ERP Implementation (Epicor, Odoo, SAP), Data Integration, SaaS Deployment, Data Analytics, AI & Machine Learning. Key Services: - ERP Consulting & Implementation (Epicor, Odoo, SAP, Oracle NetSuite) - CRM Solutions (Salesforce, Microsoft Dynamics) - Data Warehousing & Business Intelligence (Power BI, Tableau) - Data Integration & ETL (Informatica, Talend, Azure Data Factory) - AI & Machine Learning Solutions - Cloud Migration & Managed Services (AWS, Azure) With over 35+ certified consultants, we deliver industry-specific solutions for Manufacturing, Retail, BFSI, Healthcare, and more. Let's unlock your business's true potential with tailored IT strategies driving operational efficiency, data-driven insights, and digital transformation. Contact us today for a free consultation!",,4000,,https://www.linkedin.com/company/analogyxbi/,web development,"[{""keywords"":""web development"",""origin"":""FACETED_SEARCH"",""companyHqGeo"":[""104305776"",""100459316"",""106155005""],""companySize"":[""B"",""C""]},{""origin"":""GLOBAL_SEARCH_HEADER"",""companyHqGeo"":[""100459316"",""104305776"",""106155005""],""companySize"":[""B"",""C""],""industryCompanyVertical"":[""4""]},{""keywords"":""web development"",""origin"":""FACETED_SEARCH"",""spellCorrectionEnabled"":""true"",""companyHqGeo"":[""104305776"",""100459316"",""106155005""],""companySize"":[""B"",""C""]}]",,,,,,,,,,,,,,,review_non_mena,medium,"San Francisco, California","Source location resolves to United States, outside the configured MENA scope."
linkedin,Grids Apps LLC,United States,Software Development,,"New York, new york",,"We Are a Professional Company That Provides The Best Solutions for Desktop Programs , Web Sites and Mobile Apps. We have the technical knowledge, design savvy and business-sense to make your app idea a success. We’ll walk you through the whole process from planning to design to Development the Apps ,and Finally...",,2000,,https://www.linkedin.com/company/gridsappsllc/,apps,"[{""keywords"":""apps"",""origin"":""GLOBAL_SEARCH_HEADER"",""companyHqGeo"":[""104305776"",""100459316"",""106155005""],""companySize"":[""B"",""C""]}]",,,,,,,,,,,,,,,review_non_mena,medium,"New York, new york","Source location resolves to United States, outside the configured MENA scope."
linkedin,Vie Apps Studio,Pakistan,Software Development,,"Lahore, Punjab",,"At Vie Apps Studio Pvt LTD, we specialize in delivering comprehensive technology solutions tailored to your needs. From mobile game development and NFT creation to custom software and web applications, our team is dedicated to turning your vision into reality. 𝐖𝐡𝐚𝐭 𝐖𝐞 𝐃𝐨: 𝐌𝐨𝐛𝐢𝐥𝐞 𝐀𝐩𝐩...",,10000,,https://www.linkedin.com/company/vie-apps-studio/,apps,"[{""keywords"":""apps"",""origin"":""GLOBAL_SEARCH_HEADER"",""companyHqGeo"":[""104305776"",""100459316"",""106155005""],""companySize"":[""B"",""C""]}]",,,,,,,,,,,,,,,review_non_mena,medium,"Lahore, Punjab","Source location resolves to Pakistan, outside the configured MENA scope."
linkedin,"MSD Business Solutions-Dynamics365 F&O, BC, CRM, AI, Fabric and Power BI/Apps/Automate Specialist",India,IT Services and IT Consulting,,"Chennai, Tamilnadu",,".../AX, Business Central/NAV, Customer Engagement(CRM), GP, PowerAutomate, Power Apps & Power BI. MSD Business Solutions offerings include Dynamics 365 Finance...",,2000,,https://www.linkedin.com/company/msd365bizsolutions/,apps,"[{""keywords"":""apps"",""origin"":""GLOBAL_SEARCH_HEADER"",""companyHqGeo"":[""104305776"",""100459316"",""106155005""],""companySize"":[""B"",""C""]}]",,,,,,,,,,,,,,,review_non_mena,medium,"Chennai, Tamilnadu","Source location resolves to India, outside the configured MENA scope."
linkedin,Apps Archs,Pakistan,IT System Custom Software Development,,Rawalpindi,,From Idea to Deployment - Apps That Scale,,229,,https://www.linkedin.com/company/appsarchs/,apps,"[{""keywords"":""apps"",""origin"":""GLOBAL_SEARCH_HEADER"",""companyHqGeo"":[""104305776"",""100459316"",""106155005""],""companySize"":[""B"",""C""]}]",,,,,,,,,,,,,,,review_non_mena,medium,Rawalpindi,"Source location resolves to Pakistan, outside the configured MENA scope."
linkedin,Milestone Apps,Pakistan,IT Services and IT Consulting,,"Lahore, Punjab",,"Milestone Apps is a digital technology consulting practice with presence in Canada, UAE and Pakistan. Fast growing global clientbase spanning over 12 industry sectors, ranges from highly established organizations like world’s largest shipowners, and 150-year old university on one hand, to highly agile funded start...",,1000,,https://www.linkedin.com/company/milestoneapps/,apps,"[{""keywords"":""apps"",""origin"":""GLOBAL_SEARCH_HEADER"",""companyHqGeo"":[""104305776"",""100459316"",""106155005""],""companySize"":[""B"",""C""]}]",,,,,,,,,,,,,,,review_non_mena,medium,"Lahore, Punjab","Source location resolves to Pakistan, outside the configured MENA scope."
linkedin,Asociacion de Conductores de Apps del Ecuador ASOCONAPPE SAS,Ecuador,"Transportation, Logistics, Supply Chain and Storage",,"Quito, Pichincha",,"Somos una empresa especializada en la logistica de personas y bienes, en la que sabemos que el detalle de cada viaje o cada entrega es el pilar fundamental del exito.",,12,,https://www.linkedin.com/company/asociacion-de-conductores-de-apps-del-ecuador-asoconappe-sas/,apps,"[{""keywords"":""apps"",""origin"":""GLOBAL_SEARCH_HEADER"",""companyHqGeo"":[""104305776"",""100459316"",""106155005""],""companySize"":[""B"",""C""]}]",,,,,,,,,,,,,,,review_non_mena,medium,"Quito, Pichincha","Source location resolves to Ecuador, outside the configured MENA scope."
linkedin,Instatus,United States,Software Development,,"Beaverton, Oregon",,"Get ready for downtime! Instatus helps you: ❶ Monitor your services ❷ Fix incidents with your team and ❸ Share your status with customers. Used by next-gen products like Railway & Deno, top universities like Harvard & Queens, and Enterprises like Siemens & KFC 😋",,5000,,https://www.linkedin.com/company/instatus/,,"[{""origin"":""GLOBAL_SEARCH_HEADER"",""companyHqGeo"":[""100459316"",""104305776"",""106155005""],""companySize"":[""B"",""C""],""industryCompanyVertical"":[""4""]}]",,,,,,,,,,,,,,,review_non_mena,medium,"Beaverton, Oregon","Source location resolves to United States, outside the configured MENA scope."
linkedin,Artmac,United States,Software Development,,"Prosper, Texas",,"Artmac provides Digital, consulting and Management IT services to clients globally - As your trusted partner, let’s reimagine how your business gets done. Merging your vision and our expertise, we help you achieve powerful results.It’s our mission to help our customers achieve success. That can only be accomplished through strong, lasting relationships. Artmac offers a wide array of solutions for a range of key verticals and horizontals.Starting from the strategy consulting right through to implementing IT solutions for clients. We provide solutions for a dynamic environment where business and technology strategies converge. As partners to conceptualize and realize technology driven business transformation initiatives. With a world-class infrastructure and a global network, Artmac offers a wide array of solutions for a range of key verticals and horizontals. For additional information, connect with our team today. For information about Artmac Soft, visit linkedin.com/company/artmac-soft-llc/",,175000,,https://www.linkedin.com/company/artmac-soft-llc/,,"[{""origin"":""GLOBAL_SEARCH_HEADER"",""companyHqGeo"":[""100459316"",""104305776"",""106155005""],""companySize"":[""B"",""C""],""industryCompanyVertical"":[""4""]}]",,,,,,,,,,,,,,,review_non_mena,medium,"Prosper, Texas","Source location resolves to United States, outside the configured MENA scope."
linkedin,Derq,United States,Software Development,,Detroit,,"We are innovators and believers—driven by our mission to eliminate road fatalities through AI-powered intelligent transportation systems. As an MIT-spinoff, our academic roots in research drive our passion to advance smart cities, improve road safety, and solve transportation challenges. Commercialized in 2016 from an idea to revolutionary AI, our ITS technology is live today in 30+ cities across the U.S. and GCC. As we’ve grown, our work has contributed to 15 patents, helped save countless lives, and earned global recognition from AI and mobility leaders—including the WEF, SXSW, Techstars, ITS America, Vision Zero, and Together for Safer Roads. To learn more about our AI traffic systems that detect, track, classify, and predict, visit Derq.com.",,28000,,https://www.linkedin.com/company/derq/,,"[{""origin"":""GLOBAL_SEARCH_HEADER"",""companyHqGeo"":[""100459316"",""104305776"",""106155005""],""companySize"":[""B"",""C""],""industryCompanyVertical"":[""4""]}]",,,,,,,,,,,,,,,review_non_mena,medium,Detroit,"Source location resolves to United States, outside the configured MENA scope."
linkedin,BriefCam (Now Milestone),United States,Software Development,,"Newton, MA",,"BriefCam® is the leading provider of video analytics software that enables people, communities, and companies of any size to unlock the value of video surveillance content. Delivering accurate, flexible, and comprehensive solutions, BriefCam’s video analytics platform provides valuable insights for accelerating investigations, increasing situational awareness, and enhancing operational intelligence for organizations ranging from law enforcement and government agencies to retail and hospitality businesses, as well as healthcare and banking facilities. VIDEO SYNOPSIS® technology is a registered trademark of BriefCam, Ltd. For more information about BriefCam’s video content analytics software, hardware, and architecture solutions, visit www.BriefCam.com.",,20000,,https://www.linkedin.com/company/briefcam-ltd./,,"[{""origin"":""GLOBAL_SEARCH_HEADER"",""companyHqGeo"":[""100459316"",""104305776"",""106155005""],""companySize"":[""B"",""C""],""industryCompanyVertical"":[""4""]}]",,,,,,,,,,,,,,,review_non_mena,medium,"Newton, MA","Source location resolves to United States, outside the configured MENA scope."
linkedin,GoWit Technology,United States,Software Development,,"Newark, Delaware",,"GoWit is the global AdTech leader, powering omnichannel Commerce and Retail Media advertising for retailers, brands, and agencies. By bringing together best-in-class technology, ad operations, and demand in a single AI-powered platform, GoWit helps media owners and buyers maximize advertising monetization and relevancy. Backed by 15+ years of experience in digital advertising and serving 7,000+ brands and agencies across 20+ markets, GoWit RMA enables omnichannel advertising (On-Site, Off-Site, In-Store), self-service campaign management, contextual targeting, automated bidding, and real-time analytics. GoWit delivers new high-margin revenues for retailers, maximum ROI for advertisers, and multi-retailer campaign management for agencies, all connected through one unified advertising platform.",,18000,,https://www.linkedin.com/company/gowit-inc/,,"[{""origin"":""GLOBAL_SEARCH_HEADER"",""companyHqGeo"":[""100459316"",""104305776"",""106155005""],""companySize"":[""B"",""C""],""industryCompanyVertical"":[""4""]}]",,,,,,,,,,,,,,,review_non_mena,medium,"Newark, Delaware","Source location resolves to United States, outside the configured MENA scope."
linkedin,QuilinX,United States,Software Development,,"Dover, Delaware",,"QuilinX is fast growing a developer community, which is helping the top Indian and international startups to scale fast. Our developers work directly in the engineering teams of our clients. This is a career growth platform for individuals to work & learn from some of the best engineering minds while accelerating their careers in the next couple of years to leadership tech roles. Few personas to understand – Names Changed Akhil – Studied in a reputed engineering school and is working for a large services firm for 2 years. Akhil is now looking to get an opportunity to work in startup product engineering team, that too of a stable startup. Pooja – Studied in a reputed engineering school and is working for an unstable or an under performing startup. Pooja is always worried of losing her job, and is looking for an immediate change. Raj – Studied in a reputed engineering school and is working for a stable & well reputed startup. However, Raj is unhappy with his current role and feels he can perform better somewhere else. Or Raj is looking to build a career in a more niche / different domain.",,20000,,https://www.linkedin.com/company/quilinx-ideabuilders/,,"[{""origin"":""GLOBAL_SEARCH_HEADER"",""companyHqGeo"":[""100459316"",""104305776"",""106155005""],""companySize"":[""B"",""C""],""industryCompanyVertical"":[""4""]}]",,,,,,,,,,,,,,,review_non_mena,medium,"Dover, Delaware","Source location resolves to United States, outside the configured MENA scope."
linkedin,Freterium,United States,Software Development,,"Covina, CA",,"Freterium is the transport operating system for brands and logistics providers. We automate daily B2B road transport for Danone, Carrefour, Air Liquide, Emirates Logistics, and dozens of others across MENA and Europe. Our platform unifies what used to require several disconnected tools: TMS, route optimization, real-time visibility, fleet management & maintenance, all in a single solution. Whether you run primary transport or last-mile distribution, on your own fleet or outsourced, Freterium gives you one place to plan, execute, and control every shipment. The result: lower transport costs, fewer manual operations, and reliability your customers can count on. Curious how it would work for your operations? Get in touch.",,15000,,https://www.linkedin.com/company/freterium/,,"[{""origin"":""GLOBAL_SEARCH_HEADER"",""companyHqGeo"":[""100459316"",""104305776"",""106155005""],""companySize"":[""B"",""C""],""industryCompanyVertical"":[""4""]}]",,,,,,,,,,,,,,,review_non_mena,medium,"Covina, CA","Source location resolves to United States, outside the configured MENA scope."
linkedin,FabMinds,United States,Software Development,,"Claymont, Delaware",,"Fabminds is a deep-tech company founded in 2020, innovating at the intersection of AI-powered software, advanced hardware, and human creativity. We build intelligent ecosystems that simplify the design and manufacturing of fully customized products through personalized 3D printing technology. Powered by Fabminds, WandDo.shop brings this innovation to life by delivering scalable, on-demand personalized 3D-printed solutions for education, gifting, and modern lifestyle applications. At FabMinds, we are redefining digital-to-physical creation by making mass personalization smarter, faster, and accessible to everyone.",,13000,,https://www.linkedin.com/company/fab-minds/,,"[{""origin"":""GLOBAL_SEARCH_HEADER"",""companyHqGeo"":[""100459316"",""104305776"",""106155005""],""companySize"":[""B"",""C""],""industryCompanyVertical"":[""4""]}]",,,,,,,,,,,,,,,review_non_mena,medium,"Claymont, Delaware","Source location resolves to United States, outside the configured MENA scope."
linkedin,OptCulture,United States,Software Development,,"Houston, TX",,"OptCulture gives retailers buying and behavioral insight about their customers with the ability to engage them through loyalty programs, promotions and multi-channel marketing campaigns.",,12000,,https://www.linkedin.com/company/optculture/,,"[{""origin"":""GLOBAL_SEARCH_HEADER"",""companyHqGeo"":[""100459316"",""104305776"",""106155005""],""companySize"":[""B"",""C""],""industryCompanyVertical"":[""4""]}]",,,,,,,,,,,,,,,review_non_mena,medium,"Houston, TX","Source location resolves to United States, outside the configured MENA scope."
linkedin,OrbitronAI.com,United States,Software Development,,Palto Alto,,Autonomous agentic AI designed for Business Impact,,12000,,https://www.linkedin.com/company/orbitronai-com/,,"[{""origin"":""GLOBAL_SEARCH_HEADER"",""companyHqGeo"":[""100459316"",""104305776"",""106155005""],""companySize"":[""B"",""C""],""industryCompanyVertical"":[""4""]}]",,,,,,,,,,,,,,,review_non_mena,medium,Palto Alto,"Source location resolves to United States, outside the configured MENA scope."
linkedin,Trio,United States,Software Development,,"Covina, California",,"Trio MDM helps IT teams manage every device without needing a dedicated security team to do it. Most companies don't have a full IT department. One person is covering onboarding, security, and support, often across iPhones, Macs, Windows laptops, Android devices, and Linux systems at the same time. Trio MDM is built for that reality, not around it. With Trio MDM, you can enroll new devices automatically, apply security policies across your whole fleet, track compliance in real time, and lock down a lost or stolen device in seconds. No extra hires. No consultant required. Growing companies use Trio MDM to stay in control as their device count climbs. Schools use Trio School to keep students safe online without running an IT department to do it.",,9000,,https://www.linkedin.com/company/trio-so/,,"[{""origin"":""GLOBAL_SEARCH_HEADER"",""companyHqGeo"":[""100459316"",""104305776"",""106155005""],""companySize"":[""B"",""C""],""industryCompanyVertical"":[""4""]}]",,,,,,,,,,,,,,,review_non_mena,medium,"Covina, California","Source location resolves to United States, outside the configured MENA scope."
linkedin,Quixas Technology,United States,Software Development,,"St. Petersburg, Florida",,"Quixas is a forward-deployed AI engineering firm focused on making production AI measurable and reliable. We work with engineering and product teams that already have an AI product, feature, agent, or workflow running in production but need better visibility into whether it actually completes the job correctly. We help teams define what correct looks like, measure task-level performance against real usage, identify where the system fails, and build the evaluation and regression infrastructure needed to improve it safely. Our work spans: • Production AI evaluation • Task success measurement • Failure and risk analysis • Agent and workflow reliability • Evaluation and regression systems • AI observability and production controls • Forward-deployed AI engineering Our current Production Agent Evaluation engagement gives teams a measurable baseline for a live AI product: what succeeds, what fails, where the risk sits, and what should be fixed first. Quixas helps teams move from “the AI seems to work” to knowing how well it works.",,5000,,https://www.linkedin.com/company/quixasit/,,"[{""origin"":""GLOBAL_SEARCH_HEADER"",""companyHqGeo"":[""100459316"",""104305776"",""106155005""],""companySize"":[""B"",""C""],""industryCompanyVertical"":[""4""]}]",,,,,,,,,,,,,,,review_non_mena,medium,"St. Petersburg, Florida","Source location resolves to United States, outside the configured MENA scope."
linkedin,Oware Technologies,United States,Software Development,,"Wilmington, Delaware",,"O360 is an advanced cloud-based supply chain management platform developed by Oware Technologies Inc., tailored specifically for manufacturers, third-party logistics providers (3PLs), and freight forwarders. This innovative platform integrates critical aspects of supply chain management such as warehousing, transportation, and cutting-edge artificial intelligence to offer a comprehensive solution designed to enhance operational efficiency, reduce costs, and improve decision-making. With O360, users gain real-time visibility into all facets of their supply chain, from inventory management and warehousing operations to transportation strategies and shipment tracking. The platform's intuitive interface and customizable features allow for seamless management of logistics activities, enabling users to accurately forecast demand, efficiently allocate resources, and optimize overall supply chain performance. Leveraging AI-driven analytics, O360 provides predictive insights, helping businesses anticipate potential disruptions, improve resource allocation, and identify cost-saving opportunities. The platform's collaborative tools enhance communication and coordination among supply chain partners, ensuring a more synchronized and efficient workflow. Oware Technologies Inc. has designed O360 with a focus on security and scalability, making it suitable for a wide range of business sizes and types. The platform supports companies in navigating the complexities of modern supply chains, whether operating locally or on a global scale, ensuring they remain competitive and compliant in the dynamic logistics industry.",,11000,,https://www.linkedin.com/company/owaretechnologies/,,"[{""origin"":""GLOBAL_SEARCH_HEADER"",""companyHqGeo"":[""100459316"",""104305776"",""106155005""],""companySize"":[""B"",""C""],""industryCompanyVertical"":[""4""]}]",,,,,,,,,,,,,,,review_non_mena,medium,"Wilmington, Delaware","Source location resolves to United States, outside the configured MENA scope."
linkedin,AIM Technologies,United States,Software Development,,"Dover, Delaware",,AIM Technologies is an ambitious artificial intelligence company founded in 2018. Our mission is to create innovative solutions that help businesses better understand and respond to customer feedback. We believe in empowering our clients with the tools they need to build stronger relationships with their customers and drive positive business outcomes.,,10000,,https://www.linkedin.com/company/aimtechnologies/,,"[{""origin"":""GLOBAL_SEARCH_HEADER"",""companyHqGeo"":[""100459316"",""104305776"",""106155005""],""companySize"":[""B"",""C""],""industryCompanyVertical"":[""4""]}]",,,,,,,,,,,,,,,review_non_mena,medium,"Dover, Delaware","Source location resolves to United States, outside the configured MENA scope."
linkedin,Narrativa,United States,Software Development,,"Los Angeles, California",,"Narrativa is a company with more than 10 years of experience supporting life sciences organizations in automating regulatory documentation at scale through agentic AI. Its proprietary platform, Narrativa® Navigator, enables the generation of complex, high-volume documentation in regulated environments while ensuring speed, accuracy, consistency, and compliance.",,4000,,https://www.linkedin.com/company/narrativaai/,,"[{""origin"":""GLOBAL_SEARCH_HEADER"",""companyHqGeo"":[""100459316"",""104305776"",""106155005""],""companySize"":[""B"",""C""],""industryCompanyVertical"":[""4""]}]",,,,,,,,,,,,,,,review_non_mena,medium,"Los Angeles, California","Source location resolves to United States, outside the configured MENA scope."
linkedin,PMaspire Global Group Helping Project Aspirants in 120 Countries,United States,Software Development,,"Sheridan, Wyoming",,"PMaspire was founded to accomplish one goal: to help PMP® aspirants pass the PMP® certification on the first try. As developers of the world’s first cloud-based, multi-lingual enterprise Exam Simulator as a Service (e-SaaS), PMaspire is providing a groundbreaking one-stop solution perfectly suited for today’s on the go lifestyle. There’s no clunky installation necessary; wherever you are in the world our software is always available on your mobile device. PMaspire has earned the prestigious BASIS national ICT award 2018 multilingual enterprise e-Learning and e-SaaS platform. PMaspire has been ranked as the best Project Management Training sites in the world by https://project-management.com. PMaspire e-learning and exam simulator platform helping project aspirants in 100 countries and available in seven (07) international languages including English, Arabic, Portuguese, Spanish, German, French and Chinese. PMaspire also is a global registered education provider of Project Management Institute Inc. (REP 4506) helping project aspirants learn project management through practical project case studies and hand on exercises by doing simulation experience. PMaspire is also the pioneer of Agile PMO setup, PMO Consultancy, Agile Project Management and PM Resourcing services. PMaspire is the premier solutions provider for customized training for NGO’s, Pharma, Constructions and Govt. industries. With global head quarter in Singapore, north American hub in Canada and software development centre in Bangladesh, PMaspire expanded its horizon in 75 countries through 350+ authorized solutions provider and partners.",,9000,,https://www.linkedin.com/company/pmaspire/,,"[{""origin"":""GLOBAL_SEARCH_HEADER"",""companyHqGeo"":[""100459316"",""104305776"",""106155005""],""companySize"":[""B"",""C""],""industryCompanyVertical"":[""4""]}]",,,,,,,,,,,,,,,review_non_mena,medium,"Sheridan, Wyoming","Source location resolves to United States, outside the configured MENA scope."
linkedin,Appgain.io,United States,Software Development,,"Delaware, Delaware",,"AI That Works Where Your Business Works. Appgain is a global Agentic AI company helping businesses automate customer conversations where work actually happens—not in another dashboard. Through ConnectGain, organizations deploy AI directly inside CRM platforms, WhatsApp, voice calls, websites, email, and business workflows to qualify leads, automate customer engagement, update CRM records, schedule follow-ups, analyze conversations, and execute real business tasks. Instead of simply generating responses, our AI agents understand goals, make decisions, and take action across the entire customer journey. With more than 10 years of experience, 1,200+ businesses served, and solutions trusted across customer support, sales, healthcare, retail, education, finance, and enterprise organizations, Appgain helps companies transform conversations into measurable business outcomes. ConnectGain by Appgain AI That Works Where Your Business Works.",,9000,,https://www.linkedin.com/company/appgain/,,"[{""origin"":""GLOBAL_SEARCH_HEADER"",""companyHqGeo"":[""100459316"",""104305776"",""106155005""],""companySize"":[""B"",""C""],""industryCompanyVertical"":[""4""]}]",,,,,,,,,,,,,,,review_non_mena,medium,"Delaware, Delaware","Source location resolves to United States, outside the configured MENA scope."
linkedin,Implicit,United States,Software Development,,"New York, NY",,"Implicit is a secure AI workspace built to power maintenance, support, and knowledge management teams. It is the trusted, accurate knowledge foundation purpose-built to empower your hybrid workforce. With grounded AI designed to ingest and understand technical content, Implicit reads your manuals, tickets, and procedures, then returns cited answers your people and your AI agents can trust, from the same governed knowledge base. Humans get cited answers they can act on with confidence, and AI agents reach the same governed knowledge over MCP and API. Both draw from the same source, so work moves faster without losing accuracy. Implicit sits between three categories of tools (General AI, Knowledge Tools, and Vertical Support Platforms), and is the only one designed to deliver private, governed knowledge to both people and AI agents for technical work. Bring every source into one searchable layer. Connect Zendesk, SharePoint, Notion, Slack, and many other tools. Add private content through file uploads, and pull in anything you reach over MCP or API. One place to ask, one place to look.",,9000,,https://www.linkedin.com/company/implicit-cloud/,,"[{""origin"":""GLOBAL_SEARCH_HEADER"",""companyHqGeo"":[""100459316"",""104305776"",""106155005""],""companySize"":[""B"",""C""],""industryCompanyVertical"":[""4""]}]",,,,,,,,,,,,,,,review_non_mena,medium,"New York, NY","Source location resolves to United States, outside the configured MENA scope."
linkedin,Guest Posting Services,United States,Software Development,,"Bolingbrook, Illinois",,"We are Guest Blogging Services Provider Agency. You Can Contact US Guest posting, SEO ( Off-page, ON-page) , PCC services",,6000,,https://www.linkedin.com/company/guest-posting-services/,,"[{""origin"":""GLOBAL_SEARCH_HEADER"",""companyHqGeo"":[""100459316"",""104305776"",""106155005""],""companySize"":[""B"",""C""],""industryCompanyVertical"":[""4""]}]",,,,,,,,,,,,,,,review_non_mena,medium,"Bolingbrook, Illinois","Source location resolves to United States, outside the configured MENA scope."
linkedin,Xpoint,United States,Software Development,,Miami,,"Xpoint provides an essential geolocation compliance solution to the sports betting and iGaming industries globally. Using the latest geofencing technology, and with decades of combined industry experience, we are perfectly positioned to partner with operators in the rapid-growth U.S. market and beyond. Our aim is to change the global geolocation market by bringing innovation to an industry that has, to date, viewed geo-compliance as a utility rather than a new business opportunity. In addition to solving a regulatory obligation and providing geolocation security, our innovative platform utilises customer insight to identify acquisition and retention opportunities for its partners - delivering marketing ROI.",,8000,,https://www.linkedin.com/company/xpoint-tech/,,"[{""origin"":""GLOBAL_SEARCH_HEADER"",""companyHqGeo"":[""100459316"",""104305776"",""106155005""],""companySize"":[""B"",""C""],""industryCompanyVertical"":[""4""]}]",,,,,,,,,,,,,,,review_non_mena,medium,Miami,"Source location resolves to United States, outside the configured MENA scope."
linkedin,DXwand,United States,Software Development,,"Cheyenne, Wyoming",,"DXwand's Knowledge Mining and Generative AI technology helps businesses embark below capabilities to streamline and automate their customer service conversations and unlock business insights from their knowledge. Company worked for years to build technology caters for multiple languages and dialects. - Engage: Automate your customers conversations intuitively; leverage your existing knowledge and backend systems to surface them into intuitive conversational experience to answer customers’ specific questions, perform services and more in multiple languages over the most diverse set of channels such as call centers, social media, website, mobile app and WhatsApp for Business. - Analyze: Get instant and accurate answers about your data, whether they are huge set of PDFs, recordings, sites or backend systems. - Validate: Automatically validate your new built documents compliance with your policies and tap into details of why they would be none compliant. Optimize your employees time and increase their efficiency and productivity.",,8000,,https://www.linkedin.com/company/dxwand/,,"[{""origin"":""GLOBAL_SEARCH_HEADER"",""companyHqGeo"":[""100459316"",""104305776"",""106155005""],""companySize"":[""B"",""C""],""industryCompanyVertical"":[""4""]}]",,,,,,,,,,,,,,,review_non_mena,medium,"Cheyenne, Wyoming","Source location resolves to United States, outside the configured MENA scope."
linkedin,Cercli,United States,Software Development,,San Francisco,,"Cercli is a YC-backed AI-native platform for recruiting, HR and payroll. Most companies run hiring in one tool, HR in another, and payroll in a third. We put all three in one place. No duplicate data, no manual handoffs, no admin that eats your day. Our AI-native ATS finds and screens the right candidates before they reach your desk. HRIS keeps every employee record, policy, and process accurate and up to date. Global payroll handles every hire type across 100+ countries, employees, contractors, and EOR, with compliance built in. Built for fast-growing teams who can't afford to slow down. Hire faster. Manage better. Learn more at cercli.com",,7000,,https://www.linkedin.com/company/cercli/,,"[{""origin"":""GLOBAL_SEARCH_HEADER"",""companyHqGeo"":[""100459316"",""104305776"",""106155005""],""companySize"":[""B"",""C""],""industryCompanyVertical"":[""4""]}]",,,,,,,,,,,,,,,review_non_mena,medium,San Francisco,"Source location resolves to United States, outside the configured MENA scope."
linkedin,Blend-ed®,United States,Software Development,,"San Francisco, CA",,"Professional training companies in regulated industries often rely on generic LMS platforms, spreadsheets, and disconnected tools to manage courses, cohorts, certificates, and compliance records. Blend-ed replaces that patchwork with one AI-powered LMS built for certification-based training businesses. It brings every part of the training operation into one branded platform, from self-paced learning and live online classes to instructor-led, offline, and blended delivery. With AI-powered course creation, certification management, audit-ready reporting, multi-organisation support, cohort scheduling, e-commerce, and verifiable certificates, Blend-ed helps teams reduce manual work, launch programs faster, stay audit-ready, and grow revenue at scale. Built on Open edX, one of the world's most trusted learning infrastructure platforms.",,3000,,https://www.linkedin.com/company/blendxed/,,"[{""origin"":""GLOBAL_SEARCH_HEADER"",""companyHqGeo"":[""100459316"",""104305776"",""106155005""],""companySize"":[""B"",""C""],""industryCompanyVertical"":[""4""]}]",,,,,,,,,,,,,,,review_non_mena,medium,"San Francisco, CA","Source location resolves to United States, outside the configured MENA scope."
linkedin,Angelicore Game Studios,United States,Computer Games,,"St.Petersburg, Florida",,"Angelicore Game Studios is a cross-platform game development and publishing studio. We are currently developing Angelic, a narrative-driven multiplayer strategy RPG set in a dark sci-fi universe.",,11000,,https://www.linkedin.com/company/angelicore-game-studios/,,"[{""origin"":""GLOBAL_SEARCH_HEADER"",""companyHqGeo"":[""100459316"",""104305776"",""106155005""],""companySize"":[""B"",""C""],""industryCompanyVertical"":[""4""]}]",,,,,,,,,,,,,,,review_non_mena,medium,"St.Petersburg, Florida","Source location resolves to United States, outside the configured MENA scope."
linkedin,Weelo,United States,Software Development,,"Middletown, Delaware",,"Weelo is a next-generation AI & Automation Sales Channel Platform designed to revolutionize how businesses manage and optimize multiple sales channels—all within a single, intelligent solution. Our enterprise-grade platform automates sales and distribution processes from warehouse management to cash collection, driving operational efficiency, accelerating revenue growth, and positioning businesses to stay ahead in today’s dynamic market. Connect with our team at info@weelo.co to explore how Weelo’s advanced platform can streamline sales operations, optimize multi-channel strategies, and fuel sustainable business growth. Businesses that adopt Weelo increase productivity, enhance visibility, and expand their market presence—all from one fully integrated platform. Experience the power of Weelo firsthand—request your personalized demo at www.weelo.co and see how our platform can transform your sales operations. Have specific questions or looking for partnership opportunities? Reach out directly at info@weelo.co, and one of our specialists will respond promptly. Follow us for insights, updates, and industry trends: 🌐 Website: www.weelo.co 📧 Sales & Business Inquiries: sales@weelo.co 🤝 Partnerships: info@weelo.co 💼 Careers: hr@weelo.co",,7000,,https://www.linkedin.com/company/weelobusiness/,,"[{""origin"":""GLOBAL_SEARCH_HEADER"",""companyHqGeo"":[""100459316"",""104305776"",""106155005""],""companySize"":[""B"",""C""],""industryCompanyVertical"":[""4""]}]",,,,,,,,,,,,,,,review_non_mena,medium,"Middletown, Delaware","Source location resolves to United States, outside the configured MENA scope."
linkedin,AI Astrolabe,United States,Software Development,,"Kingston, New York",,"Building AI for low-resource languages is not just translation. It is local grounding, dialect nuance, and cultural alignment, at every stage of the AI lifecycle. We provide high-quality alignment data, rigorous evaluation, and red teaming, purpose-built for low-resource languages.",,2000,,https://www.linkedin.com/company/ai-astrolabe/,,"[{""origin"":""GLOBAL_SEARCH_HEADER"",""companyHqGeo"":[""100459316"",""104305776"",""106155005""],""companySize"":[""B"",""C""],""industryCompanyVertical"":[""4""]}]",,,,,,,,,,,,,,,review_non_mena,medium,"Kingston, New York","Source location resolves to United States, outside the configured MENA scope."
linkedin,Maxyfi,United States,Software Development,,"Dallas, Texas",,"Maxyfi is an all-in-one, AI-powered Debt Collection Software built specifically for Collection Agencies, Credit Unions, Debt Buyers, and Businesses looking to streamline recovery, reduce manual effort, and boost cash flow. Designed to automate every stage of the collection process, Maxyfi empowers your team with intelligent workflows, real-time insights, and powerful engagement tools—all while keeping the end-consumer experience at the core. 💼 What Maxyfi Offers: ✅ Collection CRM to manage accounts, follow-ups & team workflows 🤖 AI Chatbots & Voice Agents trained for smart, human-like collection conversations 📡 Omni-Channel Hub (Email, SMS, Voice, WhatsApp) 🧾 Digital Self-Service Consumer Portal 🌐 White-Labeled Client Portal 💳 Custom Payment Landing Pages 📈 Analytics Dashboard & Custom Reporting 🔌 Easy Integrations & Plugins 🔒 SOC 2 Type II & ISO 27001 Certified ⚡ Why Maxyfi? Built for high-volume, high-compliance collection operations Designed for both agency teams and consumer usability Proven to improve recovery rates, reduce DSOs, and enable real-time tracking 🚀 Ready to Simplify Collections? Schedule a live demo now: 👉 https://calendly.com/maxyfi_ar/maxyfi-demo",,6000,,https://www.linkedin.com/company/maxyfi/,,"[{""origin"":""GLOBAL_SEARCH_HEADER"",""companyHqGeo"":[""100459316"",""104305776"",""106155005""],""companySize"":[""B"",""C""],""industryCompanyVertical"":[""4""]}]",,,,,,,,,,,,,,,review_non_mena,medium,"Dallas, Texas","Source location resolves to United States, outside the configured MENA scope."
linkedin,Pvotal Technologies,United States,Software Development,,"Sacramento, CA",,"Technology is pivotal in improving lives, sustaining the environment, and pushing society forward. Unfortunately, many go adrift while engineering solutions, lose track of their objectives, and decouple from their original vision before they run out the clock to pivot. We engineered complex, automated processes aligned with best AIOps, BizDevOps, DevSecOps, CloudOps, and ITOps practices to reduce the technical debt involved in creating secure, scalable, and high-performing global scale apps. We built a comprehensive, low-code, event-driven, micro-service-based, Cloud Native platform to help businesses go to market faster by leveraging our highly agnostic processes. In human language, we transform ideas into enterprise-grade cloud applications in half the time, cost, and effort than traditional approaches.",,3000,,https://www.linkedin.com/company/pvotaltech/,,"[{""origin"":""GLOBAL_SEARCH_HEADER"",""companyHqGeo"":[""100459316"",""104305776"",""106155005""],""companySize"":[""B"",""C""],""industryCompanyVertical"":[""4""]}]",,,,,,,,,,,,,,,review_non_mena,medium,"Sacramento, CA","Source location resolves to United States, outside the configured MENA scope."
linkedin,Gap Cloud,United States,Software Development,,"Denver, Colorado",,Gap Cloud is a SaaS ERP company that provides businesses with the tools they need to automate their development cycle and improve their operations.,,5000,,https://www.linkedin.com/company/gap-cloud2019/,,"[{""origin"":""GLOBAL_SEARCH_HEADER"",""companyHqGeo"":[""100459316"",""104305776"",""106155005""],""companySize"":[""B"",""C""],""industryCompanyVertical"":[""4""]}]",,,,,,,,,,,,,,,review_non_mena,medium,"Denver, Colorado","Source location resolves to United States, outside the configured MENA scope."
linkedin,Dynasol Technologies,United States,Software Development,,"Dover, DE",,"Dynamics 365 Business Central is among the Microsoft Cloud Platform services supported by Dynasol Technologies, alongside Dynamics 365, Office 365, EMS, and Azure. We assist organizations in choosing a support service that meets their needs and budget, ensuring a smooth transition to cloud-based solutions.",,5000,,https://www.linkedin.com/company/dynasoldottech/,,"[{""origin"":""GLOBAL_SEARCH_HEADER"",""companyHqGeo"":[""100459316"",""104305776"",""106155005""],""companySize"":[""B"",""C""],""industryCompanyVertical"":[""4""]}]",,,,,,,,,,,,,,,review_non_mena,medium,"Dover, DE","Source location resolves to United States, outside the configured MENA scope."
linkedin,KTern.AI,United States,Software Development,,"Dallas, Texas",,"KTern.AI is an SAP-certified Agentic AI partner, accelerating SAP migration and modernization programs up to 7x faster for enterprises worldwide. With its purpose-built Agentic AI platform for SAP transformation, KTern.AI enables enterprises and system integrators to maximize the value of their SAP investments, driving predictable, risk-mitigated, and outcome-driven transformation journeys. Recognized as a global leader in cognitive automation, KTern.AI delivers an industry cloud digital workplace powered by tribal knowledge intelligence and data-driven hyperautomation, ensuring intelligent execution across the entire SAP lifecycle. KTern.AI simplifies the effort in SAP assessments, greenfield, conversion, SDT, upgrades & AMS projects, testing, custom code adaptation and change impact mining. KTern.AI provides continuous automation value in end-to-end SAP digital transformation cycles, leading to 7x times accelerated transformations with 24% reduction in overall effort. KTern.AI offers 5 digital automation streams to boost the success rate of SAP Digital Transformations in enterprises : (1) Digital Maps - Plan your SAP transformations, driven by rapid and comprehensive assessments (2) Digital Projects - Ensure productive governance in your SAP transformation projects with remote efficiency (3) Digital Process - Orchestrate your SAP process lifecycle with tribal knowledge base & integrity led experience (4) Digital Labs - Gain ultimate control and ensure your business reliability with SAP test intelligence (5) Digital Mines - Avoid business disruptions with risk-free releases, optimized testing & Intelligent SAP DevOps Connect with us: https://ktern.com/contact Email: info@ktern.com",,5000,,https://www.linkedin.com/company/ktern/,,"[{""origin"":""GLOBAL_SEARCH_HEADER"",""companyHqGeo"":[""100459316"",""104305776"",""106155005""],""companySize"":[""B"",""C""],""industryCompanyVertical"":[""4""]}]",,,,,,,,,,,,,,,review_non_mena,medium,"Dallas, Texas","Source location resolves to United States, outside the configured MENA scope."
linkedin,VisionRD,Pakistan,Software Development,,Islamabad,,"VisionRD is an AI research and technology company building intelligent solutions for enterprises. We develop advanced AI products across Enterprise AI, Wearable AI, and intelligent automation. Our technology transforms complex business data and real-world processes into actionable intelligence. We work with leading organizations to solve high-impact problems through AI and deep-tech innovation. Our solutions are designed to be scalable, intelligent, and built for real-world impact. With experience working with companies including Toyota and GWM, we are building AI systems for the enterprises of tomorrow. Our mission: Building the next AGI for enterprises.",,13000,,https://www.linkedin.com/company/visionrd-ai/,,"[{""origin"":""GLOBAL_SEARCH_HEADER"",""companyHqGeo"":[""100459316"",""104305776"",""106155005""],""companySize"":[""B"",""C""],""industryCompanyVertical"":[""4""]}]",,,,,,,,,,,,,,,review_non_mena,medium,Islamabad,"Source location resolves to Pakistan, outside the configured MENA scope."
linkedin,Spokn,United States,Software Development,,"New York, NY",,"Spokn makes it easy for HR, L&D, and Internal Comms teams to create short, engaging videos featuring your employees and leaders. In just minutes, you can produce captivating, on-brand videos to elevate your people programs and employee communication - no editing skills or special equipment needed. Teams at Amazon, Google, Regeneron, Hyatt, and Siemens use Spokn to humanize leadership communications, enable peer-to-peer learning, amplify company values, capture employee stories at scale, and more.",,5000,,https://www.linkedin.com/company/getspokn/,,"[{""origin"":""GLOBAL_SEARCH_HEADER"",""companyHqGeo"":[""100459316"",""104305776"",""106155005""],""companySize"":[""B"",""C""],""industryCompanyVertical"":[""4""]}]",,,,,,,,,,,,,,,review_non_mena,medium,"New York, NY","Source location resolves to United States, outside the configured MENA scope."
linkedin,Aekot,United States,Software Development,,"Wilmington, Delaware",,"Aekot is a Salesforce consultancy servicing global clients, with majority of our customers based out of North America region. With an A-team of highly qualified Salesforce professionals collectively holding decades years of SFDC experience, we excel at transforming businesses with the help of World's #1 CRM. Aekot is a Salesforce Consulting Partner and is growing rapidly by providing a suite of Salesforce services to clients across the globe. Aekot was conceived with a vision of re-imagining the digital experience for businesses by bringing together cloud technology, business strategy and data analytics in a highly collaborative environment. We believe that achieving business excellence in a disruptive age is directly associated with the ability to transform & adapt with the ever-evolving digital world. We specialize in Salesforce Customization, Implementation, Consultation, Application Development, Migration, Integration and Support & Maintenance on Sales Cloud, Service Cloud, Marketing Cloud, Tableau, etc.",,4000,,https://www.linkedin.com/company/aekot/,,"[{""origin"":""GLOBAL_SEARCH_HEADER"",""companyHqGeo"":[""100459316"",""104305776"",""106155005""],""companySize"":[""B"",""C""],""industryCompanyVertical"":[""4""]}]",,,,,,,,,,,,,,,review_non_mena,medium,"Wilmington, Delaware","Source location resolves to United States, outside the configured MENA scope."
linkedin,shortlistd.io,United States,Software Development,,"Middletown, Delaware",,"We are building the AI workforce for hiring. Find out more at www.shortlistd.io shortlistd.io is an AI recruitment platform that autonomously sources, screens, and interviews candidates at scale reducing time-to-hire by up to 80% while cutting agency costs. Built for HR teams managing high-volume hiring or hard-to-fill roles, shortlistd.io uses coordinated AI agents to handle end-to-end recruitment workflows from job intake to interview-ready shortlists. Core Capabilities: 🔹Autonomous Candidate Sourcing: Access 800M+ global profiles with semantic search that identifies qualified candidates beyond keyword matching 🔹AI-Powered Voice Interviews: Conduct structured, consistent first-round interviews 24/7 with adaptive questioning and objective evaluation 🔹Skills-Based Screening: Evaluate candidates on experience and competency rather than CV keywords, reducing bias and improving match quality 🔹Scalable Hiring Workflows: Customize interview logic by role, seniority, and criteria; AI agents execute consistently across all candidates shortlistd.io replaces traditional recruitment agencies and manual screening processes, delivering interview-ready candidates faster and at a fraction of the cost. Hiring teams using shortlistd.io reduce recruiter workload on administrative tasks, enabling focus on strategic hiring decisions and candidate relationships. ✅ Ideal For: growing companies, scale-ups, and enterprises hiring across multiple markets, particularly those with roles requiring speed and quality at scale.",,5000,,https://www.linkedin.com/company/shortlistd-io/,,"[{""origin"":""GLOBAL_SEARCH_HEADER"",""companyHqGeo"":[""100459316"",""104305776"",""106155005""],""companySize"":[""B"",""C""],""industryCompanyVertical"":[""4""]}]",,,,,,,,,,,,,,,review_non_mena,medium,"Middletown, Delaware","Source location resolves to United States, outside the configured MENA scope."
linkedin,DATA GUMBO,United States,Software Development,,"Houston, Texas",,"Data Gumbo's superior network allows our users to build, negotiate and execute immutable and auditable smart contracts and artificial intelligence platforms. As a neutral third-party, we supply the blockchain and AI technologies and customized infrastructure for companies to build and operate their own trusted systems with confidence. We developed our leading award winning technology with equity funding from Saudi Aramco Energy Ventures, the venture subsidiary of Saudi Aramco; Equinor Ventures, the venture subsidiary of Equinor, Norway’s leading energy operator; and other venture capital and seed investors. Data Gumbo is headquartered in Houston, Texas, with an office in Saudi Arabia.",,5000,,https://www.linkedin.com/company/data-gumbo/,,"[{""origin"":""GLOBAL_SEARCH_HEADER"",""companyHqGeo"":[""100459316"",""104305776"",""106155005""],""companySize"":[""B"",""C""],""industryCompanyVertical"":[""4""]}]",,,,,,,,,,,,,,,review_non_mena,medium,"Houston, Texas","Source location resolves to United States, outside the configured MENA scope."
linkedin,Astra Tech Consulting,United States,Software Development,,"New York City, New York",,"North American, AI and technology consulting firm with delivery hubs in New York, San Francisco, Columbus, Toronto and Dubai. At Astra Tech Consulting, our mission is to accelerate digital transformation through the power of artificial intelligence, engineering excellence, and strategic innovation. With delivery hubs in USA, Canada and UAE, we operate across all time zones to support global enterprises with precision and agility. We design and implement AI-driven, enterprise-grade solutions that enable businesses to scale intelligently, optimize performance, and unlock long-term growth. Our multidisciplinary teams merge deep technical expertise with global consulting insight, helping organizations bridge innovation and execution. At Astra Tech Consulting, we don’t just build systems — we build intelligent foundations for the future of business.",,5000,,https://www.linkedin.com/company/astra-tech-consulting/,,"[{""origin"":""GLOBAL_SEARCH_HEADER"",""companyHqGeo"":[""100459316"",""104305776"",""106155005""],""companySize"":[""B"",""C""],""industryCompanyVertical"":[""4""]}]",,,,,,,,,,,,,,,review_non_mena,medium,"New York City, New York","Source location resolves to United States, outside the configured MENA scope."
linkedin,MilkStraw AI,United States,Software Development,,San Francisco,,"Get the prices of reserved instances but with the flexibility of on-demand. No engineering or contracts! If this is as exciting for you as it is for us, don't hesitate to say hello!",,4000,,https://www.linkedin.com/company/milkstraw-ai/,,"[{""origin"":""GLOBAL_SEARCH_HEADER"",""companyHqGeo"":[""100459316"",""104305776"",""106155005""],""companySize"":[""B"",""C""],""industryCompanyVertical"":[""4""]}]",,,,,,,,,,,,,,,review_non_mena,medium,San Francisco,"Source location resolves to United States, outside the configured MENA scope."
linkedin,"mindzie, inc. - Process Aware Intelligence Platform",United States,Software Development,,"DALLAS, TX",,"mindzie - The Process Aware Intelligence platform. Model, mine, monitor, and optimize the processes your business runs on. Your business runs on processes. Most companies don't truly understand how theirs actually work. Process maps go stale. Bottlenecks hide in plain sight. AI agents without process context create more work than they finish. mindzie is a Process Aware Intelligence platform. We turn how your business actually runs into a living, measurable asset that your teams, your leaders, and your AI agents can all act on. One platform. Four capabilities. Model. Full BPMN 2.0 process modeling for documentation, compliance, and governance. Mine. Automated process discovery from the event data your systems already capture. Monitor. Real time SLA tracking with AI predictions and early warnings. Optimize. AI generated intelligence reports with actionable recommendations for analysts, managers, and executives. To learn more, visit www.mindzie.com",,5000,,https://www.linkedin.com/company/mindzie/,,"[{""origin"":""GLOBAL_SEARCH_HEADER"",""companyHqGeo"":[""100459316"",""104305776"",""106155005""],""companySize"":[""B"",""C""],""industryCompanyVertical"":[""4""]}]",,,,,,,,,,,,,,,review_non_mena,medium,"DALLAS, TX","Source location resolves to United States, outside the configured MENA scope."
linkedin,KNOATIV,United States,Software Development,,"Plano, Texas",,"Meaningful experiences start with knowing your customer. But the more places a brand sells — store, marketplace, web, app — the harder it is to recognise the customer standing in front of you. Experiences feel generic, and growth costs more every year. We are a retail technology company. Through loyalty management, AI voice agents and unified commerce, our customer experience platform helps retail brands drive higher customer lifetime value, resolve every inquiry in seconds, and deliver one seamless brand across every channel. The results speak for themselves: 10M+ loyalty members acquired 25% year-over-year revenue growth $41M+ in campaign-driven sales 30% faster order fulfillment These are not projections. These are results our clients achieved with Knoativ — trusted by leading retail brands, with Fortune 10 engagement. Built for retail. AI across the journey. Enterprise-ready: SOC 2 Type II, ISO 27001, 200+ integrations, cloud/on-prem/hybrid, native Arabic support.",,2000,,https://www.linkedin.com/company/knoativ/,,"[{""origin"":""GLOBAL_SEARCH_HEADER"",""companyHqGeo"":[""100459316"",""104305776"",""106155005""],""companySize"":[""B"",""C""],""industryCompanyVertical"":[""4""]}]",,,,,,,,,,,,,,,review_non_mena,medium,"Plano, Texas","Source location resolves to United States, outside the configured MENA scope."
linkedin,Requis,United States,Software Development,,"The Woodlands, Texas",,"Requis is the only capital project procurement platform with a circular economy marketplace empowering companies to pair economic objectives with sustainability goals. Global resource and energy leaders trust Requis to simplify buying and selling for capital projects, saving millions and reducing carbon footprint in the process. With Requis, supply chain and procurement experts can expect not just a platform that simplifies the procurement process for capital projects, but a partner that understands the importance of economic and environmental goals. Together, let's build a future where procurement serves as a vehicle for sustainable growth.",,5000,,https://www.linkedin.com/company/requis/,,"[{""origin"":""GLOBAL_SEARCH_HEADER"",""companyHqGeo"":[""100459316"",""104305776"",""106155005""],""companySize"":[""B"",""C""],""industryCompanyVertical"":[""4""]}]",,,,,,,,,,,,,,,review_non_mena,medium,"The Woodlands, Texas","Source location resolves to United States, outside the configured MENA scope."
linkedin,Geminus,United States,Software Development,,"Cambridge, Massachusetts",,"Geminus is pioneering real-time intelligence for complex industrial systems. Our platform is the first to seamlessly integrate data, physics, and computation to enable autonomous control of cyber-physical systems. Built to scale across the largest industrial operations, Geminus empowers organizations to solve their most complex challenges in real time - unlocking new levels of productivity, efficiency, and innovation.",,4000,,https://www.linkedin.com/company/geminus-ai/,,"[{""origin"":""GLOBAL_SEARCH_HEADER"",""companyHqGeo"":[""100459316"",""104305776"",""106155005""],""companySize"":[""B"",""C""],""industryCompanyVertical"":[""4""]}]",,,,,,,,,,,,,,,review_non_mena,medium,"Cambridge, Massachusetts","Source location resolves to United States, outside the configured MENA scope."
linkedin,Hatch Techs,United States,Software Development,,"Dover, Delaware",,"HatchTechs is at the forefront of enabling businesses to achieve unparalleled success through transformative digital solutions as a full-service business transformation company. We deliver in-depth services to optimize all operations, increase market share, and improve CX. Business Process Outsourcing: HatchTechs provides customized BPO solutions that empower businesses to rightsize operations and concentrate on what they do best. Our offerings include: Customer Support Services: Live chat, email support, social media support, and 24/7 call center solutions to enhance customer satisfaction. Technical Support: Proactive troubleshooting and IT assistance to facilitate smooth business operations. Digital Marketing Solutions: We devise data-focused marketing strategies that accelerate brand growth and customer engagement. Our expertise includes: Search Engine Optimization: Enhancing online visibility and driving organic traffic to your website. Customer Acquisition: High-conversion campaigns delivering measurable ROI. Social Media Management: Building and managing impactful social media presences. Content Marketing: Engaging and value-packed content to establish brand authority. Online Reputation Management: Build trust and improve brand engagement. Technology Solutions: HatchTechs is experienced in creating end-to-end, scalable, and future-ready technology solutions. We provide: Custom Software Development: Tailored applications to meet unique business needs. Mobile App Development: User-friendly and feature-rich apps for Android and iOS platforms. Cloud Integration Services: Seamlessly migrate and manage your business on the cloud for enhanced scalability. Sales Hub: Our Sales Hub services empower enterprises to grow sales and revenue with strategic enablement solutions. These include: Sales Solutions: Automating sales pipelines and improving customer relationships. Cloud Contact Center: Optimizing CX and CSAT through omnichannel communication expertise.",,5000,,https://www.linkedin.com/company/hatchtechs/,,"[{""origin"":""GLOBAL_SEARCH_HEADER"",""companyHqGeo"":[""100459316"",""104305776"",""106155005""],""companySize"":[""B"",""C""],""industryCompanyVertical"":[""4""]}]",,,,,,,,,,,,,,,review_non_mena,medium,"Dover, Delaware","Source location resolves to United States, outside the configured MENA scope."
linkedin,PositiveEdge Solutions,United States,Software Development,,"Newark, California",,"PositiveEdge is a global business technology company. We do more than just deliver technology. We offer a unique expertise that comes from rich customer experience. Combining unparalleled experience, comprehensive capabilities across all industries and business functions, and extensive research on the world’s most successful companies, PositiveEdge collaborates with clients to help them become high-performance businesses. PositiveEdge helps customers design, develop, and deploy software solutions for critical customer-facing business challenges. By leveraging their uncommon commitment to project success, along with their comprehensive knowledge of Microsoft technologies, backed by broad industry experience and methodologies, PositiveEdge consultants extend platforms such as Microsoft Dynamics CRM to create commercial advantage for their customers. By leveraging a unique onshore/offshore delivery model, PositiveEdge solution consultants can work around the clock to deliver solutions quickly and cost effectively. Microsoft Dynamics provides the robust platform that has formed the foundation of more than 100 successful projects deployed globally in multiple industries, across dozens of enterprises.",,4000,,https://www.linkedin.com/company/positiveedge-solutions/,,"[{""origin"":""GLOBAL_SEARCH_HEADER"",""companyHqGeo"":[""100459316"",""104305776"",""106155005""],""companySize"":[""B"",""C""],""industryCompanyVertical"":[""4""]}]",,,,,,,,,,,,,,,review_non_mena,medium,"Newark, California","Source location resolves to United States, outside the configured MENA scope."
linkedin,Devline Solutions,Pakistan,IT Services and IT Consulting,,"Lahore, Punjab",,"𝗗𝗲𝘃𝗹𝗶𝗻𝗲 𝗦𝗼𝗹𝘂𝘁𝗶𝗼𝗻𝘀 AI-First Technology & Engineering Partner Since 2018, we’ve helped startups and businesses build, scale, and transform with AI, software engineering, and intelligent automation. We build AI agents, AI-powered SaaS products, intelligent automation systems, custom software, and dedicated AI & engineering teams that help businesses move faster and operate smarter. 𝗢𝘂𝗿 𝗖𝗼𝗿𝗲 𝗦𝗲𝗿𝘃𝗶𝗰𝗲𝘀: • AI Agents & Multi-Agent Systems • AI Automation & Intelligent Workflows • AI-Powered SaaS Products • RAG & Enterprise AI Solutions • Custom Software & Web Applications • Dedicated AI & Software Engineering Teams • ERP, CRM & Business Automation ✓ 𝗛𝗼𝘄 𝘄𝗲 𝘄𝗼𝗿𝗸: 1- Discovery & Strategy 2- Research & Requirement Analysis 3- AI & Technology Planning 4- UX/UI & Prototyping 5- Development & AI Integration 6- Testing & Optimization 7- Deployment & Support 💯 𝗪𝗵𝘆 𝗗𝗲𝘃𝗹𝗶𝗻𝗲 𝗦𝗼𝗹𝘂𝘁𝗶𝗼𝗻𝘀: ✓ AI-first approach with strong engineering expertise ✓ Experienced AI & software development teams ✓ Scalable, secure, and business-focused solutions ✓ Latest AI technologies and modern development practices ✓ Transparent communication & reliable delivery ✓ Long-term technology partnership ✓ Focused on measurable business outcomes We combine AI expertise, engineering excellence, and product thinking to turn ambitious ideas into scalable technology. Build with AI. Automate smarter. Scale faster.",,16000,,https://www.linkedin.com/company/devlinesolutions/,,"[{""origin"":""GLOBAL_SEARCH_HEADER"",""companyHqGeo"":[""100459316"",""104305776"",""106155005""],""companySize"":[""B"",""C""],""industryCompanyVertical"":[""4""]}]",,,,,,,,,,,,,,,review_non_mena,medium,"Lahore, Punjab","Source location resolves to Pakistan, outside the configured MENA scope."
linkedin,Storlytics Energy Storage,United States,Software Development,,"Charlotte, North Carolina",,"Storlytics Energy Storage is a US based energy storage software and consulting firm headquartered in Charlotte, North Carolina. Our team of PhDs and professional engineers partner with industry leading utilities , engineering consultants, Universities, and national labs to develop accurate models for grid tied battery energy storage systems. Storlytics also provides engineering and consulting services to renewable and energy storage developers, financiers, integrators and battery OEMs. The Storlytics team work with leading battery cell/modules, inverter, and converter manufacturers to perfect their product models within the Storlytics platform. Storlytics power systems engineers bring more than 20 years of industry experience into the simulation of operation of grid tied battery energy storage systems to the Storlytics platform. Recognizing major industry pain points in uncertainty of degradation and system loss profiles of battery energy storage systems, the Storlytics team have built the Storlytics platform to predict degradation of battery energy storage systems, allowing our users to reduce project uncertainty and risk. This also allows our users to optimize project design and inform selection of major system components like batteries and inverters. Our clients turn to the Storlytics platform to overcome even the most complex and intricate battery use-cases, to deliver results on time and on budget, from start to finish, and in some of the most remote locations. Dedicated to delivering the right solutions for all your energy storage project needs, we recognize that working together is key for a project’s long-term success. For business-related queries, you can reach us at: accounts@storlytics.net",,4000,,https://www.linkedin.com/company/storlytics/,,"[{""origin"":""GLOBAL_SEARCH_HEADER"",""companyHqGeo"":[""100459316"",""104305776"",""106155005""],""companySize"":[""B"",""C""],""industryCompanyVertical"":[""4""]}]",,,,,,,,,,,,,,,review_non_mena,medium,"Charlotte, North Carolina","Source location resolves to United States, outside the configured MENA scope."
linkedin,TheCapitalNet,United States,Software Development,,"Menlo Park, CA",,"TheCapitalNet has found a new home and is not taking any new customers at this point in time. --- TheCapitalNet was an award-winning Financial Technologies company that provided the most comprehensive, advanced, and intelligent, fund management and fund administration solutions to the global Alternatives Asset Management industry currently focused on Private Equity and Venture Capital.",,4000,,https://www.linkedin.com/company/thecapitalnet/,,"[{""origin"":""GLOBAL_SEARCH_HEADER"",""companyHqGeo"":[""100459316"",""104305776"",""106155005""],""companySize"":[""B"",""C""],""industryCompanyVertical"":[""4""]}]",,,,,,,,,,,,,,,review_non_mena,medium,"Menlo Park, CA","Source location resolves to United States, outside the configured MENA scope."
linkedin,DigiTax,United States,Software Development,,"Willmington, Delaware",,"DigiTax is a e-invoicing service provider licensed by tax authorities in multiple markets to provide seamless e-invoicing solutions for micro,small,medium and large enterprises. We enable companies to generate and transmit compliant e-invoices, and meet reporting requirements, all from one platform. Designed for reliability and scalability, DigiTax is built to support the needs of fast-growing, digital-first businesses and enterprises navigating complex regulatory landscapes. By automating the compliance process, we help businesses save time, reduce errors, and focus on growth while staying ahead of evolving tax mandates.",,3000,,https://www.linkedin.com/company/digi-tax/,,"[{""origin"":""GLOBAL_SEARCH_HEADER"",""companyHqGeo"":[""100459316"",""104305776"",""106155005""],""companySize"":[""B"",""C""],""industryCompanyVertical"":[""4""]}]",,,,,,,,,,,,,,,review_non_mena,medium,"Willmington, Delaware","Source location resolves to United States, outside the configured MENA scope."
linkedin,"BIO-key International, Inc.",United States,Software Development,,"Holmdel, New Jersey",,"BIO-key is a trusted provider of Identity and Access Management (IAM) and Biometric solutions that offer an easy and secure way to authenticate the identity of employees, customers, and suppliers while managing their access across devices and applications. Over 1,000 global customers, including AT&T, the federal government, and 200+ higher education institutions trust BIO-key PortalGuard IDaaS, an award-winning IAM platform, to reduce password-related help desk calls by up to 95%, eliminate passwords, secure remote access, prevent phishing attacks, and improve productivity for the IT team. PortalGuard provides the simplicity and flexibility required to secure the modern digital experience with options for single sign-on, self-service password reset, and over 17 multi-factor authentication methods. Backed by decades of expertise, BIO-key has a proven track record of successful IAM project delivery and strong customer relationships.",,3000,,https://www.linkedin.com/company/bio-key-international/,,"[{""origin"":""GLOBAL_SEARCH_HEADER"",""companyHqGeo"":[""100459316"",""104305776"",""106155005""],""companySize"":[""B"",""C""],""industryCompanyVertical"":[""4""]}]",,,,,,,,,,,,,,,review_non_mena,medium,"Holmdel, New Jersey","Source location resolves to United States, outside the configured MENA scope."
linkedin,Logical Technologist,United States,Software Development,,"Collingdale, PA",,"Winning the trust and respect of hundreds of clients is not easy. It takes great products. It mandates consistency, transparency and honesty. It requires exceptional customer care. As a Logical Technologist customer, you will experience this every day. You will see that our stable, high-performance, visually stunning applications are the right tools for your company. And we are always out there to help make your projects a success.",,1000,,https://www.linkedin.com/company/logical-technologist/,,"[{""origin"":""GLOBAL_SEARCH_HEADER"",""companyHqGeo"":[""100459316"",""104305776"",""106155005""],""companySize"":[""B"",""C""],""industryCompanyVertical"":[""4""]}]",,,,,,,,,,,,,,,review_non_mena,medium,"Collingdale, PA","Source location resolves to United States, outside the configured MENA scope."
linkedin,neurobotx,United States,Software Development,,"New York, New York",,"Neurobotx is a Boeing backed, leading company for mobility simulation. Neurobotx built Metapilot, the Boeing backed neuromorphic XR launchpad for airtaxis, drones, EVs and future mobility. The founder brought her IP from Nobel laureate lab where she tested brain responses to VR on awake mice into neurobotx. The rest of the team includes an air mobility exited founder at 90+ M$, founder from Hyundai acquired Motional, and Boeing/NASA regulators. With over 10 mobility airtaxis live on Metapilot, and 200 more in the pipeline, you can now directly play Metapilot and get on a path to become a real airtaxi pilot and own shares in real airtaxi companies.",,4000,,https://www.linkedin.com/company/neurobotx/,,"[{""origin"":""GLOBAL_SEARCH_HEADER"",""companyHqGeo"":[""100459316"",""104305776"",""106155005""],""companySize"":[""B"",""C""],""industryCompanyVertical"":[""4""]}]",,,,,,,,,,,,,,,review_non_mena,medium,"New York, New York","Source location resolves to United States, outside the configured MENA scope."
linkedin,ITProfound Inc.,United States,Software Development,,"Inver Grove Heights, Minnesota",,"The company that built over successful deliverance of gigantic applications across the US, Canada, Dubai and India. We are committed to building state of the art applications to meet today's challenges in Information Technology and help the businesses to thrive. We are a women owned company and most leaders are incredible Women, join us and excel in your passionate role.",,3000,,https://www.linkedin.com/company/itprofound-inc/,,"[{""origin"":""GLOBAL_SEARCH_HEADER"",""companyHqGeo"":[""100459316"",""104305776"",""106155005""],""companySize"":[""B"",""C""],""industryCompanyVertical"":[""4""]}]",,,,,,,,,,,,,,,review_non_mena,medium,"Inver Grove Heights, Minnesota","Source location resolves to United States, outside the configured MENA scope."
linkedin,SONAMAK,United States,Software Development,,"Wilmington, DE",,Sonamak is a leading software company in the middle east. Enginnering and/or devevelopment of Hi tech white label software solutions is our main scope. Sonamak App is a Medical institutions Managemnet App that is one of the market leaders.,,4000,,https://www.linkedin.com/company/sonamak/,,"[{""origin"":""GLOBAL_SEARCH_HEADER"",""companyHqGeo"":[""100459316"",""104305776"",""106155005""],""companySize"":[""B"",""C""],""industryCompanyVertical"":[""4""]}]",,,,,,,,,,,,,,,review_non_mena,medium,"Wilmington, DE","Source location resolves to United States, outside the configured MENA scope."
linkedin,ACT Building Systems,United States,Software Development,,"Washington DC, Washington DC",,"ACT Building Systems provide a business system for companies who want to set up, operate, or add value to an existing, state or nationwide network of customers/dealers/distributors. The business system allows roll formers, building manufacturers, and building resellers, to set up or add value to a customer/dealer/distributor network for the supply, selling, and or construction of COLD FORMED Steel Buildings ranging from 10'​ (3.0m) to 100'​ (30m) clear span. For the company setting up their network the system includes - direct payment from dealer/distributors - ability to control prices of buildings and components geographically - ability to control engineering specifications - direct communication to dealer/distributors - control credit and access level per dealer/distributor - train on new additions/procedures through systems For the dealer/distributor network the system includes; - your building business all in one location on your laptop/desktop or tablet. - a point of sales tool for use in front of customer - ability to design and engineer and endless range of buildings at touch of button - built in quotes/agreements for signing customers up - order of buildings at the click of a button - on-line payment systems for paying suppliers - news and updates",,3000,,https://www.linkedin.com/company/actbuildingsystems/,,"[{""origin"":""GLOBAL_SEARCH_HEADER"",""companyHqGeo"":[""100459316"",""104305776"",""106155005""],""companySize"":[""B"",""C""],""industryCompanyVertical"":[""4""]}]",,,,,,,,,,,,,,,review_non_mena,medium,"Washington DC, Washington DC","Source location resolves to United States, outside the configured MENA scope."
linkedin,Visual AI Solutions (VAIS),United States,Software Development,,"Wilmington, Delaware",,"Visual and AI Solutions (VAIS) is a leading DeepTech/AgriTech company that revolutionizes precision and climate-smart agriculture with its innovative, sensor-free, AI-based approach. At the core of VAIS solutions is a proprietary virtual field probing technology that applies sophisticated machine learning algorithms on petabytes of multi-spectral (optical, thermal, SAR, etc.), multi-modal data obtained from tens of heterogenous data sources (satellites, soil models, crop models, elevation data, meteorological simulations, etc.). The technology provides ground and below ground insights with sensor-level precision without using any ground sensors, drone/aircraft-mounted sensors or any hardware in the field. It is geography-agnostic and insignificantly hindered by cloud coverage or atmospheric effects. VAIS specialized solutions are delivered through Software-as-a-Service (SaaS) platforms, accessible via both mobile and desktop applications that offer growers, agribusinesses, traders, insurers, and governments with dependable, field-level irrigation management, weather information, disease control and crop monitoring capabilities. Our products are designed to be both scalable and cost-effective, aiming to enhance the productivity, profitability, and sustainability of the agricultural sector on a global scale. The company is committed to the digitization of agricultural practices, bolstering food security, and mitigating the adverse impacts of climate change.",,3000,,https://www.linkedin.com/company/visual-ai-systems/,,"[{""origin"":""GLOBAL_SEARCH_HEADER"",""companyHqGeo"":[""100459316"",""104305776"",""106155005""],""companySize"":[""B"",""C""],""industryCompanyVertical"":[""4""]}]",,,,,,,,,,,,,,,review_non_mena,medium,"Wilmington, Delaware","Source location resolves to United States, outside the configured MENA scope."
linkedin,SettleMint,Belgium,Software Development,,"Leuven, Flemish Region",,"SettleMint provides the governance and orchestration layer between existing core financial systems and multiple blockchain networks, delivering the infrastructure required to build, deploy, and operate compliant digital asset solutions in production. Our platform, DALP (Digital Asset Lifecycle Platform) supports the full digital asset lifecycle - including issuance, compliance controls, custody integration, distribution, and secondary market enablement - allowing institutions to retain governance, regulatory compliance, and operational control while expanding across asset classes and jurisdictions. Through DALP, we enable institutions to design, launch, and operate digital asset solutions across major asset classes and blockchain networks — with the governance, compliance, and reliability required for real-world deployment.",,23000,,https://www.linkedin.com/company/settlemint/,,"[{""origin"":""GLOBAL_SEARCH_HEADER"",""companyHqGeo"":[""100459316"",""104305776"",""106155005""],""companySize"":[""B"",""C""],""industryCompanyVertical"":[""4""]}]",,,,,,,,,,,,,,,review_non_mena,medium,"Leuven, Flemish Region","Source location resolves to Belgium, outside the configured MENA scope."
linkedin,Pryze,United States,Mobile Gaming Apps,,"Dover, Delaware",,"Pryze is Pakistan's first skill-based competitive gaming mobile app. We offer a curated selection of skill-based games, enabling players to compete and earn real cash rewards.",,5000,,https://www.linkedin.com/company/pryzeofficial/,,"[{""origin"":""GLOBAL_SEARCH_HEADER"",""companyHqGeo"":[""100459316"",""104305776"",""106155005""],""companySize"":[""B"",""C""],""industryCompanyVertical"":[""4""]}]",,,,,,,,,,,,,,,review_non_mena,medium,"Dover, Delaware","Source location resolves to United States, outside the configured MENA scope."
linkedin,MLnetworks,United States,Software Development,,United State,,"MLNetworks helps Telcos to design, operate and optimize their networks more intelligently through an end-to-end data platform. Proudly backed by NVIDIA, Google, 500 Global, Sanabil Investments and leaders from Airtel, Vodafone, Orange, Huawei.",,3000,,https://www.linkedin.com/company/mlnetworks/,,"[{""origin"":""GLOBAL_SEARCH_HEADER"",""companyHqGeo"":[""100459316"",""104305776"",""106155005""],""companySize"":[""B"",""C""],""industryCompanyVertical"":[""4""]}]",,,,,,,,,,,,,,,review_non_mena,high,United State,"Source location resolves to United States, outside the configured MENA scope."
linkedin,EngageNest,United States,Software Development,,"Atlanta, GA",,"Welcome to EngageNest, where innovation meets communication. With headquarters in Atlanta and a global presence across other countries (India, Middle East, US and UK ) we provide comprehensive CPaaS (Communication Platform as a Service) & Telco solutions. We're not just another CPaaS company; we are the architects of the future, shaping tomorrow's communication landscape.",,3000,,https://www.linkedin.com/company/engagenestinc/,,"[{""origin"":""GLOBAL_SEARCH_HEADER"",""companyHqGeo"":[""100459316"",""104305776"",""106155005""],""companySize"":[""B"",""C""],""industryCompanyVertical"":[""4""]}]",,,,,,,,,,,,,,,review_non_mena,medium,"Atlanta, GA","Source location resolves to United States, outside the configured MENA scope."
linkedin,Connixt,United States,Software Development,,"Cerritos, CA",,"Transform your maintenance with the easiest mobile app for field crew IMARQ IS THE EASIEST WAY TO DIGITIZE & AUTOMATE YOUR PAPERWORK, PROCESS, REPORTING & COMPLIANCE Connixt’s cloud-based IoT-driven mobile apps are the fastest means for businesses to digitize and automate inspection, maintenance and safety processes for their assets, field crew and contractors. Some of the largest Utilities, Transportation companies, Construction companies, global Manufacturers and Distributors use Connixt's simple, intuitive pre-built apps to automate key processes on the field: ● Inspections & Condition Assessment ● Scheduling & Managing field crew, temp workers and contractors ● Condition Based Maintenance ● Field Operations (e.g. service tech, sales) ● Procure-to-Pay Automation: instant global supplier integration, PO and Invoice life cycle management ● iOT - Real-time asset maintenance, automated work orders The Connixt promise is simple wherever you use it - on the field, in the office, at the warehouse, in transit - integration in minutes, instant visibility and real-time intelligence, and: ● NO software or hardware to purchase. ● NO specialized portable or mobile devices. ● NO changes to your existing systems - seamless integration with multiple back-end systems. ● NO existing systems required - Connixt optionally manages your assets, schedules and workforce in the cloud. ● NO hidden costs. A simple flat fee. ● NO surprises: our customers are up and running in days.",,3000,,https://www.linkedin.com/company/connixt/,,"[{""origin"":""GLOBAL_SEARCH_HEADER"",""companyHqGeo"":[""100459316"",""104305776"",""106155005""],""companySize"":[""B"",""C""],""industryCompanyVertical"":[""4""]}]",,,,,,,,,,,,,,,review_non_mena,medium,"Cerritos, CA","Source location resolves to United States, outside the configured MENA scope."
linkedin,Telepresenz,United States,Software Development,,"Holmdel, New Jersey",,"In high-risk industrial environments, the problem is inconsistent execution in the field. Inspections vary from crew to crew. Critical steps get skipped. And when something goes wrong, there's often no clear record of what actually happened. This shows up across dropped object prevention, safety incidents, audit challenges, and operational delays. Telepresenz is built to solve this at the execution layer. We provide a unified platform that helps frontline teams follow workflows correctly, access expertise in real time, and generate complete, verifiable records of work as it happens. SmartOPS. Workflow execution, inspections, and remote collaboration. SmartITM. Training, SOP delivery, and knowledge capture in the flow of work. SmartEYE. AI-powered monitoring for safety, compliance, and anomaly detection. Telepresenz is used by industrial teams across energy, utilities, aviation, and manufacturing to move from reactive operations to consistent, measurable execution. Whether it's DROPs prevention, inspections, training, or real-time operational visibility, the goal is the same. Make frontline execution consistent, visible, and verifiable. 🔗 www.telepresenz.com",,3000,,https://www.linkedin.com/company/telepresenz-official/,,"[{""origin"":""GLOBAL_SEARCH_HEADER"",""companyHqGeo"":[""100459316"",""104305776"",""106155005""],""companySize"":[""B"",""C""],""industryCompanyVertical"":[""4""]}]",,,,,,,,,,,,,,,review_non_mena,medium,"Holmdel, New Jersey","Source location resolves to United States, outside the configured MENA scope."
linkedin,KINNOVIA,Germany,Embedded Software Products,,"Munich, Bayern",,"At Kinnovia, we’re pioneering innovation at the convergence of Software-Defined Vehicles (SDV), Internet of Things (IoT), and Artificial Intelligence(AI) to drive the future of smart, connected, and autonomous ecosystems.",,18000,,https://www.linkedin.com/company/kinnovia/,,"[{""origin"":""GLOBAL_SEARCH_HEADER"",""companyHqGeo"":[""100459316"",""104305776"",""106155005""],""companySize"":[""B"",""C""],""industryCompanyVertical"":[""4""]}]",,,,,,,,,,,,,,,review_non_mena,medium,"Munich, Bayern","Source location resolves to Germany, outside the configured MENA scope."
linkedin,Certinal,United States,Software Development,,"Wilmington, Delaware",,"Certinal is the Trust, Consent & Compliance Platform built for healthcare. We help hospitals and health systems digitize the trust-heavy workflows that shape patient experience: consent, e-signature, authorization, forms, identity verification, intake, and audit evidence. The result is less paperwork, lighter administrative load, and auditable, trusted workflows across every patient touchpoint. Most healthcare organizations run these workflows across five to seven disconnected systems: paper forms, generic e-signature tools, spreadsheet tracking, intake portals that never reach the EMR, and privacy platforms that know nothing about clinical care. Certinal replaces all of it with one platform, one audit trail, one system of record. Five integrated modules sit on a shared foundation of one patient identity, one versioned purpose registry, and one immutable audit trail: ConsentMap maps every data element, system, and processing activity, your Record of Processing Activities. ConsentFlow configures purposes and collects consent across web, mobile, kiosks, APIs, and e-signature, with guided flows for minors, guardians, surgical, telehealth, and research consent. ConsentRights is the operational system of record: a patient directory, linked consent records, and a jurisdiction-aware rights engine. ConsentGovern makes compliance the default, with vendor tracking, stop-processing cascades, and regulator-ready exports. ConsentPrincipal lets patients complete intake, sign, view consents, and track requests in real time. Unlike generic privacy tools and e-signature point solutions, Certinal is built for the intersection of patient experience and regulatory compliance. Clinical workflows, EMR integration, and healthcare data categories are native, serving HIPAA, DPDP, GDPR, PDPA, and NABH from one foundation. One platform. Every patient. Every purpose. Every jurisdiction.",,2000,,https://www.linkedin.com/company/certinal/,,"[{""origin"":""GLOBAL_SEARCH_HEADER"",""companyHqGeo"":[""100459316"",""104305776"",""106155005""],""companySize"":[""B"",""C""],""industryCompanyVertical"":[""4""]}]",,,,,,,,,,,,,,,review_non_mena,medium,"Wilmington, Delaware","Source location resolves to United States, outside the configured MENA scope."
linkedin,Fintesa (500 Global S23),United States,Software Development,,"San Francisco, California",,"Finesea is a SaaS platform that allows any business to compliantly collect payments in over 190 countries for their products, and services - in just 10 minutes.",,3000,,https://www.linkedin.com/company/fintesa-firm/,,"[{""origin"":""GLOBAL_SEARCH_HEADER"",""companyHqGeo"":[""100459316"",""104305776"",""106155005""],""companySize"":[""B"",""C""],""industryCompanyVertical"":[""4""]}]",,,,,,,,,,,,,,,review_non_mena,medium,"San Francisco, California","Source location resolves to United States, outside the configured MENA scope."
kattch,LongRange Ltd,Cyprus,,"[""Development"",""Business Services""]",,"IRIS House, John Kennedy St. 3106 Limassol, Cyprus",,"LongRange is a company focused on IT know-how, our team of experts have been working in the Mediterranean region IT market with all its changes and challenges since 1995.",101,longrangeltd.com,https://www.linkedin.com/company/longrange-ltd-,,,205112bb-6159-4fcb-b8a4-2b13b35c9b44,long-range-ltd,Experienced Global IT,2025-03-14 13:25:25.748,2025-12-06 08:01:03.12,/providers/long-range-ltd/logo.webp,false,"[""We strongly believe in our philosophy of knowing more everyday & developing our Know-How to serve our partners through top notch technologies and in more advanced ways, the direction we take is to team with world market leaders in the areas we cover.\n\n"",""Through continuous communication with our partners and providers, we provide the best understanding, knowledge and capabilities to optimally serve the needs and properly face the challenges of modern IT systems.\n\n"",""Our Experience and Projects cover Businesses from small to large Enterprises, in different vertical markets. Banking and Financial sector, Oil & Gas, Construction and Real Estate, Governmental and Non-Governmental Organizations, Educational, Industrial Organizations, Trading, Shipping and much more.\n\n"",""Our Global partners in success, include but not limited to, Bloomberg, Credit Agricole Bank, HSBC Bank, ENI , Regus Offices , Orange Telco,  Gemini Holding,  WHO, Ford Foundation, Fulbright Commission and many more entities across our Mediterranean Region .\n\n"",""With our EU Presence and Middle Eastern Background, we have a great mix of cultures and exposure that allows us to provide different solutions with fresh approaches   \n\n""]",33.0604351221676,34.6899364396831,,false,"[""info@longrangeltd.com""]","[""357 97 676879"",""+357 99 088185"",""+357 97 740417""]",review_non_mena,high,"IRIS House, John Kennedy St. 3106 Limassol, Cyprus","Source location resolves to Cyprus, outside the configured MENA scope."
kattch,Orthoplex Solutions,Canada,,"[""Development"",""Design""]",,"80 Atlantic Avenue,Toronto, Canada",,"Web and app development solutions for businesses focused on performance, scalability, and data security.",1440,orthoplexsolutions.com,https://www.linkedin.com/company/orthoplexsolutions,,,8568b131-ece1-4b7c-8d96-f77616f76afc,orthoplex-solutions,Web & App Development Services,2025-03-14 13:25:25.748,2025-12-06 08:01:09.236,/providers/orthoplex-solutions/logo.png,false,"[""Founded in 2015 by three siblings, we are more than developers; we are a family business. We specialize in developing high-performing websites and apps that handle large databases, high traffic, complex functionalities, and sensitive data."",""We specialize in the following tech: WordPress, Adalo, ReactJS, NextJS, ReactNative, NodeJS, MongoDB, SQL and AWS."",""We have successfully completed projects for companies of all sizes; from small businesses and solopreneurs to large government regulated entities."",""Although our headquarters is in Toronto, Canada, we work with companies from around the globe, including the USA, France, and the Middle East. Orthoplex has been featured in numerous publications, including Medium, Big News Network, Digital Journal, and more."",""Our web and app development company is completely focused on 3 key points: Performance, Data Security, Scalability"",""Our client-centric philosophy has fueled our nine-year journey of success, bringing us over 400 clients across diverse industries, including healthcare, automation, manufacturing, sports, real estate, and many others.""]",-79.421089321446,43.6389692716694,,false,[],"[""1 (647) 557-7638""]",review_non_mena,high,"80 Atlantic Avenue,Toronto, Canada","Source location resolves to Canada, outside the configured MENA scope."
