provider,source_company_id,source_company_name,source_value,crunchbase_slug,crunchbase_url
datahive,27850,Repacket,https://www.crunchbase.com/organization/0pass,0pass,https://www.crunchbase.com/organization/0pass
radema,27850,0pass,https://www.crunchbase.com/organization/0pass,0pass,https://www.crunchbase.com/organization/0pass
datahive,1700,10 By 10,https://www.crunchbase.com/organization/10-by-10,10-by-10,https://www.crunchbase.com/organization/10-by-10
radema,1700,10 By 10,https://www.crunchbase.com/organization/10-by-10,10-by-10,https://www.crunchbase.com/organization/10-by-10
kaggle_startups,,1000Memories,http://www.crunchbase.com/organization/1000memories,1000memories,https://www.crunchbase.com/organization/1000memories
datahive,214,All Screen,https://www.crunchbase.com/organization/140fire,140fire,https://www.crunchbase.com/organization/140fire
kaggle_startups,,140bets,http://www.crunchbase.com/organization/140fire,140fire,https://www.crunchbase.com/organization/140fire
radema,214,All Screen,https://www.crunchbase.com/organization/140fire,140fire,https://www.crunchbase.com/organization/140fire
radema,13121,1build,https://www.crunchbase.com/organization/1build,1build,https://www.crunchbase.com/organization/1build
datahive,608,One Degree,https://www.crunchbase.com/organization/1degree,1degree,https://www.crunchbase.com/organization/1degree
radema,608,One Degree,https://www.crunchbase.com/organization/1degree,1degree,https://www.crunchbase.com/organization/1degree
radema,25989,1Flow,https://www.crunchbase.com/organization/1flow,1flow,https://www.crunchbase.com/organization/1flow
datahive,747,20n,https://www.crunchbase.com/organization/20n,20n,https://www.crunchbase.com/organization/20n
radema,747,20n,https://www.crunchbase.com/organization/20n,20n,https://www.crunchbase.com/organization/20n
datahive,312,280 North,https://www.crunchbase.com/organization/280-north,280-north,https://www.crunchbase.com/organization/280-north
kaggle_startups,,280 North,http://www.crunchbase.com/organization/280-north,280-north,https://www.crunchbase.com/organization/280-north
radema,312,280 North,https://www.crunchbase.com/organization/280-north,280-north,https://www.crunchbase.com/organization/280-north
datahive,571,42,https://www.crunchbase.com/organization/42,42,https://www.crunchbase.com/organization/42
kaggle_startups,,42,http://www.crunchbase.com/organization/42,42,https://www.crunchbase.com/organization/42
radema,571,42,https://www.crunchbase.com/organization/42,42,https://www.crunchbase.com/organization/42
datahive,7,42Floors,https://www.crunchbase.com/organization/42floors,42floors,https://www.crunchbase.com/organization/42floors
kaggle_startups,,42floors,http://www.crunchbase.com/organization/42floors,42floors,https://www.crunchbase.com/organization/42floors
radema,7,42Floors,https://www.crunchbase.com/organization/42floors,42floors,https://www.crunchbase.com/organization/42floors
datahive,213,500Friends,https://www.crunchbase.com/organization/500friends,500friends,https://www.crunchbase.com/organization/500friends
kaggle_startups,,500Friends,http://www.crunchbase.com/organization/500friends,500friends,https://www.crunchbase.com/organization/500friends
radema,213,500Friends,https://www.crunchbase.com/organization/500friends,500friends,https://www.crunchbase.com/organization/500friends
datahive,12252,54Gene,https://www.crunchbase.com/organization/54gene,54gene,https://www.crunchbase.com/organization/54gene
radema,12252,54Gene,https://www.crunchbase.com/organization/54gene,54gene,https://www.crunchbase.com/organization/54gene
datahive,11935,AllSome Fulfillment,https://www.crunchbase.com/organization/5688-global-limited,5688-global-limited,https://www.crunchbase.com/organization/5688-global-limited
radema,11935,AllSome Fulfillment,https://www.crunchbase.com/organization/5688-global-limited,5688-global-limited,https://www.crunchbase.com/organization/5688-global-limited
kaggle_startups,,6sense,http://www.crunchbase.com/organization/6sense,6sense,https://www.crunchbase.com/organization/6sense
datahive,517,7cups,https://www.crunchbase.com/organization/7-cups-of-tea,7-cups-of-tea,https://www.crunchbase.com/organization/7-cups-of-tea
radema,517,7cups,https://www.crunchbase.com/organization/7-cups-of-tea,7-cups-of-tea,https://www.crunchbase.com/organization/7-cups-of-tea
datahive,1683,Commissary Club (formerly 70 Million Jobs),https://www.crunchbase.com/organization/70-million-jobs,70-million-jobs,https://www.crunchbase.com/organization/70-million-jobs
radema,1683,Commissary Club (formerly 70 Million Jobs),https://www.crunchbase.com/organization/70-million-jobs,70-million-jobs,https://www.crunchbase.com/organization/70-million-jobs
datahive,941,"80,000 Hours",https://www.crunchbase.com/organization/80-000-hours,80-000-hours,https://www.crunchbase.com/organization/80-000-hours
radema,941,"80,000 Hours",https://www.crunchbase.com/organization/80-000-hours,80-000-hours,https://www.crunchbase.com/organization/80-000-hours
kaggle_startups,,8aweek,http://www.crunchbase.com/organization/8aweek,8aweek,https://www.crunchbase.com/organization/8aweek
datahive,25322,VantedgeAI,https://www.crunchbase.com/organization/8vdx,8vdx,https://www.crunchbase.com/organization/8vdx
radema,25322,8vdx,https://www.crunchbase.com/organization/8vdx,8vdx,https://www.crunchbase.com/organization/8vdx
datahive,13523,99minutos,https://www.crunchbase.com/organization/99-minutos,99-minutos,https://www.crunchbase.com/organization/99-minutos
radema,13523,99minutos,https://www.crunchbase.com/organization/99-minutos,99-minutos,https://www.crunchbase.com/organization/99-minutos
datahive,48,99dresses,https://www.crunchbase.com/organization/99dresses,99dresses,https://www.crunchbase.com/organization/99dresses
kaggle_startups,,99dresses,http://www.crunchbase.com/organization/99dresses,99dresses,https://www.crunchbase.com/organization/99dresses
radema,48,99dresses,https://www.crunchbase.com/organization/99dresses,99dresses,https://www.crunchbase.com/organization/99dresses
datahive,469,9gag,https://www.crunchbase.com/organization/9gag,9gag,https://www.crunchbase.com/organization/9gag
kaggle_startups,,9GAG,http://www.crunchbase.com/organization/9gag,9gag,https://www.crunchbase.com/organization/9gag
radema,469,9gag,https://www.crunchbase.com/organization/9gag,9gag,https://www.crunchbase.com/organization/9gag
datahive,24147,Abbot,https://www.crunchbase.com/organization/a-serious-business,a-serious-business,https://www.crunchbase.com/organization/a-serious-business
radema,24147,Abbot,https://www.crunchbase.com/organization/a-serious-business,a-serious-business,https://www.crunchbase.com/organization/a-serious-business
datahive,305,A Thinking Ape,https://www.crunchbase.com/organization/a-thinking-ape,a-thinking-ape,https://www.crunchbase.com/organization/a-thinking-ape
radema,305,A Thinking Ape,https://www.crunchbase.com/organization/a-thinking-ape,a-thinking-ape,https://www.crunchbase.com/organization/a-thinking-ape
datahive,22579,Abacum,https://www.crunchbase.com/organization/abacum,abacum,https://www.crunchbase.com/organization/abacum
radema,22579,Abacum,https://www.crunchbase.com/organization/abacum,abacum,https://www.crunchbase.com/organization/abacum
kaggle_startups,,Abacus,http://www.crunchbase.com/organization/abacus-labs,abacus-labs,https://www.crunchbase.com/organization/abacus-labs
radema,572,Abacus,https://www.crunchbase.com/organization/abacus-labs,abacus-labs,https://www.crunchbase.com/organization/abacus-labs
datahive,13081,Abalone Bio,https://www.crunchbase.com/organization/abalone-bio-inc,abalone-bio-inc,https://www.crunchbase.com/organization/abalone-bio-inc
radema,13081,Abalone Bio,https://www.crunchbase.com/organization/abalone-bio-inc,abalone-bio-inc,https://www.crunchbase.com/organization/abalone-bio-inc
datahive,24685,Abhi,https://www.crunchbase.com/organization/abhi,abhi,https://www.crunchbase.com/organization/abhi
radema,24685,Abhi,https://www.crunchbase.com/organization/abhi,abhi,https://www.crunchbase.com/organization/abhi
datahive,1004,Able Health,https://www.crunchbase.com/organization/able-health,able-health,https://www.crunchbase.com/organization/able-health
radema,1004,Able Health,https://www.crunchbase.com/organization/able-health,able-health,https://www.crunchbase.com/organization/able-health
radema,27190,Abridge,https://www.crunchbase.com/organization/abridge-2390,abridge-2390,https://www.crunchbase.com/organization/abridge-2390
datahive,23958,Abstra,https://www.crunchbase.com/organization/abstra,abstra,https://www.crunchbase.com/organization/abstra
radema,23958,Abstra,https://www.crunchbase.com/organization/abstra,abstra,https://www.crunchbase.com/organization/abstra
datahive,25404,Castia,https://www.crunchbase.com/organization/acasa/company_financials,acasa,https://www.crunchbase.com/organization/acasa
radema,25404,Castia,https://www.crunchbase.com/organization/acasa/company_financials,acasa,https://www.crunchbase.com/organization/acasa
datahive,12242,AccioJob,https://www.crunchbase.com/organization/acciojob,acciojob,https://www.crunchbase.com/organization/acciojob
radema,12242,AccioJob,https://www.crunchbase.com/organization/acciojob,acciojob,https://www.crunchbase.com/organization/acciojob
radema,1384,Accredible,https://www.crunchbase.com/organization/accredible,accredible,https://www.crunchbase.com/organization/accredible
datahive,13141,Aden,https://www.crunchbase.com/organization/acho,acho,https://www.crunchbase.com/organization/acho
radema,13141,Acho,https://www.crunchbase.com/organization/acho,acho,https://www.crunchbase.com/organization/acho
datahive,29810,Pumpkin,https://www.crunchbase.com/organization/actionbase-2147,actionbase-2147,https://www.crunchbase.com/organization/actionbase-2147
datahive,26792,Activepieces,https://www.crunchbase.com/organization/activepieces,activepieces,https://www.crunchbase.com/organization/activepieces
datahive,143,Acunote,https://www.crunchbase.com/organization/acunote,acunote,https://www.crunchbase.com/organization/acunote
kaggle_startups,,Acunote,http://www.crunchbase.com/organization/acunote,acunote,https://www.crunchbase.com/organization/acunote
radema,143,Acunote,https://www.crunchbase.com/organization/acunote,acunote,https://www.crunchbase.com/organization/acunote
datahive,209,AdGrok,https://www.crunchbase.com/organization/adgrok,adgrok,https://www.crunchbase.com/organization/adgrok
kaggle_startups,,AdGrok,http://www.crunchbase.com/organization/adgrok,adgrok,https://www.crunchbase.com/organization/adgrok
radema,209,AdGrok,https://www.crunchbase.com/organization/adgrok,adgrok,https://www.crunchbase.com/organization/adgrok
datahive,270,Volantio,https://www.crunchbase.com/organization/adioso,adioso,https://www.crunchbase.com/organization/adioso
kaggle_startups,,Adioso,http://www.crunchbase.com/organization/adioso,adioso,https://www.crunchbase.com/organization/adioso
radema,270,Volantio,https://www.crunchbase.com/organization/adioso,adioso,https://www.crunchbase.com/organization/adioso
radema,1417,AdmitSee,https://www.crunchbase.com/organization/admitsee,admitsee,https://www.crunchbase.com/organization/admitsee
datahive,398,OmniVirt,https://www.crunchbase.com/organization/adsoptimal-social-nation-inc,adsoptimal-social-nation-inc,https://www.crunchbase.com/organization/adsoptimal-social-nation-inc
radema,398,OmniVirt,https://www.crunchbase.com/organization/adsoptimal-social-nation-inc,adsoptimal-social-nation-inc,https://www.crunchbase.com/organization/adsoptimal-social-nation-inc
datahive,261,AdThrow,https://www.crunchbase.com/organization/adthrow,adthrow,https://www.crunchbase.com/organization/adthrow
radema,261,AdThrow,https://www.crunchbase.com/organization/adthrow,adthrow,https://www.crunchbase.com/organization/adthrow
datahive,1621,Advano,https://www.crunchbase.com/organization/advano,advano,https://www.crunchbase.com/organization/advano
radema,1621,Advano,https://www.crunchbase.com/organization/advano,advano,https://www.crunchbase.com/organization/advano
datahive,24086,Advantage Club,https://www.crunchbase.com/organization/advantage-club,advantage-club,https://www.crunchbase.com/organization/advantage-club
radema,24086,Advantage Club,https://www.crunchbase.com/organization/advantage-club,advantage-club,https://www.crunchbase.com/organization/advantage-club
datahive,11990,Adventurous Co,https://www.crunchbase.com/organization/adventurous-co,adventurous-co,https://www.crunchbase.com/organization/adventurous-co
radema,11990,Adventurous Co,https://www.crunchbase.com/organization/adventurous-co,adventurous-co,https://www.crunchbase.com/organization/adventurous-co
radema,25590,AeonCharge,https://www.crunchbase.com/organization/aeoncharge,aeoncharge,https://www.crunchbase.com/organization/aeoncharge
datahive,183,AeroFS,https://www.crunchbase.com/organization/aerofs,aerofs,https://www.crunchbase.com/organization/aerofs
kaggle_startups,,AeroFS,http://www.crunchbase.com/organization/aerofs,aerofs,https://www.crunchbase.com/organization/aerofs
radema,183,AeroFS,https://www.crunchbase.com/organization/aerofs,aerofs,https://www.crunchbase.com/organization/aerofs
datahive,1875,Aerones,https://www.crunchbase.com/organization/aerones,aerones,https://www.crunchbase.com/organization/aerones
radema,1875,Aerones,https://www.crunchbase.com/organization/aerones,aerones,https://www.crunchbase.com/organization/aerones
datahive,23096,Aerotime,https://www.crunchbase.com/organization/aerotime,aerotime,https://www.crunchbase.com/organization/aerotime
radema,23096,Aerotime,https://www.crunchbase.com/organization/aerotime,aerotime,https://www.crunchbase.com/organization/aerotime
datahive,1777,AesculaTech,https://www.crunchbase.com/organization/aesculatech,aesculatech,https://www.crunchbase.com/organization/aesculatech
radema,1777,AesculaTech,https://www.crunchbase.com/organization/aesculatech,aesculatech,https://www.crunchbase.com/organization/aesculatech
datahive,29350,Aether,https://www.crunchbase.com/organization/aether-energy,aether-energy,https://www.crunchbase.com/organization/aether-energy
datahive,903,Afrostream,https://www.crunchbase.com/organization/afrostream,afrostream,https://www.crunchbase.com/organization/afrostream
radema,903,Afrostream,https://www.crunchbase.com/organization/afrostream,afrostream,https://www.crunchbase.com/organization/afrostream
datahive,25273,Agave,https://www.crunchbase.com/organization/agave-api,agave-api,https://www.crunchbase.com/organization/agave-api
radema,25273,Agave,https://www.crunchbase.com/organization/agave-api,agave-api,https://www.crunchbase.com/organization/agave-api
datahive,23292,AgendaPro,https://www.crunchbase.com/organization/agendapro,agendapro,https://www.crunchbase.com/organization/agendapro
radema,23292,AgendaPro,https://www.crunchbase.com/organization/agendapro,agendapro,https://www.crunchbase.com/organization/agendapro
datahive,30611,AgentMail,https://www.crunchbase.com/organization/agentmail-10e0,agentmail-10e0,https://www.crunchbase.com/organization/agentmail-10e0
datahive,90,AgileMD,https://www.crunchbase.com/organization/agilemd,agilemd,https://www.crunchbase.com/organization/agilemd
kaggle_startups,,AgileDiagnosis,http://www.crunchbase.com/organization/agilemd,agilemd,https://www.crunchbase.com/organization/agilemd
radema,90,AgileMD,https://www.crunchbase.com/organization/agilemd,agilemd,https://www.crunchbase.com/organization/agilemd
datahive,12006,AI Insurance,https://www.crunchbase.com/organization/ai-insurance,ai-insurance,https://www.crunchbase.com/organization/ai-insurance
radema,12006,AI Insurance,https://www.crunchbase.com/organization/ai-insurance,ai-insurance,https://www.crunchbase.com/organization/ai-insurance
datahive,12598,Narrator,https://www.crunchbase.com/organization/ai-narrator,ai-narrator,https://www.crunchbase.com/organization/ai-narrator
radema,12598,Narrator,https://www.crunchbase.com/organization/ai-narrator,ai-narrator,https://www.crunchbase.com/organization/ai-narrator
radema,28162,AiFlow,https://www.crunchbase.com/organization/aiflow,aiflow,https://www.crunchbase.com/organization/aiflow
datahive,271,Airbnb,https://www.crunchbase.com/organization/airbnb,airbnb,https://www.crunchbase.com/organization/airbnb
kaggle_startups,,AirBnb,http://www.crunchbase.com/organization/airbnb,airbnb,https://www.crunchbase.com/organization/airbnb
radema,271,Airbnb,https://www.crunchbase.com/organization/airbnb,airbnb,https://www.crunchbase.com/organization/airbnb
kaggle_startups,,Airbrite,http://www.crunchbase.com/organization/airbrite,airbrite,https://www.crunchbase.com/organization/airbrite
datahive,13549,Airbyte,https://www.crunchbase.com/organization/airbyte-b3bb,airbyte-b3bb,https://www.crunchbase.com/organization/airbyte-b3bb
radema,13549,Airbyte,https://www.crunchbase.com/organization/airbyte-b3bb,airbyte-b3bb,https://www.crunchbase.com/organization/airbyte-b3bb
datahive,1274,Airfordable,https://www.crunchbase.com/organization/airfordable,airfordable,https://www.crunchbase.com/organization/airfordable
radema,1274,Airfordable,https://www.crunchbase.com/organization/airfordable,airfordable,https://www.crunchbase.com/organization/airfordable
datahive,574,AirHelp,https://www.crunchbase.com/organization/airhelp,airhelp,https://www.crunchbase.com/organization/airhelp
kaggle_startups,,AirHelp,http://www.crunchbase.com/organization/airhelp,airhelp,https://www.crunchbase.com/organization/airhelp
radema,574,AirHelp,https://www.crunchbase.com/organization/airhelp,airhelp,https://www.crunchbase.com/organization/airhelp
datahive,885,Airmada,https://www.crunchbase.com/organization/airmada,airmada,https://www.crunchbase.com/organization/airmada
radema,885,Airmada,https://www.crunchbase.com/organization/airmada,airmada,https://www.crunchbase.com/organization/airmada
datahive,1250,Airo Health,https://www.crunchbase.com/organization/airo-health,airo-health,https://www.crunchbase.com/organization/airo-health
radema,1250,Airo Health,https://www.crunchbase.com/organization/airo-health,airo-health,https://www.crunchbase.com/organization/airo-health
kaggle_startups,,AirPair,http://www.crunchbase.com/organization/airpair,airpair,https://www.crunchbase.com/organization/airpair
radema,638,AirPair,https://www.crunchbase.com/organization/airpair,airpair,https://www.crunchbase.com/organization/airpair
datahive,1651,Airthium,https://www.crunchbase.com/organization/airthium,airthium,https://www.crunchbase.com/organization/airthium
radema,1651,Airthium,https://www.crunchbase.com/organization/airthium,airthium,https://www.crunchbase.com/organization/airthium
datahive,513,Airware,https://www.crunchbase.com/organization/airware,airware,https://www.crunchbase.com/organization/airware
kaggle_startups,,Airware,http://www.crunchbase.com/organization/airware,airware,https://www.crunchbase.com/organization/airware
radema,513,Airware,https://www.crunchbase.com/organization/airware,airware,https://www.crunchbase.com/organization/airware
datahive,25753,Airwork,https://www.crunchbase.com/organization/AirworkHQ,airworkhq,https://www.crunchbase.com/organization/airworkhq
radema,25753,Airwork,https://www.crunchbase.com/organization/AirworkHQ,airworkhq,https://www.crunchbase.com/organization/airworkhq
datahive,79,Aisle50,https://www.crunchbase.com/organization/aisle50,aisle50,https://www.crunchbase.com/organization/aisle50
kaggle_startups,,Aisle50,http://www.crunchbase.com/organization/aisle50,aisle50,https://www.crunchbase.com/organization/aisle50
radema,79,Aisle50,https://www.crunchbase.com/organization/aisle50,aisle50,https://www.crunchbase.com/organization/aisle50
datahive,1960,Ajaib,https://www.crunchbase.com/organization/ajaib,ajaib,https://www.crunchbase.com/organization/ajaib
radema,1960,Ajaib,https://www.crunchbase.com/organization/ajaib,ajaib,https://www.crunchbase.com/organization/ajaib
radema,26851,Ajourney,https://www.crunchbase.com/organization/ajourney,ajourney,https://www.crunchbase.com/organization/ajourney
datahive,748,Akido Labs,https://www.crunchbase.com/organization/akido-labs,akido-labs,https://www.crunchbase.com/organization/akido-labs
radema,748,Akido Labs,https://www.crunchbase.com/organization/akido-labs,akido-labs,https://www.crunchbase.com/organization/akido-labs
datahive,24525,Akute Health,https://www.crunchbase.com/organization/akute-health,akute-health,https://www.crunchbase.com/organization/akute-health
radema,24525,Akute Health,https://www.crunchbase.com/organization/akute-health,akute-health,https://www.crunchbase.com/organization/akute-health
datahive,27968,Alaan,https://www.crunchbase.com/organization/alaan,alaan,https://www.crunchbase.com/organization/alaan
radema,27968,Alaan,https://www.crunchbase.com/organization/alaan,alaan,https://www.crunchbase.com/organization/alaan
datahive,12844,Alana,https://www.crunchbase.com/organization/alana,alana,https://www.crunchbase.com/organization/alana
radema,12844,Alana,https://www.crunchbase.com/organization/alana,alana,https://www.crunchbase.com/organization/alana
datahive,22630,Alba Orbital,https://www.crunchbase.com/organization/alba-orbital,alba-orbital,https://www.crunchbase.com/organization/alba-orbital
radema,22630,Alba Orbital,https://www.crunchbase.com/organization/alba-orbital,alba-orbital,https://www.crunchbase.com/organization/alba-orbital
datahive,22640,Albedo,https://www.crunchbase.com/organization/albedo,albedo,https://www.crunchbase.com/organization/albedo
radema,22640,Albedo,https://www.crunchbase.com/organization/albedo,albedo,https://www.crunchbase.com/organization/albedo
datahive,26501,Albiware Inc.,https://www.crunchbase.com/organization/albiware,albiware,https://www.crunchbase.com/organization/albiware
radema,26501,Albiware Inc.,https://www.crunchbase.com/organization/albiware,albiware,https://www.crunchbase.com/organization/albiware
datahive,1509,AlemHealth,https://www.crunchbase.com/organization/alemhealth,alemhealth,https://www.crunchbase.com/organization/alemhealth
radema,1509,AlemHealth,https://www.crunchbase.com/organization/alemhealth,alemhealth,https://www.crunchbase.com/organization/alemhealth
datahive,24428,Aleph,https://www.crunchbase.com/organization/aleph-labs,aleph-labs,https://www.crunchbase.com/organization/aleph-labs
radema,24428,Aleph,https://www.crunchbase.com/organization/aleph-labs,aleph-labs,https://www.crunchbase.com/organization/aleph-labs
datahive,24422,Aleph Solutions (Alephee),https://www.crunchbase.com/organization/alephcrm,alephcrm,https://www.crunchbase.com/organization/alephcrm
radema,24422,Aleph Solutions,https://www.crunchbase.com/organization/alephcrm,alephcrm,https://www.crunchbase.com/organization/alephcrm
datahive,25700,Alga Biosciences,https://www.crunchbase.com/organization/alga-biosciences,alga-biosciences,https://www.crunchbase.com/organization/alga-biosciences
radema,25700,Alga Biosciences,https://www.crunchbase.com/organization/alga-biosciences,alga-biosciences,https://www.crunchbase.com/organization/alga-biosciences
datahive,636,Algolia,https://www.crunchbase.com/organization/algolia,algolia,https://www.crunchbase.com/organization/algolia
kaggle_startups,,Algolia,http://www.crunchbase.com/organization/algolia,algolia,https://www.crunchbase.com/organization/algolia
radema,636,Algolia,https://www.crunchbase.com/organization/algolia,algolia,https://www.crunchbase.com/organization/algolia
datahive,998,Algoriz,https://www.crunchbase.com/organization/algoriz,algoriz,https://www.crunchbase.com/organization/algoriz
radema,998,Algoriz,https://www.crunchbase.com/organization/algoriz,algoriz,https://www.crunchbase.com/organization/algoriz
datahive,1842,AlgoSurg Inc,https://www.crunchbase.com/organization/algosurg,algosurg,https://www.crunchbase.com/organization/algosurg
radema,1842,AlgoSurg Inc,https://www.crunchbase.com/organization/algosurg,algosurg,https://www.crunchbase.com/organization/algosurg
datahive,28844,Alguna,https://www.crunchbase.com/organization/alguna,alguna,https://www.crunchbase.com/organization/alguna
radema,28844,Alguna,https://www.crunchbase.com/organization/alguna,alguna,https://www.crunchbase.com/organization/alguna
datahive,26210,Alima,https://crunchbase.com/organization/alima,alima,https://www.crunchbase.com/organization/alima
radema,26210,Alima,https://crunchbase.com/organization/alima,alima,https://www.crunchbase.com/organization/alima
datahive,22834,Alinea,https://www.crunchbase.com/organization/alinea-34ff,alinea-34ff,https://www.crunchbase.com/organization/alinea-34ff
radema,22834,Alinea,https://www.crunchbase.com/organization/alinea-34ff,alinea-34ff,https://www.crunchbase.com/organization/alinea-34ff
radema,1426,Allcancode,https://www.crunchbase.com/organization/allcancode,allcancode,https://www.crunchbase.com/organization/allcancode
datahive,11923,Allo,https://www.crunchbase.com/organization/allo,allo,https://www.crunchbase.com/organization/allo
radema,11923,Allo,https://www.crunchbase.com/organization/allo,allo,https://www.crunchbase.com/organization/allo
datahive,1883,Allotrope Medical,https://www.crunchbase.com/organization/allotrope-medical,allotrope-medical,https://www.crunchbase.com/organization/allotrope-medical
radema,1883,Allotrope Medical,https://www.crunchbase.com/organization/allotrope-medical,allotrope-medical,https://www.crunchbase.com/organization/allotrope-medical
datahive,13265,Alloy Automation,https://www.crunchbase.com/organization/alloy-automation,alloy-automation,https://www.crunchbase.com/organization/alloy-automation
radema,13265,Alloy Automation,https://www.crunchbase.com/organization/alloy-automation,alloy-automation,https://www.crunchbase.com/organization/alloy-automation
datahive,12271,Allure Systems,https://www.crunchbase.com/organization/allure-systems,allure-systems,https://www.crunchbase.com/organization/allure-systems
radema,12271,Allure Systems,https://www.crunchbase.com/organization/allure-systems,allure-systems,https://www.crunchbase.com/organization/allure-systems
datahive,12119,Alpaca,https://www.crunchbase.com/organization/alpacadb,alpacadb,https://www.crunchbase.com/organization/alpacadb
radema,12119,Alpaca,https://www.crunchbase.com/organization/alpacadb,alpacadb,https://www.crunchbase.com/organization/alpacadb
datahive,1970,Alpha Vantage,https://www.crunchbase.com/organization/alpha-vantage,alpha-vantage,https://www.crunchbase.com/organization/alpha-vantage
radema,1970,Alpha Vantage,https://www.crunchbase.com/organization/alpha-vantage,alpha-vantage,https://www.crunchbase.com/organization/alpha-vantage
datahive,986,AlphaFlow,https://www.crunchbase.com/organization/alphaflow,alphaflow,https://www.crunchbase.com/organization/alphaflow
radema,986,AlphaFlow,https://www.crunchbase.com/organization/alphaflow,alphaflow,https://www.crunchbase.com/organization/alphaflow
datahive,1214,AmberBox Gunshot Detection,https://www.crunchbase.com/organization/amberbox,amberbox,https://www.crunchbase.com/organization/amberbox
radema,1214,AmberBox Gunshot Detection,https://www.crunchbase.com/organization/amberbox,amberbox,https://www.crunchbase.com/organization/amberbox
datahive,1487,Ambient.ai,https://www.crunchbase.com/organization/ambient-ai,ambient-ai,https://www.crunchbase.com/organization/ambient-ai
radema,1487,Ambient.ai,https://www.crunchbase.com/organization/ambient-ai,ambient-ai,https://www.crunchbase.com/organization/ambient-ai
datahive,576,Ambition,https://www.crunchbase.com/organization/ambition-inc,ambition-inc,https://www.crunchbase.com/organization/ambition-inc
kaggle_startups,,Ambition,http://www.crunchbase.com/organization/ambition-inc,ambition-inc,https://www.crunchbase.com/organization/ambition-inc
radema,576,Ambition,https://www.crunchbase.com/organization/ambition-inc,ambition-inc,https://www.crunchbase.com/organization/ambition-inc
datahive,1575,ACLU,https://www.crunchbase.com/organization/american-civil-liberties-union,american-civil-liberties-union,https://www.crunchbase.com/organization/american-civil-liberties-union
radema,1575,ACLU,https://www.crunchbase.com/organization/american-civil-liberties-union,american-civil-liberties-union,https://www.crunchbase.com/organization/american-civil-liberties-union
kaggle_startups,,Amiato,http://www.crunchbase.com/organization/amiato,amiato,https://www.crunchbase.com/organization/amiato
kaggle_startups,,Amicus,http://www.crunchbase.com/organization/amicus,amicus,https://www.crunchbase.com/organization/amicus
datahive,40,Amplitude,https://www.crunchbase.com/organization/amplitude,amplitude,https://www.crunchbase.com/organization/amplitude
radema,40,Amplitude,https://www.crunchbase.com/organization/amplitude,amplitude,https://www.crunchbase.com/organization/amplitude
datahive,12136,AmpUp,https://www.crunchbase.com/organization/ampup,ampup,https://www.crunchbase.com/organization/ampup
radema,12136,AmpUp,https://www.crunchbase.com/organization/ampup,ampup,https://www.crunchbase.com/organization/ampup
datahive,553,Amulyte,https://www.crunchbase.com/organization/amulyte,amulyte,https://www.crunchbase.com/organization/amulyte
kaggle_startups,,Amulyte,http://www.crunchbase.com/organization/amulyte,amulyte,https://www.crunchbase.com/organization/amulyte
radema,553,Amulyte,https://www.crunchbase.com/organization/amulyte,amulyte,https://www.crunchbase.com/organization/amulyte
datahive,24141,Anakin,https://www.crunchbase.com/organization/anakin,anakin,https://www.crunchbase.com/organization/anakin
radema,24141,Anakin,https://www.crunchbase.com/organization/anakin,anakin,https://www.crunchbase.com/organization/anakin
datahive,740,Qventus,https://www.crunchbase.com/organization/analyticsmd,analyticsmd,https://www.crunchbase.com/organization/analyticsmd
radema,740,Qventus,https://www.crunchbase.com/organization/analyticsmd,analyticsmd,https://www.crunchbase.com/organization/analyticsmd
datahive,24549,Ancana,https://www.crunchbase.com/organization/ancana,ancana,https://www.crunchbase.com/organization/ancana
radema,24549,Ancana,https://www.crunchbase.com/organization/ancana,ancana,https://www.crunchbase.com/organization/ancana
datahive,1661,And Comfort,https://www.crunchbase.com/organization/and-comfort-san-francisco-california,and-comfort-san-francisco-california,https://www.crunchbase.com/organization/and-comfort-san-francisco-california
radema,1661,And Comfort,https://www.crunchbase.com/organization/and-comfort-san-francisco-california,and-comfort-san-francisco-california,https://www.crunchbase.com/organization/and-comfort-san-francisco-california
datahive,25058,Andi,https://www.crunchbase.com/organization/andi,andi,https://www.crunchbase.com/organization/andi
radema,25058,Andi,https://www.crunchbase.com/organization/andi,andi,https://www.crunchbase.com/organization/andi
datahive,25655,Anfin,https://www.crunchbase.com/organization/anfin,anfin,https://www.crunchbase.com/organization/anfin
radema,25655,Anfin,https://www.crunchbase.com/organization/anfin,anfin,https://www.crunchbase.com/organization/anfin
datahive,29957,Anglera,https://www.crunchbase.com/organization/anglera,anglera,https://www.crunchbase.com/organization/anglera
datahive,1940,Anima App,https://www.crunchbase.com/organization/anima-app,anima-app,https://www.crunchbase.com/organization/anima-app
radema,1940,Anima App,https://www.crunchbase.com/organization/anima-app,anima-app,https://www.crunchbase.com/organization/anima-app
datahive,1863,Anjuna,https://www.crunchbase.com/organization/anjuna,anjuna,https://www.crunchbase.com/organization/anjuna
radema,1863,Anjuna,https://www.crunchbase.com/organization/anjuna,anjuna,https://www.crunchbase.com/organization/anjuna
radema,28884,Anneal,https://www.crunchbase.com/organization/anneal-bbf6,anneal-bbf6,https://www.crunchbase.com/organization/anneal-bbf6
datahive,2018,AnnieCannons,https://www.crunchbase.com/organization/anniecannons,anniecannons,https://www.crunchbase.com/organization/anniecannons
radema,2018,AnnieCannons,https://www.crunchbase.com/organization/anniecannons,anniecannons,https://www.crunchbase.com/organization/anniecannons
datahive,13671,Ansa Biotechnologies,https://www.crunchbase.com/organization/ansa-biotechnologies,ansa-biotechnologies,https://www.crunchbase.com/organization/ansa-biotechnologies
radema,13671,Ansa Biotechnologies,https://www.crunchbase.com/organization/ansa-biotechnologies,ansa-biotechnologies,https://www.crunchbase.com/organization/ansa-biotechnologies
kaggle_startups,,Answerly.com,http://www.crunchbase.com/organization/answerly,answerly,https://www.crunchbase.com/organization/answerly
kaggle_startups,,AnyLeaf,http://www.crunchbase.com/organization/anyleaf,anyleaf,https://www.crunchbase.com/organization/anyleaf
datahive,188,AnyList,https://www.crunchbase.com/organization/anylist,anylist,https://www.crunchbase.com/organization/anylist
radema,188,AnyList,https://www.crunchbase.com/organization/anylist,anylist,https://www.crunchbase.com/organization/anylist
kaggle_startups,,Anyperk,http://www.crunchbase.com/organization/anyperk,anyperk,https://www.crunchbase.com/organization/anyperk
datahive,287,Anyvite,https://www.crunchbase.com/organization/anyvite,anyvite,https://www.crunchbase.com/organization/anyvite
kaggle_startups,,Anyvite,http://www.crunchbase.com/organization/anyvite,anyvite,https://www.crunchbase.com/organization/anyvite
radema,287,Anyvite,https://www.crunchbase.com/organization/anyvite,anyvite,https://www.crunchbase.com/organization/anyvite
datahive,337,Anywhere.FM,https://www.crunchbase.com/organization/anywhere-fm,anywhere-fm,https://www.crunchbase.com/organization/anywhere-fm
kaggle_startups,,Anywhere.fm,http://www.crunchbase.com/organization/anywhere-fm,anywhere-fm,https://www.crunchbase.com/organization/anywhere-fm
radema,337,Anywhere.FM,https://www.crunchbase.com/organization/anywhere-fm,anywhere-fm,https://www.crunchbase.com/organization/anywhere-fm
datahive,1524,AON3D,https://www.crunchbase.com/organization/aon3d,aon3d,https://www.crunchbase.com/organization/aon3d
radema,1524,AON3D,https://www.crunchbase.com/organization/aon3d,aon3d,https://www.crunchbase.com/organization/aon3d
datahive,250,Lockitron,https://www.crunchbase.com/organization/apigy,apigy,https://www.crunchbase.com/organization/apigy
radema,250,Lockitron,https://www.crunchbase.com/organization/apigy,apigy,https://www.crunchbase.com/organization/apigy
datahive,30130,Apolink,https://www.crunchbase.com/organization/apolink,apolink,https://www.crunchbase.com/organization/apolink
datahive,904,Apollo Health,https://www.crunchbase.com/organization/apollo-health,apollo-health,https://www.crunchbase.com/organization/apollo-health
radema,904,Apollo Health,https://www.crunchbase.com/organization/apollo-health,apollo-health,https://www.crunchbase.com/organization/apollo-health
datahive,1300,ApolloShield,https://www.crunchbase.com/organization/apollo-shield,apollo-shield,https://www.crunchbase.com/organization/apollo-shield
radema,1300,ApolloShield,https://www.crunchbase.com/organization/apollo-shield,apollo-shield,https://www.crunchbase.com/organization/apollo-shield
datahive,909,Appcanary,https://www.crunchbase.com/organization/appcanary,appcanary,https://www.crunchbase.com/organization/appcanary
radema,909,Appcanary,https://www.crunchbase.com/organization/appcanary,appcanary,https://www.crunchbase.com/organization/appcanary
datahive,474,Appcubator,https://www.crunchbase.com/organization/appcubator,appcubator,https://www.crunchbase.com/organization/appcubator
radema,474,Appcubator,https://www.crunchbase.com/organization/appcubator,appcubator,https://www.crunchbase.com/organization/appcubator
datahive,140,AppHarbor,https://www.crunchbase.com/organization/appharbor,appharbor,https://www.crunchbase.com/organization/appharbor
kaggle_startups,,AppHarbor,http://www.crunchbase.com/organization/appharbor,appharbor,https://www.crunchbase.com/organization/appharbor
radema,140,AppHarbor,https://www.crunchbase.com/organization/appharbor,appharbor,https://www.crunchbase.com/organization/appharbor
datahive,336,Appjet,https://www.crunchbase.com/organization/appjet,appjet,https://www.crunchbase.com/organization/appjet
kaggle_startups,,Appjet,http://www.crunchbase.com/organization/appjet,appjet,https://www.crunchbase.com/organization/appjet
radema,336,Appjet,https://www.crunchbase.com/organization/appjet,appjet,https://www.crunchbase.com/organization/appjet
datahive,26802,Apply Design,https://www.crunchbase.com/organization/apply-design,apply-design,https://www.crunchbase.com/organization/apply-design
radema,26802,Apply Design,https://www.crunchbase.com/organization/apply-design,apply-design,https://www.crunchbase.com/organization/apply-design
datahive,159,Apportable,https://www.crunchbase.com/organization/apportable,apportable,https://www.crunchbase.com/organization/apportable
radema,159,Apportable,https://www.crunchbase.com/organization/apportable,apportable,https://www.crunchbase.com/organization/apportable
datahive,521,Apptimize,https://www.crunchbase.com/organization/apptimize,apptimize,https://www.crunchbase.com/organization/apptimize
kaggle_startups,,Apptimize,http://www.crunchbase.com/organization/apptimize,apptimize,https://www.crunchbase.com/organization/apptimize
radema,521,Apptimize,https://www.crunchbase.com/organization/apptimize,apptimize,https://www.crunchbase.com/organization/apptimize
datahive,578,AptDeco,https://www.crunchbase.com/organization/aptdeco,aptdeco,https://www.crunchbase.com/organization/aptdeco
kaggle_startups,,AptDeco,http://www.crunchbase.com/organization/aptdeco,aptdeco,https://www.crunchbase.com/organization/aptdeco
radema,578,AptDeco,https://www.crunchbase.com/organization/aptdeco,aptdeco,https://www.crunchbase.com/organization/aptdeco
datahive,651,Aptible,https://www.crunchbase.com/organization/aptible,aptible,https://www.crunchbase.com/organization/aptible
kaggle_startups,,Aptible,http://www.crunchbase.com/organization/aptible,aptible,https://www.crunchbase.com/organization/aptible
radema,651,Aptible,https://www.crunchbase.com/organization/aptible,aptible,https://www.crunchbase.com/organization/aptible
datahive,12897,Apurata,https://www.crunchbase.com/organization/apurata,apurata,https://www.crunchbase.com/organization/apurata
radema,12897,Apurata,https://www.crunchbase.com/organization/apurata,apurata,https://www.crunchbase.com/organization/apurata
datahive,399,Arc,https://www.crunchbase.com/organization/arc-56a9,arc-56a9,https://www.crunchbase.com/organization/arc-56a9
radema,399,Arc,https://www.crunchbase.com/organization/arc-56a9,arc-56a9,https://www.crunchbase.com/organization/arc-56a9
datahive,25118,Arc,https://www.crunchbase.com/organization/arc-technologies-245d,arc-technologies-245d,https://www.crunchbase.com/organization/arc-technologies-245d
radema,25118,Arc,https://www.crunchbase.com/organization/arc-technologies-245d,arc-technologies-245d,https://www.crunchbase.com/organization/arc-technologies-245d
datahive,30307,Archon,https://www.crunchbase.com/organization/archon-technologies-9074,archon-technologies-9074,https://www.crunchbase.com/organization/archon-technologies-9074
datahive,24398,Arengu,https://www.crunchbase.com/organization/arengu,arengu,https://www.crunchbase.com/organization/arengu
radema,24398,Arengu,https://www.crunchbase.com/organization/arengu,arengu,https://www.crunchbase.com/organization/arengu
datahive,24344,WarpBuild,https://www.crunchbase.com/organization/argonaut-862d,argonaut-862d,https://www.crunchbase.com/organization/argonaut-862d
radema,24344,WarpBuild,https://www.crunchbase.com/organization/argonaut-862d,argonaut-862d,https://www.crunchbase.com/organization/argonaut-862d
datahive,29288,Arini,https://www.crunchbase.com/organization/arini,arini,https://www.crunchbase.com/organization/arini
radema,29288,Arini,https://www.crunchbase.com/organization/arini,arini,https://www.crunchbase.com/organization/arini
datahive,56,Ark,https://www.crunchbase.com/organization/ark,ark,https://www.crunchbase.com/organization/ark
kaggle_startups,,Ark,http://www.crunchbase.com/organization/ark,ark,https://www.crunchbase.com/organization/ark
radema,56,Ark,https://www.crunchbase.com/organization/ark,ark,https://www.crunchbase.com/organization/ark
datahive,25585,Armilla AI,https://www.crunchbase.com/organization/armilla-ai,armilla-ai,https://www.crunchbase.com/organization/armilla-ai
radema,25585,Armilla AI,https://www.crunchbase.com/organization/armilla-ai,armilla-ai,https://www.crunchbase.com/organization/armilla-ai
datahive,1486,Armory,https://www.crunchbase.com/organization/armory,armory,https://www.crunchbase.com/organization/armory
radema,1486,Armory,https://www.crunchbase.com/organization/armory,armory,https://www.crunchbase.com/organization/armory
datahive,23266,Houm,https://www.crunchbase.com/organization/arriendoasegurado-com,arriendoasegurado-com,https://www.crunchbase.com/organization/arriendoasegurado-com
radema,23266,Houm,https://www.crunchbase.com/organization/arriendoasegurado-com,arriendoasegurado-com,https://www.crunchbase.com/organization/arriendoasegurado-com
datahive,1454,Arthena,https://www.crunchbase.com/organization/arthena,arthena,https://www.crunchbase.com/organization/arthena
radema,1454,Arthena,https://www.crunchbase.com/organization/arthena,arthena,https://www.crunchbase.com/organization/arthena
datahive,28650,Artie,https://www.crunchbase.com/organization/artie-a438,artie-a438,https://www.crunchbase.com/organization/artie-a438
radema,28650,Artie,https://www.crunchbase.com/organization/artie-a438,artie-a438,https://www.crunchbase.com/organization/artie-a438
datahive,29295,Artisan,https://www.crunchbase.com/organization/artisan-ai,artisan-ai,https://www.crunchbase.com/organization/artisan-ai
radema,29295,Artisan AI,https://www.crunchbase.com/organization/artisan-ai,artisan-ai,https://www.crunchbase.com/organization/artisan-ai
datahive,29973,Arva AI,https://www.crunchbase.com/organization/arva-ai,arva-ai,https://www.crunchbase.com/organization/arva-ai
datahive,1504,Arylla,https://www.crunchbase.com/organization/arylla,arylla,https://www.crunchbase.com/organization/arylla
radema,1504,Arylla,https://www.crunchbase.com/organization/arylla,arylla,https://www.crunchbase.com/organization/arylla
datahive,12637,OpenReplay,https://www.crunchbase.com/organization/asayer,asayer,https://www.crunchbase.com/organization/asayer
radema,12637,OpenReplay,https://www.crunchbase.com/organization/asayer,asayer,https://www.crunchbase.com/organization/asayer
datahive,11967,Ascen,https://www.crunchbase.com/organization/ascen-inc,ascen-inc,https://www.crunchbase.com/organization/ascen-inc
radema,11967,Ascen,https://www.crunchbase.com/organization/ascen-inc,ascen-inc,https://www.crunchbase.com/organization/ascen-inc
datahive,28824,askLio,https://www.crunchbase.com/organization/ask-lio-ai,ask-lio-ai,https://www.crunchbase.com/organization/ask-lio-ai
radema,28824,askLio,https://www.crunchbase.com/organization/ask-lio-ai,ask-lio-ai,https://www.crunchbase.com/organization/ask-lio-ai
datahive,1927,AskMyClass,https://www.crunchbase.com/organization/askmyclass,askmyclass,https://www.crunchbase.com/organization/askmyclass
radema,1927,AskMyClass,https://www.crunchbase.com/organization/askmyclass,askmyclass,https://www.crunchbase.com/organization/askmyclass
datahive,25403,Aspora,https://www.crunchbase.com/organization/aspora,aspora,https://www.crunchbase.com/organization/aspora
datahive,29824,Assembly HOA,https://www.crunchbase.com/organization/assembly-ad9b,assembly-ad9b,https://www.crunchbase.com/organization/assembly-ad9b
datahive,522,Asseta,https://www.crunchbase.com/organization/asseta,asseta,https://www.crunchbase.com/organization/asseta
kaggle_startups,,Asseta,http://www.crunchbase.com/organization/asseta,asseta,https://www.crunchbase.com/organization/asseta
radema,522,Asseta,https://www.crunchbase.com/organization/asseta,asseta,https://www.crunchbase.com/organization/asseta
datahive,1093,Astranis,https://www.crunchbase.com/organization/astranis,astranis,https://www.crunchbase.com/organization/astranis
radema,1093,Astranis,https://www.crunchbase.com/organization/astranis,astranis,https://www.crunchbase.com/organization/astranis
datahive,30048,Astrix Health,https://www.crunchbase.com/organization/astrix-health,astrix-health,https://www.crunchbase.com/organization/astrix-health
datahive,24603,Zuma,https://www.crunchbase.com/organization/astro,astro,https://www.crunchbase.com/organization/astro
radema,24603,Zuma,https://www.crunchbase.com/organization/astro,astro,https://www.crunchbase.com/organization/astro
datahive,1272,Athelas,https://www.crunchbase.com/organization/athelas,athelas,https://www.crunchbase.com/organization/athelas
radema,1272,Athelas,https://www.crunchbase.com/organization/athelas,athelas,https://www.crunchbase.com/organization/athelas
datahive,12548,Pillar,https://www.crunchbase.com/organization/athlane,athlane,https://www.crunchbase.com/organization/athlane
radema,12548,Pillar,https://www.crunchbase.com/organization/athlane,athlane,https://www.crunchbase.com/organization/athlane
datahive,28815,Atla,https://www.crunchbase.com/organization/atla-037f,atla-037f,https://www.crunchbase.com/organization/atla-037f
datahive,13522,Atmo,https://www.crunchbase.com/organization/atmo-ai,atmo-ai,https://www.crunchbase.com/organization/atmo-ai
radema,13522,Atmo,https://www.crunchbase.com/organization/atmo-ai,atmo-ai,https://www.crunchbase.com/organization/atmo-ai
datahive,21791,AtoB,https://www.crunchbase.com/organization/atob,atob,https://www.crunchbase.com/organization/atob
radema,21791,AtoB,https://www.crunchbase.com/organization/atob,atob,https://www.crunchbase.com/organization/atob
datahive,12012,Atomic Alchemy,https://www.crunchbase.com/organization/atomic-alchemy,atomic-alchemy,https://www.crunchbase.com/organization/atomic-alchemy
radema,12012,Atomic Alchemy,https://www.crunchbase.com/organization/atomic-alchemy,atomic-alchemy,https://www.crunchbase.com/organization/atomic-alchemy
datahive,756,Atomwise,https://www.crunchbase.com/organization/atomwise,atomwise,https://www.crunchbase.com/organization/atomwise
radema,756,Atomwise,https://www.crunchbase.com/organization/atomwise,atomwise,https://www.crunchbase.com/organization/atomwise
datahive,22581,Atrato,https://www.crunchbase.com/organization/atrato-pago,atrato-pago,https://www.crunchbase.com/organization/atrato-pago
radema,22581,Atrato,https://www.crunchbase.com/organization/atrato-pago,atrato-pago,https://www.crunchbase.com/organization/atrato-pago
datahive,1845,Atrium,https://www.crunchbase.com/organization/atrium-lts,atrium-lts,https://www.crunchbase.com/organization/atrium-lts
radema,1845,Atrium,https://www.crunchbase.com/organization/atrium-lts,atrium-lts,https://www.crunchbase.com/organization/atrium-lts
datahive,349,Auctomatic,https://www.crunchbase.com/organization/auctomatic,auctomatic,https://www.crunchbase.com/organization/auctomatic
kaggle_startups,,Auctomatic,http://www.crunchbase.com/organization/auctomatic,auctomatic,https://www.crunchbase.com/organization/auctomatic
radema,349,Auctomatic,https://www.crunchbase.com/organization/auctomatic,auctomatic,https://www.crunchbase.com/organization/auctomatic
datahive,30425,Auctor,https://www.crunchbase.com/organization/auctor,auctor,https://www.crunchbase.com/organization/auctor
kaggle_startups,,AudioBeta,http://www.crunchbase.com/organization/audiobeta,audiobeta,https://www.crunchbase.com/organization/audiobeta
datahive,1591,Audm,https://www.crunchbase.com/organization/audm,audm,https://www.crunchbase.com/organization/audm
radema,1591,Audm,https://www.crunchbase.com/organization/audm,audm,https://www.crunchbase.com/organization/audm
datahive,557,Audobox,https://www.crunchbase.com/organization/audobox,audobox,https://www.crunchbase.com/organization/audobox
radema,557,Audobox,https://www.crunchbase.com/organization/audobox,audobox,https://www.crunchbase.com/organization/audobox
datahive,12080,Aura Vision,https://www.crunchbase.com/organization/aura-vision-labs,aura-vision-labs,https://www.crunchbase.com/organization/aura-vision-labs
radema,12080,Aura Vision,https://www.crunchbase.com/organization/aura-vision-labs,aura-vision-labs,https://www.crunchbase.com/organization/aura-vision-labs
datahive,954,Auro Robotics,https://www.crunchbase.com/organization/auro-robotics,auro-robotics,https://www.crunchbase.com/organization/auro-robotics
radema,954,Auro Robotics,https://www.crunchbase.com/organization/auro-robotics,auro-robotics,https://www.crunchbase.com/organization/auro-robotics
datahive,29823,autarc,https://www.crunchbase.com/organization/autarc,autarc,https://www.crunchbase.com/organization/autarc
datahive,49,Authy,https://www.crunchbase.com/organization/authy-inc,authy-inc,https://www.crunchbase.com/organization/authy-inc
radema,49,Authy,https://www.crunchbase.com/organization/authy-inc,authy-inc,https://www.crunchbase.com/organization/authy-inc
datahive,22632,authzed,https://www.crunchbase.com/organization/authzed,authzed,https://www.crunchbase.com/organization/authzed
radema,22632,authzed,https://www.crunchbase.com/organization/authzed,authzed,https://www.crunchbase.com/organization/authzed
datahive,28882,Repaint,https://www.crunchbase.com/organization/autoember,autoember,https://www.crunchbase.com/organization/autoember
radema,28882,Repaint,https://www.crunchbase.com/organization/autoember,autoember,https://www.crunchbase.com/organization/autoember
datahive,1588,AutoHub,https://www.crunchbase.com/organization/autohub,autohub,https://www.crunchbase.com/organization/autohub
radema,1588,AutoHub,https://www.crunchbase.com/organization/autohub,autohub,https://www.crunchbase.com/organization/autohub
datahive,130,Automatic,https://www.crunchbase.com/organization/automatic-com,automatic-com,https://www.crunchbase.com/organization/automatic-com
radema,130,Automatic,https://www.crunchbase.com/organization/automatic-com,automatic-com,https://www.crunchbase.com/organization/automatic-com
datahive,30720,Autosana,https://www.crunchbase.com/organization/autosana,autosana,https://www.crunchbase.com/organization/autosana
datahive,645,Avametric,https://www.crunchbase.com/organization/avametric,avametric,https://www.crunchbase.com/organization/avametric
radema,645,Avametric,https://www.crunchbase.com/organization/avametric,avametric,https://www.crunchbase.com/organization/avametric
datahive,26897,AviaryAI,https://www.crunchbase.com/organization/aviaryai,aviaryai,https://www.crunchbase.com/organization/aviaryai
datahive,12003,Avo,https://www.crunchbase.com/organization/avo-9a0c,avo-9a0c,https://www.crunchbase.com/organization/avo-9a0c
radema,12003,Avo,https://www.crunchbase.com/organization/avo-9a0c,avo-9a0c,https://www.crunchbase.com/organization/avo-9a0c
datahive,26004,Avocademy,https://www.crunchbase.com/organization/avocademy,avocademy,https://www.crunchbase.com/organization/avocademy
radema,26004,Avocademy,https://www.crunchbase.com/organization/avocademy,avocademy,https://www.crunchbase.com/organization/avocademy
datahive,1757,Avro Life Science,https://www.crunchbase.com/organization/avro-life-science,avro-life-science,https://www.crunchbase.com/organization/avro-life-science
radema,1757,Avro Life Science,https://www.crunchbase.com/organization/avro-life-science,avro-life-science,https://www.crunchbase.com/organization/avro-life-science
datahive,24574,Genomelink,https://www.crunchbase.com/organization/awakens-inc,awakens-inc,https://www.crunchbase.com/organization/awakens-inc
radema,24574,Genomelink,https://www.crunchbase.com/organization/awakens-inc,awakens-inc,https://www.crunchbase.com/organization/awakens-inc
datahive,23423,Awari,https://www.crunchbase.com/organization/awari,awari,https://www.crunchbase.com/organization/awari
radema,23423,Awari,https://www.crunchbase.com/organization/awari,awari,https://www.crunchbase.com/organization/awari
kaggle_startups,,AwesomeHighlighter,http://www.crunchbase.com/organization/awesome-highlighter,awesome-highlighter,https://www.crunchbase.com/organization/awesome-highlighter
radema,579,Awesometalk,https://www.crunchbase.com/organization/awesometalk,awesometalk,https://www.crunchbase.com/organization/awesometalk
datahive,24170,Awesomic,https://www.crunchbase.com/organization/awesomic,awesomic,https://www.crunchbase.com/organization/awesomic
radema,24170,Awesomic,https://www.crunchbase.com/organization/awesomic,awesomic,https://www.crunchbase.com/organization/awesomic
datahive,12260,AXDRAFT,https://www.crunchbase.com/organization/axdraft,axdraft,https://www.crunchbase.com/organization/axdraft
radema,12260,AXDRAFT,https://www.crunchbase.com/organization/axdraft,axdraft,https://www.crunchbase.com/organization/axdraft
datahive,27250,Axle,https://www.crunchbase.com/organization/axle-f2b6,axle-f2b6,https://www.crunchbase.com/organization/axle-f2b6
radema,27250,Axle,https://www.crunchbase.com/organization/axle-f2b6,axle-f2b6,https://www.crunchbase.com/organization/axle-f2b6
datahive,22779,Axle Health,https://www.crunchbase.com/organization/axle-health,axle-health,https://www.crunchbase.com/organization/axle-health
radema,22779,Axle Health,https://www.crunchbase.com/organization/axle-health,axle-health,https://www.crunchbase.com/organization/axle-health
datahive,597,Axoni,https://www.crunchbase.com/organization/axoni,axoni,https://www.crunchbase.com/organization/axoni
radema,597,Axoni,https://www.crunchbase.com/organization/axoni,axoni,https://www.crunchbase.com/organization/axoni
kaggle_startups,,B2Brev,http://www.crunchbase.com/organization/b2brev,b2brev,https://www.crunchbase.com/organization/b2brev
datahive,28114,rex.fit,https://www.crunchbase.com/organization/babylonai,babylonai,https://www.crunchbase.com/organization/babylonai
datahive,444,BackerKit,https://www.crunchbase.com/organization/backerkit,backerkit,https://www.crunchbase.com/organization/backerkit
radema,444,BackerKit,https://www.crunchbase.com/organization/backerkit,backerkit,https://www.crunchbase.com/organization/backerkit
kaggle_startups,,Backlift,http://www.crunchbase.com/organization/backlift,backlift,https://www.crunchbase.com/organization/backlift
datahive,653,Backpack,https://www.crunchbase.com/organization/backpack,backpack,https://www.crunchbase.com/organization/backpack
kaggle_startups,,Backpack,http://www.crunchbase.com/organization/backpack,backpack,https://www.crunchbase.com/organization/backpack
radema,653,Backpack,https://www.crunchbase.com/organization/backpack,backpack,https://www.crunchbase.com/organization/backpack
datahive,291,BackType,https://www.crunchbase.com/organization/backtype,backtype,https://www.crunchbase.com/organization/backtype
kaggle_startups,,Backtype,http://www.crunchbase.com/organization/backtype,backtype,https://www.crunchbase.com/organization/backtype
radema,291,BackType,https://www.crunchbase.com/organization/backtype,backtype,https://www.crunchbase.com/organization/backtype
datahive,843,Bagaveev Corporation,https://www.crunchbase.com/organization/bagaveev-corporation,bagaveev-corporation,https://www.crunchbase.com/organization/bagaveev-corporation
radema,843,Bagaveev Corporation,https://www.crunchbase.com/organization/bagaveev-corporation,bagaveev-corporation,https://www.crunchbase.com/organization/bagaveev-corporation
datahive,21988,Balance,https://www.crunchbase.com/organization/balance-98c2,balance-98c2,https://www.crunchbase.com/organization/balance-98c2
radema,21988,Balance,https://www.crunchbase.com/organization/balance-98c2,balance-98c2,https://www.crunchbase.com/organization/balance-98c2
datahive,161,Balanced,https://www.crunchbase.com/organization/balanced,balanced,https://www.crunchbase.com/organization/balanced
kaggle_startups,,Balanced Payments,http://www.crunchbase.com/organization/balanced,balanced,https://www.crunchbase.com/organization/balanced
radema,161,Balanced,https://www.crunchbase.com/organization/balanced,balanced,https://www.crunchbase.com/organization/balanced
datahive,12372,Balto,https://www.crunchbase.com/organization/balto,balto,https://www.crunchbase.com/organization/balto
radema,12372,Balto,https://www.crunchbase.com/organization/balto,balto,https://www.crunchbase.com/organization/balto
datahive,763,Bankjoy,https://www.crunchbase.com/organization/bankjoy,bankjoy,https://www.crunchbase.com/organization/bankjoy
radema,763,Bankjoy,https://www.crunchbase.com/organization/bankjoy,bankjoy,https://www.crunchbase.com/organization/bankjoy
kaggle_startups,,Bannerman,http://www.crunchbase.com/organization/bannerman,bannerman,https://www.crunchbase.com/organization/bannerman
datahive,23969,Baraka,https://www.crunchbase.com/organization/baraka,baraka,https://www.crunchbase.com/organization/baraka
radema,23969,Baraka,https://www.crunchbase.com/organization/baraka,baraka,https://www.crunchbase.com/organization/baraka
datahive,13150,Basedash,https://www.crunchbase.com/organization/basedash,basedash,https://www.crunchbase.com/organization/basedash
radema,13150,Basedash,https://www.crunchbase.com/organization/basedash,basedash,https://www.crunchbase.com/organization/basedash
datahive,12284,Basement,https://www.crunchbase.com/organization/basement-app,basement-app,https://www.crunchbase.com/organization/basement-app
radema,12284,Basement,https://www.crunchbase.com/organization/basement-app,basement-app,https://www.crunchbase.com/organization/basement-app
datahive,11992,Basilica,https://www.crunchbase.com/organization/basilica,basilica,https://www.crunchbase.com/organization/basilica
radema,11992,Basilica,https://www.crunchbase.com/organization/basilica,basilica,https://www.crunchbase.com/organization/basilica
datahive,24666,Baubap,https://www.crunchbase.com/organization/baubap,baubap,https://www.crunchbase.com/organization/baubap
radema,24666,Baubap,https://www.crunchbase.com/organization/baubap,baubap,https://www.crunchbase.com/organization/baubap
datahive,732,Bayes Impact,https://www.crunchbase.com/organization/bayes-impact,bayes-impact,https://www.crunchbase.com/organization/bayes-impact
kaggle_startups,,Bayes Impact,http://www.crunchbase.com/organization/bayes-impact,bayes-impact,https://www.crunchbase.com/organization/bayes-impact
radema,732,Bayes Impact,https://www.crunchbase.com/organization/bayes-impact,bayes-impact,https://www.crunchbase.com/organization/bayes-impact
kaggle_startups,,Beacon,http://www.crunchbase.com/organization/beacon-reader,beacon-reader,https://www.crunchbase.com/organization/beacon-reader
datahive,12243,Beacons,https://www.crunchbase.com/organization/beacons-ai,beacons-ai,https://www.crunchbase.com/organization/beacons-ai
radema,12243,Beacons,https://www.crunchbase.com/organization/beacons-ai,beacons-ai,https://www.crunchbase.com/organization/beacons-ai
datahive,1730,Beanstalk,https://www.crunchbase.com/organization/beanstalk-16c1,beanstalk-16c1,https://www.crunchbase.com/organization/beanstalk-16c1
radema,1730,Beanstalk,https://www.crunchbase.com/organization/beanstalk-16c1,beanstalk-16c1,https://www.crunchbase.com/organization/beanstalk-16c1
datahive,1743,Bear Flag Robotics,https://www.crunchbase.com/organization/bear-flag-robotics,bear-flag-robotics,https://www.crunchbase.com/organization/bear-flag-robotics
radema,1743,Bear Flag Robotics,https://www.crunchbase.com/organization/bear-flag-robotics,bear-flag-robotics,https://www.crunchbase.com/organization/bear-flag-robotics
datahive,495,BeatDeck,https://www.crunchbase.com/organization/beatdeck,beatdeck,https://www.crunchbase.com/organization/beatdeck
radema,495,BeatDeck,https://www.crunchbase.com/organization/beatdeck,beatdeck,https://www.crunchbase.com/organization/beatdeck
datahive,24913,Beau,https://www.crunchbase.com/organization/beau-f3f7,beau-f3f7,https://www.crunchbase.com/organization/beau-f3f7
radema,24913,Beau,https://www.crunchbase.com/organization/beau-f3f7,beau-f3f7,https://www.crunchbase.com/organization/beau-f3f7
datahive,1472,Beek,https://www.crunchbase.com/organization/beek-2,beek-2,https://www.crunchbase.com/organization/beek-2
radema,1472,Beek,https://www.crunchbase.com/organization/beek-2,beek-2,https://www.crunchbase.com/organization/beek-2
datahive,726,Beep,https://www.crunchbase.com/organization/beep-2,beep-2,https://www.crunchbase.com/organization/beep-2
kaggle_startups,,Beep,http://www.crunchbase.com/organization/beep-2,beep-2,https://www.crunchbase.com/organization/beep-2
radema,726,Beep,https://www.crunchbase.com/organization/beep-2,beep-2,https://www.crunchbase.com/organization/beep-2
datahive,135,Beetailer,https://www.crunchbase.com/organization/beetailer,beetailer,https://www.crunchbase.com/organization/beetailer
kaggle_startups,,Beetailer,http://www.crunchbase.com/organization/beetailer,beetailer,https://www.crunchbase.com/organization/beetailer
radema,135,Beetailer,https://www.crunchbase.com/organization/beetailer,beetailer,https://www.crunchbase.com/organization/beetailer
datahive,580,Bellabeat,https://www.crunchbase.com/organization/bellabeat,bellabeat,https://www.crunchbase.com/organization/bellabeat
kaggle_startups,,Bellabeat,http://www.crunchbase.com/organization/bellabeat,bellabeat,https://www.crunchbase.com/organization/bellabeat
radema,580,Bellabeat,https://www.crunchbase.com/organization/bellabeat,bellabeat,https://www.crunchbase.com/organization/bellabeat
datahive,13610,Belvo,https://www.crunchbase.com/organization/belvo,belvo,https://www.crunchbase.com/organization/belvo
radema,13610,Belvo,https://www.crunchbase.com/organization/belvo,belvo,https://www.crunchbase.com/organization/belvo
datahive,25825,Bemlo,https://www.crunchbase.com/organization/bemlo,bemlo,https://www.crunchbase.com/organization/bemlo
radema,25825,Bemlo,https://www.crunchbase.com/organization/bemlo,bemlo,https://www.crunchbase.com/organization/bemlo
datahive,1855,Ben,https://www.crunchbase.com/organization/ben,ben,https://www.crunchbase.com/organization/ben
radema,1855,Ben,https://www.crunchbase.com/organization/ben,ben,https://www.crunchbase.com/organization/ben
datahive,445,Benchling,https://www.crunchbase.com/organization/benchling,benchling,https://www.crunchbase.com/organization/benchling
radema,445,Benchling,https://www.crunchbase.com/organization/benchling,benchling,https://www.crunchbase.com/organization/benchling
datahive,26703,Versa,https://www.crunchbase.com/organization/bend-ec13,bend-ec13,https://www.crunchbase.com/organization/bend-ec13
radema,26703,Bend,https://www.crunchbase.com/organization/bend-ec13,bend-ec13,https://www.crunchbase.com/organization/bend-ec13
datahive,13170,Benepass,https://www.crunchbase.com/organization/benepass,benepass,https://www.crunchbase.com/organization/benepass
radema,13170,Benepass,https://www.crunchbase.com/organization/benepass,benepass,https://www.crunchbase.com/organization/benepass
datahive,12020,Bensen,https://www.crunchbase.com/organization/bensen-ai,bensen-ai,https://www.crunchbase.com/organization/bensen-ai
radema,12020,Bensen,https://www.crunchbase.com/organization/bensen-ai,bensen-ai,https://www.crunchbase.com/organization/bensen-ai
datahive,1951,Berbix,https://www.crunchbase.com/organization/berbix,berbix,https://www.crunchbase.com/organization/berbix
radema,1951,Berbix,https://www.crunchbase.com/organization/berbix,berbix,https://www.crunchbase.com/organization/berbix
datahive,25924,Better Opinions,https://www.crunchbase.com/organization/better-opinions,better-opinions,https://www.crunchbase.com/organization/better-opinions
radema,25924,Better Opinions,https://www.crunchbase.com/organization/better-opinions,better-opinions,https://www.crunchbase.com/organization/better-opinions
datahive,23175,Betterhalf,https://www.crunchbase.com/organization/betterhalf,betterhalf,https://www.crunchbase.com/organization/betterhalf
radema,23175,Betterhalf,https://www.crunchbase.com/organization/betterhalf,betterhalf,https://www.crunchbase.com/organization/betterhalf
datahive,26134,Beyond Aero,https://www.crunchbase.com/organization/beyond-aero,beyond-aero,https://www.crunchbase.com/organization/beyond-aero
radema,26134,Beyond Aero,https://www.crunchbase.com/organization/beyond-aero,beyond-aero,https://www.crunchbase.com/organization/beyond-aero
datahive,25615,BharatX,https://www.crunchbase.com/organization/bharatx,bharatx,https://www.crunchbase.com/organization/bharatx
radema,25615,BharatX,https://www.crunchbase.com/organization/bharatx,bharatx,https://www.crunchbase.com/organization/bharatx
datahive,1972,BHRD,https://www.crunchbase.com/organization/bhrd,bhrd,https://www.crunchbase.com/organization/bhrd
radema,1972,BHRD,https://www.crunchbase.com/organization/bhrd,bhrd,https://www.crunchbase.com/organization/bhrd
datahive,1534,Bicycle AI,https://www.crunchbase.com/organization/bicycle-ai,bicycle-ai,https://www.crunchbase.com/organization/bicycle-ai
radema,1534,Bicycle AI,https://www.crunchbase.com/organization/bicycle-ai,bicycle-ai,https://www.crunchbase.com/organization/bicycle-ai
kaggle_startups,,BigCalc,http://www.crunchbase.com/organization/bigcalc,bigcalc,https://www.crunchbase.com/organization/bigcalc
datahive,657,Bikanta,https://www.crunchbase.com/organization/bikanta,bikanta,https://www.crunchbase.com/organization/bikanta
kaggle_startups,,Bikanta,http://www.crunchbase.com/organization/bikanta,bikanta,https://www.crunchbase.com/organization/bikanta
radema,657,Bikanta,https://www.crunchbase.com/organization/bikanta,bikanta,https://www.crunchbase.com/organization/bikanta
datahive,22002,BIK,https://www.crunchbase.com/organization/bikglobal,bikglobal,https://www.crunchbase.com/organization/bikglobal
radema,22002,BIK,https://www.crunchbase.com/organization/bikglobal,bikglobal,https://www.crunchbase.com/organization/bikglobal
datahive,658,Billforward,https://www.crunchbase.com/organization/billforward,billforward,https://www.crunchbase.com/organization/billforward
radema,658,Billforward,https://www.crunchbase.com/organization/billforward,billforward,https://www.crunchbase.com/organization/billforward
datahive,1109,BillionToOne,https://www.crunchbase.com/organization/billiontoone,billiontoone,https://www.crunchbase.com/organization/billiontoone
radema,1109,BillionToOne,https://www.crunchbase.com/organization/billiontoone,billiontoone,https://www.crunchbase.com/organization/billiontoone
datahive,22902,Verak,https://www.crunchbase.com/organization/bimape,bimape,https://www.crunchbase.com/organization/bimape
radema,22902,Verak,https://www.crunchbase.com/organization/bimape,bimape,https://www.crunchbase.com/organization/bimape
datahive,416,Grid,https://www.crunchbase.com/organization/binary-thumb,binary-thumb,https://www.crunchbase.com/organization/binary-thumb
radema,416,Grid,https://www.crunchbase.com/organization/binary-thumb,binary-thumb,https://www.crunchbase.com/organization/binary-thumb
datahive,1763,Biobot Analytics,https://www.crunchbase.com/organization/biobot-analytics,biobot-analytics,https://www.crunchbase.com/organization/biobot-analytics
radema,1763,Biobot Analytics,https://www.crunchbase.com/organization/biobot-analytics,biobot-analytics,https://www.crunchbase.com/organization/biobot-analytics
datahive,342,Biographicon,https://www.crunchbase.com/organization/biographicon,biographicon,https://www.crunchbase.com/organization/biographicon
kaggle_startups,,Biographicon,http://www.crunchbase.com/organization/biographicon,biographicon,https://www.crunchbase.com/organization/biographicon
radema,342,Biographicon,https://www.crunchbase.com/organization/biographicon,biographicon,https://www.crunchbase.com/organization/biographicon
datahive,1790,BioRender,https://www.crunchbase.com/organization/biorender-inc,biorender-inc,https://www.crunchbase.com/organization/biorender-inc
radema,1790,BioRender,https://www.crunchbase.com/organization/biorender-inc,biorender-inc,https://www.crunchbase.com/organization/biorender-inc
datahive,26675,Birch Biosciences,https://www.crunchbase.com/organization/birch-biosciences,birch-biosciences,https://www.crunchbase.com/organization/birch-biosciences
radema,26675,Birch Biosciences,https://www.crunchbase.com/organization/birch-biosciences,birch-biosciences,https://www.crunchbase.com/organization/birch-biosciences
datahive,1048,Plato,https://www.crunchbase.com/organization/birdly,birdly,https://www.crunchbase.com/organization/birdly
radema,1048,Plato,https://www.crunchbase.com/organization/birdly,birdly,https://www.crunchbase.com/organization/birdly
datahive,906,Bistrobot,https://www.crunchbase.com/organization/bistrobot,bistrobot,https://www.crunchbase.com/organization/bistrobot
radema,906,Bistrobot,https://www.crunchbase.com/organization/bistrobot,bistrobot,https://www.crunchbase.com/organization/bistrobot
datahive,659,Bitaccess,https://www.crunchbase.com/organization/bitaccess,bitaccess,https://www.crunchbase.com/organization/bitaccess
kaggle_startups,,BitAccess,http://www.crunchbase.com/organization/bitaccess,bitaccess,https://www.crunchbase.com/organization/bitaccess
radema,659,Bitaccess,https://www.crunchbase.com/organization/bitaccess,bitaccess,https://www.crunchbase.com/organization/bitaccess
datahive,29365,Ellipsis,https://www.crunchbase.com/organization/bitbuilder-91a2,bitbuilder-91a2,https://www.crunchbase.com/organization/bitbuilder-91a2
radema,29365,Ellipsis,https://www.crunchbase.com/organization/bitbuilder-91a2,bitbuilder-91a2,https://www.crunchbase.com/organization/bitbuilder-91a2
datahive,24140,Bite Ninja,https://www.crunchbase.com/organization/bite-ninja,bite-ninja,https://www.crunchbase.com/organization/bite-ninja
radema,24140,Bite Ninja,https://www.crunchbase.com/organization/bite-ninja,bite-ninja,https://www.crunchbase.com/organization/bite-ninja
datahive,29430,BiteSight,https://www.crunchbase.com/organization/bitesight/company_financials,bitesight,https://www.crunchbase.com/organization/bitesight
datahive,960,Bitmovin,https://www.crunchbase.com/organization/bitmovin,bitmovin,https://www.crunchbase.com/organization/bitmovin
radema,960,Bitmovin,https://www.crunchbase.com/organization/bitmovin,bitmovin,https://www.crunchbase.com/organization/bitmovin
datahive,485,Bitnami,https://www.crunchbase.com/organization/bitnami,bitnami,https://www.crunchbase.com/organization/bitnami
kaggle_startups,,BitNami,http://www.crunchbase.com/organization/bitnami,bitnami,https://www.crunchbase.com/organization/bitnami
radema,485,Bitnami,https://www.crunchbase.com/organization/bitnami,bitnami,https://www.crunchbase.com/organization/bitnami
datahive,1515,Bitrise,https://www.crunchbase.com/organization/bitrise,bitrise,https://www.crunchbase.com/organization/bitrise
radema,1515,Bitrise,https://www.crunchbase.com/organization/bitrise,bitrise,https://www.crunchbase.com/organization/bitrise
datahive,26881,Bitstack,https://www.crunchbase.com/organization/bitstack,bitstack,https://www.crunchbase.com/organization/bitstack
radema,26881,Bitstack,https://www.crunchbase.com/organization/bitstack,bitstack,https://www.crunchbase.com/organization/bitstack
datahive,752,Bizzy,https://www.crunchbase.com/organization/bizzy-2,bizzy-2,https://www.crunchbase.com/organization/bizzy-2
radema,752,Bizzy,https://www.crunchbase.com/organization/bizzy-2,bizzy-2,https://www.crunchbase.com/organization/bizzy-2
datahive,12658,Blair,https://www.crunchbase.com/organization/blair,blair,https://www.crunchbase.com/organization/blair
radema,12658,Blair,https://www.crunchbase.com/organization/blair,blair,https://www.crunchbase.com/organization/blair
datahive,29840,Blaze,https://www.crunchbase.com/organization/blaze-payments,blaze-payments,https://www.crunchbase.com/organization/blaze-payments
radema,1379,Blendspace,https://www.crunchbase.com/organization/blendspace,blendspace,https://www.crunchbase.com/organization/blendspace
datahive,23445,Blink,https://www.crunchbase.com/organization/blink-8353,blink-8353,https://www.crunchbase.com/organization/blink-8353
radema,23445,Blink,https://www.crunchbase.com/organization/blink-8353,blink-8353,https://www.crunchbase.com/organization/blink-8353
datahive,728,Cognito,https://www.crunchbase.com/organization/blockscore,blockscore,https://www.crunchbase.com/organization/blockscore
kaggle_startups,,BlockScore,http://www.crunchbase.com/organization/blockscore,blockscore,https://www.crunchbase.com/organization/blockscore
radema,728,Cognito,https://www.crunchbase.com/organization/blockscore,blockscore,https://www.crunchbase.com/organization/blockscore
datahive,676,Blockspring,https://www.crunchbase.com/organization/blockspring,blockspring,https://www.crunchbase.com/organization/blockspring
radema,676,Blockspring,https://www.crunchbase.com/organization/blockspring,blockspring,https://www.crunchbase.com/organization/blockspring
radema,1403,Bloomboard,https://www.crunchbase.com/organization/bloomboard,bloomboard,https://www.crunchbase.com/organization/bloomboard
datahive,524,BloomThat,https://www.crunchbase.com/organization/bloomthat,bloomthat,https://www.crunchbase.com/organization/bloomthat
kaggle_startups,,Bloomthat,http://www.crunchbase.com/organization/bloomthat,bloomthat,https://www.crunchbase.com/organization/bloomthat
radema,524,BloomThat,https://www.crunchbase.com/organization/bloomthat,bloomthat,https://www.crunchbase.com/organization/bloomthat
datahive,30813,Blue,https://www.crunchbase.com/organization/blue-13c9,blue-13c9,https://www.crunchbase.com/organization/blue-13c9
datahive,1731,Blueberry Pediatrics,https://www.crunchbase.com/organization/blueberry-pediatrics,blueberry-pediatrics,https://www.crunchbase.com/organization/blueberry-pediatrics
radema,1731,Blueberry Pediatrics,https://www.crunchbase.com/organization/blueberry-pediatrics,blueberry-pediatrics,https://www.crunchbase.com/organization/blueberry-pediatrics
datahive,1969,BlueCargo,https://www.crunchbase.com/organization/bluecargo,bluecargo,https://www.crunchbase.com/organization/bluecargo
radema,1969,BlueCargo,https://www.crunchbase.com/organization/bluecargo,bluecargo,https://www.crunchbase.com/organization/bluecargo
datahive,907,Bluecrew,https://www.crunchbase.com/organization/bluecrew,bluecrew,https://www.crunchbase.com/organization/bluecrew
radema,907,Bluecrew,https://www.crunchbase.com/organization/bluecrew,bluecrew,https://www.crunchbase.com/organization/bluecrew
datahive,26740,BlueHill Payments,https://www.crunchbase.com/organization/bluehill-payments,bluehill-payments,https://www.crunchbase.com/organization/bluehill-payments
radema,26740,BlueHill Payments,https://www.crunchbase.com/organization/bluehill-payments,bluehill-payments,https://www.crunchbase.com/organization/bluehill-payments
datahive,30451,Bluejay,https://www.crunchbase.com/organization/bluejay-ai-486e,bluejay-ai-486e,https://www.crunchbase.com/organization/bluejay-ai-486e
datahive,23645,Flux,https://www.crunchbase.com/organization/blueloop-162e,blueloop-162e,https://www.crunchbase.com/organization/blueloop-162e
radema,23645,Flux,https://www.crunchbase.com/organization/blueloop-162e,blueloop-162e,https://www.crunchbase.com/organization/blueloop-162e
datahive,30553,Blueshoe,https://www.crunchbase.com/organization/blueshoe-e8f8,blueshoe-e8f8,https://www.crunchbase.com/organization/blueshoe-e8f8
datahive,753,Bluesmart,https://www.crunchbase.com/organization/bluesmart,bluesmart,https://www.crunchbase.com/organization/bluesmart
radema,753,Bluesmart,https://www.crunchbase.com/organization/bluesmart,bluesmart,https://www.crunchbase.com/organization/bluesmart
datahive,12344,Accept.inc (formerly BoardRE),https://www.crunchbase.com/organization/board-live,board-live,https://www.crunchbase.com/organization/board-live
radema,12344,Accept.inc (formerly BoardRE),https://www.crunchbase.com/organization/board-live,board-live,https://www.crunchbase.com/organization/board-live
datahive,25291,Boardcave,https://www.crunchbase.com/organization/boardcave-com,boardcave-com,https://www.crunchbase.com/organization/boardcave-com
radema,25291,Boardcave,https://www.crunchbase.com/organization/boardcave-com,boardcave-com,https://www.crunchbase.com/organization/boardcave-com
datahive,25491,Bobidi,https://www.crunchbase.com/organization/bobidi,bobidi,https://www.crunchbase.com/organization/bobidi
radema,25491,Bobidi,https://www.crunchbase.com/organization/bobidi,bobidi,https://www.crunchbase.com/organization/bobidi
datahive,908,Bodyport,https://www.crunchbase.com/organization/bodyport,bodyport,https://www.crunchbase.com/organization/bodyport
radema,908,Bodyport,https://www.crunchbase.com/organization/bodyport,bodyport,https://www.crunchbase.com/organization/bodyport
datahive,23462,boitas.com,https://www.crunchbase.com/organization/boitas-com,boitas-com,https://www.crunchbase.com/organization/boitas-com
radema,23462,boitas.com,https://www.crunchbase.com/organization/boitas-com,boitas-com,https://www.crunchbase.com/organization/boitas-com
datahive,24065,BoldVoice,https://www.crunchbase.com/organization/boldvoice,boldvoice,https://www.crunchbase.com/organization/boldvoice
radema,24065,BoldVoice,https://www.crunchbase.com/organization/boldvoice,boldvoice,https://www.crunchbase.com/organization/boldvoice
datahive,800,Bonfire,https://www.crunchbase.com/organization/bonfire-interactive,bonfire-interactive,https://www.crunchbase.com/organization/bonfire-interactive
radema,800,Bonfire,https://www.crunchbase.com/organization/bonfire-interactive,bonfire-interactive,https://www.crunchbase.com/organization/bonfire-interactive
datahive,1086,Bonsai,https://www.crunchbase.com/organization/bonsai-2,bonsai-2,https://www.crunchbase.com/organization/bonsai-2
radema,1086,Bonsai,https://www.crunchbase.com/organization/bonsai-2,bonsai-2,https://www.crunchbase.com/organization/bonsai-2
datahive,23,BookSolid,https://www.crunchbase.com/organization/booksolid,booksolid,https://www.crunchbase.com/organization/booksolid
radema,23,BookSolid,https://www.crunchbase.com/organization/booksolid,booksolid,https://www.crunchbase.com/organization/booksolid
datahive,754,Booktrope,https://www.crunchbase.com/organization/booktrope,booktrope,https://www.crunchbase.com/organization/booktrope
radema,754,Booktrope,https://www.crunchbase.com/organization/booktrope,booktrope,https://www.crunchbase.com/organization/booktrope
datahive,1081,Boom,https://www.crunchbase.com/organization/boom-technology,boom-technology,https://www.crunchbase.com/organization/boom-technology
radema,1081,Boom,https://www.crunchbase.com/organization/boom-technology,boom-technology,https://www.crunchbase.com/organization/boom-technology
datahive,12736,Boost Biomes,https://www.crunchbase.com/organization/boost-biomes,boost-biomes,https://www.crunchbase.com/organization/boost-biomes
radema,12736,Boost Biomes,https://www.crunchbase.com/organization/boost-biomes,boost-biomes,https://www.crunchbase.com/organization/boost-biomes
kaggle_startups,,Boostable,http://www.crunchbase.com/organization/boostable,boostable,https://www.crunchbase.com/organization/boostable
radema,573,Boostable,https://www.crunchbase.com/organization/boostable,boostable,https://www.crunchbase.com/organization/boostable
datahive,389,Boosted,https://www.crunchbase.com/organization/boosted-boards,boosted-boards,https://www.crunchbase.com/organization/boosted-boards
kaggle_startups,,BoostedBoards,http://www.crunchbase.com/organization/boosted-boards,boosted-boards,https://www.crunchbase.com/organization/boosted-boards
radema,389,Boosted,https://www.crunchbase.com/organization/boosted-boards,boosted-boards,https://www.crunchbase.com/organization/boosted-boards
datahive,26742,Boostly,https://www.crunchbase.com/organization/boostly,boostly,https://www.crunchbase.com/organization/boostly
radema,26742,Boostly,https://www.crunchbase.com/organization/boostly,boostly,https://www.crunchbase.com/organization/boostly
datahive,27894,Booth AI,https://www.crunchbase.com/organization/booth-ai,booth-ai,https://www.crunchbase.com/organization/booth-ai
radema,27894,Booth AI,https://www.crunchbase.com/organization/booth-ai,booth-ai,https://www.crunchbase.com/organization/booth-ai
datahive,558,Bop.fm,https://www.crunchbase.com/organization/bop-fm,bop-fm,https://www.crunchbase.com/organization/bop-fm
kaggle_startups,,Bop.fm,http://www.crunchbase.com/organization/bop-fm,bop-fm,https://www.crunchbase.com/organization/bop-fm
radema,558,Bop.fm,https://www.crunchbase.com/organization/bop-fm,bop-fm,https://www.crunchbase.com/organization/bop-fm
datahive,25777,BotCity,https://www.crunchbase.com/organization/botcity-ce94,botcity-ce94,https://www.crunchbase.com/organization/botcity-ce94
radema,25777,BotCity,https://www.crunchbase.com/organization/botcity-ce94,botcity-ce94,https://www.crunchbase.com/organization/botcity-ce94
datahive,25678,Botin,https://www.crunchbase.com/organization/botin,botin,https://www.crunchbase.com/organization/botin
radema,25678,Botin,https://www.crunchbase.com/organization/botin,botin,https://www.crunchbase.com/organization/botin
datahive,1994,Bot MD,https://www.crunchbase.com/organization/botmd,botmd,https://www.crunchbase.com/organization/botmd
radema,1994,Bot MD,https://www.crunchbase.com/organization/botmd,botmd,https://www.crunchbase.com/organization/botmd
datahive,11944,Bottomless,https://www.crunchbase.com/organization/bottomless,bottomless,https://www.crunchbase.com/organization/bottomless
radema,11944,Bottomless,https://www.crunchbase.com/organization/bottomless,bottomless,https://www.crunchbase.com/organization/bottomless
datahive,12083,Valo,https://www.crunchbase.com/organization/boundary-layer-technologies,boundary-layer-technologies,https://www.crunchbase.com/organization/boundary-layer-technologies
radema,12083,Boundary Layer Technologies,https://www.crunchbase.com/organization/boundary-layer-technologies,boundary-layer-technologies,https://www.crunchbase.com/organization/boundary-layer-technologies
datahive,328,Bountii,https://www.crunchbase.com/organization/bountii,bountii,https://www.crunchbase.com/organization/bountii
kaggle_startups,,Bountii,http://www.crunchbase.com/organization/bountii,bountii,https://www.crunchbase.com/organization/bountii
radema,328,Bountii,https://www.crunchbase.com/organization/bountii,bountii,https://www.crunchbase.com/organization/bountii
datahive,1440,boxouse,https://www.crunchbase.com/organization/boxouse,boxouse,https://www.crunchbase.com/organization/boxouse
radema,1440,boxouse,https://www.crunchbase.com/organization/boxouse,boxouse,https://www.crunchbase.com/organization/boxouse
datahive,43,Brace,https://www.crunchbase.com/organization/brace,brace,https://www.crunchbase.com/organization/brace
radema,43,Brace,https://www.crunchbase.com/organization/brace,brace,https://www.crunchbase.com/organization/brace
datahive,11976,BrainKey,https://www.crunchbase.com/organization/brain-key,brain-key,https://www.crunchbase.com/organization/brain-key
radema,11976,BrainKey,https://www.crunchbase.com/organization/brain-key,brain-key,https://www.crunchbase.com/organization/brain-key
datahive,25871,Brainboard,https://www.crunchbase.com/organization/brainboard,brainboard,https://www.crunchbase.com/organization/brainboard
radema,25871,Brainboard,https://www.crunchbase.com/organization/brainboard,brainboard,https://www.crunchbase.com/organization/brainboard
datahive,2006,BrainHi,https://www.crunchbase.com/organization/brainhi,brainhi,https://www.crunchbase.com/organization/brainhi
radema,2006,BrainHi,https://www.crunchbase.com/organization/brainhi,brainhi,https://www.crunchbase.com/organization/brainhi
datahive,888,Branch8,https://www.crunchbase.com/organization/branch8,branch8,https://www.crunchbase.com/organization/branch8
radema,888,Branch8,https://www.crunchbase.com/organization/branch8,branch8,https://www.crunchbase.com/organization/branch8
datahive,1459,Soomgo,https://www.crunchbase.com/organization/brave-mobile,brave-mobile,https://www.crunchbase.com/organization/brave-mobile
radema,1459,Soomgo,https://www.crunchbase.com/organization/brave-mobile,brave-mobile,https://www.crunchbase.com/organization/brave-mobile
datahive,24250,Breadcrumbs.io,https://www.crunchbase.com/organization/breadcrumbs-io,breadcrumbs-io,https://www.crunchbase.com/organization/breadcrumbs-io
radema,24250,Breadcrumbs.io,https://www.crunchbase.com/organization/breadcrumbs-io,breadcrumbs-io,https://www.crunchbase.com/organization/breadcrumbs-io
datahive,12903,Breadfast,https://www.crunchbase.com/organization/breadfast,breadfast,https://www.crunchbase.com/organization/breadfast
radema,12903,Breadfast,https://www.crunchbase.com/organization/breadfast,breadfast,https://www.crunchbase.com/organization/breadfast
datahive,1525,Breaker,https://www.crunchbase.com/organization/breaker-3,breaker-3,https://www.crunchbase.com/organization/breaker-3
radema,1525,Breaker,https://www.crunchbase.com/organization/breaker-3,breaker-3,https://www.crunchbase.com/organization/breaker-3
datahive,13072,Breezeful,https://www.crunchbase.com/organization/breezeful,breezeful,https://www.crunchbase.com/organization/breezeful
radema,13072,Breezeful,https://www.crunchbase.com/organization/breezeful,breezeful,https://www.crunchbase.com/organization/breezeful
datahive,1556,Brex,https://www.crunchbase.com/organization/brex,brex,https://www.crunchbase.com/organization/brex
radema,1556,Brex,https://www.crunchbase.com/organization/brex,brex,https://www.crunchbase.com/organization/brex
kaggle_startups,,Bridge,http://www.crunchbase.com/organization/bridge,bridge,https://www.crunchbase.com/organization/bridge
datahive,26770,Bridgecard,https://www.crunchbase.com/organization/bridgecard-82df,bridgecard-82df,https://www.crunchbase.com/organization/bridgecard-82df
radema,26770,Bridgecard,https://www.crunchbase.com/organization/bridgecard-82df,bridgecard-82df,https://www.crunchbase.com/organization/bridgecard-82df
datahive,755,Bright,https://www.crunchbase.com/organization/bright-3,bright-3,https://www.crunchbase.com/organization/bright-3
radema,755,Bright,https://www.crunchbase.com/organization/bright-3,bright-3,https://www.crunchbase.com/organization/bright-3
radema,1408,BrightLoop,https://www.crunchbase.com/organization/brightloop,brightloop,https://www.crunchbase.com/organization/brightloop
datahive,22881,BrioHR,https://www.crunchbase.com/organization/briohr,briohr,https://www.crunchbase.com/organization/briohr
radema,22881,BrioHR,https://www.crunchbase.com/organization/briohr,briohr,https://www.crunchbase.com/organization/briohr
datahive,28851,Bronco AI,https://www.crunchbase.com/organization/bronco-ai,bronco-ai,https://www.crunchbase.com/organization/bronco-ai
radema,28851,Bronco AI,https://www.crunchbase.com/organization/bronco-ai,bronco-ai,https://www.crunchbase.com/organization/bronco-ai
kaggle_startups,,Browsarity,http://www.crunchbase.com/organization/browsarity,browsarity,https://www.crunchbase.com/organization/browsarity
datahive,30341,Browser Use,https://www.crunchbase.com/organization/browser-use,browser-use,https://www.crunchbase.com/organization/browser-use
datahive,189,Brushes,https://www.crunchbase.com/organization/brushes,brushes,https://www.crunchbase.com/organization/brushes
radema,189,Brushes,https://www.crunchbase.com/organization/brushes,brushes,https://www.crunchbase.com/organization/brushes
datahive,1666,Percept.AI,https://www.crunchbase.com/organization/buddy-ai,buddy-ai,https://www.crunchbase.com/organization/buddy-ai
radema,1666,Percept.AI,https://www.crunchbase.com/organization/buddy-ai,buddy-ai,https://www.crunchbase.com/organization/buddy-ai
datahive,433,BufferBox,https://www.crunchbase.com/organization/bufferbox,bufferbox,https://www.crunchbase.com/organization/bufferbox
kaggle_startups,,BufferBox,http://www.crunchbase.com/organization/bufferbox,bufferbox,https://www.crunchbase.com/organization/bufferbox
radema,433,BufferBox,https://www.crunchbase.com/organization/bufferbox,bufferbox,https://www.crunchbase.com/organization/bufferbox
datahive,24162,Konta.com,https://www.crunchbase.com/organization/buho-contable,buho-contable,https://www.crunchbase.com/organization/buho-contable
radema,24162,Konta.com,https://www.crunchbase.com/organization/buho-contable,buho-contable,https://www.crunchbase.com/organization/buho-contable
datahive,13239,BuildBuddy,https://www.crunchbase.com/organization/buildbuddy,buildbuddy,https://www.crunchbase.com/organization/buildbuddy
radema,13239,BuildBuddy,https://www.crunchbase.com/organization/buildbuddy,buildbuddy,https://www.crunchbase.com/organization/buildbuddy
datahive,781,BuildScience,https://www.crunchbase.com/organization/buildscience,buildscience,https://www.crunchbase.com/organization/buildscience
radema,781,BuildScience,https://www.crunchbase.com/organization/buildscience,buildscience,https://www.crunchbase.com/organization/buildscience
datahive,12547,BuildStream,https://www.crunchbase.com/organization/buildstream,buildstream,https://www.crunchbase.com/organization/buildstream
radema,12547,BuildStream,https://www.crunchbase.com/organization/buildstream,buildstream,https://www.crunchbase.com/organization/buildstream
datahive,27839,Cosine,https://www.crunchbase.com/organization/buildt,buildt,https://www.crunchbase.com/organization/buildt
radema,27839,Cosine,https://www.crunchbase.com/organization/buildt,buildt,https://www.crunchbase.com/organization/buildt
datahive,479,BuildZoom,https://www.crunchbase.com/organization/buildzoom,buildzoom,https://www.crunchbase.com/organization/buildzoom
kaggle_startups,,BuildZoom,http://www.crunchbase.com/organization/buildzoom,buildzoom,https://www.crunchbase.com/organization/buildzoom
radema,479,BuildZoom,https://www.crunchbase.com/organization/buildzoom,buildzoom,https://www.crunchbase.com/organization/buildzoom
datahive,1512,Bulk MRO Industrial Supply,https://www.crunchbase.com/organization/bulk-mro,bulk-mro,https://www.crunchbase.com/organization/bulk-mro
radema,1512,Bulk MRO Industrial Supply,https://www.crunchbase.com/organization/bulk-mro,bulk-mro,https://www.crunchbase.com/organization/bulk-mro
datahive,1265,Bulldozair,https://www.crunchbase.com/organization/bulldozair,bulldozair,https://www.crunchbase.com/organization/bulldozair
radema,1265,Bulldozair,https://www.crunchbase.com/organization/bulldozair,bulldozair,https://www.crunchbase.com/organization/bulldozair
datahive,1526,Bulletin,https://www.crunchbase.com/organization/bulletin,bulletin,https://www.crunchbase.com/organization/bulletin
radema,1526,Bulletin,https://www.crunchbase.com/organization/bulletin,bulletin,https://www.crunchbase.com/organization/bulletin
datahive,1854,Secured,https://www.crunchbase.com/organization/bump-d27e,bump-d27e,https://www.crunchbase.com/organization/bump-d27e
radema,1854,Secured,https://www.crunchbase.com/organization/bump-d27e,bump-d27e,https://www.crunchbase.com/organization/bump-d27e
kaggle_startups,,Bump,http://www.crunchbase.com/organization/bump-technologies,bump-technologies,https://www.crunchbase.com/organization/bump-technologies
datahive,12042,Bunkerhill Health,https://www.crunchbase.com/organization/bunkerhill-health,bunkerhill-health,https://www.crunchbase.com/organization/bunkerhill-health
radema,12042,Bunkerhill Health,https://www.crunchbase.com/organization/bunkerhill-health,bunkerhill-health,https://www.crunchbase.com/organization/bunkerhill-health
datahive,25583,Bunkyr,https://www.crunchbase.com/organization/bunkyr,bunkyr,https://www.crunchbase.com/organization/bunkyr
radema,25583,Bunkyr,https://www.crunchbase.com/organization/bunkyr,bunkyr,https://www.crunchbase.com/organization/bunkyr
datahive,30801,burnt,https://www.crunchbase.com/organization/burnt,burnt,https://www.crunchbase.com/organization/burnt
kaggle_startups,,Bushido,http://www.crunchbase.com/organization/bushido,bushido,https://www.crunchbase.com/organization/bushido
datahive,29270,Buster,https://www.crunchbase.com/organization/buster-3f14,buster-3f14,https://www.crunchbase.com/organization/buster-3f14
datahive,559,Butter Systems,https://www.crunchbase.com/organization/butter-systems,butter-systems,https://www.crunchbase.com/organization/butter-systems
kaggle_startups,,Butter Systems,http://www.crunchbase.com/organization/butter-systems,butter-systems,https://www.crunchbase.com/organization/butter-systems
radema,559,Butter Systems,https://www.crunchbase.com/organization/butter-systems,butter-systems,https://www.crunchbase.com/organization/butter-systems
datahive,527,Buttercoin,https://www.crunchbase.com/organization/buttercoin,buttercoin,https://www.crunchbase.com/organization/buttercoin
kaggle_startups,,Buttercoin,http://www.crunchbase.com/organization/buttercoin,buttercoin,https://www.crunchbase.com/organization/buttercoin
radema,527,Buttercoin,https://www.crunchbase.com/organization/buttercoin,buttercoin,https://www.crunchbase.com/organization/buttercoin
datahive,347,Buxfer,https://www.crunchbase.com/organization/buxfer,buxfer,https://www.crunchbase.com/organization/buxfer
kaggle_startups,,Buxfer,http://www.crunchbase.com/organization/buxfer,buxfer,https://www.crunchbase.com/organization/buxfer
radema,347,Buxfer,https://www.crunchbase.com/organization/buxfer,buxfer,https://www.crunchbase.com/organization/buxfer
datahive,12371,Buy Me a Coffee,https://www.crunchbase.com/organization/buy-me-a-coffee,buy-me-a-coffee,https://www.crunchbase.com/organization/buy-me-a-coffee
radema,12371,Buy Me a Coffee,https://www.crunchbase.com/organization/buy-me-a-coffee,buy-me-a-coffee,https://www.crunchbase.com/organization/buy-me-a-coffee
datahive,2011,Helicarrier (prev Buycoins),https://www.crunchbase.com/organization/buycoins,buycoins,https://www.crunchbase.com/organization/buycoins
radema,2011,Helicarrier (prev Buycoins),https://www.crunchbase.com/organization/buycoins,buycoins,https://www.crunchbase.com/organization/buycoins
datahive,1522,BuyPower,https://www.crunchbase.com/organization/buypower,buypower,https://www.crunchbase.com/organization/buypower
radema,1522,BuyPower,https://www.crunchbase.com/organization/buypower,buypower,https://www.crunchbase.com/organization/buypower
datahive,1668,bxblue,https://www.crunchbase.com/organization/bxblue,bxblue,https://www.crunchbase.com/organization/bxblue
radema,1668,bxblue,https://www.crunchbase.com/organization/bxblue,bxblue,https://www.crunchbase.com/organization/bxblue
datahive,1892,C16 Biosciences,https://www.crunchbase.com/organization/c16-biosciences,c16-biosciences,https://www.crunchbase.com/organization/c16-biosciences
radema,1892,C16 Biosciences,https://www.crunchbase.com/organization/c16-biosciences,c16-biosciences,https://www.crunchbase.com/organization/c16-biosciences
datahive,27154,Superbar,https://www.crunchbase.com/organization/caddie-72ba,caddie-72ba,https://www.crunchbase.com/organization/caddie-72ba
radema,27154,Caddie AI,https://www.crunchbase.com/organization/caddie-72ba,caddie-72ba,https://www.crunchbase.com/organization/caddie-72ba
datahive,1634,Caelum Health,https://www.crunchbase.com/organization/caelum-health,caelum-health,https://www.crunchbase.com/organization/caelum-health
radema,1634,Caelum Health,https://www.crunchbase.com/organization/caelum-health,caelum-health,https://www.crunchbase.com/organization/caelum-health
datahive,1733,California Dreamin,https://www.crunchbase.com/organization/california-dreamin,california-dreamin,https://www.crunchbase.com/organization/california-dreamin
radema,1733,California Dreamin,https://www.crunchbase.com/organization/california-dreamin,california-dreamin,https://www.crunchbase.com/organization/california-dreamin
datahive,1989,Calii,https://www.crunchbase.com/organization/calii,calii,https://www.crunchbase.com/organization/calii
radema,1989,Calii,https://www.crunchbase.com/organization/calii,calii,https://www.crunchbase.com/organization/calii
datahive,886,Call9,https://www.crunchbase.com/organization/call9,call9,https://www.crunchbase.com/organization/call9
radema,886,Call9,https://www.crunchbase.com/organization/call9,call9,https://www.crunchbase.com/organization/call9
radema,1860,Callisto,https://www.crunchbase.com/organization/callisto,callisto,https://www.crunchbase.com/organization/callisto
radema,26897,Cambio,https://www.crunchbase.com/organization/cambio-ddf1,cambio-ddf1,https://www.crunchbase.com/organization/cambio-ddf1
datahive,583,Cambly,https://www.crunchbase.com/organization/cambly,cambly,https://www.crunchbase.com/organization/cambly
kaggle_startups,,Cambly,http://www.crunchbase.com/organization/cambly,cambly,https://www.crunchbase.com/organization/cambly
radema,583,Cambly,https://www.crunchbase.com/organization/cambly,cambly,https://www.crunchbase.com/organization/cambly
datahive,1686,Cambridge Cancer Genomics,https://www.crunchbase.com/organization/cambridge-cancer-genomics,cambridge-cancer-genomics,https://www.crunchbase.com/organization/cambridge-cancer-genomics
radema,1686,Cambridge Cancer Genomics,https://www.crunchbase.com/organization/cambridge-cancer-genomics,cambridge-cancer-genomics,https://www.crunchbase.com/organization/cambridge-cancer-genomics
kaggle_startups,,Camperoo,http://www.crunchbase.com/organization/camperoo,camperoo,https://www.crunchbase.com/organization/camperoo
radema,584,Futureleague,https://www.crunchbase.com/organization/camperoo,camperoo,https://www.crunchbase.com/organization/camperoo
datahive,1979,Canary Technologies,https://www.crunchbase.com/organization/canary-technologies,canary-technologies,https://www.crunchbase.com/organization/canary-technologies
radema,1979,Canary Technologies,https://www.crunchbase.com/organization/canary-technologies,canary-technologies,https://www.crunchbase.com/organization/canary-technologies
datahive,13290,Candid Health,https://www.crunchbase.com/organization/candid-health,candid-health,https://www.crunchbase.com/organization/candid-health
radema,13290,Candid Health,https://www.crunchbase.com/organization/candid-health,candid-health,https://www.crunchbase.com/organization/candid-health
datahive,391,Canopy Labs,https://www.crunchbase.com/organization/canopy-labs,canopy-labs,https://www.crunchbase.com/organization/canopy-labs
kaggle_startups,,Canopy Labs,http://www.crunchbase.com/organization/canopy-labs,canopy-labs,https://www.crunchbase.com/organization/canopy-labs
radema,391,Canopy Labs,https://www.crunchbase.com/organization/canopy-labs,canopy-labs,https://www.crunchbase.com/organization/canopy-labs
kaggle_startups,,Can'tWait,http://www.crunchbase.com/organization/cantwait,cantwait,https://www.crunchbase.com/organization/cantwait
datahive,967,Human Interest,https://www.crunchbase.com/organization/captain401,captain401,https://www.crunchbase.com/organization/captain401
radema,967,Human Interest,https://www.crunchbase.com/organization/captain401,captain401,https://www.crunchbase.com/organization/captain401
datahive,1867,CaptivateIQ,https://www.crunchbase.com/organization/captivateiq,captivateiq,https://www.crunchbase.com/organization/captivateiq
radema,1867,CaptivateIQ,https://www.crunchbase.com/organization/captivateiq,captivateiq,https://www.crunchbase.com/organization/captivateiq
datahive,22323,CapWay,https://www.crunchbase.com/organization/capway,capway,https://www.crunchbase.com/organization/capway
radema,22323,CapWay,https://www.crunchbase.com/organization/capway,capway,https://www.crunchbase.com/organization/capway
datahive,13106,Carbon-12 Labs,https://www.crunchbase.com/organization/carbon-12-labs,carbon-12-labs,https://www.crunchbase.com/organization/carbon-12-labs
radema,13106,Carbon-12 Labs,https://www.crunchbase.com/organization/carbon-12-labs,carbon-12-labs,https://www.crunchbase.com/organization/carbon-12-labs
datahive,23960,Carbonfact,https://www.crunchbase.com/organization/carbonfact,carbonfact,https://www.crunchbase.com/organization/carbonfact
radema,23960,Carbonfact,https://www.crunchbase.com/organization/carbonfact,carbonfact,https://www.crunchbase.com/organization/carbonfact
datahive,1597,CarDash,https://www.crunchbase.com/organization/cardash,cardash,https://www.crunchbase.com/organization/cardash
radema,1597,CarDash,https://www.crunchbase.com/organization/cardash,cardash,https://www.crunchbase.com/organization/cardash
datahive,25593,Cardda,https://www.crunchbase.com/organization/cardda,cardda,https://www.crunchbase.com/organization/cardda
radema,25593,Cardda,https://www.crunchbase.com/organization/cardda,cardda,https://www.crunchbase.com/organization/cardda
datahive,230,Cardpool,https://www.crunchbase.com/organization/cardpool,cardpool,https://www.crunchbase.com/organization/cardpool
kaggle_startups,,CardPool,http://www.crunchbase.com/organization/cardpool,cardpool,https://www.crunchbase.com/organization/cardpool
radema,230,Cardpool,https://www.crunchbase.com/organization/cardpool,cardpool,https://www.crunchbase.com/organization/cardpool
datahive,1188,CareRev,https://www.crunchbase.com/organization/care-revolutions,care-revolutions,https://www.crunchbase.com/organization/care-revolutions
radema,1188,CareRev,https://www.crunchbase.com/organization/care-revolutions,care-revolutions,https://www.crunchbase.com/organization/care-revolutions
datahive,22870,Care Weather,https://www.crunchbase.com/organization/care-weather,care-weather,https://www.crunchbase.com/organization/care-weather
radema,22870,Care Weather,https://www.crunchbase.com/organization/care-weather,care-weather,https://www.crunchbase.com/organization/care-weather
radema,12283,Career Karma,https://www.crunchbase.com/organization/career-karma,career-karma,https://www.crunchbase.com/organization/career-karma
datahive,887,CareLedger,https://www.crunchbase.com/organization/careledger,careledger,https://www.crunchbase.com/organization/careledger
radema,887,CareLedger,https://www.crunchbase.com/organization/careledger,careledger,https://www.crunchbase.com/organization/careledger
datahive,577,CareMessage,https://www.crunchbase.com/organization/caremessage,caremessage,https://www.crunchbase.com/organization/caremessage
kaggle_startups,,CareMessage,http://www.crunchbase.com/organization/caremessage,caremessage,https://www.crunchbase.com/organization/caremessage
radema,577,CareMessage,https://www.crunchbase.com/organization/caremessage,caremessage,https://www.crunchbase.com/organization/caremessage
datahive,30666,CareSwift,https://www.crunchbase.com/organization/careswift,careswift,https://www.crunchbase.com/organization/careswift
datahive,12074,Caribou,https://www.crunchbase.com/organization/caribou-80f4,caribou-80f4,https://www.crunchbase.com/organization/caribou-80f4
radema,12074,Caribou,https://www.crunchbase.com/organization/caribou-80f4,caribou-80f4,https://www.crunchbase.com/organization/caribou-80f4
datahive,661,Carlypso,https://www.crunchbase.com/organization/carlypso,carlypso,https://www.crunchbase.com/organization/carlypso
kaggle_startups,,Carlypso,http://www.crunchbase.com/organization/carlypso,carlypso,https://www.crunchbase.com/organization/carlypso
radema,661,Carlypso,https://www.crunchbase.com/organization/carlypso,carlypso,https://www.crunchbase.com/organization/carlypso
datahive,29376,Carma,https://www.crunchbase.com/organization/carma-aa85,carma-aa85,https://www.crunchbase.com/organization/carma-aa85
radema,29376,Carma,https://www.crunchbase.com/organization/carma-aa85,carma-aa85,https://www.crunchbase.com/organization/carma-aa85
datahive,1619,Carrot Fertility,https://www.crunchbase.com/organization/carrot-fertility,carrot-fertility,https://www.crunchbase.com/organization/carrot-fertility
radema,1619,Carrot Fertility,https://www.crunchbase.com/organization/carrot-fertility,carrot-fertility,https://www.crunchbase.com/organization/carrot-fertility
datahive,63,Carsabi,https://www.crunchbase.com/organization/carsabi,carsabi,https://www.crunchbase.com/organization/carsabi
kaggle_startups,,Carsabi,http://www.crunchbase.com/organization/carsabi,carsabi,https://www.crunchbase.com/organization/carsabi
radema,63,Carsabi,https://www.crunchbase.com/organization/carsabi,carsabi,https://www.crunchbase.com/organization/carsabi
datahive,1467,Cartcam,https://www.crunchbase.com/organization/cartcam,cartcam,https://www.crunchbase.com/organization/cartcam
radema,1467,Cartcam,https://www.crunchbase.com/organization/cartcam,cartcam,https://www.crunchbase.com/organization/cartcam
datahive,13674,CARUPI,https://www.crunchbase.com/organization/carupi,carupi,https://www.crunchbase.com/organization/carupi
radema,13674,CARUPI,https://www.crunchbase.com/organization/carupi,carupi,https://www.crunchbase.com/organization/carupi
kaggle_startups,,CarWoo,http://www.crunchbase.com/organization/carwoo,carwoo,https://www.crunchbase.com/organization/carwoo
datahive,25976,GoJom,https://www.crunchbase.com/organization/casas360,casas360,https://www.crunchbase.com/organization/casas360
radema,25976,GoJom,https://www.crunchbase.com/organization/casas360,casas360,https://www.crunchbase.com/organization/casas360
datahive,542,Casetext,https://www.crunchbase.com/organization/casetext,casetext,https://www.crunchbase.com/organization/casetext
kaggle_startups,,Casetext,http://www.crunchbase.com/organization/casetext,casetext,https://www.crunchbase.com/organization/casetext
radema,542,Casetext,https://www.crunchbase.com/organization/casetext,casetext,https://www.crunchbase.com/organization/casetext
datahive,25754,Cash Flow Portal,https://www.crunchbase.com/organization/cash-flow-portal,cash-flow-portal,https://www.crunchbase.com/organization/cash-flow-portal
radema,25754,Cash Flow Portal,https://www.crunchbase.com/organization/cash-flow-portal,cash-flow-portal,https://www.crunchbase.com/organization/cash-flow-portal
datahive,25992,WANTD,https://www.crunchbase.com/organization/casheapp,casheapp,https://www.crunchbase.com/organization/casheapp
radema,25992,WANTD,https://www.crunchbase.com/organization/casheapp,casheapp,https://www.crunchbase.com/organization/casheapp
datahive,1713,Cashfree Payments,https://www.crunchbase.com/organization/cashfree,cashfree,https://www.crunchbase.com/organization/cashfree
radema,1713,Cashfree Payments,https://www.crunchbase.com/organization/cashfree,cashfree,https://www.crunchbase.com/organization/cashfree
datahive,26043,Cashmere,https://www.crunchbase.com/organization/cashmere-07f3,cashmere-07f3,https://www.crunchbase.com/organization/cashmere-07f3
radema,26043,Cashmere,https://www.crunchbase.com/organization/cashmere-07f3,cashmere-07f3,https://www.crunchbase.com/organization/cashmere-07f3
datahive,1031,Castle,https://www.crunchbase.com/organization/castle,castle,https://www.crunchbase.com/organization/castle
radema,1031,Castle,https://www.crunchbase.com/organization/castle,castle,https://www.crunchbase.com/organization/castle
datahive,1032,Castle,https://www.crunchbase.com/organization/castle-2,castle-2,https://www.crunchbase.com/organization/castle-2
radema,1032,Castle,https://www.crunchbase.com/organization/castle-2,castle-2,https://www.crunchbase.com/organization/castle-2
datahive,25588,Castled.io,https://www.crunchbase.com/organization/castled-data,castled-data,https://www.crunchbase.com/organization/castled-data
radema,25588,Castled.io,https://www.crunchbase.com/organization/castled-data,castled-data,https://www.crunchbase.com/organization/castled-data
datahive,12366,Catch,https://www.crunchbase.com/organization/catchco,catchco,https://www.crunchbase.com/organization/catchco
radema,12366,Catch,https://www.crunchbase.com/organization/catchco,catchco,https://www.crunchbase.com/organization/catchco
datahive,24008,Catena Biosciences,https://www.crunchbase.com/organization/catena-biosciences,catena-biosciences,https://www.crunchbase.com/organization/catena-biosciences
radema,24008,Catena Biosciences,https://www.crunchbase.com/organization/catena-biosciences,catena-biosciences,https://www.crunchbase.com/organization/catena-biosciences
datahive,106,Caviar,https://www.crunchbase.com/organization/caviar,caviar,https://www.crunchbase.com/organization/caviar
kaggle_startups,,Caviar,http://www.crunchbase.com/organization/caviar,caviar,https://www.crunchbase.com/organization/caviar
radema,106,Caviar,https://www.crunchbase.com/organization/caviar,caviar,https://www.crunchbase.com/organization/caviar
datahive,1964,CB Therapeutics,https://www.crunchbase.com/organization/cb-therapeutics,cb-therapeutics,https://www.crunchbase.com/organization/cb-therapeutics
radema,1964,CB Therapeutics,https://www.crunchbase.com/organization/cb-therapeutics,cb-therapeutics,https://www.crunchbase.com/organization/cb-therapeutics
datahive,25526,Complif,https://www.crunchbase.com/organization/celeri-19c5,celeri-19c5,https://www.crunchbase.com/organization/celeri-19c5
radema,25526,Complif,https://www.crunchbase.com/organization/celeri-19c5,celeri-19c5,https://www.crunchbase.com/organization/celeri-19c5
datahive,454,Celery,https://www.crunchbase.com/organization/celery,celery,https://www.crunchbase.com/organization/celery
radema,454,Celery,https://www.crunchbase.com/organization/celery,celery,https://www.crunchbase.com/organization/celery
radema,1396,Cellabus,https://www.crunchbase.com/organization/cellabus,cellabus,https://www.crunchbase.com/organization/cellabus
datahive,24737,CellChorus,https://www.crunchbase.com/organization/cellchorus,cellchorus,https://www.crunchbase.com/organization/cellchorus
radema,24737,CellChorus,https://www.crunchbase.com/organization/cellchorus,cellchorus,https://www.crunchbase.com/organization/cellchorus
datahive,29072,Certainly Health,https://www.crunchbase.com/organization/certainly-health,certainly-health,https://www.crunchbase.com/organization/certainly-health
radema,29072,Certainly Health,https://www.crunchbase.com/organization/certainly-health,certainly-health,https://www.crunchbase.com/organization/certainly-health
datahive,910,Chaldal,https://www.crunchbase.com/organization/chaldal,chaldal,https://www.crunchbase.com/organization/chaldal
radema,910,Chaldal,https://www.crunchbase.com/organization/chaldal,chaldal,https://www.crunchbase.com/organization/chaldal
radema,1376,Informed K12,https://www.crunchbase.com/organization/chalk-schools,chalk-schools,https://www.crunchbase.com/organization/chalk-schools
datahive,12724,Chaos Genius,https://www.crunchbase.com/organization/chaos-genius,chaos-genius,https://www.crunchbase.com/organization/chaos-genius
radema,12724,Chaos Genius,https://www.crunchbase.com/organization/chaos-genius,chaos-genius,https://www.crunchbase.com/organization/chaos-genius
datahive,22775,Charge Running,https://www.crunchbase.com/organization/charge-running,charge-running,https://www.crunchbase.com/organization/charge-running
radema,22775,Charge Running,https://www.crunchbase.com/organization/charge-running,charge-running,https://www.crunchbase.com/organization/charge-running
radema,581,Chargehound,https://www.crunchbase.com/organization/chargehound,chargehound,https://www.crunchbase.com/organization/chargehound
datahive,24563,Chari,https://www.crunchbase.com/organization/chari-ma,chari-ma,https://www.crunchbase.com/organization/chari-ma
radema,24563,Chari,https://www.crunchbase.com/organization/chari-ma,chari-ma,https://www.crunchbase.com/organization/chari-ma
datahive,21856,Charityvest,https://www.crunchbase.com/organization/charityvest,charityvest,https://www.crunchbase.com/organization/charityvest
radema,21856,Charityvest,https://www.crunchbase.com/organization/charityvest,charityvest,https://www.crunchbase.com/organization/charityvest
datahive,176,Chartio,https://www.crunchbase.com/organization/chart-io,chart-io,https://www.crunchbase.com/organization/chart-io
kaggle_startups,,Chart.io,http://www.crunchbase.com/organization/chart-io,chart-io,https://www.crunchbase.com/organization/chart-io
radema,176,Chartio,https://www.crunchbase.com/organization/chart-io,chart-io,https://www.crunchbase.com/organization/chart-io
datahive,985,Chatfuel,https://www.crunchbase.com/organization/chatfuel,chatfuel,https://www.crunchbase.com/organization/chatfuel
radema,985,Chatfuel,https://www.crunchbase.com/organization/chatfuel,chatfuel,https://www.crunchbase.com/organization/chatfuel
kaggle_startups,,Chatterous,http://www.crunchbase.com/organization/chatterous,chatterous,https://www.crunchbase.com/organization/chatterous
datahive,13503,Checkars,https://www.crunchbase.com/organization/checkars,checkars,https://www.crunchbase.com/organization/checkars
radema,13503,Checkars,https://www.crunchbase.com/organization/checkars,checkars,https://www.crunchbase.com/organization/checkars
datahive,662,Checkr,https://www.crunchbase.com/organization/checkr,checkr,https://www.crunchbase.com/organization/checkr
kaggle_startups,,Checkr,http://www.crunchbase.com/organization/checkr,checkr,https://www.crunchbase.com/organization/checkr
radema,662,Checkr,https://www.crunchbase.com/organization/checkr,checkr,https://www.crunchbase.com/organization/checkr
datahive,29100,CheqUPI,https://www.crunchbase.com/organization/cheq-money,cheq-money,https://www.crunchbase.com/organization/cheq-money
radema,29100,CheqUPI,https://www.crunchbase.com/organization/cheq-money,cheq-money,https://www.crunchbase.com/organization/cheq-money
datahive,12068,Cherry,https://www.crunchbase.com/organization/cherry-107e,cherry-107e,https://www.crunchbase.com/organization/cherry-107e
radema,12068,Cherry,https://www.crunchbase.com/organization/cherry-107e,cherry-107e,https://www.crunchbase.com/organization/cherry-107e
radema,1410,Chesscademy,https://www.crunchbase.com/organization/chesscademy,chesscademy,https://www.crunchbase.com/organization/chesscademy
datahive,27254,Chima,https://www.crunchbase.com/organization/chima,chima,https://www.crunchbase.com/organization/chima
radema,27254,Chima,https://www.crunchbase.com/organization/chima,chima,https://www.crunchbase.com/organization/chima
datahive,24884,Chipax,https://www.crunchbase.com/organization/chipax,chipax,https://www.crunchbase.com/organization/chipax
radema,24884,Chipax,https://www.crunchbase.com/organization/chipax,chipax,https://www.crunchbase.com/organization/chipax
datahive,184,Chirply,https://www.crunchbase.com/organization/chirply,chirply,https://www.crunchbase.com/organization/chirply
kaggle_startups,,Chirply,http://www.crunchbase.com/organization/chirply,chirply,https://www.crunchbase.com/organization/chirply
radema,184,Chirply,https://www.crunchbase.com/organization/chirply,chirply,https://www.crunchbase.com/organization/chirply
kaggle_startups,,ChromaOm,http://www.crunchbase.com/organization/chromaom,chromaom,https://www.crunchbase.com/organization/chromaom
datahive,22566,Lovd,https://www.crunchbase.com/organization/chums#section-overview,chums,https://www.crunchbase.com/organization/chums
radema,22566,Lovd,https://www.crunchbase.com/organization/chums#section-overview,chums,https://www.crunchbase.com/organization/chums
datahive,29,Chute,https://www.crunchbase.com/organization/chute,chute,https://www.crunchbase.com/organization/chute
kaggle_startups,,chute,http://www.crunchbase.com/organization/chute,chute,https://www.crunchbase.com/organization/chute
radema,29,Chute,https://www.crunchbase.com/organization/chute,chute,https://www.crunchbase.com/organization/chute
datahive,26121,Cinapse,https://www.crunchbase.com/organization/cinapse,cinapse,https://www.crunchbase.com/organization/cinapse
radema,26121,Cinapse,https://www.crunchbase.com/organization/cinapse,cinapse,https://www.crunchbase.com/organization/cinapse
datahive,137,Assembled,https://www.crunchbase.com/organization/circle-inc,circle-inc,https://www.crunchbase.com/organization/circle-inc
radema,137,Assembled,https://www.crunchbase.com/organization/circle-inc,circle-inc,https://www.crunchbase.com/organization/circle-inc
datahive,915,Circle Medical,https://www.crunchbase.com/organization/circle-medical-2,circle-medical-2,https://www.crunchbase.com/organization/circle-medical-2
radema,915,Circle Medical,https://www.crunchbase.com/organization/circle-medical-2,circle-medical-2,https://www.crunchbase.com/organization/circle-medical-2
datahive,5,CircuitHub,https://www.crunchbase.com/organization/circuithub,circuithub,https://www.crunchbase.com/organization/circuithub
kaggle_startups,,Circuithub,http://www.crunchbase.com/organization/circuithub,circuithub,https://www.crunchbase.com/organization/circuithub
radema,5,CircuitHub,https://www.crunchbase.com/organization/circuithub,circuithub,https://www.crunchbase.com/organization/circuithub
kaggle_startups,,CircuitLab,http://www.crunchbase.com/organization/circuitlab,circuitlab,https://www.crunchbase.com/organization/circuitlab
kaggle_startups,,Circular,http://www.crunchbase.com/organization/circular,circular,https://www.crunchbase.com/organization/circular
datahive,26054,Circular,https://www.crunchbase.com/organization/circular-0280,circular-0280,https://www.crunchbase.com/organization/circular-0280
radema,26054,Circular,https://www.crunchbase.com/organization/circular-0280,circular-0280,https://www.crunchbase.com/organization/circular-0280
datahive,2029,Circumvent,https://www.crunchbase.com/organization/circumvent-pharmaceuticals,circumvent-pharmaceuticals,https://www.crunchbase.com/organization/circumvent-pharmaceuticals
radema,2029,Circumvent,https://www.crunchbase.com/organization/circumvent-pharmaceuticals,circumvent-pharmaceuticals,https://www.crunchbase.com/organization/circumvent-pharmaceuticals
datahive,89,Citus Data,https://www.crunchbase.com/organization/citus-data,citus-data,https://www.crunchbase.com/organization/citus-data
kaggle_startups,,Citus Data,http://www.crunchbase.com/organization/citus-data,citus-data,https://www.crunchbase.com/organization/citus-data
radema,89,Citus Data,https://www.crunchbase.com/organization/citus-data,citus-data,https://www.crunchbase.com/organization/citus-data
datahive,12257,Cityfurnish,https://www.crunchbase.com/organization/cityfurnish,cityfurnish,https://www.crunchbase.com/organization/cityfurnish
radema,12257,Cityfurnish,https://www.crunchbase.com/organization/cityfurnish,cityfurnish,https://www.crunchbase.com/organization/cityfurnish
datahive,29613,ClaimSorted,https://www.crunchbase.com/organization/claimsorted,claimsorted,https://www.crunchbase.com/organization/claimsorted
datahive,1477,VanGo,https://www.crunchbase.com/organization/claire,claire,https://www.crunchbase.com/organization/claire
radema,1477,VanGo,https://www.crunchbase.com/organization/claire,claire,https://www.crunchbase.com/organization/claire
datahive,663,Clara Labs,https://www.crunchbase.com/organization/clara-labs,clara-labs,https://www.crunchbase.com/organization/clara-labs
radema,663,Clara Labs,https://www.crunchbase.com/organization/clara-labs,clara-labs,https://www.crunchbase.com/organization/clara-labs
datahive,29395,Clarum,https://www.crunchbase.com/organization/clarum,clarum,https://www.crunchbase.com/organization/clarum
radema,29395,Clarum,https://www.crunchbase.com/organization/clarum,clarum,https://www.crunchbase.com/organization/clarum
radema,1398,Class Central,https://www.crunchbase.com/organization/class-central,class-central,https://www.crunchbase.com/organization/class-central
radema,1361,Class Connect,https://www.crunchbase.com/organization/classconnect-technologies,classconnect-technologies,https://www.crunchbase.com/organization/classconnect-technologies
datahive,1360,ClassDojo,https://www.crunchbase.com/organization/classdojo,classdojo,https://www.crunchbase.com/organization/classdojo
radema,1360,ClassDojo,https://www.crunchbase.com/organization/classdojo,classdojo,https://www.crunchbase.com/organization/classdojo
datahive,802,Cleanly,https://www.crunchbase.com/organization/cleanly,cleanly,https://www.crunchbase.com/organization/cleanly
radema,802,Cleanly,https://www.crunchbase.com/organization/cleanly,cleanly,https://www.crunchbase.com/organization/cleanly
datahive,23550,Clear,https://www.crunchbase.com/organization/clear-6311,clear-6311,https://www.crunchbase.com/organization/clear-6311
radema,23550,Clear,https://www.crunchbase.com/organization/clear-6311,clear-6311,https://www.crunchbase.com/organization/clear-6311
datahive,1441,Clear Genetics,https://www.crunchbase.com/organization/clear-genetics,clear-genetics,https://www.crunchbase.com/organization/clear-genetics
radema,1441,Clear Genetics,https://www.crunchbase.com/organization/clear-genetics,clear-genetics,https://www.crunchbase.com/organization/clear-genetics
datahive,26738,Integration Labs,https://www.crunchbase.com/organization/clear-money,clear-money,https://www.crunchbase.com/organization/clear-money
radema,26738,Integration Labs,https://www.crunchbase.com/organization/clear-money,clear-money,https://www.crunchbase.com/organization/clear-money
datahive,1751,ClearBrain,https://www.crunchbase.com/organization/clearbrain,clearbrain,https://www.crunchbase.com/organization/clearbrain
radema,1751,ClearBrain,https://www.crunchbase.com/organization/clearbrain,clearbrain,https://www.crunchbase.com/organization/clearbrain
kaggle_startups,,ClearTax,http://www.crunchbase.com/organization/clearscape,clearscape,https://www.crunchbase.com/organization/clearscape
datahive,664,Clear,https://www.crunchbase.com/organization/cleartax,cleartax,https://www.crunchbase.com/organization/cleartax
radema,664,Clear,https://www.crunchbase.com/organization/cleartax,cleartax,https://www.crunchbase.com/organization/cleartax
datahive,91,Clerky,https://www.crunchbase.com/organization/clerky,clerky,https://www.crunchbase.com/organization/clerky
kaggle_startups,,Clerky,http://www.crunchbase.com/organization/clerky,clerky,https://www.crunchbase.com/organization/clerky
radema,91,Clerky,https://www.crunchbase.com/organization/clerky,clerky,https://www.crunchbase.com/organization/clerky
datahive,412,Clever,https://www.crunchbase.com/organization/clever,clever,https://www.crunchbase.com/organization/clever
kaggle_startups,,Clever,http://www.crunchbase.com/organization/clever,clever,https://www.crunchbase.com/organization/clever
radema,412,Clever,https://www.crunchbase.com/organization/clever,clever,https://www.crunchbase.com/organization/clever
datahive,32,CleverDeck,https://www.crunchbase.com/organization/cleverdeck,cleverdeck,https://www.crunchbase.com/organization/cleverdeck
radema,32,CleverDeck,https://www.crunchbase.com/organization/cleverdeck,cleverdeck,https://www.crunchbase.com/organization/cleverdeck
datahive,961,Click & Grow,https://www.crunchbase.com/organization/click-grow,click-grow,https://www.crunchbase.com/organization/click-grow
radema,961,Click & Grow,https://www.crunchbase.com/organization/click-grow,click-grow,https://www.crunchbase.com/organization/click-grow
datahive,375,Clickfacts,https://www.crunchbase.com/organization/clickfacts,clickfacts,https://www.crunchbase.com/organization/clickfacts
kaggle_startups,,ClickFacts,http://www.crunchbase.com/organization/clickfacts,clickfacts,https://www.crunchbase.com/organization/clickfacts
radema,375,Clickfacts,https://www.crunchbase.com/organization/clickfacts,clickfacts,https://www.crunchbase.com/organization/clickfacts
datahive,335,Clickpass,https://www.crunchbase.com/organization/clickpass,clickpass,https://www.crunchbase.com/organization/clickpass
kaggle_startups,,Clickpass,http://www.crunchbase.com/organization/clickpass,clickpass,https://www.crunchbase.com/organization/clickpass
radema,335,Clickpass,https://www.crunchbase.com/organization/clickpass,clickpass,https://www.crunchbase.com/organization/clickpass
datahive,23042,clicOH,https://www.crunchbase.com/organization/clicoh,clicoh,https://www.crunchbase.com/organization/clicoh
radema,23042,clicOH,https://www.crunchbase.com/organization/clicoh,clicoh,https://www.crunchbase.com/organization/clicoh
datahive,1480,Clipboard Health,https://www.crunchbase.com/organization/clipboard-health,clipboard-health,https://www.crunchbase.com/organization/clipboard-health
radema,1480,Clipboard Health,https://www.crunchbase.com/organization/clipboard-health,clipboard-health,https://www.crunchbase.com/organization/clipboard-health
datahive,1758,Closer Sports,https://www.crunchbase.com/organization/closer-sports,closer-sports,https://www.crunchbase.com/organization/closer-sports
radema,1758,Closer Sports,https://www.crunchbase.com/organization/closer-sports,closer-sports,https://www.crunchbase.com/organization/closer-sports
datahive,22608,cloud humans,https://www.crunchbase.com/organization/cloud-humans,cloud-humans,https://www.crunchbase.com/organization/cloud-humans
radema,22608,cloud humans,https://www.crunchbase.com/organization/cloud-humans,cloud-humans,https://www.crunchbase.com/organization/cloud-humans
datahive,24275,Cloudanix,https://www.crunchbase.com/organization/cloudanix,cloudanix,https://www.crunchbase.com/organization/cloudanix
radema,24275,Cloudanix,https://www.crunchbase.com/organization/cloudanix,cloudanix,https://www.crunchbase.com/organization/cloudanix
datahive,284,Cloudant,https://www.crunchbase.com/organization/cloudant,cloudant,https://www.crunchbase.com/organization/cloudant
datahive,341,Eivod,https://www.crunchbase.com/organization/cloudant,cloudant,https://www.crunchbase.com/organization/cloudant
kaggle_startups,,Cloudant,http://www.crunchbase.com/organization/cloudant,cloudant,https://www.crunchbase.com/organization/cloudant
radema,284,Cloudant,https://www.crunchbase.com/organization/cloudant,cloudant,https://www.crunchbase.com/organization/cloudant
radema,341,Eivod,https://www.crunchbase.com/organization/cloudant,cloudant,https://www.crunchbase.com/organization/cloudant
datahive,24859,Synder,https://www.crunchbase.com/organization/cloudbusiness,cloudbusiness,https://www.crunchbase.com/organization/cloudbusiness
radema,24859,Synder,https://www.crunchbase.com/organization/cloudbusiness,cloudbusiness,https://www.crunchbase.com/organization/cloudbusiness
datahive,27844,Cloudchipr,https://www.crunchbase.com/organization/cloudchipr,cloudchipr,https://www.crunchbase.com/organization/cloudchipr
radema,27844,Cloudchipr,https://www.crunchbase.com/organization/cloudchipr,cloudchipr,https://www.crunchbase.com/organization/cloudchipr
datahive,275,Cloudkick,https://www.crunchbase.com/organization/cloudkick,cloudkick,https://www.crunchbase.com/organization/cloudkick
kaggle_startups,,Cloudkick,http://www.crunchbase.com/organization/cloudkick,cloudkick,https://www.crunchbase.com/organization/cloudkick
radema,275,Cloudkick,https://www.crunchbase.com/organization/cloudkick,cloudkick,https://www.crunchbase.com/organization/cloudkick
datahive,911,Cloudstitch,https://www.crunchbase.com/organization/cloudstitch,cloudstitch,https://www.crunchbase.com/organization/cloudstitch
radema,911,Cloudstitch,https://www.crunchbase.com/organization/cloudstitch,cloudstitch,https://www.crunchbase.com/organization/cloudstitch
datahive,24348,Cloudthread,https://www.crunchbase.com/organization/cloudthread,cloudthread,https://www.crunchbase.com/organization/cloudthread
radema,24348,Cloudthread,https://www.crunchbase.com/organization/cloudthread,cloudthread,https://www.crunchbase.com/organization/cloudthread
radema,1438,VoiceOps,https://www.crunchbase.com/organization/clover-intelligence,clover-intelligence,https://www.crunchbase.com/organization/clover-intelligence
datahive,25960,Clupp,https://www.crunchbase.com/organization/clupp,clupp,https://www.crunchbase.com/organization/clupp
radema,25960,Clupp,https://www.crunchbase.com/organization/clupp,clupp,https://www.crunchbase.com/organization/clupp
datahive,367,Clustrix,https://www.crunchbase.com/organization/clustrix,clustrix,https://www.crunchbase.com/organization/clustrix
kaggle_startups,,Clustrix,http://www.crunchbase.com/organization/clustrix,clustrix,https://www.crunchbase.com/organization/clustrix
radema,367,Clustrix,https://www.crunchbase.com/organization/clustrix,clustrix,https://www.crunchbase.com/organization/clustrix
kaggle_startups,,Clutch.io,http://www.crunchbase.com/organization/clutch-io,clutch-io,https://www.crunchbase.com/organization/clutch-io
datahive,288,CO2Stats,https://www.crunchbase.com/organization/co2stats,co2stats,https://www.crunchbase.com/organization/co2stats
kaggle_startups,,CO2Stats,http://www.crunchbase.com/organization/co2stats,co2stats,https://www.crunchbase.com/organization/co2stats
radema,288,CO2Stats,https://www.crunchbase.com/organization/co2stats,co2stats,https://www.crunchbase.com/organization/co2stats
datahive,24538,Coast,https://www.crunchbase.com/organization/coast-6c0f,coast-6c0f,https://www.crunchbase.com/organization/coast-6c0f
radema,24538,Coast,https://www.crunchbase.com/organization/coast-6c0f,coast-6c0f,https://www.crunchbase.com/organization/coast-6c0f
kaggle_startups,,Coco Controller,http://www.crunchbase.com/organization/coco-controller,coco-controller,https://www.crunchbase.com/organization/coco-controller
datahive,23777,Cococart,https://www.crunchbase.com/organization/cococart,cococart,https://www.crunchbase.com/organization/cococart
radema,23777,Cococart,https://www.crunchbase.com/organization/cococart,cococart,https://www.crunchbase.com/organization/cococart
datahive,29481,CoCrafter,https://www.crunchbase.com/organization/cocrafter,cocrafter,https://www.crunchbase.com/organization/cocrafter
radema,29481,CoCrafter,https://www.crunchbase.com/organization/cocrafter,cocrafter,https://www.crunchbase.com/organization/cocrafter
datahive,1615,CocuSocial,https://www.crunchbase.com/organization/cocusocial,cocusocial,https://www.crunchbase.com/organization/cocusocial
radema,1615,CocuSocial,https://www.crunchbase.com/organization/cocusocial,cocusocial,https://www.crunchbase.com/organization/cocusocial
datahive,29368,CodeAnt AI,https://www.crunchbase.com/organization/codeant-ai,codeant-ai,https://www.crunchbase.com/organization/codeant-ai
datahive,86,Codecademy,https://www.crunchbase.com/organization/codecademy,codecademy,https://www.crunchbase.com/organization/codecademy
kaggle_startups,,Codecademy,http://www.crunchbase.com/organization/codecademy,codecademy,https://www.crunchbase.com/organization/codecademy
radema,86,Codecademy,https://www.crunchbase.com/organization/codecademy,codecademy,https://www.crunchbase.com/organization/codecademy
datahive,587,CodeCombat,https://www.crunchbase.com/organization/codecombat,codecombat,https://www.crunchbase.com/organization/codecombat
kaggle_startups,,CodeCombat,http://www.crunchbase.com/organization/codecombat,codecombat,https://www.crunchbase.com/organization/codecombat
radema,587,CodeCombat,https://www.crunchbase.com/organization/codecombat,codecombat,https://www.crunchbase.com/organization/codecombat
datahive,27713,Lynx,https://www.crunchbase.com/organization/codecomplete-ai,codecomplete-ai,https://www.crunchbase.com/organization/codecomplete-ai
radema,27713,CodeComplete,https://www.crunchbase.com/organization/codecomplete-ai,codecomplete-ai,https://www.crunchbase.com/organization/codecomplete-ai
radema,1377,CodeHS,https://www.crunchbase.com/organization/codehs,codehs,https://www.crunchbase.com/organization/codehs
datahive,588,CodeNow,https://www.crunchbase.com/organization/codenow,codenow,https://www.crunchbase.com/organization/codenow
kaggle_startups,,CodeNow,http://www.crunchbase.com/organization/codenow,codenow,https://www.crunchbase.com/organization/codenow
radema,588,CodeNow,https://www.crunchbase.com/organization/codenow,codenow,https://www.crunchbase.com/organization/codenow
datahive,22955,Coderhouse,https://www.crunchbase.com/organization/coderhouse,coderhouse,https://www.crunchbase.com/organization/coderhouse
radema,22955,Coderhouse,https://www.crunchbase.com/organization/coderhouse,coderhouse,https://www.crunchbase.com/organization/coderhouse
kaggle_startups,,Coderwall,http://www.crunchbase.com/organization/coderwall,coderwall,https://www.crunchbase.com/organization/coderwall
datahive,1766,CodeStream,https://www.crunchbase.com/organization/codestream,codestream,https://www.crunchbase.com/organization/codestream
radema,1766,CodeStream,https://www.crunchbase.com/organization/codestream,codestream,https://www.crunchbase.com/organization/codestream
datahive,22997,Codingal,https://www.crunchbase.com/organization/codingal,codingal,https://www.crunchbase.com/organization/codingal
radema,22997,Codingal,https://www.crunchbase.com/organization/codingal,codingal,https://www.crunchbase.com/organization/codingal
datahive,962,Cofactor Genomics,https://www.crunchbase.com/organization/cofactor-genomics,cofactor-genomics,https://www.crunchbase.com/organization/cofactor-genomics
radema,962,Cofactor Genomics,https://www.crunchbase.com/organization/cofactor-genomics,cofactor-genomics,https://www.crunchbase.com/organization/cofactor-genomics
datahive,26147,Cofactr,https://www.crunchbase.com/organization/cofactr,cofactr,https://www.crunchbase.com/organization/cofactr
radema,26147,Cofactr,https://www.crunchbase.com/organization/cofactr,cofactr,https://www.crunchbase.com/organization/cofactr
datahive,1818,Cognition IP,https://www.crunchbase.com/organization/cognition-ip,cognition-ip,https://www.crunchbase.com/organization/cognition-ip
radema,1818,Cognition IP,https://www.crunchbase.com/organization/cognition-ip,cognition-ip,https://www.crunchbase.com/organization/cognition-ip
datahive,504,Coin,https://www.crunchbase.com/organization/coin,coin,https://www.crunchbase.com/organization/coin
radema,504,Coin,https://www.crunchbase.com/organization/coin,coin,https://www.crunchbase.com/organization/coin
datahive,439,Coinbase,https://www.crunchbase.com/organization/coinbase,coinbase,https://www.crunchbase.com/organization/coinbase
kaggle_startups,,Coinbase,http://www.crunchbase.com/organization/coinbase,coinbase,https://www.crunchbase.com/organization/coinbase
radema,439,Coinbase,https://www.crunchbase.com/organization/coinbase,coinbase,https://www.crunchbase.com/organization/coinbase
radema,24680,Coinfeeds,https://www.crunchbase.com/organization/coinfeeds,coinfeeds,https://www.crunchbase.com/organization/coinfeeds
datahive,24374,Coinrule,https://www.crunchbase.com/organization/coinrule,coinrule,https://www.crunchbase.com/organization/coinrule
radema,24374,Coinrule,https://www.crunchbase.com/organization/coinrule,coinrule,https://www.crunchbase.com/organization/coinrule
datahive,1231,CoinTent,https://www.crunchbase.com/organization/cointent,cointent,https://www.crunchbase.com/organization/cointent
radema,1231,CoinTent,https://www.crunchbase.com/organization/cointent,cointent,https://www.crunchbase.com/organization/cointent
datahive,1749,CoinTracker,https://www.crunchbase.com/organization/cointracker,cointracker,https://www.crunchbase.com/organization/cointracker
radema,1749,CoinTracker,https://www.crunchbase.com/organization/cointracker,cointracker,https://www.crunchbase.com/organization/cointracker
datahive,12682,CoLab,https://www.crunchbase.com/organization/colab-software,colab-software,https://www.crunchbase.com/organization/colab-software
radema,12682,CoLab,https://www.crunchbase.com/organization/colab-software,colab-software,https://www.crunchbase.com/organization/colab-software
datahive,426,Collections,https://www.crunchbase.com/organization/collections,collections,https://www.crunchbase.com/organization/collections
kaggle_startups,,Collections,http://www.crunchbase.com/organization/collections,collections,https://www.crunchbase.com/organization/collections
radema,426,Collections,https://www.crunchbase.com/organization/collections,collections,https://www.crunchbase.com/organization/collections
datahive,1506,Collectly,https://www.crunchbase.com/organization/collectly-inc,collectly-inc,https://www.crunchbase.com/organization/collectly-inc
radema,1506,Collectly,https://www.crunchbase.com/organization/collectly-inc,collectly-inc,https://www.crunchbase.com/organization/collectly-inc
datahive,1923,College Pulse,https://www.crunchbase.com/organization/collegepulse,collegepulse,https://www.crunchbase.com/organization/collegepulse
radema,1923,College Pulse,https://www.crunchbase.com/organization/collegepulse,collegepulse,https://www.crunchbase.com/organization/collegepulse
datahive,24485,Cumbuca,https://www.crunchbase.com/organization/comadre,comadre,https://www.crunchbase.com/organization/comadre
radema,24485,Cumbuca,https://www.crunchbase.com/organization/comadre,comadre,https://www.crunchbase.com/organization/comadre
datahive,21767,Command AI,https://www.crunchbase.com/organization/command-bar,command-bar,https://www.crunchbase.com/organization/command-bar
radema,21767,CommandBar,https://www.crunchbase.com/organization/command-bar,command-bar,https://www.crunchbase.com/organization/command-bar
datahive,24163,Commery,https://www.crunchbase.com/organization/commery,commery,https://www.crunchbase.com/organization/commery
radema,24163,Commery,https://www.crunchbase.com/organization/commery,commery,https://www.crunchbase.com/organization/commery
datahive,28093,Common Paper,https://www.crunchbase.com/organization/common-paper,common-paper,https://www.crunchbase.com/organization/common-paper
radema,28093,Common Paper,https://www.crunchbase.com/organization/common-paper,common-paper,https://www.crunchbase.com/organization/common-paper
datahive,11991,Community Phone Company,https://www.crunchbase.com/organization/community-phone,community-phone,https://www.crunchbase.com/organization/community-phone
radema,11991,Community Phone Company,https://www.crunchbase.com/organization/community-phone,community-phone,https://www.crunchbase.com/organization/community-phone
datahive,976,Compgun,https://www.crunchbase.com/organization/compgun,compgun,https://www.crunchbase.com/organization/compgun
radema,976,Compgun,https://www.crunchbase.com/organization/compgun,compgun,https://www.crunchbase.com/organization/compgun
datahive,151,Comprehend,https://www.crunchbase.com/organization/comprehend-systems,comprehend-systems,https://www.crunchbase.com/organization/comprehend-systems
kaggle_startups,,Comprehend Systems,http://www.crunchbase.com/organization/comprehend-systems,comprehend-systems,https://www.crunchbase.com/organization/comprehend-systems
radema,151,Comprehend,https://www.crunchbase.com/organization/comprehend-systems,comprehend-systems,https://www.crunchbase.com/organization/comprehend-systems
datahive,1035,ConstructVR,https://www.crunchbase.com/organization/constructvr,constructvr,https://www.crunchbase.com/organization/constructvr
radema,1035,ConstructVR,https://www.crunchbase.com/organization/constructvr,constructvr,https://www.crunchbase.com/organization/constructvr
datahive,21799,Conta Simples,https://www.crunchbase.com/organization/conta-simples,conta-simples,https://www.crunchbase.com/organization/conta-simples
radema,21799,Conta Simples,https://www.crunchbase.com/organization/conta-simples,conta-simples,https://www.crunchbase.com/organization/conta-simples
datahive,23862,Contalink,https://www.crunchbase.com/organization/contalink,contalink,https://www.crunchbase.com/organization/contalink
radema,23862,Contalink,https://www.crunchbase.com/organization/contalink,contalink,https://www.crunchbase.com/organization/contalink
radema,23472,Moonvalley,https://www.crunchbase.com/organization/contentfly,contentfly,https://www.crunchbase.com/organization/contentfly
datahive,332,ContestMachine,https://www.crunchbase.com/organization/contestmachine,contestmachine,https://www.crunchbase.com/organization/contestmachine
kaggle_startups,,ContestMachine,http://www.crunchbase.com/organization/contestmachine,contestmachine,https://www.crunchbase.com/organization/contestmachine
radema,332,ContestMachine,https://www.crunchbase.com/organization/contestmachine,contestmachine,https://www.crunchbase.com/organization/contestmachine
datahive,1636,Rabbet,https://www.crunchbase.com/organization/contract-simply,contract-simply,https://www.crunchbase.com/organization/contract-simply
radema,1636,Rabbet,https://www.crunchbase.com/organization/contract-simply,contract-simply,https://www.crunchbase.com/organization/contract-simply
datahive,24725,ContraForce,https://www.crunchbase.com/organization/contraforce,contraforce,https://www.crunchbase.com/organization/contraforce
radema,24725,ContraForce,https://www.crunchbase.com/organization/contraforce,contraforce,https://www.crunchbase.com/organization/contraforce
datahive,30215,Contrario,https://www.crunchbase.com/organization/contrario,contrario,https://www.crunchbase.com/organization/contrario
datahive,29717,Conveo,https://www.crunchbase.com/organization/conveo,conveo,https://www.crunchbase.com/organization/conveo
datahive,11960,Convictional,https://www.crunchbase.com/organization/convictional,convictional,https://www.crunchbase.com/organization/convictional
radema,11960,Convictional,https://www.crunchbase.com/organization/convictional,convictional,https://www.crunchbase.com/organization/convictional
datahive,156,Convore,https://www.crunchbase.com/organization/convore,convore,https://www.crunchbase.com/organization/convore
kaggle_startups,,Grove,http://www.crunchbase.com/organization/convore,convore,https://www.crunchbase.com/organization/convore
radema,156,Convore,https://www.crunchbase.com/organization/convore,convore,https://www.crunchbase.com/organization/convore
datahive,890,Convox,https://www.crunchbase.com/organization/convox,convox,https://www.crunchbase.com/organization/convox
radema,890,Convox,https://www.crunchbase.com/organization/convox,convox,https://www.crunchbase.com/organization/convox
datahive,27824,Coperniq,https://www.crunchbase.com/organization/coperniq,coperniq,https://www.crunchbase.com/organization/coperniq
radema,27824,Coperniq,https://www.crunchbase.com/organization/coperniq,coperniq,https://www.crunchbase.com/organization/coperniq
datahive,1009,Copia,https://www.crunchbase.com/organization/copia-2,copia-2,https://www.crunchbase.com/organization/copia-2
radema,1009,Copia,https://www.crunchbase.com/organization/copia-2,copia-2,https://www.crunchbase.com/organization/copia-2
datahive,22744,Encord,https://www.crunchbase.com/organization/cord-0d3f,cord-0d3f,https://www.crunchbase.com/organization/cord-0d3f
radema,22744,Encord,https://www.crunchbase.com/organization/cord-0d3f,cord-0d3f,https://www.crunchbase.com/organization/cord-0d3f
datahive,21882,CoreCare,https://www.crunchbase.com/organization/corecare,corecare,https://www.crunchbase.com/organization/corecare
radema,21882,CoreCare,https://www.crunchbase.com/organization/corecare,corecare,https://www.crunchbase.com/organization/corecare
datahive,528,CoreOS,https://www.crunchbase.com/organization/coreos,coreos,https://www.crunchbase.com/organization/coreos
kaggle_startups,,CoreOS,http://www.crunchbase.com/organization/coreos,coreos,https://www.crunchbase.com/organization/coreos
radema,528,CoreOS,https://www.crunchbase.com/organization/coreos,coreos,https://www.crunchbase.com/organization/coreos
datahive,28862,Corgea,https://www.crunchbase.com/organization/corgea,corgea,https://www.crunchbase.com/organization/corgea
radema,28862,Corgea,https://www.crunchbase.com/organization/corgea,corgea,https://www.crunchbase.com/organization/corgea
datahive,1791,Correlia Biosystems,https://www.crunchbase.com/organization/correlia-biosystems,correlia-biosystems,https://www.crunchbase.com/organization/correlia-biosystems
radema,1791,Correlia Biosystems,https://www.crunchbase.com/organization/correlia-biosystems,correlia-biosystems,https://www.crunchbase.com/organization/correlia-biosystems
radema,23073,Corrily,https://www.crunchbase.com/organization/corrily,corrily,https://www.crunchbase.com/organization/corrily
datahive,13233,Cortex,https://www.crunchbase.com/organization/cortex-98f5,cortex-98f5,https://www.crunchbase.com/organization/cortex-98f5
radema,13233,Cortex,https://www.crunchbase.com/organization/cortex-98f5,cortex-98f5,https://www.crunchbase.com/organization/cortex-98f5
datahive,12280,Cosmic,https://www.crunchbase.com/organization/cosmic-js,cosmic-js,https://www.crunchbase.com/organization/cosmic-js
radema,12280,Cosmic,https://www.crunchbase.com/organization/cosmic-js,cosmic-js,https://www.crunchbase.com/organization/cosmic-js
datahive,24543,Bolster,https://www.crunchbase.com/organization/costcertified,costcertified,https://www.crunchbase.com/organization/costcertified
radema,24543,Bolster,https://www.crunchbase.com/organization/costcertified,costcertified,https://www.crunchbase.com/organization/costcertified
datahive,1242,Coub,https://www.crunchbase.com/organization/coub,coub,https://www.crunchbase.com/organization/coub
radema,1242,Coub,https://www.crunchbase.com/organization/coub,coub,https://www.crunchbase.com/organization/coub
datahive,26724,Coupl,https://www.crunchbase.com/organization/coupl,coupl,https://www.crunchbase.com/organization/coupl
radema,26724,Coupl,https://www.crunchbase.com/organization/coupl,coupl,https://www.crunchbase.com/organization/coupl
datahive,17,Couple,https://www.crunchbase.com/organization/couple,couple,https://www.crunchbase.com/organization/couple
kaggle_startups,,Pair,http://www.crunchbase.com/organization/couple,couple,https://www.crunchbase.com/organization/couple
radema,17,Couple,https://www.crunchbase.com/organization/couple,couple,https://www.crunchbase.com/organization/couple
datahive,11985,Coursedog,https://www.crunchbase.com/organization/coursedog,coursedog,https://www.crunchbase.com/organization/coursedog
radema,11985,Coursedog,https://www.crunchbase.com/organization/coursedog,coursedog,https://www.crunchbase.com/organization/coursedog
datahive,25787,Courtyard.io,https://www.crunchbase.com/organization/courtyard,courtyard,https://www.crunchbase.com/organization/courtyard
radema,25787,Courtyard.io,https://www.crunchbase.com/organization/courtyard,courtyard,https://www.crunchbase.com/organization/courtyard
datahive,11986,Tailornova/Couturme,https://www.crunchbase.com/organization/couturme,couturme,https://www.crunchbase.com/organization/couturme
radema,11986,TAILORNOVA /COUTURME,https://www.crunchbase.com/organization/couturme,couturme,https://www.crunchbase.com/organization/couturme
datahive,12868,Covela,https://www.crunchbase.com/organization/covela,covela,https://www.crunchbase.com/organization/covela
radema,12868,Covela,https://www.crunchbase.com/organization/covela,covela,https://www.crunchbase.com/organization/covela
datahive,1062,Cover,https://www.crunchbase.com/organization/cover-5,cover-5,https://www.crunchbase.com/organization/cover-5
radema,1062,Cover,https://www.crunchbase.com/organization/cover-5,cover-5,https://www.crunchbase.com/organization/cover-5
datahive,27260,Coverage Cat,https://www.crunchbase.com/organization/coverage-cat,coverage-cat,https://www.crunchbase.com/organization/coverage-cat
radema,27260,Coverage Cat,https://www.crunchbase.com/organization/coverage-cat,coverage-cat,https://www.crunchbase.com/organization/coverage-cat
datahive,22710,CoVerified,https://www.crunchbase.com/organization/coverified,coverified,https://www.crunchbase.com/organization/coverified
radema,22710,CoVerified,https://www.crunchbase.com/organization/coverified,coverified,https://www.crunchbase.com/organization/coverified
datahive,1628,Covetly,https://www.crunchbase.com/organization/covetly,covetly,https://www.crunchbase.com/organization/covetly
radema,1628,Covetly,https://www.crunchbase.com/organization/covetly,covetly,https://www.crunchbase.com/organization/covetly
datahive,24257,Covie,https://www.crunchbase.com/organization/covie-systems,covie-systems,https://www.crunchbase.com/organization/covie-systems
radema,24257,Covie,https://www.crunchbase.com/organization/covie-systems,covie-systems,https://www.crunchbase.com/organization/covie-systems
datahive,1445,Cowlar,https://www.crunchbase.com/organization/cowlar,cowlar,https://www.crunchbase.com/organization/cowlar
radema,1445,Cowlar,https://www.crunchbase.com/organization/cowlar,cowlar,https://www.crunchbase.com/organization/cowlar
datahive,2012,Cowrywise,https://www.crunchbase.com/organization/cowrywise,cowrywise,https://www.crunchbase.com/organization/cowrywise
radema,2012,Cowrywise,https://www.crunchbase.com/organization/cowrywise,cowrywise,https://www.crunchbase.com/organization/cowrywise
datahive,25338,CozmoX AI,https://www.crunchbase.com/organization/cozmox-ai,cozmox-ai,https://www.crunchbase.com/organization/cozmox-ai
kaggle_startups,,Craft Coffee,http://www.crunchbase.com/organization/craftcoffee,craftcoffee,https://www.crunchbase.com/organization/craftcoffee
datahive,28823,Craftwork,https://www.crunchbase.com/organization/craftwork-be22,craftwork-be22,https://www.crunchbase.com/organization/craftwork-be22
radema,28823,Craftwork,https://www.crunchbase.com/organization/craftwork-be22,craftwork-be22,https://www.crunchbase.com/organization/craftwork-be22
datahive,540,Cratejoy,https://www.crunchbase.com/organization/cratejoy,cratejoy,https://www.crunchbase.com/organization/cratejoy
radema,540,Cratejoy,https://www.crunchbase.com/organization/cratejoy,cratejoy,https://www.crunchbase.com/organization/cratejoy
datahive,30543,Cactus,https://www.crunchbase.com/organization/cravd,cravd,https://www.crunchbase.com/organization/cravd
datahive,219,Creative Market,https://www.crunchbase.com/organization/creativemarket,creativemarket,https://www.crunchbase.com/organization/creativemarket
radema,219,Creative Market,https://www.crunchbase.com/organization/creativemarket,creativemarket,https://www.crunchbase.com/organization/creativemarket
datahive,27690,Credal.ai,https://www.crunchbase.com/organization/credal-ai,credal-ai,https://www.crunchbase.com/organization/credal-ai
radema,27690,Credal.ai,https://www.crunchbase.com/organization/credal-ai,credal-ai,https://www.crunchbase.com/organization/credal-ai
datahive,26277,CrediBook,https://www.crunchbase.com/organization/credibook,credibook,https://www.crunchbase.com/organization/credibook
radema,26277,CrediBook,https://www.crunchbase.com/organization/credibook,credibook,https://www.crunchbase.com/organization/credibook
datahive,451,Credictive,https://www.crunchbase.com/organization/credictive,credictive,https://www.crunchbase.com/organization/credictive
radema,451,Credictive,https://www.crunchbase.com/organization/credictive,credictive,https://www.crunchbase.com/organization/credictive
datahive,12248,CredPal,https://www.crunchbase.com/organization/credpal,credpal,https://www.crunchbase.com/organization/credpal
radema,12248,CredPal,https://www.crunchbase.com/organization/credpal,credpal,https://www.crunchbase.com/organization/credpal
datahive,25559,Creizer,https://www.crunchbase.com/organization/creizer,creizer,https://www.crunchbase.com/organization/creizer
radema,25559,Creizer,https://www.crunchbase.com/organization/creizer,creizer,https://www.crunchbase.com/organization/creizer
datahive,758,Cribspot,https://www.crunchbase.com/organization/cribspot,cribspot,https://www.crunchbase.com/organization/cribspot
radema,758,Cribspot,https://www.crunchbase.com/organization/cribspot,cribspot,https://www.crunchbase.com/organization/cribspot
datahive,215,Crocodoc,https://www.crunchbase.com/organization/crocodoc,crocodoc,https://www.crunchbase.com/organization/crocodoc
kaggle_startups,,Crocodoc,http://www.crunchbase.com/organization/crocodoc,crocodoc,https://www.crunchbase.com/organization/crocodoc
radema,215,Crocodoc,https://www.crunchbase.com/organization/crocodoc,crocodoc,https://www.crunchbase.com/organization/crocodoc
datahive,13315,Cron,https://www.crunchbase.com/organization/cron,cron,https://www.crunchbase.com/organization/cron
datahive,1285,CrowdAI,https://www.crunchbase.com/organization/crowdai,crowdai,https://www.crunchbase.com/organization/crowdai
radema,1285,CrowdAI,https://www.crunchbase.com/organization/crowdai,crowdai,https://www.crunchbase.com/organization/crowdai
kaggle_startups,,Crowdbooster,http://www.crunchbase.com/organization/crowdbooster,crowdbooster,https://www.crunchbase.com/organization/crowdbooster
datahive,529,Crowdery,https://www.crunchbase.com/organization/crowdery,crowdery,https://www.crunchbase.com/organization/crowdery
kaggle_startups,,Crowdery,http://www.crunchbase.com/organization/crowdery,crowdery,https://www.crunchbase.com/organization/crowdery
radema,529,Crowdery,https://www.crunchbase.com/organization/crowdery,crowdery,https://www.crunchbase.com/organization/crowdery
datahive,502,CrowdMed,https://www.crunchbase.com/organization/crowdmed,crowdmed,https://www.crunchbase.com/organization/crowdmed
kaggle_startups,,CrowdMed,http://www.crunchbase.com/organization/crowdmed,crowdmed,https://www.crunchbase.com/organization/crowdmed
radema,502,CrowdMed,https://www.crunchbase.com/organization/crowdmed,crowdmed,https://www.crunchbase.com/organization/crowdmed
kaggle_startups,,Crowdtilt,http://www.crunchbase.com/organization/crowdtilt,crowdtilt,https://www.crunchbase.com/organization/crowdtilt
datahive,590,Cruise,https://www.crunchbase.com/organization/cruise,cruise,https://www.crunchbase.com/organization/cruise
kaggle_startups,,Cruise,http://www.crunchbase.com/organization/cruise,cruise,https://www.crunchbase.com/organization/cruise
radema,590,Cruise,https://www.crunchbase.com/organization/cruise,cruise,https://www.crunchbase.com/organization/cruise
datahive,29513,GetCrux,https://www.crunchbase.com/organization/crux-7f13,crux-7f13,https://www.crunchbase.com/organization/crux-7f13
datahive,87,Cryptoseal,https://www.crunchbase.com/organization/cryptoseal,cryptoseal,https://www.crunchbase.com/organization/cryptoseal
kaggle_startups,,Cryptoseal,http://www.crunchbase.com/organization/cryptoseal,cryptoseal,https://www.crunchbase.com/organization/cryptoseal
radema,87,Cryptoseal,https://www.crunchbase.com/organization/cryptoseal,cryptoseal,https://www.crunchbase.com/organization/cryptoseal
datahive,1955,CSPA,https://www.crunchbase.com/organization/cspa,cspa,https://www.crunchbase.com/organization/cspa
radema,1955,CSPA,https://www.crunchbase.com/organization/cspa,cspa,https://www.crunchbase.com/organization/cspa
datahive,12262,Cuanto,https://www.crunchbase.com/organization/cuanto,cuanto,https://www.crunchbase.com/organization/cuanto
radema,12262,Cuanto,https://www.crunchbase.com/organization/cuanto,cuanto,https://www.crunchbase.com/organization/cuanto
datahive,12530,Cuboh,https://www.crunchbase.com/organization/cuboh,cuboh,https://www.crunchbase.com/organization/cuboh
radema,12530,Cuboh,https://www.crunchbase.com/organization/cuboh,cuboh,https://www.crunchbase.com/organization/cuboh
datahive,30252,Cuckoo Labs,https://www.crunchbase.com/organization/cuckoo-27e2,cuckoo-27e2,https://www.crunchbase.com/organization/cuckoo-27e2
datahive,224,Cue,https://www.crunchbase.com/organization/cue,cue,https://www.crunchbase.com/organization/cue
kaggle_startups,,Greplin,http://www.crunchbase.com/organization/cue,cue,https://www.crunchbase.com/organization/cue
radema,224,Cue,https://www.crunchbase.com/organization/cue,cue,https://www.crunchbase.com/organization/cue
datahive,2030,Culdesac,https://www.crunchbase.com/organization/culdesac-f070,culdesac-f070,https://www.crunchbase.com/organization/culdesac-f070
radema,2030,Culdesac,https://www.crunchbase.com/organization/culdesac-f070,culdesac-f070,https://www.crunchbase.com/organization/culdesac-f070
datahive,1856,Culture Biosciences,https://www.crunchbase.com/organization/culture-robotics,culture-robotics,https://www.crunchbase.com/organization/culture-robotics
radema,1856,Culture Biosciences,https://www.crunchbase.com/organization/culture-robotics,culture-robotics,https://www.crunchbase.com/organization/culture-robotics
datahive,1884,Curebase,https://www.crunchbase.com/organization/curebase,curebase,https://www.crunchbase.com/organization/curebase
radema,1884,Curebase,https://www.crunchbase.com/organization/curebase,curebase,https://www.crunchbase.com/organization/curebase
kaggle_startups,,Curebit,http://www.crunchbase.com/organization/curebit,curebit,https://www.crunchbase.com/organization/curebit
datahive,1776,Curious Fictions,https://www.crunchbase.com/organization/curious-fictions,curious-fictions,https://www.crunchbase.com/organization/curious-fictions
radema,1776,Curious Fictions,https://www.crunchbase.com/organization/curious-fictions,curious-fictions,https://www.crunchbase.com/organization/curious-fictions
datahive,1276,Curtsy,https://www.crunchbase.com/organization/curtsy,curtsy,https://www.crunchbase.com/organization/curtsy
radema,1276,Curtsy,https://www.crunchbase.com/organization/curtsy,curtsy,https://www.crunchbase.com/organization/curtsy
datahive,22706,Curvenote,https://www.crunchbase.com/organization/curvenote,curvenote,https://www.crunchbase.com/organization/curvenote
radema,22706,Curvenote,https://www.crunchbase.com/organization/curvenote,curvenote,https://www.crunchbase.com/organization/curvenote
datahive,26723,CustomerOS,https://www.crunchbase.com/organization/customer-os,customer-os,https://www.crunchbase.com/organization/customer-os
radema,26723,CustomerOS,https://www.crunchbase.com/organization/customer-os,customer-os,https://www.crunchbase.com/organization/customer-os
datahive,23956,Customily,https://www.crunchbase.com/organization/customily,customily,https://www.crunchbase.com/organization/customily
radema,23956,Customily,https://www.crunchbase.com/organization/customily,customily,https://www.crunchbase.com/organization/customily
datahive,150,Custora,https://www.crunchbase.com/organization/custora,custora,https://www.crunchbase.com/organization/custora
kaggle_startups,,Custora,http://www.crunchbase.com/organization/custora,custora,https://www.crunchbase.com/organization/custora
radema,150,Custora,https://www.crunchbase.com/organization/custora,custora,https://www.crunchbase.com/organization/custora
datahive,30647,Cyberdesk,https://www.crunchbase.com/organization/cyberdesk-9e2a,cyberdesk-9e2a,https://www.crunchbase.com/organization/cyberdesk-9e2a
datahive,759,CyberFend,https://www.crunchbase.com/organization/cyberfend,cyberfend,https://www.crunchbase.com/organization/cyberfend
radema,759,CyberFend,https://www.crunchbase.com/organization/cyberfend,cyberfend,https://www.crunchbase.com/organization/cyberfend
datahive,22781,Cyble,https://www.crunchbase.com/organization/cyble,cyble,https://www.crunchbase.com/organization/cyble
radema,22781,Cyble,https://www.crunchbase.com/organization/cyble,cyble,https://www.crunchbase.com/organization/cyble
datahive,408,Airshared,https://www.crunchbase.com/organization/cycle-f016,cycle-f016,https://www.crunchbase.com/organization/cycle-f016
radema,408,Airshared,https://www.crunchbase.com/organization/cycle-f016,cycle-f016,https://www.crunchbase.com/organization/cycle-f016
datahive,891,Cymmetria,https://www.crunchbase.com/organization/cymmetria,cymmetria,https://www.crunchbase.com/organization/cymmetria
radema,891,Cymmetria,https://www.crunchbase.com/organization/cymmetria,cymmetria,https://www.crunchbase.com/organization/cymmetria
datahive,1967,Mytos,https://www.crunchbase.com/organization/cytera-cellworks,cytera-cellworks,https://www.crunchbase.com/organization/cytera-cellworks
radema,1967,Mytos,https://www.crunchbase.com/organization/cytera-cellworks,cytera-cellworks,https://www.crunchbase.com/organization/cytera-cellworks
datahive,1639,Pop Meals,https://www.crunchbase.com/organization/dah-makan,dah-makan,https://www.crunchbase.com/organization/dah-makan
radema,1639,Pop Meals,https://www.crunchbase.com/organization/dah-makan,dah-makan,https://www.crunchbase.com/organization/dah-makan
datahive,242,DailyBooth,https://www.crunchbase.com/organization/dailybooth,dailybooth,https://www.crunchbase.com/organization/dailybooth
kaggle_startups,,DailyBooth,http://www.crunchbase.com/organization/dailybooth,dailybooth,https://www.crunchbase.com/organization/dailybooth
radema,242,DailyBooth,https://www.crunchbase.com/organization/dailybooth,dailybooth,https://www.crunchbase.com/organization/dailybooth
datahive,24153,DailyBot,https://www.crunchbase.com/organization/dailybot,dailybot,https://www.crunchbase.com/organization/dailybot
radema,24153,DailyBot,https://www.crunchbase.com/organization/dailybot,dailybot,https://www.crunchbase.com/organization/dailybot
kaggle_startups,,Fabricly,http://www.crunchbase.com/organization/dakota-plains-fabrication,dakota-plains-fabrication,https://www.crunchbase.com/organization/dakota-plains-fabrication
radema,644,Whirlscape,https://www.crunchbase.com/organization/dango-03ab,dango-03ab,https://www.crunchbase.com/organization/dango-03ab
datahive,26505,Layerup,https://www.crunchbase.com/organization/daofront,daofront,https://www.crunchbase.com/organization/daofront
radema,26505,Layerup,https://www.crunchbase.com/organization/daofront,daofront,https://www.crunchbase.com/organization/daofront
datahive,1610,Darmiyan,https://www.crunchbase.com/organization/darmiyan,darmiyan,https://www.crunchbase.com/organization/darmiyan
radema,1610,Darmiyan,https://www.crunchbase.com/organization/darmiyan,darmiyan,https://www.crunchbase.com/organization/darmiyan
datahive,22842,Dashlabs.ai,https://www.crunchbase.com/organization/dashlabs-ai,dashlabs-ai,https://www.crunchbase.com/organization/dashlabs-ai
radema,22842,Dashlabs.ai,https://www.crunchbase.com/organization/dashlabs-ai,dashlabs-ai,https://www.crunchbase.com/organization/dashlabs-ai
datahive,13145,Dashworks,https://www.crunchbase.com/organization/dashworks,dashworks,https://www.crunchbase.com/organization/dashworks
radema,13145,Dashworks,https://www.crunchbase.com/organization/dashworks,dashworks,https://www.crunchbase.com/organization/dashworks
datahive,1916,Data Driven Bioscience,https://www.crunchbase.com/organization/data-driven-bioscience,data-driven-bioscience,https://www.crunchbase.com/organization/data-driven-bioscience
radema,1916,Data Driven Bioscience,https://www.crunchbase.com/organization/data-driven-bioscience,data-driven-bioscience,https://www.crunchbase.com/organization/data-driven-bioscience
datahive,233,Data Marketplace,https://www.crunchbase.com/organization/data-marketplace,data-marketplace,https://www.crunchbase.com/organization/data-marketplace
kaggle_startups,,datamarketplace,http://www.crunchbase.com/organization/data-marketplace,data-marketplace,https://www.crunchbase.com/organization/data-marketplace
radema,233,Data Marketplace,https://www.crunchbase.com/organization/data-marketplace,data-marketplace,https://www.crunchbase.com/organization/data-marketplace
datahive,1830,Dataform,https://www.crunchbase.com/organization/dataform,dataform,https://www.crunchbase.com/organization/dataform
radema,1830,Dataform,https://www.crunchbase.com/organization/dataform,dataform,https://www.crunchbase.com/organization/dataform
datahive,12258,Datamode,https://www.crunchbase.com/organization/datamode,datamode,https://www.crunchbase.com/organization/datamode
radema,12258,Datamode,https://www.crunchbase.com/organization/datamode,datamode,https://www.crunchbase.com/organization/datamode
datahive,411,DataNitro,https://www.crunchbase.com/organization/datanitro,datanitro,https://www.crunchbase.com/organization/datanitro
kaggle_startups,,DataNitro,http://www.crunchbase.com/organization/datanitro,datanitro,https://www.crunchbase.com/organization/datanitro
radema,411,DataNitro,https://www.crunchbase.com/organization/datanitro,datanitro,https://www.crunchbase.com/organization/datanitro
datahive,564,Datarank,https://www.crunchbase.com/organization/datarank,datarank,https://www.crunchbase.com/organization/datarank
kaggle_startups,,DataRank,http://www.crunchbase.com/organization/datarank,datarank,https://www.crunchbase.com/organization/datarank
radema,564,Datarank,https://www.crunchbase.com/organization/datarank,datarank,https://www.crunchbase.com/organization/datarank
datahive,13144,Datasaur,https://www.crunchbase.com/organization/datasaur,datasaur,https://www.crunchbase.com/organization/datasaur
radema,13144,Datasaur,https://www.crunchbase.com/organization/datasaur,datasaur,https://www.crunchbase.com/organization/datasaur
datahive,13053,Datree,https://www.crunchbase.com/organization/datree-io,datree-io,https://www.crunchbase.com/organization/datree-io
radema,13053,Datree,https://www.crunchbase.com/organization/datree-io,datree-io,https://www.crunchbase.com/organization/datree-io
datahive,22951,Datrics,https://www.crunchbase.com/organization/datrics,datrics,https://www.crunchbase.com/organization/datrics
radema,22951,Datrics,https://www.crunchbase.com/organization/datrics,datrics,https://www.crunchbase.com/organization/datrics
datahive,946,HER,https://www.crunchbase.com/organization/dattch,dattch,https://www.crunchbase.com/organization/dattch
radema,946,HER,https://www.crunchbase.com/organization/dattch,dattch,https://www.crunchbase.com/organization/dattch
datahive,23405,Dayra,https://www.crunchbase.com/organization/dayra-f710,dayra-f710,https://www.crunchbase.com/organization/dayra-f710
radema,23405,Dayra,https://www.crunchbase.com/organization/dayra-f710,dayra-f710,https://www.crunchbase.com/organization/dayra-f710
datahive,30278,Agentin AI,https://www.crunchbase.com/organization/de1aaf20-8ab6-4c76-bf26-fb6dfbb2d0de,de1aaf20-8ab6-4c76-bf26-fb6dfbb2d0de,https://www.crunchbase.com/organization/de1aaf20-8ab6-4c76-bf26-fb6dfbb2d0de
datahive,1007,Deako,https://www.crunchbase.com/organization/deako,deako,https://www.crunchbase.com/organization/deako
radema,1007,Deako,https://www.crunchbase.com/organization/deako,deako,https://www.crunchbase.com/organization/deako
datahive,28,Zipio,https://www.crunchbase.com/organization/dealupa,dealupa,https://www.crunchbase.com/organization/dealupa
kaggle_startups,,Dealupa,http://www.crunchbase.com/organization/dealupa,dealupa,https://www.crunchbase.com/organization/dealupa
radema,28,Zipio,https://www.crunchbase.com/organization/dealupa,dealupa,https://www.crunchbase.com/organization/dealupa
datahive,804,Dealyze,https://www.crunchbase.com/organization/dealyze,dealyze,https://www.crunchbase.com/organization/dealyze
radema,804,Dealyze,https://www.crunchbase.com/organization/dealyze,dealyze,https://www.crunchbase.com/organization/dealyze
radema,1401,DeansList,https://www.crunchbase.com/organization/deanslist-inc,deanslist-inc,https://www.crunchbase.com/organization/deanslist-inc
datahive,1779,Dear Brightly,https://www.crunchbase.com/organization/dearbrightly,dearbrightly,https://www.crunchbase.com/organization/dearbrightly
radema,1779,Dear Brightly,https://www.crunchbase.com/organization/dearbrightly,dearbrightly,https://www.crunchbase.com/organization/dearbrightly
datahive,80,Debteye,https://www.crunchbase.com/organization/debteye,debteye,https://www.crunchbase.com/organization/debteye
kaggle_startups,,DebtEye,http://www.crunchbase.com/organization/debteye,debteye,https://www.crunchbase.com/organization/debteye
radema,80,Debteye,https://www.crunchbase.com/organization/debteye,debteye,https://www.crunchbase.com/organization/debteye
datahive,22003,Decentro,https://www.crunchbase.com/organization/decentro,decentro,https://www.crunchbase.com/organization/decentro
radema,22003,Decentro,https://www.crunchbase.com/organization/decentro,decentro,https://www.crunchbase.com/organization/decentro
datahive,30605,Dedalus Labs,https://www.crunchbase.com/organization/dedalus-labs,dedalus-labs,https://www.crunchbase.com/organization/dedalus-labs
datahive,24049,Deed,https://www.crunchbase.com/organization/deed-2,deed-2,https://www.crunchbase.com/organization/deed-2
radema,24049,Deed,https://www.crunchbase.com/organization/deed-2,deed-2,https://www.crunchbase.com/organization/deed-2
datahive,12064,Deel,https://www.crunchbase.com/organization/deel,deel,https://www.crunchbase.com/organization/deel
radema,12064,Deel,https://www.crunchbase.com/organization/deel,deel,https://www.crunchbase.com/organization/deel
datahive,13120,Deep Meditate,https://www.crunchbase.com/organization/deep-meditate,deep-meditate,https://www.crunchbase.com/organization/deep-meditate
radema,13120,Deep Meditate,https://www.crunchbase.com/organization/deep-meditate,deep-meditate,https://www.crunchbase.com/organization/deep-meditate
datahive,30662,DeepAware AI,https://www.crunchbase.com/organization/deepaware-ai,deepaware-ai,https://www.crunchbase.com/organization/deepaware-ai
datahive,977,Deepgram,https://www.crunchbase.com/organization/deepgram,deepgram,https://www.crunchbase.com/organization/deepgram
radema,977,Deepgram,https://www.crunchbase.com/organization/deepgram,deepgram,https://www.crunchbase.com/organization/deepgram
datahive,12860,Deepnote,https://www.crunchbase.com/organization/deepnote,deepnote,https://www.crunchbase.com/organization/deepnote
radema,12860,Deepnote,https://www.crunchbase.com/organization/deepnote,deepnote,https://www.crunchbase.com/organization/deepnote
datahive,13334,DeepSource,https://www.crunchbase.com/organization/deepsource,deepsource,https://www.crunchbase.com/organization/deepsource
radema,13334,DeepSource,https://www.crunchbase.com/organization/deepsource,deepsource,https://www.crunchbase.com/organization/deepsource
datahive,27972,Defer,https://www.crunchbase.com/organization/defer,defer,https://www.crunchbase.com/organization/defer
radema,27972,Defer,https://www.crunchbase.com/organization/defer,defer,https://www.crunchbase.com/organization/defer
datahive,1832,Delphia,https://www.crunchbase.com/organization/delphia,delphia,https://www.crunchbase.com/organization/delphia
radema,1832,Delphia,https://www.crunchbase.com/organization/delphia,delphia,https://www.crunchbase.com/organization/delphia
datahive,318,Deluux,https://www.crunchbase.com/organization/deluux,deluux,https://www.crunchbase.com/organization/deluux
kaggle_startups,,Deluux,http://www.crunchbase.com/organization/deluux,deluux,https://www.crunchbase.com/organization/deluux
radema,318,Deluux,https://www.crunchbase.com/organization/deluux,deluux,https://www.crunchbase.com/organization/deluux
datahive,25731,Demo Gorilla,https://www.crunchbase.com/organization/demo-gorilla,demo-gorilla,https://www.crunchbase.com/organization/demo-gorilla
radema,25731,Demo Gorilla,https://www.crunchbase.com/organization/demo-gorilla,demo-gorilla,https://www.crunchbase.com/organization/demo-gorilla
datahive,760,Democracy Earth,https://www.crunchbase.com/organization/democracyos,democracyos,https://www.crunchbase.com/organization/democracyos
radema,760,Democracy Earth,https://www.crunchbase.com/organization/democracyos,democracyos,https://www.crunchbase.com/organization/democracyos
datahive,1434,DemocracyOS,https://www.crunchbase.com/organization/democracyos-5751,democracyos-5751,https://www.crunchbase.com/organization/democracyos-5751
radema,1434,DemocracyOS,https://www.crunchbase.com/organization/democracyos-5751,democracyos-5751,https://www.crunchbase.com/organization/democracyos-5751
datahive,12005,Demodesk,https://www.crunchbase.com/organization/demodesk,demodesk,https://www.crunchbase.com/organization/demodesk
radema,12005,Demodesk,https://www.crunchbase.com/organization/demodesk,demodesk,https://www.crunchbase.com/organization/demodesk
datahive,27693,Depot,https://www.crunchbase.com/organization/depot-2f77,depot-2f77,https://www.crunchbase.com/organization/depot-2f77
radema,27693,Depot,https://www.crunchbase.com/organization/depot-2f77,depot-2f77,https://www.crunchbase.com/organization/depot-2f77
datahive,1613,Sixty,https://www.crunchbase.com/organization/designlive,designlive,https://www.crunchbase.com/organization/designlive
radema,1613,Sixty,https://www.crunchbase.com/organization/designlive,designlive,https://www.crunchbase.com/organization/designlive
datahive,23955,Deskimo,https://www.crunchbase.com/organization/deskimo,deskimo,https://www.crunchbase.com/organization/deskimo
radema,23955,Deskimo,https://www.crunchbase.com/organization/deskimo,deskimo,https://www.crunchbase.com/organization/deskimo
datahive,1098,DevColor,https://www.crunchbase.com/organization/dev-color,dev-color,https://www.crunchbase.com/organization/dev-color
radema,1098,DevColor,https://www.crunchbase.com/organization/dev-color,dev-color,https://www.crunchbase.com/organization/dev-color
datahive,600,DevCycle,https://www.crunchbase.com/organization/devcycle,devcycle,https://www.crunchbase.com/organization/devcycle
radema,600,DevCycle,https://www.crunchbase.com/organization/devcycle,devcycle,https://www.crunchbase.com/organization/devcycle
datahive,11955,DevFlight,https://www.crunchbase.com/organization/devflight,devflight,https://www.crunchbase.com/organization/devflight
radema,11955,DevFlight,https://www.crunchbase.com/organization/devflight,devflight,https://www.crunchbase.com/organization/devflight
datahive,1714,Dharma Labs,https://www.crunchbase.com/organization/dharma-labs,dharma-labs,https://www.crunchbase.com/organization/dharma-labs
radema,1714,Dharma Labs,https://www.crunchbase.com/organization/dharma-labs,dharma-labs,https://www.crunchbase.com/organization/dharma-labs
kaggle_startups,,Diaspora,http://www.crunchbase.com/organization/diaspora,diaspora,https://www.crunchbase.com/organization/diaspora
datahive,805,Lucira Health,https://www.crunchbase.com/organization/diassess,diassess,https://www.crunchbase.com/organization/diassess
radema,805,Lucira Health,https://www.crunchbase.com/organization/diassess,diassess,https://www.crunchbase.com/organization/diassess
datahive,25662,digi,https://www.crunchbase.com/organization/digibank,digibank,https://www.crunchbase.com/organization/digibank
radema,25662,digiventures,https://www.crunchbase.com/organization/digibank,digibank,https://www.crunchbase.com/organization/digibank
radema,1374,DigitWhiz,https://www.crunchbase.com/organization/digitwhiz,digitwhiz,https://www.crunchbase.com/organization/digitwhiz
datahive,29092,dili,https://www.crunchbase.com/organization/dili-e466,dili-e466,https://www.crunchbase.com/organization/dili-e466
radema,29092,dili,https://www.crunchbase.com/organization/dili-e466,dili-e466,https://www.crunchbase.com/organization/dili-e466
datahive,245,Directed Edge,https://www.crunchbase.com/organization/directed-edge,directed-edge,https://www.crunchbase.com/organization/directed-edge
kaggle_startups,,DirectedEdge,http://www.crunchbase.com/organization/directed-edge,directed-edge,https://www.crunchbase.com/organization/directed-edge
radema,245,Directed Edge,https://www.crunchbase.com/organization/directed-edge,directed-edge,https://www.crunchbase.com/organization/directed-edge
datahive,26768,Disclo,https://www.crunchbase.com/organization/disclo,disclo,https://www.crunchbase.com/organization/disclo
radema,26768,Disclo,https://www.crunchbase.com/organization/disclo,disclo,https://www.crunchbase.com/organization/disclo
datahive,1695,disclosures.io,https://www.crunchbase.com/organization/disclosures-io,disclosures-io,https://www.crunchbase.com/organization/disclosures-io
radema,1695,disclosures.io,https://www.crunchbase.com/organization/disclosures-io,disclosures-io,https://www.crunchbase.com/organization/disclosures-io
datahive,327,Disqus,https://www.crunchbase.com/organization/disqus,disqus,https://www.crunchbase.com/organization/disqus
kaggle_startups,,Disqus,http://www.crunchbase.com/organization/disqus,disqus,https://www.crunchbase.com/organization/disqus
radema,327,Disqus,https://www.crunchbase.com/organization/disqus,disqus,https://www.crunchbase.com/organization/disqus
datahive,24347,Truss,https://www.crunchbase.com/organization/divdot,divdot,https://www.crunchbase.com/organization/divdot
radema,24347,Truss,https://www.crunchbase.com/organization/divdot,divdot,https://www.crunchbase.com/organization/divdot
datahive,26898,Diversion,https://www.crunchbase.com/organization/diversion-company,diversion-company,https://www.crunchbase.com/organization/diversion-company
radema,26898,Diversion,https://www.crunchbase.com/organization/diversion-company,diversion-company,https://www.crunchbase.com/organization/diversion-company
datahive,272,Divvyshot,https://www.crunchbase.com/organization/divvyshot,divvyshot,https://www.crunchbase.com/organization/divvyshot
kaggle_startups,,Divvyshot,http://www.crunchbase.com/organization/divvyshot,divvyshot,https://www.crunchbase.com/organization/divvyshot
radema,272,Divvyshot,https://www.crunchbase.com/organization/divvyshot,divvyshot,https://www.crunchbase.com/organization/divvyshot
datahive,23458,Djamo,https://www.crunchbase.com/organization/djamo,djamo,https://www.crunchbase.com/organization/djamo
radema,23458,Djamo,https://www.crunchbase.com/organization/djamo,djamo,https://www.crunchbase.com/organization/djamo
kaggle_startups,,Doblet,http://www.crunchbase.com/organization/doblet-6,doblet-6,https://www.crunchbase.com/organization/doblet-6
datahive,12014,Docbot,https://www.crunchbase.com/organization/docbot,docbot,https://www.crunchbase.com/organization/docbot
radema,12014,Docbot,https://www.crunchbase.com/organization/docbot,docbot,https://www.crunchbase.com/organization/docbot
datahive,198,Docker,https://www.crunchbase.com/organization/docker,docker,https://www.crunchbase.com/organization/docker
radema,198,Docker,https://www.crunchbase.com/organization/docker,docker,https://www.crunchbase.com/organization/docker
datahive,12266,Dockup,https://www.crunchbase.com/organization/dockup,dockup,https://www.crunchbase.com/organization/dockup
radema,12266,Dockup,https://www.crunchbase.com/organization/dockup,dockup,https://www.crunchbase.com/organization/dockup
datahive,12015,Docucharm,https://www.crunchbase.com/organization/docucharm,docucharm,https://www.crunchbase.com/organization/docucharm
radema,12015,Docucharm,https://www.crunchbase.com/organization/docucharm,docucharm,https://www.crunchbase.com/organization/docucharm
datahive,21903,doola,https://www.crunchbase.com/organization/doola,doola,https://www.crunchbase.com/organization/doola
radema,21903,doola,https://www.crunchbase.com/organization/doola,doola,https://www.crunchbase.com/organization/doola
datahive,531,DoorDash,https://www.crunchbase.com/organization/doordash,doordash,https://www.crunchbase.com/organization/doordash
kaggle_startups,,DoorDash,http://www.crunchbase.com/organization/doordash,doordash,https://www.crunchbase.com/organization/doordash
radema,531,DoorDash,https://www.crunchbase.com/organization/doordash,doordash,https://www.crunchbase.com/organization/doordash
datahive,12038,Doorport,https://www.crunchbase.com/organization/doorport-3,doorport-3,https://www.crunchbase.com/organization/doorport-3
radema,12038,Doorport,https://www.crunchbase.com/organization/doorport-3,doorport-3,https://www.crunchbase.com/organization/doorport-3
datahive,12070,Doppler,https://www.crunchbase.com/organization/doppler,doppler,https://www.crunchbase.com/organization/doppler
radema,12070,Doppler,https://www.crunchbase.com/organization/doppler,doppler,https://www.crunchbase.com/organization/doppler
datahive,1008,DoseDr,https://www.crunchbase.com/organization/dosedr,dosedr,https://www.crunchbase.com/organization/dosedr
radema,1008,DoseDr,https://www.crunchbase.com/organization/dosedr,dosedr,https://www.crunchbase.com/organization/dosedr
datahive,1555,Dost Education,https://www.crunchbase.com/organization/dost-education,dost-education,https://www.crunchbase.com/organization/dost-education
radema,1555,Dost Education,https://www.crunchbase.com/organization/dost-education,dost-education,https://www.crunchbase.com/organization/dost-education
kaggle_startups,,Dotcloud,http://www.crunchbase.com/organization/dotcloud,dotcloud,https://www.crunchbase.com/organization/dotcloud
datahive,29332,Double,https://www.crunchbase.com/organization/double-b7ea,double-b7ea,https://www.crunchbase.com/organization/double-b7ea
datahive,461,Double Robotics,https://www.crunchbase.com/organization/double-robotics,double-robotics,https://www.crunchbase.com/organization/double-robotics
radema,461,Double Robotics,https://www.crunchbase.com/organization/double-robotics,double-robotics,https://www.crunchbase.com/organization/double-robotics
kaggle_startups,,DoubleRecall,http://www.crunchbase.com/organization/doublerecall,doublerecall,https://www.crunchbase.com/organization/doublerecall
datahive,12129,Dover,https://www.crunchbase.com/organization/dover-37be,dover-37be,https://www.crunchbase.com/organization/dover-37be
radema,12129,Dover,https://www.crunchbase.com/organization/dover-37be,dover-37be,https://www.crunchbase.com/organization/dover-37be
datahive,126,Draft,https://www.crunchbase.com/organization/draft,draft,https://www.crunchbase.com/organization/draft
kaggle_startups,,Draft,http://www.crunchbase.com/organization/draft,draft,https://www.crunchbase.com/organization/draft
radema,126,Draft,https://www.crunchbase.com/organization/draft,draft,https://www.crunchbase.com/organization/draft
datahive,1784,Draftbit,https://www.crunchbase.com/organization/draftbit,draftbit,https://www.crunchbase.com/organization/draftbit
radema,1784,Draftbit,https://www.crunchbase.com/organization/draftbit,draftbit,https://www.crunchbase.com/organization/draftbit
datahive,326,Blue Frog Gaming,https://www.crunchbase.com/organization/draftmix,draftmix,https://www.crunchbase.com/organization/draftmix
kaggle_startups,,Draftmix,http://www.crunchbase.com/organization/draftmix,draftmix,https://www.crunchbase.com/organization/draftmix
radema,326,Blue Frog Gaming,https://www.crunchbase.com/organization/draftmix,draftmix,https://www.crunchbase.com/organization/draftmix
datahive,22131,Draftwise,https://www.crunchbase.com/organization/draftwise,draftwise,https://www.crunchbase.com/organization/draftwise
radema,22131,DraftWise,https://www.crunchbase.com/organization/draftwise,draftwise,https://www.crunchbase.com/organization/draftwise
datahive,170,DrChrono,https://www.crunchbase.com/organization/drchrono,drchrono,https://www.crunchbase.com/organization/drchrono
kaggle_startups,,Dr Chrono,http://www.crunchbase.com/organization/drchrono,drchrono,https://www.crunchbase.com/organization/drchrono
radema,170,DrChrono,https://www.crunchbase.com/organization/drchrono,drchrono,https://www.crunchbase.com/organization/drchrono
datahive,1961,"DreamCraft Entertainment, Inc.",https://www.crunchbase.com/organization/dreamcraft,dreamcraft,https://www.crunchbase.com/organization/dreamcraft
radema,1961,"DreamCraft Entertainment, Inc.",https://www.crunchbase.com/organization/dreamcraft,dreamcraft,https://www.crunchbase.com/organization/dreamcraft
datahive,427,Dreamforge,https://www.crunchbase.com/organization/dreamforge,dreamforge,https://www.crunchbase.com/organization/dreamforge
kaggle_startups,,Dreamforge,http://www.crunchbase.com/organization/dreamforge,dreamforge,https://www.crunchbase.com/organization/dreamforge
radema,427,Dreamforge,https://www.crunchbase.com/organization/dreamforge,dreamforge,https://www.crunchbase.com/organization/dreamforge
datahive,21790,Dripos,https://www.crunchbase.com/organization/drip-650c,drip-650c,https://www.crunchbase.com/organization/drip-650c
radema,21790,Dripos,https://www.crunchbase.com/organization/drip-650c,drip-650c,https://www.crunchbase.com/organization/drip-650c
datahive,913,Drip Capital,https://www.crunchbase.com/organization/drip-capital,drip-capital,https://www.crunchbase.com/organization/drip-capital
radema,913,Drip Capital,https://www.crunchbase.com/organization/drip-capital,drip-capital,https://www.crunchbase.com/organization/drip-capital
datahive,1087,Modal,https://www.crunchbase.com/organization/drive-motors,drive-motors,https://www.crunchbase.com/organization/drive-motors
radema,1087,Modal,https://www.crunchbase.com/organization/drive-motors,drive-motors,https://www.crunchbase.com/organization/drive-motors
radema,593,Drive Pulse,https://www.crunchbase.com/organization/drive-pulse,drive-pulse,https://www.crunchbase.com/organization/drive-pulse
datahive,762,Zeitview,https://www.crunchbase.com/organization/dronebase,dronebase,https://www.crunchbase.com/organization/dronebase
radema,762,Zeitview,https://www.crunchbase.com/organization/dronebase,dronebase,https://www.crunchbase.com/organization/dronebase
datahive,325,Dropbox,https://www.crunchbase.com/organization/dropbox,dropbox,https://www.crunchbase.com/organization/dropbox
kaggle_startups,,Dropbox,http://www.crunchbase.com/organization/dropbox,dropbox,https://www.crunchbase.com/organization/dropbox
radema,325,Dropbox,https://www.crunchbase.com/organization/dropbox,dropbox,https://www.crunchbase.com/organization/dropbox
datahive,13520,borong,https://www.crunchbase.com/organization/dropee-com,dropee-com,https://www.crunchbase.com/organization/dropee-com
radema,13520,borong,https://www.crunchbase.com/organization/dropee-com,dropee-com,https://www.crunchbase.com/organization/dropee-com
datahive,25395,Sekilo,https://www.crunchbase.com/organization/dropezy,dropezy,https://www.crunchbase.com/organization/dropezy
radema,25395,Dropezy,https://www.crunchbase.com/organization/dropezy,dropezy,https://www.crunchbase.com/organization/dropezy
datahive,1605,Dropleaf,https://www.crunchbase.com/organization/dropleaf,dropleaf,https://www.crunchbase.com/organization/dropleaf
radema,1605,Dropleaf,https://www.crunchbase.com/organization/dropleaf,dropleaf,https://www.crunchbase.com/organization/dropleaf
datahive,94,Dubjoy,https://www.crunchbase.com/organization/dubjoy-com,dubjoy-com,https://www.crunchbase.com/organization/dubjoy-com
radema,94,Dubjoy,https://www.crunchbase.com/organization/dubjoy-com,dubjoy-com,https://www.crunchbase.com/organization/dubjoy-com
datahive,1953,Duffel,https://www.crunchbase.com/organization/duffelhq,duffelhq,https://www.crunchbase.com/organization/duffelhq
radema,1953,Duffel,https://www.crunchbase.com/organization/duffelhq,duffelhq,https://www.crunchbase.com/organization/duffelhq
datahive,13204,Duffl,https://www.crunchbase.com/organization/duffl,duffl,https://www.crunchbase.com/organization/duffl
radema,13204,Duffl,https://www.crunchbase.com/organization/duffl,duffl,https://www.crunchbase.com/organization/duffl
datahive,25746,Durioo,https://www.crunchbase.com/organization/durioo-dc5f,durioo-dc5f,https://www.crunchbase.com/organization/durioo-dc5f
radema,25746,Durioo,https://www.crunchbase.com/organization/durioo-dc5f,durioo-dc5f,https://www.crunchbase.com/organization/durioo-dc5f
datahive,25398,Dynamo AI,https://www.crunchbase.com/organization/dynamofl,dynamofl,https://www.crunchbase.com/organization/dynamofl
radema,25398,Dynamo AI,https://www.crunchbase.com/organization/dynamofl,dynamofl,https://www.crunchbase.com/organization/dynamofl
datahive,11962,Dyneti Technologies,https://www.crunchbase.com/organization/dyneti-technologies,dyneti-technologies,https://www.crunchbase.com/organization/dyneti-technologies
radema,11962,Dyneti Technologies,https://www.crunchbase.com/organization/dyneti-technologies,dyneti-technologies,https://www.crunchbase.com/organization/dyneti-technologies
kaggle_startups,,E la Carte,http://www.crunchbase.com/organization/e-la-carte,e-la-carte,https://www.crunchbase.com/organization/e-la-carte
datahive,142,Earbits,https://www.crunchbase.com/organization/earbits,earbits,https://www.crunchbase.com/organization/earbits
kaggle_startups,,Earbits,http://www.crunchbase.com/organization/earbits,earbits,https://www.crunchbase.com/organization/earbits
radema,142,Earbits,https://www.crunchbase.com/organization/earbits,earbits,https://www.crunchbase.com/organization/earbits
datahive,12677,EARTH AI,https://www.crunchbase.com/organization/earth-ai,earth-ai,https://www.crunchbase.com/organization/earth-ai
radema,12677,EARTH AI,https://www.crunchbase.com/organization/earth-ai,earth-ai,https://www.crunchbase.com/organization/earth-ai
datahive,423,Easel,https://www.crunchbase.com/organization/easel,easel,https://www.crunchbase.com/organization/easel
kaggle_startups,,Easel,http://www.crunchbase.com/organization/easel,easel,https://www.crunchbase.com/organization/easel
radema,423,Easel,https://www.crunchbase.com/organization/easel,easel,https://www.crunchbase.com/organization/easel
datahive,26144,EasyCode,https://www.crunchbase.com/organization/easycode-e8b3,easycode-e8b3,https://www.crunchbase.com/organization/easycode-e8b3
radema,26144,EasyCode,https://www.crunchbase.com/organization/easycode-e8b3,easycode-e8b3,https://www.crunchbase.com/organization/easycode-e8b3
datahive,13412,Easyplan,https://www.crunchbase.com/organization/easyplan,easyplan,https://www.crunchbase.com/organization/easyplan
radema,13412,Easyplan,https://www.crunchbase.com/organization/easyplan,easyplan,https://www.crunchbase.com/organization/easyplan
datahive,532,EasyPost,https://www.crunchbase.com/organization/easypost,easypost,https://www.crunchbase.com/organization/easypost
kaggle_startups,,EasyPost,http://www.crunchbase.com/organization/easypost,easypost,https://www.crunchbase.com/organization/easypost
radema,532,EasyPost,https://www.crunchbase.com/organization/easypost,easypost,https://www.crunchbase.com/organization/easypost
datahive,11928,ZeroStorefront,https://www.crunchbase.com/organization/eatgeek,eatgeek,https://www.crunchbase.com/organization/eatgeek
radema,11928,ZeroStorefront,https://www.crunchbase.com/organization/eatgeek,eatgeek,https://www.crunchbase.com/organization/eatgeek
datahive,808,eBrandvalue,https://www.crunchbase.com/organization/ebrandvalue,ebrandvalue,https://www.crunchbase.com/organization/ebrandvalue
radema,808,eBrandvalue,https://www.crunchbase.com/organization/ebrandvalue,ebrandvalue,https://www.crunchbase.com/organization/ebrandvalue
datahive,274,Echodio,https://www.crunchbase.com/organization/echodio,echodio,https://www.crunchbase.com/organization/echodio
kaggle_startups,,Echodio,http://www.crunchbase.com/organization/echodio,echodio,https://www.crunchbase.com/organization/echodio
radema,274,Echodio,https://www.crunchbase.com/organization/echodio,echodio,https://www.crunchbase.com/organization/echodio
datahive,893,Eden,https://www.crunchbase.com/organization/eden,eden,https://www.crunchbase.com/organization/eden
radema,893,Eden,https://www.crunchbase.com/organization/eden,eden,https://www.crunchbase.com/organization/eden
datahive,30739,Eden,https://www.crunchbase.com/organization/eden-9680,eden-9680,https://www.crunchbase.com/organization/eden-9680
datahive,30165,Edexia,https://www.crunchbase.com/organization/edexia/,edexia,https://www.crunchbase.com/organization/edexia
datahive,13164,Edlyft,https://www.crunchbase.com/organization/edlyft,edlyft,https://www.crunchbase.com/organization/edlyft
radema,13164,Edlyft,https://www.crunchbase.com/organization/edlyft,edlyft,https://www.crunchbase.com/organization/edlyft
radema,1397,Edoome,https://www.crunchbase.com/organization/edoome,edoome,https://www.crunchbase.com/organization/edoome
radema,1394,Edpuzzle,https://www.crunchbase.com/organization/edpuzzle,edpuzzle,https://www.crunchbase.com/organization/edpuzzle
radema,1365,edshelf,https://www.crunchbase.com/organization/edshelf,edshelf,https://www.crunchbase.com/organization/edshelf
radema,1414,Educents,https://www.crunchbase.com/organization/educents,educents,https://www.crunchbase.com/organization/educents
radema,1358,Educreations,https://www.crunchbase.com/organization/educreations,educreations,https://www.crunchbase.com/organization/educreations
datahive,13389,EduRev,https://www.crunchbase.com/organization/edurev,edurev,https://www.crunchbase.com/organization/edurev
radema,13389,EduRev,https://www.crunchbase.com/organization/edurev,edurev,https://www.crunchbase.com/organization/edurev
radema,1413,Edusight,https://www.crunchbase.com/organization/edusight,edusight,https://www.crunchbase.com/organization/edusight
radema,1353,Eduvant,https://www.crunchbase.com/organization/eduvant,eduvant,https://www.crunchbase.com/organization/eduvant
radema,1406,eduvee,https://www.crunchbase.com/organization/eduvee,eduvee,https://www.crunchbase.com/organization/eduvee
datahive,1807,Edwin,https://www.crunchbase.com/organization/edwin-ai,edwin-ai,https://www.crunchbase.com/organization/edwin-ai
radema,1807,Edwin,https://www.crunchbase.com/organization/edwin-ai,edwin-ai,https://www.crunchbase.com/organization/edwin-ai
radema,624,Edyn,https://www.crunchbase.com/organization/edyn,edyn,https://www.crunchbase.com/organization/edyn
datahive,12245,Edyst,https://www.crunchbase.com/organization/edyst,edyst,https://www.crunchbase.com/organization/edyst
radema,12245,Edyst,https://www.crunchbase.com/organization/edyst,edyst,https://www.crunchbase.com/organization/edyst
datahive,1552,The Centre for Effective Altruism,https://www.crunchbase.com/organization/effective-altruism,effective-altruism,https://www.crunchbase.com/organization/effective-altruism
radema,1552,The Centre for Effective Altruism,https://www.crunchbase.com/organization/effective-altruism,effective-altruism,https://www.crunchbase.com/organization/effective-altruism
datahive,30636,EffiGov,https://www.crunchbase.com/organization/effigov,effigov,https://www.crunchbase.com/organization/effigov
kaggle_startups,,Tagstand,http://www.crunchbase.com/organization/egomotion,egomotion,https://www.crunchbase.com/organization/egomotion
datahive,25417,Koala,https://www.crunchbase.com/organization/einstein-studios,einstein-studios,https://www.crunchbase.com/organization/einstein-studios
radema,25417,Koala,https://www.crunchbase.com/organization/einstein-studios,einstein-studios,https://www.crunchbase.com/organization/einstein-studios
datahive,13483,ElectroNeek,https://www.crunchbase.com/organization/electroneek,electroneek,https://www.crunchbase.com/organization/electroneek
radema,13483,ElectroNeek,https://www.crunchbase.com/organization/electroneek,electroneek,https://www.crunchbase.com/organization/electroneek
datahive,1344,Elemeno Health,https://www.crunchbase.com/organization/elemeno-health,elemeno-health,https://www.crunchbase.com/organization/elemeno-health
radema,1344,Elemeno Health,https://www.crunchbase.com/organization/elemeno-health,elemeno-health,https://www.crunchbase.com/organization/elemeno-health
datahive,417,Eligible,https://www.crunchbase.com/organization/eligible-api,eligible-api,https://www.crunchbase.com/organization/eligible-api
kaggle_startups,,Eligible,http://www.crunchbase.com/organization/eligible-api,eligible-api,https://www.crunchbase.com/organization/eligible-api
radema,417,Eligible,https://www.crunchbase.com/organization/eligible-api,eligible-api,https://www.crunchbase.com/organization/eligible-api
datahive,25419,Kaso,https://www.crunchbase.com/organization/elkaso,elkaso,https://www.crunchbase.com/organization/elkaso
radema,25419,Kaso,https://www.crunchbase.com/organization/elkaso,elkaso,https://www.crunchbase.com/organization/elkaso
datahive,30513,Eloquent AI,https://www.crunchbase.com/organization/eloquent-ai,eloquent-ai,https://www.crunchbase.com/organization/eloquent-ai
datahive,12031,Elph,https://www.crunchbase.com/organization/elph,elph,https://www.crunchbase.com/organization/elph
radema,12031,Elph,https://www.crunchbase.com/organization/elph,elph,https://www.crunchbase.com/organization/elph
datahive,1880,Elpha,https://www.crunchbase.com/organization/elpha,elpha,https://www.crunchbase.com/organization/elpha
radema,1880,Elpha,https://www.crunchbase.com/organization/elpha,elpha,https://www.crunchbase.com/organization/elpha
datahive,25711,"Elphinstone, Inc.",https://www.crunchbase.com/organization/elphinstone,elphinstone,https://www.crunchbase.com/organization/elphinstone
radema,25711,"Elphinstone, Inc.",https://www.crunchbase.com/organization/elphinstone,elphinstone,https://www.crunchbase.com/organization/elphinstone
datahive,1578,Elucd,https://www.crunchbase.com/organization/elucd,elucd,https://www.crunchbase.com/organization/elucd
radema,1578,Elucd,https://www.crunchbase.com/organization/elucd,elucd,https://www.crunchbase.com/organization/elucd
datahive,1060,Elucify,https://www.crunchbase.com/organization/elucify,elucify,https://www.crunchbase.com/organization/elucify
radema,1060,Elucify,https://www.crunchbase.com/organization/elucify,elucify,https://www.crunchbase.com/organization/elucify
radema,28784,Elyos Energy,https://www.crunchbase.com/organization/elyos-energy,elyos-energy,https://www.crunchbase.com/organization/elyos-energy
datahive,29046,Elythea,https://www.crunchbase.com/organization/elythea,elythea,https://www.crunchbase.com/organization/elythea
radema,29046,Elythea,https://www.crunchbase.com/organization/elythea,elythea,https://www.crunchbase.com/organization/elythea
datahive,602,Emailio,https://www.crunchbase.com/organization/emailio,emailio,https://www.crunchbase.com/organization/emailio
radema,602,Emailio,https://www.crunchbase.com/organization/emailio,emailio,https://www.crunchbase.com/organization/emailio
datahive,104,Embark,https://www.crunchbase.com/organization/embark,embark,https://www.crunchbase.com/organization/embark
kaggle_startups,,Embark,http://www.crunchbase.com/organization/embark,embark,https://www.crunchbase.com/organization/embark
radema,104,Embark,https://www.crunchbase.com/organization/embark,embark,https://www.crunchbase.com/organization/embark
datahive,218,Embedly,https://www.crunchbase.com/organization/embed-ly,embed-ly,https://www.crunchbase.com/organization/embed-ly
kaggle_startups,,Embedly,http://www.crunchbase.com/organization/embed-ly,embed-ly,https://www.crunchbase.com/organization/embed-ly
radema,218,Embedly,https://www.crunchbase.com/organization/embed-ly,embed-ly,https://www.crunchbase.com/organization/embed-ly
datahive,30691,Embedder,https://www.crunchbase.com/organization/embedder,embedder,https://www.crunchbase.com/organization/embedder
kaggle_startups,,Embedster,http://www.crunchbase.com/organization/embedster,embedster,https://www.crunchbase.com/organization/embedster
datahive,12618,Embrace,https://www.crunchbase.com/organization/embrace-io,embrace-io,https://www.crunchbase.com/organization/embrace-io
radema,12618,Embrace,https://www.crunchbase.com/organization/embrace-io,embrace-io,https://www.crunchbase.com/organization/embrace-io
datahive,1050,Emburse,https://www.crunchbase.com/organization/emburse,emburse,https://www.crunchbase.com/organization/emburse
radema,1050,Emburse,https://www.crunchbase.com/organization/emburse,emburse,https://www.crunchbase.com/organization/emburse
datahive,22831,Emerge Tools,https://www.crunchbase.com/organization/emerge-5ed8,emerge-5ed8,https://www.crunchbase.com/organization/emerge-5ed8
radema,22831,Emerge Tools,https://www.crunchbase.com/organization/emerge-5ed8,emerge-5ed8,https://www.crunchbase.com/organization/emerge-5ed8
datahive,12251,Emi Labs,https://www.crunchbase.com/organization/emi-2,emi-2,https://www.crunchbase.com/organization/emi-2
radema,12251,Emi Labs,https://www.crunchbase.com/organization/emi-2,emi-2,https://www.crunchbase.com/organization/emi-2
datahive,30345,Lightbox,https://www.crunchbase.com/organization/emojis-com,emojis-com,https://www.crunchbase.com/organization/emojis-com
datahive,1280,Emote,https://www.crunchbase.com/organization/emote-education,emote-education,https://www.crunchbase.com/organization/emote-education
radema,1280,Emote,https://www.crunchbase.com/organization/emote-education,emote-education,https://www.crunchbase.com/organization/emote-education
datahive,11927,Canopy (was Encarte),https://www.crunchbase.com/organization/encarte,encarte,https://www.crunchbase.com/organization/encarte
radema,11927,Canopy (was Encarte),https://www.crunchbase.com/organization/encarte,encarte,https://www.crunchbase.com/organization/encarte
datahive,30030,Candle,https://www.crunchbase.com/organization/encore-e27b,encore-e27b,https://www.crunchbase.com/organization/encore-e27b
datahive,12210,Endpoint Health,https://www.crunchbase.com/organization/endpoint-health-inc,endpoint-health-inc,https://www.crunchbase.com/organization/endpoint-health-inc
radema,12210,Endpoint Health,https://www.crunchbase.com/organization/endpoint-health-inc,endpoint-health-inc,https://www.crunchbase.com/organization/endpoint-health-inc
datahive,29623,Entangl,https://www.crunchbase.com/organization/entangl,entangl,https://www.crunchbase.com/organization/entangl
datahive,1643,Entocycle,https://www.crunchbase.com/organization/entocycle,entocycle,https://www.crunchbase.com/organization/entocycle
radema,1643,Entocycle,https://www.crunchbase.com/organization/entocycle,entocycle,https://www.crunchbase.com/organization/entocycle
datahive,27165,Entvin,https://www.crunchbase.com/organization/entvin,entvin,https://www.crunchbase.com/organization/entvin
radema,27165,Entvin,https://www.crunchbase.com/organization/entvin,entvin,https://www.crunchbase.com/organization/entvin
datahive,2024,Enveritas,https://www.crunchbase.com/organization/enveritas,enveritas,https://www.crunchbase.com/organization/enveritas
radema,2024,Enveritas,https://www.crunchbase.com/organization/enveritas,enveritas,https://www.crunchbase.com/organization/enveritas
datahive,1786,EnvKey,https://www.crunchbase.com/organization/envkey,envkey,https://www.crunchbase.com/organization/envkey
radema,1786,EnvKey,https://www.crunchbase.com/organization/envkey,envkey,https://www.crunchbase.com/organization/envkey
datahive,1620,Enzyme,https://www.crunchbase.com/organization/enzyme-2,enzyme-2,https://www.crunchbase.com/organization/enzyme-2
radema,1620,Enzyme,https://www.crunchbase.com/organization/enzyme-2,enzyme-2,https://www.crunchbase.com/organization/enzyme-2
datahive,23817,Epsilon3,https://www.crunchbase.com/organization/epsilon3,epsilon3,https://www.crunchbase.com/organization/epsilon3
radema,23817,Epsilon3,https://www.crunchbase.com/organization/epsilon3,epsilon3,https://www.crunchbase.com/organization/epsilon3
datahive,809,EquipmentShare,https://www.crunchbase.com/organization/equipmentshare-com,equipmentshare-com,https://www.crunchbase.com/organization/equipmentshare-com
radema,809,EquipmentShare,https://www.crunchbase.com/organization/equipmentshare-com,equipmentshare-com,https://www.crunchbase.com/organization/equipmentshare-com
kaggle_startups,,Errplane,http://www.crunchbase.com/organization/errplane,errplane,https://www.crunchbase.com/organization/errplane
datahive,28216,Escape,https://www.crunchbase.com/organization/escape-b74e,escape-b74e,https://www.crunchbase.com/organization/escape-b74e
radema,28216,Escape,https://www.crunchbase.com/organization/escape-b74e,escape-b74e,https://www.crunchbase.com/organization/escape-b74e
datahive,1626,Escher Reality,https://www.crunchbase.com/organization/escher-reality,escher-reality,https://www.crunchbase.com/organization/escher-reality
radema,1626,Escher Reality,https://www.crunchbase.com/organization/escher-reality,escher-reality,https://www.crunchbase.com/organization/escher-reality
datahive,534,"Estimote, Inc.",https://www.crunchbase.com/organization/estimote,estimote,https://www.crunchbase.com/organization/estimote
kaggle_startups,,Estimote,http://www.crunchbase.com/organization/estimote,estimote,https://www.crunchbase.com/organization/estimote
radema,534,"Estimote, Inc.",https://www.crunchbase.com/organization/estimote,estimote,https://www.crunchbase.com/organization/estimote
datahive,23433,Estoca,https://www.crunchbase.com/organization/estoca,estoca,https://www.crunchbase.com/organization/estoca
radema,23433,Estoca,https://www.crunchbase.com/organization/estoca,estoca,https://www.crunchbase.com/organization/estoca
datahive,232,Etacts,https://www.crunchbase.com/organization/etacts,etacts,https://www.crunchbase.com/organization/etacts
kaggle_startups,,Etacts,http://www.crunchbase.com/organization/etacts,etacts,https://www.crunchbase.com/organization/etacts
radema,232,Etacts,https://www.crunchbase.com/organization/etacts,etacts,https://www.crunchbase.com/organization/etacts
datahive,488,Etleap,https://www.crunchbase.com/organization/etleap,etleap,https://www.crunchbase.com/organization/etleap
radema,488,Etleap,https://www.crunchbase.com/organization/etleap,etleap,https://www.crunchbase.com/organization/etleap
datahive,1287,Circa,https://www.crunchbase.com/organization/eventgeek,eventgeek,https://www.crunchbase.com/organization/eventgeek
radema,1287,Circa,https://www.crunchbase.com/organization/eventgeek,eventgeek,https://www.crunchbase.com/organization/eventgeek
kaggle_startups,,Eventjoy,http://www.crunchbase.com/organization/eventjoy,eventjoy,https://www.crunchbase.com/organization/eventjoy
radema,594,Eventjoy,https://www.crunchbase.com/organization/eventjoy,eventjoy,https://www.crunchbase.com/organization/eventjoy
datahive,12585,Ever Loved,https://www.crunchbase.com/organization/ever-loved,ever-loved,https://www.crunchbase.com/organization/ever-loved
radema,12585,Ever Loved,https://www.crunchbase.com/organization/ever-loved,ever-loved,https://www.crunchbase.com/organization/ever-loved
kaggle_startups,,EveryArt,http://www.crunchbase.com/organization/everyart,everyart,https://www.crunchbase.com/organization/everyart
datahive,453,Everyday.me,https://www.crunchbase.com/organization/everyday-me,everyday-me,https://www.crunchbase.com/organization/everyday-me
kaggle_startups,,Everyday.me,http://www.crunchbase.com/organization/everyday-me,everyday-me,https://www.crunchbase.com/organization/everyday-me
radema,453,Everyday.me,https://www.crunchbase.com/organization/everyday-me,everyday-me,https://www.crunchbase.com/organization/everyday-me
datahive,108,Everyme,https://www.crunchbase.com/organization/everyme,everyme,https://www.crunchbase.com/organization/everyme
radema,108,Everyme,https://www.crunchbase.com/organization/everyme,everyme,https://www.crunchbase.com/organization/everyme
datahive,24827,Evidence,https://www.crunchbase.com/organization/evidence-1cfc,evidence-1cfc,https://www.crunchbase.com/organization/evidence-1cfc
radema,24827,Evidence,https://www.crunchbase.com/organization/evidence-1cfc,evidence-1cfc,https://www.crunchbase.com/organization/evidence-1cfc
datahive,12013,Evo.Do,https://www.crunchbase.com/organization/evo-do,evo-do,https://www.crunchbase.com/organization/evo-do
radema,12013,Evo.Do,https://www.crunchbase.com/organization/evo-do,evo-do,https://www.crunchbase.com/organization/evo-do
datahive,1789,Evry Health,https://www.crunchbase.com/organization/evry-healthcare,evry-healthcare,https://www.crunchbase.com/organization/evry-healthcare
radema,1789,Evry Health,https://www.crunchbase.com/organization/evry-healthcare,evry-healthcare,https://www.crunchbase.com/organization/evry-healthcare
datahive,12046,Excepgen,https://www.crunchbase.com/organization/excepgen,excepgen,https://www.crunchbase.com/organization/excepgen
radema,12046,Excepgen,https://www.crunchbase.com/organization/excepgen,excepgen,https://www.crunchbase.com/organization/excepgen
datahive,1894,ExceptionALLY,https://www.crunchbase.com/organization/exceptionally,exceptionally,https://www.crunchbase.com/organization/exceptionally
radema,1894,ExceptionALLY,https://www.crunchbase.com/organization/exceptionally,exceptionally,https://www.crunchbase.com/organization/exceptionally
datahive,27137,PrimeVault,https://www.crunchbase.com/organization/excheqr,excheqr,https://www.crunchbase.com/organization/excheqr
radema,27137,PrimeVault,https://www.crunchbase.com/organization/excheqr,excheqr,https://www.crunchbase.com/organization/excheqr
datahive,38,Exec,https://www.crunchbase.com/organization/exec,exec,https://www.crunchbase.com/organization/exec
kaggle_startups,,Exec,http://www.crunchbase.com/organization/exec,exec,https://www.crunchbase.com/organization/exec
radema,38,Exec,https://www.crunchbase.com/organization/exec,exec,https://www.crunchbase.com/organization/exec
radema,25605,EXO Freight,https://www.crunchbase.com/organization/exo-freight,exo-freight,https://www.crunchbase.com/organization/exo-freight
datahive,13140,"Exosonic, Inc.",https://www.crunchbase.com/organization/exosonic,exosonic,https://www.crunchbase.com/organization/exosonic
radema,13140,"Exosonic, Inc.",https://www.crunchbase.com/organization/exosonic,exosonic,https://www.crunchbase.com/organization/exosonic
datahive,497,Experiment,https://www.crunchbase.com/organization/experiment,experiment,https://www.crunchbase.com/organization/experiment
kaggle_startups,,Experiment (prev. Microryza),http://www.crunchbase.com/organization/experiment,experiment,https://www.crunchbase.com/organization/experiment
radema,497,Experiment,https://www.crunchbase.com/organization/experiment,experiment,https://www.crunchbase.com/organization/experiment
datahive,1347,Expo,https://www.crunchbase.com/organization/exponent-3,exponent-3,https://www.crunchbase.com/organization/exponent-3
radema,1347,Expo,https://www.crunchbase.com/organization/exponent-3,exponent-3,https://www.crunchbase.com/organization/exponent-3
datahive,1243,Kenota (formerly ExVivo Labs),https://www.crunchbase.com/organization/exvivo-labs,exvivo-labs,https://www.crunchbase.com/organization/exvivo-labs
radema,1243,Kenota (formerly ExVivo Labs),https://www.crunchbase.com/organization/exvivo-labs,exvivo-labs,https://www.crunchbase.com/organization/exvivo-labs
datahive,13169,Eze,https://www.crunchbase.com/organization/eze,eze,https://www.crunchbase.com/organization/eze
radema,13169,Eze,https://www.crunchbase.com/organization/eze,eze,https://www.crunchbase.com/organization/eze
datahive,28119,Fabius,https://www.crunchbase.com/organization/fabius-66e4,fabius-66e4,https://www.crunchbase.com/organization/fabius-66e4
radema,28119,Fabius,https://www.crunchbase.com/organization/fabius-66e4,fabius-66e4,https://www.crunchbase.com/organization/fabius-66e4
datahive,1234,Fabric,https://www.crunchbase.com/organization/fabric-app,fabric-app,https://www.crunchbase.com/organization/fabric-app
radema,1234,Fabric,https://www.crunchbase.com/organization/fabric-app,fabric-app,https://www.crunchbase.com/organization/fabric-app
datahive,217,Fabricly,https://www.crunchbase.com/organization/fabricly,fabricly,https://www.crunchbase.com/organization/fabricly
radema,217,Fabricly,https://www.crunchbase.com/organization/fabricly,fabricly,https://www.crunchbase.com/organization/fabricly
datahive,12831,Facio,https://www.crunchbase.com/organization/facio-b68a,facio-b68a,https://www.crunchbase.com/organization/facio-b68a
radema,12831,Facio,https://www.crunchbase.com/organization/facio-b68a,facio-b68a,https://www.crunchbase.com/organization/facio-b68a
datahive,22786,Faction,https://www.crunchbase.com/organization/faction-65b7,faction-65b7,https://www.crunchbase.com/organization/faction-65b7
radema,22786,Faction,https://www.crunchbase.com/organization/faction-65b7,faction-65b7,https://www.crunchbase.com/organization/faction-65b7
datahive,13105,Factored Quality,https://www.crunchbase.com/organization/factored-quality/company_financials,factored-quality,https://www.crunchbase.com/organization/factored-quality
radema,13105,Factored Quality,https://www.crunchbase.com/organization/factored-quality/company_financials,factored-quality,https://www.crunchbase.com/organization/factored-quality
datahive,25,FamilyLeaf,https://www.crunchbase.com/organization/familyleaf,familyleaf,https://www.crunchbase.com/organization/familyleaf
kaggle_startups,,FamilyLeaf,http://www.crunchbase.com/organization/familyleaf,familyleaf,https://www.crunchbase.com/organization/familyleaf
radema,25,FamilyLeaf,https://www.crunchbase.com/organization/familyleaf,familyleaf,https://www.crunchbase.com/organization/familyleaf
datahive,12760,FamPay,https://www.crunchbase.com/organization/fampay,fampay,https://www.crunchbase.com/organization/fampay
radema,12760,FamPay,https://www.crunchbase.com/organization/fampay,fampay,https://www.crunchbase.com/organization/fampay
datahive,253,Fanchatter,https://www.crunchbase.com/organization/fanchatter,fanchatter,https://www.crunchbase.com/organization/fanchatter
kaggle_startups,,FanChatter,http://www.crunchbase.com/organization/fanchatter,fanchatter,https://www.crunchbase.com/organization/fanchatter
radema,253,Fanchatter,https://www.crunchbase.com/organization/fanchatter,fanchatter,https://www.crunchbase.com/organization/fanchatter
kaggle_startups,,FanHero,http://www.crunchbase.com/organization/fanhero,fanhero,https://www.crunchbase.com/organization/fanhero
datahive,205,Fanvibe,https://www.crunchbase.com/organization/fanpulse,fanpulse,https://www.crunchbase.com/organization/fanpulse
kaggle_startups,,FanPulse,http://www.crunchbase.com/organization/fanpulse,fanpulse,https://www.crunchbase.com/organization/fanpulse
radema,205,Fanvibe,https://www.crunchbase.com/organization/fanpulse,fanpulse,https://www.crunchbase.com/organization/fanpulse
datahive,21864,Farmako Healthcare,https://www.crunchbase.com/organization/farmako-4206,farmako-4206,https://www.crunchbase.com/organization/farmako-4206
radema,21864,Farmako Healthcare,https://www.crunchbase.com/organization/farmako-4206,farmako-4206,https://www.crunchbase.com/organization/farmako-4206
datahive,47,FarmLogs,https://www.crunchbase.com/organization/farmlogs,farmlogs,https://www.crunchbase.com/organization/farmlogs
kaggle_startups,,FarmLogs,http://www.crunchbase.com/organization/farmlogs,farmlogs,https://www.crunchbase.com/organization/farmlogs
radema,47,FarmLogs,https://www.crunchbase.com/organization/farmlogs,farmlogs,https://www.crunchbase.com/organization/farmlogs
datahive,24380,FastFarma,https://www.crunchbase.com/organization/fastfarma,fastfarma,https://www.crunchbase.com/organization/fastfarma
radema,24380,FastFarma,https://www.crunchbase.com/organization/fastfarma,fastfarma,https://www.crunchbase.com/organization/fastfarma
datahive,1672,Fastpad,https://www.crunchbase.com/organization/fastpad,fastpad,https://www.crunchbase.com/organization/fastpad
radema,1672,Fastpad,https://www.crunchbase.com/organization/fastpad,fastpad,https://www.crunchbase.com/organization/fastpad
datahive,309,FathomDB,https://www.crunchbase.com/organization/fathomdb,fathomdb,https://www.crunchbase.com/organization/fathomdb
kaggle_startups,,FathomDB,http://www.crunchbase.com/organization/fathomdb,fathomdb,https://www.crunchbase.com/organization/fathomdb
radema,309,FathomDB,https://www.crunchbase.com/organization/fathomdb,fathomdb,https://www.crunchbase.com/organization/fathomdb
datahive,1580,FAZZ,https://www.crunchbase.com/organization/fazz-financial,fazz-financial,https://www.crunchbase.com/organization/fazz-financial
radema,1580,FAZZ,https://www.crunchbase.com/organization/fazz-financial,fazz-financial,https://www.crunchbase.com/organization/fazz-financial
datahive,21914,Bits,https://www.crunchbase.com/organization/fea-card,fea-card,https://www.crunchbase.com/organization/fea-card
radema,21914,Bits,https://www.crunchbase.com/organization/fea-card,fea-card,https://www.crunchbase.com/organization/fea-card
datahive,1592,Feather,https://www.crunchbase.com/organization/feather-2,feather-2,https://www.crunchbase.com/organization/feather-2
radema,1592,Feather,https://www.crunchbase.com/organization/feather-2,feather-2,https://www.crunchbase.com/organization/feather-2
datahive,27041,Feather,https://www.crunchbase.com/organization/feather-7991,feather-7991,https://www.crunchbase.com/organization/feather-7991
radema,27041,Oneloop,https://www.crunchbase.com/organization/feather-7991,feather-7991,https://www.crunchbase.com/organization/feather-7991
radema,27812,Feather,https://crunchbase.com/organization/feather-d441,feather-d441,https://www.crunchbase.com/organization/feather-d441
datahive,12628,FeaturePeek,https://www.crunchbase.com/organization/featurepeek,featurepeek,https://www.crunchbase.com/organization/featurepeek
radema,12628,FeaturePeek,https://www.crunchbase.com/organization/featurepeek,featurepeek,https://www.crunchbase.com/organization/featurepeek
datahive,1903,Federacy,https://www.crunchbase.com/organization/federacy,federacy,https://www.crunchbase.com/organization/federacy
radema,1903,Federacy,https://www.crunchbase.com/organization/federacy,federacy,https://www.crunchbase.com/organization/federacy
datahive,23415,Friz,https://www.crunchbase.com/organization/feige-27e7,feige-27e7,https://www.crunchbase.com/organization/feige-27e7
radema,23415,Friz,https://www.crunchbase.com/organization/feige-27e7,feige-27e7,https://www.crunchbase.com/organization/feige-27e7
datahive,13178,Felix Biotechnology,https://www.crunchbase.com/organization/felix-biotechnology,felix-biotechnology,https://www.crunchbase.com/organization/felix-biotechnology
radema,13178,Felix Biotechnology,https://www.crunchbase.com/organization/felix-biotechnology,felix-biotechnology,https://www.crunchbase.com/organization/felix-biotechnology
datahive,13316,Fella & Delilah,https://www.crunchbase.com/organization/fella,fella,https://www.crunchbase.com/organization/fella
radema,13316,Fella Health,https://www.crunchbase.com/organization/fella,fella,https://www.crunchbase.com/organization/fella
datahive,25820,Fello,https://www.crunchbase.com/organization/fello-3331,fello-3331,https://www.crunchbase.com/organization/fello-3331
radema,25820,Fello,https://www.crunchbase.com/organization/fello-3331,fello-3331,https://www.crunchbase.com/organization/fello-3331
datahive,1278,Scanate/Fellow,https://www.crunchbase.com/organization/fellow-2,fellow-2,https://www.crunchbase.com/organization/fellow-2
radema,1278,Scanate/Fellow,https://www.crunchbase.com/organization/fellow-2,fellow-2,https://www.crunchbase.com/organization/fellow-2
datahive,24599,Female Invest,https://www.crunchbase.com/organization/female-invest,female-invest,https://www.crunchbase.com/organization/female-invest
radema,24599,Female Invest,https://www.crunchbase.com/organization/female-invest,female-invest,https://www.crunchbase.com/organization/female-invest
datahive,28103,Fern,https://www.crunchbase.com/organization/fern-6e64,fern-6e64,https://www.crunchbase.com/organization/fern-6e64
radema,28103,Fern,https://www.crunchbase.com/organization/fern-6e64,fern-6e64,https://www.crunchbase.com/organization/fern-6e64
datahive,23174,Feroot Security,https://www.crunchbase.com/organization/feroot,feroot,https://www.crunchbase.com/organization/feroot
radema,23174,Feroot Security,https://www.crunchbase.com/organization/feroot,feroot,https://www.crunchbase.com/organization/feroot
datahive,24598,Ferveret,https://www.crunchbase.com/organization/ferveret,ferveret,https://www.crunchbase.com/organization/ferveret
radema,24598,Ferveret,https://www.crunchbase.com/organization/ferveret,ferveret,https://www.crunchbase.com/organization/ferveret
datahive,950,Fetch,https://www.crunchbase.com/organization/fetch-6,fetch-6,https://www.crunchbase.com/organization/fetch-6
radema,950,Fetch,https://www.crunchbase.com/organization/fetch-6,fetch-6,https://www.crunchbase.com/organization/fetch-6
datahive,29723,Nerve,https://www.crunchbase.com/organization/fetchflow,fetchflow,https://www.crunchbase.com/organization/fetchflow
datahive,26737,Fetii,https://www.crunchbase.com/organization/fetii,fetii,https://www.crunchbase.com/organization/fetii
radema,26737,Fetii,https://www.crunchbase.com/organization/fetii,fetii,https://www.crunchbase.com/organization/fetii
datahive,1492,Fibo,https://www.crunchbase.com/organization/fibo,fibo,https://www.crunchbase.com/organization/fibo
radema,1492,Fibo,https://www.crunchbase.com/organization/fibo,fibo,https://www.crunchbase.com/organization/fibo
datahive,22273,Fieldguide,https://www.crunchbase.com/organization/fieldguide,fieldguide,https://www.crunchbase.com/organization/fieldguide
radema,22273,Fieldguide,https://www.crunchbase.com/organization/fieldguide,fieldguide,https://www.crunchbase.com/organization/fieldguide
datahive,25519,Fieldproxy,https://www.crunchbase.com/organization/fieldproxy,fieldproxy,https://www.crunchbase.com/organization/fieldproxy
radema,25519,Fieldproxy,https://www.crunchbase.com/organization/fieldproxy,fieldproxy,https://www.crunchbase.com/organization/fieldproxy
datahive,22826,FifthTry,https://www.crunchbase.com/organization/fifthtry,fifthtry,https://www.crunchbase.com/organization/fifthtry
radema,22826,FifthTry,https://www.crunchbase.com/organization/fifthtry,fifthtry,https://www.crunchbase.com/organization/fifthtry
datahive,13163,Fig,https://www.crunchbase.com/organization/fig-f8aa,fig-f8aa,https://www.crunchbase.com/organization/fig-f8aa
radema,13163,Fig,https://www.crunchbase.com/organization/fig-f8aa,fig-f8aa,https://www.crunchbase.com/organization/fig-f8aa
datahive,1478,Fiix,https://www.crunchbase.com/organization/fiix-3,fiix-3,https://www.crunchbase.com/organization/fiix-3
radema,1478,Fiix,https://www.crunchbase.com/organization/fiix-3,fiix-3,https://www.crunchbase.com/organization/fiix-3
datahive,24629,Filadd,https://www.crunchbase.com/organization/filadd,filadd,https://www.crunchbase.com/organization/filadd
radema,24629,Filadd,https://www.crunchbase.com/organization/filadd,filadd,https://www.crunchbase.com/organization/filadd
datahive,743,Final,https://www.crunchbase.com/organization/final,final,https://www.crunchbase.com/organization/final
radema,743,Final,https://www.crunchbase.com/organization/final,final,https://www.crunchbase.com/organization/final
datahive,23065,Finantier,https://www.crunchbase.com/organization/finantier,finantier,https://www.crunchbase.com/organization/finantier
radema,23065,Finantier,https://www.crunchbase.com/organization/finantier,finantier,https://www.crunchbase.com/organization/finantier
datahive,22755,Finary,https://www.crunchbase.com/organization/finary,finary,https://www.crunchbase.com/organization/finary
radema,22755,Finary,https://www.crunchbase.com/organization/finary,finary,https://www.crunchbase.com/organization/finary
datahive,22903,Finary.com,https://www.crunchbase.com/organization/finary-9c9e,finary-9c9e,https://www.crunchbase.com/organization/finary-9c9e
radema,22903,Finary.com,https://www.crunchbase.com/organization/finary-9c9e,finary-9c9e,https://www.crunchbase.com/organization/finary-9c9e
datahive,27097,Findly,https://www.crunchbase.com/organization/findlyai,findlyai,https://www.crunchbase.com/organization/findlyai
radema,27097,Findly,https://www.crunchbase.com/organization/findlyai,findlyai,https://www.crunchbase.com/organization/findlyai
radema,27869,Finex,https://www.crunchbase.com/organization/finex-60f6,finex-60f6,https://www.crunchbase.com/organization/finex-60f6
datahive,25683,FinFlx,https://www.crunchbase.com/organization/finflx,finflx,https://www.crunchbase.com/organization/finflx
radema,25683,FinFlx,https://www.crunchbase.com/organization/finflx,finflx,https://www.crunchbase.com/organization/finflx
datahive,27038,Fini,https://www.crunchbase.com/organization/fini-ea8a,fini-ea8a,https://www.crunchbase.com/organization/fini-ea8a
datahive,26016,Finku,https://www.crunchbase.com/organization/finku,finku,https://www.crunchbase.com/organization/finku
radema,26016,Finku,https://www.crunchbase.com/organization/finku,finku,https://www.crunchbase.com/organization/finku
datahive,22667,Finley,https://www.crunchbase.com/organization/finley-ab4b,finley-ab4b,https://www.crunchbase.com/organization/finley-ab4b
radema,22667,Finley,https://www.crunchbase.com/organization/finley-ab4b,finley-ab4b,https://www.crunchbase.com/organization/finley-ab4b
datahive,25712,Finnt,https://www.crunchbase.com/organization/finnt,finnt,https://www.crunchbase.com/organization/finnt
radema,25712,Finnt,https://www.crunchbase.com/organization/finnt,finnt,https://www.crunchbase.com/organization/finnt
datahive,29735,FINNY AI,https://www.crunchbase.com/organization/finny-6acf,finny-6acf,https://www.crunchbase.com/organization/finny-6acf
datahive,30716,Finto,https://www.crunchbase.com/organization/finto-a994,finto-a994,https://www.crunchbase.com/organization/finto-a994
datahive,22836,Fintoc,https://www.crunchbase.com/organization/fintoc,fintoc,https://www.crunchbase.com/organization/fintoc
radema,22836,Fintoc,https://www.crunchbase.com/organization/fintoc,fintoc,https://www.crunchbase.com/organization/fintoc
datahive,27191,AlgoTest,https://www.crunchbase.com/organization/fintrix,fintrix,https://www.crunchbase.com/organization/fintrix
radema,27191,AlgoTest,https://www.crunchbase.com/organization/fintrix,fintrix,https://www.crunchbase.com/organization/fintrix
datahive,1992,Fintual,https://www.crunchbase.com/organization/fintual,fintual,https://www.crunchbase.com/organization/fintual
radema,1992,Fintual,https://www.crunchbase.com/organization/fintual,fintual,https://www.crunchbase.com/organization/fintual
datahive,97,Firebase,https://www.crunchbase.com/organization/firebase,firebase,https://www.crunchbase.com/organization/firebase
kaggle_startups,,Firebase (prev. Envolve),http://www.crunchbase.com/organization/firebase,firebase,https://www.crunchbase.com/organization/firebase
radema,97,Firebase,https://www.crunchbase.com/organization/firebase,firebase,https://www.crunchbase.com/organization/firebase
datahive,25552,Firezone,https://www.crunchbase.com/organization/firezone,firezone,https://www.crunchbase.com/organization/firezone
radema,25552,Firezone,https://www.crunchbase.com/organization/firezone,firezone,https://www.crunchbase.com/organization/firezone
datahive,22796,Firstbase.io,https://www.crunchbase.com/organization/firstbase-bf54,firstbase-bf54,https://www.crunchbase.com/organization/firstbase-bf54
radema,22796,Firstbase.io,https://www.crunchbase.com/organization/firstbase-bf54,firstbase-bf54,https://www.crunchbase.com/organization/firstbase-bf54
datahive,1497,Firsthand,https://www.crunchbase.com/organization/firsthand,firsthand,https://www.crunchbase.com/organization/firsthand
radema,1497,Firsthand,https://www.crunchbase.com/organization/firsthand,firsthand,https://www.crunchbase.com/organization/firsthand
datahive,23985,FirstQuadrant,https://www.crunchbase.com/organization/firstquadrant,firstquadrant,https://www.crunchbase.com/organization/firstquadrant
radema,23985,FirstQuadrant,https://www.crunchbase.com/organization/firstquadrant,firstquadrant,https://www.crunchbase.com/organization/firstquadrant
datahive,29651,FirstWork,https://www.crunchbase.com/organization/firstwork-16ba,firstwork-16ba,https://www.crunchbase.com/organization/firstwork-16ba
datahive,139,FitFu,https://www.crunchbase.com/organization/fitfu,fitfu,https://www.crunchbase.com/organization/fitfu
kaggle_startups,,HasFu,http://www.crunchbase.com/organization/fitfu,fitfu,https://www.crunchbase.com/organization/fitfu
radema,139,FitFu,https://www.crunchbase.com/organization/fitfu,fitfu,https://www.crunchbase.com/organization/fitfu
datahive,229,Fithub,https://www.crunchbase.com/organization/fithub-2355,fithub-2355,https://www.crunchbase.com/organization/fithub-2355
radema,229,Fithub,https://www.crunchbase.com/organization/fithub-2355,fithub-2355,https://www.crunchbase.com/organization/fithub-2355
datahive,24169,Fitia,https://www.crunchbase.com/organization/fitia,fitia,https://www.crunchbase.com/organization/fitia
radema,24169,Fitia,https://www.crunchbase.com/organization/fitia,fitia,https://www.crunchbase.com/organization/fitia
datahive,158,Fivestars,https://www.crunchbase.com/organization/fivestars-loyalty,fivestars-loyalty,https://www.crunchbase.com/organization/fivestars-loyalty
kaggle_startups,,Five Stars,http://www.crunchbase.com/organization/fivestars-loyalty,fivestars-loyalty,https://www.crunchbase.com/organization/fivestars-loyalty
radema,158,Fivestars,https://www.crunchbase.com/organization/fivestars-loyalty,fivestars-loyalty,https://www.crunchbase.com/organization/fivestars-loyalty
datahive,482,Fivetran,https://www.crunchbase.com/organization/fivetran,fivetran,https://www.crunchbase.com/organization/fivetran
kaggle_startups,,Fivetran,http://www.crunchbase.com/organization/fivetran,fivetran,https://www.crunchbase.com/organization/fivetran
radema,482,Fivetran,https://www.crunchbase.com/organization/fivetran,fivetran,https://www.crunchbase.com/organization/fivetran
kaggle_startups,,Fixed,http://www.crunchbase.com/organization/fixed-parking-tickets,fixed-parking-tickets,https://www.crunchbase.com/organization/fixed-parking-tickets
datahive,1946,Easol,https://www.crunchbase.com/organization/fixers,fixers,https://www.crunchbase.com/organization/fixers
radema,1946,Easol,https://www.crunchbase.com/organization/fixers,fixers,https://www.crunchbase.com/organization/fixers
datahive,371,Flagr,https://www.crunchbase.com/organization/flagr,flagr,https://www.crunchbase.com/organization/flagr
kaggle_startups,,Flagr,http://www.crunchbase.com/organization/flagr,flagr,https://www.crunchbase.com/organization/flagr
radema,371,Flagr,https://www.crunchbase.com/organization/flagr,flagr,https://www.crunchbase.com/organization/flagr
datahive,25608,Flagright,https://www.crunchbase.com/organization/flagright,flagright,https://www.crunchbase.com/organization/flagright
radema,25608,Flagright,https://www.crunchbase.com/organization/flagright,flagright,https://www.crunchbase.com/organization/flagright
datahive,670,Flaviar,https://www.crunchbase.com/organization/flaviar,flaviar,https://www.crunchbase.com/organization/flaviar
radema,670,Flaviar,https://www.crunchbase.com/organization/flaviar,flaviar,https://www.crunchbase.com/organization/flaviar
datahive,27704,FlexDesk,https://www.crunchbase.com/organization/flexdesk,flexdesk,https://www.crunchbase.com/organization/flexdesk
radema,27704,FlexDesk,https://www.crunchbase.com/organization/flexdesk,flexdesk,https://www.crunchbase.com/organization/flexdesk
datahive,595,Flexport,https://www.crunchbase.com/organization/flexport,flexport,https://www.crunchbase.com/organization/flexport
radema,595,Flexport,https://www.crunchbase.com/organization/flexport,flexport,https://www.crunchbase.com/organization/flexport
datahive,1088,flexEngage,https://www.crunchbase.com/organization/flexreceipts,flexreceipts,https://www.crunchbase.com/organization/flexreceipts
radema,1088,flexEngage,https://www.crunchbase.com/organization/flexreceipts,flexreceipts,https://www.crunchbase.com/organization/flexreceipts
datahive,501,FlightCar,https://www.crunchbase.com/organization/flightcar,flightcar,https://www.crunchbase.com/organization/flightcar
kaggle_startups,,FlightCar,http://www.crunchbase.com/organization/flightcar,flightcar,https://www.crunchbase.com/organization/flightcar
radema,501,FlightCar,https://www.crunchbase.com/organization/flightcar,flightcar,https://www.crunchbase.com/organization/flightcar
datahive,256,Flightcaster,https://www.crunchbase.com/organization/flightcaster,flightcaster,https://www.crunchbase.com/organization/flightcaster
kaggle_startups,,Flightcaster,http://www.crunchbase.com/organization/flightcaster,flightcaster,https://www.crunchbase.com/organization/flightcaster
radema,256,Flightcaster,https://www.crunchbase.com/organization/flightcaster,flightcaster,https://www.crunchbase.com/organization/flightcaster
datahive,446,Flightfox,https://www.crunchbase.com/organization/flightfox,flightfox,https://www.crunchbase.com/organization/flightfox
kaggle_startups,,FlightFox,http://www.crunchbase.com/organization/flightfox,flightfox,https://www.crunchbase.com/organization/flightfox
radema,446,Flightfox,https://www.crunchbase.com/organization/flightfox,flightfox,https://www.crunchbase.com/organization/flightfox
datahive,26238,Flike,https://www.crunchbase.com/organization/flike,flike,https://www.crunchbase.com/organization/flike
radema,26238,Flike,https://www.crunchbase.com/organization/flike,flike,https://www.crunchbase.com/organization/flike
datahive,1806,Flinto,https://www.crunchbase.com/organization/flint-5762,flint-5762,https://www.crunchbase.com/organization/flint-5762
radema,1806,Flinto,https://www.crunchbase.com/organization/flint-5762,flint-5762,https://www.crunchbase.com/organization/flint-5762
datahive,847,Flip,https://www.crunchbase.com/organization/flip-2,flip-2,https://www.crunchbase.com/organization/flip-2
radema,847,Flip,https://www.crunchbase.com/organization/flip-2,flip-2,https://www.crunchbase.com/organization/flip-2
datahive,966,Flirtey (SkyDrop),https://www.crunchbase.com/organization/flirtey,flirtey,https://www.crunchbase.com/organization/flirtey
radema,966,Flirtey (SkyDrop),https://www.crunchbase.com/organization/flirtey,flirtey,https://www.crunchbase.com/organization/flirtey
datahive,12648,Flo Recruit,https://www.crunchbase.com/organization/flo-recruit,flo-recruit,https://www.crunchbase.com/organization/flo-recruit
radema,12648,Flo Recruit,https://www.crunchbase.com/organization/flo-recruit,flo-recruit,https://www.crunchbase.com/organization/flo-recruit
datahive,1616,Flock Safety,https://www.crunchbase.com/organization/flock-safety,flock-safety,https://www.crunchbase.com/organization/flock-safety
radema,1616,Flock Safety,https://www.crunchbase.com/organization/flock-safety,flock-safety,https://www.crunchbase.com/organization/flock-safety
datahive,11924,Flockjay,https://www.crunchbase.com/organization/flockjay,flockjay,https://www.crunchbase.com/organization/flockjay
radema,11924,Flockjay,https://www.crunchbase.com/organization/flockjay,flockjay,https://www.crunchbase.com/organization/flockjay
datahive,535,Floobits,https://www.crunchbase.com/organization/floobits,floobits,https://www.crunchbase.com/organization/floobits
kaggle_startups,,Floobits,http://www.crunchbase.com/organization/floobits,floobits,https://www.crunchbase.com/organization/floobits
radema,535,Floobits,https://www.crunchbase.com/organization/floobits,floobits,https://www.crunchbase.com/organization/floobits
datahive,157,Flotype,https://www.crunchbase.com/organization/flotype,flotype,https://www.crunchbase.com/organization/flotype
kaggle_startups,,NowJS,http://www.crunchbase.com/organization/flotype,flotype,https://www.crunchbase.com/organization/flotype
radema,157,Flotype,https://www.crunchbase.com/organization/flotype,flotype,https://www.crunchbase.com/organization/flotype
datahive,13110,Flowdash,https://www.crunchbase.com/organization/flowdash,flowdash,https://www.crunchbase.com/organization/flowdash
radema,13110,Flowdash,https://www.crunchbase.com/organization/flowdash,flowdash,https://www.crunchbase.com/organization/flowdash
datahive,11974,FLOWER CO.,https://www.crunchbase.com/organization/flower-company,flower-company,https://www.crunchbase.com/organization/flower-company
radema,11974,FLOWER CO.,https://www.crunchbase.com/organization/flower-company,flower-company,https://www.crunchbase.com/organization/flower-company
datahive,1658,Flowspace,https://www.crunchbase.com/organization/flowspace,flowspace,https://www.crunchbase.com/organization/flowspace
radema,1658,Flowspace,https://www.crunchbase.com/organization/flowspace,flowspace,https://www.crunchbase.com/organization/flowspace
datahive,1518,FloydHub,https://www.crunchbase.com/organization/floydhub,floydhub,https://www.crunchbase.com/organization/floydhub
radema,1518,FloydHub,https://www.crunchbase.com/organization/floydhub,floydhub,https://www.crunchbase.com/organization/floydhub
kaggle_startups,,Flutter,http://www.crunchbase.com/organization/flutter-io,flutter-io,https://www.crunchbase.com/organization/flutter-io
datahive,50,Flutter,https://www.crunchbase.com/organization/flutter-io-2,flutter-io-2,https://www.crunchbase.com/organization/flutter-io-2
radema,50,Flutter,https://www.crunchbase.com/organization/flutter-io-2,flutter-io-2,https://www.crunchbase.com/organization/flutter-io-2
datahive,23301,FlutterFlow,https://www.crunchbase.com/organization/flutterflow,flutterflow,https://www.crunchbase.com/organization/flutterflow
radema,23301,FlutterFlow,https://www.crunchbase.com/organization/flutterflow,flutterflow,https://www.crunchbase.com/organization/flutterflow
datahive,1284,Flutterwave,https://www.crunchbase.com/organization/flutterwave,flutterwave,https://www.crunchbase.com/organization/flutterwave
radema,1284,Flutterwave,https://www.crunchbase.com/organization/flutterwave,flutterwave,https://www.crunchbase.com/organization/flutterwave
datahive,12834,Flux,https://www.crunchbase.com/organization/flux-3dc6,flux-3dc6,https://www.crunchbase.com/organization/flux-3dc6
radema,12834,Flux,https://www.crunchbase.com/organization/flux-3dc6,flux-3dc6,https://www.crunchbase.com/organization/flux-3dc6
datahive,13175,Fly.io,https://www.crunchbase.com/organization/fly-io,fly-io,https://www.crunchbase.com/organization/fly-io
radema,13175,Fly.io,https://www.crunchbase.com/organization/fly-io,fly-io,https://www.crunchbase.com/organization/fly-io
kaggle_startups,,Flynn,http://www.crunchbase.com/organization/flynn,flynn,https://www.crunchbase.com/organization/flynn
kaggle_startups,,Flypad,http://www.crunchbase.com/organization/flypad,flypad,https://www.crunchbase.com/organization/flypad
datahive,672,Flytenow,https://www.crunchbase.com/organization/flytenow,flytenow,https://www.crunchbase.com/organization/flytenow
kaggle_startups,,Flytenow,http://www.crunchbase.com/organization/flytenow,flytenow,https://www.crunchbase.com/organization/flytenow
radema,672,Flytenow,https://www.crunchbase.com/organization/flytenow,flytenow,https://www.crunchbase.com/organization/flytenow
datahive,101,Fobo,https://www.crunchbase.com/organization/fobo,fobo,https://www.crunchbase.com/organization/fobo
radema,101,Fobo,https://www.crunchbase.com/organization/fobo,fobo,https://www.crunchbase.com/organization/fobo
datahive,999,Focal Systems,https://www.crunchbase.com/organization/focal-systems,focal-systems,https://www.crunchbase.com/organization/focal-systems
radema,999,Focal Systems,https://www.crunchbase.com/organization/focal-systems,focal-systems,https://www.crunchbase.com/organization/focal-systems
datahive,51,Fond,https://www.crunchbase.com/organization/fond,fond,https://www.crunchbase.com/organization/fond
radema,51,Fond,https://www.crunchbase.com/organization/fond,fond,https://www.crunchbase.com/organization/fond
datahive,13495,Fondeadora,https://www.crunchbase.com/organization/fondeadora,fondeadora,https://www.crunchbase.com/organization/fondeadora
radema,13495,Fondeadora,https://www.crunchbase.com/organization/fondeadora,fondeadora,https://www.crunchbase.com/organization/fondeadora
datahive,943,Font Awesome,https://www.crunchbase.com/organization/font-awesome,font-awesome,https://www.crunchbase.com/organization/font-awesome
radema,943,Font Awesome,https://www.crunchbase.com/organization/font-awesome,font-awesome,https://www.crunchbase.com/organization/font-awesome
datahive,269,Foodoro,https://www.crunchbase.com/organization/foodoro,foodoro,https://www.crunchbase.com/organization/foodoro
kaggle_startups,,Foodoro,http://www.crunchbase.com/organization/foodoro,foodoro,https://www.crunchbase.com/organization/foodoro
radema,269,Foodoro,https://www.crunchbase.com/organization/foodoro,foodoro,https://www.crunchbase.com/organization/foodoro
datahive,24158,Forage,https://www.crunchbase.com/organization/forage,forage,https://www.crunchbase.com/organization/forage
radema,24158,Forage,https://www.crunchbase.com/organization/forage,forage,https://www.crunchbase.com/organization/forage
datahive,1696,Forever Labs,https://www.crunchbase.com/organization/forever-labs,forever-labs,https://www.crunchbase.com/organization/forever-labs
radema,1696,Forever Labs,https://www.crunchbase.com/organization/forever-labs,forever-labs,https://www.crunchbase.com/organization/forever-labs
datahive,22714,Fountain9,https://www.crunchbase.com/organization/fountain9,fountain9,https://www.crunchbase.com/organization/fountain9
radema,22714,Fountain9,https://www.crunchbase.com/organization/fountain9,fountain9,https://www.crunchbase.com/organization/fountain9
datahive,2005,Four Growers,https://www.crunchbase.com/organization/four-growers,four-growers,https://www.crunchbase.com/organization/four-growers
radema,2005,Four Growers,https://www.crunchbase.com/organization/four-growers,four-growers,https://www.crunchbase.com/organization/four-growers
datahive,894,Foxpass,https://www.crunchbase.com/organization/foxpass,foxpass,https://www.crunchbase.com/organization/foxpass
radema,894,Foxpass,https://www.crunchbase.com/organization/foxpass,foxpass,https://www.crunchbase.com/organization/foxpass
datahive,406,Framebase,https://www.crunchbase.com/organization/framebase,framebase,https://www.crunchbase.com/organization/framebase
radema,406,Framebase,https://www.crunchbase.com/organization/framebase,framebase,https://www.crunchbase.com/organization/framebase
datahive,646,Framed Data,https://www.crunchbase.com/organization/framed-data,framed-data,https://www.crunchbase.com/organization/framed-data
kaggle_startups,,Framed Data,http://www.crunchbase.com/organization/framed-data,framed-data,https://www.crunchbase.com/organization/framed-data
radema,646,Framed Data,https://www.crunchbase.com/organization/framed-data,framed-data,https://www.crunchbase.com/organization/framed-data
radema,1395,Freckle Education,https://www.crunchbase.com/organization/freckle-education,freckle-education,https://www.crunchbase.com/organization/freckle-education
datahive,70,Freshplum,https://www.crunchbase.com/organization/freshplum,freshplum,https://www.crunchbase.com/organization/freshplum
kaggle_startups,,FreshPlum,http://www.crunchbase.com/organization/freshplum,freshplum,https://www.crunchbase.com/organization/freshplum
radema,70,Freshplum,https://www.crunchbase.com/organization/freshplum,freshplum,https://www.crunchbase.com/organization/freshplum
datahive,24446,Freterium,https://www.crunchbase.com/organization/freterium,freterium,https://www.crunchbase.com/organization/freterium
radema,24446,Freterium,https://www.crunchbase.com/organization/freterium,freterium,https://www.crunchbase.com/organization/freterium
datahive,30655,Frizzle,https://www.crunchbase.com/organization/frizzle,frizzle,https://www.crunchbase.com/organization/frizzle
datahive,286,Frogmetrics,https://www.crunchbase.com/organization/frogmetrics,frogmetrics,https://www.crunchbase.com/organization/frogmetrics
kaggle_startups,,Frogmetrics,http://www.crunchbase.com/organization/frogmetrics,frogmetrics,https://www.crunchbase.com/organization/frogmetrics
radema,286,Frogmetrics,https://www.crunchbase.com/organization/frogmetrics,frogmetrics,https://www.crunchbase.com/organization/frogmetrics
datahive,727,Front,https://www.crunchbase.com/organization/front-app,front-app,https://www.crunchbase.com/organization/front-app
radema,727,Front,https://www.crunchbase.com/organization/front-app,front-app,https://www.crunchbase.com/organization/front-app
datahive,12264,Frubana Inc,https://www.crunchbase.com/organization/frubana,frubana,https://www.crunchbase.com/organization/frubana
radema,12264,Frubana Inc,https://www.crunchbase.com/organization/frubana,frubana,https://www.crunchbase.com/organization/frubana
datahive,25722,Fuell,https://www.crunchbase.com/organization/fuell-corporate-cards,fuell-corporate-cards,https://www.crunchbase.com/organization/fuell-corporate-cards
radema,25722,Fuell,https://www.crunchbase.com/organization/fuell-corporate-cards,fuell-corporate-cards,https://www.crunchbase.com/organization/fuell-corporate-cards
datahive,397,Fullstack Academy,https://www.crunchbase.com/organization/fullstack-academy,fullstack-academy,https://www.crunchbase.com/organization/fullstack-academy
radema,397,Fullstack Academy,https://www.crunchbase.com/organization/fullstack-academy,fullstack-academy,https://www.crunchbase.com/organization/fullstack-academy
datahive,1037,Function of Beauty,https://www.crunchbase.com/organization/function-of-beauty,function-of-beauty,https://www.crunchbase.com/organization/function-of-beauty
radema,1037,Function of Beauty,https://www.crunchbase.com/organization/function-of-beauty,function-of-beauty,https://www.crunchbase.com/organization/function-of-beauty
datahive,415,FundersClub,https://www.crunchbase.com/organization/fundersclub,fundersclub,https://www.crunchbase.com/organization/fundersclub
kaggle_startups,,FundersClub,http://www.crunchbase.com/organization/fundersclub,fundersclub,https://www.crunchbase.com/organization/fundersclub
radema,415,FundersClub,https://www.crunchbase.com/organization/fundersclub,fundersclub,https://www.crunchbase.com/organization/fundersclub
datahive,22305,Future Fields,https://www.crunchbase.com/organization/future-fields,future-fields,https://www.crunchbase.com/organization/future-fields
radema,22305,Future Fields,https://www.crunchbase.com/organization/future-fields,future-fields,https://www.crunchbase.com/organization/future-fields
datahive,1208,Farmstead,https://www.crunchbase.com/organization/futureads-llc,futureads-llc,https://www.crunchbase.com/organization/futureads-llc
radema,1208,Farmstead,https://www.crunchbase.com/organization/futureads-llc,futureads-llc,https://www.crunchbase.com/organization/futureads-llc
datahive,197,FutureAdvisor,https://www.crunchbase.com/organization/futureadvisor,futureadvisor,https://www.crunchbase.com/organization/futureadvisor
kaggle_startups,,FutureAdvisor,http://www.crunchbase.com/organization/futureadvisor,futureadvisor,https://www.crunchbase.com/organization/futureadvisor
radema,197,FutureAdvisor,https://www.crunchbase.com/organization/futureadvisor,futureadvisor,https://www.crunchbase.com/organization/futureadvisor
datahive,11921,Fuzzbuzz,https://www.crunchbase.com/organization/fuzzbuzz,fuzzbuzz,https://www.crunchbase.com/organization/fuzzbuzz
radema,11921,Fuzzbuzz,https://www.crunchbase.com/organization/fuzzbuzz,fuzzbuzz,https://www.crunchbase.com/organization/fuzzbuzz
datahive,340,Fuzzwich,https://www.crunchbase.com/organization/fuzzwich,fuzzwich,https://www.crunchbase.com/organization/fuzzwich
kaggle_startups,,Fuzzwich,http://www.crunchbase.com/organization/fuzzwich,fuzzwich,https://www.crunchbase.com/organization/fuzzwich
radema,340,Fuzzwich,https://www.crunchbase.com/organization/fuzzwich,fuzzwich,https://www.crunchbase.com/organization/fuzzwich
datahive,1819,Gainful,https://www.crunchbase.com/organization/gainful,gainful,https://www.crunchbase.com/organization/gainful
radema,1819,Gainful,https://www.crunchbase.com/organization/gainful,gainful,https://www.crunchbase.com/organization/gainful
datahive,228,Gamador,https://www.crunchbase.com/organization/gamador,gamador,https://www.crunchbase.com/organization/gamador
kaggle_startups,,Gamador,http://www.crunchbase.com/organization/gamador,gamador,https://www.crunchbase.com/organization/gamador
radema,228,Gamador,https://www.crunchbase.com/organization/gamador,gamador,https://www.crunchbase.com/organization/gamador
datahive,1606,Gameday,https://www.crunchbase.com/organization/gameday-3,gameday-3,https://www.crunchbase.com/organization/gameday-3
radema,1606,Gameday,https://www.crunchbase.com/organization/gameday-3,gameday-3,https://www.crunchbase.com/organization/gameday-3
datahive,1681,Gamelynx,https://www.crunchbase.com/organization/gamelynx,gamelynx,https://www.crunchbase.com/organization/gamelynx
radema,1681,Gamelynx,https://www.crunchbase.com/organization/gamelynx,gamelynx,https://www.crunchbase.com/organization/gamelynx
datahive,673,Hyperpad,https://www.crunchbase.com/organization/gamepress,gamepress,https://www.crunchbase.com/organization/gamepress
radema,673,Hyperpad,https://www.crunchbase.com/organization/gamepress,gamepress,https://www.crunchbase.com/organization/gamepress
datahive,24830,GamerPay,https://www.crunchbase.com/organization/gamerpay,gamerpay,https://www.crunchbase.com/organization/gamerpay
radema,24830,GamerPay,https://www.crunchbase.com/organization/gamerpay,gamerpay,https://www.crunchbase.com/organization/gamerpay
datahive,190,Gantto,https://www.crunchbase.com/organization/gantto,gantto,https://www.crunchbase.com/organization/gantto
kaggle_startups,,Gantto,http://www.crunchbase.com/organization/gantto,gantto,https://www.crunchbase.com/organization/gantto
radema,190,Gantto,https://www.crunchbase.com/organization/gantto,gantto,https://www.crunchbase.com/organization/gantto
datahive,1237,garten,https://www.crunchbase.com/organization/garten,garten,https://www.crunchbase.com/organization/garten
radema,1237,garten,https://www.crunchbase.com/organization/garten,garten,https://www.crunchbase.com/organization/garten
datahive,13573,Gas Pos,https://www.crunchbase.com/organization/gas-pos-inc,gas-pos-inc,https://www.crunchbase.com/organization/gas-pos-inc
radema,13573,Gas Pos,https://www.crunchbase.com/organization/gas-pos-inc,gas-pos-inc,https://www.crunchbase.com/organization/gas-pos-inc
datahive,1673,OneLocal,https://www.crunchbase.com/organization/gata-labs,gata-labs,https://www.crunchbase.com/organization/gata-labs
radema,1673,OneLocal,https://www.crunchbase.com/organization/gata-labs,gata-labs,https://www.crunchbase.com/organization/gata-labs
datahive,193,GazeHawk,https://www.crunchbase.com/organization/gazehawk,gazehawk,https://www.crunchbase.com/organization/gazehawk
kaggle_startups,,GazeHawk,http://www.crunchbase.com/organization/gazehawk,gazehawk,https://www.crunchbase.com/organization/gazehawk
radema,193,GazeHawk,https://www.crunchbase.com/organization/gazehawk,gazehawk,https://www.crunchbase.com/organization/gazehawk
datahive,639,GBatteries,https://www.crunchbase.com/organization/gbatteries,gbatteries,https://www.crunchbase.com/organization/gbatteries
kaggle_startups,,Gbatteries,http://www.crunchbase.com/organization/gbatteries,gbatteries,https://www.crunchbase.com/organization/gbatteries
radema,639,GBatteries,https://www.crunchbase.com/organization/gbatteries,gbatteries,https://www.crunchbase.com/organization/gbatteries
datahive,1051,Gecko Robotics,https://www.crunchbase.com/organization/gecko-robotics,gecko-robotics,https://www.crunchbase.com/organization/gecko-robotics
radema,1051,Gecko Robotics,https://www.crunchbase.com/organization/gecko-robotics,gecko-robotics,https://www.crunchbase.com/organization/gecko-robotics
radema,1392,Geddit,https://www.crunchbase.com/organization/geddit,geddit,https://www.crunchbase.com/organization/geddit
datahive,1694,Gem,https://www.crunchbase.com/organization/gem-software,gem-software,https://www.crunchbase.com/organization/gem-software
radema,1694,Gem,https://www.crunchbase.com/organization/gem-software,gem-software,https://www.crunchbase.com/organization/gem-software
datahive,871,Gemnote,https://www.crunchbase.com/organization/gemnote,gemnote,https://www.crunchbase.com/organization/gemnote
radema,871,Gemnote,https://www.crunchbase.com/organization/gemnote,gemnote,https://www.crunchbase.com/organization/gemnote
datahive,12614,GEn1E Lifesciences,https://www.crunchbase.com/organization/gen1e-lifesciences,gen1e-lifesciences,https://www.crunchbase.com/organization/gen1e-lifesciences
radema,12614,GEn1E Lifesciences,https://www.crunchbase.com/organization/gen1e-lifesciences,gen1e-lifesciences,https://www.crunchbase.com/organization/gen1e-lifesciences
datahive,12581,Genecis Bio,https://www.crunchbase.com/organization/genecis-envirotech,genecis-envirotech,https://www.crunchbase.com/organization/genecis-envirotech
radema,12581,Genecis Bio,https://www.crunchbase.com/organization/genecis-envirotech,genecis-envirotech,https://www.crunchbase.com/organization/genecis-envirotech
datahive,75,Genius,https://www.crunchbase.com/organization/genius-com,genius-com,https://www.crunchbase.com/organization/genius-com
radema,75,Genius,https://www.crunchbase.com/organization/genius-com,genius-com,https://www.crunchbase.com/organization/genius-com
datahive,24575,Genuity,https://www.crunchbase.com/organization/genuity-a9ae,genuity-a9ae,https://www.crunchbase.com/organization/genuity-a9ae
radema,24575,Genuity,https://www.crunchbase.com/organization/genuity-a9ae,genuity-a9ae,https://www.crunchbase.com/organization/genuity-a9ae
datahive,11978,Avalanche,https://www.crunchbase.com/organization/geopredict,geopredict,https://www.crunchbase.com/organization/geopredict
radema,11978,Avalanche,https://www.crunchbase.com/organization/geopredict,geopredict,https://www.crunchbase.com/organization/geopredict
datahive,1064,Georgette Packaging,https://www.crunchbase.com/organization/georgette-packaging,georgette-packaging,https://www.crunchbase.com/organization/georgette-packaging
radema,1064,Georgette Packaging,https://www.crunchbase.com/organization/georgette-packaging,georgette-packaging,https://www.crunchbase.com/organization/georgette-packaging
datahive,11931,Geosite,https://www.crunchbase.com/organization/geosite-inc,geosite-inc,https://www.crunchbase.com/organization/geosite-inc
radema,11931,Geosite,https://www.crunchbase.com/organization/geosite-inc,geosite-inc,https://www.crunchbase.com/organization/geosite-inc
datahive,22702,"Gerald Technologies, Inc",https://www.crunchbase.com/organization/gerald,gerald,https://www.crunchbase.com/organization/gerald
radema,22702,"Gerald Technologies, Inc",https://www.crunchbase.com/organization/gerald,gerald,https://www.crunchbase.com/organization/gerald
datahive,2031,Gerostate Alpha,https://www.crunchbase.com/organization/gerostate-alpha,gerostate-alpha,https://www.crunchbase.com/organization/gerostate-alpha
radema,2031,Gerostate Alpha,https://www.crunchbase.com/organization/gerostate-alpha,gerostate-alpha,https://www.crunchbase.com/organization/gerostate-alpha
datahive,21963,Justo,https://www.crunchbase.com/organization/get-justo,get-justo,https://www.crunchbase.com/organization/get-justo
radema,21963,Justo,https://www.crunchbase.com/organization/get-justo,get-justo,https://www.crunchbase.com/organization/get-justo
kaggle_startups,,Thalmic Labs (Myo),http://www.crunchbase.com/organization/get-myo,get-myo,https://www.crunchbase.com/organization/get-myo
datahive,987,GetAccept,https://www.crunchbase.com/organization/getaccept,getaccept,https://www.crunchbase.com/organization/getaccept
radema,987,GetAccept,https://www.crunchbase.com/organization/getaccept,getaccept,https://www.crunchbase.com/organization/getaccept
datahive,463,GetGoing,https://www.crunchbase.com/organization/getgoing-inc,getgoing-inc,https://www.crunchbase.com/organization/getgoing-inc
kaggle_startups,,GetGoing,http://www.crunchbase.com/organization/getgoing-inc,getgoing-inc,https://www.crunchbase.com/organization/getgoing-inc
radema,463,GetGoing,https://www.crunchbase.com/organization/getgoing-inc,getgoing-inc,https://www.crunchbase.com/organization/getgoing-inc
kaggle_startups,,Giftrocket,http://www.crunchbase.com/organization/giftrocket,giftrocket,https://www.crunchbase.com/organization/giftrocket
radema,1388,GigaBryte,https://www.crunchbase.com/organization/gigabryte,gigabryte,https://www.crunchbase.com/organization/gigabryte
datahive,22673,Gigs Live,https://www.crunchbase.com/organization/gigs-live,gigs-live,https://www.crunchbase.com/organization/gigs-live
radema,22673,Gigs Live,https://www.crunchbase.com/organization/gigs-live,gigs-live,https://www.crunchbase.com/organization/gigs-live
datahive,971,Gigster,https://www.crunchbase.com/organization/gigster,gigster,https://www.crunchbase.com/organization/gigster
radema,971,Gigster,https://www.crunchbase.com/organization/gigster,gigster,https://www.crunchbase.com/organization/gigster
datahive,1010,Gigwell,https://www.crunchbase.com/organization/gigwell-2,gigwell-2,https://www.crunchbase.com/organization/gigwell-2
radema,1010,Gigwell,https://www.crunchbase.com/organization/gigwell-2,gigwell-2,https://www.crunchbase.com/organization/gigwell-2
datahive,26051,GIMO,https://www.crunchbase.com/organization/gimo,gimo,https://www.crunchbase.com/organization/gimo
radema,26051,GIMO,https://www.crunchbase.com/organization/gimo,gimo,https://www.crunchbase.com/organization/gimo
datahive,729,Ginkgo Bioworks,https://www.crunchbase.com/organization/ginkgo-bioworks,ginkgo-bioworks,https://www.crunchbase.com/organization/ginkgo-bioworks
kaggle_startups,,Ginko Bioworks,http://www.crunchbase.com/organization/ginkgo-bioworks,ginkgo-bioworks,https://www.crunchbase.com/organization/ginkgo-bioworks
radema,729,Ginkgo Bioworks,https://www.crunchbase.com/organization/ginkgo-bioworks,ginkgo-bioworks,https://www.crunchbase.com/organization/ginkgo-bioworks
datahive,187,DemandSphere,https://www.crunchbase.com/organization/ginzametrics,ginzametrics,https://www.crunchbase.com/organization/ginzametrics
kaggle_startups,,GinzaMetrics,http://www.crunchbase.com/organization/ginzametrics,ginzametrics,https://www.crunchbase.com/organization/ginzametrics
radema,187,DemandSphere,https://www.crunchbase.com/organization/ginzametrics,ginzametrics,https://www.crunchbase.com/organization/ginzametrics
datahive,810,GitLab,https://www.crunchbase.com/organization/gitlab-com,gitlab-com,https://www.crunchbase.com/organization/gitlab-com
radema,810,GitLab,https://www.crunchbase.com/organization/gitlab-com,gitlab-com,https://www.crunchbase.com/organization/gitlab-com
datahive,1091,GitPrime,https://www.crunchbase.com/organization/gitprime,gitprime,https://www.crunchbase.com/organization/gitprime
radema,1091,GitPrime,https://www.crunchbase.com/organization/gitprime,gitprime,https://www.crunchbase.com/organization/gitprime
datahive,13509,GiveAway,https://www.crunchbase.com/organization/giveaway-189e,giveaway-189e,https://www.crunchbase.com/organization/giveaway-189e
radema,13509,GiveAway,https://www.crunchbase.com/organization/giveaway-189e,giveaway-189e,https://www.crunchbase.com/organization/giveaway-189e
datahive,914,GiveCampus,https://www.crunchbase.com/organization/givecampus,givecampus,https://www.crunchbase.com/organization/givecampus
radema,914,GiveCampus,https://www.crunchbase.com/organization/givecampus,givecampus,https://www.crunchbase.com/organization/givecampus
datahive,811,Giveffect,https://www.crunchbase.com/organization/giveffect,giveffect,https://www.crunchbase.com/organization/giveffect
radema,811,Giveffect,https://www.crunchbase.com/organization/giveffect,giveffect,https://www.crunchbase.com/organization/giveffect
datahive,29415,Givefront,https://www.crunchbase.com/organization/givefront,givefront,https://www.crunchbase.com/organization/givefront
radema,29415,Givefront,https://www.crunchbase.com/organization/givefront,givefront,https://www.crunchbase.com/organization/givefront
datahive,764,GiveMeTap,https://www.crunchbase.com/organization/givemetap,givemetap,https://www.crunchbase.com/organization/givemetap
radema,764,GiveMeTap,https://www.crunchbase.com/organization/givemetap,givemetap,https://www.crunchbase.com/organization/givemetap
datahive,66,GiveSpark,https://www.crunchbase.com/organization/givespark,givespark,https://www.crunchbase.com/organization/givespark
kaggle_startups,,Givespark,http://www.crunchbase.com/organization/givespark,givespark,https://www.crunchbase.com/organization/givespark
radema,66,GiveSpark,https://www.crunchbase.com/organization/givespark,givespark,https://www.crunchbase.com/organization/givespark
datahive,812,Glassjar,https://www.crunchbase.com/organization/glassjar,glassjar,https://www.crunchbase.com/organization/glassjar
radema,812,Glassjar,https://www.crunchbase.com/organization/glassjar,glassjar,https://www.crunchbase.com/organization/glassjar
datahive,29586,Glasskube,https://www.crunchbase.com/organization/glasskube,glasskube,https://www.crunchbase.com/organization/glasskube
kaggle_startups,,Glassmap,http://www.crunchbase.com/organization/glassmap,glassmap,https://www.crunchbase.com/organization/glassmap
datahive,12256,Glide,https://www.crunchbase.com/organization/glide-apps,glide-apps,https://www.crunchbase.com/organization/glide-apps
radema,12256,Glide,https://www.crunchbase.com/organization/glide-apps,glide-apps,https://www.crunchbase.com/organization/glide-apps
datahive,61,Glider,https://www.crunchbase.com/organization/glider-io,glider-io,https://www.crunchbase.com/organization/glider-io
radema,61,Glider,https://www.crunchbase.com/organization/glider-io,glider-io,https://www.crunchbase.com/organization/glider-io
datahive,22218,Glimpse,https://www.crunchbase.com/organization/glimpse-1ee9,glimpse-1ee9,https://www.crunchbase.com/organization/glimpse-1ee9
radema,22218,Glimpse,https://www.crunchbase.com/organization/glimpse-1ee9,glimpse-1ee9,https://www.crunchbase.com/organization/glimpse-1ee9
datahive,1774,Glimpse K12,https://www.crunchbase.com/organization/glimpsek12,glimpsek12,https://www.crunchbase.com/organization/glimpsek12
radema,1774,Glimpse K12,https://www.crunchbase.com/organization/glimpsek12,glimpsek12,https://www.crunchbase.com/organization/glimpsek12
datahive,536,Glio,https://www.crunchbase.com/organization/glio,glio,https://www.crunchbase.com/organization/glio
kaggle_startups,,Glio,http://www.crunchbase.com/organization/glio,glio,https://www.crunchbase.com/organization/glio
radema,536,Glio,https://www.crunchbase.com/organization/glio,glio,https://www.crunchbase.com/organization/glio
datahive,24264,Glitzi,https://www.crunchbase.com/organization/glitzi,glitzi,https://www.crunchbase.com/organization/glitzi
radema,24264,Glitzi,https://www.crunchbase.com/organization/glitzi,glitzi,https://www.crunchbase.com/organization/glitzi
datahive,13206,Global Belly,https://www.crunchbase.com/organization/global-belly,global-belly,https://www.crunchbase.com/organization/global-belly
radema,13206,Global Belly,https://www.crunchbase.com/organization/global-belly,global-belly,https://www.crunchbase.com/organization/global-belly
datahive,1747,Glowing.io,https://www.crunchbase.com/organization/glowing,glowing,https://www.crunchbase.com/organization/glowing
radema,1747,Glowing.io,https://www.crunchbase.com/organization/glowing,glowing,https://www.crunchbase.com/organization/glowing
datahive,674,TAXA Biotechnologies,https://www.crunchbase.com/organization/glowing-plant,glowing-plant,https://www.crunchbase.com/organization/glowing-plant
kaggle_startups,,Glowing Plant,http://www.crunchbase.com/organization/glowing-plant,glowing-plant,https://www.crunchbase.com/organization/glowing-plant
radema,674,TAXA Biotechnologies,https://www.crunchbase.com/organization/glowing-plant,glowing-plant,https://www.crunchbase.com/organization/glowing-plant
datahive,944,Go1,https://www.crunchbase.com/organization/go1,go1,https://www.crunchbase.com/organization/go1
radema,944,Go1,https://www.crunchbase.com/organization/go1,go1,https://www.crunchbase.com/organization/go1
radema,1354,Goalbook,https://www.crunchbase.com/organization/goalbook,goalbook,https://www.crunchbase.com/organization/goalbook
datahive,168,GOAT Group,https://www.crunchbase.com/organization/goatapp,goatapp,https://www.crunchbase.com/organization/goatapp
radema,168,GOAT Group,https://www.crunchbase.com/organization/goatapp,goatapp,https://www.crunchbase.com/organization/goatapp
datahive,637,Gobble,https://www.crunchbase.com/organization/gobble,gobble,https://www.crunchbase.com/organization/gobble
kaggle_startups,,Gobble,http://www.crunchbase.com/organization/gobble,gobble,https://www.crunchbase.com/organization/gobble
radema,637,Gobble,https://www.crunchbase.com/organization/gobble,gobble,https://www.crunchbase.com/organization/gobble
datahive,98,GoCardless,https://www.crunchbase.com/organization/gocardless,gocardless,https://www.crunchbase.com/organization/gocardless
kaggle_startups,,GoCardless,http://www.crunchbase.com/organization/gocardless,gocardless,https://www.crunchbase.com/organization/gocardless
radema,98,GoCardless,https://www.crunchbase.com/organization/gocardless,gocardless,https://www.crunchbase.com/organization/gocardless
datahive,530,GoComm,https://www.crunchbase.com/organization/gocomm,gocomm,https://www.crunchbase.com/organization/gocomm
kaggle_startups,,GoComm,http://www.crunchbase.com/organization/gocomm,gocomm,https://www.crunchbase.com/organization/gocomm
radema,530,GoComm,https://www.crunchbase.com/organization/gocomm,gocomm,https://www.crunchbase.com/organization/gocomm
datahive,1264,GoGoGrandparent,https://www.crunchbase.com/organization/gogograndparent,gogograndparent,https://www.crunchbase.com/organization/gogograndparent
radema,1264,GoGoGrandparent,https://www.crunchbase.com/organization/gogograndparent,gogograndparent,https://www.crunchbase.com/organization/gogograndparent
datahive,508,Goldbelly,https://www.crunchbase.com/organization/goldbelly,goldbelly,https://www.crunchbase.com/organization/goldbelly
radema,508,Goldbelly,https://www.crunchbase.com/organization/goldbelly,goldbelly,https://www.crunchbase.com/organization/goldbelly
kaggle_startups,,Goldbely,http://www.crunchbase.com/organization/goldbely,goldbely,https://www.crunchbase.com/organization/goldbely
datahive,11984,GoLinks,https://www.crunchbase.com/organization/golinks,golinks,https://www.crunchbase.com/organization/golinks
radema,11984,GoLinks,https://www.crunchbase.com/organization/golinks,golinks,https://www.crunchbase.com/organization/golinks
datahive,1052,GoLorry,https://www.crunchbase.com/organization/golorry,golorry,https://www.crunchbase.com/organization/golorry
radema,1052,GoLorry,https://www.crunchbase.com/organization/golorry,golorry,https://www.crunchbase.com/organization/golorry
datahive,22565,Gonddo,https://www.crunchbase.com/organization/gonddo,gonddo,https://www.crunchbase.com/organization/gonddo
radema,22565,Gonddo,https://www.crunchbase.com/organization/gonddo,gonddo,https://www.crunchbase.com/organization/gonddo
datahive,1930,The Good Food Institute,https://www.crunchbase.com/organization/good-food-institute,good-food-institute,https://www.crunchbase.com/organization/good-food-institute
radema,1930,The Good Food Institute,https://www.crunchbase.com/organization/good-food-institute,good-food-institute,https://www.crunchbase.com/organization/good-food-institute
datahive,27899,GoodCourse,https://www.crunchbase.com/organization/goodcourse,goodcourse,https://www.crunchbase.com/organization/goodcourse
radema,27899,GoodCourse,https://www.crunchbase.com/organization/goodcourse,goodcourse,https://www.crunchbase.com/organization/goodcourse
datahive,2008,Goodly,https://www.crunchbase.com/organization/goodly,goodly,https://www.crunchbase.com/organization/goodly
radema,2008,Goodly,https://www.crunchbase.com/organization/goodly,goodly,https://www.crunchbase.com/organization/goodly
datahive,1025,Goodybag,https://www.crunchbase.com/organization/goodybag,goodybag,https://www.crunchbase.com/organization/goodybag
radema,1025,Goodybag,https://www.crunchbase.com/organization/goodybag,goodybag,https://www.crunchbase.com/organization/goodybag
datahive,1653,Goosebump,https://www.crunchbase.com/organization/goosebump,goosebump,https://www.crunchbase.com/organization/goosebump
radema,1653,Goosebump,https://www.crunchbase.com/organization/goosebump,goosebump,https://www.crunchbase.com/organization/goosebump
datahive,12065,Gordian Software,https://www.crunchbase.com/organization/gordian-software,gordian-software,https://www.crunchbase.com/organization/gordian-software
radema,12065,Gordian Software,https://www.crunchbase.com/organization/gordian-software,gordian-software,https://www.crunchbase.com/organization/gordian-software
datahive,26108,GoSats,https://www.crunchbase.com/organization/gosats,gosats,https://www.crunchbase.com/organization/gosats
radema,26108,GoSats,https://www.crunchbase.com/organization/gosats,gosats,https://www.crunchbase.com/organization/gosats
datahive,449,GoScale,https://www.crunchbase.com/organization/goscale,goscale,https://www.crunchbase.com/organization/goscale
radema,449,GoScale,https://www.crunchbase.com/organization/goscale,goscale,https://www.crunchbase.com/organization/goscale
datahive,675,GovPredict,https://www.crunchbase.com/organization/govpredict,govpredict,https://www.crunchbase.com/organization/govpredict
radema,675,GovPredict,https://www.crunchbase.com/organization/govpredict,govpredict,https://www.crunchbase.com/organization/govpredict
kaggle_startups,,Markupwand,http://www.crunchbase.com/organization/goyaka-inc,goyaka-inc,https://www.crunchbase.com/organization/goyaka-inc
datahive,1937,Grabb-It,https://www.crunchbase.com/organization/grabb-it,grabb-it,https://www.crunchbase.com/organization/grabb-it
radema,1937,Grabb-It,https://www.crunchbase.com/organization/grabb-it,grabb-it,https://www.crunchbase.com/organization/grabb-it
datahive,30250,GradeWiz,https://www.crunchbase.com/organization/gradewiz?__cf_chl_tk=g2VjS8tG4j8TT8t2yxPE3HsJ6avXzLA.1FDb3murnbQ-1748623395-1.0.1.1-jzQ.X810lPIBUsMcNhfiKSSeimImyrM3YTJM5SB84jo,gradewiz,https://www.crunchbase.com/organization/gradewiz
datahive,255,GraffitiGeo,https://www.crunchbase.com/organization/graffitigeo-inc,graffitigeo-inc,https://www.crunchbase.com/organization/graffitigeo-inc
kaggle_startups,,GraffitiGeo,http://www.crunchbase.com/organization/graffitigeo-inc,graffitigeo-inc,https://www.crunchbase.com/organization/graffitigeo-inc
radema,255,GraffitiGeo,https://www.crunchbase.com/organization/graffitigeo-inc,graffitigeo-inc,https://www.crunchbase.com/organization/graffitigeo-inc
datahive,537,Graft Concepts,https://www.crunchbase.com/organization/graft-concepts,graft-concepts,https://www.crunchbase.com/organization/graft-concepts
radema,537,Graft Concepts,https://www.crunchbase.com/organization/graft-concepts,graft-concepts,https://www.crunchbase.com/organization/graft-concepts
datahive,27040,Grai,https://www.crunchbase.com/organization/grai,grai,https://www.crunchbase.com/organization/grai
radema,27040,Grai,https://www.crunchbase.com/organization/grai,grai,https://www.crunchbase.com/organization/grai
datahive,13174,Grain,https://www.crunchbase.com/organization/grain-c423,grain-c423,https://www.crunchbase.com/organization/grain-c423
radema,13174,Grain,https://www.crunchbase.com/organization/grain-c423,grain-c423,https://www.crunchbase.com/organization/grain-c423
datahive,862,Teleport,https://www.crunchbase.com/organization/gravitational,gravitational,https://www.crunchbase.com/organization/gravitational
radema,862,Teleport,https://www.crunchbase.com/organization/gravitational,gravitational,https://www.crunchbase.com/organization/gravitational
kaggle_startups,,Streak.com,http://www.crunchbase.com/organization/greek-streak,greek-streak,https://www.crunchbase.com/organization/greek-streak
datahive,11957,Green Energy Exchange,https://www.crunchbase.com/organization/green-energy-exchange,green-energy-exchange,https://www.crunchbase.com/organization/green-energy-exchange
radema,11957,Green Energy Exchange,https://www.crunchbase.com/organization/green-energy-exchange,green-energy-exchange,https://www.crunchbase.com/organization/green-energy-exchange
datahive,677,Greentoe,https://www.crunchbase.com/organization/greentoe,greentoe,https://www.crunchbase.com/organization/greentoe
kaggle_startups,,Greentoe,http://www.crunchbase.com/organization/greentoe,greentoe,https://www.crunchbase.com/organization/greentoe
radema,677,Greentoe,https://www.crunchbase.com/organization/greentoe,greentoe,https://www.crunchbase.com/organization/greentoe
radema,24580,Greenwork,https://www.crunchbase.com/organization/greenwork,greenwork,https://www.crunchbase.com/organization/greenwork
datahive,1623,Greo,https://www.crunchbase.com/organization/greo,greo,https://www.crunchbase.com/organization/greo
radema,1623,Greo,https://www.crunchbase.com/organization/greo,greo,https://www.crunchbase.com/organization/greo
datahive,483,GrepData,https://www.crunchbase.com/organization/grepdata,grepdata,https://www.crunchbase.com/organization/grepdata
radema,483,GrepData,https://www.crunchbase.com/organization/grepdata,grepdata,https://www.crunchbase.com/organization/grepdata
datahive,22889,Greywing,https://www.crunchbase.com/organization/greywing-28da,greywing-28da,https://www.crunchbase.com/organization/greywing-28da
radema,22889,Greywing,https://www.crunchbase.com/organization/greywing-28da,greywing-28da,https://www.crunchbase.com/organization/greywing-28da
kaggle_startups,,Grid,http://www.crunchbase.com/organization/grid,grid,https://www.crunchbase.com/organization/grid
datahive,22789,Gridware,https://www.crunchbase.com/organization/gridware,gridware,https://www.crunchbase.com/organization/gridware
radema,22789,Gridware,https://www.crunchbase.com/organization/gridware,gridware,https://www.crunchbase.com/organization/gridware
datahive,2013,Grin,https://www.crunchbase.com/organization/grin-scooters,grin-scooters,https://www.crunchbase.com/organization/grin-scooters
radema,2013,Grin,https://www.crunchbase.com/organization/grin-scooters,grin-scooters,https://www.crunchbase.com/organization/grin-scooters
datahive,766,GroupAhead,https://www.crunchbase.com/organization/groupahead,groupahead,https://www.crunchbase.com/organization/groupahead
radema,766,GroupAhead,https://www.crunchbase.com/organization/groupahead,groupahead,https://www.crunchbase.com/organization/groupahead
datahive,39,Grouper,https://www.crunchbase.com/organization/grouper-2,grouper-2,https://www.crunchbase.com/organization/grouper-2
kaggle_startups,,Grouper,http://www.crunchbase.com/organization/grouper-2,grouper-2,https://www.crunchbase.com/organization/grouper-2
radema,39,Grouper,https://www.crunchbase.com/organization/grouper-2,grouper-2,https://www.crunchbase.com/organization/grouper-2
datahive,25174,GrowthBook,https://www.crunchbase.com/organization/growth-book,growth-book,https://www.crunchbase.com/organization/growth-book
radema,25174,GrowthBook,https://www.crunchbase.com/organization/growth-book,growth-book,https://www.crunchbase.com/organization/growth-book
datahive,1839,Groww,https://www.crunchbase.com/organization/groww,groww,https://www.crunchbase.com/organization/groww
radema,1839,Groww,https://www.crunchbase.com/organization/groww,groww,https://www.crunchbase.com/organization/groww
datahive,767,GrubMarket,https://www.crunchbase.com/organization/grubmarket-inc,grubmarket-inc,https://www.crunchbase.com/organization/grubmarket-inc
radema,767,GrubMarket,https://www.crunchbase.com/organization/grubmarket-inc,grubmarket-inc,https://www.crunchbase.com/organization/grubmarket-inc
datahive,626,Guesty,https://www.crunchbase.com/organization/guesty/org_similarity_overview,guesty,https://www.crunchbase.com/organization/guesty
radema,626,Guesty,https://www.crunchbase.com/organization/guesty/org_similarity_overview,guesty,https://www.crunchbase.com/organization/guesty
datahive,1679,Guggy,https://www.crunchbase.com/organization/guggy,guggy,https://www.crunchbase.com/organization/guggy
radema,1679,Guggy,https://www.crunchbase.com/organization/guggy,guggy,https://www.crunchbase.com/organization/guggy
datahive,1656,Guilded,https://www.crunchbase.com/organization/guilded,guilded,https://www.crunchbase.com/organization/guilded
radema,1656,Guilded,https://www.crunchbase.com/organization/guilded,guilded,https://www.crunchbase.com/organization/guilded
datahive,30247,Osmosis,https://www.crunchbase.com/organization/gulp-ai,gulp-ai,https://www.crunchbase.com/organization/gulp-ai
datahive,13508,GuruHotel,https://www.crunchbase.com/organization/guruhotel,guruhotel,https://www.crunchbase.com/organization/guruhotel
radema,13508,GuruHotel,https://www.crunchbase.com/organization/guruhotel,guruhotel,https://www.crunchbase.com/organization/guruhotel
datahive,24,Gusto,https://www.crunchbase.com/organization/gusto,gusto,https://www.crunchbase.com/organization/gusto
radema,24,Gusto,https://www.crunchbase.com/organization/gusto,gusto,https://www.crunchbase.com/organization/gusto
datahive,13133,H1,https://www.crunchbase.com/organization/h1,h1,https://www.crunchbase.com/organization/h1
radema,13133,H1,https://www.crunchbase.com/organization/h1,h1,https://www.crunchbase.com/organization/h1
datahive,185,Habit Labs,https://www.crunchbase.com/organization/habit-labs,habit-labs,https://www.crunchbase.com/organization/habit-labs
radema,185,Habit Labs,https://www.crunchbase.com/organization/habit-labs,habit-labs,https://www.crunchbase.com/organization/habit-labs
datahive,12279,FIRST,https://www.crunchbase.com/organization/habitat-logistics,habitat-logistics,https://www.crunchbase.com/organization/habitat-logistics
radema,12279,FIRST,https://www.crunchbase.com/organization/habitat-logistics,habitat-logistics,https://www.crunchbase.com/organization/habitat-logistics
datahive,526,Hackermeter,https://www.crunchbase.com/organization/hackermeter,hackermeter,https://www.crunchbase.com/organization/hackermeter
kaggle_startups,,Hackermeter,http://www.crunchbase.com/organization/hackermeter,hackermeter,https://www.crunchbase.com/organization/hackermeter
radema,526,Hackermeter,https://www.crunchbase.com/organization/hackermeter,hackermeter,https://www.crunchbase.com/organization/hackermeter
datahive,73,HackerRank,https://www.crunchbase.com/organization/hackerrank,hackerrank,https://www.crunchbase.com/organization/hackerrank
radema,73,HackerRank,https://www.crunchbase.com/organization/hackerrank,hackerrank,https://www.crunchbase.com/organization/hackerrank
datahive,18,HackPad,https://www.crunchbase.com/organization/hackpad,hackpad,https://www.crunchbase.com/organization/hackpad
kaggle_startups,,HackPad,http://www.crunchbase.com/organization/hackpad,hackpad,https://www.crunchbase.com/organization/hackpad
radema,18,HackPad,https://www.crunchbase.com/organization/hackpad,hackpad,https://www.crunchbase.com/organization/hackpad
datahive,25531,haddock,https://www.crunchbase.com/organization/haddock,haddock,https://www.crunchbase.com/organization/haddock
radema,25531,haddock,https://www.crunchbase.com/organization/haddock,haddock,https://www.crunchbase.com/organization/haddock
datahive,30609,Halluminate,Halluminate,halluminate,https://www.crunchbase.com/organization/halluminate
datahive,968,Halolife,https://www.crunchbase.com/organization/halolife,halolife,https://www.crunchbase.com/organization/halolife
radema,968,Halolife,https://www.crunchbase.com/organization/halolife,halolife,https://www.crunchbase.com/organization/halolife
datahive,29610,Hamming AI,https://www.crunchbase.com/organization/hamming-ai,hamming-ai,https://www.crunchbase.com/organization/hamming-ai
radema,29610,Hamming AI,https://www.crunchbase.com/organization/hamming-ai,hamming-ai,https://www.crunchbase.com/organization/hamming-ai
datahive,12043,Handle.com,https://www.crunchbase.com/organization/handle-com,handle-com,https://www.crunchbase.com/organization/handle-com
radema,12043,Handle.com,https://www.crunchbase.com/organization/handle-com,handle-com,https://www.crunchbase.com/organization/handle-com
radema,1368,Hapara,https://www.crunchbase.com/organization/hapara,hapara,https://www.crunchbase.com/organization/hapara
datahive,22668,Hapi,https://www.crunchbase.com/organization/hapi-app,hapi-app,https://www.crunchbase.com/organization/hapi-app
radema,22668,Hapi,https://www.crunchbase.com/organization/hapi-app,hapi-app,https://www.crunchbase.com/organization/hapi-app
datahive,1966,HappiLabs,https://www.crunchbase.com/organization/happilabs,happilabs,https://www.crunchbase.com/organization/happilabs
radema,1966,HappiLabs,https://www.crunchbase.com/organization/happilabs,happilabs,https://www.crunchbase.com/organization/happilabs
datahive,29069,HappyRobot,https://www.crunchbase.com/organization/happyrobot,happyrobot,https://www.crunchbase.com/organization/happyrobot
radema,29069,Happyrobot,https://www.crunchbase.com/organization/happyrobot,happyrobot,https://www.crunchbase.com/organization/happyrobot
datahive,11975,Hatch,https://www.crunchbase.com/organization/hatch-0729,hatch-0729,https://www.crunchbase.com/organization/hatch-0729
radema,11975,Hatch,https://www.crunchbase.com/organization/hatch-0729,hatch-0729,https://www.crunchbase.com/organization/hatch-0729
datahive,710,HauteDay,https://www.crunchbase.com/organization/hauteday,hauteday,https://www.crunchbase.com/organization/hauteday
kaggle_startups,,HauteDay,http://www.crunchbase.com/organization/hauteday,hauteday,https://www.crunchbase.com/organization/hauteday
radema,710,HauteDay,https://www.crunchbase.com/organization/hauteday,hauteday,https://www.crunchbase.com/organization/hauteday
datahive,23259,Haystack,https://www.crunchbase.com/organization/haystack-e170,haystack-e170,https://www.crunchbase.com/organization/haystack-e170
radema,23259,Haystack,https://www.crunchbase.com/organization/haystack-e170,haystack-e170,https://www.crunchbase.com/organization/haystack-e170
datahive,1228,Haywheel,https://www.crunchbase.com/organization/haywheel,haywheel,https://www.crunchbase.com/organization/haywheel
radema,1228,Haywheel,https://www.crunchbase.com/organization/haywheel,haywheel,https://www.crunchbase.com/organization/haywheel
datahive,29385,Hazel,https://www.crunchbase.com/organization/hazel-22bb,hazel-22bb,https://www.crunchbase.com/organization/hazel-22bb
radema,29385,Hazel,https://www.crunchbase.com/organization/hazel-22bb,hazel-22bb,https://www.crunchbase.com/organization/hazel-22bb
kaggle_startups,,HD Trade Services,http://www.crunchbase.com/organization/hd-trade-services,hd-trade-services,https://www.crunchbase.com/organization/hd-trade-services
datahive,1678,Headstart,https://www.crunchbase.com/organization/headstart-app,headstart-app,https://www.crunchbase.com/organization/headstart-app
radema,1678,Headstart,https://www.crunchbase.com/organization/headstart-app,headstart-app,https://www.crunchbase.com/organization/headstart-app
datahive,28869,Health Harbor,https://www.crunchbase.com/organization/health-harbor,health-harbor,https://www.crunchbase.com/organization/health-harbor
radema,28869,Health Harbor,https://www.crunchbase.com/organization/health-harbor,health-harbor,https://www.crunchbase.com/organization/health-harbor
datahive,405,HealthSherpa,https://www.crunchbase.com/organization/healthsherpa,healthsherpa,https://www.crunchbase.com/organization/healthsherpa
radema,405,HealthSherpa,https://www.crunchbase.com/organization/healthsherpa,healthsherpa,https://www.crunchbase.com/organization/healthsherpa
datahive,418,Crohnology (by Healthy Labs),https://www.crunchbase.com/organization/healthy-labs,healthy-labs,https://www.crunchbase.com/organization/healthy-labs
kaggle_startups,,Healthy Labs,http://www.crunchbase.com/organization/healthy-labs,healthy-labs,https://www.crunchbase.com/organization/healthy-labs
radema,418,Crohnology (by Healthy Labs),https://www.crunchbase.com/organization/healthy-labs,healthy-labs,https://www.crunchbase.com/organization/healthy-labs
datahive,498,Heap,https://www.crunchbase.com/organization/heap,heap,https://www.crunchbase.com/organization/heap
kaggle_startups,,Heap Analytics,http://www.crunchbase.com/organization/heap,heap,https://www.crunchbase.com/organization/heap
radema,498,Heap,https://www.crunchbase.com/organization/heap,heap,https://www.crunchbase.com/organization/heap
datahive,12089,Heart Aerospace,https://www.crunchbase.com/organization/heart-aerospace,heart-aerospace,https://www.crunchbase.com/organization/heart-aerospace
radema,12089,Heart Aerospace,https://www.crunchbase.com/organization/heart-aerospace,heart-aerospace,https://www.crunchbase.com/organization/heart-aerospace
datahive,23842,Hedgehog,https://www.crunchbase.com/organization/hedgehog-3704,hedgehog-3704,https://www.crunchbase.com/organization/hedgehog-3704
radema,23842,Hedgehog,https://www.crunchbase.com/organization/hedgehog-3704,hedgehog-3704,https://www.crunchbase.com/organization/hedgehog-3704
datahive,24488,Heimdal,https://www.crunchbase.com/organization/heimdal,heimdal,https://www.crunchbase.com/organization/heimdal
radema,24488,Heimdal,https://www.crunchbase.com/organization/heimdal,heimdal,https://www.crunchbase.com/organization/heimdal
datahive,27919,Helicone,https://www.crunchbase.com/organization/helicone,helicone,https://www.crunchbase.com/organization/helicone
radema,27919,Helicone,https://www.crunchbase.com/organization/helicone,helicone,https://www.crunchbase.com/organization/helicone
datahive,730,Helion Energy,https://www.crunchbase.com/organization/helion-energy,helion-energy,https://www.crunchbase.com/organization/helion-energy
kaggle_startups,,Helion Energy,http://www.crunchbase.com/organization/helion-energy,helion-energy,https://www.crunchbase.com/organization/helion-energy
radema,730,Helion Energy,https://www.crunchbase.com/organization/helion-energy,helion-energy,https://www.crunchbase.com/organization/helion-energy
datahive,1560,Helix Nanotechnologies,https://www.crunchbase.com/organization/helixnano,helixnano,https://www.crunchbase.com/organization/helixnano
radema,1560,Helix Nanotechnologies,https://www.crunchbase.com/organization/helixnano,helixnano,https://www.crunchbase.com/organization/helixnano
datahive,329,Hello Chair,https://www.crunchbase.com/organization/hello-chair,hello-chair,https://www.crunchbase.com/organization/hello-chair
kaggle_startups,,Adpinion,http://www.crunchbase.com/organization/hello-chair,hello-chair,https://www.crunchbase.com/organization/hello-chair
radema,329,Hello Chair,https://www.crunchbase.com/organization/hello-chair,hello-chair,https://www.crunchbase.com/organization/hello-chair
datahive,1203,Hellobill,https://www.crunchbase.com/organization/hellobill,hellobill,https://www.crunchbase.com/organization/hellobill
radema,1203,Hellobill,https://www.crunchbase.com/organization/hellobill,hellobill,https://www.crunchbase.com/organization/hellobill
kaggle_startups,,HelloFax,http://www.crunchbase.com/organization/hellofax,hellofax,https://www.crunchbase.com/organization/hellofax
datahive,145,HelloSign,https://www.crunchbase.com/organization/hellosign,hellosign,https://www.crunchbase.com/organization/hellosign
radema,145,HelloSign,https://www.crunchbase.com/organization/hellosign,hellosign,https://www.crunchbase.com/organization/hellosign
datahive,1871,Helloverify,https://www.crunchbase.com/organization/helloverify,helloverify,https://www.crunchbase.com/organization/helloverify
radema,1871,Helloverify,https://www.crunchbase.com/organization/helloverify,helloverify,https://www.crunchbase.com/organization/helloverify
datahive,1642,HelpWear,https://www.crunchbase.com/organization/helpwear,helpwear,https://www.crunchbase.com/organization/helpwear
radema,1642,HelpWear,https://www.crunchbase.com/organization/helpwear,helpwear,https://www.crunchbase.com/organization/helpwear
datahive,22083,HENRY,https://www.crunchbase.com/organization/henry-18a0,henry-18a0,https://www.crunchbase.com/organization/henry-18a0
radema,22083,HENRY,https://www.crunchbase.com/organization/henry-18a0,henry-18a0,https://www.crunchbase.com/organization/henry-18a0
datahive,1931,Hepatx,https://www.crunchbase.com/organization/hepatx,hepatx,https://www.crunchbase.com/organization/hepatx
radema,1931,Hepatx,https://www.crunchbase.com/organization/hepatx,hepatx,https://www.crunchbase.com/organization/hepatx
datahive,26033,Heptabase,https://www.crunchbase.com/organization/heptabase,heptabase,https://www.crunchbase.com/organization/heptabase
radema,26033,Heptabase,https://www.crunchbase.com/organization/heptabase,heptabase,https://www.crunchbase.com/organization/heptabase
datahive,30644,Herdora,https://www.crunchbase.com/organization/herdora,herdora,https://www.crunchbase.com/organization/herdora
datahive,884,Heroic Labs,https://www.crunchbase.com/organization/heroic-labs,heroic-labs,https://www.crunchbase.com/organization/heroic-labs
radema,884,Heroic Labs,https://www.crunchbase.com/organization/heroic-labs,heroic-labs,https://www.crunchbase.com/organization/heroic-labs
datahive,311,Heroku,https://www.crunchbase.com/organization/heroku,heroku,https://www.crunchbase.com/organization/heroku
kaggle_startups,,Heroku,http://www.crunchbase.com/organization/heroku,heroku,https://www.crunchbase.com/organization/heroku
radema,311,Heroku,https://www.crunchbase.com/organization/heroku,heroku,https://www.crunchbase.com/organization/heroku
datahive,22277,Heron Data,https://www.crunchbase.com/organization/heron,heron,https://www.crunchbase.com/organization/heron
radema,22277,Heron Data,https://www.crunchbase.com/organization/heron,heron,https://www.crunchbase.com/organization/heron
datahive,12841,Heru,https://www.crunchbase.com/organization/heru,heru,https://www.crunchbase.com/organization/heru
radema,12841,Heru,https://www.crunchbase.com/organization/heru,heru,https://www.crunchbase.com/organization/heru
datahive,1864,Hexel,https://www.crunchbase.com/organization/hexel,hexel,https://www.crunchbase.com/organization/hexel
radema,1864,Hexel,https://www.crunchbase.com/organization/hexel,hexel,https://www.crunchbase.com/organization/hexel
datahive,29953,Hey Revia,https://www.crunchbase.com/organization/hey-revia,hey-revia,https://www.crunchbase.com/organization/hey-revia
datahive,24489,HeyCharge,https://www.crunchbase.com/organization/heycharge,heycharge,https://www.crunchbase.com/organization/heycharge
radema,24489,HeyCharge,https://www.crunchbase.com/organization/heycharge,heycharge,https://www.crunchbase.com/organization/heycharge
datahive,354,Heysan,https://www.crunchbase.com/organization/heysan,heysan,https://www.crunchbase.com/organization/heysan
kaggle_startups,,Heysan,http://www.crunchbase.com/organization/heysan,heysan,https://www.crunchbase.com/organization/heysan
radema,354,Heysan,https://www.crunchbase.com/organization/heysan,heysan,https://www.crunchbase.com/organization/heysan
datahive,1283,Abundance Labs,https://www.crunchbase.com/organization/heysimbi,heysimbi,https://www.crunchbase.com/organization/heysimbi
radema,1283,Abundance Labs,https://www.crunchbase.com/organization/heysimbi,heysimbi,https://www.crunchbase.com/organization/heysimbi
datahive,267,Heyzap,https://www.crunchbase.com/organization/heyzap,heyzap,https://www.crunchbase.com/organization/heyzap
kaggle_startups,,Heyzap,http://www.crunchbase.com/organization/heyzap,heyzap,https://www.crunchbase.com/organization/heyzap
radema,267,Heyzap,https://www.crunchbase.com/organization/heyzap,heyzap,https://www.crunchbase.com/organization/heyzap
datahive,1239,Burrow,https://www.crunchbase.com/organization/hiburrow,hiburrow,https://www.crunchbase.com/organization/hiburrow
radema,1239,Burrow,https://www.crunchbase.com/organization/hiburrow,hiburrow,https://www.crunchbase.com/organization/hiburrow
datahive,769,HigherMe,https://www.crunchbase.com/organization/higherme,higherme,https://www.crunchbase.com/organization/higherme
radema,769,HigherMe,https://www.crunchbase.com/organization/higherme,higherme,https://www.crunchbase.com/organization/higherme
datahive,241,HighlightCam,https://www.crunchbase.com/organization/highlightcam,highlightcam,https://www.crunchbase.com/organization/highlightcam
kaggle_startups,,HighlightCam,http://www.crunchbase.com/organization/highlightcam,highlightcam,https://www.crunchbase.com/organization/highlightcam
radema,241,HighlightCam,https://www.crunchbase.com/organization/highlightcam,highlightcam,https://www.crunchbase.com/organization/highlightcam
kaggle_startups,,HiMom,http://www.crunchbase.com/organization/himom,himom,https://www.crunchbase.com/organization/himom
datahive,1089,Hingeto,https://www.crunchbase.com/organization/hingeto,hingeto,https://www.crunchbase.com/organization/hingeto
radema,1089,Hingeto,https://www.crunchbase.com/organization/hingeto,hingeto,https://www.crunchbase.com/organization/hingeto
datahive,1252,HiOperator,https://www.crunchbase.com/organization/hioperator,hioperator,https://www.crunchbase.com/organization/hioperator
radema,1252,HiOperator,https://www.crunchbase.com/organization/hioperator,hioperator,https://www.crunchbase.com/organization/hioperator
datahive,12,Hipmob,https://www.crunchbase.com/organization/hipmob,hipmob,https://www.crunchbase.com/organization/hipmob
radema,12,Hipmob,https://www.crunchbase.com/organization/hipmob,hipmob,https://www.crunchbase.com/organization/hipmob
datahive,178,Hipmunk,https://www.crunchbase.com/organization/hipmunk,hipmunk,https://www.crunchbase.com/organization/hipmunk
kaggle_startups,,Hipmunk,http://www.crunchbase.com/organization/hipmunk,hipmunk,https://www.crunchbase.com/organization/hipmunk
radema,178,Hipmunk,https://www.crunchbase.com/organization/hipmunk,hipmunk,https://www.crunchbase.com/organization/hipmunk
datahive,26190,HippoBuild,https://www.crunchbase.com/organization/hippobuild,hippobuild,https://www.crunchbase.com/organization/hippobuild
radema,26190,HippoBuild,https://www.crunchbase.com/organization/hippobuild,hippobuild,https://www.crunchbase.com/organization/hippobuild
datahive,421,Hiptype,https://www.crunchbase.com/organization/hiptype,hiptype,https://www.crunchbase.com/organization/hiptype
kaggle_startups,,HipType,http://www.crunchbase.com/organization/hiptype,hiptype,https://www.crunchbase.com/organization/hiptype
radema,421,Hiptype,https://www.crunchbase.com/organization/hiptype,hiptype,https://www.crunchbase.com/organization/hiptype
datahive,13353,Hiration,https://www.crunchbase.com/organization/hiration,hiration,https://www.crunchbase.com/organization/hiration
radema,13353,Hiration,https://www.crunchbase.com/organization/hiration,hiration,https://www.crunchbase.com/organization/hiration
datahive,14,HireArt,https://www.crunchbase.com/organization/hireart,hireart,https://www.crunchbase.com/organization/hireart
kaggle_startups,,HireArt,http://www.crunchbase.com/organization/hireart,hireart,https://www.crunchbase.com/organization/hireart
radema,14,HireArt,https://www.crunchbase.com/organization/hireart,hireart,https://www.crunchbase.com/organization/hireart
kaggle_startups,,HireHive,http://www.crunchbase.com/organization/hirehive,hirehive,https://www.crunchbase.com/organization/hirehive
datahive,27090,CompUp,https://www.crunchbase.com/organization/hiresure,hiresure,https://www.crunchbase.com/organization/hiresure
radema,27090,CompUp,https://www.crunchbase.com/organization/hiresure,hiresure,https://www.crunchbase.com/organization/hiresure
datahive,13400,HireSweet,https://www.crunchbase.com/organization/hiresweet,hiresweet,https://www.crunchbase.com/organization/hiresweet
radema,13400,HireSweet,https://www.crunchbase.com/organization/hiresweet,hiresweet,https://www.crunchbase.com/organization/hiresweet
datahive,1053,HistoWiz,https://www.crunchbase.com/organization/histowiz,histowiz,https://www.crunchbase.com/organization/histowiz
radema,1053,HistoWiz,https://www.crunchbase.com/organization/histowiz,histowiz,https://www.crunchbase.com/organization/histowiz
datahive,1505,Hivy,https://www.crunchbase.com/organization/hivy,hivy,https://www.crunchbase.com/organization/hivy
radema,1505,Hivy,https://www.crunchbase.com/organization/hivy,hivy,https://www.crunchbase.com/organization/hivy
datahive,1519,Hogaru,https://www.crunchbase.com/organization/hogaru,hogaru,https://www.crunchbase.com/organization/hogaru
radema,1519,Hogaru,https://www.crunchbase.com/organization/hogaru,hogaru,https://www.crunchbase.com/organization/hogaru
datahive,25606,HOKALI,https://www.crunchbase.com/organization/hokali,hokali,https://www.crunchbase.com/organization/hokali
radema,25606,HOKALI,https://www.crunchbase.com/organization/hokali,hokali,https://www.crunchbase.com/organization/hokali
datahive,22983,Homebase,https://www.crunchbase.com/organization/homebase-ad4c,homebase-ad4c,https://www.crunchbase.com/organization/homebase-ad4c
radema,22983,Homebase,https://www.crunchbase.com/organization/homebase-ad4c,homebase-ad4c,https://www.crunchbase.com/organization/homebase-ad4c
datahive,191,Homejoy,https://www.crunchbase.com/organization/homejoy,homejoy,https://www.crunchbase.com/organization/homejoy
kaggle_startups,,HomeJoy,http://www.crunchbase.com/organization/homejoy,homejoy,https://www.crunchbase.com/organization/homejoy
radema,191,Homejoy,https://www.crunchbase.com/organization/homejoy,homejoy,https://www.crunchbase.com/organization/homejoy
datahive,25396,HomeRoom,https://www.crunchbase.com/organization/homeroom-eecb,homeroom-eecb,https://www.crunchbase.com/organization/homeroom-eecb
radema,25396,HomeRoom,https://www.crunchbase.com/organization/homeroom-eecb,homeroom-eecb,https://www.crunchbase.com/organization/homeroom-eecb
datahive,27109,HOMLI,https://www.crunchbase.com/organization/homli,homli,https://www.crunchbase.com/organization/homli
radema,27109,HOMLI,https://www.crunchbase.com/organization/homli,homli,https://www.crunchbase.com/organization/homli
datahive,27951,Honeydew,https://www.crunchbase.com/organization/honeydew,honeydew,https://www.crunchbase.com/organization/honeydew
radema,27951,Honeydew,https://www.crunchbase.com/organization/honeydew,honeydew,https://www.crunchbase.com/organization/honeydew
datahive,1657,Honeydue,https://www.crunchbase.com/organization/honeydue,honeydue,https://www.crunchbase.com/organization/honeydue
radema,1657,Honeydue,https://www.crunchbase.com/organization/honeydue,honeydue,https://www.crunchbase.com/organization/honeydue
datahive,22053,Hotplate,https://www.crunchbase.com/organization/hotplate,hotplate,https://www.crunchbase.com/organization/hotplate
radema,22053,Hotplate,https://www.crunchbase.com/organization/hotplate,hotplate,https://www.crunchbase.com/organization/hotplate
kaggle_startups,,HoverChat,http://www.crunchbase.com/organization/hoverchat,hoverchat,https://www.crunchbase.com/organization/hoverchat
radema,607,HoverChat,https://www.crunchbase.com/organization/hoverchat,hoverchat,https://www.crunchbase.com/organization/hoverchat
datahive,25827,Talentropy.ai,https://www.crunchbase.com/organization/hoy-trabajas,hoy-trabajas,https://www.crunchbase.com/organization/hoy-trabajas
radema,25827,HoyTrabajas,https://www.crunchbase.com/organization/hoy-trabajas,hoy-trabajas,https://www.crunchbase.com/organization/hoy-trabajas
kaggle_startups,,Hubchilla,http://www.crunchbase.com/organization/hubchilla,hubchilla,https://www.crunchbase.com/organization/hubchilla
datahive,678,Hublo,https://www.crunchbase.com/organization/hublo,hublo,https://www.crunchbase.com/organization/hublo
radema,678,Hublo,https://www.crunchbase.com/organization/hublo,hublo,https://www.crunchbase.com/organization/hublo
datahive,23453,HUBUC,https://www.crunchbase.com/organization/hubuc,hubuc,https://www.crunchbase.com/organization/hubuc
radema,23453,HUBUC,https://www.crunchbase.com/organization/hubuc,hubuc,https://www.crunchbase.com/organization/hubuc
datahive,22942,Hudu,https://www.crunchbase.com/organization/hudu,hudu,https://www.crunchbase.com/organization/hudu
radema,22942,Hudu,https://www.crunchbase.com/organization/hudu,hudu,https://www.crunchbase.com/organization/hudu
datahive,538,Hum,https://www.crunchbase.com/organization/hum,hum,https://www.crunchbase.com/organization/hum
kaggle_startups,,Hum,http://www.crunchbase.com/organization/hum,hum,https://www.crunchbase.com/organization/hum
radema,538,Hum,https://www.crunchbase.com/organization/hum,hum,https://www.crunchbase.com/organization/hum
datahive,22638,Humaans,https://www.crunchbase.com/organization/humaans,humaans,https://www.crunchbase.com/organization/humaans
radema,22638,Humaans,https://www.crunchbase.com/organization/humaans,humaans,https://www.crunchbase.com/organization/humaans
datahive,403,Human Dx,https://www.crunchbase.com/organization/human-diagnosis-project,human-diagnosis-project,https://www.crunchbase.com/organization/human-diagnosis-project
radema,403,Human Dx,https://www.crunchbase.com/organization/human-diagnosis-project,human-diagnosis-project,https://www.crunchbase.com/organization/human-diagnosis-project
datahive,21894,Humanloop,https://www.crunchbase.com/organization/humanloop,humanloop,https://www.crunchbase.com/organization/humanloop
radema,21894,Humanloop,https://www.crunchbase.com/organization/humanloop,humanloop,https://www.crunchbase.com/organization/humanloop
datahive,152,Humble Bundle,https://www.crunchbase.com/organization/humble-bundle,humble-bundle,https://www.crunchbase.com/organization/humble-bundle
kaggle_startups,,Humble Bundle,http://www.crunchbase.com/organization/humble-bundle,humble-bundle,https://www.crunchbase.com/organization/humble-bundle
radema,152,Humble Bundle,https://www.crunchbase.com/organization/humble-bundle,humble-bundle,https://www.crunchbase.com/organization/humble-bundle
datahive,1573,Humi,https://www.crunchbase.com/organization/humi-hr,humi-hr,https://www.crunchbase.com/organization/humi-hr
radema,1573,Humi,https://www.crunchbase.com/organization/humi-hr,humi-hr,https://www.crunchbase.com/organization/humi-hr
datahive,1821,Hunter2,https://www.crunchbase.com/organization/hunter2,hunter2,https://www.crunchbase.com/organization/hunter2
radema,1821,Hunter2,https://www.crunchbase.com/organization/hunter2,hunter2,https://www.crunchbase.com/organization/hunter2
datahive,1219,Hush,https://www.crunchbase.com/organization/hush-3,hush-3,https://www.crunchbase.com/organization/hush-3
radema,1219,Hush,https://www.crunchbase.com/organization/hush-3,hush-3,https://www.crunchbase.com/organization/hush-3
datahive,30064,HYBRD,https://www.crunchbase.com/organization/hybrd,hybrd,https://www.crunchbase.com/organization/hybrd
datahive,25738,Hydra,https://www.crunchbase.com/organization/hydra-7681,hydra-7681,https://www.crunchbase.com/organization/hydra-7681
radema,25738,Hydra,https://www.crunchbase.com/organization/hydra-7681,hydra-7681,https://www.crunchbase.com/organization/hydra-7681
datahive,1065,FightCamp,https://www.crunchbase.com/organization/hykso-2,hykso-2,https://www.crunchbase.com/organization/hykso-2
radema,1065,FightCamp,https://www.crunchbase.com/organization/hykso-2,hykso-2,https://www.crunchbase.com/organization/hykso-2
datahive,1975,hypcloud,https://www.crunchbase.com/organization/hypcloud,hypcloud,https://www.crunchbase.com/organization/hypcloud
radema,1975,hypcloud,https://www.crunchbase.com/organization/hypcloud,hypcloud,https://www.crunchbase.com/organization/hypcloud
datahive,12578,Hype and Vice,https://www.crunchbase.com/organization/hype-and-vice,hype-and-vice,https://www.crunchbase.com/organization/hype-and-vice
radema,12578,Hype and Vice,https://www.crunchbase.com/organization/hype-and-vice,hype-and-vice,https://www.crunchbase.com/organization/hype-and-vice
datahive,25509,Hyperbeam,https://www.crunchbase.com/organization/hyperbeam,hyperbeam,https://www.crunchbase.com/organization/hyperbeam
radema,25509,Hyperbeam,https://www.crunchbase.com/organization/hyperbeam,hyperbeam,https://www.crunchbase.com/organization/hyperbeam
datahive,28788,Hyperbound,https://www.crunchbase.com/organization/hyperbound-fc9e,hyperbound-fc9e,https://www.crunchbase.com/organization/hyperbound-fc9e
datahive,24150,Hypercore,https://crunchbase.com/organization/hypercore,hypercore,https://www.crunchbase.com/organization/hypercore
radema,24150,Hypercore,https://crunchbase.com/organization/hypercore,hypercore,https://www.crunchbase.com/organization/hypercore
kaggle_startups,,Hyperink,http://www.crunchbase.com/organization/hyperink,hyperink,https://www.crunchbase.com/organization/hyperink
datahive,24177,HyperTrader,https://www.crunchbase.com/organization/hyperlinq,hyperlinq,https://www.crunchbase.com/organization/hyperlinq
radema,24177,HyperTrader,https://www.crunchbase.com/organization/hyperlinq,hyperlinq,https://www.crunchbase.com/organization/hyperlinq
kaggle_startups,,I Move You,http://www.crunchbase.com/organization/i-move-you,i-move-you,https://www.crunchbase.com/organization/i-move-you
datahive,1853,Iambiq Technologies,https://www.crunchbase.com/organization/iambiq,iambiq,https://www.crunchbase.com/organization/iambiq
radema,1853,Iambiq Technologies,https://www.crunchbase.com/organization/iambiq,iambiq,https://www.crunchbase.com/organization/iambiq
datahive,27911,IcePanel,https://www.crunchbase.com/organization/icepanel,icepanel,https://www.crunchbase.com/organization/icepanel
radema,27911,IcePanel,https://www.crunchbase.com/organization/icepanel,icepanel,https://www.crunchbase.com/organization/icepanel
datahive,6,iCracked,https://www.crunchbase.com/organization/icracked,icracked,https://www.crunchbase.com/organization/icracked
kaggle_startups,,iCracked,http://www.crunchbase.com/organization/icracked,icracked,https://www.crunchbase.com/organization/icracked
radema,6,iCracked,https://www.crunchbase.com/organization/icracked,icracked,https://www.crunchbase.com/organization/icracked
datahive,25697,Prembly (formerly Identitypass),https://www.crunchbase.com/organization/identitypass,identitypass,https://www.crunchbase.com/organization/identitypass
radema,25697,Prembly (formerly Identitypass),https://www.crunchbase.com/organization/identitypass,identitypass,https://www.crunchbase.com/organization/identitypass
kaggle_startups,,Ididwork,http://www.crunchbase.com/organization/ididwork,ididwork,https://www.crunchbase.com/organization/ididwork
datahive,330,iJigg/Top440,https://www.crunchbase.com/organization/ijigg,ijigg,https://www.crunchbase.com/organization/ijigg
kaggle_startups,,iJigg,http://www.crunchbase.com/organization/ijigg,ijigg,https://www.crunchbase.com/organization/ijigg
radema,330,iJigg/Top440,https://www.crunchbase.com/organization/ijigg,ijigg,https://www.crunchbase.com/organization/ijigg
datahive,2026,iLabService,https://www.crunchbase.com/organization/ilabservice,ilabservice,https://www.crunchbase.com/organization/ilabservice
radema,2026,iLabService,https://www.crunchbase.com/organization/ilabservice,ilabservice,https://www.crunchbase.com/organization/ilabservice
datahive,26806,Illuminant Surgical,https://www.crunchbase.com/organization/illuminant-surgical,illuminant-surgical,https://www.crunchbase.com/organization/illuminant-surgical
datahive,396,Imgfave,https://www.crunchbase.com/organization/imgfave,imgfave,https://www.crunchbase.com/organization/imgfave
kaggle_startups,,imgfave,http://www.crunchbase.com/organization/imgfave,imgfave,https://www.crunchbase.com/organization/imgfave
radema,396,Imgfave,https://www.crunchbase.com/organization/imgfave,imgfave,https://www.crunchbase.com/organization/imgfave
datahive,116,imgix,https://www.crunchbase.com/organization/imgix,imgix,https://www.crunchbase.com/organization/imgix
radema,116,imgix,https://www.crunchbase.com/organization/imgix,imgix,https://www.crunchbase.com/organization/imgix
datahive,647,Immunity Project,https://www.crunchbase.com/organization/immunity-project,immunity-project,https://www.crunchbase.com/organization/immunity-project
kaggle_startups,,Immunity Project,http://www.crunchbase.com/organization/immunity-project,immunity-project,https://www.crunchbase.com/organization/immunity-project
radema,647,Immunity Project,https://www.crunchbase.com/organization/immunity-project,immunity-project,https://www.crunchbase.com/organization/immunity-project
datahive,26072,Impossible Metals,https://www.crunchbase.com/organization/impossible-mining,impossible-mining,https://www.crunchbase.com/organization/impossible-mining
radema,26072,Impossible Metals,https://www.crunchbase.com/organization/impossible-mining,impossible-mining,https://www.crunchbase.com/organization/impossible-mining
datahive,680,Impraise,https://www.crunchbase.com/organization/impraise,impraise,https://www.crunchbase.com/organization/impraise
kaggle_startups,,Impraise,http://www.crunchbase.com/organization/impraise,impraise,https://www.crunchbase.com/organization/impraise
radema,680,Impraise,https://www.crunchbase.com/organization/impraise,impraise,https://www.crunchbase.com/organization/impraise
datahive,24329,inai,https://www.crunchbase.com/organization/inai,inai,https://www.crunchbase.com/organization/inai
radema,24329,inai,https://www.crunchbase.com/organization/inai,inai,https://www.crunchbase.com/organization/inai
datahive,28019,inBuild,https://www.crunchbase.com/organization/inbuild,inbuild,https://www.crunchbase.com/organization/inbuild
radema,28019,inBuild,https://www.crunchbase.com/organization/inbuild,inbuild,https://www.crunchbase.com/organization/inbuild
datahive,1551,Indee Labs,https://www.crunchbase.com/organization/indee-2,indee-2,https://www.crunchbase.com/organization/indee-2
radema,1551,Indee Labs,https://www.crunchbase.com/organization/indee-2,indee-2,https://www.crunchbase.com/organization/indee-2
datahive,27840,Index,https://www.crunchbase.com/organization/index-4dfe,index-4dfe,https://www.crunchbase.com/organization/index-4dfe
radema,27840,Index,https://www.crunchbase.com/organization/index-4dfe,index-4dfe,https://www.crunchbase.com/organization/index-4dfe
datahive,1543,Faire,https://www.crunchbase.com/organization/indigo-fair,indigo-fair,https://www.crunchbase.com/organization/indigo-fair
radema,1543,Faire,https://www.crunchbase.com/organization/indigo-fair,indigo-fair,https://www.crunchbase.com/organization/indigo-fair
datahive,200,inDinero,https://www.crunchbase.com/organization/indinero,indinero,https://www.crunchbase.com/organization/indinero
kaggle_startups,,Indinero,http://www.crunchbase.com/organization/indinero,indinero,https://www.crunchbase.com/organization/indinero
radema,200,inDinero,https://www.crunchbase.com/organization/indinero,indinero,https://www.crunchbase.com/organization/indinero
datahive,1644,Indivio,https://www.crunchbase.com/organization/indivio,indivio,https://www.crunchbase.com/organization/indivio
radema,1644,Indivio,https://www.crunchbase.com/organization/indivio,indivio,https://www.crunchbase.com/organization/indivio
datahive,813,Industrial Microbes,https://www.crunchbase.com/organization/industrial-microbes,industrial-microbes,https://www.crunchbase.com/organization/industrial-microbes
radema,813,Industrial Microbes,https://www.crunchbase.com/organization/industrial-microbes,industrial-microbes,https://www.crunchbase.com/organization/industrial-microbes
datahive,21772,inFeedo AI,https://www.crunchbase.com/organization/infeedo,infeedo,https://www.crunchbase.com/organization/infeedo
radema,21772,inFeedo,https://www.crunchbase.com/organization/infeedo,infeedo,https://www.crunchbase.com/organization/infeedo
datahive,30295,Infinite,https://www.crunchbase.com/organization/infinite-17a4,infinite-17a4,https://www.crunchbase.com/organization/infinite-17a4
datahive,25788,DimOrder,https://www.crunchbase.com/organization/infinity-technology-corporation-limited,infinity-technology-corporation-limited,https://www.crunchbase.com/organization/infinity-technology-corporation-limited
radema,25788,DimOrder,https://www.crunchbase.com/organization/infinity-technology-corporation-limited,infinity-technology-corporation-limited,https://www.crunchbase.com/organization/infinity-technology-corporation-limited
datahive,370,Wufoo,https://www.crunchbase.com/organization/infinitybox,infinitybox,https://www.crunchbase.com/organization/infinitybox
radema,370,Wufoo,https://www.crunchbase.com/organization/infinitybox,infinitybox,https://www.crunchbase.com/organization/infinitybox
datahive,27664,Infisical,https://www.crunchbase.com/organization/infisical,infisical,https://www.crunchbase.com/organization/infisical
radema,27664,Infisical,https://www.crunchbase.com/organization/infisical,infisical,https://www.crunchbase.com/organization/infisical
datahive,24443,Inflow,https://www.crunchbase.com/organization/inflow-605b,inflow-605b,https://www.crunchbase.com/organization/inflow-605b
radema,24443,Inflow,https://www.crunchbase.com/organization/inflow-605b,inflow-605b,https://www.crunchbase.com/organization/inflow-605b
datahive,490,InfluxData,https://www.crunchbase.com/organization/influxdb,influxdb,https://www.crunchbase.com/organization/influxdb
radema,490,InfluxData,https://www.crunchbase.com/organization/influxdb,influxdb,https://www.crunchbase.com/organization/influxdb
kaggle_startups,,Infogami,http://www.crunchbase.com/organization/infogami,infogami,https://www.crunchbase.com/organization/infogami
datahive,236,Infoharmoni,https://www.crunchbase.com/organization/infoharmoni,infoharmoni,https://www.crunchbase.com/organization/infoharmoni
kaggle_startups,,Infoharmoni,http://www.crunchbase.com/organization/infoharmoni,infoharmoni,https://www.crunchbase.com/organization/infoharmoni
radema,236,Infoharmoni,https://www.crunchbase.com/organization/infoharmoni,infoharmoni,https://www.crunchbase.com/organization/infoharmoni
datahive,23280,Infracost,https://www.crunchbase.com/organization/infracost,infracost,https://www.crunchbase.com/organization/infracost
radema,23280,Infracost,https://www.crunchbase.com/organization/infracost,infracost,https://www.crunchbase.com/organization/infracost
datahive,12274,Inito,https://www.crunchbase.com/organization/inito,inito,https://www.crunchbase.com/organization/inito
radema,12274,Inito,https://www.crunchbase.com/organization/inito,inito,https://www.crunchbase.com/organization/inito
datahive,425,FileStack,https://www.crunchbase.com/organization/ink-mobility,ink-mobility,https://www.crunchbase.com/organization/ink-mobility
kaggle_startups,,Filepicker.io,http://www.crunchbase.com/organization/ink-mobility,ink-mobility,https://www.crunchbase.com/organization/ink-mobility
radema,425,FileStack,https://www.crunchbase.com/organization/ink-mobility,ink-mobility,https://www.crunchbase.com/organization/ink-mobility
datahive,27881,Inkeep,https://crunchbase.com/organization/inkeep,inkeep,https://www.crunchbase.com/organization/inkeep
radema,27881,Inkeep,https://crunchbase.com/organization/inkeep,inkeep,https://www.crunchbase.com/organization/inkeep
datahive,366,Inkling,https://www.crunchbase.com/organization/inkling,inkling,https://www.crunchbase.com/organization/inkling
kaggle_startups,,InklingMarkets,http://www.crunchbase.com/organization/inkling,inkling,https://www.crunchbase.com/organization/inkling
radema,366,Inkling,https://www.crunchbase.com/organization/inkling,inkling,https://www.crunchbase.com/organization/inkling
datahive,12034,Askdata,https://www.crunchbase.com/organization/innaas,innaas,https://www.crunchbase.com/organization/innaas
radema,12034,Askdata,https://www.crunchbase.com/organization/innaas,innaas,https://www.crunchbase.com/organization/innaas
datahive,1491,InnaMed,https://www.crunchbase.com/organization/innamed,innamed,https://www.crunchbase.com/organization/innamed
radema,1491,InnaMed,https://www.crunchbase.com/organization/innamed,innamed,https://www.crunchbase.com/organization/innamed
datahive,865,Leaders In Tech (formerly InnerSpace),https://www.crunchbase.com/organization/innerspace-2,innerspace-2,https://www.crunchbase.com/organization/innerspace-2
radema,865,Leaders In Tech (formerly InnerSpace),https://www.crunchbase.com/organization/innerspace-2,innerspace-2,https://www.crunchbase.com/organization/innerspace-2
datahive,1341,Innov8,https://www.crunchbase.com/organization/innov8-coworking,innov8-coworking,https://www.crunchbase.com/organization/innov8-coworking
radema,1341,Innov8,https://www.crunchbase.com/organization/innov8-coworking,innov8-coworking,https://www.crunchbase.com/organization/innov8-coworking
datahive,1011,InnoVein,https://www.crunchbase.com/organization/innovein,innovein,https://www.crunchbase.com/organization/innovein
radema,1011,InnoVein,https://www.crunchbase.com/organization/innovein,innovein,https://www.crunchbase.com/organization/innovein
datahive,1912,Inokyo,https://www.crunchbase.com/organization/inokyo,inokyo,https://www.crunchbase.com/organization/inokyo
radema,1912,Inokyo,https://www.crunchbase.com/organization/inokyo,inokyo,https://www.crunchbase.com/organization/inokyo
datahive,132,Inporia,https://www.crunchbase.com/organization/inporia,inporia,https://www.crunchbase.com/organization/inporia
radema,132,Inporia,https://www.crunchbase.com/organization/inporia,inporia,https://www.crunchbase.com/organization/inporia
datahive,1917,Inscribe,https://www.crunchbase.com/organization/inscribe,inscribe,https://www.crunchbase.com/organization/inscribe
radema,1917,Inscribe,https://www.crunchbase.com/organization/inscribe,inscribe,https://www.crunchbase.com/organization/inscribe
datahive,12002,Forage,https://www.crunchbase.com/organization/insidesherpa,insidesherpa,https://www.crunchbase.com/organization/insidesherpa
radema,12002,Forage,https://www.crunchbase.com/organization/insidesherpa,insidesherpa,https://www.crunchbase.com/organization/insidesherpa
datahive,155,Insight Data Science,https://www.crunchbase.com/organization/insight-data-science,insight-data-science,https://www.crunchbase.com/organization/insight-data-science
radema,155,Insight Data Science,https://www.crunchbase.com/organization/insight-data-science,insight-data-science,https://www.crunchbase.com/organization/insight-data-science
datahive,797,Resolve,https://www.crunchbase.com/organization/insitevr,insitevr,https://www.crunchbase.com/organization/insitevr
radema,797,Resolve,https://www.crunchbase.com/organization/insitevr,insitevr,https://www.crunchbase.com/organization/insitevr
datahive,321,Insoshi,https://www.crunchbase.com/organization/insoshi,insoshi,https://www.crunchbase.com/organization/insoshi
radema,321,Insoshi,https://www.crunchbase.com/organization/insoshi,insoshi,https://www.crunchbase.com/organization/insoshi
datahive,1038,Instabug,https://www.crunchbase.com/organization/instabug,instabug,https://www.crunchbase.com/organization/instabug
radema,1038,Instabug,https://www.crunchbase.com/organization/instabug,instabug,https://www.crunchbase.com/organization/instabug
datahive,468,Instacart,https://www.crunchbase.com/organization/instacart,instacart,https://www.crunchbase.com/organization/instacart
kaggle_startups,,Instacart,http://www.crunchbase.com/organization/instacart,instacart,https://www.crunchbase.com/organization/instacart
radema,468,Instacart,https://www.crunchbase.com/organization/instacart,instacart,https://www.crunchbase.com/organization/instacart
datahive,24079,Instacrops,https://www.crunchbase.com/organization/instacrops,instacrops,https://www.crunchbase.com/organization/instacrops
radema,24079,Instacrops,https://www.crunchbase.com/organization/instacrops,instacrops,https://www.crunchbase.com/organization/instacrops
datahive,22,Optilly/Installmonetizer,https://www.crunchbase.com/organization/installmonetizer,installmonetizer,https://www.crunchbase.com/organization/installmonetizer
kaggle_startups,,Install Monetizer,http://www.crunchbase.com/organization/installmonetizer,installmonetizer,https://www.crunchbase.com/organization/installmonetizer
radema,22,Optilly/Installmonetizer,https://www.crunchbase.com/organization/installmonetizer,installmonetizer,https://www.crunchbase.com/organization/installmonetizer
datahive,948,Blitz Esports,https://www.crunchbase.com/organization/instant-esports,instant-esports,https://www.crunchbase.com/organization/instant-esports
radema,948,Blitz Esports,https://www.crunchbase.com/organization/instant-esports,instant-esports,https://www.crunchbase.com/organization/instant-esports
datahive,264,Instantq,https://www.crunchbase.com/organization/instantq,instantq,https://www.crunchbase.com/organization/instantq
kaggle_startups,,InstantQ,http://www.crunchbase.com/organization/instantq,instantq,https://www.crunchbase.com/organization/instantq
radema,264,Instantq,https://www.crunchbase.com/organization/instantq,instantq,https://www.crunchbase.com/organization/instantq
datahive,146,Instapainting,https://www.crunchbase.com/organization/instapainting-com,instapainting-com,https://www.crunchbase.com/organization/instapainting-com
radema,146,Instapainting,https://www.crunchbase.com/organization/instapainting-com,instapainting-com,https://www.crunchbase.com/organization/instapainting-com
datahive,12077,Instapath Inc.,https://www.crunchbase.com/organization/instapath-inc,instapath-inc,https://www.crunchbase.com/organization/instapath-inc
radema,12077,Instapath Inc.,https://www.crunchbase.com/organization/instapath-inc,instapath-inc,https://www.crunchbase.com/organization/instapath-inc
datahive,963,Instawork,https://www.crunchbase.com/organization/instawork,instawork,https://www.crunchbase.com/organization/instawork
radema,963,Instawork,https://www.crunchbase.com/organization/instawork,instawork,https://www.crunchbase.com/organization/instawork
datahive,1224,Instrumentl,https://www.crunchbase.com/organization/instrumentl,instrumentl,https://www.crunchbase.com/organization/instrumentl
radema,1224,Instrumentl,https://www.crunchbase.com/organization/instrumentl,instrumentl,https://www.crunchbase.com/organization/instrumentl
datahive,12056,Intact Therapeutics,https://www.crunchbase.com/organization/intact-therapeutics,intact-therapeutics,https://www.crunchbase.com/organization/intact-therapeutics
radema,12056,Intact Therapeutics,https://www.crunchbase.com/organization/intact-therapeutics,intact-therapeutics,https://www.crunchbase.com/organization/intact-therapeutics
datahive,27261,Integrated Reasoning,https://www.crunchbase.com/organization/integrated-reasoning,integrated-reasoning,https://www.crunchbase.com/organization/integrated-reasoning
radema,27261,Integrated Reasoning,https://www.crunchbase.com/organization/integrated-reasoning,integrated-reasoning,https://www.crunchbase.com/organization/integrated-reasoning
datahive,24353,Intellect,https://www.crunchbase.com/organization/intellect-co,intellect-co,https://www.crunchbase.com/organization/intellect-co
radema,24353,Intellect,https://www.crunchbase.com/organization/intellect-co,intellect-co,https://www.crunchbase.com/organization/intellect-co
datahive,11925,Intelline,https://www.crunchbase.com/organization/intelline,intelline,https://www.crunchbase.com/organization/intelline
radema,11925,Intelline,https://www.crunchbase.com/organization/intelline,intelline,https://www.crunchbase.com/organization/intelline
datahive,473,Scuba,https://www.crunchbase.com/organization/interana,interana,https://www.crunchbase.com/organization/interana
radema,473,Scuba,https://www.crunchbase.com/organization/interana,interana,https://www.crunchbase.com/organization/interana
datahive,30789,Interfere,https://www.crunchbase.com/organization/interfere,interfere,https://www.crunchbase.com/organization/interfere
datahive,11938,InterPrime,https://www.crunchbase.com/organization/interprime,interprime,https://www.crunchbase.com/organization/interprime
radema,11938,InterPrime,https://www.crunchbase.com/organization/interprime,interprime,https://www.crunchbase.com/organization/interprime
datahive,1039,Interstate Analytics,https://www.crunchbase.com/organization/interstate-analytics,interstate-analytics,https://www.crunchbase.com/organization/interstate-analytics
radema,1039,Interstate Analytics,https://www.crunchbase.com/organization/interstate-analytics,interstate-analytics,https://www.crunchbase.com/organization/interstate-analytics
datahive,930,Interviewed,https://www.crunchbase.com/organization/interviewed,interviewed,https://www.crunchbase.com/organization/interviewed
radema,930,Interviewed,https://www.crunchbase.com/organization/interviewed,interviewed,https://www.crunchbase.com/organization/interviewed
kaggle_startups,,InterviewStreet,http://www.crunchbase.com/organization/interviewstreet,interviewstreet,https://www.crunchbase.com/organization/interviewstreet
datahive,23819,Inversion Space,https://www.crunchbase.com/organization/inversion-space,inversion-space,https://www.crunchbase.com/organization/inversion-space
radema,23819,Inversion Space,https://www.crunchbase.com/organization/inversion-space,inversion-space,https://www.crunchbase.com/organization/inversion-space
datahive,24395,Pod,https://www.crunchbase.com/organization/invezo,invezo,https://www.crunchbase.com/organization/invezo
radema,24395,Multibase,https://www.crunchbase.com/organization/invezo,invezo,https://www.crunchbase.com/organization/invezo
datahive,22944,Invoid,https://www.crunchbase.com/organization/invoid,invoid,https://www.crunchbase.com/organization/invoid
radema,22944,Invoid,https://www.crunchbase.com/organization/invoid,invoid,https://www.crunchbase.com/organization/invoid
datahive,28079,Invopop,https://www.crunchbase.com/organization/invopop,invopop,https://www.crunchbase.com/organization/invopop
radema,28079,Invopop,https://www.crunchbase.com/organization/invopop,invopop,https://www.crunchbase.com/organization/invopop
datahive,849,Replika,https://www.crunchbase.com/organization/io,io,https://www.crunchbase.com/organization/io
radema,849,Replika,https://www.crunchbase.com/organization/io,io,https://www.crunchbase.com/organization/io
datahive,25634,IOMETE,https://www.crunchbase.com/organization/iomete,iomete,https://www.crunchbase.com/organization/iomete
radema,25634,IOMETE,https://www.crunchbase.com/organization/iomete,iomete,https://www.crunchbase.com/organization/iomete
datahive,24229,Iona Mind,https://www.crunchbase.com/organization/iona-mind,iona-mind,https://www.crunchbase.com/organization/iona-mind
radema,24229,Iona Mind,https://www.crunchbase.com/organization/iona-mind,iona-mind,https://www.crunchbase.com/organization/iona-mind
datahive,25914,IoTFlows Inc,https://www.crunchbase.com/organization/iotflows-inc,iotflows-inc,https://www.crunchbase.com/organization/iotflows-inc
radema,25914,IoTFlows Inc,https://www.crunchbase.com/organization/iotflows-inc,iotflows-inc,https://www.crunchbase.com/organization/iotflows-inc
datahive,1221,Iris Automation,https://www.crunchbase.com/organization/iris-automation-inc,iris-automation-inc,https://www.crunchbase.com/organization/iris-automation-inc
radema,1221,Iris Automation,https://www.crunchbase.com/organization/iris-automation-inc,iris-automation-inc,https://www.crunchbase.com/organization/iris-automation-inc
datahive,1012,Inevitable Tech,https://www.crunchbase.com/organization/iron-ox,iron-ox,https://www.crunchbase.com/organization/iron-ox
radema,1012,Inevitable Tech,https://www.crunchbase.com/organization/iron-ox,iron-ox,https://www.crunchbase.com/organization/iron-ox
datahive,866,Ironclad,https://www.crunchbase.com/organization/ironclad,ironclad,https://www.crunchbase.com/organization/ironclad
radema,866,Ironclad,https://www.crunchbase.com/organization/ironclad,ironclad,https://www.crunchbase.com/organization/ironclad
datahive,988,iSono Health,https://www.crunchbase.com/organization/isono-health,isono-health,https://www.crunchbase.com/organization/isono-health
radema,988,iSono Health,https://www.crunchbase.com/organization/isono-health,isono-health,https://www.crunchbase.com/organization/isono-health
datahive,24266,Ivella,https://www.crunchbase.com/organization/ivella,ivella,https://www.crunchbase.com/organization/ivella
radema,24266,Ivella,https://www.crunchbase.com/organization/ivella,ivella,https://www.crunchbase.com/organization/ivella
datahive,24164,Ivy Homes,https://www.crunchbase.com/organization/ivy-homes,ivy-homes,https://www.crunchbase.com/organization/ivy-homes
radema,24164,Ivy Homes,https://www.crunchbase.com/organization/ivy-homes,ivy-homes,https://www.crunchbase.com/organization/ivy-homes
datahive,916,zPREDICTA,https://www.crunchbase.com/organization/ixchel-scientific,ixchel-scientific,https://www.crunchbase.com/organization/ixchel-scientific
radema,916,zPREDICTA,https://www.crunchbase.com/organization/ixchel-scientific,ixchel-scientific,https://www.crunchbase.com/organization/ixchel-scientific
datahive,569,Ixiplay,https://www.crunchbase.com/organization/ixi-play,ixi-play,https://www.crunchbase.com/organization/ixi-play
kaggle_startups,,ixi-play,http://www.crunchbase.com/organization/ixi-play,ixi-play,https://www.crunchbase.com/organization/ixi-play
radema,569,Ixiplay,https://www.crunchbase.com/organization/ixi-play,ixi-play,https://www.crunchbase.com/organization/ixi-play
datahive,1943,Ixora,https://www.crunchbase.com/organization/ixora,ixora,https://www.crunchbase.com/organization/ixora
radema,1943,Ixora,https://www.crunchbase.com/organization/ixora,ixora,https://www.crunchbase.com/organization/ixora
kaggle_startups,,JamGlue,http://www.crunchbase.com/organization/jamglue,jamglue,https://www.crunchbase.com/organization/jamglue
datahive,25949,Jamsocket,https://www.crunchbase.com/organization/jamsocket,jamsocket,https://www.crunchbase.com/organization/jamsocket
datahive,1734,Jasper.ai,https://www.crunchbase.com/organization/jasper-da51,jasper-da51,https://www.crunchbase.com/organization/jasper-da51
radema,1734,Jasper.ai,https://www.crunchbase.com/organization/jasper-da51,jasper-da51,https://www.crunchbase.com/organization/jasper-da51
datahive,21815,Jeevam Health,https://www.crunchbase.com/organization/jeevam-health,jeevam-health,https://www.crunchbase.com/organization/jeevam-health
radema,21815,Jeevam Health,https://www.crunchbase.com/organization/jeevam-health,jeevam-health,https://www.crunchbase.com/organization/jeevam-health
datahive,1720,Jellyfish Art,https://www.crunchbase.com/organization/jellyfish-art,jellyfish-art,https://www.crunchbase.com/organization/jellyfish-art
radema,1720,Jellyfish Art,https://www.crunchbase.com/organization/jellyfish-art,jellyfish-art,https://www.crunchbase.com/organization/jellyfish-art
kaggle_startups,,AnyVivo,http://www.crunchbase.com/organization/jellyfishart,jellyfishart,https://www.crunchbase.com/organization/jellyfishart
datahive,13627,Jenfi,https://www.crunchbase.com/organization/jenfi,jenfi,https://www.crunchbase.com/organization/jenfi
radema,13627,Jenfi,https://www.crunchbase.com/organization/jenfi,jenfi,https://www.crunchbase.com/organization/jenfi
kaggle_startups,,OrbsCCG,http://www.crunchbase.com/organization/jerpix-games,jerpix-games,https://www.crunchbase.com/organization/jerpix-games
datahive,1576,Jerry,https://www.crunchbase.com/organization/jerry-3,jerry-3,https://www.crunchbase.com/organization/jerry-3
radema,1576,Jerry,https://www.crunchbase.com/organization/jerry-3,jerry-3,https://www.crunchbase.com/organization/jerry-3
datahive,23973,Jestor,https://www.crunchbase.com/organization/jestor,jestor,https://www.crunchbase.com/organization/jestor
radema,23973,Jestor,https://www.crunchbase.com/organization/jestor,jestor,https://www.crunchbase.com/organization/jestor
datahive,12084,JetPack Aviation,https://www.crunchbase.com/organization/jetpack-aviation,jetpack-aviation,https://www.crunchbase.com/organization/jetpack-aviation
radema,12084,JetPack Aviation,https://www.crunchbase.com/organization/jetpack-aviation,jetpack-aviation,https://www.crunchbase.com/organization/jetpack-aviation
datahive,917,jEugene,https://www.crunchbase.com/organization/jeugene,jeugene,https://www.crunchbase.com/organization/jeugene
radema,917,jEugene,https://www.crunchbase.com/organization/jeugene,jeugene,https://www.crunchbase.com/organization/jeugene
datahive,1858,Jido Maps,https://www.crunchbase.com/organization/jido-maps,jido-maps,https://www.crunchbase.com/organization/jido-maps
radema,1858,Jido Maps,https://www.crunchbase.com/organization/jido-maps,jido-maps,https://www.crunchbase.com/organization/jido-maps
radema,23440,Jiga,https://www.crunchbase.com/organization/jiga-inc,jiga-inc,https://www.crunchbase.com/organization/jiga-inc
datahive,1918,JITX,JITX,jitx,https://www.crunchbase.com/organization/jitx
radema,1918,JITX,JITX,jitx,https://www.crunchbase.com/organization/jitx
datahive,285,Job Alchemist,https://www.crunchbase.com/organization/jobalchemist,jobalchemist,https://www.crunchbase.com/organization/jobalchemist
radema,285,Job Alchemist,https://www.crunchbase.com/organization/jobalchemist,jobalchemist,https://www.crunchbase.com/organization/jobalchemist
datahive,25047,Careerist,https://www.crunchbase.com/organization/jobeasy,jobeasy,https://www.crunchbase.com/organization/jobeasy
radema,25047,Careerist,https://www.crunchbase.com/organization/jobeasy,jobeasy,https://www.crunchbase.com/organization/jobeasy
datahive,322,Joberator,https://www.crunchbase.com/organization/joberator,joberator,https://www.crunchbase.com/organization/joberator
kaggle_startups,,Joberator,http://www.crunchbase.com/organization/joberator,joberator,https://www.crunchbase.com/organization/joberator
radema,322,Joberator,https://www.crunchbase.com/organization/joberator,joberator,https://www.crunchbase.com/organization/joberator
datahive,247,Jobspice,https://www.crunchbase.com/organization/jobspice,jobspice,https://www.crunchbase.com/organization/jobspice
kaggle_startups,,Jobspice,http://www.crunchbase.com/organization/jobspice,jobspice,https://www.crunchbase.com/organization/jobspice
radema,247,Jobspice,https://www.crunchbase.com/organization/jobspice,jobspice,https://www.crunchbase.com/organization/jobspice
datahive,25823,Joe,https://www.crunchbase.com/organization/joe,joe,https://www.crunchbase.com/organization/joe
radema,25823,Joe,https://www.crunchbase.com/organization/joe,joe,https://www.crunchbase.com/organization/joe
datahive,25907,Joon Health,https://www.crunchbase.com/organization/joon-motivate-your-kids,joon-motivate-your-kids,https://www.crunchbase.com/organization/joon-motivate-your-kids
radema,25907,Joon Health,https://www.crunchbase.com/organization/joon-motivate-your-kids,joon-motivate-your-kids,https://www.crunchbase.com/organization/joon-motivate-your-kids
datahive,867,Jopwell,https://www.crunchbase.com/organization/jopwell,jopwell,https://www.crunchbase.com/organization/jopwell
radema,867,Jopwell,https://www.crunchbase.com/organization/jopwell,jopwell,https://www.crunchbase.com/organization/jopwell
datahive,28160,Finni Health,https://www.crunchbase.com/organization/journey-health-7bab,journey-health-7bab,https://www.crunchbase.com/organization/journey-health-7bab
radema,28160,Finni Health,https://www.crunchbase.com/organization/journey-health-7bab,journey-health-7bab,https://www.crunchbase.com/organization/journey-health-7bab
radema,24205,Jovian,https://www.crunchbase.com/organization/jovian,jovian,https://www.crunchbase.com/organization/jovian
datahive,1200,Joy,https://www.crunchbase.com/organization/joytheapp,joytheapp,https://www.crunchbase.com/organization/joytheapp
radema,1200,Joy,https://www.crunchbase.com/organization/joytheapp,joytheapp,https://www.crunchbase.com/organization/joytheapp
kaggle_startups,,JumpChat,http://www.crunchbase.com/organization/jumpchat,jumpchat,https://www.crunchbase.com/organization/jumpchat
datahive,1340,Jumpcut,https://www.crunchbase.com/organization/jumpcut-studios,jumpcut-studios,https://www.crunchbase.com/organization/jumpcut-studios
radema,1340,Jumpcut,https://www.crunchbase.com/organization/jumpcut-studios,jumpcut-studios,https://www.crunchbase.com/organization/jumpcut-studios
datahive,1809,Juni,https://www.crunchbase.com/organization/juni-learning,juni-learning,https://www.crunchbase.com/organization/juni-learning
radema,1809,Juni,https://www.crunchbase.com/organization/juni-learning,juni-learning,https://www.crunchbase.com/organization/juni-learning
datahive,23970,Jupe,https://www.crunchbase.com/organization/jupe,jupe,https://www.crunchbase.com/organization/jupe
radema,23970,Jupe,https://www.crunchbase.com/organization/jupe,jupe,https://www.crunchbase.com/organization/jupe
datahive,1693,Just Appraised,https://www.crunchbase.com/organization/just-appraised,just-appraised,https://www.crunchbase.com/organization/just-appraised
radema,1693,Just Appraised,https://www.crunchbase.com/organization/just-appraised,just-appraised,https://www.crunchbase.com/organization/just-appraised
kaggle_startups,,Justin.tv,http://www.crunchbase.com/organization/justintv,justintv,https://www.crunchbase.com/organization/justintv
datahive,27817,JustPaid,https://www.crunchbase.com/organization/justpaid-0e67,justpaid-0e67,https://www.crunchbase.com/organization/justpaid-0e67
radema,27817,JustPaid.io,https://www.crunchbase.com/organization/justpaid-0e67,justpaid-0e67,https://www.crunchbase.com/organization/justpaid-0e67
datahive,289,JustSpotted,https://www.crunchbase.com/organization/justspotted,justspotted,https://www.crunchbase.com/organization/justspotted
kaggle_startups,,Scoopler,http://www.crunchbase.com/organization/justspotted,justspotted,https://www.crunchbase.com/organization/justspotted
radema,289,JustSpotted,https://www.crunchbase.com/organization/justspotted,justspotted,https://www.crunchbase.com/organization/justspotted
datahive,25689,Kaagaz,https://www.crunchbase.com/organization/kaagaz-scanner,kaagaz-scanner,https://www.crunchbase.com/organization/kaagaz-scanner
radema,25689,Kaagaz,https://www.crunchbase.com/organization/kaagaz-scanner,kaagaz-scanner,https://www.crunchbase.com/organization/kaagaz-scanner
datahive,25644,Kable,https://www.crunchbase.com/organization/kable-3b17,kable-3b17,https://www.crunchbase.com/organization/kable-3b17
radema,25644,Kable,https://www.crunchbase.com/organization/kable-3b17,kable-3b17,https://www.crunchbase.com/organization/kable-3b17
datahive,24426,KaiPod Learning,https://www.crunchbase.com/organization/kaipod-learning,kaipod-learning,https://www.crunchbase.com/organization/kaipod-learning
radema,24426,KaiPod Learning,https://www.crunchbase.com/organization/kaipod-learning,kaipod-learning,https://www.crunchbase.com/organization/kaipod-learning
radema,1385,Kaizena,https://www.crunchbase.com/organization/kaizena,kaizena,https://www.crunchbase.com/organization/kaizena
datahive,27978,SuperKalam,https://www.crunchbase.com/organization/kalam,kalam,https://www.crunchbase.com/organization/kalam
radema,27978,SuperKalam,https://www.crunchbase.com/organization/kalam,kalam,https://www.crunchbase.com/organization/kalam
kaggle_startups,,Kaleidoscope,http://www.crunchbase.com/organization/kaleidoscope,kaleidoscope,https://www.crunchbase.com/organization/kaleidoscope
datahive,11943,Kalshi,https://www.crunchbase.com/organization/kalshi,kalshi,https://www.crunchbase.com/organization/kalshi
radema,11943,Kalshi,https://www.crunchbase.com/organization/kalshi,kalshi,https://www.crunchbase.com/organization/kalshi
datahive,393,Kamcord,https://www.crunchbase.com/organization/kamcord,kamcord,https://www.crunchbase.com/organization/kamcord
kaggle_startups,,Kamcord,http://www.crunchbase.com/organization/kamcord,kamcord,https://www.crunchbase.com/organization/kamcord
radema,393,Kamcord,https://www.crunchbase.com/organization/kamcord,kamcord,https://www.crunchbase.com/organization/kamcord
datahive,23635,Kanda,https://www.crunchbase.com/organization/kanda-742f,kanda-742f,https://www.crunchbase.com/organization/kanda-742f
radema,23635,Kanda,https://www.crunchbase.com/organization/kanda-742f,kanda-742f,https://www.crunchbase.com/organization/kanda-742f
datahive,25304,Kapital Bank,https://www.crunchbase.com/organization/kapital-smartbank/company_financials,kapital-smartbank,https://www.crunchbase.com/organization/kapital-smartbank
radema,25304,Kapital Bank,https://www.crunchbase.com/organization/kapital-smartbank/company_financials,kapital-smartbank,https://www.crunchbase.com/organization/kapital-smartbank
datahive,24006,Karbon Card,https://www.crunchbase.com/organization/karbon-card,karbon-card,https://www.crunchbase.com/organization/karbon-card
radema,24006,Karbon Card,https://www.crunchbase.com/organization/karbon-card,karbon-card,https://www.crunchbase.com/organization/karbon-card
datahive,682,Kash,https://www.crunchbase.com/organization/kash-2,kash-2,https://www.crunchbase.com/organization/kash-2
radema,682,Kash,https://www.crunchbase.com/organization/kash-2,kash-2,https://www.crunchbase.com/organization/kash-2
datahive,30402,Kashikoi,https://www.crunchbase.com/organization/kashikoi,kashikoi,https://www.crunchbase.com/organization/kashikoi
datahive,27205,Kashin,https://www.crunchbase.com/organization/kashin,kashin,https://www.crunchbase.com/organization/kashin
radema,27205,Kashin,https://www.crunchbase.com/organization/kashin,kashin,https://www.crunchbase.com/organization/kashin
datahive,29715,Kastle,https://www.crunchbase.com/organization/kastle,kastle,https://www.crunchbase.com/organization/kastle
radema,1391,Kaymbu,https://www.crunchbase.com/organization/kaymbu,kaymbu,https://www.crunchbase.com/organization/kaymbu
datahive,11940,Keeper,https://www.crunchbase.com/organization/keeper-tax,keeper-tax,https://www.crunchbase.com/organization/keeper-tax
radema,11940,Keeper,https://www.crunchbase.com/organization/keeper-tax,keeper-tax,https://www.crunchbase.com/organization/keeper-tax
datahive,21881,Kernal Biologics,https://www.crunchbase.com/organization/kernal-biologics,kernal-biologics,https://www.crunchbase.com/organization/kernal-biologics
radema,21881,Kernal Biologics,https://www.crunchbase.com/organization/kernal-biologics,kernal-biologics,https://www.crunchbase.com/organization/kernal-biologics
datahive,1662,Skyscrape,https://www.crunchbase.com/organization/kestrel-materials,kestrel-materials,https://www.crunchbase.com/organization/kestrel-materials
radema,1662,Skyscrape,https://www.crunchbase.com/organization/kestrel-materials,kestrel-materials,https://www.crunchbase.com/organization/kestrel-materials
datahive,1750,Key Values,https://www.crunchbase.com/organization/key-values,key-values,https://www.crunchbase.com/organization/key-values
radema,1750,Key Values,https://www.crunchbase.com/organization/key-values,key-values,https://www.crunchbase.com/organization/key-values
datahive,431,Keychain Logistics,https://www.crunchbase.com/organization/keychain-logistics,keychain-logistics,https://www.crunchbase.com/organization/keychain-logistics
kaggle_startups,,Keychain Logistics,http://www.crunchbase.com/organization/keychain-logistics,keychain-logistics,https://www.crunchbase.com/organization/keychain-logistics
radema,431,Keychain Logistics,https://www.crunchbase.com/organization/keychain-logistics,keychain-logistics,https://www.crunchbase.com/organization/keychain-logistics
datahive,30056,Keye,https://www.crunchbase.com/organization/keye,keye,https://www.crunchbase.com/organization/keye
datahive,12246,Keynua,https://www.crunchbase.com/organization/keynua,keynua,https://www.crunchbase.com/organization/keynua
radema,12246,Keynua,https://www.crunchbase.com/organization/keynua,keynua,https://www.crunchbase.com/organization/keynua
datahive,24207,Keyri,https://www.crunchbase.com/organization/keyri,keyri,https://www.crunchbase.com/organization/keyri
radema,24207,Keyri,https://www.crunchbase.com/organization/keyri,keyri,https://www.crunchbase.com/organization/keyri
datahive,29325,Keywords AI,https://www.crunchbase.com/organization/keywords-ai,keywords-ai,https://www.crunchbase.com/organization/keywords-ai
radema,29325,Keywords AI,https://www.crunchbase.com/organization/keywords-ai,keywords-ai,https://www.crunchbase.com/organization/keywords-ai
datahive,12740,Khabri,https://www.crunchbase.com/organization/khabri,khabri,https://www.crunchbase.com/organization/khabri
radema,12740,Khabri,https://www.crunchbase.com/organization/khabri,khabri,https://www.crunchbase.com/organization/khabri
datahive,2007,Khatabook,https://www.crunchbase.com/organization/khatabook,khatabook,https://www.crunchbase.com/organization/khatabook
radema,2007,Khatabook,https://www.crunchbase.com/organization/khatabook,khatabook,https://www.crunchbase.com/organization/khatabook
datahive,28978,Khoj,https://www.crunchbase.com/organization/khoj,khoj,https://www.crunchbase.com/organization/khoj
radema,28978,Khoj,https://www.crunchbase.com/organization/khoj,khoj,https://www.crunchbase.com/organization/khoj
datahive,772,Kickpay,https://www.crunchbase.com/organization/kickpay,kickpay,https://www.crunchbase.com/organization/kickpay
radema,772,Kickpay,https://www.crunchbase.com/organization/kickpay,kickpay,https://www.crunchbase.com/organization/kickpay
datahive,111,Kicksend,https://www.crunchbase.com/organization/kicksend,kicksend,https://www.crunchbase.com/organization/kicksend
kaggle_startups,,Kicksend,http://www.crunchbase.com/organization/kicksend,kicksend,https://www.crunchbase.com/organization/kicksend
radema,111,Kicksend,https://www.crunchbase.com/organization/kicksend,kicksend,https://www.crunchbase.com/organization/kicksend
radema,1422,KickUp,https://www.crunchbase.com/organization/kickup,kickup,https://www.crunchbase.com/organization/kickup
datahive,1549,KidPass,https://www.crunchbase.com/organization/kidpass,kidpass,https://www.crunchbase.com/organization/kidpass
radema,1549,KidPass,https://www.crunchbase.com/organization/kidpass,kidpass,https://www.crunchbase.com/organization/kidpass
datahive,378,Kiko,https://www.crunchbase.com/organization/kiko,kiko,https://www.crunchbase.com/organization/kiko
kaggle_startups,,Kiko,http://www.crunchbase.com/organization/kiko,kiko,https://www.crunchbase.com/organization/kiko
radema,378,Kiko,https://www.crunchbase.com/organization/kiko,kiko,https://www.crunchbase.com/organization/kiko
kaggle_startups,,Kimono,http://www.crunchbase.com/organization/kimono,kimono,https://www.crunchbase.com/organization/kimono
radema,598,Kimono Labs,https://www.crunchbase.com/organization/kimono,kimono,https://www.crunchbase.com/organization/kimono
datahive,2033,Kinside,https://www.crunchbase.com/organization/kinside,kinside,https://www.crunchbase.com/organization/kinside
radema,2033,Kinside,https://www.crunchbase.com/organization/kinside,kinside,https://www.crunchbase.com/organization/kinside
datahive,1099,Kip Health,https://www.crunchbase.com/organization/kip-labs,kip-labs,https://www.crunchbase.com/organization/kip-labs
radema,1099,Kip Health,https://www.crunchbase.com/organization/kip-labs,kip-labs,https://www.crunchbase.com/organization/kip-labs
datahive,422,Kippt,https://www.crunchbase.com/organization/kippt,kippt,https://www.crunchbase.com/organization/kippt
kaggle_startups,,Kippt,http://www.crunchbase.com/organization/kippt,kippt,https://www.crunchbase.com/organization/kippt
radema,422,Kippt,https://www.crunchbase.com/organization/kippt,kippt,https://www.crunchbase.com/organization/kippt
kaggle_startups,,Kirkland North,http://www.crunchbase.com/organization/kirkland-north,kirkland-north,https://www.crunchbase.com/organization/kirkland-north
datahive,1066,Kisan Network,https://www.crunchbase.com/organization/kisan-network,kisan-network,https://www.crunchbase.com/organization/kisan-network
radema,1066,Kisan Network,https://www.crunchbase.com/organization/kisan-network,kisan-network,https://www.crunchbase.com/organization/kisan-network
datahive,23290,Kitemaker,https://www.crunchbase.com/organization/kitemaker,kitemaker,https://www.crunchbase.com/organization/kitemaker
radema,23290,Kitemaker,https://www.crunchbase.com/organization/kitemaker,kitemaker,https://www.crunchbase.com/organization/kitemaker
datahive,565,Kivo,https://www.crunchbase.com/organization/kivo,kivo,https://www.crunchbase.com/organization/kivo
kaggle_startups,,Kivo,http://www.crunchbase.com/organization/kivo,kivo,https://www.crunchbase.com/organization/kivo
radema,565,Kivo,https://www.crunchbase.com/organization/kivo,kivo,https://www.crunchbase.com/organization/kivo
datahive,27858,Kivo Health,https://www.crunchbase.com/organization/kivo-health,kivo-health,https://www.crunchbase.com/organization/kivo-health
radema,27858,Kivo Health,https://www.crunchbase.com/organization/kivo-health,kivo-health,https://www.crunchbase.com/organization/kivo-health
datahive,955,Klarismo,https://www.crunchbase.com/organization/klarismo,klarismo,https://www.crunchbase.com/organization/klarismo
radema,955,Klarismo,https://www.crunchbase.com/organization/klarismo,klarismo,https://www.crunchbase.com/organization/klarismo
datahive,388,Knowmia,https://www.crunchbase.com/organization/knowmia,knowmia,https://www.crunchbase.com/organization/knowmia
kaggle_startups,,Knowmia,http://www.crunchbase.com/organization/knowmia,knowmia,https://www.crunchbase.com/organization/knowmia
radema,388,Knowmia,https://www.crunchbase.com/organization/knowmia,knowmia,https://www.crunchbase.com/organization/knowmia
datahive,27185,Knowtex,https://www.crunchbase.com/organization/knowtex,knowtex,https://www.crunchbase.com/organization/knowtex
radema,27185,Knowtex,https://www.crunchbase.com/organization/knowtex,knowtex,https://www.crunchbase.com/organization/knowtex
datahive,28192,Koala Ops,https://www.crunchbase.com/organization/koalaops,koalaops,https://www.crunchbase.com/organization/koalaops
radema,28192,Koala Ops,https://www.crunchbase.com/organization/koalaops,koalaops,https://www.crunchbase.com/organization/koalaops
datahive,2009,Kobo360,https://www.crunchbase.com/organization/kobo360,kobo360,https://www.crunchbase.com/organization/kobo360
radema,2009,Kobo360,https://www.crunchbase.com/organization/kobo360,kobo360,https://www.crunchbase.com/organization/kobo360
radema,1383,Kodable,https://www.crunchbase.com/organization/kodable,kodable,https://www.crunchbase.com/organization/kodable
datahive,211,Koduco,https://www.crunchbase.com/organization/koduco,koduco,https://www.crunchbase.com/organization/koduco
kaggle_startups,,Koduco,http://www.crunchbase.com/organization/koduco,koduco,https://www.crunchbase.com/organization/koduco
radema,211,Koduco,https://www.crunchbase.com/organization/koduco,koduco,https://www.crunchbase.com/organization/koduco
datahive,27050,Kombo,https://www.crunchbase.com/organization/kombo-9d88,kombo-9d88,https://www.crunchbase.com/organization/kombo-9d88
radema,27050,Kombo,https://www.crunchbase.com/organization/kombo-9d88,kombo-9d88,https://www.crunchbase.com/organization/kombo-9d88
datahive,1034,Superside,https://www.crunchbase.com/organization/konsus,konsus,https://www.crunchbase.com/organization/konsus
radema,1034,Superside,https://www.crunchbase.com/organization/konsus,konsus,https://www.crunchbase.com/organization/konsus
datahive,29820,Kontigo,https://www.crunchbase.com/organization/kontigo-inc,kontigo-inc,https://www.crunchbase.com/organization/kontigo-inc
datahive,11941,Kopa,https://www.crunchbase.com/organization/kopa,kopa,https://www.crunchbase.com/organization/kopa
radema,11941,Kopa,https://www.crunchbase.com/organization/kopa,kopa,https://www.crunchbase.com/organization/kopa
datahive,26138,KorrAI,https://www.crunchbase.com/organization/korrai,korrai,https://www.crunchbase.com/organization/korrai
radema,26138,KorrAI,https://www.crunchbase.com/organization/korrai,korrai,https://www.crunchbase.com/organization/korrai
datahive,24041,Koshex,https://www.crunchbase.com/organization/koshex,koshex,https://www.crunchbase.com/organization/koshex
radema,24041,Koshex,https://www.crunchbase.com/organization/koshex,koshex,https://www.crunchbase.com/organization/koshex
datahive,12244,Kovi,https://www.crunchbase.com/organization/kovi,kovi,https://www.crunchbase.com/organization/kovi
radema,12244,Kovi,https://www.crunchbase.com/organization/kovi,kovi,https://www.crunchbase.com/organization/kovi
datahive,27953,Koywe,https://www.crunchbase.com/organization/koywe,koywe,https://www.crunchbase.com/organization/koywe
radema,27953,Koywe,https://www.crunchbase.com/organization/koywe,koywe,https://www.crunchbase.com/organization/koywe
datahive,12550,Kraftful,https://www.crunchbase.com/organization/kraftful,kraftful,https://www.crunchbase.com/organization/kraftful
radema,12550,Kraftful,https://www.crunchbase.com/organization/kraftful,kraftful,https://www.crunchbase.com/organization/kraftful
datahive,27161,Krave Mart,https://www.crunchbase.com/organization/krave-mart,krave-mart,https://www.crunchbase.com/organization/krave-mart
radema,27161,Krave Mart,https://www.crunchbase.com/organization/krave-mart,krave-mart,https://www.crunchbase.com/organization/krave-mart
datahive,22857,Kredi,https://www.crunchbase.com/organization/kredi,kredi,https://www.crunchbase.com/organization/kredi
radema,22857,Kredi,https://www.crunchbase.com/organization/kredi,kredi,https://www.crunchbase.com/organization/kredi
datahive,12640,KubeSail,https://www.crunchbase.com/organization/kubesail,kubesail,https://www.crunchbase.com/organization/kubesail
radema,12640,KubeSail,https://www.crunchbase.com/organization/kubesail,kubesail,https://www.crunchbase.com/organization/kubesail
datahive,1527,Nomba,https://www.crunchbase.com/organization/kudi,kudi,https://www.crunchbase.com/organization/kudi
radema,1527,Nomba,https://www.crunchbase.com/organization/kudi,kudi,https://www.crunchbase.com/organization/kudi
datahive,850,Automate Ads,https://www.crunchbase.com/organization/kuhcoon-ba0b,kuhcoon-ba0b,https://www.crunchbase.com/organization/kuhcoon-ba0b
radema,850,Automate Ads,https://www.crunchbase.com/organization/kuhcoon-ba0b,kuhcoon-ba0b,https://www.crunchbase.com/organization/kuhcoon-ba0b
datahive,2037,Kunduz,https://www.crunchbase.com/organization/kunduz,kunduz,https://www.crunchbase.com/organization/kunduz
radema,2037,Kunduz,https://www.crunchbase.com/organization/kunduz,kunduz,https://www.crunchbase.com/organization/kunduz
datahive,24415,Kurios,https://www.crunchbase.com/organization/kurios-technologies,kurios-technologies,https://www.crunchbase.com/organization/kurios-technologies
radema,24415,Kurios,https://www.crunchbase.com/organization/kurios-technologies,kurios-technologies,https://www.crunchbase.com/organization/kurios-technologies
datahive,28218,Kyber,https://www.crunchbase.com/organization/kyber,kyber,https://www.crunchbase.com/organization/kyber
radema,28218,Kyber,https://www.crunchbase.com/organization/kyber,kyber,https://www.crunchbase.com/organization/kyber
datahive,46,BarSense,https://www.crunchbase.com/organization/kytephone,kytephone,https://www.crunchbase.com/organization/kytephone
kaggle_startups,,Kyte,http://www.crunchbase.com/organization/kytephone,kytephone,https://www.crunchbase.com/organization/kytephone
radema,46,BarSense,https://www.crunchbase.com/organization/kytephone,kytephone,https://www.crunchbase.com/organization/kytephone
datahive,868,L.,https://www.crunchbase.com/organization/l-international,l-international,https://www.crunchbase.com/organization/l-international
radema,868,L.,https://www.crunchbase.com/organization/l-international,l-international,https://www.crunchbase.com/organization/l-international
datahive,773,Labdoor,https://www.crunchbase.com/organization/labdoor,labdoor,https://www.crunchbase.com/organization/labdoor
radema,773,Labdoor,https://www.crunchbase.com/organization/labdoor,labdoor,https://www.crunchbase.com/organization/labdoor
datahive,1945,LabelFlow,https://www.crunchbase.com/organization/labelflow,labelflow,https://www.crunchbase.com/organization/labelflow
radema,1945,LabelFlow,https://www.crunchbase.com/organization/labelflow,labelflow,https://www.crunchbase.com/organization/labelflow
datahive,12875,LAIKA,https://www.crunchbase.com/organization/laika,laika,https://www.crunchbase.com/organization/laika
radema,12875,LAIKA,https://www.crunchbase.com/organization/laika,laika,https://www.crunchbase.com/organization/laika
datahive,1594,Bloom Institute of Technology,https://www.crunchbase.com/organization/lambda-school,lambda-school,https://www.crunchbase.com/organization/lambda-school
radema,1594,Bloom Institute of Technology,https://www.crunchbase.com/organization/lambda-school,lambda-school,https://www.crunchbase.com/organization/lambda-school
datahive,1881,Lambda Tea,https://www.crunchbase.com/organization/lambda-tea,lambda-tea,https://www.crunchbase.com/organization/lambda-tea
radema,1881,Lambda Tea,https://www.crunchbase.com/organization/lambda-tea,lambda-tea,https://www.crunchbase.com/organization/lambda-tea
datahive,1054,Landed,https://www.crunchbase.com/organization/landed,landed,https://www.crunchbase.com/organization/landed
radema,1054,Landed,https://www.crunchbase.com/organization/landed,landed,https://www.crunchbase.com/organization/landed
datahive,165,Lanyrd,https://www.crunchbase.com/organization/lanyrd,lanyrd,https://www.crunchbase.com/organization/lanyrd
kaggle_startups,,Lanyrd,http://www.crunchbase.com/organization/lanyrd,lanyrd,https://www.crunchbase.com/organization/lanyrd
radema,165,Lanyrd,https://www.crunchbase.com/organization/lanyrd,lanyrd,https://www.crunchbase.com/organization/lanyrd
datahive,12276,Latchel,https://www.crunchbase.com/organization/latchel,latchel,https://www.crunchbase.com/organization/latchel
radema,12276,Latchel,https://www.crunchbase.com/organization/latchel,latchel,https://www.crunchbase.com/organization/latchel
datahive,973,Lattice,https://www.crunchbase.com/organization/lattice-2,lattice-2,https://www.crunchbase.com/organization/lattice-2
radema,973,Lattice,https://www.crunchbase.com/organization/lattice-2,lattice-2,https://www.crunchbase.com/organization/lattice-2
kaggle_startups,,Launchhear,http://www.crunchbase.com/organization/launchhear,launchhear,https://www.crunchbase.com/organization/launchhear
datahive,115,Launchpad Toys,https://www.crunchbase.com/organization/launchpad-toys,launchpad-toys,https://www.crunchbase.com/organization/launchpad-toys
kaggle_startups,,Launchpad Toys,http://www.crunchbase.com/organization/launchpad-toys,launchpad-toys,https://www.crunchbase.com/organization/launchpad-toys
radema,115,Launchpad Toys,https://www.crunchbase.com/organization/launchpad-toys,launchpad-toys,https://www.crunchbase.com/organization/launchpad-toys
datahive,484,Lawdingo,https://www.crunchbase.com/organization/lawdingo,lawdingo,https://www.crunchbase.com/organization/lawdingo
kaggle_startups,,Lawdingo,http://www.crunchbase.com/organization/lawdingo,lawdingo,https://www.crunchbase.com/organization/lawdingo
radema,484,Lawdingo,https://www.crunchbase.com/organization/lawdingo,lawdingo,https://www.crunchbase.com/organization/lawdingo
datahive,684,Lawn Love,https://www.crunchbase.com/organization/lawn-love,lawn-love,https://www.crunchbase.com/organization/lawn-love
kaggle_startups,,Lawn Love,http://www.crunchbase.com/organization/lawn-love,lawn-love,https://www.crunchbase.com/organization/lawn-love
radema,684,Lawn Love,https://www.crunchbase.com/organization/lawn-love,lawn-love,https://www.crunchbase.com/organization/lawn-love
datahive,1816,Lawyaw,https://www.crunchbase.com/organization/lawyaw,lawyaw,https://www.crunchbase.com/organization/lawyaw
radema,1816,Lawyaw,https://www.crunchbase.com/organization/lawyaw,lawyaw,https://www.crunchbase.com/organization/lawyaw
datahive,543,Layer By Layer,https://www.crunchbase.com/organization/layer-by-layer,layer-by-layer,https://www.crunchbase.com/organization/layer-by-layer
radema,543,Layer By Layer,https://www.crunchbase.com/organization/layer-by-layer,layer-by-layer,https://www.crunchbase.com/organization/layer-by-layer
datahive,22082,Laylo,https://www.crunchbase.com/organization/laylo,laylo,https://www.crunchbase.com/organization/laylo
radema,22082,Laylo,https://www.crunchbase.com/organization/laylo,laylo,https://www.crunchbase.com/organization/laylo
datahive,544,Le Tote,https://www.crunchbase.com/organization/le-tote,le-tote,https://www.crunchbase.com/organization/le-tote
radema,544,Le Tote,https://www.crunchbase.com/organization/le-tote,le-tote,https://www.crunchbase.com/organization/le-tote
datahive,918,Leada,https://www.crunchbase.com/organization/leada,leada,https://www.crunchbase.com/organization/leada
radema,918,Leada,https://www.crunchbase.com/organization/leada,leada,https://www.crunchbase.com/organization/leada
datahive,707,SalesSift,https://www.crunchbase.com/organization/leadfinch,leadfinch,https://www.crunchbase.com/organization/leadfinch
radema,707,SalesSift,https://www.crunchbase.com/organization/leadfinch,leadfinch,https://www.crunchbase.com/organization/leadfinch
datahive,11979,LEAH Labs,https://www.crunchbase.com/organization/leah-labs,leah-labs,https://www.crunchbase.com/organization/leah-labs
radema,11979,LEAH Labs,https://www.crunchbase.com/organization/leah-labs,leah-labs,https://www.crunchbase.com/organization/leah-labs
datahive,120,Leaky,https://www.crunchbase.com/organization/leaky,leaky,https://www.crunchbase.com/organization/leaky
kaggle_startups,,Leaky,http://www.crunchbase.com/organization/leaky,leaky,https://www.crunchbase.com/organization/leaky
radema,120,Leaky,https://www.crunchbase.com/organization/leaky,leaky,https://www.crunchbase.com/organization/leaky
datahive,392,LeanMarket,https://www.crunchbase.com/organization/leanmarket,leanmarket,https://www.crunchbase.com/organization/leanmarket
radema,392,LeanMarket,https://www.crunchbase.com/organization/leanmarket,leanmarket,https://www.crunchbase.com/organization/leanmarket
radema,23324,Leap Club,https://www.crunchbase.com/organization/leap-club/company_financials,leap-club,https://www.crunchbase.com/organization/leap-club
radema,1366,LearningJar,https://www.crunchbase.com/organization/learningjar,learningjar,https://www.crunchbase.com/organization/learningjar
radema,1369,LearnSprout,https://www.crunchbase.com/organization/learnsprout,learnsprout,https://www.crunchbase.com/organization/learnsprout
datahive,1464,Ledger Investing,https://www.crunchbase.com/organization/ledger-investing,ledger-investing,https://www.crunchbase.com/organization/ledger-investing
radema,1464,Ledger Investing,https://www.crunchbase.com/organization/ledger-investing,ledger-investing,https://www.crunchbase.com/organization/ledger-investing
datahive,29702,LedgerUp,https://www.crunchbase.com/organization/ledgerup,ledgerup,https://www.crunchbase.com/organization/ledgerup
datahive,2017,Leena AI,https://www.crunchbase.com/organization/leena-ai,leena-ai,https://www.crunchbase.com/organization/leena-ai
radema,2017,Leena AI,https://www.crunchbase.com/organization/leena-ai,leena-ai,https://www.crunchbase.com/organization/leena-ai
datahive,29656,Leeroo,https://www.crunchbase.com/organization/leeroo,leeroo,https://www.crunchbase.com/organization/leeroo
datahive,194,Leftronic,https://www.crunchbase.com/organization/leftronic,leftronic,https://www.crunchbase.com/organization/leftronic
kaggle_startups,,Leftronic,http://www.crunchbase.com/organization/leftronic,leftronic,https://www.crunchbase.com/organization/leftronic
radema,194,Leftronic,https://www.crunchbase.com/organization/leftronic,leftronic,https://www.crunchbase.com/organization/leftronic
datahive,12554,Legacy,https://www.crunchbase.com/organization/legacy,legacy,https://www.crunchbase.com/organization/legacy
radema,12554,Legacy,https://www.crunchbase.com/organization/legacy,legacy,https://www.crunchbase.com/organization/legacy
datahive,1249,Legalist,https://www.crunchbase.com/organization/legalist,legalist,https://www.crunchbase.com/organization/legalist
radema,1249,Legalist,https://www.crunchbase.com/organization/legalist,legalist,https://www.crunchbase.com/organization/legalist
datahive,23946,Legion Health,https://www.crunchbase.com/organization/legion-health,legion-health,https://www.crunchbase.com/organization/legion-health
radema,23946,Legion Health,https://www.crunchbase.com/organization/legion-health,legion-health,https://www.crunchbase.com/organization/legion-health
radema,25756,Legistify,https://www.crunchbase.com/organization/legistify,legistify,https://www.crunchbase.com/organization/legistify
datahive,25717,Lenco,https://www.crunchbase.com/organization/lenco,lenco,https://www.crunchbase.com/organization/lenco
radema,25717,Lenco,https://www.crunchbase.com/organization/lenco,lenco,https://www.crunchbase.com/organization/lenco
datahive,22833,Lendflow,https://www.crunchbase.com/organization/lendflow,lendflow,https://www.crunchbase.com/organization/lendflow
radema,22833,Lendflow,https://www.crunchbase.com/organization/lendflow,lendflow,https://www.crunchbase.com/organization/lendflow
datahive,1303,Lendsnap,https://www.crunchbase.com/organization/lendsnap-inc,lendsnap-inc,https://www.crunchbase.com/organization/lendsnap-inc
radema,1303,Lendsnap,https://www.crunchbase.com/organization/lendsnap-inc,lendsnap-inc,https://www.crunchbase.com/organization/lendsnap-inc
datahive,41,LendUp,https://www.crunchbase.com/organization/lendup,lendup,https://www.crunchbase.com/organization/lendup
radema,41,LendUp,https://www.crunchbase.com/organization/lendup,lendup,https://www.crunchbase.com/organization/lendup
datahive,1595,Leon & George,https://www.crunchbase.com/organization/leon-george,leon-george,https://www.crunchbase.com/organization/leon-george
radema,1595,Leon & George,https://www.crunchbase.com/organization/leon-george,leon-george,https://www.crunchbase.com/organization/leon-george
datahive,24459,lapzo,https://www.crunchbase.com/organization/lernit,lernit,https://www.crunchbase.com/organization/lernit
radema,24459,lapzo,https://www.crunchbase.com/organization/lernit,lernit,https://www.crunchbase.com/organization/lernit
datahive,1805,Let's Do This,https://www.crunchbase.com/organization/let-s-do-this,let-s-do-this,https://www.crunchbase.com/organization/let-s-do-this
radema,1805,Let's Do This,https://www.crunchbase.com/organization/let-s-do-this,let-s-do-this,https://www.crunchbase.com/organization/let-s-do-this
datahive,13104,Letterdrop,https://www.crunchbase.com/organization/letterdrop,letterdrop,https://www.crunchbase.com/organization/letterdrop
radema,13104,Letterdrop,https://www.crunchbase.com/organization/letterdrop,letterdrop,https://www.crunchbase.com/organization/letterdrop
datahive,815,Level Frames,https://www.crunchbase.com/organization/level-4,level-4,https://www.crunchbase.com/organization/level-4
radema,815,Level Frames,https://www.crunchbase.com/organization/level-4,level-4,https://www.crunchbase.com/organization/level-4
datahive,429,Lever,https://www.crunchbase.com/organization/lever,lever,https://www.crunchbase.com/organization/lever
radema,429,Lever,https://www.crunchbase.com/organization/lever,lever,https://www.crunchbase.com/organization/lever
datahive,25538,Lexter.ai,https://www.crunchbase.com/organization/lexter-ai,lexter-ai,https://www.crunchbase.com/organization/lexter-ai
radema,25538,Lexter.ai,https://www.crunchbase.com/organization/lexter-ai,lexter-ai,https://www.crunchbase.com/organization/lexter-ai
datahive,25287,LifeAt,https://www.crunchbase.com/organization/lifeat,lifeat,https://www.crunchbase.com/organization/lifeat
radema,25287,LifeAt,https://www.crunchbase.com/organization/lifeat,lifeat,https://www.crunchbase.com/organization/lifeat
datahive,612,Liftigniter,https://www.crunchbase.com/organization/liftigniter,liftigniter,https://www.crunchbase.com/organization/liftigniter
radema,612,Liftigniter,https://www.crunchbase.com/organization/liftigniter,liftigniter,https://www.crunchbase.com/organization/liftigniter
datahive,25557,Lightmeter,https://www.crunchbase.com/organization/lightmeter,lightmeter,https://www.crunchbase.com/organization/lightmeter
radema,25557,Lightmeter,https://www.crunchbase.com/organization/lightmeter,lightmeter,https://www.crunchbase.com/organization/lightmeter
datahive,466,Light Table/Eve,https://www.crunchbase.com/organization/lighttable,lighttable,https://www.crunchbase.com/organization/lighttable
kaggle_startups,,LightTable,http://www.crunchbase.com/organization/lighttable,lighttable,https://www.crunchbase.com/organization/lighttable
radema,466,Light Table/Eve,https://www.crunchbase.com/organization/lighttable,lighttable,https://www.crunchbase.com/organization/lighttable
kaggle_startups,,Like.fm,http://www.crunchbase.com/organization/like-fm,like-fm,https://www.crunchbase.com/organization/like-fm
datahive,364,Likebetter,https://www.crunchbase.com/organization/likebetter-com,likebetter-com,https://www.crunchbase.com/organization/likebetter-com
kaggle_startups,,LikeBetter,http://www.crunchbase.com/organization/likebetter-com,likebetter-com,https://www.crunchbase.com/organization/likebetter-com
radema,364,Likebetter,https://www.crunchbase.com/organization/likebetter-com,likebetter-com,https://www.crunchbase.com/organization/likebetter-com
datahive,29787,Lilac Labs,https://www.crunchbase.com/organization/lilac-labs,lilac-labs,https://www.crunchbase.com/organization/lilac-labs
datahive,12700,LineLeap,https://www.crunchbase.com/organization/lineleap,lineleap,https://www.crunchbase.com/organization/lineleap
radema,12700,LineLeap,https://www.crunchbase.com/organization/lineleap,lineleap,https://www.crunchbase.com/organization/lineleap
datahive,259,Lingt,https://www.crunchbase.com/organization/lingt,lingt,https://www.crunchbase.com/organization/lingt
kaggle_startups,,Lingt,http://www.crunchbase.com/organization/lingt,lingt,https://www.crunchbase.com/organization/lingt
radema,259,Lingt,https://www.crunchbase.com/organization/lingt,lingt,https://www.crunchbase.com/organization/lingt
datahive,13497,Linkana,https://www.crunchbase.com/organization/linkana,linkana,https://www.crunchbase.com/organization/linkana
radema,13497,Linkana,https://www.crunchbase.com/organization/linkana,linkana,https://www.crunchbase.com/organization/linkana
datahive,239,Listia,https://www.crunchbase.com/organization/listia,listia,https://www.crunchbase.com/organization/listia
kaggle_startups,,Listia,http://www.crunchbase.com/organization/listia,listia,https://www.crunchbase.com/organization/listia
radema,239,Listia,https://www.crunchbase.com/organization/listia,listia,https://www.crunchbase.com/organization/listia
datahive,685,ListRunner,https://www.crunchbase.com/organization/listrunner,listrunner,https://www.crunchbase.com/organization/listrunner
radema,685,ListRunner,https://www.crunchbase.com/organization/listrunner,listrunner,https://www.crunchbase.com/organization/listrunner
radema,1387,Literably,https://www.crunchbase.com/organization/literably,literably,https://www.crunchbase.com/organization/literably
datahive,1460,LitHit,https://www.crunchbase.com/organization/lithit,lithit,https://www.crunchbase.com/organization/lithit
radema,1460,LitHit,https://www.crunchbase.com/organization/lithit,lithit,https://www.crunchbase.com/organization/lithit
datahive,24558,Litnerd,https://www.crunchbase.com/organization/litnerd,litnerd,https://www.crunchbase.com/organization/litnerd
radema,24558,Litnerd,https://www.crunchbase.com/organization/litnerd,litnerd,https://www.crunchbase.com/organization/litnerd
datahive,28090,Littio,https://www.crunchbase.com/organization/littio-08b1,littio-08b1,https://www.crunchbase.com/organization/littio-08b1
radema,28090,Littio,https://www.crunchbase.com/organization/littio-08b1,littio-08b1,https://www.crunchbase.com/organization/littio-08b1
datahive,24925,Liv Labs,https://www.crunchbase.com/organization/liv-labs,liv-labs,https://www.crunchbase.com/organization/liv-labs
radema,24925,Liv Labs,https://www.crunchbase.com/organization/liv-labs,liv-labs,https://www.crunchbase.com/organization/liv-labs
datahive,22906,LiveFlow,https://www.crunchbase.com/organization/liveflow,liveflow,https://www.crunchbase.com/organization/liveflow
radema,22906,LiveFlow,https://www.crunchbase.com/organization/liveflow,liveflow,https://www.crunchbase.com/organization/liveflow
datahive,1210,Livement,https://www.crunchbase.com/organization/livement,livement,https://www.crunchbase.com/organization/livement
radema,1210,Livement,https://www.crunchbase.com/organization/livement,livement,https://www.crunchbase.com/organization/livement
datahive,552,Lob,https://www.crunchbase.com/organization/lob,lob,https://www.crunchbase.com/organization/lob
kaggle_startups,,Lob,http://www.crunchbase.com/organization/lob,lob,https://www.crunchbase.com/organization/lob
radema,552,Lob,https://www.crunchbase.com/organization/lob,lob,https://www.crunchbase.com/organization/lob
datahive,24190,Locale,https://www.crunchbase.com/organization/locale-8116,locale-8116,https://www.crunchbase.com/organization/locale-8116
radema,24190,Locale,https://www.crunchbase.com/organization/locale-8116,locale-8116,https://www.crunchbase.com/organization/locale-8116
datahive,545,LocalOn,https://www.crunchbase.com/organization/localon,localon,https://www.crunchbase.com/organization/localon
kaggle_startups,,LocalOn,http://www.crunchbase.com/organization/localon,localon,https://www.crunchbase.com/organization/localon
radema,545,LocalOn,https://www.crunchbase.com/organization/localon,localon,https://www.crunchbase.com/organization/localon
datahive,12626,Localyze,https://www.crunchbase.com/organization/localyze,localyze,https://www.crunchbase.com/organization/localyze
radema,12626,Localyze,https://www.crunchbase.com/organization/localyze,localyze,https://www.crunchbase.com/organization/localyze
datahive,920,Locent,https://www.crunchbase.com/organization/locent,locent,https://www.crunchbase.com/organization/locent
radema,920,Locent,https://www.crunchbase.com/organization/locent,locent,https://www.crunchbase.com/organization/locent
kaggle_startups,,Lockitron,http://www.crunchbase.com/organization/lockitron,lockitron,https://www.crunchbase.com/organization/lockitron
datahive,749,Mezmo,https://www.crunchbase.com/organization/logdna,logdna,https://www.crunchbase.com/organization/logdna
radema,749,Mezmo,https://www.crunchbase.com/organization/logdna,logdna,https://www.crunchbase.com/organization/logdna
datahive,509,Logiblock,https://www.crunchbase.com/organization/logiblock,logiblock,https://www.crunchbase.com/organization/logiblock
radema,509,Logiblock,https://www.crunchbase.com/organization/logiblock,logiblock,https://www.crunchbase.com/organization/logiblock
datahive,12723,Lokal,https://www.crunchbase.com/organization/lokal,lokal,https://www.crunchbase.com/organization/lokal
radema,12723,Lokal,https://www.crunchbase.com/organization/lokal,lokal,https://www.crunchbase.com/organization/lokal
datahive,492,Lollipuff,https://www.crunchbase.com/organization/lollipuff,lollipuff,https://www.crunchbase.com/organization/lollipuff
kaggle_startups,,Lollipuff,http://www.crunchbase.com/organization/lollipuff,lollipuff,https://www.crunchbase.com/organization/lollipuff
radema,492,Lollipuff,https://www.crunchbase.com/organization/lollipuff,lollipuff,https://www.crunchbase.com/organization/lollipuff
datahive,1584,Long Term Stock Exchange,https://www.crunchbase.com/organization/long-term-stock-exchange,long-term-stock-exchange,https://www.crunchbase.com/organization/long-term-stock-exchange
radema,1584,Long Term Stock Exchange,https://www.crunchbase.com/organization/long-term-stock-exchange,long-term-stock-exchange,https://www.crunchbase.com/organization/long-term-stock-exchange
datahive,1874,Look After My Bills,https://www.crunchbase.com/organization/look-after-my-bills,look-after-my-bills,https://www.crunchbase.com/organization/look-after-my-bills
radema,1874,Look After My Bills,https://www.crunchbase.com/organization/look-after-my-bills,look-after-my-bills,https://www.crunchbase.com/organization/look-after-my-bills
datahive,1227,Looklive,https://www.crunchbase.com/organization/looklive,looklive,https://www.crunchbase.com/organization/looklive
radema,1227,Looklive,https://www.crunchbase.com/organization/looklive,looklive,https://www.crunchbase.com/organization/looklive
datahive,54,Loom,https://www.crunchbase.com/organization/loom,loom,https://www.crunchbase.com/organization/loom
kaggle_startups,,Loom (prev. PopSet),http://www.crunchbase.com/organization/loom,loom,https://www.crunchbase.com/organization/loom
radema,54,Loom,https://www.crunchbase.com/organization/loom,loom,https://www.crunchbase.com/organization/loom
datahive,11949,SpaceRyde,https://www.crunchbase.com/organization/loonify-space,loonify-space,https://www.crunchbase.com/organization/loonify-space
radema,11949,SpaceRyde,https://www.crunchbase.com/organization/loonify-space,loonify-space,https://www.crunchbase.com/organization/loonify-space
datahive,1000,Loop Genomics,https://www.crunchbase.com/organization/loop-genomics,loop-genomics,https://www.crunchbase.com/organization/loop-genomics
radema,1000,Loop Genomics,https://www.crunchbase.com/organization/loop-genomics,loop-genomics,https://www.crunchbase.com/organization/loop-genomics
datahive,1450,Loop Support,https://www.crunchbase.com/organization/loop-support,loop-support,https://www.crunchbase.com/organization/loop-support
radema,1450,Loop Support,https://www.crunchbase.com/organization/loop-support,loop-support,https://www.crunchbase.com/organization/loop-support
datahive,373,Loopt,https://www.crunchbase.com/organization/loopt,loopt,https://www.crunchbase.com/organization/loopt
kaggle_startups,,Loopt,http://www.crunchbase.com/organization/loopt,loopt,https://www.crunchbase.com/organization/loopt
radema,373,Loopt,https://www.crunchbase.com/organization/loopt,loopt,https://www.crunchbase.com/organization/loopt
datahive,1670,LotusPay,https://www.crunchbase.com/organization/lotuspay,lotuspay,https://www.crunchbase.com/organization/lotuspay
radema,1670,LotusPay,https://www.crunchbase.com/organization/lotuspay,lotuspay,https://www.crunchbase.com/organization/lotuspay
datahive,25724,Lovage,https://www.crunchbase.com/organization/lovage-labs,lovage-labs,https://www.crunchbase.com/organization/lovage-labs
radema,25724,Lovage,https://www.crunchbase.com/organization/lovage-labs,lovage-labs,https://www.crunchbase.com/organization/lovage-labs
datahive,1902,Lowkey,https://www.crunchbase.com/organization/lowkey-2a15,lowkey-2a15,https://www.crunchbase.com/organization/lowkey-2a15
radema,1902,Lowkey,https://www.crunchbase.com/organization/lowkey-2a15,lowkey-2a15,https://www.crunchbase.com/organization/lowkey-2a15
datahive,28129,Luca,https://www.crunchbase.com/organization/luca-d9f8,luca-d9f8,https://www.crunchbase.com/organization/luca-d9f8
radema,28129,Luca,https://www.crunchbase.com/organization/luca-d9f8,luca-d9f8,https://www.crunchbase.com/organization/luca-d9f8
datahive,12597,Lucid Bots,https://www.crunchbase.com/organization/lucid-drone-technologies,lucid-drone-technologies,https://www.crunchbase.com/organization/lucid-drone-technologies
radema,12597,Lucid Bots,https://www.crunchbase.com/organization/lucid-drone-technologies,lucid-drone-technologies,https://www.crunchbase.com/organization/lucid-drone-technologies
datahive,861,Lugg,https://www.crunchbase.com/organization/lugg,lugg,https://www.crunchbase.com/organization/lugg
radema,861,Lugg,https://www.crunchbase.com/organization/lugg,lugg,https://www.crunchbase.com/organization/lugg
datahive,845,Lully,https://www.crunchbase.com/organization/lully,lully,https://www.crunchbase.com/organization/lully
radema,845,Lully,https://www.crunchbase.com/organization/lully,lully,https://www.crunchbase.com/organization/lully
kaggle_startups,,Midnox,http://www.crunchbase.com/organization/luma-io,luma-io,https://www.crunchbase.com/organization/luma-io
datahive,27697,Lume,https://www.crunchbase.com/organization/lume-ee1a,lume-ee1a,https://www.crunchbase.com/organization/lume-ee1a
datahive,29808,Starcloud,https://www.crunchbase.com/organization/lumen-orbit,lumen-orbit,https://www.crunchbase.com/organization/lumen-orbit
datahive,855,Lumi,https://www.crunchbase.com/organization/lumi,lumi,https://www.crunchbase.com/organization/lumi
radema,855,Lumi,https://www.crunchbase.com/organization/lumi,lumi,https://www.crunchbase.com/organization/lumi
datahive,25311,Lumina,https://www.crunchbase.com/organization/lumina-6a60,lumina-6a60,https://www.crunchbase.com/organization/lumina-6a60
radema,25311,Lumina,https://www.crunchbase.com/organization/lumina-6a60,lumina-6a60,https://www.crunchbase.com/organization/lumina-6a60
datahive,1014,Luminist Labs,https://www.crunchbase.com/organization/luminist,luminist,https://www.crunchbase.com/organization/luminist
radema,1014,Luminist Labs,https://www.crunchbase.com/organization/luminist,luminist,https://www.crunchbase.com/organization/luminist
datahive,561,Lumoid,https://www.crunchbase.com/organization/lumoid,lumoid,https://www.crunchbase.com/organization/lumoid
kaggle_startups,,Lumoid,http://www.crunchbase.com/organization/lumoid,lumoid,https://www.crunchbase.com/organization/lumoid
radema,561,Lumoid,https://www.crunchbase.com/organization/lumoid,lumoid,https://www.crunchbase.com/organization/lumoid
datahive,11937,Insight,https://www.crunchbase.com/organization/lumos-6f11,lumos-6f11,https://www.crunchbase.com/organization/lumos-6f11
radema,11937,Insight,https://www.crunchbase.com/organization/lumos-6f11,lumos-6f11,https://www.crunchbase.com/organization/lumos-6f11
datahive,12615,LunaSec,https://www.crunchbase.com/organization/lunasec,lunasec,https://www.crunchbase.com/organization/lunasec
radema,12615,LunaSec,https://www.crunchbase.com/organization/lunasec,lunasec,https://www.crunchbase.com/organization/lunasec
datahive,30057,Luthor,https://www.crunchbase.com/organization/luthor-ai,luthor-ai,https://www.crunchbase.com/organization/luthor-ai
datahive,1452,lvl5,https://www.crunchbase.com/organization/lvl5,lvl5,https://www.crunchbase.com/organization/lvl5
radema,1452,lvl5,https://www.crunchbase.com/organization/lvl5,lvl5,https://www.crunchbase.com/organization/lvl5
datahive,45,LVL6,https://www.crunchbase.com/organization/lvl6,lvl6,https://www.crunchbase.com/organization/lvl6
kaggle_startups,,LVL6,http://www.crunchbase.com/organization/lvl6,lvl6,https://www.crunchbase.com/organization/lvl6
radema,45,LVL6,https://www.crunchbase.com/organization/lvl6,lvl6,https://www.crunchbase.com/organization/lvl6
datahive,22659,Lygg,https://www.crunchbase.com/organization/lygg,lygg,https://www.crunchbase.com/organization/lygg
radema,22659,Lygg,https://www.crunchbase.com/organization/lygg,lygg,https://www.crunchbase.com/organization/lygg
datahive,1097,Lygos,https://www.crunchbase.com/organization/lygos,lygos,https://www.crunchbase.com/organization/lygos
radema,1097,Lygos,https://www.crunchbase.com/organization/lygos,lygos,https://www.crunchbase.com/organization/lygos
datahive,1049,Lynks,https://www.crunchbase.com/organization/lynks,lynks,https://www.crunchbase.com/organization/lynks
radema,1049,Lynks,https://www.crunchbase.com/organization/lynks,lynks,https://www.crunchbase.com/organization/lynks
datahive,1689,Lyrebird,https://www.crunchbase.com/organization/lyrebird,lyrebird,https://www.crunchbase.com/organization/lyrebird
radema,1689,Lyrebird,https://www.crunchbase.com/organization/lyrebird,lyrebird,https://www.crunchbase.com/organization/lyrebird
datahive,307,Machine Zone,https://www.crunchbase.com/organization/machine-zone,machine-zone,https://www.crunchbase.com/organization/machine-zone
kaggle_startups,,Machine Zone (prev Addmired),http://www.crunchbase.com/organization/machine-zone,machine-zone,https://www.crunchbase.com/organization/machine-zone
radema,307,Machine Zone,https://www.crunchbase.com/organization/machine-zone,machine-zone,https://www.crunchbase.com/organization/machine-zone
datahive,1760,Macromoltek,https://www.crunchbase.com/organization/macromoltek-inc,macromoltek-inc,https://www.crunchbase.com/organization/macromoltek-inc
radema,1760,Macromoltek,https://www.crunchbase.com/organization/macromoltek-inc,macromoltek-inc,https://www.crunchbase.com/organization/macromoltek-inc
datahive,947,Maderight,https://www.crunchbase.com/organization/maderight,maderight,https://www.crunchbase.com/organization/maderight
radema,947,Maderight,https://www.crunchbase.com/organization/maderight,maderight,https://www.crunchbase.com/organization/maderight
kaggle_startups,,MadeSolid,http://www.crunchbase.com/organization/madesolid,madesolid,https://www.crunchbase.com/organization/madesolid
radema,601,MadeSolid,https://www.crunchbase.com/organization/madesolid,madesolid,https://www.crunchbase.com/organization/madesolid
datahive,751,Magic,https://www.crunchbase.com/organization/magic,magic,https://www.crunchbase.com/organization/magic
radema,751,Magic,https://www.crunchbase.com/organization/magic,magic,https://www.crunchbase.com/organization/magic
datahive,26658,Magic,https://www.crunchbase.com/organization/magic-8953,magic-8953,https://www.crunchbase.com/organization/magic-8953
datahive,980,Magic Instruments,https://www.crunchbase.com/organization/magic-instruments,magic-instruments,https://www.crunchbase.com/organization/magic-instruments
radema,980,Magic Instruments,https://www.crunchbase.com/organization/magic-instruments,magic-instruments,https://www.crunchbase.com/organization/magic-instruments
datahive,28795,Magic Loops,https://www.crunchbase.com/organization/magic-loops,magic-loops,https://www.crunchbase.com/organization/magic-loops
radema,28795,Magic Loops,https://www.crunchbase.com/organization/magic-loops,magic-loops,https://www.crunchbase.com/organization/magic-loops
datahive,990,MagicBus,https://www.crunchbase.com/organization/magicbus,magicbus,https://www.crunchbase.com/organization/magicbus
radema,990,MagicBus,https://www.crunchbase.com/organization/magicbus,magicbus,https://www.crunchbase.com/organization/magicbus
datahive,29252,Maia,https://www.crunchbase.com/organization/maia-ede8,maia-ede8,https://www.crunchbase.com/organization/maia-ede8
radema,29252,Maia,https://www.crunchbase.com/organization/maia-ede8,maia-ede8,https://www.crunchbase.com/organization/maia-ede8
datahive,29241,Maihem,https://www.crunchbase.com/organization/maihem,maihem,https://www.crunchbase.com/organization/maihem
datahive,162,Mailgun,https://www.crunchbase.com/organization/mailgun,mailgun,https://www.crunchbase.com/organization/mailgun
kaggle_startups,,MailGun,http://www.crunchbase.com/organization/mailgun,mailgun,https://www.crunchbase.com/organization/mailgun
radema,162,Mailgun,https://www.crunchbase.com/organization/mailgun,mailgun,https://www.crunchbase.com/organization/mailgun
datahive,1028,MailTime,https://www.crunchbase.com/organization/mailtime,mailtime,https://www.crunchbase.com/organization/mailtime
radema,1028,MailTime,https://www.crunchbase.com/organization/mailtime,mailtime,https://www.crunchbase.com/organization/mailtime
datahive,29647,Maitai,https://www.crunchbase.com/organization/maitai-fbf8,maitai-fbf8,https://www.crunchbase.com/organization/maitai-fbf8
datahive,12041,Maitian.ai,https://www.crunchbase.com/organization/maitian-ai,maitian-ai,https://www.crunchbase.com/organization/maitian-ai
radema,12041,Maitian.ai,https://www.crunchbase.com/organization/maitian-ai,maitian-ai,https://www.crunchbase.com/organization/maitian-ai
datahive,33,Make School,https://www.crunchbase.com/organization/makegameswithus,makegameswithus,https://www.crunchbase.com/organization/makegameswithus
kaggle_startups,,MakeGamesWithUs,http://www.crunchbase.com/organization/makegameswithus,makegameswithus,https://www.crunchbase.com/organization/makegameswithus
radema,33,Make School,https://www.crunchbase.com/organization/makegameswithus,makegameswithus,https://www.crunchbase.com/organization/makegameswithus
datahive,26809,Malama Health,https://www.crunchbase.com/organization/malama-health,malama-health,https://www.crunchbase.com/organization/malama-health
radema,26809,Malama Health,https://www.crunchbase.com/organization/malama-health,malama-health,https://www.crunchbase.com/organization/malama-health
datahive,24382,Malloc Inc,https://www.crunchbase.com/organization/malloc-05ff,malloc-05ff,https://www.crunchbase.com/organization/malloc-05ff
radema,24382,Malloc,https://www.crunchbase.com/organization/malloc-05ff,malloc-05ff,https://www.crunchbase.com/organization/malloc-05ff
datahive,29719,Manaflow,https://www.crunchbase.com/organization/manaflow,manaflow,https://www.crunchbase.com/organization/manaflow
datahive,26,Marft,https://www.crunchbase.com/organization/marft,marft,https://www.crunchbase.com/organization/marft
radema,26,Marft,https://www.crunchbase.com/organization/marft,marft,https://www.crunchbase.com/organization/marft
datahive,25671,Markaz Technologies,https://www.crunchbase.com/organization/markaz-technologies,markaz-technologies,https://www.crunchbase.com/organization/markaz-technologies
radema,25671,Markaz Technologies,https://www.crunchbase.com/organization/markaz-technologies,markaz-technologies,https://www.crunchbase.com/organization/markaz-technologies
datahive,100,MarketBrief,https://www.crunchbase.com/organization/marketbrief,marketbrief,https://www.crunchbase.com/organization/marketbrief
kaggle_startups,,MarketBrief,http://www.crunchbase.com/organization/marketbrief,marketbrief,https://www.crunchbase.com/organization/marketbrief
radema,100,MarketBrief,https://www.crunchbase.com/organization/marketbrief,marketbrief,https://www.crunchbase.com/organization/marketbrief
datahive,21916,MarketForce,https://www.crunchbase.com/organization/marketforce360,marketforce360,https://www.crunchbase.com/organization/marketforce360
radema,21916,MarketForce,https://www.crunchbase.com/organization/marketforce360,marketforce360,https://www.crunchbase.com/organization/marketforce360
datahive,1533,Marketfox,https://www.crunchbase.com/organization/marketfox,marketfox,https://www.crunchbase.com/organization/marketfox
radema,1533,Marketfox,https://www.crunchbase.com/organization/marketfox,marketfox,https://www.crunchbase.com/organization/marketfox
datahive,24176,Maroo,https://www.crunchbase.com/organization/maroo,maroo,https://www.crunchbase.com/organization/maroo
radema,24176,Maroo,https://www.crunchbase.com/organization/maroo,maroo,https://www.crunchbase.com/organization/maroo
datahive,23451,MarqVision,https://www.crunchbase.com/organization/marq,marq,https://www.crunchbase.com/organization/marq
radema,23451,MarqVision,https://www.crunchbase.com/organization/marq,marq,https://www.crunchbase.com/organization/marq
datahive,12267,Mars Auto,https://www.crunchbase.com/organization/mars-auto,mars-auto,https://www.crunchbase.com/organization/mars-auto
radema,12267,Mars Auto,https://www.crunchbase.com/organization/mars-auto,mars-auto,https://www.crunchbase.com/organization/mars-auto
datahive,1352,Proxy,https://www.crunchbase.com/organization/martians,martians,https://www.crunchbase.com/organization/martians
radema,1352,Proxy,https://www.crunchbase.com/organization/martians,martians,https://www.crunchbase.com/organization/martians
datahive,29160,Martin,https://www.crunchbase.com/organization/martin-bb22,martin-bb22,https://www.crunchbase.com/organization/martin-bb22
radema,29160,Martin,https://www.crunchbase.com/organization/martin-bb22,martin-bb22,https://www.crunchbase.com/organization/martin-bb22
datahive,856,Mashgin,https://www.crunchbase.com/organization/mashgin,mashgin,https://www.crunchbase.com/organization/mashgin
radema,856,Mashgin,https://www.crunchbase.com/organization/mashgin,mashgin,https://www.crunchbase.com/organization/mashgin
datahive,991,Mason,https://www.crunchbase.com/organization/mason,mason,https://www.crunchbase.com/organization/mason
radema,991,Mason,https://www.crunchbase.com/organization/mason,mason,https://www.crunchbase.com/organization/mason
datahive,26303,Massdriver,https://www.crunchbase.com/organization/massdriver,massdriver,https://www.crunchbase.com/organization/massdriver
radema,26303,Massdriver,https://www.crunchbase.com/organization/massdriver,massdriver,https://www.crunchbase.com/organization/massdriver
datahive,27677,Matano,https://www.crunchbase.com/organization/matano,matano,https://www.crunchbase.com/organization/matano
radema,27677,Matano,https://www.crunchbase.com/organization/matano,matano,https://www.crunchbase.com/organization/matano
datahive,1002,UpLabs,https://www.crunchbase.com/organization/materialup,materialup,https://www.crunchbase.com/organization/materialup
radema,1002,UpLabs,https://www.crunchbase.com/organization/materialup,materialup,https://www.crunchbase.com/organization/materialup
radema,1411,MathChat,https://www.crunchbase.com/organization/mathchat,mathchat,https://www.crunchbase.com/organization/mathchat
datahive,24330,Matidor.com,https://www.crunchbase.com/organization/matidor,matidor,https://www.crunchbase.com/organization/matidor
radema,24330,Matidor.com,https://www.crunchbase.com/organization/matidor,matidor,https://www.crunchbase.com/organization/matidor
datahive,441,Mattermark,https://www.crunchbase.com/organization/mattermark,mattermark,https://www.crunchbase.com/organization/mattermark
radema,441,Mattermark,https://www.crunchbase.com/organization/mattermark,mattermark,https://www.crunchbase.com/organization/mattermark
datahive,407,Mattermost,https://www.crunchbase.com/organization/mattermost,mattermost,https://www.crunchbase.com/organization/mattermost
radema,407,Mattermost,https://www.crunchbase.com/organization/mattermost,mattermost,https://www.crunchbase.com/organization/mattermost
datahive,30,Matterport,https://www.crunchbase.com/organization/matterport,matterport,https://www.crunchbase.com/organization/matterport
kaggle_startups,,MatterPort,http://www.crunchbase.com/organization/matterport,matterport,https://www.crunchbase.com/organization/matterport
radema,30,Matterport,https://www.crunchbase.com/organization/matterport,matterport,https://www.crunchbase.com/organization/matterport
datahive,1680,May Mobility,https://www.crunchbase.com/organization/may-mobility,may-mobility,https://www.crunchbase.com/organization/may-mobility
radema,1680,May Mobility,https://www.crunchbase.com/organization/may-mobility,may-mobility,https://www.crunchbase.com/organization/may-mobility
datahive,24302,OneStopKitchen,https://www.crunchbase.com/organization/mayaeats,mayaeats,https://www.crunchbase.com/organization/mayaeats
radema,24302,OneStopKitchen,https://www.crunchbase.com/organization/mayaeats,mayaeats,https://www.crunchbase.com/organization/mayaeats
datahive,23541,Mayan,https://www.crunchbase.com/organization/mayan,mayan,https://www.crunchbase.com/organization/mayan
radema,23541,Mayan,https://www.crunchbase.com/organization/mayan,mayan,https://www.crunchbase.com/organization/mayan
datahive,1461,MDalgorithms Inc.,https://www.crunchbase.com/organization/mdalgorithms,mdalgorithms,https://www.crunchbase.com/organization/mdalgorithms
radema,1461,MDalgorithms Inc.,https://www.crunchbase.com/organization/mdalgorithms,mdalgorithms,https://www.crunchbase.com/organization/mdalgorithms
datahive,1941,Pocket Worlds,https://www.crunchbase.com/organization/me-a8f1,me-a8f1,https://www.crunchbase.com/organization/me-a8f1
radema,1941,Pocket Worlds,https://www.crunchbase.com/organization/me-a8f1,me-a8f1,https://www.crunchbase.com/organization/me-a8f1
datahive,817,Meadow,https://www.crunchbase.com/organization/meadow,meadow,https://www.crunchbase.com/organization/meadow
radema,817,Meadow,https://www.crunchbase.com/organization/meadow,meadow,https://www.crunchbase.com/organization/meadow
datahive,24915,Mecho Autotech,https://www.crunchbase.com/organization/mecho-autotech,mecho-autotech,https://www.crunchbase.com/organization/mecho-autotech
radema,24915,Mecho Autotech,https://www.crunchbase.com/organization/mecho-autotech,mecho-autotech,https://www.crunchbase.com/organization/mecho-autotech
datahive,11977,MedCrypt,https://www.crunchbase.com/organization/medcrypt,medcrypt,https://www.crunchbase.com/organization/medcrypt
radema,11977,MedCrypt,https://www.crunchbase.com/organization/medcrypt,medcrypt,https://www.crunchbase.com/organization/medcrypt
datahive,16,Medigram,https://www.crunchbase.com/organization/medigram,medigram,https://www.crunchbase.com/organization/medigram
kaggle_startups,,Medigram,http://www.crunchbase.com/organization/medigram,medigram,https://www.crunchbase.com/organization/medigram
radema,16,Medigram,https://www.crunchbase.com/organization/medigram,medigram,https://www.crunchbase.com/organization/medigram
datahive,1926,Medinas Health,https://www.crunchbase.com/organization/medinas,medinas,https://www.crunchbase.com/organization/medinas
radema,1926,Medinas Health,https://www.crunchbase.com/organization/medinas,medinas,https://www.crunchbase.com/organization/medinas
datahive,487,Medisas,https://www.crunchbase.com/organization/medisas,medisas,https://www.crunchbase.com/organization/medisas
kaggle_startups,,Medisas,http://www.crunchbase.com/organization/medisas,medisas,https://www.crunchbase.com/organization/medisas
radema,487,Medisas,https://www.crunchbase.com/organization/medisas,medisas,https://www.crunchbase.com/organization/medisas
datahive,22663,MedMe Health,https://www.crunchbase.com/organization/medme-health,medme-health,https://www.crunchbase.com/organization/medme-health
radema,22663,MedMe Health,https://www.crunchbase.com/organization/medme-health,medme-health,https://www.crunchbase.com/organization/medme-health
datahive,62,Medmonk,https://www.crunchbase.com/organization/medmonk,medmonk,https://www.crunchbase.com/organization/medmonk
radema,62,Medmonk,https://www.crunchbase.com/organization/medmonk,medmonk,https://www.crunchbase.com/organization/medmonk
datahive,22196,"MedPiper Technologies, Inc",https://www.crunchbase.com/organization/medpiper,medpiper,https://www.crunchbase.com/organization/medpiper
radema,22196,"MedPiper Technologies, Inc",https://www.crunchbase.com/organization/medpiper,medpiper,https://www.crunchbase.com/organization/medpiper
datahive,26413,Medplum,https://www.crunchbase.com/organization/medplum,medplum,https://www.crunchbase.com/organization/medplum
datahive,1843,Medumo,https://www.crunchbase.com/organization/medumo-2,medumo-2,https://www.crunchbase.com/organization/medumo-2
radema,1843,Medumo,https://www.crunchbase.com/organization/medumo-2,medumo-2,https://www.crunchbase.com/organization/medumo-2
datahive,499,MedXT,https://www.crunchbase.com/organization/medxt,medxt,https://www.crunchbase.com/organization/medxt
radema,499,MedXT,https://www.crunchbase.com/organization/medxt,medxt,https://www.crunchbase.com/organization/medxt
datahive,1266,Meesho,https://www.crunchbase.com/organization/meesho,meesho,https://www.crunchbase.com/organization/meesho
radema,1266,Meesho,https://www.crunchbase.com/organization/meesho,meesho,https://www.crunchbase.com/organization/meesho
kaggle_startups,,Meetcast,http://www.crunchbase.com/organization/meetcast,meetcast,https://www.crunchbase.com/organization/meetcast
datahive,1632,Meetingbird,https://www.crunchbase.com/organization/meetingbird,meetingbird,https://www.crunchbase.com/organization/meetingbird
radema,1632,Meetingbird,https://www.crunchbase.com/organization/meetingbird,meetingbird,https://www.crunchbase.com/organization/meetingbird
kaggle_startups,,MeetingMix,http://www.crunchbase.com/organization/meetingmix-com,meetingmix-com,https://www.crunchbase.com/organization/meetingmix-com
datahive,216,Bitplay,https://www.crunchbase.com/organization/meetings-io,meetings-io,https://www.crunchbase.com/organization/meetings-io
kaggle_startups,,Meetings.io,http://www.crunchbase.com/organization/meetings-io,meetings-io,https://www.crunchbase.com/organization/meetings-io
radema,216,Bitplay,https://www.crunchbase.com/organization/meetings-io,meetings-io,https://www.crunchbase.com/organization/meetings-io
datahive,1785,Meitre,https://www.crunchbase.com/organization/meitre,meitre,https://www.crunchbase.com/organization/meitre
radema,1785,Meitre,https://www.crunchbase.com/organization/meitre,meitre,https://www.crunchbase.com/organization/meitre
datahive,494,Meldium,https://www.crunchbase.com/organization/meldium,meldium,https://www.crunchbase.com/organization/meldium
kaggle_startups,,Meldium,http://www.crunchbase.com/organization/meldium,meldium,https://www.crunchbase.com/organization/meldium
radema,494,Meldium,https://www.crunchbase.com/organization/meldium,meldium,https://www.crunchbase.com/organization/meldium
datahive,26294,Lizza,https://www.crunchbase.com/organization/melloon,melloon,https://www.crunchbase.com/organization/melloon
radema,26294,Lizza,https://www.crunchbase.com/organization/melloon,melloon,https://www.crunchbase.com/organization/melloon
datahive,1542,SourceBeacon,https://www.crunchbase.com/organization/melotic,melotic,https://www.crunchbase.com/organization/melotic
radema,1542,SourceBeacon,https://www.crunchbase.com/organization/melotic,melotic,https://www.crunchbase.com/organization/melotic
datahive,29585,Mem0,https://www.crunchbase.com/organization/mem0,mem0,https://www.crunchbase.com/organization/mem0
kaggle_startups,,Memamp,http://www.crunchbase.com/organization/memamp,memamp,https://www.crunchbase.com/organization/memamp
datahive,603,MBX,https://www.crunchbase.com/organization/memebox,memebox,https://www.crunchbase.com/organization/memebox
kaggle_startups,,Memebox,http://www.crunchbase.com/organization/memebox,memebox,https://www.crunchbase.com/organization/memebox
radema,603,MBX,https://www.crunchbase.com/organization/memebox,memebox,https://www.crunchbase.com/organization/memebox
datahive,12356,Memfault,https://www.crunchbase.com/organization/memfault,memfault,https://www.crunchbase.com/organization/memfault
radema,12356,Memfault,https://www.crunchbase.com/organization/memfault,memfault,https://www.crunchbase.com/organization/memfault
datahive,1840,Memora Health,https://www.crunchbase.com/organization/memora-health,memora-health,https://www.crunchbase.com/organization/memora-health
radema,1840,Memora Health,https://www.crunchbase.com/organization/memora-health,memora-health,https://www.crunchbase.com/organization/memora-health
datahive,134,SingleStore,https://www.crunchbase.com/organization/memsql,memsql,https://www.crunchbase.com/organization/memsql
kaggle_startups,,MemSQL,http://www.crunchbase.com/organization/memsql,memsql,https://www.crunchbase.com/organization/memsql
radema,134,SingleStore,https://www.crunchbase.com/organization/memsql,memsql,https://www.crunchbase.com/organization/memsql
datahive,1977,MentalHappy,https://www.crunchbase.com/organization/mentalhappy,mentalhappy,https://www.crunchbase.com/organization/mentalhappy
radema,1977,MentalHappy,https://www.crunchbase.com/organization/mentalhappy,mentalhappy,https://www.crunchbase.com/organization/mentalhappy
datahive,13616,Menten AI,https://www.crunchbase.com/organization/menten-biotechnology-labs-inc,menten-biotechnology-labs-inc,https://www.crunchbase.com/organization/menten-biotechnology-labs-inc
radema,13616,Menten AI,https://www.crunchbase.com/organization/menten-biotechnology-labs-inc,menten-biotechnology-labs-inc,https://www.crunchbase.com/organization/menten-biotechnology-labs-inc
datahive,23818,Mentorcam,https://www.crunchbase.com/organization/mentorcam,mentorcam,https://www.crunchbase.com/organization/mentorcam
radema,23818,Mentorcam,https://www.crunchbase.com/organization/mentorcam,mentorcam,https://www.crunchbase.com/organization/mentorcam
datahive,27740,Mercoa,https://www.crunchbase.com/organization/mercoa,mercoa,https://www.crunchbase.com/organization/mercoa
radema,27740,Mercoa,https://www.crunchbase.com/organization/mercoa,mercoa,https://www.crunchbase.com/organization/mercoa
radema,621,MerryMint,https://www.crunchbase.com/organization/merrymint,merrymint,https://www.crunchbase.com/organization/merrymint
datahive,23642,Meru.com,https://www.crunchbase.com/organization/meru,meru,https://www.crunchbase.com/organization/meru
radema,23642,Meru.com,https://www.crunchbase.com/organization/meru,meru,https://www.crunchbase.com/organization/meru
datahive,1935,Meru Health,https://www.crunchbase.com/organization/meru-health,meru-health,https://www.crunchbase.com/organization/meru-health
radema,1935,Meru Health,https://www.crunchbase.com/organization/meru-health,meru-health,https://www.crunchbase.com/organization/meru-health
datahive,21949,Mesh,https://www.crunchbase.com/organization/mesh-1f24,mesh-1f24,https://www.crunchbase.com/organization/mesh-1f24
radema,21949,Mesh,https://www.crunchbase.com/organization/mesh-1f24,mesh-1f24,https://www.crunchbase.com/organization/mesh-1f24
datahive,997,Mio,https://www.crunchbase.com/organization/message-io,message-io,https://www.crunchbase.com/organization/message-io
radema,997,Mio,https://www.crunchbase.com/organization/message-io,message-io,https://www.crunchbase.com/organization/message-io
datahive,1433,Bird,https://www.crunchbase.com/organization/messagebird,messagebird,https://www.crunchbase.com/organization/messagebird
radema,1433,Bird,https://www.crunchbase.com/organization/messagebird,messagebird,https://www.crunchbase.com/organization/messagebird
datahive,204,MessageParty,https://www.crunchbase.com/organization/messageparty,messageparty,https://www.crunchbase.com/organization/messageparty
kaggle_startups,,MessageParty,http://www.crunchbase.com/organization/messageparty,messageparty,https://www.crunchbase.com/organization/messageparty
radema,204,MessageParty,https://www.crunchbase.com/organization/messageparty,messageparty,https://www.crunchbase.com/organization/messageparty
datahive,547,Meta,https://www.crunchbase.com/organization/meta-view,meta-view,https://www.crunchbase.com/organization/meta-view
kaggle_startups,,Meta Space Glasses,http://www.crunchbase.com/organization/meta-view,meta-view,https://www.crunchbase.com/organization/meta-view
radema,547,Meta,https://www.crunchbase.com/organization/meta-view,meta-view,https://www.crunchbase.com/organization/meta-view
datahive,28421,Metal,https://www.crunchbase.com/organization/metal-515f,metal-515f,https://www.crunchbase.com/organization/metal-515f
radema,28421,Metal,https://www.crunchbase.com/organization/metal-515f,metal-515f,https://www.crunchbase.com/organization/metal-515f
datahive,28183,Metal,https://www.crunchbase.com/organization/metal-6dfc,metal-6dfc,https://www.crunchbase.com/organization/metal-6dfc
datahive,28927,Metalware,https://www.crunchbase.com/organization/metalware,metalware,https://www.crunchbase.com/organization/metalware
radema,28927,Metalware,https://www.crunchbase.com/organization/metalware,metalware,https://www.crunchbase.com/organization/metalware
datahive,1223,Metapacket,https://www.crunchbase.com/organization/metapacket,metapacket,https://www.crunchbase.com/organization/metapacket
radema,1223,Metapacket,https://www.crunchbase.com/organization/metapacket,metapacket,https://www.crunchbase.com/organization/metapacket
datahive,72,Apollo,https://www.crunchbase.com/organization/meteor,meteor,https://www.crunchbase.com/organization/meteor
kaggle_startups,,Meteor,http://www.crunchbase.com/organization/meteor,meteor,https://www.crunchbase.com/organization/meteor
radema,72,Apollo,https://www.crunchbase.com/organization/meteor,meteor,https://www.crunchbase.com/organization/meteor
datahive,1016,Meter Feeder,https://www.crunchbase.com/organization/meterfeeder,meterfeeder,https://www.crunchbase.com/organization/meterfeeder
radema,1016,Meter Feeder,https://www.crunchbase.com/organization/meterfeeder,meterfeeder,https://www.crunchbase.com/organization/meterfeeder
datahive,12545,Method Financial,https://www.crunchbase.com/organization/method-financial,method-financial,https://www.crunchbase.com/organization/method-financial
radema,12545,Method Financial,https://www.crunchbase.com/organization/method-financial,method-financial,https://www.crunchbase.com/organization/method-financial
radema,24206,Metlo,https://www.crunchbase.com/organization/metlo,metlo,https://www.crunchbase.com/organization/metlo
datahive,28779,Metoro,https://www.crunchbase.com/organization/metoro,metoro,https://www.crunchbase.com/organization/metoro
radema,28779,Metoro,https://www.crunchbase.com/organization/metoro,metoro,https://www.crunchbase.com/organization/metoro
datahive,27255,Intuned,https://www.crunchbase.com/organization/metrics-shop,metrics-shop,https://www.crunchbase.com/organization/metrics-shop
radema,27255,Intuned,https://www.crunchbase.com/organization/metrics-shop,metrics-shop,https://www.crunchbase.com/organization/metrics-shop
datahive,687,MetricWire,https://www.crunchbase.com/organization/metricwire,metricwire,https://www.crunchbase.com/organization/metricwire
radema,687,MetricWire,https://www.crunchbase.com/organization/metricwire,metricwire,https://www.crunchbase.com/organization/metricwire
datahive,27037,Metriport,https://www.crunchbase.com/organization/metriport,metriport,https://www.crunchbase.com/organization/metriport
radema,27037,Metriport,https://www.crunchbase.com/organization/metriport,metriport,https://www.crunchbase.com/organization/metriport
datahive,452,MicroEval,https://www.crunchbase.com/organization/microeval,microeval,https://www.crunchbase.com/organization/microeval
kaggle_startups,,MicroEval,http://www.crunchbase.com/organization/microeval,microeval,https://www.crunchbase.com/organization/microeval
radema,452,MicroEval,https://www.crunchbase.com/organization/microeval,microeval,https://www.crunchbase.com/organization/microeval
datahive,923,Microhealth,https://www.crunchbase.com/organization/microhealth,microhealth,https://www.crunchbase.com/organization/microhealth
radema,923,MicroHealth,https://www.crunchbase.com/organization/microhealth,microhealth,https://www.crunchbase.com/organization/microhealth
datahive,12674,Microverse,https://www.crunchbase.com/organization/microverse,microverse,https://www.crunchbase.com/organization/microverse
radema,12674,Microverse,https://www.crunchbase.com/organization/microverse,microverse,https://www.crunchbase.com/organization/microverse
datahive,11983,Middesk,https://www.crunchbase.com/organization/middesk,middesk,https://www.crunchbase.com/organization/middesk
radema,11983,Middesk,https://www.crunchbase.com/organization/middesk,middesk,https://www.crunchbase.com/organization/middesk
datahive,27666,Middleware,https://www.crunchbase.com/organization/middleware-4460,middleware-4460,https://www.crunchbase.com/organization/middleware-4460
radema,27666,Middleware,https://www.crunchbase.com/organization/middleware-4460,middleware-4460,https://www.crunchbase.com/organization/middleware-4460
datahive,1754,Mighty Buildings,https://www.crunchbase.com/organization/mighty-buildings,mighty-buildings,https://www.crunchbase.com/organization/mighty-buildings
radema,1754,Mighty Buildings,https://www.crunchbase.com/organization/mighty-buildings,mighty-buildings,https://www.crunchbase.com/organization/mighty-buildings
datahive,12555,Mighty Health,https://www.crunchbase.com/organization/mighty-health-4f22,mighty-health-4f22,https://www.crunchbase.com/organization/mighty-health-4f22
radema,12555,Mighty Health,https://www.crunchbase.com/organization/mighty-health-4f22,mighty-health-4f22,https://www.crunchbase.com/organization/mighty-health-4f22
datahive,308,MightyQuiz,https://www.crunchbase.com/organization/mightyquiz,mightyquiz,https://www.crunchbase.com/organization/mightyquiz
kaggle_startups,,MightyQuiz,http://www.crunchbase.com/organization/mightyquiz,mightyquiz,https://www.crunchbase.com/organization/mightyquiz
radema,308,MightyQuiz,https://www.crunchbase.com/organization/mightyquiz,mightyquiz,https://www.crunchbase.com/organization/mightyquiz
datahive,27961,Hona,https://www.crunchbase.com/organization/milestones,milestones,https://www.crunchbase.com/organization/milestones
radema,27961,Hona,https://www.crunchbase.com/organization/milestones,milestones,https://www.crunchbase.com/organization/milestones
datahive,28007,Milio,https://www.crunchbase.com/organization/milio-393b,milio-393b,https://www.crunchbase.com/organization/milio-393b
radema,28007,Milio,https://www.crunchbase.com/organization/milio-393b,milio-393b,https://www.crunchbase.com/organization/milio-393b
datahive,22205,MilkRun,https://www.crunchbase.com/organization/milkrun,milkrun,https://www.crunchbase.com/organization/milkrun
radema,22205,MilkRun,https://www.crunchbase.com/organization/milkrun,milkrun,https://www.crunchbase.com/organization/milkrun
datahive,23050,Milk Video,https://www.crunchbase.com/organization/milkvideo,milkvideo,https://www.crunchbase.com/organization/milkvideo
radema,23050,Milk Video,https://www.crunchbase.com/organization/milkvideo,milkvideo,https://www.crunchbase.com/organization/milkvideo
datahive,1468,Nuvola,https://www.crunchbase.com/organization/millibatt,millibatt,https://www.crunchbase.com/organization/millibatt
radema,1468,"Millibatt, Inc.",https://www.crunchbase.com/organization/millibatt,millibatt,https://www.crunchbase.com/organization/millibatt
datahive,953,Mimir,https://www.crunchbase.com/organization/mimir,mimir,https://www.crunchbase.com/organization/mimir
radema,953,Mimir,https://www.crunchbase.com/organization/mimir,mimir,https://www.crunchbase.com/organization/mimir
datahive,1865,Mind Emulation Foundation,https://www.crunchbase.com/organization/mind-emulation-foundation,mind-emulation-foundation,https://www.crunchbase.com/organization/mind-emulation-foundation
radema,1865,Mind Emulation Foundation,https://www.crunchbase.com/organization/mind-emulation-foundation,mind-emulation-foundation,https://www.crunchbase.com/organization/mind-emulation-foundation
datahive,29081,Minded,https://www.crunchbase.com/organization/minded-ai,minded-ai,https://www.crunchbase.com/organization/minded-ai
datahive,30527,MindFort,https://www.crunchbase.com/organization/mindfort-ai,mindfort-ai,https://www.crunchbase.com/organization/mindfort-ai
radema,1180,Mindori,https://www.crunchbase.com/organization/mindori,mindori,https://www.crunchbase.com/organization/mindori
datahive,13098,MindsDB,https://www.crunchbase.com/organization/mindsdb,mindsdb,https://www.crunchbase.com/organization/mindsdb
radema,13098,MindsDB,https://www.crunchbase.com/organization/mindsdb,mindsdb,https://www.crunchbase.com/organization/mindsdb
datahive,23951,Mindstate Design Labs,https://www.crunchbase.com/organization/mindstate-design-labs,mindstate-design-labs,https://www.crunchbase.com/organization/mindstate-design-labs
datahive,27,Minefold,https://www.crunchbase.com/organization/minefold,minefold,https://www.crunchbase.com/organization/minefold
kaggle_startups,,MineFold,http://www.crunchbase.com/organization/minefold,minefold,https://www.crunchbase.com/organization/minefold
radema,27,Minefold,https://www.crunchbase.com/organization/minefold,minefold,https://www.crunchbase.com/organization/minefold
datahive,1017,MineralSoft,https://www.crunchbase.com/organization/mineralsoft,mineralsoft,https://www.crunchbase.com/organization/mineralsoft
radema,1017,MineralSoft,https://www.crunchbase.com/organization/mineralsoft,mineralsoft,https://www.crunchbase.com/organization/mineralsoft
datahive,30419,Minerva,https://www.crunchbase.com/organization/minerva-intelligence,minerva-intelligence,https://www.crunchbase.com/organization/minerva-intelligence
datahive,22062,Minimum,https://www.crunchbase.com/organization/minimum-1181,minimum-1181,https://www.crunchbase.com/organization/minimum-1181
radema,22062,Minimum,https://www.crunchbase.com/organization/minimum-1181,minimum-1181,https://www.crunchbase.com/organization/minimum-1181
datahive,164,Mino Games,https://www.crunchbase.com/organization/minomonsters,minomonsters,https://www.crunchbase.com/organization/minomonsters
kaggle_startups,,MinoMonsters,http://www.crunchbase.com/organization/minomonsters,minomonsters,https://www.crunchbase.com/organization/minomonsters
radema,164,Mino Games,https://www.crunchbase.com/organization/minomonsters,minomonsters,https://www.crunchbase.com/organization/minomonsters
datahive,25643,Mintlify,https://www.crunchbase.com/organization/mintlify,mintlify,https://www.crunchbase.com/organization/mintlify
radema,25643,Mintlify,https://www.crunchbase.com/organization/mintlify,mintlify,https://www.crunchbase.com/organization/mintlify
kaggle_startups,,Minuum,http://www.crunchbase.com/organization/minuum,minuum,https://www.crunchbase.com/organization/minuum
datahive,27671,Miracle,https://www.crunchbase.com/organization/miracle-c0b5,miracle-c0b5,https://www.crunchbase.com/organization/miracle-c0b5
radema,27671,Miracle,https://www.crunchbase.com/organization/miracle-c0b5,miracle-c0b5,https://www.crunchbase.com/organization/miracle-c0b5
datahive,24879,Lightly,https://www.crunchbase.com/organization/mirage,mirage,https://www.crunchbase.com/organization/mirage
radema,24879,Lightly,https://www.crunchbase.com/organization/mirage,mirage,https://www.crunchbase.com/organization/mirage
datahive,1557,Mirror AI,https://www.crunchbase.com/organization/mirror-ai,mirror-ai,https://www.crunchbase.com/organization/mirror-ai
radema,1557,Mirror AI,https://www.crunchbase.com/organization/mirror-ai,mirror-ai,https://www.crunchbase.com/organization/mirror-ai
datahive,1804,miru,https://www.crunchbase.com/organization/miru,miru,https://www.crunchbase.com/organization/miru
radema,1804,miru,https://www.crunchbase.com/organization/miru,miru,https://www.crunchbase.com/organization/miru
datahive,1271,Miso,https://www.crunchbase.com/organization/miso-2,miso-2,https://www.crunchbase.com/organization/miso-2
radema,1271,Miso,https://www.crunchbase.com/organization/miso-2,miso-2,https://www.crunchbase.com/organization/miso-2
radema,1404,Mission 100%,https://www.crunchbase.com/organization/mission-100-,mission-100-,https://www.crunchbase.com/organization/mission-100-
datahive,29706,Mito Health,https://www.crunchbase.com/organization/mito-health,mito-health,https://www.crunchbase.com/organization/mito-health
datahive,641,MixerBox,https://www.crunchbase.com/organization/mixerbox-inc,mixerbox-inc,https://www.crunchbase.com/organization/mixerbox-inc
radema,641,MixerBox,https://www.crunchbase.com/organization/mixerbox-inc,mixerbox-inc,https://www.crunchbase.com/organization/mixerbox-inc
datahive,248,Mixpanel,https://www.crunchbase.com/organization/mixpanel,mixpanel,https://www.crunchbase.com/organization/mixpanel
kaggle_startups,,Mixpanel,http://www.crunchbase.com/organization/mixpanel,mixpanel,https://www.crunchbase.com/organization/mixpanel
radema,248,Mixpanel,https://www.crunchbase.com/organization/mixpanel,mixpanel,https://www.crunchbase.com/organization/mixpanel
kaggle_startups,,MixRank,http://www.crunchbase.com/organization/mixrank,mixrank,https://www.crunchbase.com/organization/mixrank
kaggle_startups,,Mixwit,http://www.crunchbase.com/organization/mixwit,mixwit,https://www.crunchbase.com/organization/mixwit
datahive,30539,mlop,https://www.crunchbase.com/organization/mlop,mlop,https://www.crunchbase.com/organization/mlop
datahive,105,LeadGenius,https://www.crunchbase.com/organization/mobileworks,mobileworks,https://www.crunchbase.com/organization/mobileworks
kaggle_startups,,MobileWorks,http://www.crunchbase.com/organization/mobileworks,mobileworks,https://www.crunchbase.com/organization/mobileworks
radema,105,LeadGenius,https://www.crunchbase.com/organization/mobileworks,mobileworks,https://www.crunchbase.com/organization/mobileworks
datahive,30777,Modelence,https://www.crunchbase.com/organization/modelence,modelence,https://www.crunchbase.com/organization/modelence
datahive,1688,Modern Fertility,https://www.crunchbase.com/organization/modern-fertility,modern-fertility,https://www.crunchbase.com/organization/modern-fertility
radema,1688,Modern Fertility,https://www.crunchbase.com/organization/modern-fertility,modern-fertility,https://www.crunchbase.com/organization/modern-fertility
datahive,1771,Modern Health,https://www.crunchbase.com/organization/modern-health,modern-health,https://www.crunchbase.com/organization/modern-health
radema,1771,Modern Health,https://www.crunchbase.com/organization/modern-health,modern-health,https://www.crunchbase.com/organization/modern-health
datahive,29760,Modern Realty,https://www.crunchbase.com/organization/modern-realty-5986,modern-realty-5986,https://www.crunchbase.com/organization/modern-realty-5986
datahive,1893,Modern Treasury,https://www.crunchbase.com/organization/modern-treasury,modern-treasury,https://www.crunchbase.com/organization/modern-treasury
radema,1893,Modern Treasury,https://www.crunchbase.com/organization/modern-treasury,modern-treasury,https://www.crunchbase.com/organization/modern-treasury
datahive,22676,ModernLoop,https://www.crunchbase.com/organization/modernloop,modernloop,https://www.crunchbase.com/organization/modernloop
radema,22676,ModernLoop,https://www.crunchbase.com/organization/modernloop,modernloop,https://www.crunchbase.com/organization/modernloop
radema,12361,Modoo Technology,https://www.crunchbase.com/organization/modoo-technology,modoo-technology,https://www.crunchbase.com/organization/modoo-technology
datahive,1659,Modular Science,https://www.crunchbase.com/organization/modular-science,modular-science,https://www.crunchbase.com/organization/modular-science
radema,1659,Modular Science,https://www.crunchbase.com/organization/modular-science,modular-science,https://www.crunchbase.com/organization/modular-science
datahive,148,Hotspots,https://www.crunchbase.com/organization/moki-tv,moki-tv,https://www.crunchbase.com/organization/moki-tv
kaggle_startups,,Moki.TV,http://www.crunchbase.com/organization/moki-tv,moki-tv,https://www.crunchbase.com/organization/moki-tv
radema,148,Hotspots,https://www.crunchbase.com/organization/moki-tv,moki-tv,https://www.crunchbase.com/organization/moki-tv
datahive,1780,Squad,https://www.crunchbase.com/organization/molly,molly,https://www.crunchbase.com/organization/molly
radema,1780,Squad,https://www.crunchbase.com/organization/molly,molly,https://www.crunchbase.com/organization/molly
datahive,818,Moltin,https://www.crunchbase.com/organization/moltin,moltin,https://www.crunchbase.com/organization/moltin
radema,818,Moltin,https://www.crunchbase.com/organization/moltin,moltin,https://www.crunchbase.com/organization/moltin
datahive,29256,Momentic,https://www.crunchbase.com/organization/momentic-0b4b,momentic-0b4b,https://www.crunchbase.com/organization/momentic-0b4b
radema,29256,Momentic,https://www.crunchbase.com/organization/momentic-0b4b,momentic-0b4b,https://www.crunchbase.com/organization/momentic-0b4b
datahive,25328,Momento,https://www.crunchbase.com/organization/momento-ef63,momento-ef63,https://www.crunchbase.com/organization/momento-ef63
radema,25328,Momento,https://www.crunchbase.com/organization/momento-ef63,momento-ef63,https://www.crunchbase.com/organization/momento-ef63
radema,27151,Momentu,https://www.crunchbase.com/organization/momentu-1d88,momentu-1d88,https://www.crunchbase.com/organization/momentu-1d88
datahive,1993,Momentus,https://www.crunchbase.com/organization/momentus-space,momentus-space,https://www.crunchbase.com/organization/momentus-space
radema,1993,Momentus,https://www.crunchbase.com/organization/momentus-space,momentus-space,https://www.crunchbase.com/organization/momentus-space
radema,1378,MommaZoo,https://www.crunchbase.com/organization/mommazoo,mommazoo,https://www.crunchbase.com/organization/mommazoo
datahive,24371,Momo Medical,https://www.crunchbase.com/organization/momo-medical,momo-medical,https://www.crunchbase.com/organization/momo-medical
radema,24371,Momo Medical,https://www.crunchbase.com/organization/momo-medical,momo-medical,https://www.crunchbase.com/organization/momo-medical
datahive,24269,Monet,https://www.crunchbase.com/organization/monet-7d8e,monet-7d8e,https://www.crunchbase.com/organization/monet-7d8e
radema,24269,Monet,https://www.crunchbase.com/organization/monet-7d8e,monet-7d8e,https://www.crunchbase.com/organization/monet-7d8e
datahive,117,Compose,https://www.crunchbase.com/organization/mongohq,mongohq,https://www.crunchbase.com/organization/mongohq
kaggle_startups,,MongoHQ,http://www.crunchbase.com/organization/mongohq,mongohq,https://www.crunchbase.com/organization/mongohq
radema,117,Compose,https://www.crunchbase.com/organization/mongohq,mongohq,https://www.crunchbase.com/organization/mongohq
datahive,25755,Moni,https://www.crunchbase.com/organization/moni-africa,moni-africa,https://www.crunchbase.com/organization/moni-africa
radema,25755,Moni,https://www.crunchbase.com/organization/moni-africa,moni-africa,https://www.crunchbase.com/organization/moni-africa
datahive,23265,Mono,mono,mono,https://www.crunchbase.com/organization/mono
radema,23265,Mono,mono,mono,https://www.crunchbase.com/organization/mono
datahive,26290,Mono,https://www.crunchbase.com/organization/mono-25ef,mono-25ef,https://www.crunchbase.com/organization/mono-25ef
radema,26290,Mono,https://www.crunchbase.com/organization/mono-25ef,mono-25ef,https://www.crunchbase.com/organization/mono-25ef
datahive,1029,Monthli,https://www.crunchbase.com/organization/monthli,monthli,https://www.crunchbase.com/organization/monthli
radema,1029,Monthli,https://www.crunchbase.com/organization/monthli,monthli,https://www.crunchbase.com/organization/monthli
radema,13488,Moons,https://www.crunchbase.com/organization/moons,moons,https://www.crunchbase.com/organization/moons
datahive,23472,Moonvalley,https://www.crunchbase.com/organization/moonvalley-c1d1,moonvalley-c1d1,https://www.crunchbase.com/organization/moonvalley-c1d1
datahive,30475,Morphik,https://www.crunchbase.com/organization/morphik,morphik,https://www.crunchbase.com/organization/morphik
datahive,13351,Morphle Labs,https://www.crunchbase.com/organization/morphle,morphle,https://www.crunchbase.com/organization/morphle
radema,13351,Morphle Labs,https://www.crunchbase.com/organization/morphle,morphle,https://www.crunchbase.com/organization/morphle
datahive,964,Eight Sleep,https://www.crunchbase.com/organization/morphy,morphy,https://www.crunchbase.com/organization/morphy
radema,964,Eight Sleep,https://www.crunchbase.com/organization/morphy,morphy,https://www.crunchbase.com/organization/morphy
radema,1418,Mosa Mack Science,https://www.crunchbase.com/organization/mosa-mack-science-inc,mosa-mack-science-inc,https://www.crunchbase.com/organization/mosa-mack-science-inc
datahive,604,Motionlead,https://www.crunchbase.com/organization/motionlead,motionlead,https://www.crunchbase.com/organization/motionlead
radema,604,Motionlead,https://www.crunchbase.com/organization/motionlead,motionlead,https://www.crunchbase.com/organization/motionlead
kaggle_startups,,Move Loot,http://www.crunchbase.com/organization/move-loot,move-loot,https://www.crunchbase.com/organization/move-loot
radema,605,Move Loot,https://www.crunchbase.com/organization/move-loot,move-loot,https://www.crunchbase.com/organization/move-loot
datahive,231,Movity,https://www.crunchbase.com/organization/movity-com,movity-com,https://www.crunchbase.com/organization/movity-com
kaggle_startups,,Movity,http://www.crunchbase.com/organization/movity-com,movity-com,https://www.crunchbase.com/organization/movity-com
radema,231,Movity,https://www.crunchbase.com/organization/movity-com,movity-com,https://www.crunchbase.com/organization/movity-com
datahive,29045,Movley,https://www.crunchbase.com/organization/movley,movley,https://www.crunchbase.com/organization/movley
radema,29045,Movley,https://www.crunchbase.com/organization/movley,movley,https://www.crunchbase.com/organization/movley
datahive,23202,Moxion Power Co.,https://www.crunchbase.com/organization/moxion-power-co,moxion-power-co,https://www.crunchbase.com/organization/moxion-power-co
radema,23202,Moxion Power Co.,https://www.crunchbase.com/organization/moxion-power-co,moxion-power-co,https://www.crunchbase.com/organization/moxion-power-co
datahive,22026,Mozper,https://www.crunchbase.com/organization/mozper,mozper,https://www.crunchbase.com/organization/mozper
radema,22026,Mozper,https://www.crunchbase.com/organization/mozper,mozper,https://www.crunchbase.com/organization/mozper
datahive,23054,Unschool,https://www.crunchbase.com/organization/mr-d389,mr-d389,https://www.crunchbase.com/organization/mr-d389
radema,23054,Unschool,https://www.crunchbase.com/organization/mr-d389,mr-d389,https://www.crunchbase.com/organization/mr-d389
datahive,1055,mRelief,https://www.crunchbase.com/organization/mrelief,mrelief,https://www.crunchbase.com/organization/mrelief
radema,1055,mRelief,https://www.crunchbase.com/organization/mrelief,mrelief,https://www.crunchbase.com/organization/mrelief
datahive,1033,Netomi,https://www.crunchbase.com/organization/msg-ai,msg-ai,https://www.crunchbase.com/organization/msg-ai
radema,1033,Netomi,https://www.crunchbase.com/organization/msg-ai,msg-ai,https://www.crunchbase.com/organization/msg-ai
datahive,688,MTailor,https://www.crunchbase.com/organization/mtailor,mtailor,https://www.crunchbase.com/organization/mtailor
kaggle_startups,,MTailor,http://www.crunchbase.com/organization/mtailor,mtailor,https://www.crunchbase.com/organization/mtailor
radema,688,MTailor,https://www.crunchbase.com/organization/mtailor,mtailor,https://www.crunchbase.com/organization/mtailor
datahive,402,Mth Sense,https://www.crunchbase.com/organization/mth-sense,mth-sense,https://www.crunchbase.com/organization/mth-sense
kaggle_startups,,Mth Sense,http://www.crunchbase.com/organization/mth-sense,mth-sense,https://www.crunchbase.com/organization/mth-sense
radema,402,Mth Sense,https://www.crunchbase.com/organization/mth-sense,mth-sense,https://www.crunchbase.com/organization/mth-sense
datahive,12847,Mudafy,https://www.crunchbase.com/organization/mudafy,mudafy,https://www.crunchbase.com/organization/mudafy
radema,12847,Mudafy,https://www.crunchbase.com/organization/mudafy,mudafy,https://www.crunchbase.com/organization/mudafy
datahive,12235,Mudrex,https://www.crunchbase.com/organization/mudrex,mudrex,https://www.crunchbase.com/organization/mudrex
radema,12235,Mudrex,https://www.crunchbase.com/organization/mudrex,mudrex,https://www.crunchbase.com/organization/mudrex
datahive,1233,Multiply Labs,https://www.crunchbase.com/organization/multiply-labs,multiply-labs,https://www.crunchbase.com/organization/multiply-labs
radema,1233,Multiply Labs,https://www.crunchbase.com/organization/multiply-labs,multiply-labs,https://www.crunchbase.com/organization/multiply-labs
kaggle_startups,,Munch On Me,http://www.crunchbase.com/organization/munch-on-me-inc,munch-on-me-inc,https://www.crunchbase.com/organization/munch-on-me-inc
datahive,25527,Munily,https://www.crunchbase.com/organization/munily,munily,https://www.crunchbase.com/organization/munily
radema,25527,Munily,https://www.crunchbase.com/organization/munily,munily,https://www.crunchbase.com/organization/munily
datahive,2014,Mutiny,https://www.crunchbase.com/organization/mutiny-1eca,mutiny-1eca,https://www.crunchbase.com/organization/mutiny-1eca
radema,2014,Mutiny,https://www.crunchbase.com/organization/mutiny-1eca,mutiny-1eca,https://www.crunchbase.com/organization/mutiny-1eca
datahive,972,Mux,https://www.crunchbase.com/organization/mux-2,mux-2,https://www.crunchbase.com/organization/mux-2
radema,972,Mux,https://www.crunchbase.com/organization/mux-2,mux-2,https://www.crunchbase.com/organization/mux-2
datahive,1677,Muzz,https://www.crunchbase.com/organization/muzmatch,muzmatch,https://www.crunchbase.com/organization/muzmatch
radema,1677,Muzz,https://www.crunchbase.com/organization/muzmatch,muzmatch,https://www.crunchbase.com/organization/muzmatch
datahive,1920,Mylk Guys,https://www.crunchbase.com/organization/mylk-guys,mylk-guys,https://www.crunchbase.com/organization/mylk-guys
radema,1920,Mylk Guys,https://www.crunchbase.com/organization/mylk-guys,mylk-guys,https://www.crunchbase.com/organization/mylk-guys
datahive,25447,Myria,https://www.crunchbase.com/organization/myria-6245,myria-6245,https://www.crunchbase.com/organization/myria-6245
radema,25447,Myria,https://www.crunchbase.com/organization/myria-6245,myria-6245,https://www.crunchbase.com/organization/myria-6245
radema,12247,MyScoot,https://www.crunchbase.com/organization/myscoot,myscoot,https://www.crunchbase.com/organization/myscoot
datahive,1624,Mystro,https://www.crunchbase.com/organization/mystrodriver,mystrodriver,https://www.crunchbase.com/organization/mystrodriver
radema,1624,Mystro,https://www.crunchbase.com/organization/mystrodriver,mystrodriver,https://www.crunchbase.com/organization/mystrodriver
datahive,1493,Sycamore,https://www.crunchbase.com/organization/mysycamore,mysycamore,https://www.crunchbase.com/organization/mysycamore
radema,1493,Sycamore,https://www.crunchbase.com/organization/mysycamore,mysycamore,https://www.crunchbase.com/organization/mysycamore
datahive,13,MyVR,https://www.crunchbase.com/organization/myvr,myvr,https://www.crunchbase.com/organization/myvr
radema,13,MyVR,https://www.crunchbase.com/organization/myvr,myvr,https://www.crunchbase.com/organization/myvr
datahive,11995,Nabis,https://www.crunchbase.com/organization/nabis,nabis,https://www.crunchbase.com/organization/nabis
radema,11995,Nabis,https://www.crunchbase.com/organization/nabis,nabis,https://www.crunchbase.com/organization/nabis
datahive,1824,Naborly,https://www.crunchbase.com/organization/naborly,naborly,https://www.crunchbase.com/organization/naborly
radema,1824,Naborly,https://www.crunchbase.com/organization/naborly,naborly,https://www.crunchbase.com/organization/naborly
datahive,12236,NALA,https://www.crunchbase.com/organization/nala-money,nala-money,https://www.crunchbase.com/organization/nala-money
radema,12236,NALA,https://www.crunchbase.com/organization/nala-money,nala-money,https://www.crunchbase.com/organization/nala-money
datahive,278,Nambii,https://www.crunchbase.com/organization/nambii,nambii,https://www.crunchbase.com/organization/nambii
kaggle_startups,,Nambii,http://www.crunchbase.com/organization/nambii,nambii,https://www.crunchbase.com/organization/nambii
radema,278,Nambii,https://www.crunchbase.com/organization/nambii,nambii,https://www.crunchbase.com/organization/nambii
datahive,1991,Names & Faces,https://www.crunchbase.com/organization/names-faces,names-faces,https://www.crunchbase.com/organization/names-faces
radema,1991,Names & Faces,https://www.crunchbase.com/organization/names-faces,names-faces,https://www.crunchbase.com/organization/names-faces
datahive,23656,Nano Technologies,https://www.crunchbase.com/organization/nano-technologies,nano-technologies,https://www.crunchbase.com/organization/nano-technologies
radema,23656,Nano Technologies,https://www.crunchbase.com/organization/nano-technologies,nano-technologies,https://www.crunchbase.com/organization/nano-technologies
datahive,1530,NanoNets,https://www.crunchbase.com/organization/nanonets,nanonets,https://www.crunchbase.com/organization/nanonets
radema,1530,NanoNets,https://www.crunchbase.com/organization/nanonets,nanonets,https://www.crunchbase.com/organization/nanonets
datahive,30405,nao Labs,https://www.crunchbase.com/organization/nao-labs,nao-labs,https://www.crunchbase.com/organization/nao-labs
datahive,434,Natero,https://www.crunchbase.com/organization/natero,natero,https://www.crunchbase.com/organization/natero
kaggle_startups,,Natero,http://www.crunchbase.com/organization/natero,natero,https://www.crunchbase.com/organization/natero
radema,434,Natero,https://www.crunchbase.com/organization/natero,natero,https://www.crunchbase.com/organization/natero
datahive,12325,NaturAll Club,https://www.crunchbase.com/organization/naturall-club,naturall-club,https://www.crunchbase.com/organization/naturall-club
radema,12325,NaturAll Club,https://www.crunchbase.com/organization/naturall-club,naturall-club,https://www.crunchbase.com/organization/naturall-club
datahive,23431,Navattic,https://www.crunchbase.com/organization/navattic,navattic,https://www.crunchbase.com/organization/navattic
radema,23431,Navattic,https://www.crunchbase.com/organization/navattic,navattic,https://www.crunchbase.com/organization/navattic
datahive,689,Naytev,https://www.crunchbase.com/organization/naytev,naytev,https://www.crunchbase.com/organization/naytev
kaggle_startups,,Naytev,http://www.crunchbase.com/organization/naytev,naytev,https://www.crunchbase.com/organization/naytev
radema,689,Naytev,https://www.crunchbase.com/organization/naytev,naytev,https://www.crunchbase.com/organization/naytev
datahive,13372,Bikry,https://www.crunchbase.com/organization/nearpe,nearpe,https://www.crunchbase.com/organization/nearpe
radema,13372,Bikry,https://www.crunchbase.com/organization/nearpe,nearpe,https://www.crunchbase.com/organization/nearpe
datahive,956,Nebia,https://www.crunchbase.com/organization/nebia,nebia,https://www.crunchbase.com/organization/nebia
radema,956,Nebia,https://www.crunchbase.com/organization/nebia,nebia,https://www.crunchbase.com/organization/nebia
datahive,1738,Necto,https://www.crunchbase.com/organization/necto-lab,necto-lab,https://www.crunchbase.com/organization/necto-lab
radema,1738,Necto,https://www.crunchbase.com/organization/necto-lab,necto-lab,https://www.crunchbase.com/organization/necto-lab
datahive,1767,Nectome,https://www.crunchbase.com/organization/nectome,nectome,https://www.crunchbase.com/organization/nectome
radema,1767,Nectome,https://www.crunchbase.com/organization/nectome,nectome,https://www.crunchbase.com/organization/nectome
datahive,1508,Neema,https://www.crunchbase.com/organization/neema,neema,https://www.crunchbase.com/organization/neema
radema,1508,Neema,https://www.crunchbase.com/organization/neema,neema,https://www.crunchbase.com/organization/neema
datahive,1247,NeoWize,https://www.crunchbase.com/organization/neowize,neowize,https://www.crunchbase.com/organization/neowize
radema,1247,NeoWize,https://www.crunchbase.com/organization/neowize,neowize,https://www.crunchbase.com/organization/neowize
datahive,22045,Nephrogen,https://www.crunchbase.com/organization/nephrogen,nephrogen,https://www.crunchbase.com/organization/nephrogen
radema,22045,Nephrogen,https://www.crunchbase.com/organization/nephrogen,nephrogen,https://www.crunchbase.com/organization/nephrogen
datahive,690,Neptune.io,https://www.crunchbase.com/organization/neptune-io,neptune-io,https://www.crunchbase.com/organization/neptune-io
kaggle_startups,,Neptune.io,http://www.crunchbase.com/organization/neptune-io,neptune-io,https://www.crunchbase.com/organization/neptune-io
radema,690,Neptune.io,https://www.crunchbase.com/organization/neptune-io,neptune-io,https://www.crunchbase.com/organization/neptune-io
datahive,27831,Neptyne,https://www.crunchbase.com/organization/neptyne,neptyne,https://www.crunchbase.com/organization/neptyne
radema,27831,Neptyne,https://www.crunchbase.com/organization/neptyne,neptyne,https://www.crunchbase.com/organization/neptyne
datahive,1998,Nestor,https://www.crunchbase.com/organization/nestor-cc61,nestor-cc61,https://www.crunchbase.com/organization/nestor-cc61
radema,1998,Nestor,https://www.crunchbase.com/organization/nestor-cc61,nestor-cc61,https://www.crunchbase.com/organization/nestor-cc61
datahive,1056,NetBeez,https://www.crunchbase.com/organization/netbeez,netbeez,https://www.crunchbase.com/organization/netbeez
radema,1056,NetBeez,https://www.crunchbase.com/organization/netbeez,netbeez,https://www.crunchbase.com/organization/netbeez
datahive,26049,Netmaker,https://www.crunchbase.com/organization/netmaker-yc-w22,netmaker-yc-w22,https://www.crunchbase.com/organization/netmaker-yc-w22
radema,26049,Netmaker,https://www.crunchbase.com/organization/netmaker-yc-w22,netmaker-yc-w22,https://www.crunchbase.com/organization/netmaker-yc-w22
datahive,11963,SciTok,https://www.crunchbase.com/organization/nettrons,nettrons,https://www.crunchbase.com/organization/nettrons
radema,11963,SciTok,https://www.crunchbase.com/organization/nettrons,nettrons,https://www.crunchbase.com/organization/nettrons
datahive,23430,Mystic,https://www.crunchbase.com/organization/neuro-ai,neuro-ai,https://www.crunchbase.com/organization/neuro-ai
radema,23430,Mystic,https://www.crunchbase.com/organization/neuro-ai,neuro-ai,https://www.crunchbase.com/organization/neuro-ai
datahive,1246,New Incentives,https://www.crunchbase.com/organization/new-incentives,new-incentives,https://www.crunchbase.com/organization/new-incentives
radema,1246,New Incentives,https://www.crunchbase.com/organization/new-incentives,new-incentives,https://www.crunchbase.com/organization/new-incentives
datahive,235,Newcope,https://www.crunchbase.com/organization/newcope,newcope,https://www.crunchbase.com/organization/newcope
radema,235,Newcope,https://www.crunchbase.com/organization/newcope,newcope,https://www.crunchbase.com/organization/newcope
datahive,1782,NewCraft,https://www.crunchbase.com/organization/newcraft,newcraft,https://www.crunchbase.com/organization/newcraft
radema,1782,NewCraft,https://www.crunchbase.com/organization/newcraft,newcraft,https://www.crunchbase.com/organization/newcraft
datahive,438,NewsBlur,https://www.crunchbase.com/organization/newsblur,newsblur,https://www.crunchbase.com/organization/newsblur
kaggle_startups,,Newsblur,http://www.crunchbase.com/organization/newsblur,newsblur,https://www.crunchbase.com/organization/newsblur
radema,438,NewsBlur,https://www.crunchbase.com/organization/newsblur,newsblur,https://www.crunchbase.com/organization/newsblur
datahive,234,Newslabs,https://www.crunchbase.com/organization/newslabs,newslabs,https://www.crunchbase.com/organization/newslabs
kaggle_startups,,NewsLabs,http://www.crunchbase.com/organization/newslabs,newslabs,https://www.crunchbase.com/organization/newslabs
radema,234,Newslabs,https://www.crunchbase.com/organization/newslabs,newslabs,https://www.crunchbase.com/organization/newslabs
datahive,1761,NEXGENT,https://www.crunchbase.com/organization/nexgent-inc,nexgent-inc,https://www.crunchbase.com/organization/nexgent-inc
radema,1761,NEXGENT,https://www.crunchbase.com/organization/nexgent-inc,nexgent-inc,https://www.crunchbase.com/organization/nexgent-inc
datahive,606,Next Caller,https://www.crunchbase.com/organization/next-caller,next-caller,https://www.crunchbase.com/organization/next-caller
kaggle_startups,,Next Caller,http://www.crunchbase.com/organization/next-caller,next-caller,https://www.crunchbase.com/organization/next-caller
radema,606,Next Caller,https://www.crunchbase.com/organization/next-caller,next-caller,https://www.crunchbase.com/organization/next-caller
datahive,13122,Nextmv,https://www.crunchbase.com/organization/nextmv,nextmv,https://www.crunchbase.com/organization/nextmv
radema,13122,Nextmv,https://www.crunchbase.com/organization/nextmv,nextmv,https://www.crunchbase.com/organization/nextmv
datahive,819,Nextop,https://www.crunchbase.com/organization/nextop-io,nextop-io,https://www.crunchbase.com/organization/nextop-io
radema,819,Nextop,https://www.crunchbase.com/organization/nextop-io,nextop-io,https://www.crunchbase.com/organization/nextop-io
datahive,814,NexTravel,https://www.crunchbase.com/organization/nextravel,nextravel,https://www.crunchbase.com/organization/nextravel
radema,814,NexTravel,https://www.crunchbase.com/organization/nextravel,nextravel,https://www.crunchbase.com/organization/nextravel
datahive,29800,HeroUI,https://www.crunchbase.com/organization/nextui,nextui,https://www.crunchbase.com/organization/nextui
datahive,13471,Nexu,https://www.crunchbase.com/organization/nexu,nexu,https://www.crunchbase.com/organization/nexu
radema,13471,Nexu,https://www.crunchbase.com/organization/nexu,nexu,https://www.crunchbase.com/organization/nexu
datahive,26278,NFTScoring,https://www.crunchbase.com/organization/nftscoring,nftscoring,https://www.crunchbase.com/organization/nftscoring
radema,26278,NFTScoring,https://www.crunchbase.com/organization/nftscoring,nftscoring,https://www.crunchbase.com/organization/nftscoring
datahive,25967,ngrow.ai,https://www.crunchbase.com/organization/ngrow-ai,ngrow-ai,https://www.crunchbase.com/organization/ngrow-ai
radema,25967,ngrow.ai,https://www.crunchbase.com/organization/ngrow-ai,ngrow-ai,https://www.crunchbase.com/organization/ngrow-ai
datahive,30700,Nozomio,https://www.crunchbase.com/organization/nia-400a,nia-400a,https://www.crunchbase.com/organization/nia-400a
datahive,692,Nightingale,https://www.crunchbase.com/organization/nightingale,nightingale,https://www.crunchbase.com/organization/nightingale
kaggle_startups,,Nightingale,http://www.crunchbase.com/organization/nightingale,nightingale,https://www.crunchbase.com/organization/nightingale
radema,692,Nightingale,https://www.crunchbase.com/organization/nightingale,nightingale,https://www.crunchbase.com/organization/nightingale
datahive,1547,Niles,https://www.crunchbase.com/organization/niles-ai,niles-ai,https://www.crunchbase.com/organization/niles-ai
radema,1547,Niles,https://www.crunchbase.com/organization/niles-ai,niles-ai,https://www.crunchbase.com/organization/niles-ai
datahive,1609,Nimble,https://www.crunchbase.com/organization/nimble-hiring-pbc,nimble-hiring-pbc,https://www.crunchbase.com/organization/nimble-hiring-pbc
radema,1609,Nimble,https://www.crunchbase.com/organization/nimble-hiring-pbc,nimble-hiring-pbc,https://www.crunchbase.com/organization/nimble-hiring-pbc
datahive,851,NimbleRx,https://www.crunchbase.com/organization/nimble-pharmacy,nimble-pharmacy,https://www.crunchbase.com/organization/nimble-pharmacy
radema,851,NimbleRx,https://www.crunchbase.com/organization/nimble-pharmacy,nimble-pharmacy,https://www.crunchbase.com/organization/nimble-pharmacy
datahive,306,Ninite,https://www.crunchbase.com/organization/ninite,ninite,https://www.crunchbase.com/organization/ninite
kaggle_startups,,BaseShield,http://www.crunchbase.com/organization/ninite,ninite,https://www.crunchbase.com/organization/ninite
radema,306,Ninite,https://www.crunchbase.com/organization/ninite,ninite,https://www.crunchbase.com/organization/ninite
datahive,12641,Green Canopy NODE,https://www.crunchbase.com/organization/node-4506,node-4506,https://www.crunchbase.com/organization/node-4506
radema,12641,Green Canopy NODE,https://www.crunchbase.com/organization/node-4506,node-4506,https://www.crunchbase.com/organization/node-4506
datahive,24562,Noloco,https://www.crunchbase.com/organization/noloco,noloco,https://www.crunchbase.com/organization/noloco
radema,24562,Noloco,https://www.crunchbase.com/organization/noloco,noloco,https://www.crunchbase.com/organization/noloco
datahive,30476,Nomi,https://www.crunchbase.com/organization/nomi-ece5,nomi-ece5,https://www.crunchbase.com/organization/nomi-ece5
datahive,852,Nomiku,https://www.crunchbase.com/organization/nomiku,nomiku,https://www.crunchbase.com/organization/nomiku
radema,852,Nomiku,https://www.crunchbase.com/organization/nomiku,nomiku,https://www.crunchbase.com/organization/nomiku
datahive,585,Noora Health,https://www.crunchbase.com/organization/noora-health,noora-health,https://www.crunchbase.com/organization/noora-health
kaggle_startups,,Noora Health,http://www.crunchbase.com/organization/noora-health,noora-health,https://www.crunchbase.com/organization/noora-health
radema,585,Noora Health,https://www.crunchbase.com/organization/noora-health,noora-health,https://www.crunchbase.com/organization/noora-health
radema,25921,Nophin,https://www.crunchbase.com/organization/nophin,nophin,https://www.crunchbase.com/organization/nophin
radema,1373,NoRedInk,https://www.crunchbase.com/organization/noredink,noredink,https://www.crunchbase.com/organization/noredink
datahive,25086,Northwind,https://www.crunchbase.com/organization/northwind,northwind,https://www.crunchbase.com/organization/northwind
radema,25086,Northwind,https://www.crunchbase.com/organization/northwind,northwind,https://www.crunchbase.com/organization/northwind
datahive,22004,Notabene,https://www.crunchbase.com/organization/notabene-86d2,notabene-86d2,https://www.crunchbase.com/organization/notabene-86d2
radema,22004,Notabene,https://www.crunchbase.com/organization/notabene-86d2,notabene-86d2,https://www.crunchbase.com/organization/notabene-86d2
datahive,739,Notable Labs,https://www.crunchbase.com/organization/notable-labs-2,notable-labs-2,https://www.crunchbase.com/organization/notable-labs-2
radema,739,Notable Labs,https://www.crunchbase.com/organization/notable-labs-2,notable-labs-2,https://www.crunchbase.com/organization/notable-labs-2
datahive,30399,Frekil,https://www.crunchbase.com/organization/notate-7748,notate-7748,https://www.crunchbase.com/organization/notate-7748
kaggle_startups,,Noteleaf,http://www.crunchbase.com/organization/noteleaf,noteleaf,https://www.crunchbase.com/organization/noteleaf
datahive,701,Roost,https://www.crunchbase.com/organization/notice-software,notice-software,https://www.crunchbase.com/organization/notice-software
kaggle_startups,,Roost,http://www.crunchbase.com/organization/notice-software,notice-software,https://www.crunchbase.com/organization/notice-software
radema,701,Roost,https://www.crunchbase.com/organization/notice-software,notice-software,https://www.crunchbase.com/organization/notice-software
datahive,238,Notifo,https://www.crunchbase.com/organization/notifo,notifo,https://www.crunchbase.com/organization/notifo
kaggle_startups,,Notifo,http://www.crunchbase.com/organization/notifo,notifo,https://www.crunchbase.com/organization/notifo
radema,238,Notifo,https://www.crunchbase.com/organization/notifo,notifo,https://www.crunchbase.com/organization/notifo
datahive,30756,Nottelabs,https://www.crunchbase.com/organization/nottelabs,nottelabs,https://www.crunchbase.com/organization/nottelabs
datahive,22699,Nourish,https://www.crunchbase.com/organization/nourish-5df7,nourish-5df7,https://www.crunchbase.com/organization/nourish-5df7
radema,22699,Nourish,https://www.crunchbase.com/organization/nourish-5df7,nourish-5df7,https://www.crunchbase.com/organization/nourish-5df7
datahive,55,Documents.Me,https://www.crunchbase.com/organization/nouvou-inc,nouvou-inc,https://www.crunchbase.com/organization/nouvou-inc
radema,55,Documents.Me,https://www.crunchbase.com/organization/nouvou-inc,nouvou-inc,https://www.crunchbase.com/organization/nouvou-inc
datahive,1084,Nova,https://www.crunchbase.com/organization/nova,nova,https://www.crunchbase.com/organization/nova
radema,1084,Nova,https://www.crunchbase.com/organization/nova,nova,https://www.crunchbase.com/organization/nova
datahive,1225,Nova Credit,https://www.crunchbase.com/organization/nova-credit,nova-credit,https://www.crunchbase.com/organization/nova-credit
radema,1225,Nova Credit,https://www.crunchbase.com/organization/nova-credit,nova-credit,https://www.crunchbase.com/organization/nova-credit
datahive,30709,Novaflow,https://www.crunchbase.com/organization/novaflow,novaflow,https://www.crunchbase.com/organization/novaflow
datahive,26754,Novig,https://www.crunchbase.com/organization/novig,novig,https://www.crunchbase.com/organization/novig
radema,26754,Novig,https://www.crunchbase.com/organization/novig,novig,https://www.crunchbase.com/organization/novig
datahive,30491,Novoflow,https://www.crunchbase.com/organization/novoflow,novoflow,https://www.crunchbase.com/organization/novoflow
kaggle_startups,,Nowmov,http://www.crunchbase.com/organization/nowbox,nowbox,https://www.crunchbase.com/organization/nowbox
datahive,220,Nowmov,https://www.crunchbase.com/organization/nowmov-1d19,nowmov-1d19,https://www.crunchbase.com/organization/nowmov-1d19
radema,220,Nowmov,https://www.crunchbase.com/organization/nowmov-1d19,nowmov-1d19,https://www.crunchbase.com/organization/nowmov-1d19
datahive,12237,Nowports,https://www.crunchbase.com/organization/nowports,nowports,https://www.crunchbase.com/organization/nowports
radema,12237,Nowports,https://www.crunchbase.com/organization/nowports,nowports,https://www.crunchbase.com/organization/nowports
datahive,29249,Nuanced,https://www.crunchbase.com/organization/nuanced-e5d3,nuanced-e5d3,https://www.crunchbase.com/organization/nuanced-e5d3
radema,29249,"Nuanced, Inc.",https://www.crunchbase.com/organization/nuanced-e5d3,nuanced-e5d3,https://www.crunchbase.com/organization/nuanced-e5d3
datahive,1183,NuCypher (aka Threshold Network),https://www.crunchbase.com/organization/nucypher,nucypher,https://www.crunchbase.com/organization/nucypher
radema,1183,NuCypher,https://www.crunchbase.com/organization/nucypher,nucypher,https://www.crunchbase.com/organization/nucypher
datahive,257,NudgePad,https://www.crunchbase.com/organization/nudgepad,nudgepad,https://www.crunchbase.com/organization/nudgepad
radema,257,NudgePad,https://www.crunchbase.com/organization/nudgepad,nudgepad,https://www.crunchbase.com/organization/nudgepad
datahive,25779,Nullstone,https://www.crunchbase.com/organization/nullstone,nullstone,https://www.crunchbase.com/organization/nullstone
radema,25779,Nullstone,https://www.crunchbase.com/organization/nullstone,nullstone,https://www.crunchbase.com/organization/nullstone
datahive,1897,"numericcal, inc.",https://www.crunchbase.com/organization/numericcal,numericcal,https://www.crunchbase.com/organization/numericcal
radema,1897,"numericcal, inc.",https://www.crunchbase.com/organization/numericcal,numericcal,https://www.crunchbase.com/organization/numericcal
datahive,12297,Numero,https://www.crunchbase.com/organization/numero-e914,numero-e914,https://www.crunchbase.com/organization/numero-e914
radema,12297,Numero,https://www.crunchbase.com/organization/numero-e914,numero-e914,https://www.crunchbase.com/organization/numero-e914
radema,12974,NUMI,https://www.crunchbase.com/organization/numi-153c,numi-153c,https://www.crunchbase.com/organization/numi-153c
datahive,26814,Ordinary Seafood,https://www.crunchbase.com/organization/numi-1b35,numi-1b35,https://www.crunchbase.com/organization/numi-1b35
radema,26814,Ordinary Seafood,https://www.crunchbase.com/organization/numi-1b35,numi-1b35,https://www.crunchbase.com/organization/numi-1b35
datahive,25876,Numida,https://www.crunchbase.com/organization/numida-technologies,numida-technologies,https://www.crunchbase.com/organization/numida-technologies
radema,25876,Numida,https://www.crunchbase.com/organization/numida-technologies,numida-technologies,https://www.crunchbase.com/organization/numida-technologies
datahive,26750,NuMind,https://www.crunchbase.com/organization/numind,numind,https://www.crunchbase.com/organization/numind
radema,26750,NuMind,https://www.crunchbase.com/organization/numind,numind,https://www.crunchbase.com/organization/numind
datahive,1067,NURX,https://www.crunchbase.com/organization/nurx,nurx,https://www.crunchbase.com/organization/nurx
radema,1067,NURX,https://www.crunchbase.com/organization/nurx,nurx,https://www.crunchbase.com/organization/nurx
datahive,1820,Nutrigene,https://www.crunchbase.com/organization/nutrigene-ltd,nutrigene-ltd,https://www.crunchbase.com/organization/nutrigene-ltd
radema,1820,Nutrigene,https://www.crunchbase.com/organization/nutrigene-ltd,nutrigene-ltd,https://www.crunchbase.com/organization/nutrigene-ltd
datahive,1778,Nuvocargo,https://www.crunchbase.com/organization/Nuvocargo,nuvocargo,https://www.crunchbase.com/organization/nuvocargo
radema,1778,Nuvocargo,https://www.crunchbase.com/organization/Nuvocargo,nuvocargo,https://www.crunchbase.com/organization/nuvocargo
datahive,1739,Observant AI,https://www.crunchbase.com/organization/observant-ai,observant-ai,https://www.crunchbase.com/organization/observant-ai
radema,1739,Observant,https://www.crunchbase.com/organization/observant-ai,observant-ai,https://www.crunchbase.com/organization/observant-ai
datahive,1859,Observe.AI,https://www.crunchbase.com/organization/observe-ai,observe-ai,https://www.crunchbase.com/organization/observe-ai
radema,1859,Observe.AI,https://www.crunchbase.com/organization/observe-ai,observe-ai,https://www.crunchbase.com/organization/observe-ai
datahive,432,OctaveWealth,https://www.crunchbase.com/organization/octavewealth,octavewealth,https://www.crunchbase.com/organization/octavewealth
radema,432,OctaveWealth,https://www.crunchbase.com/organization/octavewealth,octavewealth,https://www.crunchbase.com/organization/octavewealth
radema,29081,AgentsForce,https://www.crunchbase.com/organization/octo-c3f2,octo-c3f2,https://www.crunchbase.com/organization/octo-c3f2
datahive,346,Octopart,https://www.crunchbase.com/organization/octopart,octopart,https://www.crunchbase.com/organization/octopart
kaggle_startups,,Octopart,http://www.crunchbase.com/organization/octopart,octopart,https://www.crunchbase.com/organization/octopart
radema,346,Octopart,https://www.crunchbase.com/organization/octopart,octopart,https://www.crunchbase.com/organization/octopart
datahive,29442,Ocular AI,https://www.crunchbase.com/organization/ocular-ai,ocular-ai,https://www.crunchbase.com/organization/ocular-ai
radema,29442,Ocular AI,https://www.crunchbase.com/organization/ocular-ai,ocular-ai,https://www.crunchbase.com/organization/ocular-ai
datahive,12565,Odeko,https://www.crunchbase.com/organization/odeko,odeko,https://www.crunchbase.com/organization/odeko
radema,12565,Odeko,https://www.crunchbase.com/organization/odeko,odeko,https://www.crunchbase.com/organization/odeko
datahive,283,OhLife,https://www.crunchbase.com/organization/ohlife,ohlife,https://www.crunchbase.com/organization/ohlife
kaggle_startups,,OhLife,http://www.crunchbase.com/organization/ohlife,ohlife,https://www.crunchbase.com/organization/ohlife
radema,283,OhLife,https://www.crunchbase.com/organization/ohlife,ohlife,https://www.crunchbase.com/organization/ohlife
datahive,924,Ohm,https://www.crunchbase.com/organization/ohm,ohm,https://www.crunchbase.com/organization/ohm
radema,924,Ohm,https://www.crunchbase.com/organization/ohm,ohm,https://www.crunchbase.com/organization/ohm
datahive,13075,Okay,https://www.crunchbase.com/organization/okay,okay,https://www.crunchbase.com/organization/okay
radema,13075,Okay,https://www.crunchbase.com/organization/okay,okay,https://www.crunchbase.com/organization/okay
datahive,2032,OkCredit,https://www.crunchbase.com/organization/okcredit-india,okcredit-india,https://www.crunchbase.com/organization/okcredit-india
radema,2032,OkCredit,https://www.crunchbase.com/organization/okcredit-india,okcredit-india,https://www.crunchbase.com/organization/okcredit-india
datahive,12032,Okteto,https://www.crunchbase.com/organization/okteto,okteto,https://www.crunchbase.com/organization/okteto
radema,12032,Okteto,https://www.crunchbase.com/organization/okteto,okteto,https://www.crunchbase.com/organization/okteto
datahive,23366,OlaClick,https://www.crunchbase.com/organization/olaclick,olaclick,https://www.crunchbase.com/organization/olaclick
radema,23366,OlaClick,https://www.crunchbase.com/organization/olaclick,olaclick,https://www.crunchbase.com/organization/olaclick
datahive,249,Olark,https://www.crunchbase.com/organization/olark,olark,https://www.crunchbase.com/organization/olark
kaggle_startups,,Olark,http://www.crunchbase.com/organization/olark,olark,https://www.crunchbase.com/organization/olark
radema,249,Olark,https://www.crunchbase.com/organization/olark,olark,https://www.crunchbase.com/organization/olark
datahive,23634,Ollama,https://www.crunchbase.com/organization/ollama,ollama,https://www.crunchbase.com/organization/ollama
radema,23634,Ollama,https://www.crunchbase.com/organization/ollama,ollama,https://www.crunchbase.com/organization/ollama
datahive,26050,Olympian Motors,https://www.crunchbase.com/organization/olympian-motors,olympian-motors,https://www.crunchbase.com/organization/olympian-motors
radema,26050,Olympian Motors,https://www.crunchbase.com/organization/olympian-motors,olympian-motors,https://www.crunchbase.com/organization/olympian-motors
datahive,1297,OMG Digital,https://www.crunchbase.com/organization/omg-digital,omg-digital,https://www.crunchbase.com/organization/omg-digital
radema,1297,OMG Digital,https://www.crunchbase.com/organization/omg-digital,omg-digital,https://www.crunchbase.com/organization/omg-digital
datahive,357,OMGPop,https://www.crunchbase.com/organization/omgpop,omgpop,https://www.crunchbase.com/organization/omgpop
kaggle_startups,,OMGPOP,http://www.crunchbase.com/organization/omgpop,omgpop,https://www.crunchbase.com/organization/omgpop
radema,357,OMGPop,https://www.crunchbase.com/organization/omgpop,omgpop,https://www.crunchbase.com/organization/omgpop
datahive,29326,OmniAI,https://www.crunchbase.com/organization/omniai,omniai,https://www.crunchbase.com/organization/omniai
radema,29326,OmniAI,https://www.crunchbase.com/organization/omniai,omniai,https://www.crunchbase.com/organization/omniai
datahive,775,Omniref,https://www.crunchbase.com/organization/omniref,omniref,https://www.crunchbase.com/organization/omniref
radema,775,Omniref,https://www.crunchbase.com/organization/omniref,omniref,https://www.crunchbase.com/organization/omniref
datahive,310,Omnisio,https://www.crunchbase.com/organization/omnisio,omnisio,https://www.crunchbase.com/organization/omnisio
kaggle_startups,,Omnisio,http://www.crunchbase.com/organization/omnisio,omnisio,https://www.crunchbase.com/organization/omnisio
radema,310,Omnisio,https://www.crunchbase.com/organization/omnisio,omnisio,https://www.crunchbase.com/organization/omnisio
datahive,27813,Omnistrate,https://www.crunchbase.com/organization/omnistrate,omnistrate,https://www.crunchbase.com/organization/omnistrate
radema,27813,Omnistrate,https://www.crunchbase.com/organization/omnistrate,omnistrate,https://www.crunchbase.com/organization/omnistrate
datahive,26266,Onboard.io,https://www.crunchbase.com/organization/onboard-onboard-io,onboard-onboard-io,https://www.crunchbase.com/organization/onboard-onboard-io
radema,26266,Onboard.io,https://www.crunchbase.com/organization/onboard-onboard-io,onboard-onboard-io,https://www.crunchbase.com/organization/onboard-onboard-io
datahive,1665,Oncobox,https://www.crunchbase.com/organization/oncobox,oncobox,https://www.crunchbase.com/organization/oncobox
radema,1665,Oncobox,https://www.crunchbase.com/organization/oncobox,oncobox,https://www.crunchbase.com/organization/oncobox
datahive,1226,OneChronos,https://www.crunchbase.com/organization/one-chronos,one-chronos,https://www.crunchbase.com/organization/one-chronos
radema,1226,OneChronos,https://www.crunchbase.com/organization/one-chronos,one-chronos,https://www.crunchbase.com/organization/one-chronos
datahive,734,One Codex,https://www.crunchbase.com/organization/one-codex,one-codex,https://www.crunchbase.com/organization/one-codex
radema,734,One Codex,https://www.crunchbase.com/organization/one-codex,one-codex,https://www.crunchbase.com/organization/one-codex
kaggle_startups,,One Degree,http://www.crunchbase.com/organization/one-degree,one-degree,https://www.crunchbase.com/organization/one-degree
datahive,548,One Month,https://www.crunchbase.com/organization/one-month-rails,one-month-rails,https://www.crunchbase.com/organization/one-month-rails
kaggle_startups,,One Month Rails,http://www.crunchbase.com/organization/one-month-rails,one-month-rails,https://www.crunchbase.com/organization/one-month-rails
radema,548,One Month,https://www.crunchbase.com/organization/one-month-rails,one-month-rails,https://www.crunchbase.com/organization/one-month-rails
datahive,76,OneSignal,https://www.crunchbase.com/organization/one-signal,one-signal,https://www.crunchbase.com/organization/one-signal
radema,76,OneSignal,https://www.crunchbase.com/organization/one-signal,one-signal,https://www.crunchbase.com/organization/one-signal
datahive,24230,Onebrief,https://www.crunchbase.com/organization/onebrief,onebrief,https://www.crunchbase.com/organization/onebrief
datahive,1762,onederful,https://www.crunchbase.com/organization/onederful,onederful,https://www.crunchbase.com/organization/onederful
radema,1762,onederful,https://www.crunchbase.com/organization/onederful,onederful,https://www.crunchbase.com/organization/onederful
datahive,1540,OneFin,https://www.crunchbase.com/organization/onefin,onefin,https://www.crunchbase.com/organization/onefin
radema,1540,OneFin,https://www.crunchbase.com/organization/onefin,onefin,https://www.crunchbase.com/organization/onefin
datahive,1947,OneGraph,https://www.crunchbase.com/organization/onegraph,onegraph,https://www.crunchbase.com/organization/onegraph
radema,1947,OneGraph,https://www.crunchbase.com/organization/onegraph,onegraph,https://www.crunchbase.com/organization/onegraph
kaggle_startups,,Onename.io,http://www.crunchbase.com/organization/onename,onename,https://www.crunchbase.com/organization/onename
datahive,24404,OneSchema,https://www.crunchbase.com/organization/oneschema,oneschema,https://www.crunchbase.com/organization/oneschema
radema,24404,OneSchema,https://www.crunchbase.com/organization/oneschema,oneschema,https://www.crunchbase.com/organization/oneschema
datahive,24843,OneShop,https://crunchbase.com/organization/oneshopcom,oneshopcom,https://www.crunchbase.com/organization/oneshopcom
radema,24843,OneShop,https://crunchbase.com/organization/oneshopcom,oneshopcom,https://www.crunchbase.com/organization/oneshopcom
datahive,28976,Bolto,https://www.crunchbase.com/organization/onnix-d36a,onnix-d36a,https://www.crunchbase.com/organization/onnix-d36a
radema,28976,Crew,https://www.crunchbase.com/organization/onnix-d36a,onnix-d36a,https://www.crunchbase.com/organization/onnix-d36a
datahive,25401,Onyx Private,https://www.crunchbase.com/organization/onyx-card,onyx-card,https://www.crunchbase.com/organization/onyx-card
radema,25401,Onyx Private,https://www.crunchbase.com/organization/onyx-card,onyx-card,https://www.crunchbase.com/organization/onyx-card
datahive,1286,Ready Education,https://www.crunchbase.com/organization/oohlala-mobile,oohlala-mobile,https://www.crunchbase.com/organization/oohlala-mobile
radema,1286,Ready Education,https://www.crunchbase.com/organization/oohlala-mobile,oohlala-mobile,https://www.crunchbase.com/organization/oohlala-mobile
datahive,926,Oolu,https://www.crunchbase.com/organization/oolu,oolu,https://www.crunchbase.com/organization/oolu
radema,926,Oolu,https://www.crunchbase.com/organization/oolu,oolu,https://www.crunchbase.com/organization/oolu
datahive,1675,Opearlo,https://www.crunchbase.com/organization/opearlo,opearlo,https://www.crunchbase.com/organization/opearlo
radema,1675,Opearlo,https://www.crunchbase.com/organization/opearlo,opearlo,https://www.crunchbase.com/organization/opearlo
datahive,777,Open Listings,https://www.crunchbase.com/organization/open-listings,open-listings,https://www.crunchbase.com/organization/open-listings
radema,777,Open Listings,https://www.crunchbase.com/organization/open-listings,open-listings,https://www.crunchbase.com/organization/open-listings
radema,13159,Openbase,https://www.crunchbase.com/organization/openbase,openbase,https://www.crunchbase.com/organization/openbase
datahive,13434,OpenBiome,https://www.crunchbase.com/organization/openbiome,openbiome,https://www.crunchbase.com/organization/openbiome
radema,13434,OpenBiome,https://www.crunchbase.com/organization/openbiome,openbiome,https://www.crunchbase.com/organization/openbiome
datahive,642,OpenCurriculum,https://www.crunchbase.com/organization/opencurriculum,opencurriculum,https://www.crunchbase.com/organization/opencurriculum
radema,642,OpenCurriculum,https://www.crunchbase.com/organization/opencurriculum,opencurriculum,https://www.crunchbase.com/organization/opencurriculum
datahive,870,OpenInvest,https://www.crunchbase.com/organization/openinvest,openinvest,https://www.crunchbase.com/organization/openinvest
radema,870,OpenInvest,https://www.crunchbase.com/organization/openinvest,openinvest,https://www.crunchbase.com/organization/openinvest
datahive,1792,Openland,https://www.crunchbase.com/organization/openland,openland,https://www.crunchbase.com/organization/openland
radema,1792,Openland,https://www.crunchbase.com/organization/openland,openland,https://www.crunchbase.com/organization/openland
datahive,29424,Openmart,https://www.crunchbase.com/organization/openmart-da89,openmart-da89,https://www.crunchbase.com/organization/openmart-da89
radema,29424,Openmart,https://www.crunchbase.com/organization/openmart-da89,openmart-da89,https://www.crunchbase.com/organization/openmart-da89
datahive,30743,Opennote,https://www.crunchbase.com/organization/opennote,opennote,https://www.crunchbase.com/organization/opennote
datahive,1924,OpenPhone,https://www.crunchbase.com/organization/openphone,openphone,https://www.crunchbase.com/organization/openphone
radema,1924,OpenPhone,https://www.crunchbase.com/organization/openphone,openphone,https://www.crunchbase.com/organization/openphone
datahive,1844,OpenSea,https://www.crunchbase.com/organization/opensea,opensea,https://www.crunchbase.com/organization/opensea
radema,1844,OpenSea,https://www.crunchbase.com/organization/opensea,opensea,https://www.crunchbase.com/organization/opensea
datahive,1030,Opentrons,https://www.crunchbase.com/organization/opentrons,opentrons,https://www.crunchbase.com/organization/opentrons
radema,1030,Opentrons,https://www.crunchbase.com/organization/opentrons,opentrons,https://www.crunchbase.com/organization/opentrons
datahive,13115,OpenUnit,https://www.crunchbase.com/organization/openunit,openunit,https://www.crunchbase.com/organization/openunit
radema,13115,OpenUnit,https://www.crunchbase.com/organization/openunit,openunit,https://www.crunchbase.com/organization/openunit
datahive,109,Opez,https://www.crunchbase.com/organization/opez,opez,https://www.crunchbase.com/organization/opez
kaggle_startups,,Opez,http://www.crunchbase.com/organization/opez,opez,https://www.crunchbase.com/organization/opez
radema,109,Opez,https://www.crunchbase.com/organization/opez,opez,https://www.crunchbase.com/organization/opez
datahive,24774,Opkit,https://www.crunchbase.com/organization/opkit,opkit,https://www.crunchbase.com/organization/opkit
radema,24774,Opkit,https://www.crunchbase.com/organization/opkit,opkit,https://www.crunchbase.com/organization/opkit
datahive,1222,Opsolutely,https://www.crunchbase.com/organization/opsolutely,opsolutely,https://www.crunchbase.com/organization/opsolutely
radema,1222,Opsolutely,https://www.crunchbase.com/organization/opsolutely,opsolutely,https://www.crunchbase.com/organization/opsolutely
datahive,25061,Optery,https://www.crunchbase.com/organization/optery,optery,https://www.crunchbase.com/organization/optery
radema,25061,Optery,https://www.crunchbase.com/organization/optery,optery,https://www.crunchbase.com/organization/optery
datahive,1925,Optic,https://www.crunchbase.com/organization/optic,optic,https://www.crunchbase.com/organization/optic
radema,1925,Optic,https://www.crunchbase.com/organization/optic,optic,https://www.crunchbase.com/organization/optic
kaggle_startups,,Optimizely,http://www.crunchbase.com/organization/optimizely,optimizely,https://www.crunchbase.com/organization/optimizely
datahive,196,Opzi,https://www.crunchbase.com/organization/opzi,opzi,https://www.crunchbase.com/organization/opzi
kaggle_startups,,Opzi,http://www.crunchbase.com/organization/opzi,opzi,https://www.crunchbase.com/organization/opzi
radema,196,Opzi,https://www.crunchbase.com/organization/opzi,opzi,https://www.crunchbase.com/organization/opzi
datahive,1836,Orangewood Labs,https://www.crunchbase.com/organization/orangewood-labs-inc,orangewood-labs-inc,https://www.crunchbase.com/organization/orangewood-labs-inc
radema,1836,Orangewood Labs,https://www.crunchbase.com/organization/orangewood-labs-inc,orangewood-labs-inc,https://www.crunchbase.com/organization/orangewood-labs-inc
kaggle_startups,,Orankl,http://www.crunchbase.com/organization/orankl,orankl,https://www.crunchbase.com/organization/orankl
datahive,29157,Orbio Earth,https://www.crunchbase.com/organization/orbio,orbio,https://www.crunchbase.com/organization/orbio
radema,29157,Orbio Earth,https://www.crunchbase.com/organization/orbio,orbio,https://www.crunchbase.com/organization/orbio
datahive,169,OrderAhead,https://www.crunchbase.com/organization/orderahead,orderahead,https://www.crunchbase.com/organization/orderahead
kaggle_startups,,OrderAhead,http://www.crunchbase.com/organization/orderahead,orderahead,https://www.crunchbase.com/organization/orderahead
radema,169,OrderAhead,https://www.crunchbase.com/organization/orderahead,orderahead,https://www.crunchbase.com/organization/orderahead
datahive,24691,Orderli,https://www.crunchbase.com/organization/orderli,orderli,https://www.crunchbase.com/organization/orderli
radema,24691,Orderli,https://www.crunchbase.com/organization/orderli,orderli,https://www.crunchbase.com/organization/orderli
datahive,30090,Origami,https://www.crunchbase.com/organization/origami-agents,origami-agents,https://www.crunchbase.com/organization/origami-agents
kaggle_startups,,EveryMe,http://www.crunchbase.com/organization/origami-labs,origami-labs,https://www.crunchbase.com/organization/origami-labs
datahive,1481,Origin,https://www.crunchbase.com/organization/origin-8,origin-8,https://www.crunchbase.com/organization/origin-8
radema,1481,Origin,https://www.crunchbase.com/organization/origin-8,origin-8,https://www.crunchbase.com/organization/origin-8
datahive,1629,Prelim,https://www.crunchbase.com/organization/original-tech,original-tech,https://www.crunchbase.com/organization/original-tech
radema,1629,Prelim,https://www.crunchbase.com/organization/original-tech,original-tech,https://www.crunchbase.com/organization/original-tech
datahive,2020,"Mark Cuban Cost Plus Drug Company, PBC",https://www.crunchbase.com/organization/osh's-affordable-pharmaceuticals-fremont-california,osh's-affordable-pharmaceuticals-fremont-california,https://www.crunchbase.com/organization/osh's-affordable-pharmaceuticals-fremont-california
radema,2020,"Mark Cuban Cost Plus Drug Company, PBC",https://www.crunchbase.com/organization/osh's-affordable-pharmaceuticals-fremont-california,osh's-affordable-pharmaceuticals-fremont-california,https://www.crunchbase.com/organization/osh's-affordable-pharmaceuticals-fremont-california
datahive,1838,OSIMple,https://www.crunchbase.com/organization/osimple,osimple,https://www.crunchbase.com/organization/osimple
radema,1838,OSIMple,https://www.crunchbase.com/organization/osimple,osimple,https://www.crunchbase.com/organization/osimple
datahive,21930,Osmind,https://www.crunchbase.com/organization/osmind,osmind,https://www.crunchbase.com/organization/osmind
radema,21930,Osmind,https://www.crunchbase.com/organization/osmind,osmind,https://www.crunchbase.com/organization/osmind
datahive,1026,Open Motors,https://www.crunchbase.com/organization/osvehicle,osvehicle,https://www.crunchbase.com/organization/osvehicle
radema,1026,Open Motors,https://www.crunchbase.com/organization/osvehicle,osvehicle,https://www.crunchbase.com/organization/osvehicle
datahive,25539,Oto,https://www.crunchbase.com/organization/oto-4786,oto-4786,https://www.crunchbase.com/organization/oto-4786
radema,25539,Oto,https://www.crunchbase.com/organization/oto-4786,oto-4786,https://www.crunchbase.com/organization/oto-4786
datahive,12094,Our World in Data,https://www.crunchbase.com/organization/our-world-in-data,our-world-in-data,https://www.crunchbase.com/organization/our-world-in-data
radema,12094,Our World in Data,https://www.crunchbase.com/organization/our-world-in-data,our-world-in-data,https://www.crunchbase.com/organization/our-world-in-data
datahive,25892,AvairSense,https://www.crunchbase.com/organization/oureye-ai,oureye-ai,https://www.crunchbase.com/organization/oureye-ai
radema,25892,AvairSense,https://www.crunchbase.com/organization/oureye-ai,oureye-ai,https://www.crunchbase.com/organization/oureye-ai
datahive,1770,OurMenu,https://www.crunchbase.com/organization/ourmenu,ourmenu,https://www.crunchbase.com/organization/ourmenu
radema,1770,OurMenu,https://www.crunchbase.com/organization/ourmenu,ourmenu,https://www.crunchbase.com/organization/ourmenu
datahive,820,Outbound,https://www.crunchbase.com/organization/outbound-io,outbound-io,https://www.crunchbase.com/organization/outbound-io
radema,820,Outbound,https://www.crunchbase.com/organization/outbound-io,outbound-io,https://www.crunchbase.com/organization/outbound-io
datahive,27868,Outerbase,https://www.crunchbase.com/organization/outerbase,outerbase,https://www.crunchbase.com/organization/outerbase
radema,27868,Outerbase,https://www.crunchbase.com/organization/outerbase,outerbase,https://www.crunchbase.com/organization/outerbase
datahive,24524,outloud.ai,https://www.crunchbase.com/organization/outloud-ai,outloud-ai,https://www.crunchbase.com/organization/outloud-ai
radema,24524,outloud.ai,https://www.crunchbase.com/organization/outloud-ai,outloud-ai,https://www.crunchbase.com/organization/outloud-ai
datahive,30796,Outrove,https://www.crunchbase.com/organization/outrove,outrove,https://www.crunchbase.com/organization/outrove
datahive,994,Outschool,https://www.crunchbase.com/organization/outschool,outschool,https://www.crunchbase.com/organization/outschool
radema,994,Outschool,https://www.crunchbase.com/organization/outschool,outschool,https://www.crunchbase.com/organization/outschool
datahive,1954,Impactive (formerly Outvote),https://www.crunchbase.com/organization/outvote,outvote,https://www.crunchbase.com/organization/outvote
radema,1954,Impactive (formerly Outvote),https://www.crunchbase.com/organization/outvote,outvote,https://www.crunchbase.com/organization/outvote
datahive,13435,Overfit,https://www.crunchbase.com/organization/overfit,overfit,https://www.crunchbase.com/organization/overfit
radema,13435,Overfit,https://www.crunchbase.com/organization/overfit,overfit,https://www.crunchbase.com/organization/overfit
datahive,11895,Overview,https://www.crunchbase.com/organization/overview-ai,overview-ai,https://www.crunchbase.com/organization/overview-ai
radema,11895,Overview,https://www.crunchbase.com/organization/overview-ai,overview-ai,https://www.crunchbase.com/organization/overview-ai
datahive,1735,Ovipost,https://www.crunchbase.com/organization/ovipost,ovipost,https://www.crunchbase.com/organization/ovipost
radema,1735,Ovipost,https://www.crunchbase.com/organization/ovipost,ovipost,https://www.crunchbase.com/organization/ovipost
datahive,29844,Oway,https://www.crunchbase.com/organization/oway-a533,oway-a533,https://www.crunchbase.com/organization/oway-a533
datahive,668,Owners Circle,https://www.crunchbase.com/organization/owners-circle,owners-circle,https://www.crunchbase.com/organization/owners-circle
radema,668,Owners Circle,https://www.crunchbase.com/organization/owners-circle,owners-circle,https://www.crunchbase.com/organization/owners-circle
datahive,226,OwnLocal,https://www.crunchbase.com/organization/ownlocal,ownlocal,https://www.crunchbase.com/organization/ownlocal
kaggle_startups,,SeeingInteractive,http://www.crunchbase.com/organization/ownlocal,ownlocal,https://www.crunchbase.com/organization/ownlocal
radema,226,OwnLocal,https://www.crunchbase.com/organization/ownlocal,ownlocal,https://www.crunchbase.com/organization/ownlocal
datahive,2022,Oxygen,https://www.crunchbase.com/organization/oxygen-5cc0,oxygen-5cc0,https://www.crunchbase.com/organization/oxygen-5cc0
radema,2022,Oxygen,https://www.crunchbase.com/organization/oxygen-5cc0,oxygen-5cc0,https://www.crunchbase.com/organization/oxygen-5cc0
datahive,25472,Ozone,https://www.crunchbase.com/organization/ozone-40f6,ozone-40f6,https://www.crunchbase.com/organization/ozone-40f6
radema,25472,Ozone,https://www.crunchbase.com/organization/ozone-40f6,ozone-40f6,https://www.crunchbase.com/organization/ozone-40f6
datahive,26662,Paces,https://www.crunchbase.com/organization/paces-ai,paces-ai,https://www.crunchbase.com/organization/paces-ai
radema,26662,Paces,https://www.crunchbase.com/organization/paces-ai,paces-ai,https://www.crunchbase.com/organization/paces-ai
datahive,11936,Pachama,https://www.crunchbase.com/organization/pachama,pachama,https://www.crunchbase.com/organization/pachama
radema,11936,Pachama,https://www.crunchbase.com/organization/pachama,pachama,https://www.crunchbase.com/organization/pachama
datahive,778,Pachyderm,https://www.crunchbase.com/organization/pachyderm,pachyderm,https://www.crunchbase.com/organization/pachyderm
radema,778,Pachyderm,https://www.crunchbase.com/organization/pachyderm,pachyderm,https://www.crunchbase.com/organization/pachyderm
datahive,481,Padlet,https://www.crunchbase.com/organization/padlet,padlet,https://www.crunchbase.com/organization/padlet
kaggle_startups,,Padlet,http://www.crunchbase.com/organization/padlet,padlet,https://www.crunchbase.com/organization/padlet
radema,481,Padlet,https://www.crunchbase.com/organization/padlet,padlet,https://www.crunchbase.com/organization/padlet
datahive,186,PadMapper,https://www.crunchbase.com/organization/padmapper,padmapper,https://www.crunchbase.com/organization/padmapper
radema,186,PadMapper,https://www.crunchbase.com/organization/padmapper,padmapper,https://www.crunchbase.com/organization/padmapper
datahive,1831,Pagedraw,https://www.crunchbase.com/organization/pagedraw,pagedraw,https://www.crunchbase.com/organization/pagedraw
radema,1831,Pagedraw,https://www.crunchbase.com/organization/pagedraw,pagedraw,https://www.crunchbase.com/organization/pagedraw
datahive,99,Pagelever,https://www.crunchbase.com/organization/pagelever,pagelever,https://www.crunchbase.com/organization/pagelever
kaggle_startups,,PageLever,http://www.crunchbase.com/organization/pagelever,pagelever,https://www.crunchbase.com/organization/pagelever
radema,99,Pagelever,https://www.crunchbase.com/organization/pagelever,pagelever,https://www.crunchbase.com/organization/pagelever
datahive,202,PagerDuty,https://www.crunchbase.com/organization/pagerduty,pagerduty,https://www.crunchbase.com/organization/pagerduty
kaggle_startups,,PagerDuty,http://www.crunchbase.com/organization/pagerduty,pagerduty,https://www.crunchbase.com/organization/pagerduty
radema,202,PagerDuty,https://www.crunchbase.com/organization/pagerduty,pagerduty,https://www.crunchbase.com/organization/pagerduty
datahive,712,Paid,https://www.crunchbase.com/organization/paid,paid,https://www.crunchbase.com/organization/paid
radema,712,Paid,https://www.crunchbase.com/organization/paid,paid,https://www.crunchbase.com/organization/paid
datahive,779,Pakible,https://www.crunchbase.com/organization/pakible,pakible,https://www.crunchbase.com/organization/pakible
radema,779,Pakible,https://www.crunchbase.com/organization/pakible,pakible,https://www.crunchbase.com/organization/pakible
datahive,1630,Upfort,https://www.crunchbase.com/organization/paladin-cyber,paladin-cyber,https://www.crunchbase.com/organization/paladin-cyber
radema,1630,Upfort,https://www.crunchbase.com/organization/paladin-cyber,paladin-cyber,https://www.crunchbase.com/organization/paladin-cyber
datahive,821,Cinder,https://www.crunchbase.com/organization/palate-home,palate-home,https://www.crunchbase.com/organization/palate-home
radema,821,Cinder,https://www.crunchbase.com/organization/palate-home,palate-home,https://www.crunchbase.com/organization/palate-home
datahive,23780,PaletteHQ,https://www.crunchbase.com/organization/palette-a00d,palette-a00d,https://www.crunchbase.com/organization/palette-a00d
radema,23780,PaletteHQ,https://www.crunchbase.com/organization/palette-a00d,palette-a00d,https://www.crunchbase.com/organization/palette-a00d
datahive,25589,Palitronica Inc,https://www.crunchbase.com/organization/palitronica,palitronica,https://www.crunchbase.com/organization/palitronica
radema,25589,Palitronica Inc,https://www.crunchbase.com/organization/palitronica,palitronica,https://www.crunchbase.com/organization/palitronica
datahive,30755,Pally,https://www.crunchbase.com/organization/pally-6028,pally-6028,https://www.crunchbase.com/organization/pally-6028
datahive,26476,Pana,https://www.crunchbase.com/organization/pana-cd34,pana-cd34,https://www.crunchbase.com/organization/pana-cd34
radema,26476,Pana,https://www.crunchbase.com/organization/pana-cd34,pana-cd34,https://www.crunchbase.com/organization/pana-cd34
datahive,24682,Pandai,https://www.crunchbase.com/organization/pandai-org,pandai-org,https://www.crunchbase.com/organization/pandai-org
radema,24682,Pandai,https://www.crunchbase.com/organization/pandai-org,pandai-org,https://www.crunchbase.com/organization/pandai-org
datahive,29345,PandasAI,https://www.crunchbase.com/organization/pandasai,pandasai,https://www.crunchbase.com/organization/pandasai
radema,29345,PandasAI,https://www.crunchbase.com/organization/pandasai,pandasai,https://www.crunchbase.com/organization/pandasai
datahive,22861,Pangea.app,https://www.crunchbase.com/organization/pangea-app,pangea-app,https://www.crunchbase.com/organization/pangea-app
radema,22861,Pangea.app,https://www.crunchbase.com/organization/pangea-app,pangea-app,https://www.crunchbase.com/organization/pangea-app
datahive,549,Panorama Education,https://www.crunchbase.com/organization/panorama-education,panorama-education,https://www.crunchbase.com/organization/panorama-education
kaggle_startups,,Panorama Education,http://www.crunchbase.com/organization/panorama-education,panorama-education,https://www.crunchbase.com/organization/panorama-education
radema,549,Panorama Education,https://www.crunchbase.com/organization/panorama-education,panorama-education,https://www.crunchbase.com/organization/panorama-education
datahive,471,CircuitLab,https://www.crunchbase.com/organization/pantelligent,pantelligent,https://www.crunchbase.com/organization/pantelligent
radema,471,CircuitLab,https://www.crunchbase.com/organization/pantelligent,pantelligent,https://www.crunchbase.com/organization/pantelligent
datahive,1479,Wavy,https://www.crunchbase.com/organization/pantheon-3,pantheon-3,https://www.crunchbase.com/organization/pantheon-3
radema,1479,Wavy,https://www.crunchbase.com/organization/pantheon-3,pantheon-3,https://www.crunchbase.com/organization/pantheon-3
datahive,1978,Papa,https://www.crunchbase.com/organization/papa-technologies-llc,papa-technologies-llc,https://www.crunchbase.com/organization/papa-technologies-llc
radema,1978,Papa,https://www.crunchbase.com/organization/papa-technologies-llc,papa-technologies-llc,https://www.crunchbase.com/organization/papa-technologies-llc
datahive,78,PayDragon,https://www.crunchbase.com/organization/paperlinks,paperlinks,https://www.crunchbase.com/organization/paperlinks
kaggle_startups,,Paperlinks,http://www.crunchbase.com/organization/paperlinks,paperlinks,https://www.crunchbase.com/organization/paperlinks
radema,78,PayDragon,https://www.crunchbase.com/organization/paperlinks,paperlinks,https://www.crunchbase.com/organization/paperlinks
datahive,27694,Paperplane,https://www.crunchbase.com/organization/paperplane-f079,paperplane-f079,https://www.crunchbase.com/organization/paperplane-f079
radema,27694,Paperplane,https://www.crunchbase.com/organization/paperplane-f079,paperplane-f079,https://www.crunchbase.com/organization/paperplane-f079
datahive,780,Paperspace,https://www.crunchbase.com/organization/paperspace,paperspace,https://www.crunchbase.com/organization/paperspace
radema,780,Paperspace,https://www.crunchbase.com/organization/paperspace,paperspace,https://www.crunchbase.com/organization/paperspace
datahive,29087,ParadeDB,https://www.crunchbase.com/organization/paradedb,paradedb,https://www.crunchbase.com/organization/paradedb
radema,29087,ParadeDB,https://www.crunchbase.com/organization/paradedb,paradedb,https://www.crunchbase.com/organization/paradedb
datahive,13067,Paragon,https://www.crunchbase.com/organization/paragon-853c,paragon-853c,https://www.crunchbase.com/organization/paragon-853c
radema,13067,Paragon,https://www.crunchbase.com/organization/paragon-853c,paragon-853c,https://www.crunchbase.com/organization/paragon-853c
kaggle_startups,,Parakey,http://www.crunchbase.com/organization/parakey,parakey,https://www.crunchbase.com/organization/parakey
datahive,24081,Parallel Bio,https://www.crunchbase.com/organization/parallel-bio,parallel-bio,https://www.crunchbase.com/organization/parallel-bio
radema,24081,Parallel Bio,https://www.crunchbase.com/organization/parallel-bio,parallel-bio,https://www.crunchbase.com/organization/parallel-bio
datahive,456,Parallel Universe,https://www.crunchbase.com/organization/parallel-universe,parallel-universe,https://www.crunchbase.com/organization/parallel-universe
kaggle_startups,,Parallel Universe,http://www.crunchbase.com/organization/parallel-universe,parallel-universe,https://www.crunchbase.com/organization/parallel-universe
radema,456,Parallel Universe,https://www.crunchbase.com/organization/parallel-universe,parallel-universe,https://www.crunchbase.com/organization/parallel-universe
datahive,30507,ParaQuery,https://www.crunchbase.com/organization/paraquery,paraquery,https://www.crunchbase.com/organization/paraquery
kaggle_startups,,Parenthoods,http://www.crunchbase.com/organization/parenthoods,parenthoods,https://www.crunchbase.com/organization/parenthoods
datahive,22267,Parrot Software 🦜,https://www.crunchbase.com/organization/parrot-software-1f71,parrot-software-1f71,https://www.crunchbase.com/organization/parrot-software-1f71
radema,22267,Parrot Software 🦜,https://www.crunchbase.com/organization/parrot-software-1f71,parrot-software-1f71,https://www.crunchbase.com/organization/parrot-software-1f71
datahive,127,Parse,https://www.crunchbase.com/organization/parse,parse,https://www.crunchbase.com/organization/parse
kaggle_startups,,Parse,http://www.crunchbase.com/organization/parse,parse,https://www.crunchbase.com/organization/parse
radema,127,Parse,https://www.crunchbase.com/organization/parse,parse,https://www.crunchbase.com/organization/parse
datahive,30453,Parsewise,https://www.crunchbase.com/organization/parsewise,parsewise,https://www.crunchbase.com/organization/parsewise
datahive,437,Partnered,https://www.crunchbase.com/organization/partnered,partnered,https://www.crunchbase.com/organization/partnered
kaggle_startups,,Sponsorfied,http://www.crunchbase.com/organization/partnered,partnered,https://www.crunchbase.com/organization/partnered
radema,437,Partnered,https://www.crunchbase.com/organization/partnered,partnered,https://www.crunchbase.com/organization/partnered
datahive,22985,Partnered,https://www.crunchbase.com/organization/partnered-a7c7,partnered-a7c7,https://www.crunchbase.com/organization/partnered-a7c7
radema,22985,Partnered,https://www.crunchbase.com/organization/partnered-a7c7,partnered-a7c7,https://www.crunchbase.com/organization/partnered-a7c7
datahive,873,PartnerStack,https://www.crunchbase.com/organization/partnerstack,partnerstack,https://www.crunchbase.com/organization/partnerstack
radema,873,PartnerStack,https://www.crunchbase.com/organization/partnerstack,partnerstack,https://www.crunchbase.com/organization/partnerstack
datahive,26713,Pasito,https://www.crunchbase.com/organization/pasito,pasito,https://www.crunchbase.com/organization/pasito
radema,26713,Pasito,https://www.crunchbase.com/organization/pasito,pasito,https://www.crunchbase.com/organization/pasito
datahive,1579,Passerine Aircraft,https://www.crunchbase.com/organization/passerine-aircraft-corporation,passerine-aircraft-corporation,https://www.crunchbase.com/organization/passerine-aircraft-corporation
radema,1579,Passerine Aircraft,https://www.crunchbase.com/organization/passerine-aircraft-corporation,passerine-aircraft-corporation,https://www.crunchbase.com/organization/passerine-aircraft-corporation
datahive,29968,Patched,https://www.crunchbase.com/organization/patched-codes,patched-codes,https://www.crunchbase.com/organization/patched-codes
datahive,1040,Patchwork Security,https://www.crunchbase.com/organization/patchwork-security,patchwork-security,https://www.crunchbase.com/organization/patchwork-security
radema,1040,Patchwork Security,https://www.crunchbase.com/organization/patchwork-security,patchwork-security,https://www.crunchbase.com/organization/patchwork-security
datahive,1604,Pathrise,https://www.crunchbase.com/organization/pathrise,pathrise,https://www.crunchbase.com/organization/pathrise
radema,1604,Pathrise,https://www.crunchbase.com/organization/pathrise,pathrise,https://www.crunchbase.com/organization/pathrise
datahive,1191,PatientBank,https://www.crunchbase.com/organization/patientbank,patientbank,https://www.crunchbase.com/organization/patientbank
radema,1191,PatientBank,https://www.crunchbase.com/organization/patientbank,patientbank,https://www.crunchbase.com/organization/patientbank
datahive,21831,Pave,https://www.crunchbase.com/organization/pave-56e7,pave-56e7,https://www.crunchbase.com/organization/pave-56e7
radema,21831,Pave,https://www.crunchbase.com/organization/pave-56e7,pave-56e7,https://www.crunchbase.com/organization/pave-56e7
datahive,30257,Pave Robotics,https://www.crunchbase.com/organization/pave-robotics,pave-robotics,https://www.crunchbase.com/organization/pave-robotics
datahive,1041,Pave,https://www.crunchbase.com/organization/paveiq,paveiq,https://www.crunchbase.com/organization/paveiq
radema,1041,Pave,https://www.crunchbase.com/organization/paveiq,paveiq,https://www.crunchbase.com/organization/paveiq
datahive,715,Payable,https://www.crunchbase.com/organization/payable,payable,https://www.crunchbase.com/organization/payable
radema,715,Payable,https://www.crunchbase.com/organization/payable,payable,https://www.crunchbase.com/organization/payable
datahive,25660,PayCaddy,https://www.crunchbase.com/organization/paycaddy,paycaddy,https://www.crunchbase.com/organization/paycaddy
radema,25660,PayCaddy,https://www.crunchbase.com/organization/paycaddy,paycaddy,https://www.crunchbase.com/organization/paycaddy
datahive,24874,Payflow,https://www.crunchbase.com/organization/payflow,payflow,https://www.crunchbase.com/organization/payflow
radema,24874,Payflow,https://www.crunchbase.com/organization/payflow,payflow,https://www.crunchbase.com/organization/payflow
datahive,24479,Payhippo,https://www.crunchbase.com/organization/payhippo,payhippo,https://www.crunchbase.com/organization/payhippo
radema,24479,Payhippo,https://www.crunchbase.com/organization/payhippo,payhippo,https://www.crunchbase.com/organization/payhippo
datahive,26811,Payload,https://www.crunchbase.com/organization/payload-cms,payload-cms,https://www.crunchbase.com/organization/payload-cms
radema,26811,Payload CMS,https://www.crunchbase.com/organization/payload-cms,payload-cms,https://www.crunchbase.com/organization/payload-cms
datahive,12843,PayMongo,https://www.crunchbase.com/organization/paymongo,paymongo,https://www.crunchbase.com/organization/paymongo
radema,12843,PayMongo,https://www.crunchbase.com/organization/paymongo,paymongo,https://www.crunchbase.com/organization/paymongo
datahive,25776,Partna,https://www.crunchbase.com/organization/payourse,payourse,https://www.crunchbase.com/organization/payourse
radema,25776,Partna,https://www.crunchbase.com/organization/payourse,payourse,https://www.crunchbase.com/organization/payourse
datahive,1021,Paystack,https://www.crunchbase.com/organization/paystack,paystack,https://www.crunchbase.com/organization/paystack
radema,1021,Paystack,https://www.crunchbase.com/organization/paystack,paystack,https://www.crunchbase.com/organization/paystack
datahive,477,PayTango,https://www.crunchbase.com/organization/paytango,paytango,https://www.crunchbase.com/organization/paytango
kaggle_startups,,PayTango,http://www.crunchbase.com/organization/paytango,paytango,https://www.crunchbase.com/organization/paytango
radema,477,PayTango,https://www.crunchbase.com/organization/paytango,paytango,https://www.crunchbase.com/organization/paytango
datahive,24602,PAYZE,https://www.crunchbase.com/organization/payze,payze,https://www.crunchbase.com/organization/payze
radema,24602,PAYZE,https://www.crunchbase.com/organization/payze,payze,https://www.crunchbase.com/organization/payze
datahive,25317,Peakflo,https://www.crunchbase.com/organization/peakflo,peakflo,https://www.crunchbase.com/organization/peakflo
radema,25317,Peakflo,https://www.crunchbase.com/organization/peakflo,peakflo,https://www.crunchbase.com/organization/peakflo
datahive,1447,Pearl,https://www.crunchbase.com/organization/pearl-coffee,pearl-coffee,https://www.crunchbase.com/organization/pearl-coffee
radema,1447,Pearl,https://www.crunchbase.com/organization/pearl-coffee,pearl-coffee,https://www.crunchbase.com/organization/pearl-coffee
datahive,153,Pebble,https://www.crunchbase.com/organization/pebble,pebble,https://www.crunchbase.com/organization/pebble
kaggle_startups,,Pebble Technology,http://www.crunchbase.com/organization/pebble,pebble,https://www.crunchbase.com/organization/pebble
radema,153,Pebble,https://www.crunchbase.com/organization/pebble,pebble,https://www.crunchbase.com/organization/pebble
datahive,28045,Peeba,https://www.crunchbase.com/organization/Peeba,peeba,https://www.crunchbase.com/organization/peeba
radema,28045,Peeba,https://www.crunchbase.com/organization/Peeba,peeba,https://www.crunchbase.com/organization/peeba
radema,1409,Peekapak,https://www.crunchbase.com/organization/peekapak,peekapak,https://www.crunchbase.com/organization/peekapak
datahive,1559,Peer5,https://www.crunchbase.com/organization/peer5,peer5,https://www.crunchbase.com/organization/peer5
radema,1559,Peer5,https://www.crunchbase.com/organization/peer5,peer5,https://www.crunchbase.com/organization/peer5
datahive,1489,Penny,https://www.crunchbase.com/organization/penny-2,penny-2,https://www.crunchbase.com/organization/penny-2
radema,1489,Penny,https://www.crunchbase.com/organization/penny-2,penny-2,https://www.crunchbase.com/organization/penny-2
datahive,1885,Penta Medical,https://www.crunchbase.com/organization/penta-medical,penta-medical,https://www.crunchbase.com/organization/penta-medical
radema,1885,Penta Medical,https://www.crunchbase.com/organization/penta-medical,penta-medical,https://www.crunchbase.com/organization/penta-medical
datahive,1299,People.ai,https://www.crunchbase.com/organization/people-ai,people-ai,https://www.crunchbase.com/organization/people-ai
radema,1299,People.ai,https://www.crunchbase.com/organization/people-ai,people-ai,https://www.crunchbase.com/organization/people-ai
datahive,299,People & Pages,https://www.crunchbase.com/organization/people-and-pages,people-and-pages,https://www.crunchbase.com/organization/people-and-pages
kaggle_startups,,People and Pages,http://www.crunchbase.com/organization/people-and-pages,people-and-pages,https://www.crunchbase.com/organization/people-and-pages
radema,299,People & Pages,https://www.crunchbase.com/organization/people-and-pages,people-and-pages,https://www.crunchbase.com/organization/people-and-pages
datahive,26877,Peoplebox,https://www.crunchbase.com/organization/peoplebox-ai,peoplebox-ai,https://www.crunchbase.com/organization/peoplebox-ai
radema,26877,Peoplebox,https://www.crunchbase.com/organization/peoplebox-ai,peoplebox-ai,https://www.crunchbase.com/organization/peoplebox-ai
datahive,22806,Per Diem,https://www.crunchbase.com/organization/per-diem,per-diem,https://www.crunchbase.com/organization/per-diem
radema,22806,Per Diem,https://www.crunchbase.com/organization/per-diem,per-diem,https://www.crunchbase.com/organization/per-diem
datahive,52,Per Vices,https://www.crunchbase.com/organization/per-vices,per-vices,https://www.crunchbase.com/organization/per-vices
kaggle_startups,,Per Vices,http://www.crunchbase.com/organization/per-vices,per-vices,https://www.crunchbase.com/organization/per-vices
radema,52,Per Vices,https://www.crunchbase.com/organization/per-vices,per-vices,https://www.crunchbase.com/organization/per-vices
datahive,19888,Altro,https://www.crunchbase.com/organization/perch-0bce,perch-0bce,https://www.crunchbase.com/organization/perch-0bce
radema,19888,Altro,https://www.crunchbase.com/organization/perch-0bce,perch-0bce,https://www.crunchbase.com/organization/perch-0bce
kaggle_startups,,Perfect Audience,http://www.crunchbase.com/organization/perfect-audience,perfect-audience,https://www.crunchbase.com/organization/perfect-audience
datahive,24255,Perfekto,https://www.crunchbase.com/organization/perfekto,perfekto,https://www.crunchbase.com/organization/perfekto
radema,24255,Perfekto,https://www.crunchbase.com/organization/perfekto,perfekto,https://www.crunchbase.com/organization/perfekto
datahive,25347,Perl Street,https://www.crunchbase.com/organization/perl-street-inc,perl-street-inc,https://www.crunchbase.com/organization/perl-street-inc
radema,25347,Perl Street,https://www.crunchbase.com/organization/perl-street-inc,perl-street-inc,https://www.crunchbase.com/organization/perl-street-inc
datahive,694,Permutive,https://www.crunchbase.com/organization/permutive,permutive,https://www.crunchbase.com/organization/permutive
radema,694,Permutive,https://www.crunchbase.com/organization/permutive,permutive,https://www.crunchbase.com/organization/permutive
datahive,12033,PerShop,https://www.crunchbase.com/organization/pershop,pershop,https://www.crunchbase.com/organization/pershop
radema,12033,PerShop,https://www.crunchbase.com/organization/pershop,pershop,https://www.crunchbase.com/organization/pershop
datahive,666,PersistIQ,https://www.crunchbase.com/organization/persistiq,persistiq,https://www.crunchbase.com/organization/persistiq
kaggle_startups,,PersistIQ,http://www.crunchbase.com/organization/persistiq,persistiq,https://www.crunchbase.com/organization/persistiq
radema,666,PersistIQ,https://www.crunchbase.com/organization/persistiq,persistiq,https://www.crunchbase.com/organization/persistiq
datahive,280,PetaSales,https://www.crunchbase.com/organization/petasales,petasales,https://www.crunchbase.com/organization/petasales
radema,280,PetaSales,https://www.crunchbase.com/organization/petasales,petasales,https://www.crunchbase.com/organization/petasales
datahive,995,Petcube,https://www.crunchbase.com/organization/petcube,petcube,https://www.crunchbase.com/organization/petcube
radema,995,Petcube,https://www.crunchbase.com/organization/petcube,petcube,https://www.crunchbase.com/organization/petcube
datahive,25553,Phase Biolabs,https://www.crunchbase.com/organization/phase-biolabs,phase-biolabs,https://www.crunchbase.com/organization/phase-biolabs
radema,25553,Phase Biolabs,https://www.crunchbase.com/organization/phase-biolabs,phase-biolabs,https://www.crunchbase.com/organization/phase-biolabs
datahive,1888,Phiar,https://www.crunchbase.com/organization/phiar-technologies-inc,phiar-technologies-inc,https://www.crunchbase.com/organization/phiar-technologies-inc
radema,1888,Phiar,https://www.crunchbase.com/organization/phiar-technologies-inc,phiar-technologies-inc,https://www.crunchbase.com/organization/phiar-technologies-inc
datahive,23162,Phoenix,https://www.crunchbase.com/organization/phoenix-310f,phoenix-310f,https://www.crunchbase.com/organization/phoenix-310f
datahive,29645,Phonely,https://www.crunchbase.com/organization/phonely,phonely,https://www.crunchbase.com/organization/phonely
datahive,84,PhoneSys,https://www.crunchbase.com/organization/phonesys,phonesys,https://www.crunchbase.com/organization/phonesys
radema,84,PhoneSys,https://www.crunchbase.com/organization/phonesys,phonesys,https://www.crunchbase.com/organization/phonesys
datahive,13074,Phonic,https://www.crunchbase.com/organization/phonic,phonic,https://www.crunchbase.com/organization/phonic
radema,13074,Phonic,https://www.crunchbase.com/organization/phonic,phonic,https://www.crunchbase.com/organization/phonic
datahive,29355,phospho,https://www.crunchbase.com/organization/phospho,phospho,https://www.crunchbase.com/organization/phospho
radema,29355,phospho,https://www.crunchbase.com/organization/phospho,phospho,https://www.crunchbase.com/organization/phospho
datahive,1095,PhysioHealth,https://www.crunchbase.com/organization/physiohealth,physiohealth,https://www.crunchbase.com/organization/physiohealth
radema,1095,PhysioHealth,https://www.crunchbase.com/organization/physiohealth,physiohealth,https://www.crunchbase.com/organization/physiohealth
datahive,928,PickTrace,https://www.crunchbase.com/organization/picktrace,picktrace,https://www.crunchbase.com/organization/picktrace
radema,928,PickTrace,https://www.crunchbase.com/organization/picktrace,picktrace,https://www.crunchbase.com/organization/picktrace
datahive,695,PicnicHealth,https://www.crunchbase.com/organization/picnichealth,picnichealth,https://www.crunchbase.com/organization/picnichealth
kaggle_startups,,PicnicHealth,http://www.crunchbase.com/organization/picnichealth,picnichealth,https://www.crunchbase.com/organization/picnichealth
radema,695,PicnicHealth,https://www.crunchbase.com/organization/picnichealth,picnichealth,https://www.crunchbase.com/organization/picnichealth
datahive,69,Picplum,https://www.crunchbase.com/organization/picplum,picplum,https://www.crunchbase.com/organization/picplum
kaggle_startups,,PicPlum,http://www.crunchbase.com/organization/picplum,picplum,https://www.crunchbase.com/organization/picplum
radema,69,Picplum,https://www.crunchbase.com/organization/picplum,picplum,https://www.crunchbase.com/organization/picplum
datahive,382,Mixed Media Labs,https://www.crunchbase.com/organization/picplz,picplz,https://www.crunchbase.com/organization/picplz
radema,382,Mixed Media Labs,https://www.crunchbase.com/organization/picplz,picplz,https://www.crunchbase.com/organization/picplz
datahive,277,Picurio,https://www.crunchbase.com/organization/picurio,picurio,https://www.crunchbase.com/organization/picurio
kaggle_startups,,Picurio,http://www.crunchbase.com/organization/picurio,picurio,https://www.crunchbase.com/organization/picurio
radema,277,Picurio,https://www.crunchbase.com/organization/picurio,picurio,https://www.crunchbase.com/organization/picurio
datahive,290,Picwing,https://www.crunchbase.com/organization/picwing,picwing,https://www.crunchbase.com/organization/picwing
kaggle_startups,,Picwing,http://www.crunchbase.com/organization/picwing,picwing,https://www.crunchbase.com/organization/picwing
radema,290,Picwing,https://www.crunchbase.com/organization/picwing,picwing,https://www.crunchbase.com/organization/picwing
datahive,24882,Pide Directo,https://www.crunchbase.com/organization/pidedirecto,pidedirecto,https://www.crunchbase.com/organization/pidedirecto
radema,24882,Pide Directo,https://www.crunchbase.com/organization/pidedirecto,pidedirecto,https://www.crunchbase.com/organization/pidedirecto
datahive,22007,Jam.gg (formerly Piepacker),https://www.crunchbase.com/organization/piepacker,piepacker,https://www.crunchbase.com/organization/piepacker
radema,22007,Jam.gg (formerly Piepacker),https://www.crunchbase.com/organization/piepacker,piepacker,https://www.crunchbase.com/organization/piepacker
datahive,27695,Pigeon,https://www.crunchbase.com/organization/pigeon-f37c,pigeon-f37c,https://www.crunchbase.com/organization/pigeon-f37c
radema,27695,Pigeon,https://www.crunchbase.com/organization/pigeon-f37c,pigeon-f37c,https://www.crunchbase.com/organization/pigeon-f37c
datahive,26042,Pigeon,https://www.crunchbase.com/organization/pigeon-loans,pigeon-loans,https://www.crunchbase.com/organization/pigeon-loans
radema,26042,Pigeon,https://www.crunchbase.com/organization/pigeon-loans,pigeon-loans,https://www.crunchbase.com/organization/pigeon-loans
datahive,823,Pigeonly,https://www.crunchbase.com/organization/pigeonly,pigeonly,https://www.crunchbase.com/organization/pigeonly
radema,823,Pigeonly,https://www.crunchbase.com/organization/pigeonly,pigeonly,https://www.crunchbase.com/organization/pigeonly
datahive,1652,Piggy,https://www.crunchbase.com/organization/piggy,piggy,https://www.crunchbase.com/organization/piggy
radema,1652,Piggy,https://www.crunchbase.com/organization/piggy,piggy,https://www.crunchbase.com/organization/piggy
datahive,613,PiinPoint,https://www.crunchbase.com/organization/piinpoint,piinpoint,https://www.crunchbase.com/organization/piinpoint
kaggle_startups,,Piinpoint,http://www.crunchbase.com/organization/piinpoint,piinpoint,https://www.crunchbase.com/organization/piinpoint
radema,613,PiinPoint,https://www.crunchbase.com/organization/piinpoint,piinpoint,https://www.crunchbase.com/organization/piinpoint
datahive,24569,Pillar,https://www.crunchbase.com/organization/pillar-7787,pillar-7787,https://www.crunchbase.com/organization/pillar-7787
radema,24569,Pillar,https://www.crunchbase.com/organization/pillar-7787,pillar-7787,https://www.crunchbase.com/organization/pillar-7787
datahive,13348,PillarPlus,https://www.crunchbase.com/organization/pillarplus,pillarplus,https://www.crunchbase.com/organization/pillarplus
radema,13348,PillarPlus,https://www.crunchbase.com/organization/pillarplus,pillarplus,https://www.crunchbase.com/organization/pillarplus
datahive,1517,Plane,https://www.crunchbase.com/organization/pilot-5,pilot-5,https://www.crunchbase.com/organization/pilot-5
radema,1517,Plane,https://www.crunchbase.com/organization/pilot-5,pilot-5,https://www.crunchbase.com/organization/pilot-5
datahive,28966,Pincites,https://www.crunchbase.com/organization/pincites,pincites,https://www.crunchbase.com/organization/pincites
datahive,22750,PingPong,https://www.crunchbase.com/organization/pingpong-c197,pingpong-c197,https://www.crunchbase.com/organization/pingpong-c197
radema,22750,PingPong,https://www.crunchbase.com/organization/pingpong-c197,pingpong-c197,https://www.crunchbase.com/organization/pingpong-c197
datahive,614,PipelineDB,https://www.crunchbase.com/organization/pipelinedb,pipelinedb,https://www.crunchbase.com/organization/pipelinedb
radema,614,PipelineDB,https://www.crunchbase.com/organization/pipelinedb,pipelinedb,https://www.crunchbase.com/organization/pipelinedb
datahive,29950,Pipeshift,https://www.crunchbase.com/organization/pipeshift,pipeshift,https://www.crunchbase.com/organization/pipeshift
datahive,27837,Pirros,https://www.crunchbase.com/organization/pirros,pirros,https://www.crunchbase.com/organization/pirros
radema,27837,Pirros,https://www.crunchbase.com/organization/pirros,pirros,https://www.crunchbase.com/organization/pirros
datahive,1453,Pit.AI,https://www.crunchbase.com/organization/pit-ai-technologies,pit-ai-technologies,https://www.crunchbase.com/organization/pit-ai-technologies
radema,1453,Pit.AI,https://www.crunchbase.com/organization/pit-ai-technologies,pit-ai-technologies,https://www.crunchbase.com/organization/pit-ai-technologies
datahive,387,Pixate,https://www.crunchbase.com/organization/pixate,pixate,https://www.crunchbase.com/organization/pixate
kaggle_startups,,PIxate,http://www.crunchbase.com/organization/pixate,pixate,https://www.crunchbase.com/organization/pixate
radema,387,Pixate,https://www.crunchbase.com/organization/pixate,pixate,https://www.crunchbase.com/organization/pixate
datahive,34,Pixelapse,https://www.crunchbase.com/organization/pixelapse,pixelapse,https://www.crunchbase.com/organization/pixelapse
kaggle_startups,,Pixelapse,http://www.crunchbase.com/organization/pixelapse,pixelapse,https://www.crunchbase.com/organization/pixelapse
radema,34,Pixelapse,https://www.crunchbase.com/organization/pixelapse,pixelapse,https://www.crunchbase.com/organization/pixelapse
datahive,27096,Relate,https://www.crunchbase.com/organization/pixelic,pixelic,https://www.crunchbase.com/organization/pixelic
radema,27096,Relate,https://www.crunchbase.com/organization/pixelic,pixelic,https://www.crunchbase.com/organization/pixelic
datahive,24754,Plai,https://www.crunchbase.com/organization/plai,plai,https://www.crunchbase.com/organization/plai
radema,24754,Plai,https://www.crunchbase.com/organization/plai,plai,https://www.crunchbase.com/organization/plai
datahive,8,PlanGrid,https://www.crunchbase.com/organization/plangrid,plangrid,https://www.crunchbase.com/organization/plangrid
kaggle_startups,,PlanGrid,http://www.crunchbase.com/organization/plangrid,plangrid,https://www.crunchbase.com/organization/plangrid
radema,8,PlanGrid,https://www.crunchbase.com/organization/plangrid,plangrid,https://www.crunchbase.com/organization/plangrid
datahive,1633,Plasticity,https://www.crunchbase.com/organization/plasticity,plasticity,https://www.crunchbase.com/organization/plasticity
radema,1633,Plasticity,https://www.crunchbase.com/organization/plasticity,plasticity,https://www.crunchbase.com/organization/plasticity
datahive,931,Plate IQ,https://www.crunchbase.com/organization/plate-iq,plate-iq,https://www.crunchbase.com/organization/plate-iq
radema,931,Ottimate,https://www.crunchbase.com/organization/plate-iq,plate-iq,https://www.crunchbase.com/organization/plate-iq
datahive,959,PlateJoy,https://www.crunchbase.com/organization/platejoy,platejoy,https://www.crunchbase.com/organization/platejoy
radema,959,PlateJoy,https://www.crunchbase.com/organization/platejoy,platejoy,https://www.crunchbase.com/organization/platejoy
datahive,2034,Aesthetic,https://www.crunchbase.com/organization/plato-design,plato-design,https://www.crunchbase.com/organization/plato-design
radema,2034,Aesthetic,https://www.crunchbase.com/organization/plato-design,plato-design,https://www.crunchbase.com/organization/plato-design
datahive,774,Platzi,https://www.crunchbase.com/organization/platzi,platzi,https://www.crunchbase.com/organization/platzi
radema,774,Platzi,https://www.crunchbase.com/organization/platzi,platzi,https://www.crunchbase.com/organization/platzi
datahive,1815,Players' Lounge,https://www.crunchbase.com/organization/players-lounge,players-lounge,https://www.crunchbase.com/organization/players-lounge
radema,1815,Players' Lounge,https://www.crunchbase.com/organization/players-lounge,players-lounge,https://www.crunchbase.com/organization/players-lounge
datahive,1539,Playment,https://www.crunchbase.com/organization/playment,playment,https://www.crunchbase.com/organization/playment
radema,1539,Playment,https://www.crunchbase.com/organization/playment,playment,https://www.crunchbase.com/organization/playment
datahive,21996,Plerk,https://www.crunchbase.com/organization/plerk,plerk,https://www.crunchbase.com/organization/plerk
radema,21996,Plerk,https://www.crunchbase.com/organization/plerk,plerk,https://www.crunchbase.com/organization/plerk
datahive,1794,Plexus,https://www.crunchbase.com/organization/plexus-e98c,plexus-e98c,https://www.crunchbase.com/organization/plexus-e98c
radema,1794,Plexus,https://www.crunchbase.com/organization/plexus-e98c,plexus-e98c,https://www.crunchbase.com/organization/plexus-e98c
radema,1389,Plickers,https://www.crunchbase.com/organization/plickers,plickers,https://www.crunchbase.com/organization/plickers
datahive,464,Plivo,https://www.crunchbase.com/organization/plivo,plivo,https://www.crunchbase.com/organization/plivo
kaggle_startups,,Plivo,http://www.crunchbase.com/organization/plivo,plivo,https://www.crunchbase.com/organization/plivo
radema,464,Plivo,https://www.crunchbase.com/organization/plivo,plivo,https://www.crunchbase.com/organization/plivo
datahive,25975,Ploomber,https://www.crunchbase.com/organization/ploomber,ploomber,https://www.crunchbase.com/organization/ploomber
radema,25975,Ploomber,https://www.crunchbase.com/organization/ploomber,ploomber,https://www.crunchbase.com/organization/ploomber
datahive,24253,Pluggy,https://www.crunchbase.com/organization/pluggy,pluggy,https://www.crunchbase.com/organization/pluggy
radema,24253,Pluggy,https://www.crunchbase.com/organization/pluggy,pluggy,https://www.crunchbase.com/organization/pluggy
datahive,996,Daily,https://www.crunchbase.com/organization/pluot,pluot,https://www.crunchbase.com/organization/pluot
radema,996,Daily,https://www.crunchbase.com/organization/pluot,pluot,https://www.crunchbase.com/organization/pluot
datahive,26900,Pluralith,https://www.crunchbase.com/organization/pluralith,pluralith,https://www.crunchbase.com/organization/pluralith
radema,26900,Pluralith,https://www.crunchbase.com/organization/pluralith,pluralith,https://www.crunchbase.com/organization/pluralith
datahive,254,Plurchase,https://www.crunchbase.com/organization/plurchase,plurchase,https://www.crunchbase.com/organization/plurchase
kaggle_startups,,Plurchase,http://www.crunchbase.com/organization/plurchase,plurchase,https://www.crunchbase.com/organization/plurchase
radema,254,Plurchase,https://www.crunchbase.com/organization/plurchase,plurchase,https://www.crunchbase.com/organization/plurchase
datahive,24130,VitalStrata,https://www.crunchbase.com/organization/plusidentity,plusidentity,https://www.crunchbase.com/organization/plusidentity
radema,24130,Vansec,https://www.crunchbase.com/organization/plusidentity,plusidentity,https://www.crunchbase.com/organization/plusidentity
datahive,12067,PNOĒ,https://www.crunchbase.com/organization/pnoe,pnoe,https://www.crunchbase.com/organization/pnoe
radema,12067,PNOĒ,https://www.crunchbase.com/organization/pnoe,pnoe,https://www.crunchbase.com/organization/pnoe
kaggle_startups,,PocketFunGames,http://www.crunchbase.com/organization/pocketfungames,pocketfungames,https://www.crunchbase.com/organization/pocketfungames
datahive,1018,PocketSuite,https://www.crunchbase.com/organization/pocketsuite,pocketsuite,https://www.crunchbase.com/organization/pocketsuite
radema,1018,PocketSuite,https://www.crunchbase.com/organization/pocketsuite,pocketsuite,https://www.crunchbase.com/organization/pocketsuite
datahive,1042,Podium,https://www.crunchbase.com/organization/podium-2,podium-2,https://www.crunchbase.com/organization/podium-2
radema,1042,Podium,https://www.crunchbase.com/organization/podium-2,podium-2,https://www.crunchbase.com/organization/podium-2
datahive,1857,Point API,https://www.crunchbase.com/organization/pointapi,pointapi,https://www.crunchbase.com/organization/pointapi
radema,1857,Point API,https://www.crunchbase.com/organization/pointapi,pointapi,https://www.crunchbase.com/organization/pointapi
datahive,28807,Pointhound,https://www.crunchbase.com/organization/pointhound,pointhound,https://www.crunchbase.com/organization/pointhound
datahive,25309,PolicyFly,https://www.crunchbase.com/organization/policyfly,policyfly,https://www.crunchbase.com/organization/policyfly
radema,25309,PolicyFly,https://www.crunchbase.com/organization/policyfly,policyfly,https://www.crunchbase.com/organization/policyfly
datahive,23414,Poliglota,https://www.crunchbase.com/organization/poliglota,poliglota,https://www.crunchbase.com/organization/poliglota
radema,23414,Poliglota,https://www.crunchbase.com/organization/poliglota,poliglota,https://www.crunchbase.com/organization/poliglota
datahive,282,Poll Everywhere,https://www.crunchbase.com/organization/poll-everywhere,poll-everywhere,https://www.crunchbase.com/organization/poll-everywhere
radema,282,Poll Everywhere,https://www.crunchbase.com/organization/poll-everywhere,poll-everywhere,https://www.crunchbase.com/organization/poll-everywhere
kaggle_startups,,PollEverywhere,http://www.crunchbase.com/organization/polleverywhere,polleverywhere,https://www.crunchbase.com/organization/polleverywhere
kaggle_startups,,PollGround,http://www.crunchbase.com/organization/pollground,pollground,https://www.crunchbase.com/organization/pollground
datahive,1685,Polly,https://www.crunchbase.com/organization/polly-app,polly-app,https://www.crunchbase.com/organization/polly-app
radema,1685,Polly,https://www.crunchbase.com/organization/polly-app,polly-app,https://www.crunchbase.com/organization/polly-app
datahive,27846,Polo,https://www.crunchbase.com/organization/polopay,polopay,https://www.crunchbase.com/organization/polopay
radema,27846,Polo,https://www.crunchbase.com/organization/polopay,polopay,https://www.crunchbase.com/organization/polopay
datahive,26480,Poly,https://www.crunchbase.com/organization/poly-47fb,poly-47fb,https://www.crunchbase.com/organization/poly-47fb
radema,26480,Poly,https://www.crunchbase.com/organization/poly-47fb,poly-47fb,https://www.crunchbase.com/organization/poly-47fb
datahive,1289,Polymail,https://www.crunchbase.com/organization/polymail,polymail,https://www.crunchbase.com/organization/polymail
radema,1289,Polymail,https://www.crunchbase.com/organization/polymail,polymail,https://www.crunchbase.com/organization/polymail
datahive,27361,Polymath Robotics,https://www.crunchbase.com/organization/polymath-robotics,polymath-robotics,https://www.crunchbase.com/organization/polymath-robotics
radema,27361,Polymath Robotics,https://www.crunchbase.com/organization/polymath-robotics,polymath-robotics,https://www.crunchbase.com/organization/polymath-robotics
datahive,13088,Polytomic,https://www.crunchbase.com/organization/polytomic,polytomic,https://www.crunchbase.com/organization/polytomic
radema,13088,Polytomic,https://www.crunchbase.com/organization/polytomic,polytomic,https://www.crunchbase.com/organization/polytomic
datahive,744,Pomello,https://www.crunchbase.com/organization/pomello,pomello,https://www.crunchbase.com/organization/pomello
radema,744,Pomello,https://www.crunchbase.com/organization/pomello,pomello,https://www.crunchbase.com/organization/pomello
datahive,298,Popcuts,https://www.crunchbase.com/organization/popcuts,popcuts,https://www.crunchbase.com/organization/popcuts
kaggle_startups,,PopCuts,http://www.crunchbase.com/organization/popcuts,popcuts,https://www.crunchbase.com/organization/popcuts
radema,298,Popcuts,https://www.crunchbase.com/organization/popcuts,popcuts,https://www.crunchbase.com/organization/popcuts
datahive,22878,Popl,https://www.crunchbase.com/organization/popl,popl,https://www.crunchbase.com/organization/popl
radema,22878,Popl,https://www.crunchbase.com/organization/popl,popl,https://www.crunchbase.com/organization/popl
datahive,1045,Poppy,https://www.crunchbase.com/organization/poppy-3,poppy-3,https://www.crunchbase.com/organization/poppy-3
radema,1045,Poppy,https://www.crunchbase.com/organization/poppy-3,poppy-3,https://www.crunchbase.com/organization/poppy-3
datahive,12509,PopSQL,https://www.crunchbase.com/organization/popsql,popsql,https://www.crunchbase.com/organization/popsql
radema,12509,PopSQL,https://www.crunchbase.com/organization/popsql,popsql,https://www.crunchbase.com/organization/popsql
datahive,26796,Popsy,https://www.crunchbase.com/organization/popsy-8fef,popsy-8fef,https://www.crunchbase.com/organization/popsy-8fef
radema,26796,Popsy,https://www.crunchbase.com/organization/popsy-8fef,popsy-8fef,https://www.crunchbase.com/organization/popsy-8fef
datahive,824,Popular Pays,https://www.crunchbase.com/organization/popular-pays,popular-pays,https://www.crunchbase.com/organization/popular-pays
radema,824,Popular Pays,https://www.crunchbase.com/organization/popular-pays,popular-pays,https://www.crunchbase.com/organization/popular-pays
datahive,24477,Portão 3,https://www.crunchbase.com/organization/port%C3%A3o-3,portão-3,https://www.crunchbase.com/organization/port%C3%A3o-3
radema,24477,Portão 3,https://www.crunchbase.com/organization/port%C3%A3o-3,portão-3,https://www.crunchbase.com/organization/port%C3%A3o-3
datahive,11971,Portal Entryways,https://www.crunchbase.com/organization/portal-entryways,portal-entryways,https://www.crunchbase.com/organization/portal-entryways
radema,11971,Portal Entryways,https://www.crunchbase.com/organization/portal-entryways,portal-entryways,https://www.crunchbase.com/organization/portal-entryways
radema,25677,Posh,https://www.crunchbase.com/organization/posh-2ec7,posh-2ec7,https://www.crunchbase.com/organization/posh-2ec7
datahive,11934,Positive,https://www.crunchbase.com/organization/positive-foods,positive-foods,https://www.crunchbase.com/organization/positive-foods
radema,11934,Positive,https://www.crunchbase.com/organization/positive-foods,positive-foods,https://www.crunchbase.com/organization/positive-foods
datahive,514,Posmetrics,https://www.crunchbase.com/organization/posmetrics,posmetrics,https://www.crunchbase.com/organization/posmetrics
kaggle_startups,,Posmetrics,http://www.crunchbase.com/organization/posmetrics,posmetrics,https://www.crunchbase.com/organization/posmetrics
radema,514,Posmetrics,https://www.crunchbase.com/organization/posmetrics,posmetrics,https://www.crunchbase.com/organization/posmetrics
datahive,281,Posterous,https://www.crunchbase.com/organization/posterous,posterous,https://www.crunchbase.com/organization/posterous
kaggle_startups,,Posterous,http://www.crunchbase.com/organization/posterous,posterous,https://www.crunchbase.com/organization/posterous
radema,281,Posterous,https://www.crunchbase.com/organization/posterous,posterous,https://www.crunchbase.com/organization/posterous
datahive,13312,PostHog,https://www.crunchbase.com/organization/posthog,posthog,https://www.crunchbase.com/organization/posthog
radema,13312,PostHog,https://www.crunchbase.com/organization/posthog,posthog,https://www.crunchbase.com/organization/posthog
datahive,11969,Postscript,https://www.crunchbase.com/organization/postscript,postscript,https://www.crunchbase.com/organization/postscript
radema,11969,Postscript,https://www.crunchbase.com/organization/postscript,postscript,https://www.crunchbase.com/organization/postscript
datahive,615,Povio,https://www.crunchbase.com/organization/povio,povio,https://www.crunchbase.com/organization/povio
kaggle_startups,,Povio,http://www.crunchbase.com/organization/povio,povio,https://www.crunchbase.com/organization/povio
radema,615,Povio,https://www.crunchbase.com/organization/povio,povio,https://www.crunchbase.com/organization/povio
datahive,26053,Powerhouse AI,https://www.crunchbase.com/organization/powerhouse-ai,powerhouse-ai,https://www.crunchbase.com/organization/powerhouse-ai
radema,26053,Powerhouse AI,https://www.crunchbase.com/organization/powerhouse-ai,powerhouse-ai,https://www.crunchbase.com/organization/powerhouse-ai
datahive,29247,Precip,https://www.crunchbase.com/organization/precip,precip,https://www.crunchbase.com/organization/precip
kaggle_startups,,Precognate,http://www.crunchbase.com/organization/precognate,precognate,https://www.crunchbase.com/organization/precognate
datahive,12832,PredictLeads,https://www.crunchbase.com/organization/predictleads,predictleads,https://www.crunchbase.com/organization/predictleads
radema,12832,PredictLeads,https://www.crunchbase.com/organization/predictleads,predictleads,https://www.crunchbase.com/organization/predictleads
datahive,1655,PreDxion Bio,https://www.crunchbase.com/organization/predxion-bio,predxion-bio,https://www.crunchbase.com/organization/predxion-bio
radema,1655,PreDxion Bio,https://www.crunchbase.com/organization/predxion-bio,predxion-bio,https://www.crunchbase.com/organization/predxion-bio
datahive,11965,Preflight,https://www.crunchbase.com/organization/preflight,preflight,https://www.crunchbase.com/organization/preflight
radema,11965,Preflight,https://www.crunchbase.com/organization/preflight,preflight,https://www.crunchbase.com/organization/preflight
datahive,13570,Prelay,https://www.crunchbase.com/organization/prelay,prelay,https://www.crunchbase.com/organization/prelay
radema,13570,Prelay,https://www.crunchbase.com/organization/prelay,prelay,https://www.crunchbase.com/organization/prelay
datahive,29375,Preloop,https://www.crunchbase.com/organization/preloop,preloop,https://www.crunchbase.com/organization/preloop
radema,29375,Preloop,https://www.crunchbase.com/organization/preloop,preloop,https://www.crunchbase.com/organization/preloop
datahive,177,Presto,https://www.crunchbase.com/organization/presto,presto,https://www.crunchbase.com/organization/presto
radema,177,Presto,https://www.crunchbase.com/organization/presto,presto,https://www.crunchbase.com/organization/presto
datahive,825,Pretty Instant,https://www.crunchbase.com/organization/pretty-instant,pretty-instant,https://www.crunchbase.com/organization/pretty-instant
radema,825,Pretty Instant,https://www.crunchbase.com/organization/pretty-instant,pretty-instant,https://www.crunchbase.com/organization/pretty-instant
datahive,696,In Your Corner,https://www.crunchbase.com/organization/pretty-padded-room,pretty-padded-room,https://www.crunchbase.com/organization/pretty-padded-room
radema,696,In Your Corner,https://www.crunchbase.com/organization/pretty-padded-room,pretty-padded-room,https://www.crunchbase.com/organization/pretty-padded-room
datahive,59,Priceonomics,https://www.crunchbase.com/organization/priceonomics,priceonomics,https://www.crunchbase.com/organization/priceonomics
kaggle_startups,,Priceonomics,http://www.crunchbase.com/organization/priceonomics,priceonomics,https://www.crunchbase.com/organization/priceonomics
radema,59,Priceonomics,https://www.crunchbase.com/organization/priceonomics,priceonomics,https://www.crunchbase.com/organization/priceonomics
datahive,826,Priime,https://www.crunchbase.com/organization/priime,priime,https://www.crunchbase.com/organization/priime
radema,826,Priime,https://www.crunchbase.com/organization/priime,priime,https://www.crunchbase.com/organization/priime
kaggle_startups,,Prim,http://www.crunchbase.com/organization/prim,prim,https://www.crunchbase.com/organization/prim
datahive,1181,Prime Lightworks,https://www.crunchbase.com/organization/prime-lightworks,prime-lightworks,https://www.crunchbase.com/organization/prime-lightworks
radema,1181,Prime Lightworks,https://www.crunchbase.com/organization/prime-lightworks,prime-lightworks,https://www.crunchbase.com/organization/prime-lightworks
datahive,1589,Prism Labs,https://www.crunchbase.com/organization/prism-io,prism-io,https://www.crunchbase.com/organization/prism-io
radema,1589,Prism Labs,https://www.crunchbase.com/organization/prism-io,prism-io,https://www.crunchbase.com/organization/prism-io
kaggle_startups,,Prizeo,http://www.crunchbase.com/organization/prizeo,prizeo,https://www.crunchbase.com/organization/prizeo
datahive,22867,Procoto,https://www.crunchbase.com/organization/procoto,procoto,https://www.crunchbase.com/organization/procoto
radema,22867,Procoto,https://www.crunchbase.com/organization/procoto,procoto,https://www.crunchbase.com/organization/procoto
datahive,1988,Prodigal,https://www.crunchbase.com/organization/prodigal-3824,prodigal-3824,https://www.crunchbase.com/organization/prodigal-3824
radema,1988,Prodigal,https://www.crunchbase.com/organization/prodigal-3824,prodigal-3824,https://www.crunchbase.com/organization/prodigal-3824
datahive,697,Product Hunt,https://www.crunchbase.com/organization/product-hunt,product-hunt,https://www.crunchbase.com/organization/product-hunt
kaggle_startups,,ProductHunt,http://www.crunchbase.com/organization/product-hunt,product-hunt,https://www.crunchbase.com/organization/product-hunt
radema,697,Product Hunt,https://www.crunchbase.com/organization/product-hunt,product-hunt,https://www.crunchbase.com/organization/product-hunt
datahive,435,Profig,https://www.crunchbase.com/organization/profig,profig,https://www.crunchbase.com/organization/profig
kaggle_startups,,Profig,http://www.crunchbase.com/organization/profig,profig,https://www.crunchbase.com/organization/profig
radema,435,Profig,https://www.crunchbase.com/organization/profig,profig,https://www.crunchbase.com/organization/profig
datahive,29607,ProhostAI,https://www.crunchbase.com/organization/prohostai,prohostai,https://www.crunchbase.com/organization/prohostai
datahive,369,Project Wedding,https://www.crunchbase.com/organization/project-wedding,project-wedding,https://www.crunchbase.com/organization/project-wedding
kaggle_startups,,YouOS,http://www.crunchbase.com/organization/project-wedding,project-wedding,https://www.crunchbase.com/organization/project-wedding
radema,369,Project Wedding,https://www.crunchbase.com/organization/project-wedding,project-wedding,https://www.crunchbase.com/organization/project-wedding
datahive,12287,Prometheus,https://www.crunchbase.com/organization/prometheus-2373,prometheus-2373,https://www.crunchbase.com/organization/prometheus-2373
radema,12287,Prometheus,https://www.crunchbase.com/organization/prometheus-2373,prometheus-2373,https://www.crunchbase.com/organization/prometheus-2373
datahive,1769,Promise,https://www.crunchbase.com/organization/promise,promise,https://www.crunchbase.com/organization/promise
radema,1769,Promise,https://www.crunchbase.com/organization/promise,promise,https://www.crunchbase.com/organization/promise
datahive,22827,Promoted.ai,https://www.crunchbase.com/organization/promoted-ai,promoted-ai,https://www.crunchbase.com/organization/promoted-ai
radema,22827,Promoted.ai,https://www.crunchbase.com/organization/promoted-ai,promoted-ai,https://www.crunchbase.com/organization/promoted-ai
datahive,12261,Pronto,https://www.crunchbase.com/organization/pronto-app,pronto-app,https://www.crunchbase.com/organization/pronto-app
radema,12261,Pronto,https://www.crunchbase.com/organization/pronto-app,pronto-app,https://www.crunchbase.com/organization/pronto-app
kaggle_startups,,Propable,http://www.crunchbase.com/organization/propable,propable,https://www.crunchbase.com/organization/propable
datahive,25344,Proper,https://www.crunchbase.com/organization/proper-ae41,proper-ae41,https://www.crunchbase.com/organization/proper-ae41
radema,25344,Proper,https://www.crunchbase.com/organization/proper-ae41,proper-ae41,https://www.crunchbase.com/organization/proper-ae41
datahive,515,Prophecy Sciences,https://www.crunchbase.com/organization/prophecy-sciences,prophecy-sciences,https://www.crunchbase.com/organization/prophecy-sciences
radema,515,Prophecy Sciences,https://www.crunchbase.com/organization/prophecy-sciences,prophecy-sciences,https://www.crunchbase.com/organization/prophecy-sciences
datahive,22991,Topline Pro,https://www.crunchbase.com/organization/prophone,prophone,https://www.crunchbase.com/organization/prophone
radema,22991,Topline Pro,https://www.crunchbase.com/organization/prophone,prophone,https://www.crunchbase.com/organization/prophone
datahive,24046,PropReturns,https://www.crunchbase.com/organization/propreturns,propreturns,https://www.crunchbase.com/organization/propreturns
radema,24046,PropReturns,https://www.crunchbase.com/organization/propreturns,propreturns,https://www.crunchbase.com/organization/propreturns
datahive,29398,ProSights,https://www.crunchbase.com/organization/prosights,prosights,https://www.crunchbase.com/organization/prosights
radema,29398,ProSights,https://www.crunchbase.com/organization/prosights,prosights,https://www.crunchbase.com/organization/prosights
datahive,28821,Prosper,https://www.crunchbase.com/organization/prosper-ai-70ea,prosper-ai-70ea,https://www.crunchbase.com/organization/prosper-ai-70ea
datahive,681,Protocol Labs,https://www.crunchbase.com/organization/protocol-labs,protocol-labs,https://www.crunchbase.com/organization/protocol-labs
radema,681,Protocol Labs,https://www.crunchbase.com/organization/protocol-labs,protocol-labs,https://www.crunchbase.com/organization/protocol-labs
datahive,1082,Protonet,https://www.crunchbase.com/organization/protonet,protonet,https://www.crunchbase.com/organization/protonet
radema,1082,Protonet,https://www.crunchbase.com/organization/protonet,protonet,https://www.crunchbase.com/organization/protonet
datahive,1723,Proven Group,https://www.crunchbase.com/organization/proven-2932,proven-2932,https://www.crunchbase.com/organization/proven-2932
radema,1723,Proven Group,https://www.crunchbase.com/organization/proven-2932,proven-2932,https://www.crunchbase.com/organization/proven-2932
datahive,26863,Provision,https://www.crunchbase.com/organization/provision-1d32,provision-1d32,https://www.crunchbase.com/organization/provision-1d32
radema,26863,Provision,https://www.crunchbase.com/organization/provision-1d32,provision-1d32,https://www.crunchbase.com/organization/provision-1d32
datahive,81,Proxino,https://www.crunchbase.com/organization/proxino,proxino,https://www.crunchbase.com/organization/proxino
kaggle_startups,,Proxino,http://www.crunchbase.com/organization/proxino,proxino,https://www.crunchbase.com/organization/proxino
radema,81,Proxino,https://www.crunchbase.com/organization/proxino,proxino,https://www.crunchbase.com/organization/proxino
datahive,12095,Upsolve,https://www.crunchbase.com/organization/prudence-lasb,prudence-lasb,https://www.crunchbase.com/organization/prudence-lasb
radema,12095,Upsolve,https://www.crunchbase.com/organization/prudence-lasb,prudence-lasb,https://www.crunchbase.com/organization/prudence-lasb
datahive,195,Upbeat,https://www.crunchbase.com/organization/prx-co,prx-co,https://www.crunchbase.com/organization/prx-co
radema,195,Upbeat,https://www.crunchbase.com/organization/prx-co,prx-co,https://www.crunchbase.com/organization/prx-co
datahive,1814,Psylaris,https://www.crunchbase.com/organization/psylaris,psylaris,https://www.crunchbase.com/organization/psylaris
radema,1814,Psylaris,https://www.crunchbase.com/organization/psylaris,psylaris,https://www.crunchbase.com/organization/psylaris
datahive,1019,Pulpix,https://www.crunchbase.com/organization/pulpix,pulpix,https://www.crunchbase.com/organization/pulpix
radema,1019,Pulpix,https://www.crunchbase.com/organization/pulpix,pulpix,https://www.crunchbase.com/organization/pulpix
datahive,26862,Pulppo,https://www.crunchbase.com/organization/pulppo,pulppo,https://www.crunchbase.com/organization/pulppo
radema,26862,Pulppo,https://www.crunchbase.com/organization/pulppo,pulppo,https://www.crunchbase.com/organization/pulppo
datahive,1465,Pulse,https://www.crunchbase.com/organization/pulse-9b06,pulse-9b06,https://www.crunchbase.com/organization/pulse-9b06
radema,1465,Pulse,https://www.crunchbase.com/organization/pulse-9b06,pulse-9b06,https://www.crunchbase.com/organization/pulse-9b06
datahive,12259,Pulse Active Stations Network,https://www.crunchbase.com/organization/pulse-active-stations-network,pulse-active-stations-network,https://www.crunchbase.com/organization/pulse-active-stations-network
radema,12259,Pulse Active Stations Network,https://www.crunchbase.com/organization/pulse-active-stations-network,pulse-active-stations-network,https://www.crunchbase.com/organization/pulse-active-stations-network
datahive,29699,Pulse,https://www.crunchbase.com/organization/pulse-ai-ea00,pulse-ai-ea00,https://www.crunchbase.com/organization/pulse-ai-ea00
datahive,1741,Pulse,https://www.crunchbase.com/organization/pulse-q-a,pulse-q-a,https://www.crunchbase.com/organization/pulse-q-a
radema,1741,Pulse,https://www.crunchbase.com/organization/pulse-q-a,pulse-q-a,https://www.crunchbase.com/organization/pulse-q-a
datahive,27178,Pump.co,https://www.crunchbase.com/organization/pump-b398,pump-b398,https://www.crunchbase.com/organization/pump-b398
radema,27178,Pump.co,https://www.crunchbase.com/organization/pump-b398,pump-b398,https://www.crunchbase.com/organization/pump-b398
datahive,616,Pushbullet,https://www.crunchbase.com/organization/pushbullet,pushbullet,https://www.crunchbase.com/organization/pushbullet
kaggle_startups,,Pushbullet,http://www.crunchbase.com/organization/pushbullet,pushbullet,https://www.crunchbase.com/organization/pushbullet
radema,616,Pushbullet,https://www.crunchbase.com/organization/pushbullet,pushbullet,https://www.crunchbase.com/organization/pushbullet
datahive,12575,Zeal,https://www.crunchbase.com/organization/puzzl,puzzl,https://www.crunchbase.com/organization/puzzl
radema,12575,Zeal,https://www.crunchbase.com/organization/puzzl,puzzl,https://www.crunchbase.com/organization/puzzl
datahive,1582,Py,https://www.crunchbase.com/organization/py,py,https://www.crunchbase.com/organization/py
radema,1582,Py,https://www.crunchbase.com/organization/py,py,https://www.crunchbase.com/organization/py
datahive,1645,Pyka,https://www.crunchbase.com/organization/pyka,pyka,https://www.crunchbase.com/organization/pyka
radema,1645,Pyka,https://www.crunchbase.com/organization/pyka,pyka,https://www.crunchbase.com/organization/pyka
datahive,28069,Pylon,https://www.crunchbase.com/organization/pylon-f27d,pylon-f27d,https://www.crunchbase.com/organization/pylon-f27d
radema,28069,Pylon,https://www.crunchbase.com/organization/pylon-f27d,pylon-f27d,https://www.crunchbase.com/organization/pylon-f27d
datahive,24606,Pylon,https://www.crunchbase.com/organization/pylon-f2e7,pylon-f2e7,https://www.crunchbase.com/organization/pylon-f2e7
radema,24606,Pylon,https://www.crunchbase.com/organization/pylon-f2e7,pylon-f2e7,https://www.crunchbase.com/organization/pylon-f2e7
datahive,29362,Pythagora,https://www.crunchbase.com/organization/pythagora,pythagora,https://www.crunchbase.com/organization/pythagora
radema,29362,Pythagora (GPT Pilot),https://www.crunchbase.com/organization/pythagora,pythagora,https://www.crunchbase.com/organization/pythagora
datahive,12063,Pyxai,https://www.crunchbase.com/organization/pyxai,pyxai,https://www.crunchbase.com/organization/pyxai
radema,12063,Pyxai,https://www.crunchbase.com/organization/pyxai,pyxai,https://www.crunchbase.com/organization/pyxai
datahive,30367,QFEX,https://www.crunchbase.com/organization/qfex,qfex,https://www.crunchbase.com/organization/qfex
radema,28958,Quack AI,https://www.crunchbase.com/organization/quack-ai,quack-ai,https://www.crunchbase.com/organization/quack-ai
datahive,92,Quad,https://www.crunchbase.com/organization/quad,quad,https://www.crunchbase.com/organization/quad
radema,92,Quad,https://www.crunchbase.com/organization/quad,quad,https://www.crunchbase.com/organization/quad
datahive,22661,Quadrant Eye,https://www.crunchbase.com/organization/quadrant-eye,quadrant-eye,https://www.crunchbase.com/organization/quadrant-eye
radema,22661,Quadrant Eye,https://www.crunchbase.com/organization/quadrant-eye,quadrant-eye,https://www.crunchbase.com/organization/quadrant-eye
datahive,25929,Quan,https://www.crunchbase.com/organization/quan,quan,https://www.crunchbase.com/organization/quan
radema,25929,Quan,https://www.crunchbase.com/organization/quan,quan,https://www.crunchbase.com/organization/quan
datahive,807,Quantierra,https://www.crunchbase.com/organization/quantierra,quantierra,https://www.crunchbase.com/organization/quantierra
radema,807,Quantierra,https://www.crunchbase.com/organization/quantierra,quantierra,https://www.crunchbase.com/organization/quantierra
datahive,1727,Quantstamp,https://www.crunchbase.com/organization/quantstamp-technologies,quantstamp-technologies,https://www.crunchbase.com/organization/quantstamp-technologies
radema,1727,Quantstamp,https://www.crunchbase.com/organization/quantstamp-technologies,quantstamp-technologies,https://www.crunchbase.com/organization/quantstamp-technologies
datahive,85,Quartzy,https://www.crunchbase.com/organization/quartzy,quartzy,https://www.crunchbase.com/organization/quartzy
kaggle_startups,,Quartzy,http://www.crunchbase.com/organization/quartzy,quartzy,https://www.crunchbase.com/organization/quartzy
radema,85,Quartzy,https://www.crunchbase.com/organization/quartzy,quartzy,https://www.crunchbase.com/organization/quartzy
datahive,29260,Quary,https://www.crunchbase.com/organization/quary,quary,https://www.crunchbase.com/organization/quary
radema,29260,Quary,https://www.crunchbase.com/organization/quary,quary,https://www.crunchbase.com/organization/quary
datahive,28008,Univerbal,https://www.crunchbase.com/organization/quazel,quazel,https://www.crunchbase.com/organization/quazel
radema,28008,Univerbal (formerly Quazel),https://www.crunchbase.com/organization/quazel,quazel,https://www.crunchbase.com/organization/quazel
datahive,22701,Queenly,https://www.crunchbase.com/organization/queenly,queenly,https://www.crunchbase.com/organization/queenly
radema,22701,Queenly,https://www.crunchbase.com/organization/queenly,queenly,https://www.crunchbase.com/organization/queenly
datahive,22301,Quell,https://www.crunchbase.com/organization/quell-1ffb,quell-1ffb,https://www.crunchbase.com/organization/quell-1ffb
radema,22301,Quell,https://www.crunchbase.com/organization/quell-1ffb,quell-1ffb,https://www.crunchbase.com/organization/quell-1ffb
datahive,1339,Quero Education,https://www.crunchbase.com/organization/quero-education,quero-education,https://www.crunchbase.com/organization/quero-education
radema,1339,Quero Education,https://www.crunchbase.com/organization/quero-education,quero-education,https://www.crunchbase.com/organization/quero-education
datahive,13231,QueryPie,https://www.crunchbase.com/organization/querypie,querypie,https://www.crunchbase.com/organization/querypie
radema,13231,QueryPie,https://www.crunchbase.com/organization/querypie,querypie,https://www.crunchbase.com/organization/querypie
datahive,21795,QuestDB,https://www.crunchbase.com/organization/quest-db,quest-db,https://www.crunchbase.com/organization/quest-db
radema,21795,QuestDB,https://www.crunchbase.com/organization/quest-db,quest-db,https://www.crunchbase.com/organization/quest-db
radema,23105,"Reclaim Protocol, Questbook",https://www.crunchbase.com/organization/questbook,questbook,https://www.crunchbase.com/organization/questbook
datahive,21814,Queue,https://www.crunchbase.com/organization/queue-gg,queue-gg,https://www.crunchbase.com/organization/queue-gg
radema,21814,Queue,https://www.crunchbase.com/organization/queue-gg,queue-gg,https://www.crunchbase.com/organization/queue-gg
datahive,1058,Caper,https://www.crunchbase.com/organization/queuehop,queuehop,https://www.crunchbase.com/organization/queuehop
radema,1058,Caper,https://www.crunchbase.com/organization/queuehop,queuehop,https://www.crunchbase.com/organization/queuehop
kaggle_startups,,QuicklyChat,http://www.crunchbase.com/organization/quicklychat,quicklychat,https://www.crunchbase.com/organization/quicklychat
datahive,1563,ScopeAI,https://www.crunchbase.com/organization/quiki,quiki,https://www.crunchbase.com/organization/quiki
radema,1563,ScopeAI,https://www.crunchbase.com/organization/quiki,quiki,https://www.crunchbase.com/organization/quiki
datahive,22995,QuickNode,https://www.crunchbase.com/organization/quiknode,quiknode,https://www.crunchbase.com/organization/quiknode
radema,22995,QuickNode,https://www.crunchbase.com/organization/quiknode,quiknode,https://www.crunchbase.com/organization/quiknode
datahive,1068,Quilt Data,https://www.crunchbase.com/organization/quilt-data,quilt-data,https://www.crunchbase.com/organization/quilt-data
radema,1068,Quilt Data,https://www.crunchbase.com/organization/quilt-data,quilt-data,https://www.crunchbase.com/organization/quilt-data
datahive,1829,Pelago,https://www.crunchbase.com/organization/quit-genius-87bd,quit-genius-87bd,https://www.crunchbase.com/organization/quit-genius-87bd
radema,1829,Pelago,https://www.crunchbase.com/organization/quit-genius-87bd,quit-genius-87bd,https://www.crunchbase.com/organization/quit-genius-87bd
datahive,1870,Qulture.Rocks,https://www.crunchbase.com/organization/qulture-rocks,qulture-rocks,https://www.crunchbase.com/organization/qulture-rocks
radema,1870,Qulture.Rocks,https://www.crunchbase.com/organization/qulture-rocks,qulture-rocks,https://www.crunchbase.com/organization/qulture-rocks
radema,12062,qwest.,https://www.crunchbase.com/organization/qwst,qwst,https://www.crunchbase.com/organization/qwst
datahive,1932,Radix Labs,https://www.crunchbase.com/organization/radixlabs,radixlabs,https://www.crunchbase.com/organization/radixlabs
radema,1932,Radix Labs,https://www.crunchbase.com/organization/radixlabs,radixlabs,https://www.crunchbase.com/organization/radixlabs
datahive,1963,Rain Neuromorphics,https://www.crunchbase.com/organization/rain-neuromorphics,rain-neuromorphics,https://www.crunchbase.com/organization/rain-neuromorphics
radema,1963,Rain Neuromorphics,https://www.crunchbase.com/organization/rain-neuromorphics,rain-neuromorphics,https://www.crunchbase.com/organization/rain-neuromorphics
datahive,395,Rainforest,https://www.crunchbase.com/organization/rainforest,rainforest,https://www.crunchbase.com/organization/rainforest
kaggle_startups,,Rainforest QA,http://www.crunchbase.com/organization/rainforest,rainforest,https://www.crunchbase.com/organization/rainforest
radema,395,Rainforest,https://www.crunchbase.com/organization/rainforest,rainforest,https://www.crunchbase.com/organization/rainforest
datahive,25984,Rally UXR,https://www.crunchbase.com/organization/rally-a1f8,rally-a1f8,https://www.crunchbase.com/organization/rally-a1f8
radema,25984,Rally UXR,https://www.crunchbase.com/organization/rally-a1f8,rally-a1f8,https://www.crunchbase.com/organization/rally-a1f8
datahive,12768,Ramen VR,https://www.crunchbase.com/organization/ramen-vr,ramen-vr,https://www.crunchbase.com/organization/ramen-vr
datahive,1484,RankScience,https://www.crunchbase.com/organization/rank-science-2,rank-science-2,https://www.crunchbase.com/organization/rank-science-2
radema,1484,RankScience,https://www.crunchbase.com/organization/rank-science-2,rank-science-2,https://www.crunchbase.com/organization/rank-science-2
kaggle_startups,,RapGenius,http://www.crunchbase.com/organization/rap-genius,rap-genius,https://www.crunchbase.com/organization/rap-genius
datahive,1103,Rappi,https://www.crunchbase.com/organization/rappi,rappi,https://www.crunchbase.com/organization/rappi
radema,1103,Rappi,https://www.crunchbase.com/organization/rappi,rappi,https://www.crunchbase.com/organization/rappi
datahive,180,Rapportive,https://www.crunchbase.com/organization/rapportive,rapportive,https://www.crunchbase.com/organization/rapportive
kaggle_startups,,Rapportive,http://www.crunchbase.com/organization/rapportive,rapportive,https://www.crunchbase.com/organization/rapportive
radema,180,Rapportive,https://www.crunchbase.com/organization/rapportive,rapportive,https://www.crunchbase.com/organization/rapportive
datahive,1201,Raptor Maps,https://www.crunchbase.com/organization/raptor-maps,raptor-maps,https://www.crunchbase.com/organization/raptor-maps
radema,1201,Raptor Maps,https://www.crunchbase.com/organization/raptor-maps,raptor-maps,https://www.crunchbase.com/organization/raptor-maps
datahive,794,Rare Door,https://www.crunchbase.com/organization/rare-door,rare-door,https://www.crunchbase.com/organization/rare-door
radema,794,Rare Door,https://www.crunchbase.com/organization/rare-door,rare-door,https://www.crunchbase.com/organization/rare-door
datahive,842,Raven Tech,https://www.crunchbase.com/organization/raven-tech,raven-tech,https://www.crunchbase.com/organization/raven-tech
radema,842,Raven Tech,https://www.crunchbase.com/organization/raven-tech,raven-tech,https://www.crunchbase.com/organization/raven-tech
datahive,12071,Ravn,https://www.crunchbase.com/organization/ravn,ravn,https://www.crunchbase.com/organization/ravn
radema,12071,Ravn,https://www.crunchbase.com/organization/ravn,ravn,https://www.crunchbase.com/organization/ravn
datahive,735,Ravti,https://www.crunchbase.com/organization/ravti,ravti,https://www.crunchbase.com/organization/ravti
radema,735,Ravti,https://www.crunchbase.com/organization/ravti,ravti,https://www.crunchbase.com/organization/ravti
datahive,13414,Raycast,https://www.crunchbase.com/organization/raycast,raycast,https://www.crunchbase.com/organization/raycast
radema,13414,Raycast,https://www.crunchbase.com/organization/raycast,raycast,https://www.crunchbase.com/organization/raycast
datahive,30039,Raycaster,https://www.crunchbase.com/organization/raycaster,raycaster,https://www.crunchbase.com/organization/raycaster
datahive,827,Razorpay,https://www.crunchbase.com/organization/razorpay,razorpay,https://www.crunchbase.com/organization/razorpay
radema,827,Razorpay,https://www.crunchbase.com/organization/razorpay,razorpay,https://www.crunchbase.com/organization/razorpay
datahive,782,ReadMe,https://www.crunchbase.com/organization/readme-io,readme-io,https://www.crunchbase.com/organization/readme-io
radema,782,ReadMe,https://www.crunchbase.com/organization/readme-io,readme-io,https://www.crunchbase.com/organization/readme-io
radema,1415,ReadWorks,https://www.crunchbase.com/organization/readworks,readworks,https://www.crunchbase.com/organization/readworks
datahive,22108,Ready,https://www.crunchbase.com/organization/ready-e28c,ready-e28c,https://www.crunchbase.com/organization/ready-e28c
radema,22108,Ready,https://www.crunchbase.com/organization/ready-e28c,ready-e28c,https://www.crunchbase.com/organization/ready-e28c
datahive,203,Ready For Zero,https://www.crunchbase.com/organization/readyforzero,readyforzero,https://www.crunchbase.com/organization/readyforzero
kaggle_startups,,ReadyForZero,http://www.crunchbase.com/organization/readyforzero,readyforzero,https://www.crunchbase.com/organization/readyforzero
radema,203,Ready For Zero,https://www.crunchbase.com/organization/readyforzero,readyforzero,https://www.crunchbase.com/organization/readyforzero
datahive,1069,Real Artists,https://www.crunchbase.com/organization/real-artists,real-artists,https://www.crunchbase.com/organization/real-artists
radema,1069,Real Artists,https://www.crunchbase.com/organization/real-artists,real-artists,https://www.crunchbase.com/organization/real-artists
datahive,554,RealCrowd,https://www.crunchbase.com/organization/realcrowd,realcrowd,https://www.crunchbase.com/organization/realcrowd
kaggle_startups,,RealCrowd,http://www.crunchbase.com/organization/realcrowd,realcrowd,https://www.crunchbase.com/organization/realcrowd
radema,554,RealCrowd,https://www.crunchbase.com/organization/realcrowd,realcrowd,https://www.crunchbase.com/organization/realcrowd
datahive,26296,Reality Defender,https://www.crunchbase.com/organization/reality-defender,reality-defender,https://www.crunchbase.com/organization/reality-defender
radema,26296,Reality Defender,https://www.crunchbase.com/organization/reality-defender,reality-defender,https://www.crunchbase.com/organization/reality-defender
datahive,96,Realm,https://www.crunchbase.com/organization/realm-2,realm-2,https://www.crunchbase.com/organization/realm-2
radema,96,Realm,https://www.crunchbase.com/organization/realm-2,realm-2,https://www.crunchbase.com/organization/realm-2
datahive,30805,RealRoots,https://www.crunchbase.com/organization/realroots-inc,realroots-inc,https://www.crunchbase.com/organization/realroots-inc
datahive,1889,OWNY,https://www.crunchbase.com/organization/realtybits-palo-alto-calfornia,realtybits-palo-alto-calfornia,https://www.crunchbase.com/organization/realtybits-palo-alto-calfornia
radema,1889,OWNY,https://www.crunchbase.com/organization/realtybits-palo-alto-calfornia,realtybits-palo-alto-calfornia,https://www.crunchbase.com/organization/realtybits-palo-alto-calfornia
datahive,25315,Rebill,https://www.crunchbase.com/organization/rebill-inc,rebill-inc,https://www.crunchbase.com/organization/rebill-inc
radema,25315,Rebill,https://www.crunchbase.com/organization/rebill-inc,rebill-inc,https://www.crunchbase.com/organization/rebill-inc
datahive,338,Reble,https://www.crunchbase.com/organization/reble,reble,https://www.crunchbase.com/organization/reble
kaggle_startups,,Reble,http://www.crunchbase.com/organization/reble,reble,https://www.crunchbase.com/organization/reble
radema,338,Reble,https://www.crunchbase.com/organization/reble,reble,https://www.crunchbase.com/organization/reble
datahive,23303,Dataherald,https://www.crunchbase.com/organization/reconnecting-labs-inc,reconnecting-labs-inc,https://www.crunchbase.com/organization/reconnecting-labs-inc
radema,23303,Dataherald,https://www.crunchbase.com/organization/reconnecting-labs-inc,reconnecting-labs-inc,https://www.crunchbase.com/organization/reconnecting-labs-inc
datahive,25272,Redbird,https://www.crunchbase.com/organization/redbirdio,redbirdio,https://www.crunchbase.com/organization/redbirdio
radema,25272,Redbird,https://www.crunchbase.com/organization/redbirdio,redbirdio,https://www.crunchbase.com/organization/redbirdio
datahive,25610,RedBrick AI,https://www.crunchbase.com/organization/redbrick-ai,redbrick-ai,https://www.crunchbase.com/organization/redbrick-ai
radema,25610,RedBrick AI,https://www.crunchbase.com/organization/redbrick-ai,redbrick-ai,https://www.crunchbase.com/organization/redbrick-ai
datahive,932,RedCarpetUp,https://www.crunchbase.com/organization/redcarpetup,redcarpetup,https://www.crunchbase.com/organization/redcarpetup
radema,932,RedCarpetUp,https://www.crunchbase.com/organization/redcarpetup,redcarpetup,https://www.crunchbase.com/organization/redcarpetup
datahive,379,Reddit,https://www.crunchbase.com/organization/reddit,reddit,https://www.crunchbase.com/organization/reddit
kaggle_startups,,Reddit,http://www.crunchbase.com/organization/reddit,reddit,https://www.crunchbase.com/organization/reddit
radema,379,Reddit,https://www.crunchbase.com/organization/reddit,reddit,https://www.crunchbase.com/organization/reddit
datahive,30316,Reditus Space,https://www.crunchbase.com/organization/reditus-space,reditus-space,https://www.crunchbase.com/organization/reditus-space
datahive,1057,Redspread,https://www.crunchbase.com/organization/redspread,redspread,https://www.crunchbase.com/organization/redspread
radema,1057,Redspread,https://www.crunchbase.com/organization/redspread,redspread,https://www.crunchbase.com/organization/redspread
datahive,933,Reduced Energy Microsystems,https://www.crunchbase.com/organization/reduced-energy-microsystems,reduced-energy-microsystems,https://www.crunchbase.com/organization/reduced-energy-microsystems
radema,933,Reduced Energy Microsystems,https://www.crunchbase.com/organization/reduced-energy-microsystems,reduced-energy-microsystems,https://www.crunchbase.com/organization/reduced-energy-microsystems
datahive,555,Reebee,https://www.crunchbase.com/organization/reebee,reebee,https://www.crunchbase.com/organization/reebee
kaggle_startups,,Reebee,http://www.crunchbase.com/organization/reebee,reebee,https://www.crunchbase.com/organization/reebee
radema,555,Reebee,https://www.crunchbase.com/organization/reebee,reebee,https://www.crunchbase.com/organization/reebee
datahive,1304,Reebeez,https://www.crunchbase.com/organization/reebeez,reebeez,https://www.crunchbase.com/organization/reebeez
radema,1304,Reebeez,https://www.crunchbase.com/organization/reebeez,reebeez,https://www.crunchbase.com/organization/reebeez
datahive,12088,Reelables,https://www.crunchbase.com/organization/reelables,reelables,https://www.crunchbase.com/organization/reelables
radema,12088,Reelables,https://www.crunchbase.com/organization/reelables,reelables,https://www.crunchbase.com/organization/reelables
datahive,430,ReelSurfer,https://www.crunchbase.com/organization/reelsurfer,reelsurfer,https://www.crunchbase.com/organization/reelsurfer
kaggle_startups,,ReelSurfer,http://www.crunchbase.com/organization/reelsurfer,reelsurfer,https://www.crunchbase.com/organization/reelsurfer
radema,430,ReelSurfer,https://www.crunchbase.com/organization/reelsurfer,reelsurfer,https://www.crunchbase.com/organization/reelsurfer
kaggle_startups,,Refer.ly,http://www.crunchbase.com/organization/refer-ly,refer-ly,https://www.crunchbase.com/organization/refer-ly
datahive,28907,refine,https://www.crunchbase.com/organization/refine-0e26,refine-0e26,https://www.crunchbase.com/organization/refine-0e26
radema,28907,refine,https://www.crunchbase.com/organization/refine-0e26,refine-0e26,https://www.crunchbase.com/organization/refine-0e26
datahive,25603,Reforged Labs,https://www.crunchbase.com/organization/reforged-labs,reforged-labs,https://www.crunchbase.com/organization/reforged-labs
radema,25603,Reforged Labs,https://www.crunchbase.com/organization/reforged-labs,reforged-labs,https://www.crunchbase.com/organization/reforged-labs
datahive,29478,Reform,https://www.crunchbase.com/organization/reform-4e31,reform-4e31,https://www.crunchbase.com/organization/reform-4e31
radema,29478,Reform,https://www.crunchbase.com/organization/reform-4e31,reform-4e31,https://www.crunchbase.com/organization/reform-4e31
datahive,23832,Reframe (Glucobit),https://www.crunchbase.com/organization/reframe-app,reframe-app,https://www.crunchbase.com/organization/reframe-app
radema,23832,Reframe (Glucobit),https://www.crunchbase.com/organization/reframe-app,reframe-app,https://www.crunchbase.com/organization/reframe-app
datahive,556,Arcus,https://www.crunchbase.com/organization/regalii,regalii,https://www.crunchbase.com/organization/regalii
kaggle_startups,,Regalii,http://www.crunchbase.com/organization/regalii,regalii,https://www.crunchbase.com/organization/regalii
radema,556,Arcus,https://www.crunchbase.com/organization/regalii,regalii,https://www.crunchbase.com/organization/regalii
datahive,450,RegistryLove,https://www.crunchbase.com/organization/registrylove,registrylove,https://www.crunchbase.com/organization/registrylove
kaggle_startups,,RegistryLove,http://www.crunchbase.com/organization/registrylove,registrylove,https://www.crunchbase.com/organization/registrylove
radema,450,RegistryLove,https://www.crunchbase.com/organization/registrylove,registrylove,https://www.crunchbase.com/organization/registrylove
datahive,1956,Regology,https://www.crunchbase.com/organization/regology,regology,https://www.crunchbase.com/organization/regology
radema,1956,Regology,https://www.crunchbase.com/organization/regology,regology,https://www.crunchbase.com/organization/regology
datahive,23317,Rejoy Health,https://www.crunchbase.com/organization/rejoyhealth,rejoyhealth,https://www.crunchbase.com/organization/rejoyhealth
radema,23317,Rejoy Health,https://www.crunchbase.com/organization/rejoyhealth,rejoyhealth,https://www.crunchbase.com/organization/rejoyhealth
datahive,1618,Relationship Hero,https://www.crunchbase.com/organization/relationship-hero,relationship-hero,https://www.crunchbase.com/organization/relationship-hero
radema,1618,Relationship Hero,https://www.crunchbase.com/organization/relationship-hero,relationship-hero,https://www.crunchbase.com/organization/relationship-hero
datahive,1080,Relativity Space,https://www.crunchbase.com/organization/relativity-space,relativity-space,https://www.crunchbase.com/organization/relativity-space
radema,1080,Relativity Space,https://www.crunchbase.com/organization/relativity-space,relativity-space,https://www.crunchbase.com/organization/relativity-space
datahive,1596,Releaf Earth,https://www.crunchbase.com/organization/releaf,releaf,https://www.crunchbase.com/organization/releaf
radema,1596,Releaf,https://www.crunchbase.com/organization/releaf,releaf,https://www.crunchbase.com/organization/releaf
datahive,1520,Reliance Health,https://www.crunchbase.com/organization/reliancehealth,reliancehealth,https://www.crunchbase.com/organization/reliancehealth
radema,1520,Reliance Health,https://www.crunchbase.com/organization/reliancehealth,reliancehealth,https://www.crunchbase.com/organization/reliancehealth
datahive,30522,Relixir,https://www.crunchbase.com/organization/relixir,relixir,https://www.crunchbase.com/organization/relixir
datahive,29762,Remade,https://www.crunchbase.com/organization/remade,remade,https://www.crunchbase.com/organization/remade
datahive,273,reMail,https://www.crunchbase.com/organization/remail,remail,https://www.crunchbase.com/organization/remail
kaggle_startups,,reMail,http://www.crunchbase.com/organization/remail,remail,https://www.crunchbase.com/organization/remail
radema,273,reMail,https://www.crunchbase.com/organization/remail,remail,https://www.crunchbase.com/organization/remail
datahive,25274,Remedial Health,https://www.crunchbase.com/organization/remedial-health,remedial-health,https://www.crunchbase.com/organization/remedial-health
radema,25274,Remedial Health,https://www.crunchbase.com/organization/remedial-health,remedial-health,https://www.crunchbase.com/organization/remedial-health
datahive,793,Remix,https://www.crunchbase.com/organization/remix,remix,https://www.crunchbase.com/organization/remix
radema,793,Remix,https://www.crunchbase.com/organization/remix,remix,https://www.crunchbase.com/organization/remix
datahive,22784,Huddlefire,https://www.crunchbase.com/organization/remix-interactive-inc,remix-interactive-inc,https://www.crunchbase.com/organization/remix-interactive-inc
radema,22784,Huddlefire,https://www.crunchbase.com/organization/remix-interactive-inc,remix-interactive-inc,https://www.crunchbase.com/organization/remix-interactive-inc
datahive,22905,Remora,https://www.crunchbase.com/organization/remora-f760,remora-f760,https://www.crunchbase.com/organization/remora-f760
radema,22905,Remora,https://www.crunchbase.com/organization/remora-f760,remora-f760,https://www.crunchbase.com/organization/remora-f760
datahive,28799,Remy,https://www.crunchbase.com/organization/remy-security,remy-security,https://www.crunchbase.com/organization/remy-security
radema,28799,Remy,https://www.crunchbase.com/organization/remy-security,remy-security,https://www.crunchbase.com/organization/remy-security
datahive,24152,RendaloMaq,https://www.crunchbase.com/organization/rendalo-maq,rendalo-maq,https://www.crunchbase.com/organization/rendalo-maq
radema,24152,RendaloMaq,https://www.crunchbase.com/organization/rendalo-maq,rendalo-maq,https://www.crunchbase.com/organization/rendalo-maq
datahive,258,RentHop,https://www.crunchbase.com/organization/renthop,renthop,https://www.crunchbase.com/organization/renthop
kaggle_startups,,RentHop,http://www.crunchbase.com/organization/renthop,renthop,https://www.crunchbase.com/organization/renthop
radema,258,RentHop,https://www.crunchbase.com/organization/renthop,renthop,https://www.crunchbase.com/organization/renthop
kaggle_startups,,Rent.io,http://www.crunchbase.com/organization/rentmetrics,rentmetrics,https://www.crunchbase.com/organization/rentmetrics
datahive,125,Rentobo,https://www.crunchbase.com/organization/rentobo,rentobo,https://www.crunchbase.com/organization/rentobo
kaggle_startups,,Rentobo,http://www.crunchbase.com/organization/rentobo,rentobo,https://www.crunchbase.com/organization/rentobo
radema,125,Rentobo,https://www.crunchbase.com/organization/rentobo,rentobo,https://www.crunchbase.com/organization/rentobo
datahive,11929,Pippin / Rent the Backyard,https://www.crunchbase.com/organization/rentthebackyard,rentthebackyard,https://www.crunchbase.com/organization/rentthebackyard
radema,11929,Pippin / Rent the Backyard,https://www.crunchbase.com/organization/rentthebackyard,rentthebackyard,https://www.crunchbase.com/organization/rentthebackyard
datahive,686,Replenish,https://www.crunchbase.com/organization/replenish-2,replenish-2,https://www.crunchbase.com/organization/replenish-2
radema,686,Replenish,https://www.crunchbase.com/organization/replenish-2,replenish-2,https://www.crunchbase.com/organization/replenish-2
datahive,13147,Replicate,https://www.crunchbase.com/organization/replicate,replicate,https://www.crunchbase.com/organization/replicate
radema,13147,Replicate,https://www.crunchbase.com/organization/replicate,replicate,https://www.crunchbase.com/organization/replicate
datahive,1879,Replit,https://www.crunchbase.com/organization/replit,replit,https://www.crunchbase.com/organization/replit
radema,1879,Replit,https://www.crunchbase.com/organization/replit,replit,https://www.crunchbase.com/organization/replit
datahive,24243,Repool,https://www.crunchbase.com/organization/repool,repool,https://www.crunchbase.com/organization/repool
radema,24243,Repool,https://www.crunchbase.com/organization/repool,repool,https://www.crunchbase.com/organization/repool
radema,25690,Requestly,https://www.crunchbase.com/organization/requestly-awz-technologies,requestly-awz-technologies,https://www.crunchbase.com/organization/requestly-awz-technologies
datahive,19,Rescale,https://www.crunchbase.com/organization/rescale,rescale,https://www.crunchbase.com/organization/rescale
kaggle_startups,,Rescale,http://www.crunchbase.com/organization/rescale,rescale,https://www.crunchbase.com/organization/rescale
radema,19,Rescale,https://www.crunchbase.com/organization/rescale,rescale,https://www.crunchbase.com/organization/rescale
datahive,783,ReSchedule Med,https://www.crunchbase.com/organization/reschedule,reschedule,https://www.crunchbase.com/organization/reschedule
radema,783,ReSchedule Med,https://www.crunchbase.com/organization/reschedule,reschedule,https://www.crunchbase.com/organization/reschedule
datahive,828,Rescue Forensics,https://www.crunchbase.com/organization/rescue-forensics,rescue-forensics,https://www.crunchbase.com/organization/rescue-forensics
radema,828,Rescue Forensics,https://www.crunchbase.com/organization/rescue-forensics,rescue-forensics,https://www.crunchbase.com/organization/rescue-forensics
datahive,304,RescueTime,https://www.crunchbase.com/organization/rescuetime,rescuetime,https://www.crunchbase.com/organization/rescuetime
kaggle_startups,,RescueTime,http://www.crunchbase.com/organization/rescuetime,rescuetime,https://www.crunchbase.com/organization/rescuetime
radema,304,RescueTime,https://www.crunchbase.com/organization/rescuetime,rescuetime,https://www.crunchbase.com/organization/rescuetime
datahive,28098,Resend,https://crunchbase.com/organization/resend,resend,https://www.crunchbase.com/organization/resend
radema,28098,Resend,https://crunchbase.com/organization/resend,resend,https://www.crunchbase.com/organization/resend
datahive,28932,Respaid,https://www.crunchbase.com/organization/respaid,respaid,https://www.crunchbase.com/organization/respaid
radema,28932,Respaid,https://www.crunchbase.com/organization/respaid,respaid,https://www.crunchbase.com/organization/respaid
datahive,13235,Response,https://www.crunchbase.com/organization/response-4276,response-4276,https://www.crunchbase.com/organization/response-4276
radema,13235,Response,https://www.crunchbase.com/organization/response-4276,response-4276,https://www.crunchbase.com/organization/response-4276
datahive,1070,Restocks,https://www.crunchbase.com/organization/restocks,restocks,https://www.crunchbase.com/organization/restocks
radema,1070,Restocks,https://www.crunchbase.com/organization/restocks,restocks,https://www.crunchbase.com/organization/restocks
datahive,29441,Retell AI,https://www.crunchbase.com/organization/retell-ai,retell-ai,https://www.crunchbase.com/organization/retell-ai
radema,29441,Retell AI,https://www.crunchbase.com/organization/retell-ai,retell-ai,https://www.crunchbase.com/organization/retell-ai
datahive,246,RethinkDB,https://www.crunchbase.com/organization/rethinkdb,rethinkdb,https://www.crunchbase.com/organization/rethinkdb
kaggle_startups,,RethinkDB,http://www.crunchbase.com/organization/rethinkdb,rethinkdb,https://www.crunchbase.com/organization/rethinkdb
radema,246,RethinkDB,https://www.crunchbase.com/organization/rethinkdb,rethinkdb,https://www.crunchbase.com/organization/rethinkdb
datahive,1646,Rev Genomics,https://www.crunchbase.com/organization/rev-genomics,rev-genomics,https://www.crunchbase.com/organization/rev-genomics
radema,1646,Rev Genomics,https://www.crunchbase.com/organization/rev-genomics,rev-genomics,https://www.crunchbase.com/organization/rev-genomics
datahive,1907,RevenueCat,https://www.crunchbase.com/organization/revenuecat,revenuecat,https://www.crunchbase.com/organization/revenuecat
radema,1907,RevenueCat,https://www.crunchbase.com/organization/revenuecat,revenuecat,https://www.crunchbase.com/organization/revenuecat
datahive,12541,ReverCare,https://www.crunchbase.com/organization/revercare,revercare,https://www.crunchbase.com/organization/revercare
radema,12541,ReverCare,https://www.crunchbase.com/organization/revercare,revercare,https://www.crunchbase.com/organization/revercare
datahive,1775,Reverie Labs,https://www.crunchbase.com/organization/reverie-labs,reverie-labs,https://www.crunchbase.com/organization/reverie-labs
radema,1775,Reverie Labs,https://www.crunchbase.com/organization/reverie-labs,reverie-labs,https://www.crunchbase.com/organization/reverie-labs
datahive,24556,Revery AI,https://www.crunchbase.com/organization/revery-ai,revery-ai,https://www.crunchbase.com/organization/revery-ai
radema,24556,Revery AI,https://www.crunchbase.com/organization/revery-ai,revery-ai,https://www.crunchbase.com/organization/revery-ai
datahive,26032,Reviving Mind,https://www.crunchbase.com/organization/reviving-mind,reviving-mind,https://www.crunchbase.com/organization/reviving-mind
radema,26032,Reviving Mind,https://www.crunchbase.com/organization/reviving-mind,reviving-mind,https://www.crunchbase.com/organization/reviving-mind
datahive,1020,Revl,https://www.crunchbase.com/organization/revl,revl,https://www.crunchbase.com/organization/revl
radema,1020,Revl,https://www.crunchbase.com/organization/revl,revl,https://www.crunchbase.com/organization/revl
datahive,1241,Pursuit,https://www.crunchbase.com/organization/revlo,revlo,https://www.crunchbase.com/organization/revlo
radema,1241,Pursuit,https://www.crunchbase.com/organization/revlo,revlo,https://www.crunchbase.com/organization/revlo
datahive,1463,REZI,https://www.crunchbase.com/organization/rezi-2,rezi-2,https://www.crunchbase.com/organization/rezi-2
radema,1463,REZI,https://www.crunchbase.com/organization/rezi-2,rezi-2,https://www.crunchbase.com/organization/rezi-2
datahive,1737,Rhythmm,https://www.crunchbase.com/organization/rhythmm,rhythmm,https://www.crunchbase.com/organization/rhythmm
radema,1737,Rhythmm,https://www.crunchbase.com/organization/rhythmm,rhythmm,https://www.crunchbase.com/organization/rhythmm
datahive,1598,Ribbon Health,https://www.crunchbase.com/organization/ribbonhealth,ribbonhealth,https://www.crunchbase.com/organization/ribbonhealth
radema,1598,Ribbon Health,https://www.crunchbase.com/organization/ribbonhealth,ribbonhealth,https://www.crunchbase.com/organization/ribbonhealth
datahive,617,Rickshaw,https://www.crunchbase.com/organization/rickshaw,rickshaw,https://www.crunchbase.com/organization/rickshaw
radema,617,Rickshaw,https://www.crunchbase.com/organization/rickshaw,rickshaw,https://www.crunchbase.com/organization/rickshaw
datahive,1640,RideAlong,https://www.crunchbase.com/organization/ridealong-inc,ridealong-inc,https://www.crunchbase.com/organization/ridealong-inc
radema,1640,RideAlong,https://www.crunchbase.com/organization/ridealong-inc,ridealong-inc,https://www.crunchbase.com/organization/ridealong-inc
datahive,1548,Ridecell,https://www.crunchbase.com/organization/ridecell,ridecell,https://www.crunchbase.com/organization/ridecell
radema,1548,Ridecell,https://www.crunchbase.com/organization/ridecell,ridecell,https://www.crunchbase.com/organization/ridecell
datahive,121,Ridejoy,https://www.crunchbase.com/organization/ridejoy,ridejoy,https://www.crunchbase.com/organization/ridejoy
radema,121,Ridejoy,https://www.crunchbase.com/organization/ridejoy,ridejoy,https://www.crunchbase.com/organization/ridejoy
datahive,25968,Rider,https://www.crunchbase.com/organization/rider-9f06,rider-9f06,https://www.crunchbase.com/organization/rider-9f06
radema,25968,Rider,https://www.crunchbase.com/organization/rider-9f06,rider-9f06,https://www.crunchbase.com/organization/rider-9f06
datahive,700,Rigetti Computing,https://www.crunchbase.com/organization/rigetti-computing,rigetti-computing,https://www.crunchbase.com/organization/rigetti-computing
kaggle_startups,,Rigetti Computing,http://www.crunchbase.com/organization/rigetti-computing,rigetti-computing,https://www.crunchbase.com/organization/rigetti-computing
radema,700,Rigetti Computing,https://www.crunchbase.com/organization/rigetti-computing,rigetti-computing,https://www.crunchbase.com/organization/rigetti-computing
datahive,1209,RigPlenish,https://www.crunchbase.com/organization/rigplenish,rigplenish,https://www.crunchbase.com/organization/rigplenish
radema,1209,RigPlenish,https://www.crunchbase.com/organization/rigplenish,rigplenish,https://www.crunchbase.com/organization/rigplenish
datahive,1449,Riley,https://www.crunchbase.com/organization/riley-2,riley-2,https://www.crunchbase.com/organization/riley-2
radema,1449,Riley,https://www.crunchbase.com/organization/riley-2,riley-2,https://www.crunchbase.com/organization/riley-2
datahive,30530,Rimba,https://www.crunchbase.com/organization/rimba,rimba,https://www.crunchbase.com/organization/rimba
datahive,24199,Rinse,https://www.crunchbase.com/organization/rinse-d90c,rinse-d90c,https://www.crunchbase.com/organization/rinse-d90c
radema,24199,Rinse,https://www.crunchbase.com/organization/rinse-d90c,rinse-d90c,https://www.crunchbase.com/organization/rinse-d90c
datahive,1451,Rippling,https://www.crunchbase.com/organization/rippling,rippling,https://www.crunchbase.com/organization/rippling
radema,1451,Rippling,https://www.crunchbase.com/organization/rippling,rippling,https://www.crunchbase.com/organization/rippling
datahive,28087,Rivet,https://www.crunchbase.com/organization/rivet-d09f,rivet-d09f,https://www.crunchbase.com/organization/rivet-d09f
radema,28087,Rivet,https://www.crunchbase.com/organization/rivet-d09f,rivet-d09f,https://www.crunchbase.com/organization/rivet-d09f
datahive,13199,Riya Collective,https://www.crunchbase.com/organization/riya-collective,riya-collective,https://www.crunchbase.com/organization/riya-collective
radema,13199,Riya Collective,https://www.crunchbase.com/organization/riya-collective,riya-collective,https://www.crunchbase.com/organization/riya-collective
datahive,29093,Roame,https://www.crunchbase.com/organization/roame-travel/,roame-travel,https://www.crunchbase.com/organization/roame-travel
radema,29093,Roame,https://www.crunchbase.com/organization/roame-travel/,roame-travel,https://www.crunchbase.com/organization/roame-travel
datahive,1240,Robby Technologies,https://www.crunchbase.com/organization/robby-technologies,robby-technologies,https://www.crunchbase.com/organization/robby-technologies
radema,1240,Robby Technologies,https://www.crunchbase.com/organization/robby-technologies,robby-technologies,https://www.crunchbase.com/organization/robby-technologies
datahive,260,RoboHR,https://www.crunchbase.com/organization/robohr,robohr,https://www.crunchbase.com/organization/robohr
radema,260,RoboHR,https://www.crunchbase.com/organization/robohr,robohr,https://www.crunchbase.com/organization/robohr
datahive,1213,RocketLit,https://www.crunchbase.com/organization/rocketlit,rocketlit,https://www.crunchbase.com/organization/rocketlit
radema,1213,RocketLit,https://www.crunchbase.com/organization/rocketlit,rocketlit,https://www.crunchbase.com/organization/rocketlit
datahive,618,Rocketrip,https://www.crunchbase.com/organization/rocketrip,rocketrip,https://www.crunchbase.com/organization/rocketrip
kaggle_startups,,Rocketrip,http://www.crunchbase.com/organization/rocketrip,rocketrip,https://www.crunchbase.com/organization/rocketrip
radema,618,Rocketrip,https://www.crunchbase.com/organization/rocketrip,rocketrip,https://www.crunchbase.com/organization/rocketrip
radema,27085,Roforco,https://www.crunchbase.com/organization/roforco,roforco,https://www.crunchbase.com/organization/roforco
datahive,27692,Rollstack,https://www.crunchbase.com/organization/rollstack,rollstack,https://www.crunchbase.com/organization/rollstack
radema,27692,Rollstack,https://www.crunchbase.com/organization/rollstack,rollstack,https://www.crunchbase.com/organization/rollstack
datahive,1608,Roofr,https://www.crunchbase.com/organization/roofr,roofr,https://www.crunchbase.com/organization/roofr
radema,1608,Roofr,https://www.crunchbase.com/organization/roofr,roofr,https://www.crunchbase.com/organization/roofr
datahive,874,Roomblocker,https://www.crunchbase.com/organization/roomblocker,roomblocker,https://www.crunchbase.com/organization/roomblocker
radema,874,Roomblocker,https://www.crunchbase.com/organization/roomblocker,roomblocker,https://www.crunchbase.com/organization/roomblocker
datahive,25529,Criya,https://www.crunchbase.com/organization/roomplays,roomplays,https://www.crunchbase.com/organization/roomplays
radema,25529,Criya,https://www.crunchbase.com/organization/roomplays,roomplays,https://www.crunchbase.com/organization/roomplays
datahive,23978,Rootly,https://www.crunchbase.com/organization/rootly,rootly,https://www.crunchbase.com/organization/rootly
radema,23978,Rootly,https://www.crunchbase.com/organization/rootly,rootly,https://www.crunchbase.com/organization/rootly
datahive,1206,Rose Rocket,https://www.crunchbase.com/organization/rose-rocket,rose-rocket,https://www.crunchbase.com/organization/rose-rocket
radema,1206,Rose Rocket,https://www.crunchbase.com/organization/rose-rocket,rose-rocket,https://www.crunchbase.com/organization/rose-rocket
datahive,875,ROSS Intelligence,https://www.crunchbase.com/organization/ross-intelligence,ross-intelligence,https://www.crunchbase.com/organization/ross-intelligence
radema,875,ROSS Intelligence,https://www.crunchbase.com/organization/ross-intelligence,ross-intelligence,https://www.crunchbase.com/organization/ross-intelligence
datahive,1692,Routable,https://www.crunchbase.com/organization/routable,routable,https://www.crunchbase.com/organization/routable
radema,1692,Routable,https://www.crunchbase.com/organization/routable,routable,https://www.crunchbase.com/organization/routable
datahive,23459,Routine,https://www.crunchbase.com/organization/routine-6365,routine-6365,https://www.crunchbase.com/organization/routine-6365
radema,23459,Routine,https://www.crunchbase.com/organization/routine-6365,routine-6365,https://www.crunchbase.com/organization/routine-6365
datahive,29440,Rove,https://www.crunchbase.com/organization/rove-6429,rove-6429,https://www.crunchbase.com/organization/rove-6429
radema,29440,Rove,https://www.crunchbase.com/organization/rove-6429,rove-6429,https://www.crunchbase.com/organization/rove-6429
datahive,30785,RowFlow,https://www.crunchbase.com/organization/rowflow,rowflow,https://www.crunchbase.com/organization/rowflow
datahive,25402,LlamaFarm,https://www.crunchbase.com/organization/rownd,rownd,https://www.crunchbase.com/organization/rownd
radema,25402,Rownd,https://www.crunchbase.com/organization/rownd,rownd,https://www.crunchbase.com/organization/rownd
datahive,25985,RTHM,https://www.crunchbase.com/organization/rthm,rthm,https://www.crunchbase.com/organization/rthm
radema,25985,RTHM,https://www.crunchbase.com/organization/rthm,rthm,https://www.crunchbase.com/organization/rthm
datahive,27734,Rubber Ducky Labs,https://www.crunchbase.com/organization/rubber-ducky-labs,rubber-ducky-labs,https://www.crunchbase.com/organization/rubber-ducky-labs
radema,27734,Rubber Ducky Labs,https://www.crunchbase.com/organization/rubber-ducky-labs,rubber-ducky-labs,https://www.crunchbase.com/organization/rubber-ducky-labs
datahive,1869,Runa,https://www.crunchbase.com/organization/runa-hr,runa-hr,https://www.crunchbase.com/organization/runa-hr
radema,1869,Runa,https://www.crunchbase.com/organization/runa-hr,runa-hr,https://www.crunchbase.com/organization/runa-hr
datahive,12263,Rune,https://www.crunchbase.com/organization/rune-8231,rune-8231,https://www.crunchbase.com/organization/rune-8231
radema,12263,Rune,https://www.crunchbase.com/organization/rune-8231,rune-8231,https://www.crunchbase.com/organization/rune-8231
datahive,22591,Runway,https://www.crunchbase.com/organization/runway-5d78,runway-5d78,https://www.crunchbase.com/organization/runway-5d78
radema,22591,Runway,https://www.crunchbase.com/organization/runway-5d78,runway-5d78,https://www.crunchbase.com/organization/runway-5d78
datahive,24669,Ruth Health,https://www.crunchbase.com/organization/ruth-health,ruth-health,https://www.crunchbase.com/organization/ruth-health
radema,24669,Ruth Health,https://www.crunchbase.com/organization/ruth-health,ruth-health,https://www.crunchbase.com/organization/ruth-health
datahive,27878,RUUF,https://www.crunchbase.com/organization/ruuf-c403,ruuf-c403,https://www.crunchbase.com/organization/ruuf-c403
radema,27878,Ruuf,https://www.crunchbase.com/organization/ruuf-c403,ruuf-c403,https://www.crunchbase.com/organization/ruuf-c403
datahive,1611,SafeButler,https://www.crunchbase.com/organization/safebutler,safebutler,https://www.crunchbase.com/organization/safebutler
radema,1611,SafeButler,https://www.crunchbase.com/organization/safebutler,safebutler,https://www.crunchbase.com/organization/safebutler
datahive,1833,SafetyWing,https://www.crunchbase.com/organization/safetywing,safetywing,https://www.crunchbase.com/organization/safetywing
radema,1833,SafetyWing,https://www.crunchbase.com/organization/safetywing,safetywing,https://www.crunchbase.com/organization/safetywing
datahive,945,Saida,https://www.crunchbase.com/organization/saida,saida,https://www.crunchbase.com/organization/saida
radema,945,Saida,https://www.crunchbase.com/organization/saida,saida,https://www.crunchbase.com/organization/saida
datahive,29848,Saldor,https://www.crunchbase.com/organization/saldor,saldor,https://www.crunchbase.com/organization/saldor
datahive,1288,Saleswhale,https://www.crunchbase.com/organization/saleswhale,saleswhale,https://www.crunchbase.com/organization/saleswhale
radema,1288,Saleswhale,https://www.crunchbase.com/organization/saleswhale,saleswhale,https://www.crunchbase.com/organization/saleswhale
datahive,1043,Salt Security,https://www.crunchbase.com/organization/saltsecurity,saltsecurity,https://www.crunchbase.com/organization/saltsecurity
radema,1043,Salt Security,https://www.crunchbase.com/organization/saltsecurity,saltsecurity,https://www.crunchbase.com/organization/saltsecurity
datahive,29357,Salvy,https://www.crunchbase.com/organization/salvy,salvy,https://www.crunchbase.com/organization/salvy
radema,29357,Salvy,https://www.crunchbase.com/organization/salvy,salvy,https://www.crunchbase.com/organization/salvy
datahive,1482,Sandbox Banking,https://www.crunchbase.com/organization/sandbox-banking,sandbox-banking,https://www.crunchbase.com/organization/sandbox-banking
radema,1482,Sandbox Banking,https://www.crunchbase.com/organization/sandbox-banking,sandbox-banking,https://www.crunchbase.com/organization/sandbox-banking
datahive,12657,Zergo,https://www.crunchbase.com/organization/sanntek,sanntek,https://www.crunchbase.com/organization/sanntek
radema,12657,Zergo,https://www.crunchbase.com/organization/sanntek,sanntek,https://www.crunchbase.com/organization/sanntek
datahive,11994,Sapling.ai,https://www.crunchbase.com/organization/sapling-ai,sapling-ai,https://www.crunchbase.com/organization/sapling-ai
radema,11994,Sapling.ai,https://www.crunchbase.com/organization/sapling-ai,sapling-ai,https://www.crunchbase.com/organization/sapling-ai
datahive,12096,Maple Materials,https://www.crunchbase.com/organization/saratoga-energy-research-partners,saratoga-energy-research-partners,https://www.crunchbase.com/organization/saratoga-energy-research-partners
radema,12096,Maple Materials (fka Saratoga Energy),https://www.crunchbase.com/organization/saratoga-energy-research-partners,saratoga-energy-research-partners,https://www.crunchbase.com/organization/saratoga-energy-research-partners
datahive,25353,Sarus,https://www.crunchbase.com/organization/sarus-1f2d,sarus-1f2d,https://www.crunchbase.com/organization/sarus-1f2d
radema,25353,Sarus,https://www.crunchbase.com/organization/sarus-1f2d,sarus-1f2d,https://www.crunchbase.com/organization/sarus-1f2d
radema,1367,TopMind,https://www.crunchbase.com/organization/sat-rocket,sat-rocket,https://www.crunchbase.com/organization/sat-rocket
datahive,24866,Satsuma,https://www.crunchbase.com/organization/satsuma,satsuma,https://www.crunchbase.com/organization/satsuma
radema,24866,Satsuma,https://www.crunchbase.com/organization/satsuma,satsuma,https://www.crunchbase.com/organization/satsuma
datahive,25789,SaveIN,https://www.crunchbase.com/organization/savein,savein,https://www.crunchbase.com/organization/savein
radema,25789,SaveIN,https://www.crunchbase.com/organization/savein,savein,https://www.crunchbase.com/organization/savein
datahive,1238,Mosaix.ai,https://www.crunchbase.com/organization/saymosaic-inc,saymosaic-inc,https://www.crunchbase.com/organization/saymosaic-inc
radema,1238,Mosaix.ai,https://www.crunchbase.com/organization/saymosaic-inc,saymosaic-inc,https://www.crunchbase.com/organization/saymosaic-inc
datahive,1294,Scale AI,https://www.crunchbase.com/organization/scale-2,scale-2,https://www.crunchbase.com/organization/scale-2
radema,1294,Scale AI,https://www.crunchbase.com/organization/scale-2,scale-2,https://www.crunchbase.com/organization/scale-2
datahive,1949,Scanwell Health,https://www.crunchbase.com/organization/scanwell-health,scanwell-health,https://www.crunchbase.com/organization/scanwell-health
radema,1949,Scanwell Health,https://www.crunchbase.com/organization/scanwell-health,scanwell-health,https://www.crunchbase.com/organization/scanwell-health
datahive,1466,Scaphold.io,https://www.crunchbase.com/organization/scaphold-inc,scaphold-inc,https://www.crunchbase.com/organization/scaphold-inc
radema,1466,Scaphold.io,https://www.crunchbase.com/organization/scaphold-inc,scaphold-inc,https://www.crunchbase.com/organization/scaphold-inc
datahive,934,Scentbird,https://www.crunchbase.com/organization/scentbird,scentbird,https://www.crunchbase.com/organization/scentbird
radema,934,Scentbird,https://www.crunchbase.com/organization/scentbird,scentbird,https://www.crunchbase.com/organization/scentbird
datahive,29776,SchemeFlow,https://www.crunchbase.com/organization/schemeflow,schemeflow,https://www.crunchbase.com/organization/schemeflow
datahive,83,Science Exchange,https://www.crunchbase.com/organization/science-exchange,science-exchange,https://www.crunchbase.com/organization/science-exchange
kaggle_startups,,Science Exchange,http://www.crunchbase.com/organization/science-exchange,science-exchange,https://www.crunchbase.com/organization/science-exchange
radema,83,Science Exchange,https://www.crunchbase.com/organization/science-exchange,science-exchange,https://www.crunchbase.com/organization/science-exchange
datahive,24367,Scispot,https://www.crunchbase.com/organization/scispot-io,scispot-io,https://www.crunchbase.com/organization/scispot-io
radema,24367,Scispot,https://www.crunchbase.com/organization/scispot-io,scispot-io,https://www.crunchbase.com/organization/scispot-io
datahive,876,Scope AR,https://www.crunchbase.com/organization/scopear,scopear,https://www.crunchbase.com/organization/scopear
radema,876,Scope AR,https://www.crunchbase.com/organization/scopear,scopear,https://www.crunchbase.com/organization/scopear
datahive,459,Scoutzie,https://www.crunchbase.com/organization/scoutzie,scoutzie,https://www.crunchbase.com/organization/scoutzie
kaggle_startups,,Scoutzie,http://www.crunchbase.com/organization/scoutzie,scoutzie,https://www.crunchbase.com/organization/scoutzie
radema,459,Scoutzie,https://www.crunchbase.com/organization/scoutzie,scoutzie,https://www.crunchbase.com/organization/scoutzie
datahive,472,Screenhero,https://www.crunchbase.com/organization/screenhero,screenhero,https://www.crunchbase.com/organization/screenhero
kaggle_startups,,Screenhero,http://www.crunchbase.com/organization/screenhero,screenhero,https://www.crunchbase.com/organization/screenhero
radema,472,Screenhero,https://www.crunchbase.com/organization/screenhero,screenhero,https://www.crunchbase.com/organization/screenhero
datahive,35,Screenleap,https://www.crunchbase.com/organization/screenleap,screenleap,https://www.crunchbase.com/organization/screenleap
kaggle_startups,,ScreenLeap,http://www.crunchbase.com/organization/screenleap,screenleap,https://www.crunchbase.com/organization/screenleap
radema,35,Screenleap,https://www.crunchbase.com/organization/screenleap,screenleap,https://www.crunchbase.com/organization/screenleap
datahive,356,Scribd,https://www.crunchbase.com/organization/scribd,scribd,https://www.crunchbase.com/organization/scribd
kaggle_startups,,Scribd,http://www.crunchbase.com/organization/scribd,scribd,https://www.crunchbase.com/organization/scribd
radema,356,Scribd,https://www.crunchbase.com/organization/scribd,scribd,https://www.crunchbase.com/organization/scribd
datahive,1446,Scribe,https://www.crunchbase.com/organization/scribe-2,scribe-2,https://www.crunchbase.com/organization/scribe-2
radema,1446,Scribe,https://www.crunchbase.com/organization/scribe-2,scribe-2,https://www.crunchbase.com/organization/scribe-2
datahive,22048,Scrimba,https://www.crunchbase.com/organization/scrimba,scrimba,https://www.crunchbase.com/organization/scrimba
radema,22048,Scrimba,https://www.crunchbase.com/organization/scrimba,scrimba,https://www.crunchbase.com/organization/scrimba
datahive,1898,Searchlight,https://www.crunchbase.com/organization/searchlight-057a,searchlight-057a,https://www.crunchbase.com/organization/searchlight-057a
radema,1898,Searchlight,https://www.crunchbase.com/organization/searchlight-057a,searchlight-057a,https://www.crunchbase.com/organization/searchlight-057a
datahive,12238,Seawise Capital,https://www.crunchbase.com/organization/seawise-capital,seawise-capital,https://www.crunchbase.com/organization/seawise-capital
radema,12238,Seawise Capital,https://www.crunchbase.com/organization/seawise-capital,seawise-capital,https://www.crunchbase.com/organization/seawise-capital
datahive,24191,Secoda,https://www.crunchbase.com/organization/secoda,secoda,https://www.crunchbase.com/organization/secoda
radema,24191,Secoda,https://www.crunchbase.com/organization/secoda,secoda,https://www.crunchbase.com/organization/secoda
datahive,28368,Second,https://www.crunchbase.com/organization/second-65ed,second-65ed,https://www.crunchbase.com/organization/second-65ed
radema,28368,Second,https://www.crunchbase.com/organization/second-65ed,second-65ed,https://www.crunchbase.com/organization/second-65ed
datahive,877,Second Measure,https://www.crunchbase.com/organization/second-measure,second-measure,https://www.crunchbase.com/organization/second-measure
radema,877,Second Measure,https://www.crunchbase.com/organization/second-measure,second-measure,https://www.crunchbase.com/organization/second-measure
radema,1380,Securly,https://www.crunchbase.com/organization/securly,securly,https://www.crunchbase.com/organization/securly
datahive,829,Seed,https://www.crunchbase.com/organization/seed-2,seed-2,https://www.crunchbase.com/organization/seed-2
radema,829,Seed,https://www.crunchbase.com/organization/seed-2,seed-2,https://www.crunchbase.com/organization/seed-2
datahive,1268,Seerslab,https://www.crunchbase.com/organization/seerslab,seerslab,https://www.crunchbase.com/organization/seerslab
radema,1268,Seerslab,https://www.crunchbase.com/organization/seerslab,seerslab,https://www.crunchbase.com/organization/seerslab
datahive,88,Segment,https://www.crunchbase.com/organization/segment-io,segment-io,https://www.crunchbase.com/organization/segment-io
kaggle_startups,,Segment.io,http://www.crunchbase.com/organization/segment-io,segment-io,https://www.crunchbase.com/organization/segment-io
radema,88,Segment,https://www.crunchbase.com/organization/segment-io,segment-io,https://www.crunchbase.com/organization/segment-io
datahive,22743,Segments.ai,https://www.crunchbase.com/organization/segments-ai,segments-ai,https://www.crunchbase.com/organization/segments-ai
radema,22743,Segments.ai,https://www.crunchbase.com/organization/segments-ai,segments-ai,https://www.crunchbase.com/organization/segments-ai
radema,1186,Selfycart,https://www.crunchbase.com/organization/selfycart,selfycart,https://www.crunchbase.com/organization/selfycart
kaggle_startups,,SellStage (now Videopixie),http://www.crunchbase.com/organization/sellstage,sellstage,https://www.crunchbase.com/organization/sellstage
datahive,511,Semantics3,https://www.crunchbase.com/organization/semantics3,semantics3,https://www.crunchbase.com/organization/semantics3
kaggle_startups,,Semantics3,http://www.crunchbase.com/organization/semantics3,semantics3,https://www.crunchbase.com/organization/semantics3
radema,511,Semantics3,https://www.crunchbase.com/organization/semantics3,semantics3,https://www.crunchbase.com/organization/semantics3
datahive,1627,Semantix,https://www.crunchbase.com/organization/semantix-2,semantix-2,https://www.crunchbase.com/organization/semantix-2
radema,1627,Semantix,https://www.crunchbase.com/organization/semantix-2,semantix-2,https://www.crunchbase.com/organization/semantix-2
datahive,13524,SEND,https://www.crunchbase.com/organization/send-6a97,send-6a97,https://www.crunchbase.com/organization/send-6a97
radema,13524,SEND,https://www.crunchbase.com/organization/send-6a97,send-6a97,https://www.crunchbase.com/organization/send-6a97
datahive,1079,Sendbird,https://www.crunchbase.com/organization/sendbird,sendbird,https://www.crunchbase.com/organization/sendbird
radema,1079,Sendbird,https://www.crunchbase.com/organization/sendbird,sendbird,https://www.crunchbase.com/organization/sendbird
datahive,11,SendHub,https://www.crunchbase.com/organization/sendhub,sendhub,https://www.crunchbase.com/organization/sendhub
kaggle_startups,,SendHub,http://www.crunchbase.com/organization/sendhub,sendhub,https://www.crunchbase.com/organization/sendhub
radema,11,SendHub,https://www.crunchbase.com/organization/sendhub,sendhub,https://www.crunchbase.com/organization/sendhub
datahive,144,Sendoid,https://www.crunchbase.com/organization/sendoid,sendoid,https://www.crunchbase.com/organization/sendoid
kaggle_startups,,Sendoid,http://www.crunchbase.com/organization/sendoid,sendoid,https://www.crunchbase.com/organization/sendoid
radema,144,Sendoid,https://www.crunchbase.com/organization/sendoid,sendoid,https://www.crunchbase.com/organization/sendoid
datahive,60,Sendwave,https://www.crunchbase.com/organization/sendwave,sendwave,https://www.crunchbase.com/organization/sendwave
radema,60,Sendwave,https://www.crunchbase.com/organization/sendwave,sendwave,https://www.crunchbase.com/organization/sendwave
datahive,643,Dyspatch,https://www.crunchbase.com/organization/sendwithus,sendwithus,https://www.crunchbase.com/organization/sendwithus
kaggle_startups,,Sendwithus,http://www.crunchbase.com/organization/sendwithus,sendwithus,https://www.crunchbase.com/organization/sendwithus
radema,643,Dyspatch,https://www.crunchbase.com/organization/sendwithus,sendwithus,https://www.crunchbase.com/organization/sendwithus
datahive,1182,Seneca Systems,https://www.crunchbase.com/organization/seneca-systems,seneca-systems,https://www.crunchbase.com/organization/seneca-systems
radema,1182,Seneca Systems,https://www.crunchbase.com/organization/seneca-systems,seneca-systems,https://www.crunchbase.com/organization/seneca-systems
datahive,546,Senic,https://www.crunchbase.com/organization/senic,senic,https://www.crunchbase.com/organization/senic
kaggle_startups,,Senic,http://www.crunchbase.com/organization/senic,senic,https://www.crunchbase.com/organization/senic
radema,546,Senic,https://www.crunchbase.com/organization/senic,senic,https://www.crunchbase.com/organization/senic
datahive,30294,Sennu AI,https://www.crunchbase.com/organization/sennu-ai,sennu-ai,https://www.crunchbase.com/organization/sennu-ai
datahive,24235,SenpAI.GG,https://www.crunchbase.com/organization/senpai-gg,senpai-gg,https://www.crunchbase.com/organization/senpai-gg
radema,24235,SenpAI.GG,https://www.crunchbase.com/organization/senpai-gg,senpai-gg,https://www.crunchbase.com/organization/senpai-gg
datahive,24705,Sensible Biotechnologies,https://www.crunchbase.com/organization/sensible-biotechnologies,sensible-biotechnologies,https://www.crunchbase.com/organization/sensible-biotechnologies
radema,24705,Sensible Biotechnologies,https://www.crunchbase.com/organization/sensible-biotechnologies,sensible-biotechnologies,https://www.crunchbase.com/organization/sensible-biotechnologies
datahive,29471,Senso,https://www.crunchbase.com/organization/senso-2,senso-2,https://www.crunchbase.com/organization/senso-2
radema,29471,Senso,https://www.crunchbase.com/organization/senso-2,senso-2,https://www.crunchbase.com/organization/senso-2
datahive,27942,SensorSurf,https://www.crunchbase.com/organization/sensorsurf,sensorsurf,https://www.crunchbase.com/organization/sensorsurf
radema,27942,Technician,https://www.crunchbase.com/organization/sensorsurf,sensorsurf,https://www.crunchbase.com/organization/sensorsurf
datahive,12941,Sequence Bio,https://www.crunchbase.com/organization/sequence-bio,sequence-bio,https://www.crunchbase.com/organization/sequence-bio
radema,12941,Sequence Bio,https://www.crunchbase.com/organization/sequence-bio,sequence-bio,https://www.crunchbase.com/organization/sequence-bio
datahive,24381,Sequin,https://www.crunchbase.com/organization/sequin-financial,sequin-financial,https://www.crunchbase.com/organization/sequin-financial
radema,24381,Sequin,https://www.crunchbase.com/organization/sequin-financial,sequin-financial,https://www.crunchbase.com/organization/sequin-financial
datahive,863,Serica,https://www.crunchbase.com/organization/sericapay,sericapay,https://www.crunchbase.com/organization/sericapay
radema,863,Serica,https://www.crunchbase.com/organization/sericapay,sericapay,https://www.crunchbase.com/organization/sericapay
datahive,25679,Sero,https://www.crunchbase.com/organization/sero-4ec0,sero-4ec0,https://www.crunchbase.com/organization/sero-4ec0
radema,25679,Sero,https://www.crunchbase.com/organization/sero-4ec0,sero-4ec0,https://www.crunchbase.com/organization/sero-4ec0
radema,1425,Sesame,https://www.crunchbase.com/organization/sesame-hq,sesame-hq,https://www.crunchbase.com/organization/sesame-hq
datahive,935,Seva Coffee,https://www.crunchbase.com/organization/seva-coffee,seva-coffee,https://www.crunchbase.com/organization/seva-coffee
radema,935,Seva Coffee,https://www.crunchbase.com/organization/seva-coffee,seva-coffee,https://www.crunchbase.com/organization/seva-coffee
datahive,702,SFOX,https://www.crunchbase.com/organization/sfox,sfox,https://www.crunchbase.com/organization/sfox
radema,702,SFOX,https://www.crunchbase.com/organization/sfox,sfox,https://www.crunchbase.com/organization/sfox
datahive,936,Shape (ShapeScale),https://www.crunchbase.com/organization/shapescale,shapescale,https://www.crunchbase.com/organization/shapescale
radema,936,Shape (ShapeScale),https://www.crunchbase.com/organization/shapescale,shapescale,https://www.crunchbase.com/organization/shapescale
datahive,1022,Bus.com,https://www.crunchbase.com/organization/sharethebus,sharethebus,https://www.crunchbase.com/organization/sharethebus
radema,1022,Bus.com,https://www.crunchbase.com/organization/sharethebus,sharethebus,https://www.crunchbase.com/organization/sharethebus
datahive,1827,SharpestMinds,https://www.crunchbase.com/organization/sharpestminds,sharpestminds,https://www.crunchbase.com/organization/sharpestminds
radema,1827,SharpestMinds,https://www.crunchbase.com/organization/sharpestminds,sharpestminds,https://www.crunchbase.com/organization/sharpestminds
datahive,857,Shasqi,https://www.crunchbase.com/organization/shasqi,shasqi,https://www.crunchbase.com/organization/shasqi
radema,857,Shasqi,https://www.crunchbase.com/organization/shasqi,shasqi,https://www.crunchbase.com/organization/shasqi
datahive,1753,SRTX,https://www.crunchbase.com/organization/sheerly-genius,sheerly-genius,https://www.crunchbase.com/organization/sheerly-genius
radema,1753,SRTX,https://www.crunchbase.com/organization/sheerly-genius,sheerly-genius,https://www.crunchbase.com/organization/sheerly-genius
datahive,12393,Shef,https://www.crunchbase.com/organization/shef,shef,https://www.crunchbase.com/organization/shef
radema,12393,Shef,https://www.crunchbase.com/organization/shef,shef,https://www.crunchbase.com/organization/shef
datahive,27987,Shekel Mobility,https://www.crunchbase.com/organization/shekel,shekel,https://www.crunchbase.com/organization/shekel
radema,27987,Shekel Mobility,https://www.crunchbase.com/organization/shekel,shekel,https://www.crunchbase.com/organization/shekel
datahive,2001,Shelf Engine,https://www.crunchbase.com/organization/shelf-engine,shelf-engine,https://www.crunchbase.com/organization/shelf-engine
radema,2001,Shelf Engine,https://www.crunchbase.com/organization/shelf-engine,shelf-engine,https://www.crunchbase.com/organization/shelf-engine
datahive,23599,Shepherd,https://www.crunchbase.com/organization/shepherd-a537,shepherd-a537,https://www.crunchbase.com/organization/shepherd-a537
radema,23599,Shepherd,https://www.crunchbase.com/organization/shepherd-a537,shepherd-a537,https://www.crunchbase.com/organization/shepherd-a537
datahive,784,Shift Messenger,https://www.crunchbase.com/organization/shift-messenger,shift-messenger,https://www.crunchbase.com/organization/shift-messenger
radema,784,Shift Messenger,https://www.crunchbase.com/organization/shift-messenger,shift-messenger,https://www.crunchbase.com/organization/shift-messenger
datahive,704,Apto Payments,https://www.crunchbase.com/organization/shift-payments,shift-payments,https://www.crunchbase.com/organization/shift-payments
kaggle_startups,,Shift Payments,http://www.crunchbase.com/organization/shift-payments,shift-payments,https://www.crunchbase.com/organization/shift-payments
radema,704,Apto Payments,https://www.crunchbase.com/organization/shift-payments,shift-payments,https://www.crunchbase.com/organization/shift-payments
datahive,785,Shift Labs,https://www.crunchbase.com/organization/shiftlabs,shiftlabs,https://www.crunchbase.com/organization/shiftlabs
radema,785,Shift Labs,https://www.crunchbase.com/organization/shiftlabs,shiftlabs,https://www.crunchbase.com/organization/shiftlabs
datahive,24406,Shimmer,https://www.crunchbase.com/organization/shimmer-76ec,shimmer-76ec,https://www.crunchbase.com/organization/shimmer-76ec
radema,24406,Shimmer,https://www.crunchbase.com/organization/shimmer-76ec,shimmer-76ec,https://www.crunchbase.com/organization/shimmer-76ec
datahive,12241,Shiok Meats,https://www.crunchbase.com/organization/shiok-meats,shiok-meats,https://www.crunchbase.com/organization/shiok-meats
radema,12241,Shiok Meats,https://www.crunchbase.com/organization/shiok-meats,shiok-meats,https://www.crunchbase.com/organization/shiok-meats
datahive,1456,Shipamax,https://www.crunchbase.com/organization/shipamax,shipamax,https://www.crunchbase.com/organization/shipamax
radema,1456,Shipamax,https://www.crunchbase.com/organization/shipamax,shipamax,https://www.crunchbase.com/organization/shipamax
datahive,24385,ShipBlu,https://www.crunchbase.com/organization/shipblu,shipblu,https://www.crunchbase.com/organization/shipblu
radema,24385,ShipBlu,https://www.crunchbase.com/organization/shipblu,shipblu,https://www.crunchbase.com/organization/shipblu
datahive,705,ShipBob,https://www.crunchbase.com/organization/shipbob,shipbob,https://www.crunchbase.com/organization/shipbob
kaggle_startups,,ShipBob,http://www.crunchbase.com/organization/shipbob,shipbob,https://www.crunchbase.com/organization/shipbob
radema,705,ShipBob,https://www.crunchbase.com/organization/shipbob,shipbob,https://www.crunchbase.com/organization/shipbob
datahive,26871,Shipmates,https://www.crunchbase.com/organization/shipmates-7b21,shipmates-7b21,https://www.crunchbase.com/organization/shipmates-7b21
radema,26871,Shipmates,https://www.crunchbase.com/organization/shipmates-7b21,shipmates-7b21,https://www.crunchbase.com/organization/shipmates-7b21
datahive,12373,Shipper,https://www.crunchbase.com/organization/shipper-35b4,shipper-35b4,https://www.crunchbase.com/organization/shipper-35b4
radema,12373,Shipper,https://www.crunchbase.com/organization/shipper-35b4,shipper-35b4,https://www.crunchbase.com/organization/shipper-35b4
datahive,1732,Shogun,https://www.crunchbase.com/organization/shogun,shogun,https://www.crunchbase.com/organization/shogun
radema,1732,Shogun,https://www.crunchbase.com/organization/shogun,shogun,https://www.crunchbase.com/organization/shogun
datahive,1825,Shone,https://www.crunchbase.com/organization/shone-io,shone-io,https://www.crunchbase.com/organization/shone-io
radema,1825,Shone,https://www.crunchbase.com/organization/shone-io,shone-io,https://www.crunchbase.com/organization/shone-io
datahive,619,Shoobs,https://www.crunchbase.com/organization/shoobs,shoobs,https://www.crunchbase.com/organization/shoobs
kaggle_startups,,Shoobs,http://www.crunchbase.com/organization/shoobs,shoobs,https://www.crunchbase.com/organization/shoobs
radema,619,Shoobs,https://www.crunchbase.com/organization/shoobs,shoobs,https://www.crunchbase.com/organization/shoobs
kaggle_startups,,Theorem,http://www.crunchbase.com/organization/shop-theorem,shop-theorem,https://www.crunchbase.com/organization/shop-theorem
radema,623,Shopagram,https://www.crunchbase.com/organization/shopagram,shopagram,https://www.crunchbase.com/organization/shopagram
datahive,31,Shoptiques,https://www.crunchbase.com/organization/shoptiques,shoptiques,https://www.crunchbase.com/organization/shoptiques
kaggle_startups,,Shoptiques,http://www.crunchbase.com/organization/shoptiques,shoptiques,https://www.crunchbase.com/organization/shoptiques
radema,31,Shoptiques,https://www.crunchbase.com/organization/shoptiques,shoptiques,https://www.crunchbase.com/organization/shoptiques
datahive,1013,LendEDU,https://www.crunchbase.com/organization/shoptutors,shoptutors,https://www.crunchbase.com/organization/shoptutors
radema,1013,LendEDU,https://www.crunchbase.com/organization/shoptutors,shoptutors,https://www.crunchbase.com/organization/shoptutors
datahive,67,Shopular,https://www.crunchbase.com/organization/shopularapp,shopularapp,https://www.crunchbase.com/organization/shopularapp
kaggle_startups,,Shopular,http://www.crunchbase.com/organization/shopularapp,shopularapp,https://www.crunchbase.com/organization/shopularapp
radema,67,Shopular,https://www.crunchbase.com/organization/shopularapp,shopularapp,https://www.crunchbase.com/organization/shopularapp
datahive,1915,ShopWith,https://www.crunchbase.com/organization/shopwith-san-francisco-california,shopwith-san-francisco-california,https://www.crunchbase.com/organization/shopwith-san-francisco-california
radema,1915,ShopWith,https://www.crunchbase.com/organization/shopwith-san-francisco-california,shopwith-san-francisco-california,https://www.crunchbase.com/organization/shopwith-san-francisco-california
datahive,30619,Shor,https://www.crunchbase.com/organization/shor,shor,https://www.crunchbase.com/organization/shor
datahive,12572,Short Story,https://www.crunchbase.com/organization/short-story,short-story,https://www.crunchbase.com/organization/short-story
radema,12572,Short Story,https://www.crunchbase.com/organization/short-story,short-story,https://www.crunchbase.com/organization/short-story
datahive,892,Shotput,https://www.crunchbase.com/organization/shotput,shotput,https://www.crunchbase.com/organization/shotput
radema,892,Shotput,https://www.crunchbase.com/organization/shotput,shotput,https://www.crunchbase.com/organization/shotput
datahive,706,Shout,https://www.crunchbase.com/organization/shout-app,shout-app,https://www.crunchbase.com/organization/shout-app
kaggle_startups,,Shout,http://www.crunchbase.com/organization/shout-app,shout-app,https://www.crunchbase.com/organization/shout-app
radema,706,Shout,https://www.crunchbase.com/organization/shout-app,shout-app,https://www.crunchbase.com/organization/shout-app
kaggle_startups,,Shoutfit,http://www.crunchbase.com/organization/shoutfit,shoutfit,https://www.crunchbase.com/organization/shoutfit
radema,1390,Showbie,https://www.crunchbase.com/organization/showbie,showbie,https://www.crunchbase.com/organization/showbie
datahive,937,Shred Video,https://www.crunchbase.com/organization/shred-video,shred-video,https://www.crunchbase.com/organization/shred-video
radema,937,Shred Video,https://www.crunchbase.com/organization/shred-video,shred-video,https://www.crunchbase.com/organization/shred-video
datahive,1071,Sanitation and Health Rights in India (SHRI),https://www.crunchbase.com/organization/shri,shri,https://www.crunchbase.com/organization/shri
radema,1071,Sanitation and Health Rights in India (SHRI),https://www.crunchbase.com/organization/shri,shri,https://www.crunchbase.com/organization/shri
datahive,25476,Shuttle Central,https://www.crunchbase.com/organization/shuttle-central,shuttle-central,https://www.crunchbase.com/organization/shuttle-central
datahive,1061,Envyl,https://www.crunchbase.com/organization/shypmate,shypmate,https://www.crunchbase.com/organization/shypmate
radema,1061,Envyl,https://www.crunchbase.com/organization/shypmate,shypmate,https://www.crunchbase.com/organization/shypmate
datahive,167,Siasto,https://www.crunchbase.com/organization/siasto,siasto,https://www.crunchbase.com/organization/siasto
kaggle_startups,,Siasto,http://www.crunchbase.com/organization/siasto,siasto,https://www.crunchbase.com/organization/siasto
radema,167,Siasto,https://www.crunchbase.com/organization/siasto,siasto,https://www.crunchbase.com/organization/siasto
datahive,102,Sift,https://www.crunchbase.com/organization/sift-science,sift-science,https://www.crunchbase.com/organization/sift-science
kaggle_startups,,Sift Science,http://www.crunchbase.com/organization/sift-science,sift-science,https://www.crunchbase.com/organization/sift-science
radema,102,Sift,https://www.crunchbase.com/organization/sift-science,sift-science,https://www.crunchbase.com/organization/sift-science
datahive,1581,Sigma Genetics,https://www.crunchbase.com/organization/sigma-genetics-inc,sigma-genetics-inc,https://www.crunchbase.com/organization/sigma-genetics-inc
radema,1581,Sigma Genetics,https://www.crunchbase.com/organization/sigma-genetics-inc,sigma-genetics-inc,https://www.crunchbase.com/organization/sigma-genetics-inc
datahive,24282,SigmaOS,https://www.crunchbase.com/organization/sigmaos,sigmaos,https://www.crunchbase.com/organization/sigmaos
radema,24282,SigmaOS,https://www.crunchbase.com/organization/sigmaos,sigmaos,https://www.crunchbase.com/organization/sigmaos
datahive,13179,Signadot,https://www.crunchbase.com/organization/signadot,signadot,https://www.crunchbase.com/organization/signadot
radema,13179,Signadot,https://www.crunchbase.com/organization/signadot,signadot,https://www.crunchbase.com/organization/signadot
datahive,830,SigOpt,https://www.crunchbase.com/organization/sigopt,sigopt,https://www.crunchbase.com/organization/sigopt
radema,830,SigOpt,https://www.crunchbase.com/organization/sigopt,sigopt,https://www.crunchbase.com/organization/sigopt
datahive,25249,SilkChart,https://www.crunchbase.com/organization/silkchart,silkchart,https://www.crunchbase.com/organization/silkchart
radema,25249,SilkChart,https://www.crunchbase.com/organization/silkchart,silkchart,https://www.crunchbase.com/organization/silkchart
datahive,1072,Silver,https://www.crunchbase.com/organization/silver,silver,https://www.crunchbase.com/organization/silver
radema,1072,Silver,https://www.crunchbase.com/organization/silver,silver,https://www.crunchbase.com/organization/silver
datahive,1752,Simetrik,https://www.crunchbase.com/organization/simetrik,simetrik,https://www.crunchbase.com/organization/simetrik
radema,1752,Simetrik,https://www.crunchbase.com/organization/simetrik,simetrik,https://www.crunchbase.com/organization/simetrik
kaggle_startups,,Simmery,http://www.crunchbase.com/organization/simmery,simmery,https://www.crunchbase.com/organization/simmery
datahive,182,Simperium,https://www.crunchbase.com/organization/simperium,simperium,https://www.crunchbase.com/organization/simperium
kaggle_startups,,Simperium,http://www.crunchbase.com/organization/simperium,simperium,https://www.crunchbase.com/organization/simperium
radema,182,Simperium,https://www.crunchbase.com/organization/simperium,simperium,https://www.crunchbase.com/organization/simperium
datahive,29785,Simple AI,https://www.crunchbase.com/organization/simple-ai-9d81,simple-ai-9d81,https://www.crunchbase.com/organization/simple-ai-9d81
datahive,1211,SimpleCitizen,https://www.crunchbase.com/organization/simplecitizen,simplecitizen,https://www.crunchbase.com/organization/simplecitizen
radema,1211,SimpleCitizen,https://www.crunchbase.com/organization/simplecitizen,simplecitizen,https://www.crunchbase.com/organization/simplecitizen
datahive,533,SimpleLegal,https://www.crunchbase.com/organization/simplelegal,simplelegal,https://www.crunchbase.com/organization/simplelegal
kaggle_startups,,SimpleLegal,http://www.crunchbase.com/organization/simplelegal,simplelegal,https://www.crunchbase.com/organization/simplelegal
radema,533,SimpleLegal,https://www.crunchbase.com/organization/simplelegal,simplelegal,https://www.crunchbase.com/organization/simplelegal
datahive,23056,Simplify,https://www.crunchbase.com/organization/simplify-d633,simplify-d633,https://www.crunchbase.com/organization/simplify-d633
radema,23056,Simplify,https://www.crunchbase.com/organization/simplify-d633,simplify-d633,https://www.crunchbase.com/organization/simplify-d633
datahive,500,SimplyInsured,https://www.crunchbase.com/organization/simplyinsured,simplyinsured,https://www.crunchbase.com/organization/simplyinsured
kaggle_startups,,SimplyInsured,http://www.crunchbase.com/organization/simplyinsured,simplyinsured,https://www.crunchbase.com/organization/simplyinsured
radema,500,SimplyInsured,https://www.crunchbase.com/organization/simplyinsured,simplyinsured,https://www.crunchbase.com/organization/simplyinsured
datahive,175,SimplyListed,https://www.crunchbase.com/organization/simplylisted,simplylisted,https://www.crunchbase.com/organization/simplylisted
radema,175,SimplyListed,https://www.crunchbase.com/organization/simplylisted,simplylisted,https://www.crunchbase.com/organization/simplylisted
datahive,1448,Sinovia Technologies,https://www.crunchbase.com/organization/sinovia,sinovia,https://www.crunchbase.com/organization/sinovia
radema,1448,Sinovia Technologies,https://www.crunchbase.com/organization/sinovia,sinovia,https://www.crunchbase.com/organization/sinovia
datahive,22319,SiPhox Health,https://www.crunchbase.com/organization/siphox,siphox,https://www.crunchbase.com/organization/siphox
radema,22319,SiPhox Health,https://www.crunchbase.com/organization/siphox,siphox,https://www.crunchbase.com/organization/siphox
datahive,27984,Sirdab,https://www.crunchbase.com/organization/sirdab,sirdab,https://www.crunchbase.com/organization/sirdab
radema,27984,Sirdab,https://www.crunchbase.com/organization/sirdab,sirdab,https://www.crunchbase.com/organization/sirdab
datahive,24514,Sirka,https://www.crunchbase.com/organization/sirka,sirka,https://www.crunchbase.com/organization/sirka
radema,24514,Sirka,https://www.crunchbase.com/organization/sirka,sirka,https://www.crunchbase.com/organization/sirka
datahive,787,SIRUM,https://www.crunchbase.com/organization/sirum,sirum,https://www.crunchbase.com/organization/sirum
radema,787,SIRUM,https://www.crunchbase.com/organization/sirum,sirum,https://www.crunchbase.com/organization/sirum
datahive,22776,Sivo,https://www.crunchbase.com/organization/sivo,sivo,https://www.crunchbase.com/organization/sivo
radema,22776,Sivo,https://www.crunchbase.com/organization/sivo,sivo,https://www.crunchbase.com/organization/sivo
datahive,212,Mertado,https://www.crunchbase.com/organization/six-times-seven,six-times-seven,https://www.crunchbase.com/organization/six-times-seven
kaggle_startups,,Mertado,http://www.crunchbase.com/organization/six-times-seven,six-times-seven,https://www.crunchbase.com/organization/six-times-seven
radema,212,Mertado,https://www.crunchbase.com/organization/six-times-seven,six-times-seven,https://www.crunchbase.com/organization/six-times-seven
radema,1189,Sixa,https://www.crunchbase.com/organization/sixa,sixa,https://www.crunchbase.com/organization/sixa
datahive,1746,Sixfold Bioscience,https://www.crunchbase.com/organization/sixfold-bioscience,sixfold-bioscience,https://www.crunchbase.com/organization/sixfold-bioscience
radema,1746,Sixfold Bioscience,https://www.crunchbase.com/organization/sixfold-bioscience,sixfold-bioscience,https://www.crunchbase.com/organization/sixfold-bioscience
datahive,1724,Sketchbox,https://www.crunchbase.com/organization/sketchbox,sketchbox,https://www.crunchbase.com/organization/sketchbox
radema,1724,Sketchbox,https://www.crunchbase.com/organization/sketchbox,sketchbox,https://www.crunchbase.com/organization/sketchbox
datahive,620,SketchDeck,https://www.crunchbase.com/organization/sketchdeck,sketchdeck,https://www.crunchbase.com/organization/sketchdeck
kaggle_startups,,SketchDeck,http://www.crunchbase.com/organization/sketchdeck,sketchdeck,https://www.crunchbase.com/organization/sketchdeck
radema,620,SketchDeck,https://www.crunchbase.com/organization/sketchdeck,sketchdeck,https://www.crunchbase.com/organization/sketchdeck
datahive,12234,Skill-lync,https://www.crunchbase.com/organization/skill-lync,skill-lync,https://www.crunchbase.com/organization/skill-lync
radema,12234,Skill-lync,https://www.crunchbase.com/organization/skill-lync,skill-lync,https://www.crunchbase.com/organization/skill-lync
datahive,22050,Skio,https://www.crunchbase.com/organization/skiohq,skiohq,https://www.crunchbase.com/organization/skiohq
radema,22050,Skio,https://www.crunchbase.com/organization/skiohq,skiohq,https://www.crunchbase.com/organization/skiohq
datahive,1764,Skip,https://www.crunchbase.com/organization/skip-scooters,skip-scooters,https://www.crunchbase.com/organization/skip-scooters
radema,1764,Skip,https://www.crunchbase.com/organization/skip-scooters,skip-scooters,https://www.crunchbase.com/organization/skip-scooters
datahive,1437,SkyLights,https://www.crunchbase.com/organization/skylights,skylights,https://www.crunchbase.com/organization/skylights
radema,1437,SkyLights,https://www.crunchbase.com/organization/skylights,skylights,https://www.crunchbase.com/organization/skylights
datahive,1073,Pathmind,https://www.crunchbase.com/organization/skymind,skymind,https://www.crunchbase.com/organization/skymind
radema,1073,Pathmind,https://www.crunchbase.com/organization/skymind,skymind,https://www.crunchbase.com/organization/skymind
datahive,13322,Skypher,https://www.crunchbase.com/organization/skypher,skypher,https://www.crunchbase.com/organization/skypher
radema,13322,Skypher,https://www.crunchbase.com/organization/skypher,skypher,https://www.crunchbase.com/organization/skypher
datahive,266,Skysheet,https://www.crunchbase.com/organization/skysheet,skysheet,https://www.crunchbase.com/organization/skysheet
kaggle_startups,,Skysheet,http://www.crunchbase.com/organization/skysheet,skysheet,https://www.crunchbase.com/organization/skysheet
radema,266,Skysheet,https://www.crunchbase.com/organization/skysheet,skysheet,https://www.crunchbase.com/organization/skysheet
datahive,1583,Skyways,https://www.crunchbase.com/organization/skyways,skyways,https://www.crunchbase.com/organization/skyways
radema,1583,Skyways,https://www.crunchbase.com/organization/skyways,skyways,https://www.crunchbase.com/organization/skyways
datahive,12239,Slapdash,https://www.crunchbase.com/organization/slapdash-app,slapdash-app,https://www.crunchbase.com/organization/slapdash-app
radema,12239,Slapdash,https://www.crunchbase.com/organization/slapdash-app,slapdash-app,https://www.crunchbase.com/organization/slapdash-app
kaggle_startups,,SlapVid,http://www.crunchbase.com/organization/slapvid,slapvid,https://www.crunchbase.com/organization/slapvid
datahive,24135,Sleek,https://www.crunchbase.com/organization/sleek-794e,sleek-794e,https://www.crunchbase.com/organization/sleek-794e
radema,24135,Sleek,https://www.crunchbase.com/organization/sleek-794e,sleek-794e,https://www.crunchbase.com/organization/sleek-794e
kaggle_startups,,Sliced Investing,http://www.crunchbase.com/organization/sliced-investing,sliced-investing,https://www.crunchbase.com/organization/sliced-investing
datahive,736,Sliced Investing,https://www.crunchbase.com/organization/slicedinvesting,slicedinvesting,https://www.crunchbase.com/organization/slicedinvesting
radema,736,Sliced Investing,https://www.crunchbase.com/organization/slicedinvesting,slicedinvesting,https://www.crunchbase.com/organization/slicedinvesting
datahive,1637,Slik,https://www.crunchbase.com/organization/slik,slik,https://www.crunchbase.com/organization/slik
radema,1637,Slik,https://www.crunchbase.com/organization/slik,slik,https://www.crunchbase.com/organization/slik
datahive,302,Slinkset,https://www.crunchbase.com/organization/slinkset,slinkset,https://www.crunchbase.com/organization/slinkset
kaggle_startups,,Slinkset,http://www.crunchbase.com/organization/slinkset,slinkset,https://www.crunchbase.com/organization/slinkset
radema,302,Slinkset,https://www.crunchbase.com/organization/slinkset,slinkset,https://www.crunchbase.com/organization/slinkset
datahive,1748,Slite,https://www.crunchbase.com/organization/slite,slite,https://www.crunchbase.com/organization/slite
radema,1748,Slite,https://www.crunchbase.com/organization/slite,slite,https://www.crunchbase.com/organization/slite
datahive,788,Smarking,https://www.crunchbase.com/organization/smarking,smarking,https://www.crunchbase.com/organization/smarking
radema,788,Smarking,https://www.crunchbase.com/organization/smarking,smarking,https://www.crunchbase.com/organization/smarking
datahive,1523,Smart Alto,https://www.crunchbase.com/organization/smart-alto,smart-alto,https://www.crunchbase.com/organization/smart-alto
radema,1523,Smart Alto,https://www.crunchbase.com/organization/smart-alto,smart-alto,https://www.crunchbase.com/organization/smart-alto
datahive,414,SmartAsset,https://www.crunchbase.com/organization/smartasset,smartasset,https://www.crunchbase.com/organization/smartasset
kaggle_startups,,SmartAsset,http://www.crunchbase.com/organization/smartasset,smartasset,https://www.crunchbase.com/organization/smartasset
radema,414,SmartAsset,https://www.crunchbase.com/organization/smartasset,smartasset,https://www.crunchbase.com/organization/smartasset
radema,1375,SmarterCookie,https://www.crunchbase.com/organization/smartercookie,smartercookie,https://www.crunchbase.com/organization/smartercookie
datahive,25733,SmartHelio,https://www.crunchbase.com/organization/smarthelio,smarthelio,https://www.crunchbase.com/organization/smarthelio
radema,25733,SmartHelio,https://www.crunchbase.com/organization/smarthelio,smarthelio,https://www.crunchbase.com/organization/smarthelio
datahive,1277,SmartPath,https://www.crunchbase.com/organization/smartpath,smartpath,https://www.crunchbase.com/organization/smartpath
radema,1277,SmartPath,https://www.crunchbase.com/organization/smartpath,smartpath,https://www.crunchbase.com/organization/smartpath
radema,1185,SmartSite,https://www.crunchbase.com/organization/smartsite,smartsite,https://www.crunchbase.com/organization/smartsite
datahive,750,Smyte,https://www.crunchbase.com/organization/smyte,smyte,https://www.crunchbase.com/organization/smyte
radema,750,Smyte,https://www.crunchbase.com/organization/smyte,smyte,https://www.crunchbase.com/organization/smyte
datahive,1882,Snackpass,https://www.crunchbase.com/organization/snackpass,snackpass,https://www.crunchbase.com/organization/snackpass
radema,1882,Snackpass,https://www.crunchbase.com/organization/snackpass,snackpass,https://www.crunchbase.com/organization/snackpass
datahive,24142,SnapCalorie,https://www.crunchbase.com/organization/snapcalorie,snapcalorie,https://www.crunchbase.com/organization/snapcalorie
radema,24142,SnapCalorie,https://www.crunchbase.com/organization/snapcalorie,snapcalorie,https://www.crunchbase.com/organization/snapcalorie
datahive,622,Snapdocs,https://www.crunchbase.com/organization/snapdocs,snapdocs,https://www.crunchbase.com/organization/snapdocs
radema,622,Snapdocs,https://www.crunchbase.com/organization/snapdocs,snapdocs,https://www.crunchbase.com/organization/snapdocs
datahive,878,SnapMagic,https://www.crunchbase.com/organization/snapeda,snapeda,https://www.crunchbase.com/organization/snapeda
radema,878,SnapMagic,https://www.crunchbase.com/organization/snapeda,snapeda,https://www.crunchbase.com/organization/snapeda
datahive,123,Snapjoy,https://www.crunchbase.com/organization/snapjoy,snapjoy,https://www.crunchbase.com/organization/snapjoy
kaggle_startups,,Snapjoy,http://www.crunchbase.com/organization/snapjoy,snapjoy,https://www.crunchbase.com/organization/snapjoy
radema,123,Snapjoy,https://www.crunchbase.com/organization/snapjoy,snapjoy,https://www.crunchbase.com/organization/snapjoy
datahive,1490,Snappr,https://www.crunchbase.com/organization/snappr-2,snappr-2,https://www.crunchbase.com/organization/snappr-2
radema,1490,Snappr,https://www.crunchbase.com/organization/snappr-2,snappr-2,https://www.crunchbase.com/organization/snappr-2
datahive,320,Snaptalent,https://www.crunchbase.com/organization/snaptalent,snaptalent,https://www.crunchbase.com/organization/snaptalent
kaggle_startups,,Snaptalent,http://www.crunchbase.com/organization/snaptalent,snaptalent,https://www.crunchbase.com/organization/snaptalent
radema,320,Snaptalent,https://www.crunchbase.com/organization/snaptalent,snaptalent,https://www.crunchbase.com/organization/snaptalent
datahive,1910,Activeloop,https://www.crunchbase.com/organization/snark-ai,snark-ai,https://www.crunchbase.com/organization/snark-ai
radema,1910,Activeloop,https://www.crunchbase.com/organization/snark-ai,snark-ai,https://www.crunchbase.com/organization/snark-ai
datahive,297,Snipd,https://www.crunchbase.com/organization/snipd,snipd,https://www.crunchbase.com/organization/snipd
kaggle_startups,,Snipd,http://www.crunchbase.com/organization/snipd,snipd,https://www.crunchbase.com/organization/snipd
radema,297,Snipd,https://www.crunchbase.com/organization/snipd,snipd,https://www.crunchbase.com/organization/snipd
datahive,368,Snipshot,https://www.crunchbase.com/organization/snipshot,snipshot,https://www.crunchbase.com/organization/snipshot
kaggle_startups,,Snipshot,http://www.crunchbase.com/organization/snipshot,snipshot,https://www.crunchbase.com/organization/snipshot
radema,368,Snipshot,https://www.crunchbase.com/organization/snipshot,snipshot,https://www.crunchbase.com/organization/snipshot
datahive,1698,Social Construct,https://www.crunchbase.com/organization/social-construct-company,social-construct-company,https://www.crunchbase.com/organization/social-construct-company
radema,1698,Social Construct,https://www.crunchbase.com/organization/social-construct-company,social-construct-company,https://www.crunchbase.com/organization/social-construct-company
kaggle_startups,,Socialbrowse,http://www.crunchbase.com/organization/socialbrowse,socialbrowse,https://www.crunchbase.com/organization/socialbrowse
datahive,65,Socialcam,https://www.crunchbase.com/organization/socialcam,socialcam,https://www.crunchbase.com/organization/socialcam
kaggle_startups,,SocialCam,http://www.crunchbase.com/organization/socialcam,socialcam,https://www.crunchbase.com/organization/socialcam
radema,65,Socialcam,https://www.crunchbase.com/organization/socialcam,socialcam,https://www.crunchbase.com/organization/socialcam
datahive,353,Socialmoth,https://www.crunchbase.com/organization/socialmoth,socialmoth,https://www.crunchbase.com/organization/socialmoth
kaggle_startups,,SocialMoth,http://www.crunchbase.com/organization/socialmoth,socialmoth,https://www.crunchbase.com/organization/socialmoth
radema,353,Socialmoth,https://www.crunchbase.com/organization/socialmoth,socialmoth,https://www.crunchbase.com/organization/socialmoth
datahive,334,SocialPicks,https://www.crunchbase.com/organization/socialpicks,socialpicks,https://www.crunchbase.com/organization/socialpicks
kaggle_startups,,SocialPicks,http://www.crunchbase.com/organization/socialpicks,socialpicks,https://www.crunchbase.com/organization/socialpicks
radema,334,SocialPicks,https://www.crunchbase.com/organization/socialpicks,socialpicks,https://www.crunchbase.com/organization/socialpicks
datahive,22092,SockSoho,https://www.crunchbase.com/organization/socksoho,socksoho,https://www.crunchbase.com/organization/socksoho
radema,22092,SockSoho,https://www.crunchbase.com/organization/socksoho,socksoho,https://www.crunchbase.com/organization/socksoho
kaggle_startups,,Thread,http://www.crunchbase.com/organization/sofa-labs,sofa-labs,https://www.crunchbase.com/organization/sofa-labs
datahive,28802,Sohar Health,https://www.crunchbase.com/organization/sohar-health,sohar-health,https://www.crunchbase.com/organization/sohar-health
radema,28802,Sohar Health,https://www.crunchbase.com/organization/sohar-health,sohar-health,https://www.crunchbase.com/organization/sohar-health
datahive,57,SolidStage,https://www.crunchbase.com/organization/solidstage,solidstage,https://www.crunchbase.com/organization/solidstage
radema,57,SolidStage,https://www.crunchbase.com/organization/solidstage,solidstage,https://www.crunchbase.com/organization/solidstage
datahive,23036,Solo,https://www.crunchbase.com/organization/solosuit,solosuit,https://www.crunchbase.com/organization/solosuit
radema,23036,SoloSuit,https://www.crunchbase.com/organization/solosuit,solosuit,https://www.crunchbase.com/organization/solosuit
datahive,1513,Solugen,https://www.crunchbase.com/organization/solugen,solugen,https://www.crunchbase.com/organization/solugen
radema,1513,Solugen,https://www.crunchbase.com/organization/solugen,solugen,https://www.crunchbase.com/organization/solugen
datahive,1625,Solve,https://www.crunchbase.com/organization/solve-4,solve-4,https://www.crunchbase.com/organization/solve-4
radema,1625,Solve,https://www.crunchbase.com/organization/solve-4,solve-4,https://www.crunchbase.com/organization/solve-4
datahive,28825,Solve Intelligence,https://www.crunchbase.com/organization/solve-intelligence,solve-intelligence,https://www.crunchbase.com/organization/solve-intelligence
radema,28825,Solve Intelligence,https://www.crunchbase.com/organization/solve-intelligence,solve-intelligence,https://www.crunchbase.com/organization/solve-intelligence
datahive,13479,SOMATIC,https://www.crunchbase.com/organization/somatic-bf50,somatic-bf50,https://www.crunchbase.com/organization/somatic-bf50
radema,13479,SOMATIC,https://www.crunchbase.com/organization/somatic-bf50,somatic-bf50,https://www.crunchbase.com/organization/somatic-bf50
kaggle_startups,,Sonalight,http://www.crunchbase.com/organization/sonalight,sonalight,https://www.crunchbase.com/organization/sonalight
datahive,324,Songkick,https://www.crunchbase.com/organization/songkick,songkick,https://www.crunchbase.com/organization/songkick
kaggle_startups,,Songkick,http://www.crunchbase.com/organization/songkick,songkick,https://www.crunchbase.com/organization/songkick
radema,324,Songkick,https://www.crunchbase.com/organization/songkick,songkick,https://www.crunchbase.com/organization/songkick
datahive,25586,Soon,https://www.crunchbase.com/organization/soonapp,soonapp,https://www.crunchbase.com/organization/soonapp
radema,25586,Soon,https://www.crunchbase.com/organization/soonapp,soonapp,https://www.crunchbase.com/organization/soonapp
datahive,29650,Sorcerer,https://www.crunchbase.com/organization/sorcerer,sorcerer,https://www.crunchbase.com/organization/sorcerer
datahive,974,SOUNDBOKS,https://www.crunchbase.com/organization/sound-boks,sound-boks,https://www.crunchbase.com/organization/sound-boks
radema,974,SOUNDBOKS,https://www.crunchbase.com/organization/sound-boks,sound-boks,https://www.crunchbase.com/organization/sound-boks
datahive,562,SoundFocus,https://www.crunchbase.com/organization/soundfocus,soundfocus,https://www.crunchbase.com/organization/soundfocus
kaggle_startups,,SoundFocus,http://www.crunchbase.com/organization/soundfocus,soundfocus,https://www.crunchbase.com/organization/soundfocus
radema,562,SoundFocus,https://www.crunchbase.com/organization/soundfocus,soundfocus,https://www.crunchbase.com/organization/soundfocus
datahive,879,SourceDNA,https://www.crunchbase.com/organization/sourcedna,sourcedna,https://www.crunchbase.com/organization/sourcedna
radema,879,SourceDNA,https://www.crunchbase.com/organization/sourcedna,sourcedna,https://www.crunchbase.com/organization/sourcedna
datahive,486,Cheetah,https://www.crunchbase.com/organization/sourcery,sourcery,https://www.crunchbase.com/organization/sourcery
radema,486,Cheetah,https://www.crunchbase.com/organization/sourcery,sourcery,https://www.crunchbase.com/organization/sourcery
radema,1424,Sown To Grow,https://www.crunchbase.com/organization/sown-to-grow,sown-to-grow,https://www.crunchbase.com/organization/sown-to-grow
datahive,410,Soylent,https://www.crunchbase.com/organization/soylent-corporation,soylent-corporation,https://www.crunchbase.com/organization/soylent-corporation
radema,410,Soylent,https://www.crunchbase.com/organization/soylent-corporation,soylent-corporation,https://www.crunchbase.com/organization/soylent-corporation
datahive,276,Spaces Life,https://www.crunchbase.com/organization/spaces-life,spaces-life,https://www.crunchbase.com/organization/spaces-life
radema,276,Spaces Life,https://www.crunchbase.com/organization/spaces-life,spaces-life,https://www.crunchbase.com/organization/spaces-life
datahive,25948,Spade,https://www.crunchbase.com/organization/spade,spade,https://www.crunchbase.com/organization/spade
radema,25948,Spade,https://www.crunchbase.com/organization/spade,spade,https://www.crunchbase.com/organization/spade
datahive,765,SparkGift,https://www.crunchbase.com/organization/spark-gift,spark-gift,https://www.crunchbase.com/organization/spark-gift
radema,765,SparkGift,https://www.crunchbase.com/organization/spark-gift,spark-gift,https://www.crunchbase.com/organization/spark-gift
radema,419,Sparkboard,https://www.crunchbase.com/organization/sparkboard,sparkboard,https://www.crunchbase.com/organization/sparkboard
datahive,2023,SPATE,https://www.crunchbase.com/organization/spate,spate,https://www.crunchbase.com/organization/spate
radema,2023,SPATE,https://www.crunchbase.com/organization/spate,spate,https://www.crunchbase.com/organization/spate
datahive,1443,Speak,https://www.crunchbase.com/organization/speak-3,speak-3,https://www.crunchbase.com/organization/speak-3
radema,1443,Speak,https://www.crunchbase.com/organization/speak-3,speak-3,https://www.crunchbase.com/organization/speak-3
datahive,1641,Spect,https://www.crunchbase.com/organization/spect,spect,https://www.crunchbase.com/organization/spect
radema,1641,Spect,https://www.crunchbase.com/organization/spect,spect,https://www.crunchbase.com/organization/spect
datahive,25617,Speechly,https://www.crunchbase.com/organization/speechly,speechly,https://www.crunchbase.com/organization/speechly
radema,25617,Speechly,https://www.crunchbase.com/organization/speechly,speechly,https://www.crunchbase.com/organization/speechly
datahive,21883,Speedscale,https://www.crunchbase.com/organization/speedscale,speedscale,https://www.crunchbase.com/organization/speedscale
radema,21883,Speedscale,https://www.crunchbase.com/organization/speedscale,speedscale,https://www.crunchbase.com/organization/speedscale
datahive,1928,Spero Foods,https://www.crunchbase.com/organization/spero-foods-los-angeles-california,spero-foods-los-angeles-california,https://www.crunchbase.com/organization/spero-foods-los-angeles-california
radema,1928,Spero Foods,https://www.crunchbase.com/organization/spero-foods-los-angeles-california,spero-foods-los-angeles-california,https://www.crunchbase.com/organization/spero-foods-los-angeles-california
datahive,912,Sphere Secure Workspace,https://www.crunchbase.com/organization/sphere-secure-workspace,sphere-secure-workspace,https://www.crunchbase.com/organization/sphere-secure-workspace
radema,912,Sphere Secure Workspace,https://www.crunchbase.com/organization/sphere-secure-workspace,sphere-secure-workspace,https://www.crunchbase.com/organization/sphere-secure-workspace
datahive,25356,Spinach AI,https://www.crunchbase.com/organization/spinach-1b82,spinach-1b82,https://www.crunchbase.com/organization/spinach-1b82
radema,25356,Spinach.io,https://www.crunchbase.com/organization/spinach-1b82,spinach-1b82,https://www.crunchbase.com/organization/spinach-1b82
datahive,1074,UroDev Medical,https://www.crunchbase.com/organization/spinal-singularity,spinal-singularity,https://www.crunchbase.com/organization/spinal-singularity
radema,1074,UroDev Medical,https://www.crunchbase.com/organization/spinal-singularity,spinal-singularity,https://www.crunchbase.com/organization/spinal-singularity
datahive,28839,Spine AI,https://www.crunchbase.com/organization/spine-ai,spine-ai,https://www.crunchbase.com/organization/spine-ai
kaggle_startups,,SpinPunch,http://www.crunchbase.com/organization/spinpunch,spinpunch,https://www.crunchbase.com/organization/spinpunch
datahive,12415,Spiral Genetics,https://www.crunchbase.com/organization/spiral-genetics,spiral-genetics,https://www.crunchbase.com/organization/spiral-genetics
radema,12415,Spiral Genetics,https://www.crunchbase.com/organization/spiral-genetics,spiral-genetics,https://www.crunchbase.com/organization/spiral-genetics
datahive,853,Spire Health,https://www.crunchbase.com/organization/spire-3,spire-3,https://www.crunchbase.com/organization/spire-3
radema,853,Spire Health,https://www.crunchbase.com/organization/spire-3,spire-3,https://www.crunchbase.com/organization/spire-3
datahive,331,Splashup,https://www.crunchbase.com/organization/splashup,splashup,https://www.crunchbase.com/organization/splashup
kaggle_startups,,Splashup,http://www.crunchbase.com/organization/splashup,splashup,https://www.crunchbase.com/organization/splashup
radema,331,Splashup,https://www.crunchbase.com/organization/splashup,splashup,https://www.crunchbase.com/organization/splashup
datahive,1909,Demeanor.co,https://www.crunchbase.com/organization/splish-app-inc,splish-app-inc,https://www.crunchbase.com/organization/splish-app-inc
radema,1909,Demeanor.co,https://www.crunchbase.com/organization/splish-app-inc,splish-app-inc,https://www.crunchbase.com/organization/splish-app-inc
datahive,831,Spoil,https://www.crunchbase.com/organization/spoil,spoil,https://www.crunchbase.com/organization/spoil
radema,831,Spoil,https://www.crunchbase.com/organization/spoil,spoil,https://www.crunchbase.com/organization/spoil
datahive,22666,Spokn,https://www.crunchbase.com/organization/spokn,spokn,https://www.crunchbase.com/organization/spokn
radema,22666,Spokn,https://www.crunchbase.com/organization/spokn,spokn,https://www.crunchbase.com/organization/spokn
datahive,541,SpoonRocket,https://www.crunchbase.com/organization/spoonrocket,spoonrocket,https://www.crunchbase.com/organization/spoonrocket
kaggle_startups,,SpoonRocket,http://www.crunchbase.com/organization/spoonrocket,spoonrocket,https://www.crunchbase.com/organization/spoonrocket
radema,541,SpoonRocket,https://www.crunchbase.com/organization/spoonrocket,spoonrocket,https://www.crunchbase.com/organization/spoonrocket
datahive,25110,Spot Health,https://www.crunchbase.com/organization/spot-health,spot-health,https://www.crunchbase.com/organization/spot-health
radema,25110,Spot Health,https://www.crunchbase.com/organization/spot-health,spot-health,https://www.crunchbase.com/organization/spot-health
datahive,709,SpotAngels,https://www.crunchbase.com/organization/spotangels,spotangels,https://www.crunchbase.com/organization/spotangels
radema,709,SpotAngels,https://www.crunchbase.com/organization/spotangels,spotangels,https://www.crunchbase.com/organization/spotangels
datahive,12666,spotLESS Materials,https://www.crunchbase.com/organization/spotless-materials,spotless-materials,https://www.crunchbase.com/organization/spotless-materials
radema,12666,spotLESS Materials,https://www.crunchbase.com/organization/spotless-materials,spotless-materials,https://www.crunchbase.com/organization/spotless-materials
datahive,22713,SpruceID,https://www.crunchbase.com/organization/spruce-systems,spruce-systems,https://www.crunchbase.com/organization/spruce-systems
radema,22713,Spruce Systems,https://www.crunchbase.com/organization/spruce-systems,spruce-systems,https://www.crunchbase.com/organization/spruce-systems
datahive,1793,Sqreen,https://www.crunchbase.com/organization/sqreen,sqreen,https://www.crunchbase.com/organization/sqreen
radema,1793,Sqreen,https://www.crunchbase.com/organization/sqreen,sqreen,https://www.crunchbase.com/organization/sqreen
datahive,1269,Squire Technologies,https://www.crunchbase.com/organization/squir-technologies-4,squir-technologies-4,https://www.crunchbase.com/organization/squir-technologies-4
radema,1269,Squire Technologies,https://www.crunchbase.com/organization/squir-technologies-4,squir-technologies-4,https://www.crunchbase.com/organization/squir-technologies-4
datahive,28958,Sourcepulse,https://www.crunchbase.com/organization/srcpulse,srcpulse,https://www.crunchbase.com/organization/srcpulse
datahive,30115,SRE.ai,https://www.crunchbase.com/organization/sre-ai,sre-ai,https://www.crunchbase.com/organization/sre-ai
datahive,25532,Fintelite,https://www.crunchbase.com/organization/sribuu,sribuu,https://www.crunchbase.com/organization/sribuu
radema,25532,Fintelite,https://www.crunchbase.com/organization/sribuu,sribuu,https://www.crunchbase.com/organization/sribuu
radema,24831,Stack Wealth,https://www.crunchbase.com/organization/stack-finance,stack-finance,https://www.crunchbase.com/organization/stack-finance
datahive,21959,Stacker,https://www.crunchbase.com/organization/stacker-79fe,stacker-79fe,https://www.crunchbase.com/organization/stacker-79fe
radema,21959,Stacker,https://www.crunchbase.com/organization/stacker-79fe,stacker-79fe,https://www.crunchbase.com/organization/stacker-79fe
datahive,610,StackLead,https://www.crunchbase.com/organization/stacklead,stacklead,https://www.crunchbase.com/organization/stacklead
kaggle_startups,,StackLead,http://www.crunchbase.com/organization/stacklead,stacklead,https://www.crunchbase.com/organization/stacklead
radema,610,StackLead,https://www.crunchbase.com/organization/stacklead,stacklead,https://www.crunchbase.com/organization/stacklead
datahive,525,StackMachine,https://www.crunchbase.com/organization/stackmachine,stackmachine,https://www.crunchbase.com/organization/stackmachine
radema,525,StackMachine,https://www.crunchbase.com/organization/stackmachine,stackmachine,https://www.crunchbase.com/organization/stackmachine
datahive,25616,Stackshine,https://www.crunchbase.com/organization/stackshine,stackshine,https://www.crunchbase.com/organization/stackshine
radema,25616,Stackshine,https://www.crunchbase.com/organization/stackshine,stackshine,https://www.crunchbase.com/organization/stackshine
datahive,29434,Stacksync,https://www.crunchbase.com/organization/stacksync,stacksync,https://www.crunchbase.com/organization/stacksync
radema,29434,Stacksync,https://www.crunchbase.com/organization/stacksync,stacksync,https://www.crunchbase.com/organization/stacksync
datahive,25649,Stairs Financial,https://www.crunchbase.com/organization/stairs-financial,stairs-financial,https://www.crunchbase.com/organization/stairs-financial
radema,25649,Stairs Financial,https://www.crunchbase.com/organization/stairs-financial,stairs-financial,https://www.crunchbase.com/organization/stairs-financial
datahive,1603,Standard AI,https://www.crunchbase.com/organization/standard-cognition,standard-cognition,https://www.crunchbase.com/organization/standard-cognition
radema,1603,Standard AI,https://www.crunchbase.com/organization/standard-cognition,standard-cognition,https://www.crunchbase.com/organization/standard-cognition
datahive,832,Standard Cyborg,https://www.crunchbase.com/organization/standard-cyborg,standard-cyborg,https://www.crunchbase.com/organization/standard-cyborg
radema,832,Standard Cyborg,https://www.crunchbase.com/organization/standard-cyborg,standard-cyborg,https://www.crunchbase.com/organization/standard-cyborg
datahive,523,Standard Treasury,https://www.crunchbase.com/organization/standard-treasury,standard-treasury,https://www.crunchbase.com/organization/standard-treasury
kaggle_startups,,Standard Treasury,http://www.crunchbase.com/organization/standard-treasury,standard-treasury,https://www.crunchbase.com/organization/standard-treasury
radema,523,Standard Treasury,https://www.crunchbase.com/organization/standard-treasury,standard-treasury,https://www.crunchbase.com/organization/standard-treasury
datahive,25327,Starling,https://www.crunchbase.com/organization/starling-medical,starling-medical,https://www.crunchbase.com/organization/starling-medical
radema,25327,Starling,https://www.crunchbase.com/organization/starling-medical,starling-medical,https://www.crunchbase.com/organization/starling-medical
datahive,1027,Start Closing,https://www.crunchbase.com/organization/startclosing,startclosing,https://www.crunchbase.com/organization/startclosing
radema,1027,Start Closing,https://www.crunchbase.com/organization/startclosing,startclosing,https://www.crunchbase.com/organization/startclosing
datahive,13172,StartPlaying.Games,https://www.crunchbase.com/organization/startplaying-games,startplaying-games,https://www.crunchbase.com/organization/startplaying-games
radema,13172,StartPlaying.Games,https://www.crunchbase.com/organization/startplaying-games,startplaying-games,https://www.crunchbase.com/organization/startplaying-games
kaggle_startups,,Startuply,http://www.crunchbase.com/organization/startuply,startuply,https://www.crunchbase.com/organization/startuply
datahive,1822,Station,https://www.crunchbase.com/organization/station-2,station-2,https://www.crunchbase.com/organization/station-2
radema,1822,Station,https://www.crunchbase.com/organization/station-2,station-2,https://www.crunchbase.com/organization/station-2
datahive,560,StatusPage,https://www.crunchbase.com/organization/statuspage,statuspage,https://www.crunchbase.com/organization/statuspage
kaggle_startups,,StatusPage,http://www.crunchbase.com/organization/statuspage,statuspage,https://www.crunchbase.com/organization/statuspage
radema,560,StatusPage,https://www.crunchbase.com/organization/statuspage,statuspage,https://www.crunchbase.com/organization/statuspage
datahive,394,Statwing,https://www.crunchbase.com/organization/statwing,statwing,https://www.crunchbase.com/organization/statwing
kaggle_startups,,Statwing,http://www.crunchbase.com/organization/statwing,statwing,https://www.crunchbase.com/organization/statwing
radema,394,Statwing,https://www.crunchbase.com/organization/statwing,statwing,https://www.crunchbase.com/organization/statwing
datahive,23236,Stayflexi,https://www.crunchbase.com/organization/stayflexi-inc,stayflexi-inc,https://www.crunchbase.com/organization/stayflexi-inc
radema,23236,Stayflexi,https://www.crunchbase.com/organization/stayflexi-inc,stayflexi-inc,https://www.crunchbase.com/organization/stayflexi-inc
datahive,978,Stealth Worker,https://www.crunchbase.com/organization/stealthworker,stealthworker,https://www.crunchbase.com/organization/stealthworker
radema,978,Stealth Worker,https://www.crunchbase.com/organization/stealthworker,stealthworker,https://www.crunchbase.com/organization/stealthworker
datahive,24861,Stepful,https://www.crunchbase.com/organization/stepful,stepful,https://www.crunchbase.com/organization/stepful
radema,24861,Stepful,https://www.crunchbase.com/organization/stepful,stepful,https://www.crunchbase.com/organization/stepful
datahive,979,Stilt,https://www.crunchbase.com/organization/stilt-2,stilt-2,https://www.crunchbase.com/organization/stilt-2
radema,979,Stilt,https://www.crunchbase.com/organization/stilt-2,stilt-2,https://www.crunchbase.com/organization/stilt-2
datahive,23957,Stipop,https://www.crunchbase.com/organization/stipop-inc,stipop-inc,https://www.crunchbase.com/organization/stipop-inc
radema,23957,Stipop,https://www.crunchbase.com/organization/stipop-inc,stipop-inc,https://www.crunchbase.com/organization/stipop-inc
datahive,897,Stitch Health,https://www.crunchbase.com/organization/stitchhealth,stitchhealth,https://www.crunchbase.com/organization/stitchhealth
radema,897,Stitch Health,https://www.crunchbase.com/organization/stitchhealth,stitchhealth,https://www.crunchbase.com/organization/stitchhealth
datahive,25560,Stock Unlock,https://www.crunchbase.com/organization/stock-unlock,stock-unlock,https://www.crunchbase.com/organization/stock-unlock
radema,25560,Stock Unlock,https://www.crunchbase.com/organization/stock-unlock,stock-unlock,https://www.crunchbase.com/organization/stock-unlock
datahive,30661,Stockline,https://www.crunchbase.com/organization/stockline,stockline,https://www.crunchbase.com/organization/stockline
datahive,1649,Storyboard,https://www.crunchbase.com/organization/stories-inc,stories-inc,https://www.crunchbase.com/organization/stories-inc
radema,1649,Storyboard,https://www.crunchbase.com/organization/stories-inc,stories-inc,https://www.crunchbase.com/organization/stories-inc
datahive,24720,Storylane,https://www.crunchbase.com/organization/storylane-ff8e,storylane-ff8e,https://www.crunchbase.com/organization/storylane-ff8e
radema,24720,Storylane,https://www.crunchbase.com/organization/storylane-ff8e,storylane-ff8e,https://www.crunchbase.com/organization/storylane-ff8e
datahive,172,Storyworth,https://www.crunchbase.com/organization/storyworth,storyworth,https://www.crunchbase.com/organization/storyworth
kaggle_startups,,WhereBerry,http://www.crunchbase.com/organization/storyworth,storyworth,https://www.crunchbase.com/organization/storyworth
radema,172,Storyworth,https://www.crunchbase.com/organization/storyworth,storyworth,https://www.crunchbase.com/organization/storyworth
datahive,24635,Stownest,https://www.crunchbase.com/organization/stownest-storage,stownest-storage,https://www.crunchbase.com/organization/stownest-storage
radema,24635,Stownest,https://www.crunchbase.com/organization/stownest-storage,stownest-storage,https://www.crunchbase.com/organization/stownest-storage
datahive,29082,Strada,https://www.crunchbase.com/organization/strada-d62c,strada-d62c,https://www.crunchbase.com/organization/strada-d62c
datahive,82,Streak,https://www.crunchbase.com/organization/streak,streak,https://www.crunchbase.com/organization/streak
radema,82,Streak,https://www.crunchbase.com/organization/streak,streak,https://www.crunchbase.com/organization/streak
datahive,25594,Streak,https://www.crunchbase.com/organization/streak-a216,streak-a216,https://www.crunchbase.com/organization/streak-a216
radema,25594,Streak,https://www.crunchbase.com/organization/streak-a216,streak-a216,https://www.crunchbase.com/organization/streak-a216
datahive,21985,Streamdal,https://www.crunchbase.com/organization/streamdal,streamdal,https://www.crunchbase.com/organization/streamdal
radema,21985,Streamdal,https://www.crunchbase.com/organization/streamdal,streamdal,https://www.crunchbase.com/organization/streamdal
datahive,1085,Streamup,https://www.crunchbase.com/organization/streamup,streamup,https://www.crunchbase.com/organization/streamup
radema,1085,Streamup,https://www.crunchbase.com/organization/streamup,streamup,https://www.crunchbase.com/organization/streamup
datahive,401,Streem,https://www.crunchbase.com/organization/streem,streem,https://www.crunchbase.com/organization/streem
radema,401,Streem,https://www.crunchbase.com/organization/streem,streem,https://www.crunchbase.com/organization/streem
datahive,23063,Striga,https://www.crunchbase.com/organization/striga,striga,https://www.crunchbase.com/organization/striga
radema,23063,Striga,https://www.crunchbase.com/organization/striga,striga,https://www.crunchbase.com/organization/striga
kaggle_startups,,Strikingly,http://www.crunchbase.com/organization/strike-group-australia,strike-group-australia,https://www.crunchbase.com/organization/strike-group-australia
datahive,491,Strikingly,https://www.crunchbase.com/organization/striking-ly,striking-ly,https://www.crunchbase.com/organization/striking-ly
radema,491,Strikingly,https://www.crunchbase.com/organization/striking-ly,striking-ly,https://www.crunchbase.com/organization/striking-ly
kaggle_startups,,Stripe,http://www.crunchbase.com/organization/stripe,stripe,https://www.crunchbase.com/organization/stripe
datahive,25714,Strong Compute,https://www.crunchbase.com/organization/strong-compute,strong-compute,https://www.crunchbase.com/organization/strong-compute
radema,25714,Strong Compute,https://www.crunchbase.com/organization/strong-compute,strong-compute,https://www.crunchbase.com/organization/strong-compute
datahive,1083,StrongIntro,https://www.crunchbase.com/organization/strongintro,strongintro,https://www.crunchbase.com/organization/strongintro
radema,1083,StrongIntro,https://www.crunchbase.com/organization/strongintro,strongintro,https://www.crunchbase.com/organization/strongintro
datahive,29118,Waldium,https://www.crunchbase.com/organization/structured-labs,structured-labs,https://www.crunchbase.com/organization/structured-labs
radema,29118,Structured,https://www.crunchbase.com/organization/structured-labs,structured-labs,https://www.crunchbase.com/organization/structured-labs
kaggle_startups,,StudyEdge,http://www.crunchbase.com/organization/studyedge,studyedge,https://www.crunchbase.com/organization/studyedge
radema,1382,StudyRoom,https://www.crunchbase.com/organization/studyroom,studyroom,https://www.crunchbase.com/organization/studyroom
datahive,23276,Codeball,https://www.crunchbase.com/organization/sturdy-52b3,sturdy-52b3,https://www.crunchbase.com/organization/sturdy-52b3
radema,23276,Codeball,https://www.crunchbase.com/organization/sturdy-52b3,sturdy-52b3,https://www.crunchbase.com/organization/sturdy-52b3
kaggle_startups,,Style Lend,http://www.crunchbase.com/organization/style-lend,style-lend,https://www.crunchbase.com/organization/style-lend
radema,625,Style Lend,https://www.crunchbase.com/organization/style-lend,style-lend,https://www.crunchbase.com/organization/style-lend
datahive,958,StyleBee,https://www.crunchbase.com/organization/stylebee,stylebee,https://www.crunchbase.com/organization/stylebee
radema,958,StyleBee,https://www.crunchbase.com/organization/stylebee,stylebee,https://www.crunchbase.com/organization/stylebee
datahive,470,StyleUp,https://www.crunchbase.com/organization/styleup,styleup,https://www.crunchbase.com/organization/styleup
kaggle_startups,,StyleUp,http://www.crunchbase.com/organization/styleup,styleup,https://www.crunchbase.com/organization/styleup
radema,470,StyleUp,https://www.crunchbase.com/organization/styleup,styleup,https://www.crunchbase.com/organization/styleup
datahive,74,Stypi,https://www.crunchbase.com/organization/stypi,stypi,https://www.crunchbase.com/organization/stypi
kaggle_startups,,Stypi,http://www.crunchbase.com/organization/stypi,stypi,https://www.crunchbase.com/organization/stypi
radema,74,Stypi,https://www.crunchbase.com/organization/stypi,stypi,https://www.crunchbase.com/organization/stypi
datahive,440,Submittable,https://www.crunchbase.com/organization/submishmash,submishmash,https://www.crunchbase.com/organization/submishmash
kaggle_startups,,Submittable,http://www.crunchbase.com/organization/submishmash,submishmash,https://www.crunchbase.com/organization/submishmash
radema,440,Submittable,https://www.crunchbase.com/organization/submishmash,submishmash,https://www.crunchbase.com/organization/submishmash
datahive,25715,SubscriptionFlow,https://www.crunchbase.com/organization/subscriptionflow,subscriptionflow,https://www.crunchbase.com/organization/subscriptionflow
radema,25715,SubscriptionFlow,https://www.crunchbase.com/organization/subscriptionflow,subscriptionflow,https://www.crunchbase.com/organization/subscriptionflow
datahive,1828,Substack,https://www.crunchbase.com/organization/substack,substack,https://www.crunchbase.com/organization/substack
radema,1828,Substack,https://www.crunchbase.com/organization/substack,substack,https://www.crunchbase.com/organization/substack
datahive,1476,Sudden Coffee,https://www.crunchbase.com/organization/sudden-coffee,sudden-coffee,https://www.crunchbase.com/organization/sudden-coffee
radema,1476,Sudden Coffee,https://www.crunchbase.com/organization/sudden-coffee,sudden-coffee,https://www.crunchbase.com/organization/sudden-coffee
datahive,29018,sudocode,https://www.crunchbase.com/organization/sudocode,sudocode,https://www.crunchbase.com/organization/sudocode
radema,29018,sudocode,https://www.crunchbase.com/organization/sudocode,sudocode,https://www.crunchbase.com/organization/sudocode
datahive,27854,Suger,https://www.crunchbase.com/organization/suger,suger,https://www.crunchbase.com/organization/suger
radema,27854,Suger,https://www.crunchbase.com/organization/suger,suger,https://www.crunchbase.com/organization/suger
datahive,25641,Suggestr,https://www.crunchbase.com/organization/suggestr,suggestr,https://www.crunchbase.com/organization/suggestr
radema,25641,Suggestr,https://www.crunchbase.com/organization/suggestr,suggestr,https://www.crunchbase.com/organization/suggestr
datahive,1343,Suiteness,https://www.crunchbase.com/organization/suiteness,suiteness,https://www.crunchbase.com/organization/suiteness
radema,1343,Suiteness,https://www.crunchbase.com/organization/suiteness,suiteness,https://www.crunchbase.com/organization/suiteness
datahive,1852,Swipehouse,https://www.crunchbase.com/organization/summer-playbook,summer-playbook,https://www.crunchbase.com/organization/summer-playbook
radema,1852,Swipehouse,https://www.crunchbase.com/organization/summer-playbook,summer-playbook,https://www.crunchbase.com/organization/summer-playbook
kaggle_startups,,InstantCab,http://www.crunchbase.com/organization/summon,summon,https://www.crunchbase.com/organization/summon
datahive,896,SunFarmer,https://www.crunchbase.com/organization/sunfarmer,sunfarmer,https://www.crunchbase.com/organization/sunfarmer
radema,896,SunFarmer,https://www.crunchbase.com/organization/sunfarmer,sunfarmer,https://www.crunchbase.com/organization/sunfarmer
datahive,1585,Sunfolding,https://www.crunchbase.com/organization/sunfolding,sunfolding,https://www.crunchbase.com/organization/sunfolding
radema,1585,Sunfolding,https://www.crunchbase.com/organization/sunfolding,sunfolding,https://www.crunchbase.com/organization/sunfolding
datahive,11959,Sunsama,https://www.crunchbase.com/organization/sunsama,sunsama,https://www.crunchbase.com/organization/sunsama
radema,11959,Sunsama,https://www.crunchbase.com/organization/sunsama,sunsama,https://www.crunchbase.com/organization/sunsama
datahive,1872,Super,https://www.crunchbase.com/organization/super-1f7d,super-1f7d,https://www.crunchbase.com/organization/super-1f7d
radema,1872,Super,https://www.crunchbase.com/organization/super-1f7d,super-1f7d,https://www.crunchbase.com/organization/super-1f7d
datahive,25605,Super Send,https://www.crunchbase.com/organization/super-send,super-send,https://www.crunchbase.com/organization/super-send
kaggle_startups,,Superb (was GrubWithUs),http://www.crunchbase.com/organization/superb,superb,https://www.crunchbase.com/organization/superb
datahive,12091,Superb AI,https://www.crunchbase.com/organization/superb-ai,superb-ai,https://www.crunchbase.com/organization/superb-ai
radema,12091,Superb AI,https://www.crunchbase.com/organization/superb-ai,superb-ai,https://www.crunchbase.com/organization/superb-ai
kaggle_startups,,Superhost,http://www.crunchbase.com/organization/superhost,superhost,https://www.crunchbase.com/organization/superhost
datahive,1800,Supermedium,https://www.crunchbase.com/organization/supermedium,supermedium,https://www.crunchbase.com/organization/supermedium
radema,1800,Supermedium,https://www.crunchbase.com/organization/supermedium,supermedium,https://www.crunchbase.com/organization/supermedium
datahive,12037,Supernova,https://www.crunchbase.com/organization/supernova-technology-ltd,supernova-technology-ltd,https://www.crunchbase.com/organization/supernova-technology-ltd
radema,12037,Supernova,https://www.crunchbase.com/organization/supernova-technology-ltd,supernova-technology-ltd,https://www.crunchbase.com/organization/supernova-technology-ltd
datahive,1511,Supr Daily,https://www.crunchbase.com/organization/supr-daily,supr-daily,https://www.crunchbase.com/organization/supr-daily
radema,1511,Supr Daily,https://www.crunchbase.com/organization/supr-daily,supr-daily,https://www.crunchbase.com/organization/supr-daily
datahive,1648,Surematics,https://www.crunchbase.com/organization/surematics,surematics,https://www.crunchbase.com/organization/surematics
radema,1648,Surematics,https://www.crunchbase.com/organization/surematics,surematics,https://www.crunchbase.com/organization/surematics
datahive,29293,SuretyNow,https://www.crunchbase.com/organization/suretynow,suretynow,https://www.crunchbase.com/organization/suretynow
radema,29293,SuretyNow,https://www.crunchbase.com/organization/suretynow,suretynow,https://www.crunchbase.com/organization/suretynow
datahive,28921,Surface Labs,https://www.crunchbase.com/organization/surface-labs-cb05,surface-labs-cb05,https://www.crunchbase.com/organization/surface-labs-cb05
kaggle_startups,,Survata,http://www.crunchbase.com/organization/survata,survata,https://www.crunchbase.com/organization/survata
datahive,467,Svbtle,https://www.crunchbase.com/organization/svbtle,svbtle,https://www.crunchbase.com/organization/svbtle
kaggle_startups,,Svbtle,http://www.crunchbase.com/organization/svbtle,svbtle,https://www.crunchbase.com/organization/svbtle
radema,467,Svbtle,https://www.crunchbase.com/organization/svbtle,svbtle,https://www.crunchbase.com/organization/svbtle
datahive,23355,Svix,https://www.crunchbase.com/organization/svix,svix,https://www.crunchbase.com/organization/svix
radema,23355,Svix,https://www.crunchbase.com/organization/svix,svix,https://www.crunchbase.com/organization/svix
kaggle_startups,,Swagapalooza,http://www.crunchbase.com/organization/swagapalooza,swagapalooza,https://www.crunchbase.com/organization/swagapalooza
datahive,496,Swapbox,https://www.crunchbase.com/organization/swapbox,swapbox,https://www.crunchbase.com/organization/swapbox
kaggle_startups,,SwapBox,http://www.crunchbase.com/organization/swapbox,swapbox,https://www.crunchbase.com/organization/swapbox
radema,496,Swapbox,https://www.crunchbase.com/organization/swapbox,swapbox,https://www.crunchbase.com/organization/swapbox
datahive,1220,Sway Finance,https://www.crunchbase.com/organization/sway-finance,sway-finance,https://www.crunchbase.com/organization/sway-finance
radema,1220,Sway Finance,https://www.crunchbase.com/organization/sway-finance,sway-finance,https://www.crunchbase.com/organization/sway-finance
datahive,1878,Swayable,https://www.crunchbase.com/organization/swayable,swayable,https://www.crunchbase.com/organization/swayable
radema,1878,Swayable,https://www.crunchbase.com/organization/swayable,swayable,https://www.crunchbase.com/organization/swayable
datahive,28796,Sweetspot,https://www.crunchbase.com/organization/sweetspot-6229,sweetspot-6229,https://www.crunchbase.com/organization/sweetspot-6229
radema,28796,Sweetspot,https://www.crunchbase.com/organization/sweetspot-6229,sweetspot-6229,https://www.crunchbase.com/organization/sweetspot-6229
datahive,44,Swiftype,https://www.crunchbase.com/organization/swiftype,swiftype,https://www.crunchbase.com/organization/swiftype
kaggle_startups,,Swiftype,http://www.crunchbase.com/organization/swiftype,swiftype,https://www.crunchbase.com/organization/swiftype
radema,44,Swiftype,https://www.crunchbase.com/organization/swiftype,swiftype,https://www.crunchbase.com/organization/swiftype
radema,1423,Swing Education,https://www.crunchbase.com/organization/swing-education,swing-education,https://www.crunchbase.com/organization/swing-education
kaggle_startups,,SwipeGood,http://www.crunchbase.com/organization/swipegood,swipegood,https://www.crunchbase.com/organization/swipegood
kaggle_startups,,Swish,http://www.crunchbase.com/organization/swish,swish,https://www.crunchbase.com/organization/swish
datahive,476,Swish,https://www.crunchbase.com/organization/swish-2,swish-2,https://www.crunchbase.com/organization/swish-2
radema,476,Swish,https://www.crunchbase.com/organization/swish-2,swish-2,https://www.crunchbase.com/organization/swish-2
datahive,12010,Switchboard,https://www.crunchbase.com/organization/switchboard-5db1,switchboard-5db1,https://www.crunchbase.com/organization/switchboard-5db1
radema,12010,Switchboard,https://www.crunchbase.com/organization/switchboard-5db1,switchboard-5db1,https://www.crunchbase.com/organization/switchboard-5db1
datahive,1244,Symple,https://www.crunchbase.com/organization/symple,symple,https://www.crunchbase.com/organization/symple
radema,1244,Symple,https://www.crunchbase.com/organization/symple,symple,https://www.crunchbase.com/organization/symple
datahive,13406,Synapsica Healthcare,https://www.crunchbase.com/organization/synapsica,synapsica,https://www.crunchbase.com/organization/synapsica
radema,13406,Synapsica Healthcare,https://www.crunchbase.com/organization/synapsica,synapsica,https://www.crunchbase.com/organization/synapsica
datahive,28776,Ora AI,https://www.crunchbase.com/organization/synaptiq-learning-inc,synaptiq-learning-inc,https://www.crunchbase.com/organization/synaptiq-learning-inc
radema,28776,Synaptiq,https://www.crunchbase.com/organization/synaptiq-learning-inc,synaptiq-learning-inc,https://www.crunchbase.com/organization/synaptiq-learning-inc
datahive,13168,Infield,https://www.crunchbase.com/organization/syndetic,syndetic,https://www.crunchbase.com/organization/syndetic
radema,13168,Infield,https://www.crunchbase.com/organization/syndetic,syndetic,https://www.crunchbase.com/organization/syndetic
datahive,1873,Warpdrive by Synthetic Minds,https://www.crunchbase.com/organization/synthetic-minds,synthetic-minds,https://www.crunchbase.com/organization/synthetic-minds
radema,1873,Warpdrive by Synthetic Minds,https://www.crunchbase.com/organization/synthetic-minds,synthetic-minds,https://www.crunchbase.com/organization/synthetic-minds
datahive,25303,Syrona Health,https://www.crunchbase.com/organization/syrona-women,syrona-women,https://www.crunchbase.com/organization/syrona-women
radema,25303,Syrona Health,https://www.crunchbase.com/organization/syrona-women,syrona-women,https://www.crunchbase.com/organization/syrona-women
datahive,12352,Taali Inc,https://www.crunchbase.com/organization/taali-foods,taali-foods,https://www.crunchbase.com/organization/taali-foods
radema,12352,Taali Inc,https://www.crunchbase.com/organization/taali-foods,taali-foods,https://www.crunchbase.com/organization/taali-foods
datahive,833,Tab,https://www.crunchbase.com/organization/tab-5,tab-5,https://www.crunchbase.com/organization/tab-5
radema,833,Tab,https://www.crunchbase.com/organization/tab-5,tab-5,https://www.crunchbase.com/organization/tab-5
datahive,27897,TableFlow,https://www.crunchbase.com/organization/tableflow,tableflow,https://www.crunchbase.com/organization/tableflow
radema,27897,TableFlow,https://www.crunchbase.com/organization/tableflow,tableflow,https://www.crunchbase.com/organization/tableflow
datahive,24154,Tablevibe,https://www.crunchbase.com/organization/tablevibe-co,tablevibe-co,https://www.crunchbase.com/organization/tablevibe-co
radema,24154,Tablevibe,https://www.crunchbase.com/organization/tablevibe-co,tablevibe-co,https://www.crunchbase.com/organization/tablevibe-co
datahive,23959,TAG,https://www.crunchbase.com/organization/tag-196b,tag-196b,https://www.crunchbase.com/organization/tag-196b
radema,23959,TAG,https://www.crunchbase.com/organization/tag-196b,tag-196b,https://www.crunchbase.com/organization/tag-196b
datahive,13350,TagMango,https://www.crunchbase.com/organization/tagmango,tagmango,https://www.crunchbase.com/organization/tagmango
radema,13350,TagMango,https://www.crunchbase.com/organization/tagmango,tagmango,https://www.crunchbase.com/organization/tagmango
datahive,25521,Happl,https://www.crunchbase.com/organization/tahora,tahora,https://www.crunchbase.com/organization/tahora
radema,25521,Happl,https://www.crunchbase.com/organization/tahora,tahora,https://www.crunchbase.com/organization/tahora
radema,29498,Taiki,https://www.crunchbase.com/organization/taiki-acec,taiki-acec,https://www.crunchbase.com/organization/taiki-acec
datahive,26710,Tailor,https://www.crunchbase.com/organization/tailor-a768,tailor-a768,https://www.crunchbase.com/organization/tailor-a768
radema,26710,Tailor,https://www.crunchbase.com/organization/tailor-a768,tailor-a768,https://www.crunchbase.com/organization/tailor-a768
datahive,12277,Tailor-ED,https://www.crunchbase.com/organization/tailor-ed,tailor-ed,https://www.crunchbase.com/organization/tailor-ed
radema,12277,Tailor-ED,https://www.crunchbase.com/organization/tailor-ed,tailor-ed,https://www.crunchbase.com/organization/tailor-ed
datahive,13109,Taiv,https://www.crunchbase.com/organization/taiv,taiv,https://www.crunchbase.com/organization/taiv
radema,13109,Taiv,https://www.crunchbase.com/organization/taiv,taiv,https://www.crunchbase.com/organization/taiv
datahive,13494,Tajir,https://www.crunchbase.com/organization/tajir,tajir,https://www.crunchbase.com/organization/tajir
radema,13494,Tajir,https://www.crunchbase.com/organization/tajir,tajir,https://www.crunchbase.com/organization/tajir
datahive,25778,Take App,https://www.crunchbase.com/organization/take-app,take-app,https://www.crunchbase.com/organization/take-app
radema,25778,Take App,https://www.crunchbase.com/organization/take-app,take-app,https://www.crunchbase.com/organization/take-app
datahive,24839,Talentdrop,https://www.crunchbase.com/organization/talentdrop,talentdrop,https://www.crunchbase.com/organization/talentdrop
radema,24839,Talentdrop,https://www.crunchbase.com/organization/talentdrop,talentdrop,https://www.crunchbase.com/organization/talentdrop
datahive,138,Talkable,https://www.crunchbase.com/organization/talkable,talkable,https://www.crunchbase.com/organization/talkable
radema,138,Talkable,https://www.crunchbase.com/organization/talkable,talkable,https://www.crunchbase.com/organization/talkable
datahive,173,TalkBin,https://www.crunchbase.com/organization/talkbin,talkbin,https://www.crunchbase.com/organization/talkbin
kaggle_startups,,TalkBin,http://www.crunchbase.com/organization/talkbin,talkbin,https://www.crunchbase.com/organization/talkbin
radema,173,TalkBin,https://www.crunchbase.com/organization/talkbin,talkbin,https://www.crunchbase.com/organization/talkbin
kaggle_startups,,Talkito,http://www.crunchbase.com/organization/talkito,talkito,https://www.crunchbase.com/organization/talkito
datahive,1942,Tall Poppy,https://www.crunchbase.com/organization/tall-poppy,tall-poppy,https://www.crunchbase.com/organization/tall-poppy
radema,1942,Tall Poppy,https://www.crunchbase.com/organization/tall-poppy,tall-poppy,https://www.crunchbase.com/organization/tall-poppy
datahive,22662,Taloflow,https://www.crunchbase.com/organization/taloflow,taloflow,https://www.crunchbase.com/organization/taloflow
radema,22662,Taloflow,https://www.crunchbase.com/organization/taloflow,taloflow,https://www.crunchbase.com/organization/taloflow
datahive,13198,Talyn Air,https://www.crunchbase.com/organization/talyn-air,talyn-air,https://www.crunchbase.com/organization/talyn-air
radema,13198,Talyn Air,https://www.crunchbase.com/organization/talyn-air,talyn-air,https://www.crunchbase.com/organization/talyn-air
datahive,26803,Tank Payments,https://www.crunchbase.com/organization/tank-payments,tank-payments,https://www.crunchbase.com/organization/tank-payments
radema,26803,Tank Payments,https://www.crunchbase.com/organization/tank-payments,tank-payments,https://www.crunchbase.com/organization/tank-payments
datahive,11919,Taobotics,https://www.crunchbase.com/organization/taobotics,taobotics,https://www.crunchbase.com/organization/taobotics
radema,11919,Taobotics,https://www.crunchbase.com/organization/taobotics,taobotics,https://www.crunchbase.com/organization/taobotics
datahive,122,TapEngage,https://www.crunchbase.com/organization/tapengage,tapengage,https://www.crunchbase.com/organization/tapengage
kaggle_startups,,TapEngage,http://www.crunchbase.com/organization/tapengage,tapengage,https://www.crunchbase.com/organization/tapengage
radema,122,TapEngage,https://www.crunchbase.com/organization/tapengage,tapengage,https://www.crunchbase.com/organization/tapengage
kaggle_startups,,TapIn,http://www.crunchbase.com/organization/tapin,tapin,https://www.crunchbase.com/organization/tapin
kaggle_startups,,Taplytics,http://www.crunchbase.com/organization/taplytics,taplytics,https://www.crunchbase.com/organization/taplytics
datahive,21,Tap to Learn,https://www.crunchbase.com/organization/taptolearn,taptolearn,https://www.crunchbase.com/organization/taptolearn
radema,21,Tap to Learn,https://www.crunchbase.com/organization/taptolearn,taptolearn,https://www.crunchbase.com/organization/taptolearn
radema,1362,TapToLearn,https://www.crunchbase.com/organization/taptolearn,taptolearn,https://www.crunchbase.com/organization/taptolearn
datahive,207,Tapzilla,https://www.crunchbase.com/organization/tapzilla,tapzilla,https://www.crunchbase.com/organization/tapzilla
kaggle_startups,,Tapzilla,http://www.crunchbase.com/organization/tapzilla,tapzilla,https://www.crunchbase.com/organization/tapzilla
radema,207,Tapzilla,https://www.crunchbase.com/organization/tapzilla,tapzilla,https://www.crunchbase.com/organization/tapzilla
datahive,848,Tara AI,https://www.crunchbase.com/organization/tara,tara,https://www.crunchbase.com/organization/tara
radema,848,Tara AI,https://www.crunchbase.com/organization/tara,tara,https://www.crunchbase.com/organization/tara
datahive,12863,Taskade,https://www.crunchbase.com/organization/taskade,taskade,https://www.crunchbase.com/organization/taskade
radema,12863,Taskade,https://www.crunchbase.com/organization/taskade,taskade,https://www.crunchbase.com/organization/taskade
datahive,13579,Tasker AI,https://www.crunchbase.com/organization/tasker-ai,tasker-ai,https://www.crunchbase.com/organization/tasker-ai
kaggle_startups,,Taskforce,http://www.crunchbase.com/organization/taskforce,taskforce,https://www.crunchbase.com/organization/taskforce
datahive,448,Tastemaker,https://www.crunchbase.com/organization/tastemaker,tastemaker,https://www.crunchbase.com/organization/tastemaker
kaggle_startups,,Tastemaker,http://www.crunchbase.com/organization/tastemaker,tastemaker,https://www.crunchbase.com/organization/tastemaker
radema,448,Tastemaker,https://www.crunchbase.com/organization/tastemaker,tastemaker,https://www.crunchbase.com/organization/tastemaker
datahive,24161,Tavus,https://www.crunchbase.com/organization/tavus,tavus,https://www.crunchbase.com/organization/tavus
datahive,29710,TaxGPT,https://www.crunchbase.com/organization/taxgpt,taxgpt,https://www.crunchbase.com/organization/taxgpt
datahive,1973,FameGame,https://www.crunchbase.com/organization/taxi-fares-app,taxi-fares-app,https://www.crunchbase.com/organization/taxi-fares-app
datahive,1725,Precious,https://www.crunchbase.com/organization/taxi-fares-app,taxi-fares-app,https://www.crunchbase.com/organization/taxi-fares-app
radema,1973,FameGame,https://www.crunchbase.com/organization/taxi-fares-app,taxi-fares-app,https://www.crunchbase.com/organization/taxi-fares-app
radema,1725,Precious,https://www.crunchbase.com/organization/taxi-fares-app,taxi-fares-app,https://www.crunchbase.com/organization/taxi-fares-app
radema,1364,TeachBoost,https://www.crunchbase.com/organization/teachboost,teachboost,https://www.crunchbase.com/organization/teachboost
datahive,294,Team Apart,https://www.crunchbase.com/organization/team-apart,team-apart,https://www.crunchbase.com/organization/team-apart
radema,294,Team Apart,https://www.crunchbase.com/organization/team-apart,team-apart,https://www.crunchbase.com/organization/team-apart
datahive,12053,Mobot,https://www.crunchbase.com/organization/team-mobot,team-mobot,https://www.crunchbase.com/organization/team-mobot
radema,12053,Mobot,https://www.crunchbase.com/organization/team-mobot,team-mobot,https://www.crunchbase.com/organization/team-mobot
datahive,790,TeamNote,https://www.crunchbase.com/organization/teamnote,teamnote,https://www.crunchbase.com/organization/teamnote
radema,790,TeamNote,https://www.crunchbase.com/organization/teamnote,teamnote,https://www.crunchbase.com/organization/teamnote
datahive,746,Tech in Asia,https://www.crunchbase.com/organization/tech-in-asia,tech-in-asia,https://www.crunchbase.com/organization/tech-in-asia
radema,746,Tech in Asia,https://www.crunchbase.com/organization/tech-in-asia,tech-in-asia,https://www.crunchbase.com/organization/tech-in-asia
datahive,1230,Techmate,https://www.crunchbase.com/organization/techmate,techmate,https://www.crunchbase.com/organization/techmate
radema,1230,Techmate,https://www.crunchbase.com/organization/techmate,techmate,https://www.crunchbase.com/organization/techmate
datahive,30782,TectoAI,https://www.crunchbase.com/organization/tectoai,tectoai,https://www.crunchbase.com/organization/tectoai
datahive,512,Teespring,https://www.crunchbase.com/organization/teespring,teespring,https://www.crunchbase.com/organization/teespring
kaggle_startups,,Teespring,http://www.crunchbase.com/organization/teespring,teespring,https://www.crunchbase.com/organization/teespring
radema,512,Teespring,https://www.crunchbase.com/organization/teespring,teespring,https://www.crunchbase.com/organization/teespring
datahive,179,Teevox,https://www.crunchbase.com/organization/teevox,teevox,https://www.crunchbase.com/organization/teevox
kaggle_startups,,Teevox,http://www.crunchbase.com/organization/teevox,teevox,https://www.crunchbase.com/organization/teevox
radema,179,Teevox,https://www.crunchbase.com/organization/teevox,teevox,https://www.crunchbase.com/organization/teevox
datahive,519,Teleborder,https://www.crunchbase.com/organization/teleborder,teleborder,https://www.crunchbase.com/organization/teleborder
kaggle_startups,,Teleborder,http://www.crunchbase.com/organization/teleborder,teleborder,https://www.crunchbase.com/organization/teleborder
radema,519,Teleborder,https://www.crunchbase.com/organization/teleborder,teleborder,https://www.crunchbase.com/organization/teleborder
datahive,13085,Teleo,https://www.crunchbase.com/organization/teleo,teleo,https://www.crunchbase.com/organization/teleo
radema,13085,Teleo,https://www.crunchbase.com/organization/teleo,teleo,https://www.crunchbase.com/organization/teleo
datahive,136,TellFi,https://www.crunchbase.com/organization/tellfi,tellfi,https://www.crunchbase.com/organization/tellfi
kaggle_startups,,TellFi,http://www.crunchbase.com/organization/tellfi,tellfi,https://www.crunchbase.com/organization/tellfi
radema,136,TellFi,https://www.crunchbase.com/organization/tellfi,tellfi,https://www.crunchbase.com/organization/tellfi
datahive,1691,Templarbit,https://www.crunchbase.com/organization/templarbit,templarbit,https://www.crunchbase.com/organization/templarbit
radema,1691,Templarbit,https://www.crunchbase.com/organization/templarbit,templarbit,https://www.crunchbase.com/organization/templarbit
datahive,969,Tenant Turner,https://www.crunchbase.com/organization/tenant-turner,tenant-turner,https://www.crunchbase.com/organization/tenant-turner
radema,969,Tenant Turner,https://www.crunchbase.com/organization/tenant-turner,tenant-turner,https://www.crunchbase.com/organization/tenant-turner
datahive,1990,Tenderd,https://www.crunchbase.com/organization/tenderd,tenderd,https://www.crunchbase.com/organization/tenderd
radema,1990,Tenderd,https://www.crunchbase.com/organization/tenderd,tenderd,https://www.crunchbase.com/organization/tenderd
datahive,25721,Tendo,https://www.crunchbase.com/organization/tendo-5aa6,tendo-5aa6,https://www.crunchbase.com/organization/tendo-5aa6
radema,25721,Tendo,https://www.crunchbase.com/organization/tendo-5aa6,tendo-5aa6,https://www.crunchbase.com/organization/tendo-5aa6
datahive,711,Tenjin,https://www.crunchbase.com/organization/tenjin,tenjin,https://www.crunchbase.com/organization/tenjin
radema,711,Tenjin,https://www.crunchbase.com/organization/tenjin,tenjin,https://www.crunchbase.com/organization/tenjin
datahive,24567,Tenyks,https://www.crunchbase.com/organization/tenyks,tenyks,https://www.crunchbase.com/organization/tenyks
radema,24567,Tenyks,https://www.crunchbase.com/organization/tenyks,tenyks,https://www.crunchbase.com/organization/tenyks
datahive,1787,tEQuitable,https://www.crunchbase.com/organization/tequitable,tequitable,https://www.crunchbase.com/organization/tequitable
radema,1787,tEQuitable,https://www.crunchbase.com/organization/tequitable,tequitable,https://www.crunchbase.com/organization/tequitable
datahive,22782,Terapify,https://www.crunchbase.com/organization/terapify,terapify,https://www.crunchbase.com/organization/terapify
radema,22782,Terapify,https://www.crunchbase.com/organization/terapify,terapify,https://www.crunchbase.com/organization/terapify
datahive,1536,Terark,https://www.crunchbase.com/organization/terark,terark,https://www.crunchbase.com/organization/terark
radema,1536,Terark,https://www.crunchbase.com/organization/terark,terark,https://www.crunchbase.com/organization/terark
datahive,480,Trainzen,https://www.crunchbase.com/organization/terascore,terascore,https://www.crunchbase.com/organization/terascore
kaggle_startups,,Terascore,http://www.crunchbase.com/organization/terascore,terascore,https://www.crunchbase.com/organization/terascore
radema,480,Trainzen,https://www.crunchbase.com/organization/terascore,terascore,https://www.crunchbase.com/organization/terascore
datahive,13499,Termii,https://www.crunchbase.com/organization/termii-networks,termii-networks,https://www.crunchbase.com/organization/termii-networks
radema,13499,Termii,https://www.crunchbase.com/organization/termii-networks,termii-networks,https://www.crunchbase.com/organization/termii-networks
datahive,28860,Terminal,https://www.crunchbase.com/organization/terminal-4fea,terminal-4fea,https://www.crunchbase.com/organization/terminal-4fea
radema,28860,Terminal,https://www.crunchbase.com/organization/terminal-4fea,terminal-4fea,https://www.crunchbase.com/organization/terminal-4fea
datahive,12039,Termius,https://www.crunchbase.com/organization/termius,termius,https://www.crunchbase.com/organization/termius
radema,12039,Termius,https://www.crunchbase.com/organization/termius,termius,https://www.crunchbase.com/organization/termius
datahive,23612,Terra API,https://www.crunchbase.com/organization/terra-5293,terra-5293,https://www.crunchbase.com/organization/terra-5293
radema,23612,Terra,https://www.crunchbase.com/organization/terra-5293,terra-5293,https://www.crunchbase.com/organization/terra-5293
kaggle_startups,,TerrAvion,http://www.crunchbase.com/organization/terravion,terravion,https://www.crunchbase.com/organization/terravion
radema,627,Terravion,https://www.crunchbase.com/organization/terravion,terravion,https://www.crunchbase.com/organization/terravion
datahive,30663,Tesora,https://www.crunchbase.com/organization/tesora-5a73,tesora-5a73,https://www.crunchbase.com/organization/tesora-5a73
datahive,900,Tesorio,https://www.crunchbase.com/organization/tesorio,tesorio,https://www.crunchbase.com/organization/tesorio
radema,900,Tesorio,https://www.crunchbase.com/organization/tesorio,tesorio,https://www.crunchbase.com/organization/tesorio
datahive,1664,Tesseract,https://www.crunchbase.com/organization/tesseract-09e9,tesseract-09e9,https://www.crunchbase.com/organization/tesseract-09e9
radema,1664,Tesseract,https://www.crunchbase.com/organization/tesseract-09e9,tesseract-09e9,https://www.crunchbase.com/organization/tesseract-09e9
datahive,404,Testmunk,https://www.crunchbase.com/organization/testmunk,testmunk,https://www.crunchbase.com/organization/testmunk
radema,404,Testmunk,https://www.crunchbase.com/organization/testmunk,testmunk,https://www.crunchbase.com/organization/testmunk
datahive,24268,testRigor,https://www.crunchbase.com/organization/testrigor,testrigor,https://www.crunchbase.com/organization/testrigor
radema,24268,testRigor,https://www.crunchbase.com/organization/testrigor,testrigor,https://www.crunchbase.com/organization/testrigor
datahive,1516,Tetra,https://www.crunchbase.com/organization/tetra,tetra,https://www.crunchbase.com/organization/tetra
radema,1516,Tetra,https://www.crunchbase.com/organization/tetra,tetra,https://www.crunchbase.com/organization/tetra
datahive,374,TextPayMe,https://www.crunchbase.com/organization/textpayme,textpayme,https://www.crunchbase.com/organization/textpayme
kaggle_startups,,Firecrawl,http://www.crunchbase.com/organization/textpayme,textpayme,https://www.crunchbase.com/organization/textpayme
radema,374,TextPayMe,https://www.crunchbase.com/organization/textpayme,textpayme,https://www.crunchbase.com/organization/textpayme
datahive,1270,The Athletic,https://www.crunchbase.com/organization/the-athletic,the-athletic,https://www.crunchbase.com/organization/the-athletic
radema,1270,The Athletic,https://www.crunchbase.com/organization/the-athletic,the-athletic,https://www.crunchbase.com/organization/the-athletic
datahive,24529,The Breakaway,https://www.crunchbase.com/organization/the-breakaway-7e7b,the-breakaway-7e7b,https://www.crunchbase.com/organization/the-breakaway-7e7b
radema,24529,The Breakaway,https://www.crunchbase.com/organization/the-breakaway-7e7b,the-breakaway-7e7b,https://www.crunchbase.com/organization/the-breakaway-7e7b
datahive,1952,The Buttermilk Company,https://www.crunchbase.com/organization/the-buttermilk-company,the-buttermilk-company,https://www.crunchbase.com/organization/the-buttermilk-company
radema,1952,The Buttermilk Company,https://www.crunchbase.com/organization/the-buttermilk-company,the-buttermilk-company,https://www.crunchbase.com/organization/the-buttermilk-company
kaggle_startups,,theDailyMuse,http://www.crunchbase.com/organization/the-daily-muse,the-daily-muse,https://www.crunchbase.com/organization/the-daily-muse
kaggle_startups,,The Dating Ring,http://www.crunchbase.com/organization/the-dating-ring,the-dating-ring,https://www.crunchbase.com/organization/the-dating-ring
radema,591,Dating Ring,https://www.crunchbase.com/organization/the-dating-ring,the-dating-ring,https://www.crunchbase.com/organization/the-dating-ring
datahive,1229,The Flex Company,https://www.crunchbase.com/organization/the-flex-company,the-flex-company,https://www.crunchbase.com/organization/the-flex-company
radema,1229,The Flex Company,https://www.crunchbase.com/organization/the-flex-company,the-flex-company,https://www.crunchbase.com/organization/the-flex-company
datahive,29779,The Forecasting Company,https://www.crunchbase.com/organization/the-forecasting-company,the-forecasting-company,https://www.crunchbase.com/organization/the-forecasting-company
datahive,206,Fridge,https://www.crunchbase.com/organization/the-fridge,the-fridge,https://www.crunchbase.com/organization/the-fridge
kaggle_startups,,The Fridge,http://www.crunchbase.com/organization/the-fridge,the-fridge,https://www.crunchbase.com/organization/the-fridge
radema,206,Fridge,https://www.crunchbase.com/organization/the-fridge,the-fridge,https://www.crunchbase.com/organization/the-fridge
datahive,761,The Human Utility,https://www.crunchbase.com/organization/the-human-utility,the-human-utility,https://www.crunchbase.com/organization/the-human-utility
radema,761,The Human Utility,https://www.crunchbase.com/organization/the-human-utility,the-human-utility,https://www.crunchbase.com/organization/the-human-utility
datahive,11932,The Juggernaut,https://www.crunchbase.com/organization/the-juggernaut,the-juggernaut,https://www.crunchbase.com/organization/the-juggernaut
radema,11932,The Juggernaut,https://www.crunchbase.com/organization/the-juggernaut,the-juggernaut,https://www.crunchbase.com/organization/the-juggernaut
kaggle_startups,,LeanMarket,http://www.crunchbase.com/organization/the-lean-startup-machine,the-lean-startup-machine,https://www.crunchbase.com/organization/the-lean-startup-machine
datahive,1496,Mednet,https://www.crunchbase.com/organization/the-mednet,the-mednet,https://www.crunchbase.com/organization/the-mednet
radema,1496,Mednet,https://www.crunchbase.com/organization/the-mednet,the-mednet,https://www.crunchbase.com/organization/the-mednet
datahive,10,The Muse,https://www.crunchbase.com/organization/the-muse,the-muse,https://www.crunchbase.com/organization/the-muse
radema,10,The Muse,https://www.crunchbase.com/organization/the-muse,the-muse,https://www.crunchbase.com/organization/the-muse
datahive,1877,FidoCure®,https://www.crunchbase.com/organization/the-one-health-company,the-one-health-company,https://www.crunchbase.com/organization/the-one-health-company
radema,1877,FidoCure®,https://www.crunchbase.com/organization/the-one-health-company,the-one-health-company,https://www.crunchbase.com/organization/the-one-health-company
datahive,1802,Podcast App,https://www.crunchbase.com/organization/the-podcast-app,the-podcast-app,https://www.crunchbase.com/organization/the-podcast-app
radema,1802,Podcast App,https://www.crunchbase.com/organization/the-podcast-app,the-podcast-app,https://www.crunchbase.com/organization/the-podcast-app
datahive,949,The Ticket Fairy,https://www.crunchbase.com/organization/the-ticket-fairy,the-ticket-fairy,https://www.crunchbase.com/organization/the-ticket-fairy
radema,949,The Ticket Fairy,https://www.crunchbase.com/organization/the-ticket-fairy,the-ticket-fairy,https://www.crunchbase.com/organization/the-ticket-fairy
datahive,1702,Thematic,https://www.crunchbase.com/organization/thematic,thematic,https://www.crunchbase.com/organization/thematic
radema,1702,Thematic,https://www.crunchbase.com/organization/thematic,thematic,https://www.crunchbase.com/organization/thematic
datahive,791,Makrwatch,https://www.crunchbase.com/organization/themidgame,themidgame,https://www.crunchbase.com/organization/themidgame
radema,791,Makrwatch,https://www.crunchbase.com/organization/themidgame,themidgame,https://www.crunchbase.com/organization/themidgame
datahive,25849,Theneo,https://www.crunchbase.com/organization/theneo,theneo,https://www.crunchbase.com/organization/theneo
radema,25849,Theneo,https://www.crunchbase.com/organization/theneo,theneo,https://www.crunchbase.com/organization/theneo
datahive,611,Theorem,https://www.crunchbase.com/organization/theorem-687d,theorem-687d,https://www.crunchbase.com/organization/theorem-687d
radema,611,Theorem,https://www.crunchbase.com/organization/theorem-687d,theorem-687d,https://www.crunchbase.com/organization/theorem-687d
datahive,24760,Therify,https://www.crunchbase.com/organization/therify,therify,https://www.crunchbase.com/organization/therify
radema,24760,Therify,https://www.crunchbase.com/organization/therify,therify,https://www.crunchbase.com/organization/therify
datahive,265,Recurious,https://www.crunchbase.com/organization/thesixtyone,thesixtyone,https://www.crunchbase.com/organization/thesixtyone
kaggle_startups,,TheSixtyOne,http://www.crunchbase.com/organization/thesixtyone,thesixtyone,https://www.crunchbase.com/organization/thesixtyone
radema,265,Recurious,https://www.crunchbase.com/organization/thesixtyone,thesixtyone,https://www.crunchbase.com/organization/thesixtyone
datahive,854,ThinAir,https://www.crunchbase.com/organization/thinair,thinair,https://www.crunchbase.com/organization/thinair
radema,854,ThinAir,https://www.crunchbase.com/organization/thinair,thinair,https://www.crunchbase.com/organization/thinair
datahive,713,Think Gaming,https://www.crunchbase.com/organization/think-gaming,think-gaming,https://www.crunchbase.com/organization/think-gaming
radema,713,Think Gaming,https://www.crunchbase.com/organization/think-gaming,think-gaming,https://www.crunchbase.com/organization/think-gaming
kaggle_startups,,Thinkature,http://www.crunchbase.com/organization/thinkature,thinkature,https://www.crunchbase.com/organization/thinkature
datahive,13481,Thndr,https://www.crunchbase.com/organization/thndr,thndr,https://www.crunchbase.com/organization/thndr
radema,13481,Thndr,https://www.crunchbase.com/organization/thndr,thndr,https://www.crunchbase.com/organization/thndr
datahive,28089,Thread,https://www.crunchbase.com/organization/thread-6984,thread-6984,https://www.crunchbase.com/organization/thread-6984
radema,28089,Thread,https://www.crunchbase.com/organization/thread-6984,thread-6984,https://www.crunchbase.com/organization/thread-6984
datahive,465,Thread,https://www.crunchbase.com/organization/thread-com,thread-com,https://www.crunchbase.com/organization/thread-com
radema,465,Thread,https://www.crunchbase.com/organization/thread-com,thread-com,https://www.crunchbase.com/organization/thread-com
kaggle_startups,,Threadable,http://www.crunchbase.com/organization/threadable,threadable,https://www.crunchbase.com/organization/threadable
radema,589,Threadable,https://www.crunchbase.com/organization/threadable,threadable,https://www.crunchbase.com/organization/threadable
datahive,11988,Thrive Agric,https://www.crunchbase.com/organization/thrive-agric,thrive-agric,https://www.crunchbase.com/organization/thrive-agric
radema,11988,Thrive Agric,https://www.crunchbase.com/organization/thrive-agric,thrive-agric,https://www.crunchbase.com/organization/thrive-agric
datahive,29767,Thunder Compute,https://www.crunchbase.com/organization/thunder-9b4c,thunder-9b4c,https://www.crunchbase.com/organization/thunder-9b4c
datahive,13362,Thunderpod,https://www.crunchbase.com/organization/thunderpod,thunderpod,https://www.crunchbase.com/organization/thunderpod
radema,13362,Thunderpod,https://www.crunchbase.com/organization/thunderpod,thunderpod,https://www.crunchbase.com/organization/thunderpod
datahive,1047,Thunkable,https://www.crunchbase.com/organization/thunkable,thunkable,https://www.crunchbase.com/organization/thunkable
radema,1047,Thunkable,https://www.crunchbase.com/organization/thunkable,thunkable,https://www.crunchbase.com/organization/thunkable
datahive,714,Hive,https://www.crunchbase.com/organization/ticketlabs,ticketlabs,https://www.crunchbase.com/organization/ticketlabs
kaggle_startups,,TicketLabs,http://www.crunchbase.com/organization/ticketlabs,ticketlabs,https://www.crunchbase.com/organization/ticketlabs
radema,714,Hive,https://www.crunchbase.com/organization/ticketlabs,ticketlabs,https://www.crunchbase.com/organization/ticketlabs
datahive,296,Ticket Stumbler,https://www.crunchbase.com/organization/ticketstumbler,ticketstumbler,https://www.crunchbase.com/organization/ticketstumbler
kaggle_startups,,TicketStumbler,http://www.crunchbase.com/organization/ticketstumbler,ticketstumbler,https://www.crunchbase.com/organization/ticketstumbler
radema,296,Ticket Stumbler,https://www.crunchbase.com/organization/ticketstumbler,ticketstumbler,https://www.crunchbase.com/organization/ticketstumbler
radema,1419,Tickle,https://www.crunchbase.com/organization/tickle-2,tickle-2,https://www.crunchbase.com/organization/tickle-2
kaggle_startups,,Tiempo,http://www.crunchbase.com/organization/tiempo-2,tiempo-2,https://www.crunchbase.com/organization/tiempo-2
datahive,13207,Tienda Crypto,https://www.crunchbase.com/organization/tienda-d%C3%B3lar,tienda-dólar,https://www.crunchbase.com/organization/tienda-d%C3%B3lar
radema,13207,Tienda Crypto,https://www.crunchbase.com/organization/tienda-d%C3%B3lar,tienda-dólar,https://www.crunchbase.com/organization/tienda-d%C3%B3lar
datahive,25267,TigerEye,https://www.crunchbase.com/organization/tigereye-5bbd,tigereye-5bbd,https://www.crunchbase.com/organization/tigereye-5bbd
radema,25267,TigerEye,https://www.crunchbase.com/organization/tigereye-5bbd,tigereye-5bbd,https://www.crunchbase.com/organization/tigereye-5bbd
datahive,36,Talkray (TiKL),https://www.crunchbase.com/organization/tikl,tikl,https://www.crunchbase.com/organization/tikl
kaggle_startups,,TiKL,http://www.crunchbase.com/organization/tikl,tikl,https://www.crunchbase.com/organization/tikl
radema,36,Talkray (TiKL),https://www.crunchbase.com/organization/tikl,tikl,https://www.crunchbase.com/organization/tikl
datahive,23053,Tilt,https://www.crunchbase.com/organization/tilt-baca,tilt-baca,https://www.crunchbase.com/organization/tilt-baca
radema,23053,Tilt,https://www.crunchbase.com/organization/tilt-baca,tilt-baca,https://www.crunchbase.com/organization/tilt-baca
datahive,30456,Tinfoil,https://www.crunchbase.com/organization/tinfoil,tinfoil,https://www.crunchbase.com/organization/tinfoil
datahive,1772,Tingles,https://www.crunchbase.com/organization/tingles,tingles,https://www.crunchbase.com/organization/tingles
radema,1772,Tingles,https://www.crunchbase.com/organization/tingles,tingles,https://www.crunchbase.com/organization/tingles
datahive,716,Tinker,https://www.crunchbase.com/organization/tinker-2,tinker-2,https://www.crunchbase.com/organization/tinker-2
radema,716,Tinker,https://www.crunchbase.com/organization/tinker-2,tinker-2,https://www.crunchbase.com/organization/tinker-2
datahive,23064,Tint,https://www.crunchbase.com/organization/tint-ai,tint-ai,https://www.crunchbase.com/organization/tint-ai
radema,23064,Tint,https://www.crunchbase.com/organization/tint-ai,tint-ai,https://www.crunchbase.com/organization/tint-ai
datahive,30075,Tiny,https://www.crunchbase.com/organization/tiny-6bbb,tiny-6bbb,https://www.crunchbase.com/organization/tiny-6bbb
datahive,1756,Tipe,https://www.crunchbase.com/organization/tipe,tipe,https://www.crunchbase.com/organization/tipe
radema,1756,Tipe,https://www.crunchbase.com/organization/tipe,tipe,https://www.crunchbase.com/organization/tipe
datahive,316,Tipjoy,https://www.crunchbase.com/organization/tipjoy,tipjoy,https://www.crunchbase.com/organization/tipjoy
kaggle_startups,,Tipjoy,http://www.crunchbase.com/organization/tipjoy,tipjoy,https://www.crunchbase.com/organization/tipjoy
radema,316,Tipjoy,https://www.crunchbase.com/organization/tipjoy,tipjoy,https://www.crunchbase.com/organization/tipjoy
datahive,29079,Tiptap,https://www.crunchbase.com/organization/tiptap-75b3,tiptap-75b3,https://www.crunchbase.com/organization/tiptap-75b3
radema,29079,Tiptap,https://www.crunchbase.com/organization/tiptap-75b3,tiptap-75b3,https://www.crunchbase.com/organization/tiptap-75b3
datahive,30290,Tire Swing,http://crunchbase.com/organization/tire-swing,tire-swing,https://www.crunchbase.com/organization/tire-swing
datahive,1914,Titan,https://www.crunchbase.com/organization/titan,titan,https://www.crunchbase.com/organization/titan
radema,1914,Titan,https://www.crunchbase.com/organization/titan,titan,https://www.crunchbase.com/organization/titan
datahive,1442,Tizeti,https://www.crunchbase.com/organization/tizeti,tizeti,https://www.crunchbase.com/organization/tizeti
radema,1442,Tizeti,https://www.crunchbase.com/organization/tizeti,tizeti,https://www.crunchbase.com/organization/tizeti
datahive,1235,Shield Bio,https://www.crunchbase.com/organization/tl-biolabs,tl-biolabs,https://www.crunchbase.com/organization/tl-biolabs
radema,1235,Shield Bio,https://www.crunchbase.com/organization/tl-biolabs,tl-biolabs,https://www.crunchbase.com/organization/tl-biolabs
datahive,22303,Todos Comemos,https://www.crunchbase.com/organization/todos-comemos,todos-comemos,https://www.crunchbase.com/organization/todos-comemos
radema,22303,Todos Comemos,https://www.crunchbase.com/organization/todos-comemos,todos-comemos,https://www.crunchbase.com/organization/todos-comemos
datahive,1488,Token Transit,https://www.crunchbase.com/organization/token-transit,token-transit,https://www.crunchbase.com/organization/token-transit
radema,1488,Token Transit,https://www.crunchbase.com/organization/token-transit,token-transit,https://www.crunchbase.com/organization/token-transit
datahive,386,TomoGuides,https://www.crunchbase.com/organization/tomoguides,tomoguides,https://www.crunchbase.com/organization/tomoguides
kaggle_startups,,TomoGuides,http://www.crunchbase.com/organization/tomoguides,tomoguides,https://www.crunchbase.com/organization/tomoguides
radema,386,TomoGuides,https://www.crunchbase.com/organization/tomoguides,tomoguides,https://www.crunchbase.com/organization/tomoguides
datahive,23238,Ontop,https://www.crunchbase.com/organization/top-e6ff,top-e6ff,https://www.crunchbase.com/organization/top-e6ff
radema,23238,Ontop,https://www.crunchbase.com/organization/top-e6ff,top-e6ff,https://www.crunchbase.com/organization/top-e6ff
datahive,22854,Topkey,https://www.crunchbase.com/organization/topkey,topkey,https://www.crunchbase.com/organization/topkey
radema,22854,Topkey,https://www.crunchbase.com/organization/topkey,topkey,https://www.crunchbase.com/organization/topkey
datahive,29301,Topo,https://www.crunchbase.com/organization/topo-io,topo-io,https://www.crunchbase.com/organization/topo-io
radema,29301,Topo,https://www.crunchbase.com/organization/topo-io,topo-io,https://www.crunchbase.com/organization/topo-io
datahive,25935,Topship,https://www.crunchbase.com/organization/topship,topship,https://www.crunchbase.com/organization/topship
radema,25935,Topship,https://www.crunchbase.com/organization/topship,topship,https://www.crunchbase.com/organization/topship
datahive,1728,Torch,https://www.crunchbase.com/organization/torch,torch,https://www.crunchbase.com/organization/torch
radema,1728,Torch,https://www.crunchbase.com/organization/torch,torch,https://www.crunchbase.com/organization/torch
kaggle_startups,,Toutpost,http://www.crunchbase.com/organization/toutpost,toutpost,https://www.crunchbase.com/organization/toutpost
datahive,989,Tovala,https://www.crunchbase.com/organization/tovala,tovala,https://www.crunchbase.com/organization/tovala
radema,989,Tovala,https://www.crunchbase.com/organization/tovala,tovala,https://www.crunchbase.com/organization/tovala
datahive,1911,Contrast,https://www.crunchbase.com/organization/toybox-9a51,toybox-9a51,https://www.crunchbase.com/organization/toybox-9a51
radema,1911,Contrast,https://www.crunchbase.com/organization/toybox-9a51,toybox-9a51,https://www.crunchbase.com/organization/toybox-9a51
datahive,1001,Toymail,https://www.crunchbase.com/organization/toymail-co-,toymail-co-,https://www.crunchbase.com/organization/toymail-co-
radema,1001,Toymail,https://www.crunchbase.com/organization/toymail-co-,toymail-co-,https://www.crunchbase.com/organization/toymail-co-
radema,13557,WorkPay,https://www.crunchbase.com/organization/tozzaplus,tozzaplus,https://www.crunchbase.com/organization/tozzaplus
datahive,1647,tpaga,https://www.crunchbase.com/organization/tpaga,tpaga,https://www.crunchbase.com/organization/tpaga
radema,1647,tpaga,https://www.crunchbase.com/organization/tpaga,tpaga,https://www.crunchbase.com/organization/tpaga
datahive,1059,TRAC,https://www.crunchbase.com/organization/trac,trac,https://www.crunchbase.com/organization/trac
radema,1059,TRAC,https://www.crunchbase.com/organization/trac,trac,https://www.crunchbase.com/organization/trac
datahive,29246,Tracecat,https://www.crunchbase.com/organization/tracecat,tracecat,https://www.crunchbase.com/organization/tracecat
radema,29246,Tracecat,https://www.crunchbase.com/organization/tracecat,tracecat,https://www.crunchbase.com/organization/tracecat
datahive,30610,TraceRoot.AI,https://www.crunchbase.com/organization/traceroot,traceroot,https://www.crunchbase.com/organization/traceroot
datahive,24271,TrackChain,https://www.crunchbase.com/organization/trackchain,trackchain,https://www.crunchbase.com/organization/trackchain
radema,24271,TrackChain,https://www.crunchbase.com/organization/trackchain,trackchain,https://www.crunchbase.com/organization/trackchain
datahive,792,Mobydish,https://www.crunchbase.com/organization/trackin,trackin,https://www.crunchbase.com/organization/trackin
radema,792,Mobydish,https://www.crunchbase.com/organization/trackin,trackin,https://www.crunchbase.com/organization/trackin
kaggle_startups,,Tracks.by,http://www.crunchbase.com/organization/tracks-by,tracks-by,https://www.crunchbase.com/organization/tracks-by
datahive,23017,Tractian,https://www.crunchbase.com/organization/tractian,tractian,https://www.crunchbase.com/organization/tractian
radema,23017,TRACTIAN,https://www.crunchbase.com/organization/tractian,tractian,https://www.crunchbase.com/organization/tractian
datahive,1439,Trade,https://www.crunchbase.com/organization/trade,trade,https://www.crunchbase.com/organization/trade
radema,1439,Trade,https://www.crunchbase.com/organization/trade,trade,https://www.crunchbase.com/organization/trade
kaggle_startups,,TradeBlock,http://www.crunchbase.com/organization/tradeblock,tradeblock,https://www.crunchbase.com/organization/tradeblock
datahive,1768,Tradewind BioScience,https://www.crunchbase.com/organization/tradewind-bioscience,tradewind-bioscience,https://www.crunchbase.com/organization/tradewind-bioscience
radema,1768,Tradewind BioScience,https://www.crunchbase.com/organization/tradewind-bioscience,tradewind-bioscience,https://www.crunchbase.com/organization/tradewind-bioscience
datahive,26307,TradeX,https://www.crunchbase.com/organization/tradex-cd89,tradex-cd89,https://www.crunchbase.com/organization/tradex-cd89
radema,26307,TradeX,https://www.crunchbase.com/organization/tradex-cd89,tradex-cd89,https://www.crunchbase.com/organization/tradex-cd89
datahive,789,Tempo,https://www.crunchbase.com/organization/trainwithpivot,trainwithpivot,https://www.crunchbase.com/organization/trainwithpivot
radema,789,Tempo,https://www.crunchbase.com/organization/trainwithpivot,trainwithpivot,https://www.crunchbase.com/organization/trainwithpivot
datahive,26764,Tranch,https://www.crunchbase.com/organization/tranch,tranch,https://www.crunchbase.com/organization/tranch
radema,26764,Tranch,https://www.crunchbase.com/organization/tranch,tranch,https://www.crunchbase.com/organization/tranch
datahive,12839,Tranqui Finanzas,https://www.crunchbase.com/organization/tranqui,tranqui,https://www.crunchbase.com/organization/tranqui
radema,12839,Tranqui Finanzas,https://www.crunchbase.com/organization/tranqui,tranqui,https://www.crunchbase.com/organization/tranqui
datahive,901,Thrive Agritech,https://www.crunchbase.com/organization/transcend-lighting,transcend-lighting,https://www.crunchbase.com/organization/transcend-lighting
radema,901,Thrive Agritech,https://www.crunchbase.com/organization/transcend-lighting,transcend-lighting,https://www.crunchbase.com/organization/transcend-lighting
datahive,835,Transcriptic,https://www.crunchbase.com/organization/transcriptic,transcriptic,https://www.crunchbase.com/organization/transcriptic
radema,835,Transcriptic,https://www.crunchbase.com/organization/transcriptic,transcriptic,https://www.crunchbase.com/organization/transcriptic
datahive,940,Traversal Networks,https://www.crunchbase.com/organization/traversal-networks,traversal-networks,https://www.crunchbase.com/organization/traversal-networks
radema,940,Traversal Networks,https://www.crunchbase.com/organization/traversal-networks,traversal-networks,https://www.crunchbase.com/organization/traversal-networks
datahive,12092,Traverse Technologies,https://www.crunchbase.com/organization/traverse-technologies,traverse-technologies,https://www.crunchbase.com/organization/traverse-technologies
radema,12092,Traverse Technologies,https://www.crunchbase.com/organization/traverse-technologies,traverse-technologies,https://www.crunchbase.com/organization/traverse-technologies
datahive,1810,Treasury Prime,https://www.crunchbase.com/organization/treasury-prime,treasury-prime,https://www.crunchbase.com/organization/treasury-prime
radema,1810,Treasury Prime,https://www.crunchbase.com/organization/treasury-prime,treasury-prime,https://www.crunchbase.com/organization/treasury-prime
datahive,12855,treble.ai,https://www.crunchbase.com/organization/treble-ai,treble-ai,https://www.crunchbase.com/organization/treble-ai
radema,12855,treble.ai,https://www.crunchbase.com/organization/treble-ai,treble-ai,https://www.crunchbase.com/organization/treble-ai
datahive,786,Sails Co.,https://www.crunchbase.com/organization/treeline,treeline,https://www.crunchbase.com/organization/treeline
radema,786,Sails Co.,https://www.crunchbase.com/organization/treeline,treeline,https://www.crunchbase.com/organization/treeline
datahive,23357,Treinta,https://www.crunchbase.com/organization/treinta,treinta,https://www.crunchbase.com/organization/treinta
radema,23357,Treinta,https://www.crunchbase.com/organization/treinta,treinta,https://www.crunchbase.com/organization/treinta
datahive,12836,Trella,https://www.crunchbase.com/organization/trella,trella,https://www.crunchbase.com/organization/trella
radema,12836,Trella,https://www.crunchbase.com/organization/trella,trella,https://www.crunchbase.com/organization/trella
datahive,149,Tremendous,https://www.crunchbase.com/organization/tremendous,tremendous,https://www.crunchbase.com/organization/tremendous
radema,149,Tremendous,https://www.crunchbase.com/organization/tremendous,tremendous,https://www.crunchbase.com/organization/tremendous
datahive,22968,Trendpop,https://www.crunchbase.com/organization/trendpop,trendpop,https://www.crunchbase.com/organization/trendpop
radema,22968,Trendpop,https://www.crunchbase.com/organization/trendpop,trendpop,https://www.crunchbase.com/organization/trendpop
datahive,1474,Tress,https://www.crunchbase.com/organization/tress,tress,https://www.crunchbase.com/organization/tress
radema,1474,Tress,https://www.crunchbase.com/organization/tress,tress,https://www.crunchbase.com/organization/tress
radema,11922,Trexo Robotics,https://www.crunchbase.com/organization/trexo-robotics,trexo-robotics,https://www.crunchbase.com/organization/trexo-robotics
datahive,1798,Tributi,https://www.crunchbase.com/organization/tributi,tributi,https://www.crunchbase.com/organization/tributi
radema,1798,Tributi,https://www.crunchbase.com/organization/tributi,tributi,https://www.crunchbase.com/organization/tributi
datahive,303,Trigger,https://www.crunchbase.com/organization/trigger-io,trigger-io,https://www.crunchbase.com/organization/trigger-io
radema,303,Trigger,https://www.crunchbase.com/organization/trigger-io,trigger-io,https://www.crunchbase.com/organization/trigger-io
datahive,24168,trii,https://www.crunchbase.com/organization/trii,trii,https://www.crunchbase.com/organization/trii
radema,24168,trii,https://www.crunchbase.com/organization/trii,trii,https://www.crunchbase.com/organization/trii
radema,1416,Trinket,https://www.crunchbase.com/organization/trinket,trinket,https://www.crunchbase.com/organization/trinket
datahive,860,Triplebyte,https://www.crunchbase.com/organization/triplebyte,triplebyte,https://www.crunchbase.com/organization/triplebyte
radema,860,Triplebyte,https://www.crunchbase.com/organization/triplebyte,triplebyte,https://www.crunchbase.com/organization/triplebyte
datahive,12608,TRM Labs,https://www.crunchbase.com/organization/trm-labs,trm-labs,https://www.crunchbase.com/organization/trm-labs
radema,12608,TRM Labs,https://www.crunchbase.com/organization/trm-labs,trm-labs,https://www.crunchbase.com/organization/trm-labs
datahive,563,True Link,https://www.crunchbase.com/organization/true-link-financial,true-link-financial,https://www.crunchbase.com/organization/true-link-financial
kaggle_startups,,True Link Financial,http://www.crunchbase.com/organization/true-link-financial,true-link-financial,https://www.crunchbase.com/organization/true-link-financial
radema,563,True Link,https://www.crunchbase.com/organization/true-link-financial,true-link-financial,https://www.crunchbase.com/organization/true-link-financial
datahive,1005,Truebill,https://www.crunchbase.com/organization/truebill,truebill,https://www.crunchbase.com/organization/truebill
radema,1005,Truebill,https://www.crunchbase.com/organization/truebill,truebill,https://www.crunchbase.com/organization/truebill
radema,1635,Truepill,https://www.crunchbase.com/organization/truepill,truepill,https://www.crunchbase.com/organization/truepill
datahive,628,TrueVault,https://www.crunchbase.com/organization/truevault,truevault,https://www.crunchbase.com/organization/truevault
kaggle_startups,,TrueVault,http://www.crunchbase.com/organization/truevault,truevault,https://www.crunchbase.com/organization/truevault
radema,628,TrueVault,https://www.crunchbase.com/organization/truevault,truevault,https://www.crunchbase.com/organization/truevault
datahive,12282,Truora,https://www.crunchbase.com/organization/truora,truora,https://www.crunchbase.com/organization/truora
radema,12282,Truora,https://www.crunchbase.com/organization/truora,truora,https://www.crunchbase.com/organization/truora
kaggle_startups,,TrustEgg,http://www.crunchbase.com/organization/trustegg,trustegg,https://www.crunchbase.com/organization/trustegg
datahive,13224,Ello,https://www.crunchbase.com/organization/trustle,trustle,https://www.crunchbase.com/organization/trustle
datahive,26067,Trusty,https://www.crunchbase.com/organization/trusty-d818,trusty-d818,https://www.crunchbase.com/organization/trusty-d818
radema,26067,Trusty,https://www.crunchbase.com/organization/trusty-d818,trusty-d818,https://www.crunchbase.com/organization/trusty-d818
datahive,1529,ZipX,https://www.crunchbase.com/organization/trusu,trusu,https://www.crunchbase.com/organization/trusu
radema,1529,ZipX,https://www.crunchbase.com/organization/trusu,trusu,https://www.crunchbase.com/organization/trusu
datahive,12534,Courier,https://www.crunchbase.com/organization/try-courier,try-courier,https://www.crunchbase.com/organization/try-courier
radema,12534,Courier,https://www.crunchbase.com/organization/try-courier,try-courier,https://www.crunchbase.com/organization/try-courier
datahive,345,Tsumobi,https://www.crunchbase.com/organization/tsumobi,tsumobi,https://www.crunchbase.com/organization/tsumobi
kaggle_startups,,Tsumobi,http://www.crunchbase.com/organization/tsumobi,tsumobi,https://www.crunchbase.com/organization/tsumobi
radema,345,Tsumobi,https://www.crunchbase.com/organization/tsumobi,tsumobi,https://www.crunchbase.com/organization/tsumobi
datahive,717,Tule,https://www.crunchbase.com/organization/tule,tule,https://www.crunchbase.com/organization/tule
radema,717,Tule,https://www.crunchbase.com/organization/tule,tule,https://www.crunchbase.com/organization/tule
datahive,141,Tumult,https://www.crunchbase.com/organization/tumult-inc,tumult-inc,https://www.crunchbase.com/organization/tumult-inc
kaggle_startups,,Hype,http://www.crunchbase.com/organization/tumult-inc,tumult-inc,https://www.crunchbase.com/organization/tumult-inc
radema,141,Tumult,https://www.crunchbase.com/organization/tumult-inc,tumult-inc,https://www.crunchbase.com/organization/tumult-inc
datahive,23457,Turing College,https://www.crunchbase.com/organization/turing-college,turing-college,https://www.crunchbase.com/organization/turing-college
radema,23457,Turing College,https://www.crunchbase.com/organization/turing-college,turing-college,https://www.crunchbase.com/organization/turing-college
datahive,29310,Tusk,https://www.crunchbase.com/organization/tusk-5ac6,tusk-5ac6,https://www.crunchbase.com/organization/tusk-5ac6
radema,29310,Tusk,https://www.crunchbase.com/organization/tusk-5ac6,tusk-5ac6,https://www.crunchbase.com/organization/tusk-5ac6
datahive,163,Tutorspree,https://www.crunchbase.com/organization/tutorspree,tutorspree,https://www.crunchbase.com/organization/tutorspree
kaggle_startups,,Tutorspree,http://www.crunchbase.com/organization/tutorspree,tutorspree,https://www.crunchbase.com/organization/tutorspree
radema,163,Tutorspree,https://www.crunchbase.com/organization/tutorspree,tutorspree,https://www.crunchbase.com/organization/tutorspree
kaggle_startups,,Tuxebo,http://www.crunchbase.com/organization/tuxebo,tuxebo,https://www.crunchbase.com/organization/tuxebo
kaggle_startups,,Tweetflow,http://www.crunchbase.com/organization/tweetflow,tweetflow,https://www.crunchbase.com/organization/tweetflow
datahive,27701,Backdrop,https://www.crunchbase.com/organization/twig-25f4,twig-25f4,https://www.crunchbase.com/organization/twig-25f4
radema,27701,Backdrop,https://www.crunchbase.com/organization/twig-25f4,twig-25f4,https://www.crunchbase.com/organization/twig-25f4
datahive,29117,Twine,https://www.crunchbase.com/organization/twine-e85f,twine-e85f,https://www.crunchbase.com/organization/twine-e85f
radema,29117,Twine,https://www.crunchbase.com/organization/twine-e85f,twine-e85f,https://www.crunchbase.com/organization/twine-e85f
datahive,383,Twitch,https://www.crunchbase.com/organization/twitch,twitch,https://www.crunchbase.com/organization/twitch
radema,383,Twitch,https://www.crunchbase.com/organization/twitch,twitch,https://www.crunchbase.com/organization/twitch
kaggle_startups,,Two Tap,http://www.crunchbase.com/organization/two-tap,two-tap,https://www.crunchbase.com/organization/two-tap
radema,575,Two Tap,https://www.crunchbase.com/organization/two-tap,two-tap,https://www.crunchbase.com/organization/two-tap
datahive,25286,TYBR Health,https://www.crunchbase.com/organization/tybr-health,tybr-health,https://www.crunchbase.com/organization/tybr-health
radema,25286,TYBR Health,https://www.crunchbase.com/organization/tybr-health,tybr-health,https://www.crunchbase.com/organization/tybr-health
datahive,13238,Typedream,https://www.crunchbase.com/organization/typedream,typedream,https://www.crunchbase.com/organization/typedream
radema,13238,Typedream,https://www.crunchbase.com/organization/typedream,typedream,https://www.crunchbase.com/organization/typedream
datahive,26859,Typewise,https://www.crunchbase.com/organization/typewise,typewise,https://www.crunchbase.com/organization/typewise
radema,26859,Typewise,https://www.crunchbase.com/organization/typewise,typewise,https://www.crunchbase.com/organization/typewise
kaggle_startups,,uBiome,http://www.crunchbase.com/organization/ubiome,ubiome,https://www.crunchbase.com/organization/ubiome
datahive,1301,Ubiq,https://www.crunchbase.com/organization/ubiq-2,ubiq-2,https://www.crunchbase.com/organization/ubiq-2
radema,1301,Ubiq,https://www.crunchbase.com/organization/ubiq-2,ubiq-2,https://www.crunchbase.com/organization/ubiq-2
datahive,1959,UBITS,https://www.crunchbase.com/organization/ubits,ubits,https://www.crunchbase.com/organization/ubits
radema,1959,UBITS,https://www.crunchbase.com/organization/ubits,ubits,https://www.crunchbase.com/organization/ubits
datahive,23370,Uiflow,https://www.crunchbase.com/organization/uiflow,uiflow,https://www.crunchbase.com/organization/uiflow
radema,23370,Uiflow,https://www.crunchbase.com/organization/uiflow,uiflow,https://www.crunchbase.com/organization/uiflow
datahive,27039,Cobbery,https://www.crunchbase.com/organization/ultimate-tournament-inc,ultimate-tournament-inc,https://www.crunchbase.com/organization/ultimate-tournament-inc
radema,27039,Tangia,https://www.crunchbase.com/organization/ultimate-tournament-inc,ultimate-tournament-inc,https://www.crunchbase.com/organization/ultimate-tournament-inc
datahive,11946,Ultralight,https://www.crunchbase.com/organization/ultralight,ultralight,https://www.crunchbase.com/organization/ultralight
radema,11946,Ultralight,https://www.crunchbase.com/organization/ultralight,ultralight,https://www.crunchbase.com/organization/ultralight
datahive,640,Unbabel,https://www.crunchbase.com/organization/unbabel,unbabel,https://www.crunchbase.com/organization/unbabel
kaggle_startups,,Unbabel,http://www.crunchbase.com/organization/unbabel,unbabel,https://www.crunchbase.com/organization/unbabel
radema,640,Unbabel,https://www.crunchbase.com/organization/unbabel,unbabel,https://www.crunchbase.com/organization/unbabel
datahive,23781,Openlayer,https://www.crunchbase.com/organization/unbox-3db0,unbox-3db0,https://www.crunchbase.com/organization/unbox-3db0
radema,23781,Openlayer,https://www.crunchbase.com/organization/unbox-3db0,unbox-3db0,https://www.crunchbase.com/organization/unbox-3db0
datahive,795,Underground Cellar,https://www.crunchbase.com/organization/underground-cellar,underground-cellar,https://www.crunchbase.com/organization/underground-cellar
radema,795,Underground Cellar,https://www.crunchbase.com/organization/underground-cellar,underground-cellar,https://www.crunchbase.com/organization/underground-cellar
radema,629,Unicornly,https://www.crunchbase.com/organization/unicornly,unicornly,https://www.crunchbase.com/organization/unicornly
datahive,26837,Unify,https://www.crunchbase.com/organization/unify-ai,unify-ai,https://www.crunchbase.com/organization/unify-ai
datahive,1023,Unima,https://www.crunchbase.com/organization/unima,unima,https://www.crunchbase.com/organization/unima
radema,1023,Unima,https://www.crunchbase.com/organization/unima,unima,https://www.crunchbase.com/organization/unima
datahive,12387,Union Apartment,https://www.crunchbase.com/organization/union-apartment,union-apartment,https://www.crunchbase.com/organization/union-apartment
radema,12387,Union Apartment,https://www.crunchbase.com/organization/union-apartment,union-apartment,https://www.crunchbase.com/organization/union-apartment
datahive,1808,Universe,https://www.crunchbase.com/organization/universe-2,universe-2,https://www.crunchbase.com/organization/universe-2
radema,1808,Universe,https://www.crunchbase.com/organization/universe-2,universe-2,https://www.crunchbase.com/organization/universe-2
datahive,1075,Unnyhog,https://www.crunchbase.com/organization/unnyhog,unnyhog,https://www.crunchbase.com/organization/unnyhog
radema,1075,Unnyhog,https://www.crunchbase.com/organization/unnyhog,unnyhog,https://www.crunchbase.com/organization/unnyhog
datahive,25958,Unsaddl,https://www.crunchbase.com/organization/unsaddl,unsaddl,https://www.crunchbase.com/organization/unsaddl
radema,25958,Unsaddl,https://www.crunchbase.com/organization/unsaddl,unsaddl,https://www.crunchbase.com/organization/unsaddl
datahive,29633,Unsloth AI,https://crunchbase.com/organization/unsloth-ai,unsloth-ai,https://www.crunchbase.com/organization/unsloth-ai
datahive,27051,Unthread,https://www.crunchbase.com/organization/unthread,unthread,https://www.crunchbase.com/organization/unthread
radema,27051,Unthread,https://www.crunchbase.com/organization/unthread,unthread,https://www.crunchbase.com/organization/unthread
datahive,738,Unwind Me,https://www.crunchbase.com/organization/unwind-me,unwind-me,https://www.crunchbase.com/organization/unwind-me
radema,738,Unwind Me,https://www.crunchbase.com/organization/unwind-me,unwind-me,https://www.crunchbase.com/organization/unwind-me
datahive,25517,UpBanx,https://www.crunchbase.com/organization/upbanx,upbanx,https://www.crunchbase.com/organization/upbanx
radema,25517,UpBanx,https://www.crunchbase.com/organization/upbanx,upbanx,https://www.crunchbase.com/organization/upbanx
datahive,1473,Upcall,https://www.crunchbase.com/organization/upcall,upcall,https://www.crunchbase.com/organization/upcall
radema,1473,Upcall,https://www.crunchbase.com/organization/upcall,upcall,https://www.crunchbase.com/organization/upcall
datahive,1602,UpCodes,https://www.crunchbase.com/organization/upcodes,upcodes,https://www.crunchbase.com/organization/upcodes
radema,1602,UpCodes,https://www.crunchbase.com/organization/upcodes,upcodes,https://www.crunchbase.com/organization/upcodes
datahive,12625,UpEquity,https://www.crunchbase.com/organization/upequity,upequity,https://www.crunchbase.com/organization/upequity
radema,12625,UpEquity,https://www.crunchbase.com/organization/upequity,upequity,https://www.crunchbase.com/organization/upequity
datahive,13333,Upflow,https://www.crunchbase.com/organization/upflow,upflow,https://www.crunchbase.com/organization/upflow
radema,13333,Upflow,https://www.crunchbase.com/organization/upflow,upflow,https://www.crunchbase.com/organization/upflow
datahive,1202,Upgraded,https://www.crunchbase.com/organization/upgraded-technologies,upgraded-technologies,https://www.crunchbase.com/organization/upgraded-technologies
radema,1202,Upgraded,https://www.crunchbase.com/organization/upgraded-technologies,upgraded-technologies,https://www.crunchbase.com/organization/upgraded-technologies
datahive,1541,UpKeep,https://www.crunchbase.com/organization/upkeep-maintenance-management,upkeep-maintenance-management,https://www.crunchbase.com/organization/upkeep-maintenance-management
radema,1541,UpKeep,https://www.crunchbase.com/organization/upkeep-maintenance-management,upkeep-maintenance-management,https://www.crunchbase.com/organization/upkeep-maintenance-management
kaggle_startups,,UPower,http://www.crunchbase.com/organization/upower,upower,https://www.crunchbase.com/organization/upower
datahive,29182,Upsolve AI,https://www.crunchbase.com/organization/upsolve,upsolve,https://www.crunchbase.com/organization/upsolve
radema,29182,Upsolve AI,https://www.crunchbase.com/organization/upsolve,upsolve,https://www.crunchbase.com/organization/upsolve
datahive,133,Upverter,https://www.crunchbase.com/organization/upverter,upverter,https://www.crunchbase.com/organization/upverter
kaggle_startups,,Upverter,http://www.crunchbase.com/organization/upverter,upverter,https://www.crunchbase.com/organization/upverter
radema,133,Upverter,https://www.crunchbase.com/organization/upverter,upverter,https://www.crunchbase.com/organization/upverter
datahive,13346,UrbanKisaan,https://www.crunchbase.com/organization/urbankisaan,urbankisaan,https://www.crunchbase.com/organization/urbankisaan
kaggle_startups,,UrbanTakeover,http://www.crunchbase.com/organization/urbantakeover,urbantakeover,https://www.crunchbase.com/organization/urbantakeover
datahive,518,URX,https://www.crunchbase.com/organization/urx,urx,https://www.crunchbase.com/organization/urx
kaggle_startups,,URX,http://www.crunchbase.com/organization/urx,urx,https://www.crunchbase.com/organization/urx
radema,518,URX,https://www.crunchbase.com/organization/urx,urx,https://www.crunchbase.com/organization/urx
datahive,1890,User Hero,https://www.crunchbase.com/organization/user-hero,user-hero,https://www.crunchbase.com/organization/user-hero
radema,1890,User Hero,https://www.crunchbase.com/organization/user-hero,user-hero,https://www.crunchbase.com/organization/user-hero
datahive,129,Userfox,https://www.crunchbase.com/organization/userfox,userfox,https://www.crunchbase.com/organization/userfox
kaggle_startups,,Userfox,http://www.crunchbase.com/organization/userfox,userfox,https://www.crunchbase.com/organization/userfox
radema,129,Userfox,https://www.crunchbase.com/organization/userfox,userfox,https://www.crunchbase.com/organization/userfox
datahive,703,UserGems,https://www.crunchbase.com/organization/usergems,usergems,https://www.crunchbase.com/organization/usergems
radema,703,UserGems,https://www.crunchbase.com/organization/usergems,usergems,https://www.crunchbase.com/organization/usergems
datahive,29849,Usul,https://www.crunchbase.com/organization/usul,usul,https://www.crunchbase.com/organization/usul
datahive,1432,UtilityScore (formerly Pando),https://www.crunchbase.com/organization/utilityscore,utilityscore,https://www.crunchbase.com/organization/utilityscore
radema,1432,UtilityScore (formerly Pando),https://www.crunchbase.com/organization/utilityscore,utilityscore,https://www.crunchbase.com/organization/utilityscore
datahive,13167,Farcast,https://www.crunchbase.com/organization/utvate,utvate,https://www.crunchbase.com/organization/utvate
radema,13167,UTVATE,https://www.crunchbase.com/organization/utvate,utvate,https://www.crunchbase.com/organization/utvate
datahive,12738,Vahan,https://www.crunchbase.com/organization/vahan,vahan,https://www.crunchbase.com/organization/vahan
radema,12738,Vahan,https://www.crunchbase.com/organization/vahan,vahan,https://www.crunchbase.com/organization/vahan
datahive,1275,Validere,https://www.crunchbase.com/organization/validere-technologies,validere-technologies,https://www.crunchbase.com/organization/validere-technologies
radema,1275,Validere,https://www.crunchbase.com/organization/validere-technologies,validere-technologies,https://www.crunchbase.com/organization/validere-technologies
datahive,13486,Valienta,https://www.crunchbase.com/organization/valienta,valienta,https://www.crunchbase.com/organization/valienta
radema,13486,Valienta,https://www.crunchbase.com/organization/valienta,valienta,https://www.crunchbase.com/organization/valienta
datahive,836,Valor Water Analytics,https://www.crunchbase.com/organization/valor-water-analytics,valor-water-analytics,https://www.crunchbase.com/organization/valor-water-analytics
radema,836,Valor Water Analytics,https://www.crunchbase.com/organization/valor-water-analytics,valor-water-analytics,https://www.crunchbase.com/organization/valor-water-analytics
datahive,1622,Value Voting,https://www.crunchbase.com/organization/value-voting,value-voting,https://www.crunchbase.com/organization/value-voting
radema,1622,Value Voting,https://www.crunchbase.com/organization/value-voting,value-voting,https://www.crunchbase.com/organization/value-voting
radema,25403,Vance,https://www.crunchbase.com/organization/vance-0d39,vance-0d39,https://www.crunchbase.com/organization/vance-0d39
datahive,837,Vanhawks,https://www.crunchbase.com/organization/vanhawks,vanhawks,https://www.crunchbase.com/organization/vanhawks
radema,837,Vanhawks,https://www.crunchbase.com/organization/vanhawks,vanhawks,https://www.crunchbase.com/organization/vanhawks
datahive,1781,Vanta,https://www.crunchbase.com/organization/vanta,vanta,https://www.crunchbase.com/organization/vanta
radema,1781,Vanta,https://www.crunchbase.com/organization/vanta,vanta,https://www.crunchbase.com/organization/vanta
datahive,460,Vastrm,https://www.crunchbase.com/organization/vastrm,vastrm,https://www.crunchbase.com/organization/vastrm
kaggle_startups,,Vastrm,http://www.crunchbase.com/organization/vastrm,vastrm,https://www.crunchbase.com/organization/vastrm
radema,460,Vastrm,https://www.crunchbase.com/organization/vastrm,vastrm,https://www.crunchbase.com/organization/vastrm
datahive,1823,Vathys,https://www.crunchbase.com/organization/vathys,vathys,https://www.crunchbase.com/organization/vathys
radema,1823,Vathys,https://www.crunchbase.com/organization/vathys,vathys,https://www.crunchbase.com/organization/vathys
kaggle_startups,,Vatler,http://www.crunchbase.com/organization/vatler-2,vatler-2,https://www.crunchbase.com/organization/vatler-2
datahive,413,Vayable,https://www.crunchbase.com/organization/vayable,vayable,https://www.crunchbase.com/organization/vayable
kaggle_startups,,Vayable,http://www.crunchbase.com/organization/vayable,vayable,https://www.crunchbase.com/organization/vayable
radema,413,Vayable,https://www.crunchbase.com/organization/vayable,vayable,https://www.crunchbase.com/organization/vayable
datahive,478,VaycayHero,https://www.crunchbase.com/organization/vaycayhero,vaycayhero,https://www.crunchbase.com/organization/vaycayhero
radema,478,VaycayHero,https://www.crunchbase.com/organization/vaycayhero,vaycayhero,https://www.crunchbase.com/organization/vaycayhero
datahive,11939,Vectordash,https://www.crunchbase.com/organization/vectordash,vectordash,https://www.crunchbase.com/organization/vectordash
radema,11939,Vectordash,https://www.crunchbase.com/organization/vectordash,vectordash,https://www.crunchbase.com/organization/vectordash
datahive,21917,Vectrix,https://www.crunchbase.com/organization/vectrix-d281,vectrix-d281,https://www.crunchbase.com/organization/vectrix-d281
radema,21917,Vectrix,https://www.crunchbase.com/organization/vectrix-d281,vectrix-d281,https://www.crunchbase.com/organization/vectrix-d281
datahive,1866,Vena Medical,https://www.crunchbase.com/organization/vena-medical,vena-medical,https://www.crunchbase.com/organization/vena-medical
radema,1866,Vena Medical,https://www.crunchbase.com/organization/vena-medical,vena-medical,https://www.crunchbase.com/organization/vena-medical
datahive,27969,Vendah,https://www.crunchbase.com/organization/vendah,vendah,https://www.crunchbase.com/organization/vendah
radema,27969,Vendah,https://www.crunchbase.com/organization/vendah,vendah,https://www.crunchbase.com/organization/vendah
datahive,12878,Vendr.com,https://www.crunchbase.com/organization/vendr,vendr,https://www.crunchbase.com/organization/vendr
radema,12878,Vendr.com,https://www.crunchbase.com/organization/vendr,vendr,https://www.crunchbase.com/organization/vendr
datahive,29814,Vendra,https://www.crunchbase.com/organization/vendra,vendra,https://www.crunchbase.com/organization/vendra
datahive,25726,Vendy,https://www.crunchbase.com/organization/vendy-inc,vendy-inc,https://www.crunchbase.com/organization/vendy-inc
radema,25726,Vendy,https://www.crunchbase.com/organization/vendy-inc,vendy-inc,https://www.crunchbase.com/organization/vendy-inc
datahive,21816,VenoStent,https://www.crunchbase.com/organization/venostent,venostent,https://www.crunchbase.com/organization/venostent
radema,21816,VenoStent,https://www.crunchbase.com/organization/venostent,venostent,https://www.crunchbase.com/organization/venostent
datahive,23191,Venu AI,https://www.crunchbase.com/organization/venu,venu,https://www.crunchbase.com/organization/venu
radema,23191,Venu AI,https://www.crunchbase.com/organization/venu,venu,https://www.crunchbase.com/organization/venu
datahive,174,Venuetastic,https://www.crunchbase.com/organization/venuetastic,venuetastic,https://www.crunchbase.com/organization/venuetastic
radema,174,Venuetastic,https://www.crunchbase.com/organization/venuetastic,venuetastic,https://www.crunchbase.com/organization/venuetastic
datahive,103,Verbling,https://www.crunchbase.com/organization/verbling,verbling,https://www.crunchbase.com/organization/verbling
kaggle_startups,,Verbling,http://www.crunchbase.com/organization/verbling,verbling,https://www.crunchbase.com/organization/verbling
radema,103,Verbling,https://www.crunchbase.com/organization/verbling,verbling,https://www.crunchbase.com/organization/verbling
datahive,902,Verge Genomics,https://www.crunchbase.com/organization/verge-genomics,verge-genomics,https://www.crunchbase.com/organization/verge-genomics
radema,902,Verge Genomics,https://www.crunchbase.com/organization/verge-genomics,verge-genomics,https://www.crunchbase.com/organization/verge-genomics
datahive,1587,VergeSense,https://www.crunchbase.com/organization/vergesense,vergesense,https://www.crunchbase.com/organization/vergesense
radema,1587,VergeSense,https://www.crunchbase.com/organization/vergesense,vergesense,https://www.crunchbase.com/organization/vergesense
datahive,1876,Veriff,https://www.crunchbase.com/organization/veriff,veriff,https://www.crunchbase.com/organization/veriff
radema,1876,Veriff,https://www.crunchbase.com/organization/veriff,veriff,https://www.crunchbase.com/organization/veriff
datahive,24180,Verihubs,https://www.crunchbase.com/organization/verihubs,verihubs,https://www.crunchbase.com/organization/verihubs
radema,24180,Verihubs,https://www.crunchbase.com/organization/verihubs,verihubs,https://www.crunchbase.com/organization/verihubs
datahive,881,Vernox,https://www.crunchbase.com/organization/vernox-labs,vernox-labs,https://www.crunchbase.com/organization/vernox-labs
radema,881,Vernox,https://www.crunchbase.com/organization/vernox-labs,vernox-labs,https://www.crunchbase.com/organization/vernox-labs
datahive,882,Hickory,https://www.crunchbase.com/organization/versed,versed,https://www.crunchbase.com/organization/versed
radema,882,Hickory,https://www.crunchbase.com/organization/versed,versed,https://www.crunchbase.com/organization/versed
datahive,12278,Verto,https://www.crunchbase.com/organization/vertofx,vertofx,https://www.crunchbase.com/organization/vertofx
radema,12278,VertoFX,https://www.crunchbase.com/organization/vertofx,vertofx,https://www.crunchbase.com/organization/vertofx
datahive,1498,"Veryfi, Inc.",https://www.crunchbase.com/organization/veryfi,veryfi,https://www.crunchbase.com/organization/veryfi
radema,1498,"Veryfi, Inc.",https://www.crunchbase.com/organization/veryfi,veryfi,https://www.crunchbase.com/organization/veryfi
datahive,30043,Vespper,https://www.crunchbase.com/organization/vespper,vespper,https://www.crunchbase.com/organization/vespper
datahive,25912,Vessel,https://www.crunchbase.com/organization/vessel-7897,vessel-7897,https://www.crunchbase.com/organization/vessel-7897
radema,25912,Vessel,https://www.crunchbase.com/organization/vessel-7897,vessel-7897,https://www.crunchbase.com/organization/vessel-7897
datahive,796,Vest,https://www.crunchbase.com/organization/vest,vest,https://www.crunchbase.com/organization/vest
radema,796,Vest,https://www.crunchbase.com/organization/vest,vest,https://www.crunchbase.com/organization/vest
datahive,1184,Vetcove,https://www.crunchbase.com/organization/vetcove-2,vetcove-2,https://www.crunchbase.com/organization/vetcove-2
radema,1184,Vetcove,https://www.crunchbase.com/organization/vetcove-2,vetcove-2,https://www.crunchbase.com/organization/vetcove-2
datahive,838,VetPronto,https://www.crunchbase.com/organization/vetpronto,vetpronto,https://www.crunchbase.com/organization/vetpronto
radema,838,VetPronto,https://www.crunchbase.com/organization/vetpronto,vetpronto,https://www.crunchbase.com/organization/vetpronto
datahive,457,Viacycle,https://www.crunchbase.com/organization/viacycle,viacycle,https://www.crunchbase.com/organization/viacycle
kaggle_startups,,ViaCycle,http://www.crunchbase.com/organization/viacycle,viacycle,https://www.crunchbase.com/organization/viacycle
radema,457,Viacycle,https://www.crunchbase.com/organization/viacycle,viacycle,https://www.crunchbase.com/organization/viacycle
datahive,1797,Viaopt,https://www.crunchbase.com/organization/viaopt,viaopt,https://www.crunchbase.com/organization/viaopt
radema,1797,Viaopt,https://www.crunchbase.com/organization/viaopt,viaopt,https://www.crunchbase.com/organization/viaopt
datahive,1697,VIDA & Co.,https://www.crunchbase.com/organization/vida-co,vida-co,https://www.crunchbase.com/organization/vida-co
radema,1697,VIDA & Co.,https://www.crunchbase.com/organization/vida-co,vida-co,https://www.crunchbase.com/organization/vida-co
datahive,1245,Vidcode,https://www.crunchbase.com/organization/vidcode,vidcode,https://www.crunchbase.com/organization/vidcode
radema,1245,Vidcode,https://www.crunchbase.com/organization/vidcode,vidcode,https://www.crunchbase.com/organization/vidcode
datahive,29644,VideoGen,https://www.crunchbase.com/organization/videogen,videogen,https://www.crunchbase.com/organization/videogen
radema,1386,VideoNotes,https://www.crunchbase.com/organization/videonot-es,videonot-es,https://www.crunchbase.com/organization/videonot-es
datahive,112,Videopixie,https://www.crunchbase.com/organization/videopixie,videopixie,https://www.crunchbase.com/organization/videopixie
radema,112,Videopixie,https://www.crunchbase.com/organization/videopixie,videopixie,https://www.crunchbase.com/organization/videopixie
kaggle_startups,,Vidly / Fliggo,http://www.crunchbase.com/organization/vidly,vidly,https://www.crunchbase.com/organization/vidly
datahive,648,Vidpresso,https://www.crunchbase.com/organization/vidpresso,vidpresso,https://www.crunchbase.com/organization/vidpresso
kaggle_startups,,Vidpresso,http://www.crunchbase.com/organization/vidpresso,vidpresso,https://www.crunchbase.com/organization/vidpresso
radema,648,Vidpresso,https://www.crunchbase.com/organization/vidpresso,vidpresso,https://www.crunchbase.com/organization/vidpresso
datahive,119,Vidyard,https://www.crunchbase.com/organization/vidyard,vidyard,https://www.crunchbase.com/organization/vidyard
kaggle_startups,,Vidyard,http://www.crunchbase.com/organization/vidyard,vidyard,https://www.crunchbase.com/organization/vidyard
radema,119,Vidyard,https://www.crunchbase.com/organization/vidyard,vidyard,https://www.crunchbase.com/organization/vidyard
datahive,352,View3,https://www.crunchbase.com/organization/view3,view3,https://www.crunchbase.com/organization/view3
kaggle_startups,,View3,http://www.crunchbase.com/organization/view3,view3,https://www.crunchbase.com/organization/view3
radema,352,View3,https://www.crunchbase.com/organization/view3,view3,https://www.crunchbase.com/organization/view3
datahive,983,VINEBOX (Usual Beverage Co.),https://www.crunchbase.com/organization/vinebox,vinebox,https://www.crunchbase.com/organization/vinebox
radema,983,VINEBOX (Usual Beverage Co.),https://www.crunchbase.com/organization/vinebox,vinebox,https://www.crunchbase.com/organization/vinebox
datahive,1444,Bountiful,https://www.crunchbase.com/organization/vinsight,vinsight,https://www.crunchbase.com/organization/vinsight
radema,1444,Bountiful,https://www.crunchbase.com/organization/vinsight,vinsight,https://www.crunchbase.com/organization/vinsight
datahive,12011,ResistanceBio,https://www.crunchbase.com/organization/viosera-therapeutics,viosera-therapeutics,https://www.crunchbase.com/organization/viosera-therapeutics
radema,12011,ResistanceBio,https://www.crunchbase.com/organization/viosera-therapeutics,viosera-therapeutics,https://www.crunchbase.com/organization/viosera-therapeutics
datahive,455,Virool,https://www.crunchbase.com/organization/virool,virool,https://www.crunchbase.com/organization/virool
kaggle_startups,,Virool,http://www.crunchbase.com/organization/virool,virool,https://www.crunchbase.com/organization/virool
radema,455,Virool,https://www.crunchbase.com/organization/virool,virool,https://www.crunchbase.com/organization/virool
datahive,343,Virtualmin,https://www.crunchbase.com/organization/virtualmin,virtualmin,https://www.crunchbase.com/organization/virtualmin
kaggle_startups,,VirtualMin,http://www.crunchbase.com/organization/virtualmin,virtualmin,https://www.crunchbase.com/organization/virtualmin
radema,343,Virtualmin,https://www.crunchbase.com/organization/virtualmin,virtualmin,https://www.crunchbase.com/organization/virtualmin
datahive,12009,Visly,https://www.crunchbase.com/organization/visly,visly,https://www.crunchbase.com/organization/visly
radema,12009,Visly,https://www.crunchbase.com/organization/visly,visly,https://www.crunchbase.com/organization/visly
datahive,27959,Vitalize,https://www.crunchbase.com/organization/vitalize-care,vitalize-care,https://www.crunchbase.com/organization/vitalize-care
datahive,12854,Vitau,https://www.crunchbase.com/organization/vitau,vitau,https://www.crunchbase.com/organization/vitau
radema,12854,Vitau,https://www.crunchbase.com/organization/vitau,vitau,https://www.crunchbase.com/organization/vitau
datahive,1550,Anasen,https://www.crunchbase.com/organization/vize-software,vize-software,https://www.crunchbase.com/organization/vize-software
radema,1550,Anasen,https://www.crunchbase.com/organization/vize-software,vize-software,https://www.crunchbase.com/organization/vize-software
datahive,679,VizeraLabs,https://www.crunchbase.com/organization/vizera-labs,vizera-labs,https://www.crunchbase.com/organization/vizera-labs
kaggle_startups,,Vizera Labs,http://www.crunchbase.com/organization/vizera-labs,vizera-labs,https://www.crunchbase.com/organization/vizera-labs
radema,679,VizeraLabs,https://www.crunchbase.com/organization/vizera-labs,vizera-labs,https://www.crunchbase.com/organization/vizera-labs
datahive,28931,Vizly,https://www.crunchbase.com/organization/vizly,vizly,https://www.crunchbase.com/organization/vizly
datahive,443,VoiceGem,https://www.crunchbase.com/organization/voicegem,voicegem,https://www.crunchbase.com/organization/voicegem
kaggle_startups,,VoiceGem,http://www.crunchbase.com/organization/voicegem,voicegem,https://www.crunchbase.com/organization/voicegem
radema,443,VoiceGem,https://www.crunchbase.com/organization/voicegem,voicegem,https://www.crunchbase.com/organization/voicegem
datahive,1851,Voicery,https://www.crunchbase.com/organization/voicery,voicery,https://www.crunchbase.com/organization/voicery
radema,1851,Voicery,https://www.crunchbase.com/organization/voicery,voicery,https://www.crunchbase.com/organization/voicery
datahive,970,VOIQ,https://www.crunchbase.com/organization/voiq,voiq,https://www.crunchbase.com/organization/voiq
radema,970,VOIQ,https://www.crunchbase.com/organization/voiq,voiq,https://www.crunchbase.com/organization/voiq
datahive,1457,Volansi,https://www.crunchbase.com/organization/volans-i,volans-i,https://www.crunchbase.com/organization/volans-i
radema,1457,Volansi,https://www.crunchbase.com/organization/volans-i,volans-i,https://www.crunchbase.com/organization/volans-i
datahive,11933,Volk Wireless,https://www.crunchbase.com/organization/volk-fi,volk-fi,https://www.crunchbase.com/organization/volk-fi
radema,11933,Volk Wireless,https://www.crunchbase.com/organization/volk-fi,volk-fi,https://www.crunchbase.com/organization/volk-fi
datahive,1826,Volley,https://www.crunchbase.com/organization/volley-2,volley-2,https://www.crunchbase.com/organization/volley-2
datahive,1485,Volt Health,https://www.crunchbase.com/organization/volt-health,volt-health,https://www.crunchbase.com/organization/volt-health
radema,1485,Volt Health,https://www.crunchbase.com/organization/volt-health,volt-health,https://www.crunchbase.com/organization/volt-health
datahive,12085,"Volta Labs, Inc.",https://www.crunchbase.com/organization/volta-labs-a9c8,volta-labs-a9c8,https://www.crunchbase.com/organization/volta-labs-a9c8
radema,12085,"Volta Labs, Inc.",https://www.crunchbase.com/organization/volta-labs-a9c8,volta-labs-a9c8,https://www.crunchbase.com/organization/volta-labs-a9c8
datahive,1538,Voodoo Manufacturing,https://www.crunchbase.com/organization/voodoo-manufacturing,voodoo-manufacturing,https://www.crunchbase.com/organization/voodoo-manufacturing
radema,1538,Voodoo Manufacturing,https://www.crunchbase.com/organization/voodoo-manufacturing,voodoo-manufacturing,https://www.crunchbase.com/organization/voodoo-manufacturing
datahive,1205,Vote.org,https://www.crunchbase.com/organization/vote-org,vote-org,https://www.crunchbase.com/organization/vote-org
radema,1205,Vote.org,https://www.crunchbase.com/organization/vote-org,vote-org,https://www.crunchbase.com/organization/vote-org
datahive,12272,VotingWorks,https://www.crunchbase.com/organization/votingworks,votingworks,https://www.crunchbase.com/organization/votingworks
radema,12272,VotingWorks,https://www.crunchbase.com/organization/votingworks,votingworks,https://www.crunchbase.com/organization/votingworks
datahive,279,Voxli,https://www.crunchbase.com/organization/voxli,voxli,https://www.crunchbase.com/organization/voxli
kaggle_startups,,Voxli,http://www.crunchbase.com/organization/voxli,voxli,https://www.crunchbase.com/organization/voxli
radema,279,Voxli,https://www.crunchbase.com/organization/voxli,voxli,https://www.crunchbase.com/organization/voxli
datahive,23270,Alokai,https://www.crunchbase.com/organization/vue-storefront,vue-storefront,https://www.crunchbase.com/organization/vue-storefront
radema,23270,Vue Storefront,https://www.crunchbase.com/organization/vue-storefront,vue-storefront,https://www.crunchbase.com/organization/vue-storefront
datahive,263,Wakemate,https://www.crunchbase.com/organization/wakemate,wakemate,https://www.crunchbase.com/organization/wakemate
kaggle_startups,,Wakemate,http://www.crunchbase.com/organization/wakemate,wakemate,https://www.crunchbase.com/organization/wakemate
radema,263,Wakemate,https://www.crunchbase.com/organization/wakemate,wakemate,https://www.crunchbase.com/organization/wakemate
datahive,1076,Wakie,https://www.crunchbase.com/organization/wakie-budist,wakie-budist,https://www.crunchbase.com/organization/wakie-budist
radema,1076,Wakie,https://www.crunchbase.com/organization/wakie-budist,wakie-budist,https://www.crunchbase.com/organization/wakie-budist
datahive,719,Roomstorm,https://www.crunchbase.com/organization/walksource,walksource,https://www.crunchbase.com/organization/walksource
kaggle_startups,,Walksource,http://www.crunchbase.com/organization/walksource,walksource,https://www.crunchbase.com/organization/walksource
radema,719,Roomstorm,https://www.crunchbase.com/organization/walksource,walksource,https://www.crunchbase.com/organization/walksource
datahive,28116,Wallbit,https://www.crunchbase.com/organization/wallbit,wallbit,https://www.crunchbase.com/organization/wallbit
radema,28116,Wallbit,https://www.crunchbase.com/organization/wallbit,wallbit,https://www.crunchbase.com/organization/wallbit
datahive,22241,"Warmly,",https://www.crunchbase.com/organization/warmly,warmly,https://www.crunchbase.com/organization/warmly
radema,22241,"Warmly,",https://www.crunchbase.com/organization/warmly,warmly,https://www.crunchbase.com/organization/warmly
datahive,28369,Warp,https://www.crunchbase.com/organization/warp-e7b9,warp-e7b9,https://www.crunchbase.com/organization/warp-e7b9
radema,28369,Warp,https://www.crunchbase.com/organization/warp-e7b9,warp-e7b9,https://www.crunchbase.com/organization/warp-e7b9
datahive,12675,Wasmer,https://www.crunchbase.com/organization/wasmer,wasmer,https://www.crunchbase.com/organization/wasmer
radema,12675,Wasmer,https://www.crunchbase.com/organization/wasmer,wasmer,https://www.crunchbase.com/organization/wasmer
datahive,550,Watchsend,https://www.crunchbase.com/organization/watchsend,watchsend,https://www.crunchbase.com/organization/watchsend
kaggle_startups,,Watchsend,http://www.crunchbase.com/organization/watchsend,watchsend,https://www.crunchbase.com/organization/watchsend
radema,550,Watchsend,https://www.crunchbase.com/organization/watchsend,watchsend,https://www.crunchbase.com/organization/watchsend
datahive,1667,WATERFX,https://www.crunchbase.com/organization/waterfx,waterfx,https://www.crunchbase.com/organization/waterfx
radema,1667,WATERFX,https://www.crunchbase.com/organization/waterfx,waterfx,https://www.crunchbase.com/organization/waterfx
datahive,24590,Waterplan,https://www.crunchbase.com/organization/waterplan,waterplan,https://www.crunchbase.com/organization/waterplan
radema,24590,Waterplan,https://www.crunchbase.com/organization/waterplan,waterplan,https://www.crunchbase.com/organization/waterplan
datahive,516,Watsi,https://www.crunchbase.com/organization/watsi,watsi,https://www.crunchbase.com/organization/watsi
kaggle_startups,,Watsi,http://www.crunchbase.com/organization/watsi,watsi,https://www.crunchbase.com/organization/watsi
radema,516,Watsi,https://www.crunchbase.com/organization/watsi,watsi,https://www.crunchbase.com/organization/watsi
datahive,268,Wattvision,https://www.crunchbase.com/organization/wattvision,wattvision,https://www.crunchbase.com/organization/wattvision
kaggle_startups,,Wattvision,http://www.crunchbase.com/organization/wattvision,wattvision,https://www.crunchbase.com/organization/wattvision
radema,268,Wattvision,https://www.crunchbase.com/organization/wattvision,wattvision,https://www.crunchbase.com/organization/wattvision
datahive,4940,Wave,https://www.crunchbase.com/organization/wave-2ad36e2c,wave-2ad36e2c,https://www.crunchbase.com/organization/wave-2ad36e2c
radema,4940,Wave,https://www.crunchbase.com/organization/wave-2ad36e2c,wave-2ad36e2c,https://www.crunchbase.com/organization/wave-2ad36e2c
datahive,30544,Wavedash,https://www.crunchbase.com/organization/wavedash-1baa,wavedash-1baa,https://www.crunchbase.com/organization/wavedash-1baa
datahive,23530,Waydev,https://www.crunchbase.com/organization/waydev,waydev,https://www.crunchbase.com/organization/waydev
radema,23530,Waydev,https://www.crunchbase.com/organization/waydev,waydev,https://www.crunchbase.com/organization/waydev
datahive,1514,WaystoCap,https://www.crunchbase.com/organization/waystocap,waystocap,https://www.crunchbase.com/organization/waystocap
radema,1514,WaystoCap,https://www.crunchbase.com/organization/waystocap,waystocap,https://www.crunchbase.com/organization/waystocap
datahive,801,WayUp,https://www.crunchbase.com/organization/wayup,wayup,https://www.crunchbase.com/organization/wayup
radema,801,WayUp,https://www.crunchbase.com/organization/wayup,wayup,https://www.crunchbase.com/organization/wayup
datahive,11993,WeatherCheck,https://www.crunchbase.com/organization/weathercheck,weathercheck,https://www.crunchbase.com/organization/weathercheck
radema,11993,WeatherCheck,https://www.crunchbase.com/organization/weathercheck,weathercheck,https://www.crunchbase.com/organization/weathercheck
datahive,630,Weave,https://www.crunchbase.com/organization/weave,weave,https://www.crunchbase.com/organization/weave
kaggle_startups,,Weave,http://www.crunchbase.com/organization/weave,weave,https://www.crunchbase.com/organization/weave
radema,630,Weave,https://www.crunchbase.com/organization/weave,weave,https://www.crunchbase.com/organization/weave
datahive,720,Weave,https://www.crunchbase.com/organization/weave-2,weave-2,https://www.crunchbase.com/organization/weave-2
radema,720,Weave,https://www.crunchbase.com/organization/weave-2,weave-2,https://www.crunchbase.com/organization/weave-2
datahive,566,Webflow,https://www.crunchbase.com/organization/webflow,webflow,https://www.crunchbase.com/organization/webflow
kaggle_startups,,Webflow,http://www.crunchbase.com/organization/webflow,webflow,https://www.crunchbase.com/organization/webflow
radema,566,Webflow,https://www.crunchbase.com/organization/webflow,webflow,https://www.crunchbase.com/organization/webflow
datahive,22533,Webiny,https://www.crunchbase.com/organization/webiny,webiny,https://www.crunchbase.com/organization/webiny
radema,22533,Webiny,https://www.crunchbase.com/organization/webiny,webiny,https://www.crunchbase.com/organization/webiny
datahive,344,Weebly,https://www.crunchbase.com/organization/weebly,weebly,https://www.crunchbase.com/organization/weebly
kaggle_startups,,Weebly,http://www.crunchbase.com/organization/weebly,weebly,https://www.crunchbase.com/organization/weebly
radema,344,Weebly,https://www.crunchbase.com/organization/weebly,weebly,https://www.crunchbase.com/organization/weebly
datahive,29819,Weel,https://www.crunchbase.com/organization/weel-f331,weel-f331,https://www.crunchbase.com/organization/weel-f331
datahive,503,Wefunder,https://www.crunchbase.com/organization/wefunder,wefunder,https://www.crunchbase.com/organization/wefunder
kaggle_startups,,WeFunder,http://www.crunchbase.com/organization/wefunder,wefunder,https://www.crunchbase.com/organization/wefunder
radema,503,Wefunder,https://www.crunchbase.com/organization/wefunder,wefunder,https://www.crunchbase.com/organization/wefunder
datahive,567,Weilos,https://www.crunchbase.com/organization/weilos,weilos,https://www.crunchbase.com/organization/weilos
kaggle_startups,,Weilos,http://www.crunchbase.com/organization/weilos,weilos,https://www.crunchbase.com/organization/weilos
radema,567,Weilos,https://www.crunchbase.com/organization/weilos,weilos,https://www.crunchbase.com/organization/weilos
datahive,12553,BODYSIM by Well Principled,https://www.crunchbase.com/organization/well-principled,well-principled,https://www.crunchbase.com/organization/well-principled
radema,12553,Well Principled,https://www.crunchbase.com/organization/well-principled,well-principled,https://www.crunchbase.com/organization/well-principled
datahive,244,WePay,https://www.crunchbase.com/organization/wepay,wepay,https://www.crunchbase.com/organization/wepay
kaggle_startups,,WePay,http://www.crunchbase.com/organization/wepay,wepay,https://www.crunchbase.com/organization/wepay
radema,244,WePay,https://www.crunchbase.com/organization/wepay,wepay,https://www.crunchbase.com/organization/wepay
datahive,505,Wevorce,https://www.crunchbase.com/organization/wevorce,wevorce,https://www.crunchbase.com/organization/wevorce
kaggle_startups,,Wevorce,http://www.crunchbase.com/organization/wevorce,wevorce,https://www.crunchbase.com/organization/wevorce
radema,505,Wevorce,https://www.crunchbase.com/organization/wevorce,wevorce,https://www.crunchbase.com/organization/wevorce
datahive,22856,weweb.io,https://www.crunchbase.com/organization/weweb,weweb,https://www.crunchbase.com/organization/weweb
radema,22856,weweb.io,https://www.crunchbase.com/organization/weweb,weweb,https://www.crunchbase.com/organization/weweb
datahive,24384,Whalesync,https://www.crunchbase.com/organization/whaleform,whaleform,https://www.crunchbase.com/organization/whaleform
radema,24384,Whalesync,https://www.crunchbase.com/organization/whaleform,whaleform,https://www.crunchbase.com/organization/whaleform
datahive,24481,Whaly,https://www.crunchbase.com/organization/whaly,whaly,https://www.crunchbase.com/organization/whaly
radema,24481,Whaly,https://www.crunchbase.com/organization/whaly,whaly,https://www.crunchbase.com/organization/whaly
datahive,951,Wheelys Café,https://www.crunchbase.com/organization/wheelys,wheelys,https://www.crunchbase.com/organization/wheelys
radema,951,Wheelys Café,https://www.crunchbase.com/organization/wheelys,wheelys,https://www.crunchbase.com/organization/wheelys
datahive,208,Whereoscope,https://www.crunchbase.com/organization/whereoscope,whereoscope,https://www.crunchbase.com/organization/whereoscope
kaggle_startups,,Whereoscope,http://www.crunchbase.com/organization/whereoscope,whereoscope,https://www.crunchbase.com/organization/whereoscope
radema,208,Whereoscope,https://www.crunchbase.com/organization/whereoscope,whereoscope,https://www.crunchbase.com/organization/whereoscope
datahive,721,Whirl,https://www.crunchbase.com/organization/whirl,whirl,https://www.crunchbase.com/organization/whirl
radema,721,Whirl,https://www.crunchbase.com/organization/whirl,whirl,https://www.crunchbase.com/organization/whirl
datahive,351,Whitenoise,https://www.crunchbase.com/organization/whitenoise-networks,whitenoise-networks,https://www.crunchbase.com/organization/whitenoise-networks
kaggle_startups,,Whitenoise Networks,http://www.crunchbase.com/organization/whitenoise-networks,whitenoise-networks,https://www.crunchbase.com/organization/whitenoise-networks
radema,351,Whitenoise,https://www.crunchbase.com/organization/whitenoise-networks,whitenoise-networks,https://www.crunchbase.com/organization/whitenoise-networks
datahive,1218,Whyd,https://www.crunchbase.com/organization/whyd,whyd,https://www.crunchbase.com/organization/whyd
radema,1218,Whyd,https://www.crunchbase.com/organization/whyd,whyd,https://www.crunchbase.com/organization/whyd
datahive,1535,"Wifi Dabba, Inc.",https://www.crunchbase.com/organization/wifi-dabba,wifi-dabba,https://www.crunchbase.com/organization/wifi-dabba
radema,1535,"Wifi Dabba, Inc.",https://www.crunchbase.com/organization/wifi-dabba,wifi-dabba,https://www.crunchbase.com/organization/wifi-dabba
datahive,1631,Wildfire,https://www.crunchbase.com/organization/wildfire-4,wildfire-4,https://www.crunchbase.com/organization/wildfire-4
radema,1631,Wildfire,https://www.crunchbase.com/organization/wildfire-4,wildfire-4,https://www.crunchbase.com/organization/wildfire-4
datahive,905,Willing,https://www.crunchbase.com/organization/willing,willing,https://www.crunchbase.com/organization/willing
radema,905,Willing,https://www.crunchbase.com/organization/willing,willing,https://www.crunchbase.com/organization/willing
datahive,11966,Windsor,https://www.crunchbase.com/organization/windsor-software,windsor-software,https://www.crunchbase.com/organization/windsor-software
radema,11966,Windsor,https://www.crunchbase.com/organization/windsor-software,windsor-software,https://www.crunchbase.com/organization/windsor-software
datahive,11981,Windwalk,https://www.crunchbase.com/organization/windwalk-games-enemy-on-board,windwalk-games-enemy-on-board,https://www.crunchbase.com/organization/windwalk-games-enemy-on-board
radema,11981,Windwalk,https://www.crunchbase.com/organization/windwalk-games-enemy-on-board,windwalk-games-enemy-on-board,https://www.crunchbase.com/organization/windwalk-games-enemy-on-board
datahive,25320,Wingback,https://www.crunchbase.com/organization/wingback,wingback,https://www.crunchbase.com/organization/wingback
radema,25320,Wingback,https://www.crunchbase.com/organization/wingback,wingback,https://www.crunchbase.com/organization/wingback
datahive,839,Wink Health,https://www.crunchbase.com/organization/wink-health,wink-health,https://www.crunchbase.com/organization/wink-health
radema,839,Wink Health,https://www.crunchbase.com/organization/wink-health,wink-health,https://www.crunchbase.com/organization/wink-health
datahive,9,WireOver,https://www.crunchbase.com/organization/wireover,wireover,https://www.crunchbase.com/organization/wireover
kaggle_startups,,WireOver,http://www.crunchbase.com/organization/wireover,wireover,https://www.crunchbase.com/organization/wireover
radema,9,WireOver,https://www.crunchbase.com/organization/wireover,wireover,https://www.crunchbase.com/organization/wireover
datahive,631,Wit.ai,https://www.crunchbase.com/organization/wit-ai,wit-ai,https://www.crunchbase.com/organization/wit-ai
kaggle_startups,,Wit.ai,http://www.crunchbase.com/organization/wit-ai,wit-ai,https://www.crunchbase.com/organization/wit-ai
radema,631,Wit.ai,https://www.crunchbase.com/organization/wit-ai,wit-ai,https://www.crunchbase.com/organization/wit-ai
datahive,12281,Withfriends,https://www.crunchbase.com/organization/withfriends,withfriends,https://www.crunchbase.com/organization/withfriends
radema,12281,Withfriends,https://www.crunchbase.com/organization/withfriends,withfriends,https://www.crunchbase.com/organization/withfriends
datahive,1232,Women Who Code,https://www.crunchbase.com/organization/women-who-code,women-who-code,https://www.crunchbase.com/organization/women-who-code
radema,1232,Women Who Code,https://www.crunchbase.com/organization/women-who-code,women-who-code,https://www.crunchbase.com/organization/women-who-code
datahive,722,Women.com,https://www.crunchbase.com/organization/womendotcom,womendotcom,https://www.crunchbase.com/organization/womendotcom
radema,722,Women.com,https://www.crunchbase.com/organization/womendotcom,womendotcom,https://www.crunchbase.com/organization/womendotcom
datahive,29649,Wordware,https://www.crunchbase.com/organization/wordware-6b65,wordware-6b65,https://www.crunchbase.com/organization/wordware-6b65
datahive,12275,WorkClout,https://www.crunchbase.com/organization/workclout,workclout,https://www.crunchbase.com/organization/workclout
radema,12275,WorkClout,https://www.crunchbase.com/organization/workclout,workclout,https://www.crunchbase.com/organization/workclout
datahive,25995,Workflow86,https://www.crunchbase.com/organization/workflow86,workflow86,https://www.crunchbase.com/organization/workflow86
radema,25995,Workflow86,https://www.crunchbase.com/organization/workflow86,workflow86,https://www.crunchbase.com/organization/workflow86
datahive,201,WorkFlowy,https://www.crunchbase.com/organization/workflowy,workflowy,https://www.crunchbase.com/organization/workflowy
kaggle_startups,,Workflowy,http://www.crunchbase.com/organization/workflowy,workflowy,https://www.crunchbase.com/organization/workflowy
radema,201,WorkFlowy,https://www.crunchbase.com/organization/workflowy,workflowy,https://www.crunchbase.com/organization/workflowy
datahive,768,WorkLife,https://www.crunchbase.com/organization/worklife,worklife,https://www.crunchbase.com/organization/worklife
radema,768,WorkLife,https://www.crunchbase.com/organization/worklife,worklife,https://www.crunchbase.com/organization/worklife
datahive,1745,Worklytics,https://www.crunchbase.com/organization/worklytics,worklytics,https://www.crunchbase.com/organization/worklytics
radema,1745,Worklytics,https://www.crunchbase.com/organization/worklytics,worklytics,https://www.crunchbase.com/organization/worklytics
datahive,13557,Workpay,https://www.crunchbase.com/organization/workpay,workpay,https://www.crunchbase.com/organization/workpay
datahive,1187,WorkRamp,https://www.crunchbase.com/organization/workramp,workramp,https://www.crunchbase.com/organization/workramp
radema,1187,WorkRamp,https://www.crunchbase.com/organization/workramp,workramp,https://www.crunchbase.com/organization/workramp
datahive,1003,WorldCover,https://www.crunchbase.com/organization/worldcover,worldcover,https://www.crunchbase.com/organization/worldcover
radema,1003,WorldCover,https://www.crunchbase.com/organization/worldcover,worldcover,https://www.crunchbase.com/organization/worldcover
datahive,1500,Wright Electric,https://www.crunchbase.com/organization/wright-electric,wright-electric,https://www.crunchbase.com/organization/wright-electric
radema,1500,Wright Electric,https://www.crunchbase.com/organization/wright-electric,wright-electric,https://www.crunchbase.com/organization/wright-electric
datahive,350,WriteWith,https://www.crunchbase.com/organization/writewith,writewith,https://www.crunchbase.com/organization/writewith
kaggle_startups,,Writewith,http://www.crunchbase.com/organization/writewith,writewith,https://www.crunchbase.com/organization/writewith
radema,350,WriteWith,https://www.crunchbase.com/organization/writewith,writewith,https://www.crunchbase.com/organization/writewith
kaggle_startups,,Wufoo,http://www.crunchbase.com/organization/wufoo,wufoo,https://www.crunchbase.com/organization/wufoo
datahive,313,Wundrbar,https://www.crunchbase.com/organization/wundrbar,wundrbar,https://www.crunchbase.com/organization/wundrbar
kaggle_startups,,Wundrbar,http://www.crunchbase.com/organization/wundrbar,wundrbar,https://www.crunchbase.com/organization/wundrbar
radema,313,Wundrbar,https://www.crunchbase.com/organization/wundrbar,wundrbar,https://www.crunchbase.com/organization/wundrbar
datahive,25060,Wyvern,https://www.crunchbase.com/organization/wyvern-d3f9,wyvern-d3f9,https://www.crunchbase.com/organization/wyvern-d3f9
radema,25060,Wyvern,https://www.crunchbase.com/organization/wyvern-d3f9,wyvern-d3f9,https://www.crunchbase.com/organization/wyvern-d3f9
datahive,840,X-Zell,https://www.crunchbase.com/organization/x-zell,x-zell,https://www.crunchbase.com/organization/x-zell
radema,840,X-Zell,https://www.crunchbase.com/organization/x-zell,x-zell,https://www.crunchbase.com/organization/x-zell
datahive,1279,Xberts,https://www.crunchbase.com/organization/xberts,xberts,https://www.crunchbase.com/organization/xberts
radema,1279,Xberts,https://www.crunchbase.com/organization/xberts,xberts,https://www.crunchbase.com/organization/xberts
datahive,938,Xendit,https://www.crunchbase.com/organization/xendit,xendit,https://www.crunchbase.com/organization/xendit
radema,938,Xendit,https://www.crunchbase.com/organization/xendit,xendit,https://www.crunchbase.com/organization/xendit
datahive,28778,Xeol,https://www.crunchbase.com/organization/xeol,xeol,https://www.crunchbase.com/organization/xeol
radema,28778,Xeol,https://www.crunchbase.com/organization/xeol,xeol,https://www.crunchbase.com/organization/xeol
datahive,939,Xfers,https://www.crunchbase.com/organization/xfers,xfers,https://www.crunchbase.com/organization/xfers
radema,939,Xfers,https://www.crunchbase.com/organization/xfers,xfers,https://www.crunchbase.com/organization/xfers
datahive,12124,XGenomes,https://www.crunchbase.com/organization/xgenomes,xgenomes,https://www.crunchbase.com/organization/xgenomes
radema,12124,XGenomes,https://www.crunchbase.com/organization/xgenomes,xgenomes,https://www.crunchbase.com/organization/xgenomes
datahive,355,Xobni,https://www.crunchbase.com/organization/xobni,xobni,https://www.crunchbase.com/organization/xobni
kaggle_startups,,Xobni,http://www.crunchbase.com/organization/xobni,xobni,https://www.crunchbase.com/organization/xobni
radema,355,Xobni,https://www.crunchbase.com/organization/xobni,xobni,https://www.crunchbase.com/organization/xobni
datahive,984,Yardbook,https://www.crunchbase.com/organization/yardbook,yardbook,https://www.crunchbase.com/organization/yardbook
radema,984,Yardbook,https://www.crunchbase.com/organization/yardbook,yardbook,https://www.crunchbase.com/organization/yardbook
kaggle_startups,,Yardsale,http://www.crunchbase.com/organization/yardsale,yardsale,https://www.crunchbase.com/organization/yardsale
datahive,13108,yearend,https://www.crunchbase.com/organization/yearend,yearend,https://www.crunchbase.com/organization/yearend
radema,13108,yearend,https://www.crunchbase.com/organization/yearend,yearend,https://www.crunchbase.com/organization/yearend
datahive,798,YesGraph,https://www.crunchbase.com/organization/yesgraph,yesgraph,https://www.crunchbase.com/organization/yesgraph
radema,798,YesGraph,https://www.crunchbase.com/organization/yesgraph,yesgraph,https://www.crunchbase.com/organization/yesgraph
datahive,25977,yhangry,https://www.crunchbase.com/organization/yhangry,yhangry,https://www.crunchbase.com/organization/yhangry
radema,25977,yhangry,https://www.crunchbase.com/organization/yhangry,yhangry,https://www.crunchbase.com/organization/yhangry
datahive,799,Yhat,https://www.crunchbase.com/organization/yhat,yhat,https://www.crunchbase.com/organization/yhat
radema,799,Yhat,https://www.crunchbase.com/organization/yhat,yhat,https://www.crunchbase.com/organization/yhat
datahive,1298,Yoshi Mobility,https://www.crunchbase.com/organization/yoshi,yoshi,https://www.crunchbase.com/organization/yoshi
radema,1298,Yoshi Mobility,https://www.crunchbase.com/organization/yoshi,yoshi,https://www.crunchbase.com/organization/yoshi
datahive,21950,Yotta,https://www.crunchbase.com/organization/yotta-saving,yotta-saving,https://www.crunchbase.com/organization/yotta-saving
radema,21950,Yotta,https://www.crunchbase.com/organization/yotta-saving,yotta-saving,https://www.crunchbase.com/organization/yotta-saving
datahive,147,You Got Listings,https://www.crunchbase.com/organization/yougotlistings,yougotlistings,https://www.crunchbase.com/organization/yougotlistings
kaggle_startups,,YouGotListings,http://www.crunchbase.com/organization/yougotlistings,yougotlistings,https://www.crunchbase.com/organization/yougotlistings
radema,147,You Got Listings,https://www.crunchbase.com/organization/yougotlistings,yougotlistings,https://www.crunchbase.com/organization/yougotlistings
datahive,293,Youlicit,https://www.crunchbase.com/organization/youlicit,youlicit,https://www.crunchbase.com/organization/youlicit
kaggle_startups,,Youlicit,http://www.crunchbase.com/organization/youlicit,youlicit,https://www.crunchbase.com/organization/youlicit
radema,293,Youlicit,https://www.crunchbase.com/organization/youlicit,youlicit,https://www.crunchbase.com/organization/youlicit
datahive,58,YourMechanic,https://www.crunchbase.com/organization/yourmechanic,yourmechanic,https://www.crunchbase.com/organization/yourmechanic
kaggle_startups,,Your Mechanic,http://www.crunchbase.com/organization/yourmechanic,yourmechanic,https://www.crunchbase.com/organization/yourmechanic
radema,58,YourMechanic,https://www.crunchbase.com/organization/yourmechanic,yourmechanic,https://www.crunchbase.com/organization/yourmechanic
datahive,22783,YourQuote,https://www.crunchbase.com/organization/yourquote,yourquote,https://www.crunchbase.com/organization/yourquote
radema,22783,YourQuote,https://www.crunchbase.com/organization/yourquote,yourquote,https://www.crunchbase.com/organization/yourquote
datahive,1837,YouTeam,https://www.crunchbase.com/organization/youteam,youteam,https://www.crunchbase.com/organization/youteam
radema,1837,YouTeam,https://www.crunchbase.com/organization/youteam,youteam,https://www.crunchbase.com/organization/youteam
datahive,12073,Fuse,https://www.crunchbase.com/organization/ysplit,ysplit,https://www.crunchbase.com/organization/ysplit
radema,12073,Fuse,https://www.crunchbase.com/organization/ysplit,ysplit,https://www.crunchbase.com/organization/ysplit
radema,592,Yumbin,https://www.crunchbase.com/organization/yumbin,yumbin,https://www.crunchbase.com/organization/yumbin
datahive,319,YumDots,https://www.crunchbase.com/organization/yumdots,yumdots,https://www.crunchbase.com/organization/yumdots
kaggle_startups,,YumDots,http://www.crunchbase.com/organization/yumdots,yumdots,https://www.crunchbase.com/organization/yumdots
radema,319,YumDots,https://www.crunchbase.com/organization/yumdots,yumdots,https://www.crunchbase.com/organization/yumdots
datahive,12622,Yummy Future,https://www.crunchbase.com/organization/yummy-future,yummy-future,https://www.crunchbase.com/organization/yummy-future
radema,12622,Yummy Future,https://www.crunchbase.com/organization/yummy-future,yummy-future,https://www.crunchbase.com/organization/yummy-future
datahive,23952,Yummy,https://www.crunchbase.com/organization/yummy-inc,yummy-inc,https://www.crunchbase.com/organization/yummy-inc
radema,23952,Yummy,https://www.crunchbase.com/organization/yummy-inc,yummy-inc,https://www.crunchbase.com/organization/yummy-inc
datahive,23260,Z1,https://www.crunchbase.com/organization/z1-8982,z1-8982,https://www.crunchbase.com/organization/z1-8982
radema,23260,Z1,https://www.crunchbase.com/organization/z1-8982,z1-8982,https://www.crunchbase.com/organization/z1-8982
datahive,23659,Zage,https://www.crunchbase.com/organization/zage-0aed,zage-0aed,https://www.crunchbase.com/organization/zage-0aed
radema,23659,Zage,https://www.crunchbase.com/organization/zage-0aed,zage-0aed,https://www.crunchbase.com/organization/zage-0aed
datahive,442,Zapier,https://www.crunchbase.com/organization/zapier,zapier,https://www.crunchbase.com/organization/zapier
kaggle_startups,,Zapier,http://www.crunchbase.com/organization/zapier,zapier,https://www.crunchbase.com/organization/zapier
radema,442,Zapier,https://www.crunchbase.com/organization/zapier,zapier,https://www.crunchbase.com/organization/zapier
datahive,22952,Trela,https://www.crunchbase.com/organization/zapt-176b,zapt-176b,https://www.crunchbase.com/organization/zapt-176b
radema,22952,Trela,https://www.crunchbase.com/organization/zapt-176b,zapt-176b,https://www.crunchbase.com/organization/zapt-176b
kaggle_startups,,Zaranga,http://www.crunchbase.com/organization/zaranga,zaranga,https://www.crunchbase.com/organization/zaranga
datahive,29323,Zaymo,https://www.crunchbase.com/organization/zaymo,zaymo,https://www.crunchbase.com/organization/zaymo
radema,29323,Zaymo,https://www.crunchbase.com/organization/zaymo,zaymo,https://www.crunchbase.com/organization/zaymo
datahive,24080,Zazos,https://www.crunchbase.com/organization/zazos,zazos,https://www.crunchbase.com/organization/zazos
radema,24080,Zazos,https://www.crunchbase.com/organization/zazos,zazos,https://www.crunchbase.com/organization/zazos
datahive,1849,ZBiotics,https://www.crunchbase.com/organization/zbiotics,zbiotics,https://www.crunchbase.com/organization/zbiotics
radema,1849,ZBiotics,https://www.crunchbase.com/organization/zbiotics,zbiotics,https://www.crunchbase.com/organization/zbiotics
kaggle_startups,,Zecter (Versionate),http://www.crunchbase.com/organization/zecter,zecter,https://www.crunchbase.com/organization/zecter
datahive,29764,Zeit AI,https://www.crunchbase.com/organization/zeit-ai,zeit-ai,https://www.crunchbase.com/organization/zeit-ai
kaggle_startups,,Zen99,http://www.crunchbase.com/organization/zen99,zen99,https://www.crunchbase.com/organization/zen99
radema,723,Zen99,https://www.crunchbase.com/organization/zen99,zen99,https://www.crunchbase.com/organization/zen99
datahive,733,Zenamins,https://www.crunchbase.com/organization/zenamins,zenamins,https://www.crunchbase.com/organization/zenamins
kaggle_startups,,Zenamins,http://www.crunchbase.com/organization/zenamins,zenamins,https://www.crunchbase.com/organization/zenamins
radema,733,Zenamins,https://www.crunchbase.com/organization/zenamins,zenamins,https://www.crunchbase.com/organization/zenamins
datahive,95,Zenbox,https://www.crunchbase.com/organization/zenbox,zenbox,https://www.crunchbase.com/organization/zenbox
radema,95,Zenbox,https://www.crunchbase.com/organization/zenbox,zenbox,https://www.crunchbase.com/organization/zenbox
datahive,223,Zencoder,https://www.crunchbase.com/organization/zencoder,zencoder,https://www.crunchbase.com/organization/zencoder
kaggle_startups,,Zencoder,http://www.crunchbase.com/organization/zencoder,zencoder,https://www.crunchbase.com/organization/zencoder
radema,223,Zencoder,https://www.crunchbase.com/organization/zencoder,zencoder,https://www.crunchbase.com/organization/zencoder
datahive,1684,Zendar,https://www.crunchbase.com/organization/zendar,zendar,https://www.crunchbase.com/organization/zendar
radema,1684,Zendar,https://www.crunchbase.com/organization/zendar,zendar,https://www.crunchbase.com/organization/zendar
datahive,227,Zenedy,https://www.crunchbase.com/organization/zenedy,zenedy,https://www.crunchbase.com/organization/zenedy
kaggle_startups,,Zenedy,http://www.crunchbase.com/organization/zenedy,zenedy,https://www.crunchbase.com/organization/zenedy
radema,227,Zenedy,https://www.crunchbase.com/organization/zenedy,zenedy,https://www.crunchbase.com/organization/zenedy
datahive,507,Zenefits,https://www.crunchbase.com/organization/zenefits,zenefits,https://www.crunchbase.com/organization/zenefits
kaggle_startups,,Zenefits,http://www.crunchbase.com/organization/zenefits,zenefits,https://www.crunchbase.com/organization/zenefits
radema,507,Zenefits,https://www.crunchbase.com/organization/zenefits,zenefits,https://www.crunchbase.com/organization/zenefits
datahive,834,Zenflow,https://www.crunchbase.com/organization/zenflow,zenflow,https://www.crunchbase.com/organization/zenflow
radema,834,Zenflow,https://www.crunchbase.com/organization/zenflow,zenflow,https://www.crunchbase.com/organization/zenflow
kaggle_startups,,ZenPayroll,http://www.crunchbase.com/organization/zenpayroll,zenpayroll,https://www.crunchbase.com/organization/zenpayroll
datahive,1044,Apollo.io,https://www.crunchbase.com/organization/zenprospect,zenprospect,https://www.crunchbase.com/organization/zenprospect
radema,1044,Apollo.io,https://www.crunchbase.com/organization/zenprospect,zenprospect,https://www.crunchbase.com/organization/zenprospect
datahive,409,Zentail,https://www.crunchbase.com/organization/zentail,zentail,https://www.crunchbase.com/organization/zentail
radema,409,Zentail,https://www.crunchbase.com/organization/zentail,zentail,https://www.crunchbase.com/organization/zentail
datahive,348,Zenter,https://www.crunchbase.com/organization/zenter,zenter,https://www.crunchbase.com/organization/zenter
kaggle_startups,,Zenter,http://www.crunchbase.com/organization/zenter,zenter,https://www.crunchbase.com/organization/zenter
radema,348,Zenter,https://www.crunchbase.com/organization/zenter,zenter,https://www.crunchbase.com/organization/zenter
datahive,1096,Zenysis,https://www.crunchbase.com/organization/zenysis,zenysis,https://www.crunchbase.com/organization/zenysis
radema,1096,Zenysis,https://www.crunchbase.com/organization/zenysis,zenysis,https://www.crunchbase.com/organization/zenysis
datahive,29425,Zep AI,https://www.crunchbase.com/organization/zep-ai,zep-ai,https://www.crunchbase.com/organization/zep-ai
radema,29425,Zep AI,https://www.crunchbase.com/organization/zep-ai,zep-ai,https://www.crunchbase.com/organization/zep-ai
datahive,922,Zeplin,https://www.crunchbase.com/organization/zeplin,zeplin,https://www.crunchbase.com/organization/zeplin
radema,922,Zeplin,https://www.crunchbase.com/organization/zeplin,zeplin,https://www.crunchbase.com/organization/zeplin
datahive,171,Zerocater,https://www.crunchbase.com/organization/zerocater,zerocater,https://www.crunchbase.com/organization/zerocater
kaggle_startups,,ZeroCater,http://www.crunchbase.com/organization/zerocater,zerocater,https://www.crunchbase.com/organization/zerocater
radema,171,Zerocater,https://www.crunchbase.com/organization/zerocater,zerocater,https://www.crunchbase.com/organization/zerocater
datahive,12391,ZeroDown,https://www.crunchbase.com/organization/zerodown,zerodown,https://www.crunchbase.com/organization/zerodown
radema,12391,ZeroDown,https://www.crunchbase.com/organization/zerodown,zerodown,https://www.crunchbase.com/organization/zerodown
datahive,12848,zeroheight,https://www.crunchbase.com/organization/zeroheight,zeroheight,https://www.crunchbase.com/organization/zeroheight
radema,12848,zeroheight,https://www.crunchbase.com/organization/zeroheight,zeroheight,https://www.crunchbase.com/organization/zeroheight
datahive,390,ZeroMailer,https://www.crunchbase.com/organization/zeromailer,zeromailer,https://www.crunchbase.com/organization/zeromailer
radema,390,ZeroMailer,https://www.crunchbase.com/organization/zeromailer,zeromailer,https://www.crunchbase.com/organization/zeromailer
datahive,1495,Rally Tennis,https://www.crunchbase.com/organization/zestful,zestful,https://www.crunchbase.com/organization/zestful
radema,1495,Rally Tennis,https://www.crunchbase.com/organization/zestful,zestful,https://www.crunchbase.com/organization/zestful
kaggle_startups,,Zesty,http://www.crunchbase.com/organization/zesty,zesty,https://www.crunchbase.com/organization/zesty
datahive,632,Zesty,https://www.crunchbase.com/organization/zestyapp,zestyapp,https://www.crunchbase.com/organization/zestyapp
radema,632,Zesty,https://www.crunchbase.com/organization/zestyapp,zestyapp,https://www.crunchbase.com/organization/zestyapp
datahive,12632,ZETA SURGICAL,https://www.crunchbase.com/organization/zeta-surgical,zeta-surgical,https://www.crunchbase.com/organization/zeta-surgical
radema,12632,Zeta Surgical,https://www.crunchbase.com/organization/zeta-surgical,zeta-surgical,https://www.crunchbase.com/organization/zeta-surgical
datahive,633,Zidisha,https://www.crunchbase.com/organization/zidisha,zidisha,https://www.crunchbase.com/organization/zidisha
kaggle_startups,,Zidisha,http://www.crunchbase.com/organization/zidisha,zidisha,https://www.crunchbase.com/organization/zidisha
radema,633,Zidisha,https://www.crunchbase.com/organization/zidisha,zidisha,https://www.crunchbase.com/organization/zidisha
datahive,1995,ZiffyHomes,https://www.crunchbase.com/organization/ziffy-homes,ziffy-homes,https://www.crunchbase.com/organization/ziffy-homes
radema,1995,ZiffyHomes,https://www.crunchbase.com/organization/ziffy-homes,ziffy-homes,https://www.crunchbase.com/organization/ziffy-homes
kaggle_startups,,Zigfu,http://www.crunchbase.com/organization/zigfu,zigfu,https://www.crunchbase.com/organization/zigfu
datahive,23271,Ziina,https://www.crunchbase.com/organization/ziina,ziina,https://www.crunchbase.com/organization/ziina
radema,23271,Ziina,https://www.crunchbase.com/organization/ziina,ziina,https://www.crunchbase.com/organization/ziina
datahive,37,Zillabyte,https://www.crunchbase.com/organization/zillabyte,zillabyte,https://www.crunchbase.com/organization/zillabyte
kaggle_startups,,Zillabyte,http://www.crunchbase.com/organization/zillabyte,zillabyte,https://www.crunchbase.com/organization/zillabyte
radema,37,Zillabyte,https://www.crunchbase.com/organization/zillabyte,zillabyte,https://www.crunchbase.com/organization/zillabyte
datahive,29805,Zimi,https://www.crunchbase.com/organization/zimi-a057,zimi-a057,https://www.crunchbase.com/organization/zimi-a057
datahive,1471,Zinc Platform,https://www.crunchbase.com/organization/zinc-platform,zinc-platform,https://www.crunchbase.com/organization/zinc-platform
radema,1471,Zinc Platform,https://www.crunchbase.com/organization/zinc-platform,zinc-platform,https://www.crunchbase.com/organization/zinc-platform
datahive,22890,zingbus,https://www.crunchbase.com/organization/zingbus,zingbus,https://www.crunchbase.com/organization/zingbus
radema,22890,zingbus,https://www.crunchbase.com/organization/zingbus,zingbus,https://www.crunchbase.com/organization/zingbus
datahive,24416,Zoios.,https://www.crunchbase.com/organization/zoios,zoios,https://www.crunchbase.com/organization/zoios
radema,24416,Zoios.,https://www.crunchbase.com/organization/zoios,zoios,https://www.crunchbase.com/organization/zoios
datahive,26876,Zoltar Labs,https://www.crunchbase.com/organization/zoltar-labs,zoltar-labs,https://www.crunchbase.com/organization/zoltar-labs
radema,26876,Zoltar Labs,https://www.crunchbase.com/organization/zoltar-labs,zoltar-labs,https://www.crunchbase.com/organization/zoltar-labs
datahive,725,Zoomer,https://www.crunchbase.com/organization/zoomer,zoomer,https://www.crunchbase.com/organization/zoomer
radema,725,Zoomer,https://www.crunchbase.com/organization/zoomer,zoomer,https://www.crunchbase.com/organization/zoomer
datahive,25573,Zorba,https://www.crunchbase.com/organization/zorba-455a,zorba-455a,https://www.crunchbase.com/organization/zorba-455a
radema,25573,Zorba,https://www.crunchbase.com/organization/zorba-455a,zorba-455a,https://www.crunchbase.com/organization/zorba-455a
kaggle_startups,,ZowPow,http://www.crunchbase.com/organization/zowpow,zowpow,https://www.crunchbase.com/organization/zowpow
radema,635,ZowPow,https://www.crunchbase.com/organization/zowpow,zowpow,https://www.crunchbase.com/organization/zowpow
datahive,1841,Zyper,https://www.crunchbase.com/organization/zyper,zyper,https://www.crunchbase.com/organization/zyper
radema,1841,Zyper,https://www.crunchbase.com/organization/zyper,zyper,https://www.crunchbase.com/organization/zyper
radema,25338,Zywa,https://www.crunchbase.com/organization/zywa-banking-for-teens,zywa-banking-for-teens,https://www.crunchbase.com/organization/zywa-banking-for-teens
